name,formation_window,vol_window,long_entry,long_exit,short_entry,short_exit,sharpe,ann_return,ann_vol,max_drawdown,beta_to_bench,corr_to_bench,avg_reb_turnover,final_equity
fw=20_vw=10_le=0.10_lx=0.45_se=0.95_sx=0.65,20,10,0.1,0.45,0.95,0.65,2.2437759914052546,0.10486611833495285,0.0444447966879877,-0.09250332762868929,-0.002699055389455228,-0.009820804949487762,0.8697497126715755,5.333146422922646
fw=20_vw=10_le=0.05_lx=0.45_se=0.95_sx=0.65,20,10,0.05,0.45,0.95,0.65,2.2263571460088807,0.1262582780676773,0.05340602258812483,-0.12293740993408997,-0.0017418509009801176,-0.005274447267732927,0.8673084295602295,7.3583535148012995
fw=20_vw=10_le=0.05_lx=0.35_se=0.95_sx=0.65,20,10,0.05,0.35,0.95,0.65,2.2143958541159976,0.12855563420612137,0.05461472260603412,-0.11782664229999662,-0.0010500614860602686,-0.00310928985604497,0.930443224751436,7.614398868201598
fw=20_vw=10_le=0.05_lx=0.45_se=0.95_sx=0.75,20,10,0.05,0.45,0.95,0.75,2.1874010940179787,0.12765633023329204,0.05492428215545534,-0.09383105146797466,-0.003179918909696434,-0.009362845739991485,0.9351046061255638,7.513187423892592
fw=20_vw=10_le=0.10_lx=0.45_se=0.95_sx=0.75,20,10,0.1,0.45,0.95,0.75,2.18492723410323,0.10623761588532199,0.046209649924037734,-0.0980822653463751,-0.004137123398171545,-0.014478447936157495,0.9375458892369098,5.445366080045153
fw=20_vw=10_le=0.10_lx=0.35_se=0.95_sx=0.65,20,10,0.1,0.35,0.95,0.65,2.1814376329927754,0.10428065516048357,0.04547190837728268,-0.11781369864582492,-0.0013304725103117621,-0.004731718906503227,0.9401931129627774,5.28590773568715
fw=20_vw=10_le=0.05_lx=0.35_se=0.95_sx=0.75,20,10,0.05,0.35,0.95,0.75,2.176462017340555,0.12995653813654617,0.056136596542953277,-0.08876595721507763,-0.0024881294947765834,-0.00716775435366215,0.9982394013167704,7.774620463939368
fw=20_vw=10_le=0.10_lx=0.25_se=0.95_sx=0.65,20,10,0.1,0.25,0.95,0.65,2.160161347703187,0.10495323461576245,0.046201647189712584,-0.12772522816356613,-0.0017144270613822811,-0.00600091902001804,1.0121877227613458,5.3402093268992985
fw=20_vw=10_le=0.10_lx=0.35_se=0.95_sx=0.75,20,10,0.1,0.35,0.95,0.75,2.127592437061667,0.10565142596098087,0.04720579246038399,-0.10671122270378774,-0.0027685405190280804,-0.009484442406939457,1.0079892895281115,5.397133399983649
fw=20_vw=10_le=0.15_lx=0.45_se=0.95_sx=0.65,20,10,0.15,0.45,0.95,0.65,2.122681583871372,0.09218541410357539,0.04154210255303946,-0.09874141172070339,-0.002368980449394925,-0.009222087009700236,0.8755140151146102,4.3937158225366515
fw=10_vw=10_le=0.05_lx=0.45_se=0.85_sx=0.65,10,10,0.05,0.45,0.85,0.65,2.109422903283127,0.1165434585267251,0.052259656070935856,-0.12526272509731806,-0.0007200834660289822,-0.002228294068466928,0.9686160666705256,6.362483539622015
fw=20_vw=10_le=0.10_lx=0.25_se=0.95_sx=0.75,20,10,0.1,0.25,0.95,0.75,2.1079289720513064,0.10632484030571843,0.04793499621911788,-0.10320838594363035,-0.0031524950700985988,-0.010635500466660279,1.0799838993266802,5.452577601104447
fw=20_vw=10_le=0.05_lx=0.25_se=0.95_sx=0.65,20,10,0.05,0.25,0.95,0.65,2.076218361358054,0.12373406708530998,0.05618731176345163,-0.14857372676055625,-0.00031251006290090215,-0.0008994602277581215,0.9991448282393693,7.0863700375808865
fw=20_vw=10_le=0.15_lx=0.45_se=0.95_sx=0.75,20,10,0.15,0.45,0.95,0.75,2.0601390680727616,0.09354117078317126,0.04340542455432249,-0.11211762016060156,-0.003807048458111239,-0.014184061598577009,0.9433101916799446,4.486168053171031
fw=20_vw=10_le=0.05_lx=0.45_se=0.95_sx=0.85,20,10,0.05,0.45,0.95,0.85,2.057545281768384,0.12401000866006351,0.056816565336154784,-0.09945486942926574,-0.004335502084134508,-0.01234015558648982,1.01673242077744,7.11563575509119
fw=20_vw=10_le=0.05_lx=0.35_se=0.95_sx=0.85,20,10,0.05,0.35,0.95,0.85,2.047662659143726,0.12630277874961893,0.058085930651751785,-0.10644460465799332,-0.0036437126692146593,-0.010144470487012457,1.0798672159686467,7.3632353665960215
fw=10_vw=20_le=0.10_lx=0.35_se=0.90_sx=0.65,10,20,0.1,0.35,0.9,0.65,2.045872706959503,0.0980961079217344,0.045739829717582905,-0.08148426359690975,-0.0035612491602665312,-0.012591110308512319,1.0067183852835009,4.810357359785221
fw=20_vw=10_le=0.05_lx=0.25_se=0.95_sx=0.75,20,10,0.05,0.25,0.95,0.75,2.043690829211016,0.1251289858856044,0.05768860999887872,-0.11619967650861618,-0.0017505780716172167,-0.004907356643230794,1.0669410048047037,7.235480891249343
fw=20_vw=10_le=0.15_lx=0.35_se=0.95_sx=0.65,20,10,0.15,0.35,0.95,0.65,2.0376383187277836,0.09017905598574583,0.04237354269545905,-0.1052041936026128,-0.0019338300037904934,-0.007380397128145154,0.9473327218354738,4.260179841443552
fw=10_vw=10_le=0.05_lx=0.45_se=0.85_sx=0.75,10,10,0.05,0.45,0.85,0.75,2.0350713824587574,0.1130659647119363,0.05263615760433749,-0.12676603383158092,-0.00023853523932352102,-0.0007328660122200246,1.044254122641774,6.037909343328568
fw=10_vw=10_le=0.05_lx=0.45_se=0.90_sx=0.65,10,10,0.05,0.45,0.9,0.65,2.0332806839133992,0.11741539437943649,0.05460059488600126,-0.10848494571248413,-0.0008657057892642997,-0.0025640657625789535,0.9701191211236928,6.446401385020366
fw=20_vw=10_le=0.10_lx=0.45_se=0.95_sx=0.85,20,10,0.1,0.45,0.95,0.85,2.018763126782013,0.10266055257642792,0.048408821401389725,-0.11763419358153382,-0.005292706572609624,-0.01768110977982811,1.019173703888786,5.157230798676789
fw=20_vw=10_le=0.15_lx=0.25_se=0.95_sx=0.65,20,10,0.15,0.25,0.95,0.65,2.0146640630949615,0.09042982603700689,0.04297091307217425,-0.11796360558874008,-0.0019975321499032623,-0.007517534127273586,1.0209769298763312,4.276658970786376
fw=10_vw=20_le=0.10_lx=0.35_se=0.85_sx=0.65,10,20,0.1,0.35,0.85,0.65,1.9946584513960974,0.09239643602049319,0.04430525337698914,-0.08832892117501845,-0.001784226512211506,-0.006512548583058607,1.0343670319999705,4.407987183809242
fw=20_vw=10_le=0.10_lx=0.45_se=0.90_sx=0.65,20,10,0.1,0.45,0.9,0.65,1.9883727834840583,0.08485286192798647,0.04096031053463462,-0.09976462664437591,-0.001520233738522329,-0.0060021015418013175,0.9120553128353833,3.9239620449110344
fw=20_vw=10_le=0.15_lx=0.35_se=0.95_sx=0.75,20,10,0.15,0.35,0.95,0.75,1.980940529934327,0.09153232212354845,0.04421258882790915,-0.11701264968656133,-0.003371898012506806,-0.012333453402203008,1.0151288984008082,4.349822218227447
fw=10_vw=20_le=0.10_lx=0.25_se=0.90_sx=0.65,10,20,0.1,0.25,0.9,0.65,1.9788520993249321,0.09810208810920695,0.04729171786879242,-0.1105357675009182,-0.005377646018639077,-0.018389221074076253,1.078702324549485,4.810797114275104
fw=20_vw=10_le=0.05_lx=0.45_se=0.90_sx=0.65,20,10,0.05,0.45,0.9,0.65,1.9712241044817986,0.10585752966441797,0.05104497186237649,-0.130019453477065,-0.0005630292500472139,-0.0017837508831649014,0.9096140297240373,5.414045971251381
fw=20_vw=10_le=0.10_lx=0.35_se=0.95_sx=0.85,20,10,0.1,0.35,0.95,0.85,1.9675278063090322,0.1020762581205108,0.04940001750991501,-0.12395018534177293,-0.003924123693466155,-0.012846114774633401,1.0896171041799876,5.111550295390228
fw=20_vw=10_le=0.15_lx=0.25_se=0.95_sx=0.75,20,10,0.15,0.25,0.95,0.75,1.958938572449222,0.0917834034618561,0.04482657619075235,-0.12938462407278273,-0.0034356001586195776,-0.012394335771190845,1.088773106441665,4.3666481001433
fw=20_vw=10_le=0.05_lx=0.35_se=0.90_sx=0.65,20,10,0.05,0.35,0.9,0.65,1.9564286167201088,0.10811327209356825,0.052472558085625294,-0.12282359985952984,0.00012876016487263197,0.0003968309160027097,0.9727488249152438,5.6024361201135955
fw=20_vw=10_le=0.10_lx=0.25_se=0.95_sx=0.85,20,10,0.1,0.25,0.95,0.85,1.9529922548125458,0.10274749495319346,0.05007945531946375,-0.11790124806352964,-0.004308078244536674,-0.013911699820821183,1.1616117139785562,5.164060730395887
fw=10_vw=20_le=0.10_lx=0.35_se=0.90_sx=0.75,10,20,0.1,0.35,0.9,0.75,1.9467054830594406,0.09590644948845717,0.0470445218208791,-0.09164104105773463,-0.0032936303445560582,-0.01132197024009248,1.0700266404199892,4.651856597769133
fw=10_vw=20_le=0.10_lx=0.35_se=0.95_sx=0.65,10,20,0.1,0.35,0.95,0.65,1.9304897864643862,0.09688095233133587,0.047900100240149256,-0.08003104201692657,-0.0015777928664074915,-0.005326841545413057,1.023888114638914,4.721780639697122
fw=20_vw=10_le=0.05_lx=0.45_se=0.90_sx=0.75,20,10,0.05,0.45,0.9,0.75,1.9269217112376227,0.10589420761511681,0.05223577314386661,-0.11757711479447719,-0.0014779616054101286,-0.004575634620435798,0.9795326612839091,5.417060929782192
fw=10_vw=10_le=0.05_lx=0.35_se=0.85_sx=0.65,10,10,0.05,0.35,0.85,0.65,1.9267064669670722,0.11110912106171433,0.05468332951496025,-0.14905753993116533,0.0007614829297143473,0.0022519639544562077,1.0332168549227536,5.862179418351426
fw=20_vw=10_le=0.05_lx=0.25_se=0.95_sx=0.85,20,10,0.05,0.25,0.95,0.85,1.9250880139356463,0.1214908365807974,0.05956034396002819,-0.12411349196028709,-0.0029061612460552894,-0.007890757964208106,1.1485688194565797,6.852623744128315
fw=20_vw=10_le=0.10_lx=0.45_se=0.90_sx=0.75,20,10,0.1,0.45,0.9,0.75,1.924460685403111,0.08488884321736379,0.04233785273693132,-0.11121858114269734,-0.0024351660938852385,-0.009301563871016452,0.981973944395255,3.926147209740519
fw=10_vw=20_le=0.10_lx=0.25_se=0.85_sx=0.65,10,20,0.1,0.25,0.85,0.65,1.923859521038811,0.09240238516778065,0.04593853816680941,-0.11789766390222212,-0.0036006233705840576,-0.012675255933992118,1.1063509712659547,4.408390154318619
fw=10_vw=20_le=0.10_lx=0.45_se=0.90_sx=0.65,10,20,0.1,0.45,0.9,0.65,1.9222003662496507,0.09535820974001474,0.04738394787259684,-0.09248828178150004,-0.0019928065038596864,-0.006801271352947613,0.928024764496813,4.612947674174316
fw=20_vw=10_le=0.05_lx=0.35_se=0.90_sx=0.75,20,10,0.05,0.35,0.9,0.75,1.9138532849030052,0.10815002486042324,0.05365718546336633,-0.11344927849620667,-0.0007861721904902768,-0.0023694415574283378,1.0426674564751157,5.605555988815013
fw=10_vw=10_le=0.10_lx=0.45_se=0.85_sx=0.65,10,10,0.1,0.45,0.85,0.65,1.9104984367044282,0.08454220112824085,0.04247999472274723,-0.09074581002273341,0.0014927589533032402,0.005682787845465794,0.9536494079913661,3.905142941943701
fw=10_vw=10_le=0.05_lx=0.45_se=0.90_sx=0.75,10,10,0.05,0.45,0.9,0.75,1.9049316958319327,0.11175907789859063,0.055615388216154665,-0.11358215517672521,-0.0007716920072638443,-0.002243909004548531,1.053833564048622,5.920006734367779
fw=20_vw=10_le=0.10_lx=0.35_se=0.90_sx=0.65,20,10,0.1,0.35,0.9,0.65,1.9047108543597098,0.08427800368060545,0.042481162383112704,-0.11798167659711234,-0.0001516508593788605,-0.0005773041726735814,0.9824987131265851,3.889205298880809
fw=20_vw=10_le=0.10_lx=0.25_se=0.90_sx=0.65,20,10,0.1,0.25,0.9,0.65,1.8850841595950196,0.08493840020722976,0.043246457174452586,-0.13178954855252167,-0.00053560541044938,-0.0020028601822278578,1.0544933229251536,3.929158708368867
fw=10_vw=20_le=0.10_lx=0.25_se=0.90_sx=0.75,10,20,0.1,0.25,0.9,0.75,1.8850108202920528,0.09591241775113768,0.04858713463914708,-0.12037129879429964,-0.00511002720292861,-0.01700819148007474,1.1420105796859736,4.65228186239549
fw=20_vw=10_le=0.15_lx=0.45_se=0.95_sx=0.85,20,10,0.15,0.45,0.95,0.85,1.882105221606173,0.0900051619342559,0.04579044304217612,-0.13137169513864277,-0.004962631632549317,-0.017526427726163737,1.0249380063318208,4.24878763186136
fw=10_vw=20_le=0.10_lx=0.35_se=0.85_sx=0.75,10,20,0.1,0.35,0.85,0.75,1.8780825637052414,0.0887704781553722,0.045285047377367986,-0.10581734130238063,-0.0013894029319184533,-0.004961689660338036,1.105057737294025,4.168720631651251
fw=20_vw=10_le=0.10_lx=0.45_se=0.85_sx=0.65,20,10,0.1,0.45,0.85,0.65,1.877716083396733,0.07778653249392553,0.0398939071433665,-0.12398995186706507,0.0034044590791869156,0.013800593324751921,0.9275836814216009,3.5162965078782533
fw=10_vw=20_le=0.10_lx=0.25_se=0.95_sx=0.65,10,20,0.1,0.25,0.95,0.65,1.876182230069588,0.0968869259011198,0.04928950863475702,-0.10912850950188546,-0.00339418972478004,-0.011136220923838258,1.0958720539048983,4.722212296657571
fw=20_vw=10_le=0.05_lx=0.45_se=0.85_sx=0.65,20,10,0.05,0.45,0.85,0.65,1.8750265416643996,0.09865438361025358,0.050178566148032636,-0.15392937672258322,0.0043616635676620346,0.014056918563836288,0.9251423983102549,4.85157367077313
fw=20_vw=10_le=0.05_lx=0.45_se=0.85_sx=0.75,20,10,0.05,0.45,0.85,0.75,1.8742885403781038,0.10076968411842335,0.05122458249410949,-0.13844291091466499,0.004308906620337763,0.013603318529527295,0.989900950973301,5.010774626605873
fw=20_vw=10_le=0.10_lx=0.45_se=0.85_sx=0.75,20,10,0.1,0.45,0.85,0.75,1.868866367946216,0.07986165496546294,0.0411120543419103,-0.11598186240633324,0.0033517021318626534,0.013184159524835959,0.992342234084647,3.6316812887830188
fw=10_vw=20_le=0.10_lx=0.45_se=0.85_sx=0.65,10,20,0.1,0.45,0.85,0.65,1.863022874407286,0.08967274890939114,0.04609574148780134,-0.09135355958087987,-0.00021578385580466958,-0.0007570322065520745,0.9556734112132825,4.227090152871941
fw=10_vw=10_le=0.05_lx=0.35_se=0.90_sx=0.65,10,10,0.05,0.35,0.9,0.65,1.862411600382613,0.11197681310856633,0.056990272219157104,-0.13225640637197367,0.0006158606064790298,0.0017475833818391868,1.0347199093759207,5.939498512862699
fw=20_vw=20_le=0.10_lx=0.35_se=0.90_sx=0.65,20,20,0.1,0.35,0.9,0.65,1.8605104408512345,0.0860979952789851,0.0443918242493386,-0.12433888717420072,-0.003503514616584165,-0.012763128849058579,1.0126687058332604,4.000248659968218
fw=20_vw=10_le=0.05_lx=0.35_se=0.85_sx=0.65,20,10,0.05,0.35,0.85,0.65,1.8582732794374717,0.10089543296932768,0.051727525599913865,-0.1516146217525428,0.005053452982581881,0.015798750383782006,0.9882771935014614,5.020391721248973
fw=20_vw=10_le=0.05_lx=0.35_se=0.85_sx=0.75,20,10,0.05,0.35,0.85,0.75,1.857970155327549,0.10301504829471253,0.052771236909664364,-0.13412052973574473,0.005000696035257626,0.015324608754662048,1.0530357461645077,5.185132321910662
fw=20_vw=10_le=0.15_lx=0.45_se=0.90_sx=0.65,20,10,0.15,0.45,0.9,0.65,1.8575328028603875,0.07240185266235355,0.037631020488963496,-0.10330682129507929,-0.0011901587984620172,-0.005114640674883927,0.917819615278418,3.232758442493822
fw=10_vw=10_le=0.05_lx=0.35_se=0.85_sx=0.75,10,10,0.05,0.35,0.85,0.75,1.8574972901121616,0.10764855258447303,0.05504145160558307,-0.15172741702773507,0.001243031156419809,0.003652147823766045,1.1088549108940018,5.563127615483824
fw=15_vw=20_le=0.10_lx=0.35_se=0.90_sx=0.65,15,20,0.1,0.35,0.9,0.65,1.8530138941152967,0.08803394248890406,0.0455324945784877,-0.13176550123983088,0.001875595712971769,0.006661530170745259,1.0232271207014771,4.121635613949137
fw=20_vw=10_le=0.10_lx=0.35_se=0.90_sx=0.75,20,10,0.1,0.35,0.9,0.75,1.8450495915611087,0.0843139659036729,0.04387280314505255,-0.12067435357798828,-0.0010665832147417741,-0.003931475500099438,1.052417344686457,3.8913711084723683
fw=10_vw=10_le=0.05_lx=0.25_se=0.85_sx=0.65,10,10,0.05,0.25,0.85,0.65,1.841884240886739,0.11135731112956582,0.057322859268495036,-0.1407742924030433,3.7424527125656316e-05,0.00010558073694072753,1.1164420816747087,5.884198158390942
fw=15_vw=20_le=0.05_lx=0.35_se=0.90_sx=0.65,15,20,0.05,0.35,0.9,0.65,1.8384059375419801,0.10648117227856302,0.0550394571373098,-0.192190633422606,0.008789322401676326,0.02582482966910094,1.010697304176957,5.465525260642958
fw=20_vw=20_le=0.10_lx=0.35_se=0.85_sx=0.65,20,20,0.1,0.35,0.85,0.65,1.833341737092444,0.08277410696028586,0.04337781867018921,-0.1437546442323877,-0.0011864307202654458,-0.004423142046929662,1.0194421933604296,3.799641986915404
fw=10_vw=20_le=0.10_lx=0.45_se=0.90_sx=0.75,10,20,0.1,0.45,0.9,0.75,1.8329075317547636,0.09317401081233068,0.04860332545319919,-0.09580328344030276,-0.0017251876881492077,-0.005740194095830313,0.9913330196333013,4.4609515402468665
fw=10_vw=10_le=0.05_lx=0.45_se=0.95_sx=0.65,10,10,0.05,0.45,0.95,0.65,1.8326064392989185,0.11341404971567703,0.058621978583813565,-0.11745066420663519,-0.0021246629791825547,-0.005861189872832471,0.9959267444765766,6.06968270196051
fw=15_vw=20_le=0.05_lx=0.25_se=0.90_sx=0.65,15,20,0.05,0.25,0.9,0.65,1.8290658923513248,0.1092608145520495,0.05669224990204676,-0.20116831486563835,0.00802200057544057,0.02288311843189206,1.0724714955026438,5.700623291011288
fw=10_vw=10_le=0.15_lx=0.45_se=0.85_sx=0.65,10,10,0.15,0.45,0.85,0.65,1.8278705462209124,0.07434794896596997,0.03923358718979156,-0.06371078870448477,0.001437042548194842,0.005923355811253924,0.9570960660898834,3.3326552057586762
fw=20_vw=10_le=0.10_lx=0.25_se=0.90_sx=0.75,20,10,0.1,0.25,0.9,0.75,1.8268974298821326,0.08497438433365323,0.04464201244725314,-0.11937252551925281,-0.0014505377658122875,-0.005254622106383799,1.1244119544850255,3.931346767101544
fw=15_vw=20_le=0.05_lx=0.35_se=0.95_sx=0.65,15,20,0.05,0.35,0.95,0.65,1.8252460186733894,0.10975316232516064,0.05705401531954586,-0.18016718210561145,0.009255749990051463,0.02623503290172778,0.985104382339459,5.743244188039413
fw=10_vw=20_le=0.10_lx=0.45_se=0.95_sx=0.65,10,20,0.1,0.45,0.95,0.65,1.8229594225812857,0.09414608391382129,0.0493561326075531,-0.08223479752459595,-9.350210000643706e-06,-3.063630996981283e-05,0.9451944938522262,4.528006006777158
fw=20_vw=20_le=0.10_lx=0.35_se=0.90_sx=0.75,20,20,0.1,0.35,0.9,0.75,1.8226253600444993,0.08729419640275826,0.04591849933576296,-0.12768592373164145,-0.004497761617292742,-0.015840356805629518,1.0772775362728024,4.074849103119077
fw=15_vw=20_le=0.05_lx=0.25_se=0.95_sx=0.65,15,20,0.05,0.25,0.95,0.65,1.8222473701938988,0.11254102431542101,0.058524771066706255,-0.190438305838743,0.008488428163815707,0.023455449839308057,1.0468785736651458,5.990288219883114
fw=20_vw=10_le=0.05_lx=0.25_se=0.90_sx=0.65,20,10,0.05,0.25,0.9,0.65,1.8165607128699799,0.10337904158075961,0.05415581575687048,-0.1574808262400884,0.0008663115880320043,0.0025869333161347968,1.041450428403177,5.2139290502404325
fw=10_vw=10_le=0.10_lx=0.45_se=0.85_sx=0.75,10,10,0.1,0.45,0.85,0.75,1.813185118311525,0.08116437578028934,0.04303950286727316,-0.0950989151784013,0.001974307180008686,0.007418288017670533,1.0292874639626146,3.7059269245034874
fw=10_vw=20_le=0.10_lx=0.25_se=0.85_sx=0.75,10,20,0.1,0.25,0.85,0.75,1.8128504237797698,0.08877640755583815,0.0469175518870593,-0.13666244143023443,-0.0032057997902910033,-0.011049872465289661,1.177041676560009,4.169101728829222
fw=20_vw=10_le=0.05_lx=0.45_se=0.90_sx=0.85,20,10,0.05,0.45,0.9,0.85,1.810025831556866,0.10178689217704306,0.05355355020929928,-0.12133825983820301,-0.0026330662142370104,-0.007951145965196778,1.057761008646753,5.089068631935396
fw=20_vw=10_le=0.15_lx=0.35_se=0.95_sx=0.85,20,10,0.15,0.35,0.95,0.85,1.8097825618530403,0.0880028089666347,0.04660434462074955,-0.1355925750639131,-0.004527481186944883,-0.01571037174741462,1.0967567130526843,4.119656379911408
fw=15_vw=20_le=0.10_lx=0.35_se=0.95_sx=0.65,15,20,0.1,0.35,0.95,0.65,1.8096774807041676,0.09125138198934568,0.04825450696590526,-0.11551155648923772,0.0023420233013469144,0.00784891347215832,0.9976341988639789,4.331067675322598
fw=10_vw=10_le=0.10_lx=0.45_se=0.90_sx=0.65,10,10,0.1,0.45,0.9,0.65,1.804597681184885,0.0853891464233123,0.04540545731687774,-0.07890280684539919,0.0013471366300679103,0.004797995136242058,0.9551524624445334,3.956649744219845
fw=20_vw=10_le=0.05_lx=0.35_se=0.90_sx=0.85,20,10,0.05,0.35,0.9,0.85,1.7994277735600728,0.104034331267429,0.055001398771407244,-0.11707516695274212,-0.0019412767993171572,-0.005707815705608353,1.1208958038379595,5.266150688909331
fw=15_vw=20_le=0.10_lx=0.25_se=0.90_sx=0.65,15,20,0.1,0.25,0.9,0.65,1.799303097171634,0.08692465289365492,0.04632476279422676,-0.1406171708347479,0.0011067745525713613,0.0038636891047803493,1.0911773882998808,4.051664203218724
fw=20_vw=20_le=0.10_lx=0.35_se=0.85_sx=0.75,20,20,0.1,0.35,0.85,0.75,1.7939292649888332,0.08352857937894487,0.04471910911944777,-0.13649963384774755,-0.0018844227146669339,-0.0068146161759479315,1.085537101537372,3.8443286718177854
fw=20_vw=10_le=0.15_lx=0.25_se=0.95_sx=0.85,20,10,0.15,0.25,0.95,0.85,1.792484421002834,0.08825307842345342,0.04718240741098202,-0.1484365668709019,-0.004591183333057653,-0.01573623205044551,1.1704009210935415,4.135591939643412
fw=20_vw=10_le=0.15_lx=0.45_se=0.90_sx=0.75,20,10,0.15,0.45,0.9,0.75,1.7877244194844093,0.07243742098939943,0.03911901668268224,-0.12182494322069004,-0.0021050911538249327,-0.00870240295591618,0.9877382468382898,3.2345586918259777
fw=5_vw=10_le=0.05_lx=0.45_se=0.85_sx=0.65,5,10,0.05,0.45,0.85,0.65,1.787319426608921,0.08612601780661544,0.04622411195547202,-0.1050055088530023,-0.0001420606721483072,-0.0004970058506012587,0.952011918118247,4.0019814803711276
fw=15_vw=10_le=0.05_lx=0.35_se=0.85_sx=0.65,15,10,0.05,0.35,0.85,0.65,1.7872196986531557,0.09950818776117432,0.053078520710464636,-0.14876298704064328,0.011741426077884065,0.035773237834029366,0.9809412445770671,4.915251103250728
fw=20_vw=10_le=0.10_lx=0.35_se=0.85_sx=0.65,20,10,0.1,0.35,0.85,0.65,1.787163925851831,0.07721541866009263,0.04161867550230027,-0.14982846730332788,0.004773041958330386,0.018546553200309106,0.9980270817128026,3.4851506855454724
fw=10_vw=10_le=0.10_lx=0.35_se=0.85_sx=0.65,10,10,0.1,0.35,0.85,0.65,1.7848424524598294,0.08146483041228691,0.04387863282098717,-0.11602041421824849,0.0016726977088798445,0.006164822647288126,1.0177255472400644,3.723252062548907
fw=10_vw=10_le=0.05_lx=0.25_se=0.90_sx=0.65,10,10,0.05,0.25,0.9,0.65,1.7834271431219222,0.11222519699405797,0.059639492993908014,-0.12380961318177353,-0.0001081977961096751,-0.00029338687700318896,1.1179451361278758,5.961807668619737
fw=20_vw=20_le=0.10_lx=0.25_se=0.90_sx=0.65,20,20,0.1,0.25,0.9,0.65,1.7832338348032561,0.08701832038510027,0.04679053327090933,-0.13592170504049117,-0.004457508754886367,-0.015406018758057671,1.096542758651084,4.0575290699015065
fw=20_vw=10_le=0.10_lx=0.35_se=0.85_sx=0.75,20,10,0.1,0.35,0.85,0.75,1.780526371380021,0.07928944153433992,0.04285412523513655,-0.13227117641582697,0.0047202850110061225,0.01781278393521814,1.0627856343758488,3.5995134383369067
fw=10_vw=20_le=0.10_lx=0.35_se=0.90_sx=0.85,10,20,0.1,0.35,0.9,0.85,1.7797592191137046,0.08970525043840483,0.04826902780364057,-0.09555985823778224,-0.0036995749890091087,-0.012394799198452683,1.1461367070573787,4.229207008714972
fw=20_vw=10_le=0.05_lx=0.25_se=0.90_sx=0.75,20,10,0.05,0.25,0.9,0.75,1.7785145504676718,0.10341563732750236,0.05533297080868202,-0.14400871755415656,-4.862076733090865e-05,-0.0001420999852862565,1.1113690599630488,5.216832568229076
fw=10_vw=10_le=0.05_lx=0.25_se=0.85_sx=0.75,10,10,0.05,0.25,0.85,0.75,1.7752256476896446,0.10789596966008719,0.057718123806967114,-0.14347015862802048,0.0005189727538311055,0.001454080883271835,1.192080137645957,5.584023096844941
fw=15_vw=10_le=0.05_lx=0.45_se=0.85_sx=0.65,15,10,0.05,0.45,0.85,0.65,1.7739008602097908,0.09604834536777096,0.051700351664041036,-0.14160781737737593,0.01121184968315646,0.035070340439426,0.9154595441654609,4.6619771993985575
fw=20_vw=10_le=0.10_lx=0.45_se=0.90_sx=0.85,20,10,0.1,0.45,0.9,0.85,1.769381159590827,0.08085954216518632,0.04394564537513321,-0.12590345403624903,-0.0035902707027121246,-0.01321196944735557,1.060202291758099,3.688426781320121
fw=20_vw=10_le=0.10_lx=0.25_se=0.85_sx=0.65,20,10,0.1,0.25,0.85,0.65,1.7691662647644126,0.07787151360852329,0.042386222976427176,-0.15615503684448162,0.004389087407259864,0.016745793201041293,1.0700216915113712,3.520953283188546
fw=15_vw=20_le=0.10_lx=0.25_se=0.95_sx=0.65,15,20,0.1,0.25,0.95,0.65,1.7653351204586725,0.09013881209922525,0.04888875640789585,-0.12288657066505426,0.0015732021409464968,0.00520393365296683,1.0655844664623828,4.257540817638809
fw=20_vw=10_le=0.10_lx=0.25_se=0.85_sx=0.75,20,10,0.1,0.25,0.85,0.75,1.7614442124686693,0.07994679969893626,0.04366404558281376,-0.14019586730743616,0.004336330459935603,0.01606033544058375,1.1347802441744175,3.636490872878862
fw=5_vw=20_le=0.05_lx=0.45_se=0.90_sx=0.65,5,20,0.05,0.45,0.9,0.65,1.7612757791115974,0.08775814196199438,0.04776016835588987,-0.10278779535806937,-0.005791576147505941,-0.01961043079194092,0.9560034610314961,4.1041333841458805
fw=10_vw=20_le=0.05_lx=0.25_se=0.90_sx=0.65,10,20,0.05,0.25,0.9,0.65,1.7595918343387424,0.10414442079550801,0.05630325925809721,-0.14329380105429523,-0.0033668234902132967,-0.009670368531757604,1.0475907887555815,5.274972106504265
fw=20_vw=20_le=0.10_lx=0.25_se=0.85_sx=0.65,20,20,0.1,0.25,0.85,0.65,1.7572853482253805,0.08369161550851856,0.04573723617857365,-0.15486205917831042,-0.00214042485856765,-0.007568089878558083,1.103316246178253,3.854049867302518
fw=10_vw=20_le=0.10_lx=0.45_se=0.85_sx=0.75,10,20,0.1,0.45,0.85,0.75,1.7564685208605213,0.08605583169506059,0.0469992087022651,-0.10866354083812912,0.00017903972448838961,0.0006160487308289478,1.026364116507337,3.9976427329126567
fw=20_vw=10_le=0.15_lx=0.35_se=0.90_sx=0.65,20,10,0.15,0.35,0.9,0.65,1.7550349885760208,0.07043183719164658,0.03878108052447823,-0.10741962268631333,-0.0007550083528575859,-0.003148386658851809,0.9896383219992815,3.1345068514279846
fw=5_vw=10_le=0.05_lx=0.45_se=0.95_sx=0.85,5,10,0.05,0.45,0.95,0.85,1.75286507019162,0.10020618794361669,0.05448086532618139,-0.11396778027494026,-0.0030712967336935224,-0.009116622948335401,1.0860445630794588,4.967891607875714
fw=10_vw=10_le=0.05_lx=0.45_se=0.90_sx=0.85,10,10,0.05,0.45,0.9,0.85,1.751961719527666,0.10390874190398769,0.056426622806615305,-0.12027531628514587,-0.002086001952979358,-0.005978426096200632,1.14042145817285,5.2561042186946425
fw=20_vw=20_le=0.10_lx=0.25_se=0.90_sx=0.75,20,20,0.1,0.25,0.9,0.75,1.7504723491694336,0.08821553513188984,0.04829509646210971,-0.1362893788496211,-0.005451755755594945,-0.018255324837819217,1.1611515890906259,4.133197732637697
fw=15_vw=20_le=0.10_lx=0.45_se=0.90_sx=0.65,15,20,0.1,0.45,0.9,0.65,1.7451659276675988,0.08040063955396892,0.04431208154508158,-0.11877099292999227,0.004534498523469757,0.016548678768393815,0.9389079267860835,3.6622282159267057
fw=10_vw=10_le=0.05_lx=0.35_se=0.90_sx=0.75,10,10,0.05,0.35,0.9,0.75,1.7439108107975307,0.10634802653023456,0.057952806038724956,-0.13600239647223222,0.0007098743884794892,0.001980903187568317,1.11843435230085,5.45449609709703
fw=20_vw=20_le=0.10_lx=0.35_se=0.95_sx=0.65,20,20,0.1,0.35,0.95,0.65,1.7437830899995774,0.08608212410784044,0.047354994925494096,-0.16264635729032173,-0.0018167597550937456,-0.0062042304196036294,1.006985960803379,3.9992675522604926
fw=20_vw=10_le=0.15_lx=0.45_se=0.85_sx=0.65,20,10,0.15,0.45,0.85,0.65,1.7433347766796101,0.06541662448759267,0.0363475335968237,-0.10882551832415577,0.003734534019247226,0.016615663398303893,0.9333479838646357,2.8969029496340504
fw=15_vw=40_le=0.05_lx=0.25_se=0.90_sx=0.65,15,40,0.05,0.25,0.9,0.65,1.742606176889825,0.10757965674067127,0.058634674046277244,-0.19043093024626478,0.0035426423340751477,0.00977077483518339,1.1114420047927933,5.557322154771269
fw=10_vw=10_le=0.10_lx=0.25_se=0.85_sx=0.65,10,10,0.1,0.25,0.85,0.65,1.739360462797633,0.08232804671463567,0.045484717899683294,-0.11624533693101324,0.000246587493320755,0.0008767216931488218,1.0955711912651391,3.7734525232027787
fw=10_vw=20_le=0.10_lx=0.35_se=0.95_sx=0.75,10,20,0.1,0.35,0.95,0.75,1.737811461389961,0.09139989806732429,0.05032834937328469,-0.09146627781022632,-0.0011799146909063484,-0.0037913522302934575,1.1055222669369265,4.340972574077398
fw=5_vw=20_le=0.05_lx=0.45_se=0.90_sx=0.75,5,20,0.05,0.45,0.9,0.75,1.737523657155225,0.08759705029763554,0.04832781487958713,-0.09672890244160237,-0.005433997333070112,-0.018183541586106865,1.0207808473939748,4.093942908646732
fw=15_vw=40_le=0.05_lx=0.25_se=0.95_sx=0.65,15,40,0.05,0.25,0.95,0.65,1.7375010976804781,0.11254415864659761,0.06138092665285841,-0.19153527457177233,-0.0002775282217836556,-0.0007311894638784542,1.081948484552032,5.990571506495289
fw=20_vw=10_le=0.15_lx=0.25_se=0.90_sx=0.65,20,10,0.15,0.25,0.9,0.65,1.7349440855464797,0.07067806485967054,0.039362740166986,-0.11408323336411541,-0.0008187104989703549,-0.0033635760279576445,1.0632825300401385,3.146631678490001
fw=20_vw=10_le=0.15_lx=0.45_se=0.85_sx=0.75,20,10,0.15,0.45,0.85,0.75,1.7332169182732984,0.06746793048592248,0.037669505346771916,-0.11824433698556547,0.003681777071922963,0.015806065737755733,0.9981065365276818,2.991962769361167
fw=15_vw=40_le=0.05_lx=0.25_se=0.85_sx=0.65,15,40,0.05,0.25,0.85,0.65,1.7325578154562307,0.10453836465305888,0.057387682678157845,-0.2090673361301406,0.0036187041330246945,0.010197426894709026,1.1199446488528437,5.306652595392632
fw=5_vw=10_le=0.05_lx=0.45_se=0.95_sx=0.75,5,10,0.05,0.45,0.95,0.75,1.7298641345792798,0.09733188393858971,0.053693045283481323,-0.11523405469692882,-0.003817428592761808,-0.011497650368669614,1.0343400107391798,4.754470011565456
fw=15_vw=40_le=0.05_lx=0.35_se=0.90_sx=0.65,15,40,0.05,0.35,0.9,0.65,1.7253460402982037,0.10021151571091758,0.05535263425357044,-0.1718390370270101,0.004139046373308596,0.012092558877344412,1.0336193142749528,4.968295438920374
fw=10_vw=20_le=0.10_lx=0.25_se=0.90_sx=0.85,10,20,0.1,0.25,0.9,0.85,1.7249636730167084,0.08971118492960328,0.04980550867259747,-0.12701525164977634,-0.0055159718473816515,-0.01791021805218203,1.2181206463233627,4.229593635452124
fw=20_vw=10_le=0.05_lx=0.25_se=0.85_sx=0.75,20,10,0.05,0.25,0.85,0.75,1.7232989104383551,0.09830259909910088,0.05441069782847785,-0.16234306702870016,0.0057382474584169885,0.01705497901936995,1.1217373496524408,4.825563641054477
fw=15_vw=20_le=0.15_lx=0.35_se=0.90_sx=0.65,15,20,0.15,0.35,0.9,0.65,1.72276852418977,0.07276454946081512,0.040771007004497456,-0.09173612843056667,0.003751714208945367,0.014881082424673413,1.011752383659903,3.2511601852930583
fw=20_vw=20_le=0.10_lx=0.25_se=0.85_sx=0.75,20,20,0.1,0.25,0.85,0.75,1.7227533378029665,0.08444672724325386,0.04705834918296583,-0.14765219504866256,-0.0028384168529691353,-0.009754290851273736,1.1694111543551957,3.8993764303343137
fw=10_vw=10_le=0.15_lx=0.45_se=0.85_sx=0.75,10,10,0.15,0.45,0.85,0.75,1.7219528306430418,0.07100187379179812,0.03983531942082252,-0.07301085432777299,0.0019185907749002965,0.007788794765775581,1.032734122061132,3.1626439392153403
fw=20_vw=10_le=0.05_lx=0.25_se=0.85_sx=0.65,20,10,0.05,0.25,0.85,0.65,1.721219120180362,0.09619203947930255,0.053358919037713365,-0.17918646386873283,0.00579100440574125,0.0175510492447496,1.0569787969893947,4.672247157808847
fw=10_vw=20_le=0.05_lx=0.35_se=0.90_sx=0.65,10,20,0.05,0.35,0.9,0.65,1.7198973268840883,0.09697384966967881,0.05381445829457825,-0.12756162829304285,-0.0009588405156746284,-0.0028814004270081837,0.9842497819536623,4.728497707685789
fw=5_vw=10_le=0.05_lx=0.45_se=0.90_sx=0.65,5,10,0.05,0.45,0.9,0.65,1.7197225578801807,0.08534403497746168,0.04762222794922334,-0.1181424320218607,-0.000789859119811326,-0.0026822307665415194,0.956899339617275,3.9538902706252355
fw=10_vw=20_le=0.05_lx=0.45_se=0.90_sx=0.65,10,20,0.05,0.45,0.9,0.65,1.7189424497518961,0.09166546874974468,0.05102234987720745,-0.14435430129213833,-0.0010210280820193082,-0.0032361857615166457,0.9130033954284945,4.358737253803192
fw=15_vw=40_le=0.05_lx=0.35_se=0.95_sx=0.65,15,40,0.05,0.35,0.95,0.65,1.7178779876115928,0.10514299141420236,0.05819664220244879,-0.17274654771905973,0.00031887581744979057,0.0008860941505149011,1.0041257940341908,5.3556242131282
fw=10_vw=10_le=0.15_lx=0.45_se=0.90_sx=0.65,10,10,0.15,0.45,0.9,0.65,1.7166687554692857,0.07518693332241089,0.04222977653318338,-0.049343921161463355,0.0012914202249595136,0.004945440859537341,0.9585991205430509,3.376611192847874
fw=15_vw=40_le=0.05_lx=0.35_se=0.85_sx=0.65,15,40,0.05,0.35,0.85,0.65,1.71366547962153,0.0971904557293013,0.05412537183859104,-0.19097663479667915,0.004215108172258136,0.012594010289424418,1.0421219583350028,4.744194623122271
fw=20_vw=20_le=0.15_lx=0.35_se=0.90_sx=0.65,20,20,0.15,0.35,0.9,0.65,1.7096895511884205,0.06921627997575497,0.039145078376924956,-0.11237944449276793,0.0007461715758120477,0.0030826040642823052,1.0033184743166643,3.075291102180003
fw=15_vw=20_le=0.05_lx=0.35_se=0.90_sx=0.75,15,20,0.05,0.35,0.9,0.75,1.7095168736616535,0.10150344862786609,0.05655166064268922,-0.20743499753862893,0.008964866149950387,0.025636259529114063,1.0978791242538253,5.067137275257067
fw=15_vw=20_le=0.10_lx=0.45_se=0.95_sx=0.65,15,20,0.1,0.45,0.95,0.65,1.7084587499221808,0.08359550651377301,0.046992462891583146,-0.10976044777739313,0.0050009261118449,0.01720990381686167,0.9133150049485854,3.848316477073745
fw=20_vw=20_le=0.10_lx=0.45_se=0.90_sx=0.65,20,20,0.1,0.45,0.9,0.65,1.706734399203712,0.07444297842334646,0.04207003017918687,-0.10146411811225453,-0.002032451157199843,-0.007812742424355739,0.928980559000988,3.3376068191560817
fw=15_vw=20_le=0.05_lx=0.25_se=0.90_sx=0.75,15,20,0.05,0.25,0.9,0.75,1.703506136494541,0.10427058613269313,0.058224042657422204,-0.2151876018929313,0.008197544323714638,0.02276866826074852,1.1596533155795121,5.2850987585928975
fw=10_vw=20_le=0.05_lx=0.25_se=0.95_sx=0.65,10,20,0.05,0.25,0.95,0.65,1.7012965006315977,0.10292257212865841,0.05758169739659544,-0.14193837088943972,-0.0013833671963542665,-0.003885162806960651,1.064760518110995,5.177840086406023
fw=20_vw=10_le=0.10_lx=0.35_se=0.90_sx=0.85,20,10,0.1,0.35,0.9,0.85,1.699032848446512,0.08028679995849686,0.04545324798766593,-0.13452475741273262,-0.0022216878235686577,-0.007904498561451125,1.1306456920493009,3.655756304026451
fw=5_vw=10_le=0.05_lx=0.45_se=0.90_sx=0.75,5,10,0.05,0.45,0.9,0.75,1.6943824183806475,0.08547612023146,0.048406257252764186,-0.1135451986666498,-0.0009985985407112148,-0.0033361505050601772,1.0230834031273308,3.9619750572718946
fw=20_vw=20_le=0.15_lx=0.45_se=0.90_sx=0.65,20,20,0.15,0.45,0.9,0.65,1.6941311992353687,0.06572087327290532,0.03757173383339689,-0.07289925146099963,0.0009201078300780421,0.00396035121294321,0.9268560517776663,2.9108204841642924
fw=10_vw=20_le=0.05_lx=0.25_se=0.90_sx=0.75,10,20,0.05,0.25,0.9,0.75,1.6932191469532942,0.10194270172455466,0.05733145337289262,-0.15276710005957383,-0.0030992046745028333,-0.008742054694719935,1.1108990438920698,5.101162338131476
fw=10_vw=10_le=0.10_lx=0.35_se=0.85_sx=0.75,10,10,0.1,0.35,0.85,0.75,1.69258780741067,0.07809658958838495,0.044427278085665135,-0.1254348059145418,0.0021542459355852975,0.007841547695000032,1.093363603211313,3.5333149824332466
fw=10_vw=20_le=0.10_lx=0.25_se=0.95_sx=0.75,10,20,0.1,0.25,0.95,0.75,1.6917422453757165,0.09140584178750588,0.05170210093055355,-0.12020206308972381,-0.0029963115492788977,-0.009372058471853163,1.1775062062029107,4.341369418227835
fw=20_vw=10_le=0.15_lx=0.35_se=0.90_sx=0.75,20,10,0.15,0.35,0.9,0.75,1.690985797916247,0.0704673401792355,0.040269598790033174,-0.12515181615638837,-0.0016699407082205002,-0.006706253427775146,1.0595569535591534,3.1362523866934406
fw=10_vw=10_le=0.10_lx=0.35_se=0.90_sx=0.65,10,10,0.1,0.35,0.9,0.65,1.690190033239431,0.0823093725139683,0.04679773548383371,-0.10131193850601639,0.0015270753856445275,0.005277057799335634,1.019228601693232,3.7723598188233596
fw=10_vw=20_le=0.05_lx=0.25_se=0.85_sx=0.65,10,20,0.05,0.25,0.85,0.65,1.6896864224014436,0.09841335510397098,0.05555275395613171,-0.14967786214810908,-0.0015898008421582764,-0.004627999908044585,1.0752394354720514,4.833738473322133
fw=20_vw=20_le=0.15_lx=0.25_se=0.90_sx=0.65,20,20,0.15,0.25,0.9,0.65,1.6863090703591526,0.0718602675683937,0.04115242451985631,-0.11672802977639674,8.15346960976048e-05,0.0003204079196145806,1.0879910424944645,3.205462885222561
fw=10_vw=10_le=0.15_lx=0.35_se=0.85_sx=0.65,10,10,0.15,0.35,0.85,0.65,1.6859444154674958,0.07019306095024302,0.0402380187450873,-0.08219791841824109,0.001947329211733588,0.007826345251241974,1.0279393152981637,3.1227909237292137
fw=20_vw=10_le=0.10_lx=0.25_se=0.90_sx=0.85,20,10,0.1,0.25,0.9,0.85,1.6857821432761613,0.08094476557988628,0.046171708480430694,-0.13182238924827883,-0.0026056423746391773,-0.009126307039379332,1.2026403018478695,3.6933115157930745
fw=5_vw=20_le=0.05_lx=0.35_se=0.90_sx=0.65,5,20,0.05,0.35,0.9,0.65,1.6852442256468938,0.08824066332360325,0.05017808136880833,-0.1137214972234789,-0.004805696757085542,-0.015488113549571586,1.02666593721207,4.134800060847416
fw=15_vw=20_le=0.10_lx=0.35_se=0.90_sx=0.75,15,20,0.1,0.35,0.9,0.75,1.6841455547851694,0.08313920733752767,0.04742078151303364,-0.1502153537911346,0.002051139461245835,0.00699491908795896,1.1104089407783455,3.8212051831248917
fw=10_vw=10_le=0.05_lx=0.35_se=0.95_sx=0.65,10,10,0.05,0.35,0.95,0.65,1.682280269721931,0.10799494342094929,0.06096013040212691,-0.1447868657815201,-0.0006430965834392183,-0.0017060294637573576,1.0605275327288044,5.592402524859098
fw=20_vw=20_le=0.15_lx=0.35_se=0.85_sx=0.65,20,20,0.15,0.35,0.85,0.65,1.6806076104823922,0.06594405636552558,0.037998664299103334,-0.12871033411532418,0.0030632554721307685,0.01303680289593536,1.0100919618438335,2.9210697101823095
fw=20_vw=20_le=0.10_lx=0.25_se=0.95_sx=0.65,20,20,0.1,0.25,0.95,0.65,1.6794930567140458,0.08700243576522682,0.049672041582689216,-0.17466987949934687,-0.0027707538933959453,-0.009020739762087024,1.0908600136212026,4.05653391350421
fw=20_vw=20_le=0.10_lx=0.35_se=0.95_sx=0.75,20,20,0.1,0.35,0.95,0.75,1.6768997946907094,0.08637828276878778,0.049406343657004845,-0.15461714785950997,-0.0036534506875609014,-0.011958501085734752,1.0715561631676656,4.017612523106349
fw=10_vw=20_le=0.10_lx=0.45_se=0.90_sx=0.85,10,20,0.1,0.45,0.9,0.85,1.6759303704801023,0.08698827329745829,0.04976986002239005,-0.10761540311897244,-0.002131132332602264,-0.00692468800925721,1.0674430862706907,4.0556468418646965
fw=20_vw=20_le=0.10_lx=0.45_se=0.85_sx=0.65,20,20,0.1,0.45,0.85,0.65,1.675777959395284,0.07115475905399515,0.04101813144440635,-0.12210882283538682,0.00028463273911887553,0.0011221868934325836,0.9357540465281572,3.170230674105482
fw=20_vw=10_le=0.05_lx=0.25_se=0.90_sx=0.85,20,10,0.05,0.25,0.9,0.85,1.6724900514448284,0.09931752735405297,0.056615916787219896,-0.1468756412548684,-0.0012037253761577925,-0.003438310426300956,1.189597407325893,4.900963700642968
fw=20_vw=10_le=0.15_lx=0.25_se=0.90_sx=0.75,20,10,0.15,0.25,0.9,0.75,1.6714213915160114,0.07071357601388684,0.04087857198484867,-0.1332619002768951,-0.0017336428543332668,-0.006858357667336748,1.1332011616000104,3.148383965794656
fw=20_vw=20_le=0.10_lx=0.45_se=0.90_sx=0.75,20,20,0.1,0.45,0.9,0.75,1.6712644302191981,0.07562634300352888,0.04362154500770135,-0.09494832703569955,-0.0030266981579084203,-0.011220811876491753,0.99358938944053,3.3998496867717867
fw=10_vw=10_le=0.05_lx=0.25_se=0.90_sx=0.75,10,10,0.05,0.25,0.9,0.75,1.6710512694621689,0.10659515310544387,0.06061326383901354,-0.12759206751397845,-1.4184014109205622e-05,-3.784318639693459e-05,1.2016595790528048,5.474983551171294
fw=20_vw=20_le=0.15_lx=0.45_se=0.85_sx=0.65,20,20,0.15,0.45,0.85,0.65,1.6701322397036167,0.06245934698608435,0.03627638457840603,-0.09027760279802943,0.00323719172639676,0.014431139894959802,0.9336295393048354,2.7648470553057978
fw=15_vw=20_le=0.15_lx=0.35_se=0.95_sx=0.65,15,20,0.15,0.35,0.95,0.65,1.6696098440875655,0.07593683563803966,0.04383764107349395,-0.0757447980885505,0.004218141797320501,0.015560738728172036,0.986159461822405,3.4163609073454455
fw=5_vw=10_le=0.05_lx=0.45_se=0.95_sx=0.65,5,10,0.05,0.45,0.95,0.65,1.6690609453090197,0.0919899624116558,0.052725267820256876,-0.11015400221813643,-0.0026792081556508683,-0.008217578746071258,0.974701004530485,4.380536243609384
fw=10_vw=20_le=0.15_lx=0.35_se=0.90_sx=0.65,10,20,0.15,0.35,0.9,0.65,1.6687442105755466,0.0729056046956309,0.04216972623850013,-0.08615147539656698,-0.0002915434181240601,-0.0011180434250337996,1.00440199166012,3.2583433159128163
fw=20_vw=20_le=0.15_lx=0.35_se=0.90_sx=0.75,20,20,0.15,0.35,0.9,0.75,1.6680643335809604,0.07039388800120294,0.04078182057622615,-0.11716180847311342,-0.00024807542489652546,-0.0009837241802908472,1.0679273047562061,3.132642056718503
fw=15_vw=20_le=0.05_lx=0.35_se=0.85_sx=0.65,15,20,0.05,0.35,0.85,0.65,1.6658065759404441,0.09550488983405137,0.054757463996468206,-0.20608352780577976,0.008102253044479743,0.023928677071709557,1.0174858525342616,4.623327556963053
fw=5_vw=20_le=0.05_lx=0.35_se=0.90_sx=0.75,5,20,0.05,0.35,0.9,0.75,1.6656849680801311,0.08807950020018906,0.050678380017140943,-0.1081865496514427,-0.004448117942649703,-0.014194162819933557,1.0914433235745484,4.124533440645269
fw=20_vw=40_le=0.05_lx=0.35_se=0.95_sx=0.65,20,40,0.05,0.35,0.95,0.65,1.6655911910407695,0.09518520969055944,0.054589319831113425,-0.14144464234771248,-0.0022835207271045418,-0.006764777038448808,0.958368184992547,4.600733415576212
fw=5_vw=10_le=0.05_lx=0.45_se=0.85_sx=0.75,5,10,0.05,0.45,0.85,0.75,1.6655287468391875,0.0811345833484094,0.046838597046414764,-0.11125674569561872,-0.0010146326843292577,-0.0035031697517334923,1.0225812245649817,3.7042131390527353
fw=15_vw=20_le=0.05_lx=0.25_se=0.85_sx=0.65,15,20,0.05,0.25,0.85,0.65,1.6612921457830472,0.09825695808327684,0.05641653077167585,-0.2147662327213261,0.007334931218243995,0.02102547817174413,1.0792600438599482,4.822198690212883
fw=10_vw=10_le=0.05_lx=0.45_se=0.95_sx=0.75,10,10,0.05,0.45,0.95,0.75,1.6599490708989522,0.10442460098093731,0.05983585761363048,-0.11787444371736744,-0.0022503183678864755,-0.006081891349051545,1.08180232423309,5.297485531419557
fw=15_vw=10_le=0.05_lx=0.35_se=0.90_sx=0.65,15,10,0.05,0.35,0.9,0.65,1.6575716885945782,0.09679867106554774,0.055741563549841555,-0.13654995794875524,0.008930128912540698,0.025908054032059487,0.9808864752629192,4.715838676089183
fw=15_vw=10_le=0.05_lx=0.35_se=0.85_sx=0.75,15,10,0.05,0.35,0.85,0.75,1.657483970915273,0.09360439233883722,0.05398484956303885,-0.15607761841425394,0.011849914651016936,0.03549764478379484,1.0474075640349172,4.4905236090592044
fw=20_vw=20_le=0.15_lx=0.25_se=0.85_sx=0.65,20,20,0.15,0.25,0.85,0.65,1.6569853262504124,0.06857995231310832,0.04003090347997332,-0.13643103136172519,0.0023986185924163256,0.009689960707392692,1.094764530021634,3.0447135669529364
fw=10_vw=10_le=0.10_lx=0.25_se=0.90_sx=0.65,10,10,0.1,0.25,0.9,0.65,1.6535639491492884,0.08317326292285276,0.04831681260072976,-0.10154060369237561,0.00010096517008543068,0.00033793215425199306,1.0970742457183063,3.8232223974174637
fw=10_vw=20_le=0.05_lx=0.35_se=0.90_sx=0.75,10,20,0.05,0.35,0.9,0.75,1.6520487984462595,0.09478642907535595,0.05481636038243398,-0.13509182220352145,-0.0006912216999641722,-0.002039216702423637,1.0475580370901507,4.572694212476654
fw=10_vw=20_le=0.15_lx=0.25_se=0.90_sx=0.65,10,20,0.15,0.25,0.9,0.65,1.6518610924785941,0.0741267201499145,0.04328934098546178,-0.10385908629587137,-0.0019102110563191748,-0.007136028771581959,1.0781407802786507,3.321154586258861
fw=15_vw=10_le=0.05_lx=0.25_se=0.85_sx=0.65,15,10,0.05,0.25,0.85,0.65,1.6516049685952683,0.09500685663424457,0.054952986180761484,-0.16564201020700486,0.010268444144871804,0.030218267419438755,1.0384174678657951,4.588173065525643
fw=20_vw=20_le=0.15_lx=0.45_se=0.90_sx=0.75,20,20,0.15,0.45,0.9,0.75,1.651552936098257,0.06689463154497566,0.039206866435489776,-0.07996696461965946,-7.413917063053409e-05,-0.00030580304291162553,0.9914648822172083,2.965104234128218
fw=10_vw=20_le=0.05_lx=0.35_se=0.95_sx=0.65,10,20,0.05,0.35,0.95,0.65,1.6512232495146808,0.09575993597275301,0.05538204966499153,-0.127737395054894,0.0010246157781843973,0.002991907944380527,1.0014195113090754,4.641428330804925
fw=10_vw=10_le=0.10_lx=0.25_se=0.85_sx=0.75,10,10,0.1,0.25,0.85,0.75,1.6501163791258289,0.07895711738870603,0.04605429261051102,-0.12502358222346477,0.0007281357200262131,0.0025568098636574036,1.1712092472363875,3.580954528930115
fw=10_vw=20_le=0.05_lx=0.35_se=0.85_sx=0.65,10,20,0.05,0.35,0.85,0.65,1.649175841474031,0.09128000285403703,0.05296665135475469,-0.13130592039669242,0.0008181821323803832,0.0024980647231949544,1.011898428670132,4.332974815634252
fw=5_vw=10_le=0.05_lx=0.35_se=0.85_sx=0.65,5,10,0.05,0.35,0.85,0.65,1.6488839253173324,0.08425726583898396,0.04906058196504909,-0.11654788613304057,-0.0013507660262800777,-0.004452497104757325,1.0262888829380397,3.8879568865716214
fw=20_vw=20_le=0.15_lx=0.25_se=0.90_sx=0.75,20,20,0.15,0.25,0.9,0.75,1.6484980506269693,0.07304078761554078,0.042764063681187195,-0.11825937300990086,-0.0009127123046109699,-0.003451526007709708,1.1525998729340066,3.265241407026498
fw=10_vw=20_le=0.05_lx=0.45_se=0.90_sx=0.75,10,20,0.05,0.45,0.9,0.75,1.646393675129092,0.08948863333186008,0.05205829184185962,-0.14857045955639647,-0.0007534092663088451,-0.0023404386204329735,0.976311650564983,4.2151173261172685
fw=10_vw=10_le=0.10_lx=0.45_se=0.90_sx=0.75,10,10,0.1,0.45,0.9,0.75,1.646275631881797,0.07989494565614397,0.04668948648433823,-0.08697569780098346,0.0014411504120683774,0.0049916764237138,1.0388669053694624,3.633561072654493
fw=5_vw=10_le=0.05_lx=0.35_se=0.95_sx=0.85,5,10,0.05,0.35,0.95,0.85,1.6459044219450567,0.09831321010788452,0.05697509300471979,-0.11706162483095728,-0.004280002087825296,-0.012148289992205404,1.1603215278992514,4.826346269546115
fw=5_vw=10_le=0.05_lx=0.45_se=0.90_sx=0.85,5,10,0.05,0.45,0.9,0.85,1.6458685029736262,0.0843061153664495,0.04917783969676741,-0.1097808171962742,0.0006675436308441043,0.002195161220831942,1.0881600217859917,3.890898216453037
fw=10_vw=20_le=0.05_lx=0.45_se=0.85_sx=0.65,10,20,0.05,0.45,0.85,0.65,1.6458505637570384,0.08599917510486121,0.050126338172025504,-0.14560818693122313,0.0007559945660357141,0.002438983748483398,0.9406520421449643,3.9941435771445817
fw=10_vw=20_le=0.10_lx=0.45_se=0.95_sx=0.75,10,20,0.1,0.45,0.95,0.75,1.644809041858778,0.0886786956380552,0.05165630351386974,-0.09179196806902601,0.0003885279655004916,0.0012163405101361549,1.0268286461502385,4.162825719904287
fw=10_vw=10_le=0.15_lx=0.25_se=0.85_sx=0.65,10,10,0.15,0.25,0.85,0.65,1.644607550948267,0.07048882858196515,0.04141741490410074,-0.09069496998120496,0.00022836068986829307,0.0008916503205704343,1.1090015598701157,3.137309326745851
fw=10_vw=20_le=0.05_lx=0.45_se=0.95_sx=0.65,10,20,0.05,0.45,0.95,0.65,1.6415843072796357,0.09045742931892753,0.052752251437869206,-0.14133064302080156,0.0009624282118397293,0.0029504180588301792,0.9301731247839077,4.278476553653273
fw=15_vw=20_le=0.10_lx=0.35_se=0.85_sx=0.65,15,20,0.1,0.35,0.85,0.65,1.6409509664653648,0.07724065638410704,0.045341284057227656,-0.14492850324576845,0.0011885263557751913,0.004239076108381546,1.0300156690587816,3.4865215336118625
fw=15_vw=20_le=0.05_lx=0.25_se=0.95_sx=0.75,15,20,0.05,0.25,0.95,0.75,1.6394256201141835,0.10449565507574832,0.06062416544717129,-0.20274843596767245,0.007709687962861494,0.020565877292656038,1.133327378848142,5.303209314821678
fw=20_vw=20_le=0.10_lx=0.45_se=0.85_sx=0.75,20,20,0.1,0.45,0.85,0.75,1.6391819662386955,0.07190113516017171,0.042358832125855964,-0.11357589039333738,-0.0004133592552826147,-0.0015781195528843182,1.0018489547050997,3.2075150023894143
fw=15_vw=20_le=0.05_lx=0.35_se=0.95_sx=0.75,15,20,0.05,0.35,0.95,0.75,1.6390157688336036,0.10172795358169484,0.05910853087454054,-0.19363255041240346,0.008477009789097236,0.023192562295919303,1.071553187522455,5.084500938404047
fw=15_vw=10_le=0.05_lx=0.45_se=0.85_sx=0.75,15,10,0.05,0.45,0.85,0.75,1.6389613904435385,0.09016312752576616,0.05267198106511005,-0.14819845655067598,0.011320338256289334,0.03475649415339852,0.9819258636233111,4.2591351365446695
fw=15_vw=10_le=0.05_lx=0.45_se=0.90_sx=0.65,15,10,0.05,0.45,0.9,0.65,1.638755571037242,0.0933473547575645,0.054458370544306106,-0.12648845181170432,0.008400552517813098,0.02494591400999735,0.915404774851313,4.472840130065711
fw=5_vw=20_le=0.05_lx=0.45_se=0.90_sx=0.85,5,20,0.05,0.45,0.9,0.85,1.6374083921425693,0.08413983918418189,0.04933827017279279,-0.09224422568464641,-0.005231961725204279,-0.017148923055694553,1.085540036547787,3.8808949401867623
fw=20_vw=10_le=0.15_lx=0.35_se=0.85_sx=0.65,20,10,0.15,0.35,0.85,0.65,1.635701263959036,0.06345944096746137,0.037615192317474726,-0.12024795477425254,0.004169684464851658,0.017926525256158853,1.0051666905854992,2.8088588445677902
fw=20_vw=20_le=0.15_lx=0.35_se=0.85_sx=0.75,20,20,0.15,0.35,0.85,0.75,1.6355060911665769,0.06668680167610486,0.03947242867479119,-0.12439065521948467,0.002365263477729279,0.009690404135313418,1.076186870020776,2.955423715682374
fw=15_vw=20_le=0.10_lx=0.25_se=0.90_sx=0.75,15,20,0.1,0.25,0.9,0.75,1.634045541913894,0.08203490810017344,0.048250455970152734,-0.15877754570413083,0.001282318300845422,0.004297843833961397,1.178359208376749,3.75633406340513
fw=20_vw=10_le=0.15_lx=0.35_se=0.85_sx=0.75,20,10,0.15,0.35,0.85,0.75,1.6297429962454106,0.0655069786912943,0.038932962048661174,-0.12496049605231219,0.004116927517527401,0.017100625132986307,1.0699252432485455,2.9010295593089115
fw=15_vw=40_le=0.05_lx=0.45_se=0.90_sx=0.65,15,40,0.05,0.45,0.9,0.65,1.628229729089284,0.08891305734099308,0.052314487378186045,-0.19173362990847553,0.005113587864640223,0.015807382449790047,0.9582265653662165,4.17789363089384
fw=15_vw=40_le=0.05_lx=0.45_se=0.95_sx=0.65,15,40,0.05,0.45,0.95,0.65,1.6254026237503951,0.09379388998870142,0.0551569713031411,-0.19275220952236793,0.001293417308781424,0.003792228257238938,0.9287330451254547,4.503602606682239
fw=20_vw=20_le=0.15_lx=0.45_se=0.85_sx=0.75,20,20,0.15,0.45,0.85,0.75,1.624475688787075,0.06319966416590495,0.037724733567149234,-0.08477771622232866,0.0025391997319952737,0.010884961434870262,0.9997244474817779,2.7973637633506963
fw=15_vw=20_le=0.05_lx=0.45_se=0.90_sx=0.65,15,20,0.05,0.45,0.9,0.65,1.62120941489449,0.08815978372503874,0.05211417902958893,-0.20539727681359776,0.011001489426335453,0.03413907875310369,0.9235529327166251,4.129644764496525
fw=20_vw=10_le=0.15_lx=0.45_se=0.90_sx=0.85,20,10,0.15,0.45,0.9,0.85,1.6206795870398558,0.06845436479354783,0.04085513620060813,-0.13768870473752948,-0.003260195762651816,-0.01290485794660959,1.0659665942011338,3.0387125768193357
fw=20_vw=20_le=0.05_lx=0.35_se=0.90_sx=0.65,20,20,0.05,0.35,0.9,0.65,1.6203796041612066,0.087091066895991,0.05153445686962124,-0.19471696455406895,-0.0007719586911008593,-0.0024224374400382454,0.9755227906084342,4.0620895040237865
fw=10_vw=10_le=0.05_lx=0.25_se=0.95_sx=0.65,10,10,0.05,0.25,0.95,0.65,1.619291466273003,0.10824243787039078,0.06346934648471178,-0.13646204663986217,-0.0013671549860279175,-0.0034834528489433992,1.1437527594807593,5.613407964748167
fw=10_vw=20_le=0.10_lx=0.35_se=0.95_sx=0.85,10,20,0.1,0.35,0.95,0.85,1.6192486084850286,0.08866838150573675,0.0524658663329522,-0.09476597332014802,-0.001433397503597753,-0.004418206473540043,1.17724602791035,4.162163764769716
fw=20_vw=20_le=0.10_lx=0.25_se=0.95_sx=0.75,20,20,0.1,0.25,0.95,0.75,1.6187750300069752,0.087298845381661,0.051703600288012186,-0.16664773866273241,-0.004607444825863106,-0.014411048179353061,1.1554302159854892,4.075141569882756
fw=5_vw=10_le=0.05_lx=0.35_se=0.95_sx=0.75,5,10,0.05,0.35,0.95,0.75,1.61800593200658,0.09544385153384538,0.05634072360433523,-0.11832347767984952,-0.005026133946893576,-0.014426728216753736,1.1086169755589723,4.619005488688518
fw=20_vw=10_le=0.15_lx=0.25_se=0.85_sx=0.65,20,10,0.15,0.25,0.85,0.65,1.6177673553797596,0.06370406479972202,0.03817435024928562,-0.13212833179794126,0.004105982318738886,0.01739408681685771,1.0788108986263563,2.8197240075252314
fw=20_vw=20_le=0.15_lx=0.25_se=0.85_sx=0.75,20,20,0.15,0.25,0.85,0.75,1.6155920417514775,0.06932453430483654,0.04148768442293032,-0.12958085392353547,0.001700626598014843,0.006628968931686201,1.1608594381985766,3.080521718419028
fw=15_vw=20_le=0.05_lx=0.45_se=0.95_sx=0.65,15,20,0.05,0.45,0.95,0.65,1.6129855222925407,0.09137759535225687,0.05421049723930616,-0.19293389424589824,0.011467917014710588,0.034210337848238036,0.8979600108791269,4.339483793653159
fw=15_vw=40_le=0.05_lx=0.45_se=0.85_sx=0.65,15,40,0.05,0.45,0.85,0.65,1.6118049102477594,0.08592302168510679,0.05114163385974429,-0.21022458719749038,0.0051896496635897675,0.016410418428947405,0.9667292094262667,3.989444819322282
fw=20_vw=20_le=0.10_lx=0.35_se=0.90_sx=0.85,20,20,0.1,0.35,0.9,0.85,1.611659569596129,0.0804316364068105,0.04800059894226565,-0.13737500849975604,-0.004816320936170077,-0.0162265044935531,1.1709251696252643,3.6639922880918347
fw=20_vw=10_le=0.15_lx=0.25_se=0.85_sx=0.75,20,10,0.15,0.25,0.85,0.75,1.6111859029173239,0.06575207351145096,0.03952413072567297,-0.13172662533644452,0.004053225371414622,0.016584204246746285,1.1435694512894024,2.9122512548979484
fw=10_vw=20_le=0.05_lx=0.25_se=0.85_sx=0.75,10,20,0.05,0.25,0.85,0.75,1.6082740759196263,0.09476742546454253,0.05629758337132606,-0.16516466165402088,-0.001194977261865227,-0.003432622945177251,1.1459301407661056,4.5713620438276505
fw=20_vw=20_le=0.05_lx=0.35_se=0.90_sx=0.75,20,20,0.05,0.35,0.9,0.75,1.6059813840105888,0.08828836176396537,0.05268190064071278,-0.1839106451200322,-0.0017662056918094375,-0.0054217071711104795,1.040131621047976,4.137843214074619
fw=5_vw=20_le=0.05_lx=0.45_se=0.85_sx=0.65,5,20,0.05,0.45,0.85,0.65,1.6055831224781965,0.07813864935798032,0.04685903855005009,-0.1147314426216205,-0.005267052460911437,-0.018177346372500958,0.9634628900747904,3.5356295247927885
fw=15_vw=20_le=0.15_lx=0.25_se=0.90_sx=0.65,15,20,0.15,0.25,0.9,0.65,1.6053028930999353,0.06914361643094624,0.04164819600562314,-0.10386677687175494,0.00346575355222609,0.013457292581879809,1.0858322651454708,3.07178484201216
fw=20_vw=40_le=0.10_lx=0.35_se=0.95_sx=0.65,20,40,0.1,0.35,0.95,0.65,1.6034684291589167,0.07989573022138075,0.04793639150367231,-0.12908634566679422,-0.0038188200778008813,-0.012883090895884006,1.0063467288911112,3.633605384754622
fw=10_vw=10_le=0.05_lx=0.35_se=0.90_sx=0.85,10,10,0.05,0.35,0.9,0.85,1.5998969311174966,0.09853589896780912,0.05874021661620969,-0.14215472677634367,-0.0006044355572360231,-0.001664066483204526,1.205022246425078,4.8427985360842785
fw=10_vw=20_le=0.15_lx=0.35_se=0.85_sx=0.65,10,20,0.15,0.35,0.85,0.65,1.5984433324460294,0.067336684194363,0.04076870543281015,-0.09882235671475781,0.0014854792299309578,0.005892449580077401,1.0320506383765895,2.9857938823978447
fw=20_vw=20_le=0.10_lx=0.45_se=0.95_sx=0.65,20,20,0.1,0.45,0.95,0.65,1.5911845930926516,0.07442727756718992,0.04511591858528095,-0.1418123725509518,-0.0003456962957094209,-0.0012391421614754022,0.9232978139711066,3.3367882320996243
fw=15_vw=20_le=0.10_lx=0.25_se=0.85_sx=0.65,15,20,0.1,0.25,0.85,0.65,1.590362580869529,0.07614237093083087,0.046142162083625454,-0.1535404135725954,0.0004197051953747742,0.001470965941149883,1.0979659366571852,3.4273322085237736
fw=5_vw=20_le=0.05_lx=0.45_se=0.95_sx=0.75,5,20,0.05,0.45,0.95,0.75,1.589978949222099,0.08766875178374,0.05285393623455389,-0.0854846923046454,-0.004297072918881413,-0.013147754900685267,0.993173838185412,4.098475721031185
fw=5_vw=20_le=0.05_lx=0.45_se=0.95_sx=0.65,5,20,0.05,0.45,0.95,0.65,1.5892547798812577,0.08594219876520093,0.05187840059750927,-0.09928652938162585,-0.006773241987177693,-0.021113791368395116,0.935584366875002,3.9906275783353933
fw=15_vw=40_le=0.05_lx=0.25_se=0.85_sx=0.75,15,40,0.05,0.25,0.85,0.75,1.5891007970549464,0.09727551860685058,0.05841687724498023,-0.22081405415733024,0.004110765888349055,0.011379956944754977,1.211303904772306,4.75037231359917
fw=10_vw=10_le=0.15_lx=0.35_se=0.90_sx=0.65,10,10,0.15,0.35,0.9,0.65,1.5889807577337605,0.07102880065391437,0.04318471582297771,-0.06692667251764417,0.0018017068884982619,0.006746993399208991,1.029442369751331,3.16397891019971
fw=5_vw=10_le=0.05_lx=0.35_se=0.90_sx=0.65,5,10,0.05,0.35,0.9,0.65,1.5888834764734308,0.08347662846323689,0.05045994406831136,-0.1324261097738474,-0.0019985644739431083,-0.00640512501590356,1.0311763044370679,3.8412358932256705
fw=10_vw=20_le=0.15_lx=0.45_se=0.90_sx=0.65,10,20,0.15,0.45,0.9,0.65,1.5850356813267452,0.06994088731838954,0.04265102814234879,-0.09453103169197608,0.0005098548048443821,0.0019331841425750662,0.9248771597625017,3.1104623523663872
fw=20_vw=20_le=0.05_lx=0.35_se=0.85_sx=0.65,20,20,0.05,0.35,0.85,0.65,1.584734280706544,0.08376413938638838,0.05075948487399041,-0.21241317154237171,0.001545125205217861,0.0049226922204227905,0.9822962781356034,3.858381602262642
fw=10_vw=10_le=0.15_lx=0.35_se=0.85_sx=0.75,10,10,0.15,0.35,0.85,0.75,1.584591219973189,0.06685992624629256,0.04084314286639577,-0.09131435326008974,0.0024288774384390458,0.009617067396864935,1.1035773712694121,2.963485622906047
fw=20_vw=40_le=0.05_lx=0.35_se=0.85_sx=0.65,20,40,0.05,0.35,0.85,0.65,1.5845635532596305,0.0836040615767144,0.05067173183537114,-0.16697134962844262,-0.0008078560604307735,-0.002578246590040012,0.9912526807119338,3.848826504679841
fw=15_vw=20_le=0.15_lx=0.45_se=0.90_sx=0.65,15,20,0.15,0.45,0.9,0.65,1.5826998329746362,0.06526590847354696,0.039947212982104664,-0.09318143980145399,0.004679567412938929,0.01894416358781364,0.9280202318840154,2.8900318085854577
fw=10_vw=40_le=0.10_lx=0.45_se=0.95_sx=0.65,10,40,0.1,0.45,0.95,0.65,1.580318945636613,0.07794187493858584,0.04749266082544446,-0.15107822710331853,0.0005359775111491475,0.0018250563492086189,1.0041701092743132,3.5248133152455714
fw=10_vw=20_le=0.15_lx=0.25_se=0.85_sx=0.65,10,20,0.15,0.25,0.85,0.65,1.5800248383069029,0.06855146144437407,0.04196387001956943,-0.11566641878636696,-0.00013318840826415782,-0.000513271449957816,1.1057894269951205,3.0433512017352538
fw=15_vw=10_le=0.10_lx=0.35_se=0.85_sx=0.65,15,10,0.1,0.35,0.85,0.65,1.5785674020331713,0.06918625990388882,0.04237883937960638,-0.12197548387102497,0.006999905814931801,0.02671156602683454,0.9811822775180299,3.0738420768285333
fw=10_vw=20_le=0.10_lx=0.25_se=0.95_sx=0.85,10,20,0.1,0.25,0.95,0.85,1.5784310707719107,0.08867431035018858,0.053826060935438666,-0.12339739335777722,-0.0032497943619702926,-0.00976381393202653,1.249229967176334,4.1625442625303295
fw=15_vw=20_le=0.10_lx=0.35_se=0.95_sx=0.75,15,20,0.1,0.35,0.95,0.75,1.5777966631715257,0.0833599693496998,0.05074626935917474,-0.13020575470183016,0.0015632831003926904,0.004981839422949204,1.084083004046975,3.834299385237616
fw=15_vw=20_le=0.05_lx=0.35_se=0.90_sx=0.85,15,20,0.05,0.35,0.9,0.85,1.576117163778896,0.09592087085611922,0.05811432671402862,-0.21520616559094974,0.00742547116010149,0.02066317326583618,1.1751189227582444,4.652884245386098
fw=5_vw=20_le=0.05_lx=0.25_se=0.90_sx=0.65,5,20,0.05,0.25,0.9,0.65,1.5756358743139556,0.0861952508872923,0.052474683859485366,-0.12526278431274096,-0.00535020884147284,-0.01648834690879129,1.0956910008200196,4.006265651940543
fw=15_vw=20_le=0.05_lx=0.25_se=0.90_sx=0.85,15,20,0.05,0.25,0.9,0.85,1.5752194614677173,0.09867398411041384,0.05974023680733789,-0.22277651549557465,0.006658149333865752,0.01802365244416444,1.236893114083931,4.853026751267357
fw=20_vw=20_le=0.15_lx=0.35_se=0.95_sx=0.65,20,20,0.15,0.35,0.95,0.65,1.5745776094195825,0.06920065549744447,0.042494773172793945,-0.15303050634049808,0.0024329264373024757,0.009258692799786444,0.9976357292867829,3.0745368511170668
fw=15_vw=20_le=0.10_lx=0.45_se=0.90_sx=0.75,15,20,0.1,0.45,0.9,0.75,1.5736781316842074,0.07554024432043671,0.0462757197499554,-0.1361189473515383,0.004710042271743817,0.016459924352375303,1.0260897468629517,3.3952844819964136
fw=5_vw=20_le=0.05_lx=0.35_se=0.90_sx=0.85,5,20,0.05,0.35,0.9,0.85,1.5707231344651456,0.084620755493789,0.05171528323589103,-0.09669669519428314,-0.004246082334783876,-0.013277787565182655,1.1562025127283606,3.909893547031066
fw=20_vw=40_le=0.10_lx=0.35_se=0.85_sx=0.65,20,40,0.1,0.35,0.85,0.65,1.5699372859349356,0.06847626227336456,0.04218867861066291,-0.1544940534519732,-0.0023431554111271154,-0.008981758706816527,1.0392312246104982,3.039758110096793
fw=5_vw=10_le=0.05_lx=0.35_se=0.90_sx=0.75,5,10,0.05,0.35,0.9,0.75,1.569547036665699,0.0836084864557809,0.05115913129459079,-0.1276386549985259,-0.0022073038948429843,-0.006977425058349213,1.0973603679471235,3.8490903278534954
fw=15_vw=10_le=0.05_lx=0.35_se=0.95_sx=0.65,15,10,0.05,0.35,0.95,0.65,1.5691756640814694,0.10582663249971347,0.06410572207261457,-0.12899971867188242,0.00649652848194878,0.01638855876827759,0.9605768572285507,5.411507422869032
fw=20_vw=20_le=0.05_lx=0.35_se=0.85_sx=0.75,20,20,0.05,0.35,0.85,0.75,1.5664270927531097,0.08451930165545507,0.05179739883695103,-0.20591997783755944,0.000847133210816375,0.0026448434412302273,1.048391186312546,3.9037591097981315
fw=10_vw=20_le=0.15_lx=0.35_se=0.90_sx=0.75,10,20,0.15,0.35,0.9,0.75,1.5663348256361551,0.07076617738277191,0.04365250950142146,-0.09625664369084974,-2.3924602413600764e-05,-8.863224014703492e-05,1.0677102467966082,3.150981251131582
fw=5_vw=20_le=0.05_lx=0.45_se=0.95_sx=0.85,5,20,0.05,0.45,0.95,0.85,1.56606451936344,0.08919910357220551,0.05455883697370946,-0.08043616198279813,-0.004344939767588477,-0.012878784278632928,1.0546903101179617,4.196354022778499
fw=10_vw=20_le=0.05_lx=0.35_se=0.85_sx=0.75,10,20,0.05,0.35,0.85,0.75,1.5654237303417318,0.08765775073116067,0.053676541357936314,-0.14322936940682363,0.001213005712673442,0.003654555268550936,1.0825891339641864,4.097779951971305
fw=15_vw=20_le=0.15_lx=0.25_se=0.95_sx=0.65,15,20,0.15,0.25,0.95,0.65,1.565030485927855,0.07230519509942135,0.04460661928246436,-0.09043780978703686,0.003932181140601229,0.0142557614277281,1.0602393433079729,3.2278709912537478
fw=10_vw=20_le=0.05_lx=0.25_se=0.90_sx=0.85,10,20,0.05,0.25,0.9,0.85,1.5642654514347338,0.09570734647289414,0.05843006578223692,-0.15621027696321366,-0.0035051493189558764,-0.009701220161919027,1.1870091105294593,4.63769057785755
fw=20_vw=20_le=0.15_lx=0.25_se=0.95_sx=0.65,20,20,0.15,0.25,0.95,0.65,1.5637070338715966,0.0718446044534411,0.044369624300459744,-0.15761409872964616,0.001768289557588027,0.006445013676320139,1.0823082974645835,3.2046767080093455
fw=10_vw=10_le=0.10_lx=0.45_se=0.95_sx=0.65,10,10,0.1,0.45,0.95,0.65,1.5634271461332185,0.08150248431807516,0.050115071691197006,-0.07313775768530939,8.81794401496619e-05,0.00028454777468713005,0.9809600857974168,3.7254286656759272
fw=5_vw=20_le=0.05_lx=0.45_se=0.85_sx=0.75,5,20,0.05,0.45,0.85,0.75,1.5620985712848119,0.07664627134073987,0.047276725500821494,-0.1155258130062371,-0.005175418823029426,-0.01770330390330759,1.0338209083228536,3.454370348709667
fw=15_vw=40_le=0.05_lx=0.35_se=0.85_sx=0.75,15,40,0.05,0.35,0.85,0.75,1.5603489332708607,0.08997592555240308,0.05521560435034536,-0.20280793310543221,0.004707169927582502,0.01378650741829679,1.133481214254465,4.246875103068349
fw=10_vw=20_le=0.15_lx=0.35_se=0.95_sx=0.65,10,20,0.15,0.35,0.95,0.65,1.5597986280100002,0.07171832497201613,0.04440526509147507,-0.0853398499478567,0.0016919128757349787,0.006161688524050197,1.021571721015533,3.1983449951524316
fw=10_vw=20_le=0.05_lx=0.25_se=0.95_sx=0.75,10,20,0.05,0.25,0.95,0.75,1.5589662286741772,0.0974113282201996,0.059625453496713735,-0.1526040971282644,-0.000985489020853124,-0.0026728605888157063,1.146394670409007,4.760251168611868
fw=15_vw=20_le=0.05_lx=0.35_se=0.85_sx=0.75,15,20,0.05,0.35,0.85,0.75,1.558576427813403,0.09138723845861607,0.056108626643664845,-0.20957443457175584,0.008167576182537906,0.023540721404303508,1.097976665336331,4.340127444148482
fw=5_vw=20_le=0.05_lx=0.25_se=0.90_sx=0.75,5,20,0.05,0.25,0.9,0.75,1.5580880394938414,0.08603439067946272,0.0529706192529917,-0.11941141342877304,-0.004992630027037012,-0.015242301454362688,1.1604683871824981,3.9963181799292835
fw=5_vw=10_le=0.05_lx=0.35_se=0.95_sx=0.65,5,10,0.05,0.35,0.95,0.65,1.557701810425179,0.0901111211377752,0.05538905871806169,-0.11442686044332362,-0.0038879135097826564,-0.011351384187577982,1.0489779693502779,4.255725854493038
fw=10_vw=10_le=0.15_lx=0.25_se=0.90_sx=0.65,10,10,0.15,0.25,0.9,0.65,1.5569392164656304,0.07132479925774993,0.04425093288265703,-0.07556510593890886,8.273836663296693e-05,0.0003023714096891147,1.110504614323283,3.178688803393454
fw=15_vw=20_le=0.05_lx=0.25_se=0.85_sx=0.75,15,20,0.05,0.25,0.85,0.75,1.5566970701303886,0.09412896256632597,0.05778810821069895,-0.21841456552517957,0.007400254356302157,0.020709250540982035,1.1597508566620174,4.526816804275386
fw=10_vw=20_le=0.05_lx=0.45_se=0.85_sx=0.75,10,20,0.05,0.45,0.85,0.75,1.5566096625100552,0.08239445147098379,0.05086417849814445,-0.15955015829719132,0.001150818146328771,0.003658902855208832,1.0113427474390184,3.7773405505755457
fw=20_vw=20_le=0.10_lx=0.25_se=0.90_sx=0.85,20,20,0.1,0.25,0.9,0.85,1.5547294786190946,0.08134716001954923,0.05030304968164465,-0.14556946759534906,-0.005770315074472277,-0.018550747934125707,1.2547992224430882,3.7164577716390266
fw=15_vw=40_le=0.05_lx=0.25_se=0.90_sx=0.75,15,40,0.05,0.25,0.9,0.75,1.5535140167013013,0.09786648448958135,0.06010163787665178,-0.2094719271055775,0.00259751116352071,0.006989197736929568,1.2120717446957556,4.793500511709931
fw=10_vw=20_le=0.15_lx=0.25_se=0.90_sx=0.75,10,20,0.15,0.25,0.9,0.75,1.5532718943177626,0.0719848578719069,0.04475194438504374,-0.11376844709754652,-0.001642592240608707,-0.005935729072200327,1.141449035415139,3.211722896818061
fw=20_vw=40_le=0.05_lx=0.35_se=0.90_sx=0.65,20,40,0.05,0.35,0.9,0.65,1.5531488126984772,0.08379640494919238,0.051810918829485894,-0.14828763170071202,-0.003990932292613224,-0.012456879919311572,0.9702780603739453,3.860310243854756
fw=20_vw=20_le=0.15_lx=0.45_se=0.95_sx=0.65,20,20,0.15,0.45,0.95,0.65,1.5521513509304512,0.06570529987304119,0.040999116054076835,-0.11655050290981273,0.00260686269156846,0.010282527403897485,0.9211733067477849,2.9101065714414616
fw=20_vw=20_le=0.05_lx=0.35_se=0.95_sx=0.65,20,20,0.05,0.35,0.95,0.65,1.550620784226492,0.08707518121307145,0.05384344808616305,-0.2321772687610517,0.0009147961703895623,0.0027475631704047083,0.969840045578553,4.061093229126742
fw=10_vw=20_le=0.15_lx=0.25_se=0.95_sx=0.65,10,20,0.15,0.25,0.95,0.65,1.549265097317837,0.07293808913722777,0.04544139234715534,-0.10244126484449245,7.324523753987325e-05,0.0002606657518856747,1.0953105096340638,3.2599996744396953
fw=10_vw=10_le=0.15_lx=0.45_se=0.90_sx=0.75,10,10,0.15,0.45,0.9,0.75,1.5488736676928165,0.0697443757905103,0.043528223255584995,-0.06726000200198234,0.001385434006959979,0.005147200853908928,1.0423135634679799,3.1008868060017343
fw=15_vw=10_le=0.05_lx=0.35_se=0.90_sx=0.75,15,10,0.05,0.35,0.9,0.75,1.5469872548062873,0.0921772216615544,0.05699669133012368,-0.1367684073043096,0.008675493924330969,0.02461505309014664,1.0494245381686136,4.393162646850618
fw=10_vw=10_le=0.15_lx=0.25_se=0.85_sx=0.75,10,10,0.15,0.25,0.85,0.75,1.5455766462899623,0.06715477270463621,0.04205292311934465,-0.09972700447304628,0.0007099089165737445,0.002730000044742196,1.1846396158413646,2.97726338762299
fw=20_vw=40_le=0.05_lx=0.35_se=0.95_sx=0.75,20,40,0.05,0.35,0.95,0.75,1.5443083819333123,0.09024946534946165,0.05595160808480558,-0.14163526645184032,-0.00212270209414095,-0.00613525598482845,1.0398366224671958,4.2648006901096585
fw=15_vw=20_le=0.15_lx=0.45_se=0.95_sx=0.65,15,20,0.15,0.45,0.95,0.65,1.543296341056755,0.06841602032075289,0.04288042099567165,-0.09273077727268086,0.005145995001314062,0.01940736312097738,0.9024273100465174,3.036882567798248
fw=15_vw=10_le=0.05_lx=0.45_se=0.95_sx=0.65,15,10,0.05,0.45,0.95,0.65,1.5427639997018026,0.10234690774144006,0.06316031455519479,-0.12740855997053147,0.005966952087221171,0.015277928693162381,0.8950951568169445,5.132662338065811
fw=10_vw=10_le=0.10_lx=0.35_se=0.90_sx=0.75,10,10,0.1,0.35,0.9,0.75,1.5402791330665138,0.0768307614514061,0.04805768342952562,-0.11937133620124396,0.0016210891676449904,0.00545506944721133,1.102943044618161,3.4643197340747487
fw=5_vw=10_le=0.05_lx=0.35_se=0.85_sx=0.75,5,10,0.05,0.35,0.85,0.75,1.537766771039561,0.07927441947535652,0.049610241925028734,-0.1168115412078965,-0.00222333803846104,-0.00724753574083283,1.096858189384774,3.5986725710618535
fw=5_vw=20_le=0.05_lx=0.35_se=0.95_sx=0.75,5,20,0.05,0.35,0.95,0.75,1.5368989230316759,0.0881512334925354,0.054967922014758225,-0.09776144801646236,-0.0033111935284610037,-0.009741626121316944,1.063836314365986,4.1291001228577615
fw=15_vw=20_le=0.10_lx=0.25_se=0.95_sx=0.75,15,20,0.1,0.25,0.95,0.75,1.536329335298609,0.08225544503756299,0.05145201405118757,-0.13919843071981264,0.0007944619399922763,0.002497048221261355,1.1520332716453785,3.769205970322451
fw=15_vw=20_le=0.15_lx=0.35_se=0.90_sx=0.75,15,20,0.15,0.35,0.9,0.75,1.5361096768405682,0.06793850668370771,0.042790018095588224,-0.10964517368328908,0.003927257957219431,0.014842367155341409,1.0989342037367713,3.014179640035592
fw=15_vw=10_le=0.05_lx=0.25_se=0.90_sx=0.65,15,10,0.05,0.25,0.9,0.65,1.5353646571374462,0.0923084325634631,0.057506393959210284,-0.15242051821992242,0.007457146979528433,0.02097069289006765,1.0383626985516474,4.402030240263154
fw=10_vw=20_le=0.10_lx=0.45_se=0.95_sx=0.85,10,20,0.1,0.45,0.95,0.85,1.5343735386553958,0.08595398960441081,0.053741055675228064,-0.09319823683718553,0.0001350451528091019,0.0004063769061598974,1.098552407123662,3.991354949787865
fw=5_vw=20_le=0.05_lx=0.35_se=0.95_sx=0.65,5,20,0.05,0.35,0.95,0.65,1.5341177091820746,0.08642391458801368,0.054032027513510494,-0.11145466400292625,-0.005787362596757289,-0.017321505699428606,1.006246843055576,4.020446123281756
fw=10_vw=10_le=0.05_lx=0.25_se=0.90_sx=0.85,10,10,0.05,0.25,0.9,0.85,1.533273512067287,0.09878128053667012,0.061438248344800814,-0.13380428585656123,-0.0013284939598247202,-0.003496849743074003,1.288247473177033,4.8609884129918
fw=20_vw=10_le=0.15_lx=0.35_se=0.90_sx=0.85,20,10,0.15,0.35,0.9,0.85,1.5328902384386098,0.06649160090689277,0.0419954292249341,-0.14340535913443198,-0.0028250453170473827,-0.010878765284672085,1.1377853009219974,2.9463585235316647
fw=10_vw=40_le=0.05_lx=0.45_se=0.95_sx=0.65,10,40,0.05,0.45,0.95,0.65,1.5312429849446385,0.08640216020252933,0.05412038914758136,-0.2165950617448429,0.0021341191722578584,0.006376964055510574,0.9731602421635389,4.019095006340701
fw=5_vw=20_le=0.05_lx=0.35_se=0.85_sx=0.65,5,20,0.05,0.35,0.85,0.65,1.5308359389414754,0.07861690358474505,0.04943676435578646,-0.11098574538866102,-0.004281173070491039,-0.014004543566183443,1.034125366255364,3.562048258645836
fw=15_vw=10_le=0.05_lx=0.25_se=0.85_sx=0.75,15,10,0.05,0.25,0.85,0.75,1.5288345483113743,0.08912723105293052,0.05584428357109688,-0.17162386517110106,0.010376932718004682,0.030050139295134008,1.1048837873236454,4.191708427585006
fw=20_vw=20_le=0.10_lx=0.45_se=0.95_sx=0.75,20,20,0.1,0.45,0.95,0.75,1.5275591727036972,0.07472025812247796,0.04717355896946115,-0.1341006240863689,-0.00218238722817658,-0.00748151207604967,0.987868016335393,3.352094355542674
fw=20_vw=40_le=0.10_lx=0.45_se=0.95_sx=0.65,20,40,0.1,0.45,0.95,0.65,1.5274716233466836,0.0727649788837248,0.045984099991642664,-0.09177671988451297,-0.0020656277952706458,-0.007264414061345082,0.924292459934792,3.251182030711269
fw=15_vw=20_le=0.10_lx=0.45_se=0.85_sx=0.65,15,20,0.1,0.45,0.85,0.65,1.527354118893953,0.06968307573988719,0.04410399190994876,-0.1345789709701899,0.0038474291662731756,0.014107463830150914,0.9456964751433878,3.097905475344865
fw=5_vw=10_le=0.05_lx=0.35_se=0.90_sx=0.85,5,10,0.05,0.35,0.9,0.85,1.526376001722742,0.08244049466186687,0.05189953786282545,-0.11910977713869941,-0.0005411617232876659,-0.0016862415746561972,1.1624369866057842,3.7800386108245765
fw=10_vw=40_le=0.05_lx=0.25_se=0.95_sx=0.65,10,40,0.05,0.25,0.95,0.65,1.524764431242153,0.09416046504314846,0.059017228347033344,-0.2368735866385724,-0.0003076550996364697,-0.0008430270713454672,1.1276676080733175,4.529005108153704
fw=15_vw=40_le=0.05_lx=0.35_se=0.90_sx=0.75,15,40,0.05,0.35,0.9,0.75,1.5240872726213175,0.09056296005201281,0.056882595624255336,-0.1911842077801612,0.003193915202754152,0.009080299814938003,1.134249054177915,4.2854320958060494
fw=15_vw=10_le=0.05_lx=0.45_se=0.90_sx=0.75,15,10,0.05,0.45,0.9,0.75,1.523909106704485,0.08874044775238632,0.05579169727423635,-0.1260229655470788,0.008145917529603364,0.023611666894100332,0.9839428377570073,4.166791006734527
fw=15_vw=40_le=0.05_lx=0.25_se=0.95_sx=0.75,15,40,0.05,0.25,0.95,0.75,1.5214186169366724,0.10165448077401296,0.06363345510037556,-0.20971651588132434,-0.0015049796142849138,-0.0038247347778592265,1.1944876602995325,5.078812253959898
fw=10_vw=10_le=0.05_lx=0.35_se=0.95_sx=0.75,10,10,0.05,0.35,0.95,0.75,1.521084532972297,0.09904924730298048,0.06209088540639449,-0.14477710223160933,-0.0007687519721431383,-0.0020022329420718004,1.146403112485318,4.880925892838838
fw=10_vw=20_le=0.05_lx=0.35_se=0.90_sx=0.85,10,20,0.05,0.35,0.9,0.85,1.5178856238536689,0.08859156767348964,0.05592300211926287,-0.1382982153422404,-0.0010971663444172206,-0.00317276723439881,1.1236681037275402,4.157237009711538
fw=20_vw=10_le=0.15_lx=0.25_se=0.90_sx=0.85,20,10,0.15,0.25,0.9,0.85,1.5177616168495986,0.06673692221623218,0.04256556683809903,-0.1545397089241224,-0.002888747463160154,-0.010975071752838775,1.2114295089628544,2.9577555595739664
fw=15_vw=20_le=0.10_lx=0.35_se=0.90_sx=0.85,15,20,0.1,0.35,0.9,0.85,1.5163320426557514,0.07764970217971601,0.049318002903775644,-0.15770466611834588,0.0005117444713969486,0.0016780461085162022,1.1876487392827644,3.508810681283032
fw=15_vw=10_le=0.10_lx=0.25_se=0.85_sx=0.65,15,10,0.1,0.25,0.85,0.65,1.516080814765828,0.06861937018998909,0.04377570537753427,-0.15739109506217175,0.0062724516090931675,0.02317183242249168,1.049048913861167,3.046599381259091
fw=5_vw=20_le=0.05_lx=0.35_se=0.95_sx=0.85,5,20,0.05,0.35,0.95,0.85,1.5146476141190837,0.08968226413358793,0.05670371916936933,-0.09302620582316334,-0.0033590603771680716,-0.009579933126433541,1.1253527862985357,4.22770978539547
fw=15_vw=40_le=0.10_lx=0.35_se=0.90_sx=0.65,15,40,0.1,0.35,0.9,0.65,1.5118779518780259,0.0696822829512298,0.04455496720213223,-0.1069715440843152,0.004274290032430764,0.01551401017569284,1.0357196165278266,3.097866935696171
fw=10_vw=20_le=0.15_lx=0.45_se=0.85_sx=0.65,10,20,0.15,0.45,0.85,0.65,1.5101253813974074,0.06438735519361094,0.04132066189274363,-0.10986736586681867,0.0022868774528994034,0.00895018135463483,0.9525258064789712,2.8502826629006277
fw=20_vw=20_le=0.05_lx=0.35_se=0.95_sx=0.75,20,20,0.05,0.35,0.95,0.75,1.509746121889167,0.08737161066612198,0.05548179037464116,-0.22452255181644143,-0.0009218947620775973,-0.0026871201937015052,1.0344102479428394,4.079721799462939
fw=20_vw=40_le=0.05_lx=0.45_se=0.95_sx=0.65,20,40,0.05,0.45,0.95,0.65,1.5090549475519517,0.08131649565832011,0.05180677905370251,-0.13384519361341252,-0.0003676991792259264,-0.0011477895878773971,0.8824638002233646,3.7146891269048288
fw=10_vw=10_le=0.10_lx=0.25_se=0.90_sx=0.75,10,10,0.1,0.25,0.9,0.75,1.5088160603907297,0.07769027887815505,0.04958862932043338,-0.11959540629424892,0.0001949789520858933,0.0006358604896891239,1.1807886886432353,3.5110290203602714
fw=15_vw=40_le=0.10_lx=0.35_se=0.85_sx=0.65,15,40,0.1,0.35,0.85,0.65,1.5076963625273982,0.06674505288962651,0.042854786366428234,-0.12911810060175266,0.004350351831380306,0.016416526024952933,1.044222260587877,2.9581339999119964
fw=15_vw=10_le=0.10_lx=0.45_se=0.85_sx=0.65,15,10,0.1,0.45,0.85,0.65,1.5065994606990893,0.06452624892108982,0.041503973106009166,-0.11181805392619282,0.006569357810789178,0.025597022867403726,0.9094427124902954,2.8565323466926515
fw=20_vw=40_le=0.05_lx=0.35_se=0.85_sx=0.75,20,40,0.05,0.35,0.85,0.75,1.505572958793601,0.08109265508363506,0.051789085948544304,-0.1719275319393906,-0.001298745480092918,-0.0040554776794465,1.0723084985707552,3.7018025121886127
fw=10_vw=20_le=0.05_lx=0.35_se=0.95_sx=0.75,10,20,0.05,0.35,0.95,0.75,1.5053133524653695,0.09028448336631345,0.05742236721712948,-0.13795370831784104,0.0014224939536855367,0.0040061347147915425,1.083053663607088,4.26710061860525
fw=20_vw=20_le=0.15_lx=0.35_se=0.95_sx=0.75,20,20,0.15,0.35,0.95,0.75,1.5045354091271435,0.0694922108295759,0.044654294012913764,-0.14763342321913553,0.000596235504835311,0.00215928923090954,1.0622059316510695,3.0886400057975694
fw=10_vw=20_le=0.05_lx=0.45_se=0.90_sx=0.85,10,20,0.05,0.45,0.9,0.85,1.503960365518767,0.08332374956717903,0.053215405748691984,-0.1540662124414287,-0.0011593539107618855,-0.0035231802749215325,1.0524217172023722,3.832148167834748
fw=10_vw=40_le=0.10_lx=0.25_se=0.95_sx=0.65,10,40,0.1,0.25,0.95,0.65,1.5031555852390226,0.07875285804222787,0.050430982366852166,-0.18825537135293813,-0.0012245801964014548,-0.003926865407312284,1.1631862336852474,3.5695921941864714
fw=15_vw=20_le=0.10_lx=0.35_se=0.85_sx=0.75,15,20,0.1,0.35,0.85,0.75,1.5023531347223944,0.07319165440191888,0.04701761625717974,-0.14912191209542758,0.0012538494938333549,0.004312618228464869,1.1105064818608508,3.272956027061903
fw=5_vw=10_le=0.05_lx=0.25_se=0.95_sx=0.85,5,10,0.05,0.25,0.95,0.85,1.5003247980633418,0.0944108904348051,0.06013112561245782,-0.13117890824481926,-0.005149795514951846,-0.013849907198370988,1.2459096341160418,4.546436204286574
fw=15_vw=40_le=0.10_lx=0.35_se=0.95_sx=0.65,15,40,0.1,0.35,0.95,0.65,1.4995225754097083,0.074476917540379,0.04790455042195517,-0.11195329925427966,0.00045411947657195584,0.0015330261825329391,1.006226096287065,3.339376929941391
fw=20_vw=20_le=0.05_lx=0.25_se=0.90_sx=0.65,20,20,0.05,0.25,0.9,0.65,1.4990727003217108,0.08787633107438753,0.05618638486528995,-0.2196591551219096,3.519319508174037e-05,0.00010129402290472064,1.0624895081756893,4.1116250587860295
fw=20_vw=40_le=0.10_lx=0.25_se=0.95_sx=0.65,20,40,0.1,0.25,0.95,0.65,1.4985263395698658,0.07727811398998496,0.049673865005196056,-0.13614139023025962,-0.0032856356896558843,-0.010696647075019064,1.0848864174764785,3.4885570689860756
fw=20_vw=20_le=0.15_lx=0.25_se=0.95_sx=0.75,20,20,0.15,0.25,0.95,0.75,1.4984213359636913,0.07213688075166247,0.04648475037952508,-0.14997896191385673,-6.840137487912976e-05,-0.0002379636054316411,1.14687849982887,3.2193768249709143
fw=20_vw=40_le=0.10_lx=0.35_se=0.90_sx=0.65,20,40,0.1,0.35,0.9,0.65,1.497254452773415,0.06866592041048802,0.04435523106319591,-0.1354613791683018,-0.005526231643309561,-0.020148394779394698,1.0182566042725092,3.048827832841824
fw=15_vw=40_le=0.10_lx=0.25_se=0.90_sx=0.65,15,40,0.1,0.25,0.9,0.65,1.496593336775375,0.07101634719017191,0.04584281724776274,-0.11214663945414183,0.003631900283663462,0.012812056033127968,1.1072553400045047,3.163361430675289
fw=20_vw=20_le=0.10_lx=0.35_se=0.95_sx=0.85,20,20,0.1,0.35,0.95,0.85,1.4963468916235334,0.08049862945812847,0.051741096242049804,-0.1634045421831286,-0.003988457364898759,-0.012465954586106843,1.1471939073308568,3.667807682176686
fw=20_vw=40_le=0.10_lx=0.45_se=0.85_sx=0.65,20,40,0.1,0.45,0.85,0.65,1.4950047352650002,0.06142091579570286,0.03987177810715746,-0.10441791107745768,-0.000589963128596882,-0.002392850020360003,0.9571769556541787,2.7198349569604803
fw=10_vw=10_le=0.05_lx=0.45_se=0.95_sx=0.85,10,10,0.05,0.45,0.95,0.85,1.4944012420485238,0.09749088946767648,0.06225005851628553,-0.13104425179676937,-0.002349387866556261,-0.006103390675206761,1.1801130782492693,4.7660474621566
fw=5_vw=20_le=0.05_lx=0.35_se=0.85_sx=0.75,5,20,0.05,0.35,0.85,0.75,1.4917158500597252,0.07712386355979817,0.049804659182367844,-0.10950751764252165,-0.004189539432609022,-0.01360355830161517,1.1044833845034274,3.48018190227671
fw=15_vw=40_le=0.10_lx=0.25_se=0.85_sx=0.65,15,40,0.1,0.25,0.85,0.65,1.4911925555180705,0.06807545393469416,0.044164911868898586,-0.13368560218949543,0.003707962082613005,0.013577322336825091,1.1157579840645548,3.020674288577222
fw=15_vw=40_le=0.10_lx=0.25_se=0.95_sx=0.65,15,40,0.1,0.25,0.95,0.65,1.489934854645368,0.07581696145258143,0.049049350625755765,-0.11292201664517898,-0.0001882702721953322,-0.0006207328090790774,1.0777618197637429,3.409977381836644
fw=10_vw=40_le=0.10_lx=0.45_se=0.95_sx=0.75,10,40,0.1,0.45,0.95,0.75,1.488864910668053,0.0765547401004456,0.049545050105617175,-0.1420027450975455,0.0012256916523641838,0.004000710893145823,1.0651239193713695,3.449444130585394
fw=10_vw=20_le=0.15_lx=0.45_se=0.90_sx=0.75,10,20,0.15,0.45,0.9,0.75,1.4888474551831317,0.06780737179991769,0.04406587159680568,-0.10640159323756848,0.000777473620554856,0.0028532479255376337,0.98818541489899,3.0079729495636016
fw=20_vw=20_le=0.05_lx=0.25_se=0.90_sx=0.75,20,20,0.05,0.25,0.9,0.75,1.4887383375791656,0.08907449081265595,0.057315810581124525,-0.21017938489945343,-0.0009590538056268358,-0.0027059810232200362,1.1270983386152311,4.188302554993961
fw=15_vw=40_le=0.05_lx=0.35_se=0.95_sx=0.75,15,40,0.05,0.35,0.95,0.75,1.4884784496984385,0.09432575680278221,0.0605574279053118,-0.19134092734430508,-0.0009085755750514782,-0.0024263298946684414,1.116664969781692,4.540503331234423
fw=15_vw=20_le=0.05_lx=0.45_se=0.90_sx=0.75,15,20,0.05,0.45,0.9,0.75,1.487578902458453,0.08326448245205698,0.05376464459265718,-0.22012166076589468,0.011177033174609519,0.033619091488961486,1.0107347527934933,3.8286305381175545
fw=10_vw=20_le=0.05_lx=0.45_se=0.95_sx=0.75,10,20,0.05,0.45,0.95,0.75,1.4868089400546944,0.08500847304888914,0.054874432097898405,-0.15138774634090213,0.0013603063873408614,0.0040088786566221,1.0118072770819202,3.9334206299412564
fw=10_vw=20_le=0.15_lx=0.45_se=0.95_sx=0.65,10,20,0.15,0.45,0.95,0.65,1.4839065359262003,0.06875688835760507,0.04481157329321948,-0.09090192611375314,0.0024933110987034224,0.008997927524412575,0.9420468891179148,3.0531870747677954
fw=15_vw=20_le=0.15_lx=0.35_se=0.85_sx=0.65,15,20,0.15,0.35,0.85,0.65,1.481944936221852,0.06212273558603121,0.04066918068315297,-0.10578159066261872,0.0030646448517487788,0.012186274103196003,1.0185409320172076,2.7501800394200644
fw=20_vw=20_le=0.15_lx=0.45_se=0.95_sx=0.75,20,20,0.15,0.45,0.95,0.75,1.4808067045576017,0.06599590207297523,0.043158557649926786,-0.10944184657967149,0.0007701717591012997,0.0028858707731693146,0.9857435091120714,2.9234554708371028
fw=5_vw=10_le=0.10_lx=0.35_se=0.85_sx=0.65,5,10,0.1,0.35,0.85,0.65,1.476212410878154,0.06361199050394273,0.04177627377843285,-0.0769572820011799,-0.0025318657580938645,-0.009800927733982953,1.0417252585200834,2.815629823794855
fw=10_vw=20_le=0.15_lx=0.35_se=0.85_sx=0.75,10,20,0.15,0.35,0.85,0.75,1.476152954022309,0.06379390639211624,0.04189381255469865,-0.11752247643651414,0.001880302810224014,0.007258286759482728,1.102741343670644,2.823724307803871
fw=15_vw=20_le=0.05_lx=0.25_se=0.95_sx=0.85,15,20,0.05,0.25,0.95,0.85,1.4747235192420056,0.09634098539215863,0.06236983203770379,-0.21926896500590198,0.0065771953814089896,0.017053847732223383,1.2026606053351856,4.682914921874112
fw=15_vw=10_le=0.15_lx=0.35_se=0.85_sx=0.65,15,10,0.15,0.35,0.85,0.65,1.4739748607617371,0.05908311654059917,0.03894472758088967,-0.12919036282456664,0.0040285232295884646,0.016728361857839154,0.9894664922728111,2.6210095800312163
fw=15_vw=10_le=0.05_lx=0.25_se=0.95_sx=0.65,15,10,0.05,0.25,0.95,0.65,1.4739527115151618,0.10129943397835062,0.06546396331243864,-0.14240090049456422,0.0050235465489365215,0.012409787600938324,1.018053080517279,5.051406750120864
fw=15_vw=20_le=0.10_lx=0.45_se=0.95_sx=0.75,15,20,0.1,0.45,0.95,0.75,1.4738314458253223,0.07575945753596769,0.04954900675989642,-0.13583413066532823,0.00422218591089067,0.013780298063982793,0.9997638101315814,3.406919172913807
fw=5_vw=10_le=0.05_lx=0.25_se=0.95_sx=0.75,5,10,0.05,0.25,0.95,0.75,1.4730760414026562,0.09155172672531764,0.05946759292655253,-0.14058051573099395,-0.00589592737402014,-0.016033486767566458,1.1942050817757628,4.351120414645862
fw=15_vw=40_le=0.10_lx=0.45_se=0.90_sx=0.65,15,40,0.1,0.45,0.9,0.65,1.4730618297947584,0.06587029860772309,0.0433054783927945,-0.1077500672303151,0.0032687321619530906,0.012206543635280924,0.9618546529821727,2.9176787876346495
fw=10_vw=20_le=0.05_lx=0.25_se=0.95_sx=0.85,10,20,0.05,0.25,0.95,0.85,1.4718325897090063,0.09466476646660649,0.061452754669268236,-0.15568174673833224,-0.00123897183354451,-0.003260440584782616,1.2181184313824307,4.56417187326042
fw=15_vw=20_le=0.10_lx=0.25_se=0.90_sx=0.85,15,20,0.1,0.25,0.9,0.85,1.4713151944084952,0.07655099968959256,0.05013365759208724,-0.16639667044437545,-0.0002570766890034679,-0.0008292577130537234,1.2555990068811678,3.4492429619716867
fw=5_vw=10_le=0.05_lx=0.25_se=0.85_sx=0.65,5,10,0.05,0.25,0.85,0.65,1.470556545428688,0.0804048871001839,0.052589522370913945,-0.1428468610888528,-0.0022205594534066442,-0.00682840688181691,1.1118769891548301,3.662469902201388
fw=20_vw=20_le=0.05_lx=0.45_se=0.90_sx=0.65,20,20,0.05,0.45,0.9,0.65,1.4702904990087158,0.07391899523502432,0.048503727568931315,-0.17120013961733682,-0.0007182681790655663,-0.0023947915828452723,0.8989426614351168,3.3103899537746186
fw=20_vw=40_le=0.10_lx=0.35_se=0.85_sx=0.75,20,40,0.1,0.35,0.85,0.75,1.4702042459157931,0.06599991660623039,0.043472359497428115,-0.16081490360013784,-0.0028340448307892525,-0.010542648225818275,1.1202870424693194,2.923640282231447
fw=5_vw=20_le=0.05_lx=0.25_se=0.90_sx=0.85,5,20,0.05,0.25,0.9,0.85,1.4701705164969232,0.08258214688749743,0.05397269459230244,-0.1097578379181462,-0.004790594419171179,-0.01435395286442683,1.22522757633631,3.788350582785894
fw=15_vw=20_le=0.05_lx=0.35_se=0.95_sx=0.85,15,20,0.05,0.35,0.95,0.85,1.4682751497081967,0.09359371828493424,0.060934942853716846,-0.21176730302690305,0.007344517207644735,0.01949184983201718,1.140886414009499,4.489787956924315
fw=10_vw=10_le=0.10_lx=0.35_se=0.95_sx=0.65,10,10,0.1,0.35,0.95,0.65,1.4674340084309843,0.07843373874873771,0.05145699648799932,-0.0873989973382282,0.0002681181957262698,0.0008426322317337664,1.0450362250461154,3.551908385830517
fw=10_vw=10_le=0.05_lx=0.25_se=0.95_sx=0.75,10,10,0.05,0.25,0.95,0.75,1.46590942436062,0.09929474353920931,0.06458027377029614,-0.1364521880495626,-0.00149281037473184,-0.003738186590443861,1.229628339237273,4.899258978661861
fw=20_vw=20_le=0.05_lx=0.25_se=0.85_sx=0.65,20,20,0.05,0.25,0.85,0.65,1.4653443181135433,0.0845470003466211,0.05538793006245131,-0.2379438061436615,0.00235227709140046,0.006867988451661413,1.0692629957028585,3.9054330207415178
fw=15_vw=40_le=0.10_lx=0.45_se=0.85_sx=0.65,15,40,0.1,0.45,0.85,0.65,1.46508915861808,0.06294353583644208,0.04166434502935256,-0.1274176530052865,0.0033447939609026313,0.012982580486841108,0.9703572970422231,2.7860734504351883
fw=20_vw=40_le=0.05_lx=0.35_se=0.95_sx=0.85,20,40,0.05,0.35,0.95,0.85,1.465039651987438,0.08864319363016615,0.05797259088652265,-0.14092251288675695,-0.001877720866367057,-0.005237988428604198,1.1173841408978598,4.160547637292047
fw=20_vw=40_le=0.10_lx=0.35_se=0.95_sx=0.75,20,40,0.1,0.35,0.95,0.75,1.4649571083700164,0.07502889199871898,0.04938543052420216,-0.13152303339008253,-0.003658001444837284,-0.01197846700349431,1.08781516636576,3.3682896513896132
fw=10_vw=10_le=0.10_lx=0.45_se=0.90_sx=0.85,10,10,0.1,0.45,0.9,0.85,1.4647431277975782,0.07226960817898287,0.04763806695555258,-0.10108349078932821,0.0001268404663528505,0.0004305860067845426,1.1254547994936903,3.226073303597952
fw=10_vw=20_le=0.15_lx=0.25_se=0.85_sx=0.75,10,20,0.15,0.25,0.85,0.75,1.4620284046985228,0.06500465146939338,0.04307656850328594,-0.13400830590061896,0.0002616351720289059,0.0009822255769548352,1.1764801322891747,2.87815740268799
fw=15_vw=40_le=0.10_lx=0.45_se=0.95_sx=0.65,15,40,0.1,0.45,0.95,0.65,1.4617351566236925,0.07064784674767344,0.046700614126381844,-0.10990582997350595,-0.0005514383939057162,-0.0019095481828680008,0.9323611327414109,3.14514129710902
fw=20_vw=40_le=0.05_lx=0.35_se=0.90_sx=0.75,20,40,0.05,0.35,0.9,0.75,1.4614720389774674,0.08036580606339938,0.052891667471874855,-0.15694291041383868,-0.004225349721937695,-0.012919080778683707,1.0492322110689885,3.660246748759229
fw=10_vw=40_le=0.05_lx=0.25_se=0.95_sx=0.75,10,40,0.05,0.25,0.95,0.75,1.461018443314803,0.09275245953295941,0.06071087325304959,-0.23002550603762262,0.0003820590415785574,0.0010177010310632967,1.1886214181703738,4.4321638312421
fw=10_vw=40_le=0.05_lx=0.45_se=0.95_sx=0.75,10,40,0.05,0.45,0.95,0.75,1.4596471408272829,0.08500413836138576,0.055892824273179445,-0.21227049667587017,0.0028238333134728948,0.008170322786179421,1.034114052260595,3.933156862499301
fw=20_vw=20_le=0.05_lx=0.45_se=0.90_sx=0.75,20,20,0.05,0.45,0.9,0.75,1.4574080005366419,0.07510178271324963,0.049687759820628744,-0.16122320559516012,-0.0017125151797741447,-0.005573669657012685,0.9635514918746588,3.3721252553885126
fw=20_vw=40_le=0.05_lx=0.25_se=0.95_sx=0.65,20,40,0.05,0.25,0.95,0.65,1.455538483542811,0.08744067575055814,0.05759169709806252,-0.15312403221251103,0.001350770101446252,0.0037929557416862625,1.0316102796157176,4.084073596845233
fw=15_vw=20_le=0.10_lx=0.25_se=0.85_sx=0.75,15,20,0.1,0.25,0.85,0.75,1.4548622203090593,0.072097497051264,0.04785127160707087,-0.15754280304154744,0.00048502833343294367,0.0016391920465450229,1.1784567494592546,3.217392320824245
fw=10_vw=10_le=0.15_lx=0.45_se=0.95_sx=0.65,10,10,0.15,0.45,0.95,0.65,1.4546682744855997,0.07133680424791145,0.04736971284713412,-0.06628377428109067,3.2463035041268204e-05,0.0001108267456901994,0.9844067438959342,3.179286756189236
fw=20_vw=20_le=0.10_lx=0.45_se=0.90_sx=0.85,20,20,0.1,0.45,0.9,0.85,1.452595836255097,0.06883742576612883,0.04582936158023409,-0.1079751163728433,-0.003345257476785756,-0.011804346659261025,1.087237022792992,3.057051369943519
fw=20_vw=40_le=0.10_lx=0.25_se=0.85_sx=0.65,20,40,0.1,0.25,0.85,0.65,1.451504001929303,0.06588632629277269,0.0439590137023246,-0.1598018074428691,-0.0018099710229821158,-0.006658553516981137,1.117770913195865,2.918415325857357
fw=5_vw=10_le=0.10_lx=0.35_se=0.95_sx=0.85,5,10,0.1,0.35,0.95,0.85,1.4511445292315672,0.07740029641000423,0.05137393614387941,-0.09420683124870399,-0.005461101819639072,-0.017190703294005672,1.175757903481295,3.495204523339757
fw=20_vw=20_le=0.05_lx=0.25_se=0.85_sx=0.75,20,20,0.05,0.25,0.85,0.75,1.4509246946044982,0.08530270810989427,0.05641846336685142,-0.2300736416465895,0.0016542850969989663,0.004741822753583967,1.135357903879801,3.9513638888091496
fw=15_vw=40_le=0.05_lx=0.25_se=0.90_sx=0.85,15,40,0.05,0.25,0.9,0.85,1.450627151791807,0.09359781017594249,0.061678842778872534,-0.22783686810165815,0.0006426200834759973,0.001684900618408323,1.2970457580105643,4.490069955252461
fw=5_vw=10_le=0.15_lx=0.35_se=0.85_sx=0.65,5,10,0.15,0.35,0.85,0.65,1.4499181431569474,0.05544008849311699,0.037214394269637824,-0.0693946140732663,-0.0033771166305617936,-0.014675446292115818,1.0383620367010353,2.4737139412711375
fw=15_vw=40_le=0.05_lx=0.45_se=0.85_sx=0.75,15,40,0.05,0.45,0.85,0.75,1.4495325889705302,0.07878258005181893,0.052315598287845856,-0.22206786350649044,0.005681711418914133,0.01756322186837215,1.0580884653457292,3.5712434299532227
fw=20_vw=20_le=0.10_lx=0.25_se=0.95_sx=0.85,20,20,0.1,0.25,0.95,0.85,1.4492804652953097,0.08141420983866121,0.05400586013410618,-0.17190013545821115,-0.004942451503200966,-0.014799864580178944,1.2310679601486803,3.7203277991618937
fw=5_vw=20_le=0.05_lx=0.25_se=0.95_sx=0.75,5,20,0.05,0.25,0.95,0.75,1.4486479246390265,0.08610598914486056,0.05701786558512306,-0.12086334326446657,-0.0038557056128483104,-0.010935763869785646,1.1328613779739354,4.000742902242809
fw=10_vw=40_le=0.10_lx=0.35_se=0.95_sx=0.65,10,40,0.1,0.35,0.95,0.65,1.447221319997631,0.07259184958658671,0.048422454689496686,-0.16113205131821406,0.000845262685751834,0.002822936494812335,1.0764890710739823,3.242385853386019
fw=15_vw=40_le=0.15_lx=0.35_se=0.90_sx=0.65,15,40,0.15,0.35,0.9,0.65,1.4450609490260722,0.059850861438075276,0.04022543236525946,-0.10704637008683793,0.002638154117577663,0.010606098457190297,1.038845395183241,2.6530857109027353
fw=10_vw=10_le=0.10_lx=0.25_se=0.95_sx=0.65,10,10,0.1,0.25,0.95,0.65,1.4448929411811806,0.07929453565873623,0.05281195430108566,-0.09456085630593836,-0.0011579920198328097,-0.0035459249548090337,1.12288186907119,3.5997986264517623
fw=20_vw=20_le=0.05_lx=0.25_se=0.95_sx=0.65,20,20,0.05,0.25,0.95,0.65,1.444113205176713,0.08786043391638709,0.05831458520925655,-0.2562850947515447,0.0017219480565721609,0.004775282489935664,1.056806763145808,4.110616634715625
fw=15_vw=40_le=0.15_lx=0.35_se=0.85_sx=0.65,15,40,0.15,0.35,0.85,0.65,1.4436879372875036,0.05694062738012384,0.03835907539324258,-0.11375573303199071,0.0027142159165272125,0.011442804415276469,1.047348039243291,2.533415155980022
fw=5_vw=20_le=0.05_lx=0.25_se=0.95_sx=0.65,5,20,0.05,0.25,0.95,0.65,1.442560567404996,0.08438191683797824,0.05615720033071619,-0.12628923698576422,-0.0063318746811445925,-0.018234047209641183,1.0752719066635255,3.8954665212711825
fw=5_vw=20_le=0.15_lx=0.35_se=0.90_sx=0.65,5,20,0.15,0.35,0.9,0.65,1.4423973888008912,0.05731214531175266,0.03863704706063712,-0.10470656545863521,-0.004017095173390879,-0.01681374306796268,1.0421371868936136,2.548404433000022
fw=20_vw=20_le=0.05_lx=0.35_se=0.90_sx=0.85,20,20,0.05,0.35,0.9,0.85,1.4404850931289428,0.08141952699945931,0.05433902462701416,-0.1989112323548783,-0.0020847650106867676,-0.006204424201170527,1.1337792544004381,3.720634860833923
fw=20_vw=40_le=0.15_lx=0.35_se=0.95_sx=0.65,20,40,0.15,0.35,0.95,0.65,1.4394030880014488,0.06604848082138637,0.04443425503057381,-0.0956999586900088,-0.0026113272575206668,-0.009503850828026903,1.0074083739416433,2.9258768349382254
fw=15_vw=20_le=0.05_lx=0.45_se=0.85_sx=0.65,15,20,0.05,0.45,0.85,0.65,1.4387880341327457,0.07736524927640542,0.05179253283407036,-0.21965130419812018,0.010314420069138875,0.03220578408425823,0.9303414810739293,3.493296532293186
fw=5_vw=20_le=0.15_lx=0.45_se=0.90_sx=0.65,5,20,0.15,0.45,0.9,0.65,1.4375246901258625,0.05451579154623998,0.03692576313769586,-0.1187619016965088,-0.004382191190299435,-0.01919190363104441,0.9550076869958725,2.437600579489074
fw=15_vw=10_le=0.05_lx=0.35_se=0.90_sx=0.85,15,10,0.05,0.35,0.9,0.85,1.4340974881746924,0.08774729549567373,0.05864932961681323,-0.15014264921665865,0.006935586395867861,0.019123894803617276,1.1224872627949367,4.103446500710914
fw=5_vw=10_le=0.10_lx=0.35_se=0.95_sx=0.75,5,10,0.1,0.35,0.95,0.75,1.4325964955779045,0.0745855731145677,0.05021307401664591,-0.09252490208674935,-0.006207233678707375,-0.01999113712461887,1.124053351141016,3.3450498525696664
fw=5_vw=20_le=0.05_lx=0.25_se=0.95_sx=0.85,5,20,0.05,0.25,0.95,0.85,1.4319316775153386,0.08763414212362819,0.058665386604751874,-0.12721014914831574,-0.003903572461555377,-0.010760600818679241,1.194377849906485,4.0962871844718824
fw=15_vw=10_le=0.15_lx=0.45_se=0.85_sx=0.65,15,10,0.15,0.45,0.85,0.65,1.4313968967987796,0.0566586880352824,0.038502073436496066,-0.11642683039840429,0.004328583038485868,0.01818100338430103,0.918106486082048,2.5220953977461753
fw=15_vw=10_le=0.05_lx=0.25_se=0.90_sx=0.75,15,10,0.05,0.25,0.9,0.75,1.4313522522866933,0.08770590314049875,0.05873522897365119,-0.15180284863508364,0.007202511991318701,0.01983085943581291,1.1069007614573416,4.10082620507888
fw=20_vw=20_le=0.05_lx=0.45_se=0.85_sx=0.65,20,20,0.05,0.45,0.85,0.65,1.4308823049299861,0.0706323794609347,0.04769748182902058,-0.1865059093192446,0.0015988157172531557,0.005420747398846068,0.9057161489622861,3.144378695079669
fw=20_vw=20_le=0.15_lx=0.35_se=0.90_sx=0.85,20,20,0.15,0.35,0.9,0.85,1.430499262271111,0.06363799589766117,0.04312837149657238,-0.1269677881161636,-0.0005666347437738596,-0.002124693810819303,1.1615749381086682,2.8167856150508546
fw=5_vw=20_le=0.15_lx=0.25_se=0.90_sx=0.65,5,20,0.15,0.25,0.9,0.65,1.4292015925119128,0.05852141118759979,0.03979357393952825,-0.10505083663300874,-0.006773575505230022,-0.02752714958480248,1.1198356138606795,2.597773124221
fw=5_vw=10_le=0.10_lx=0.45_se=0.85_sx=0.65,5,10,0.1,0.45,0.85,0.65,1.428723317606024,0.05724023068205519,0.03895922767667138,-0.09615810178196216,-0.001600655261581364,-0.006644215040961083,0.9547102758922412,2.5454964686827184
fw=10_vw=10_le=0.15_lx=0.35_se=0.90_sx=0.75,10,10,0.15,0.35,0.9,0.75,1.428640358991929,0.0656072914398198,0.04447925816180511,-0.08567705212300192,0.0018957206704987189,0.006892440450401902,1.11315681267626,2.905617465785653
fw=15_vw=20_le=0.15_lx=0.25_se=0.90_sx=0.75,15,20,0.15,0.25,0.9,0.75,1.427529917940286,0.06433386313479139,0.043676228468912066,-0.12245241580797939,0.0036412973005001555,0.013482400454101663,1.1730140852223392,2.8478791574916924
fw=5_vw=20_le=0.05_lx=0.25_se=0.85_sx=0.65,5,20,0.05,0.25,0.85,0.65,1.4249975075406227,0.07658957957181078,0.05178833485095022,-0.1251868889722163,-0.0048256851548783355,-0.015068958905560126,1.1031504298633137,3.451318414231302
fw=20_vw=20_le=0.15_lx=0.25_se=0.90_sx=0.85,20,20,0.15,0.25,0.9,0.85,1.4243362682857983,0.06626818935513112,0.04504896792359849,-0.1280531616358329,-0.0012312716234883034,-0.004420030205820368,1.2462475062864689,2.9360153054368467
fw=10_vw=40_le=0.05_lx=0.35_se=0.95_sx=0.65,10,40,0.05,0.35,0.95,0.65,1.4234518865077097,0.08243750788384618,0.05565024750143902,-0.22219172454387714,0.0014525673707893527,0.004221097624157315,1.041929644703665,3.779863535266335
fw=20_vw=40_le=0.10_lx=0.45_se=0.90_sx=0.65,20,40,0.1,0.45,0.9,0.65,1.422989908357244,0.06160932158505128,0.042014342013580015,-0.09787858017432449,-0.00377303936077933,-0.014522787466489852,0.9362023353161902,2.727950125364826
fw=5_vw=10_le=0.05_lx=0.25_se=0.90_sx=0.65,5,10,0.05,0.25,0.9,0.65,1.4226175124429747,0.0796270233381573,0.05385539827706685,-0.1583021367770976,-0.002868357901069665,-0.00861311627440851,1.1167644106538583,3.618458552044294
fw=10_vw=40_le=0.10_lx=0.25_se=0.95_sx=0.75,10,40,0.1,0.25,0.95,0.75,1.4218888471671804,0.07736467960151305,0.05240771659520811,-0.17826416469048645,-0.0005348660551864193,-0.0016504638296408265,1.2241400437823033,3.4932655268757564
fw=15_vw=20_le=0.05_lx=0.45_se=0.95_sx=0.75,15,20,0.05,0.45,0.95,0.75,1.4211561418539131,0.08348526999740713,0.056420927093422175,-0.20627445162281866,0.010689176813756371,0.03063798895150123,0.9844088160621232,3.8417501848464206
fw=20_vw=40_le=0.15_lx=0.45_se=0.95_sx=0.65,20,40,0.15,0.45,0.95,0.65,1.419035654699806,0.06287353078511027,0.04297011017186219,-0.07556176169737217,-0.002293173461474274,-0.008630315096379822,0.9276569606996883,2.7829950449020333
fw=15_vw=40_le=0.15_lx=0.35_se=0.95_sx=0.65,15,40,0.15,0.35,0.95,0.65,1.4185028214845474,0.06460142866778651,0.04413137766355159,-0.10292916944669428,-0.001182016438281133,-0.004331439408044915,1.0093518749424792,2.859920519521861
fw=15_vw=20_le=0.15_lx=0.35_se=0.95_sx=0.75,15,20,0.15,0.35,0.95,0.75,1.4178575744450317,0.06815617053708345,0.04650252474640728,-0.10320045938068245,0.0034394015963662775,0.011960864440829725,1.0726082670054011,3.024508391180646
fw=20_vw=40_le=0.05_lx=0.45_se=0.85_sx=0.65,20,40,0.05,0.45,0.85,0.65,1.4174278419066026,0.06988200368074748,0.0476555937889053,-0.15105110683904777,0.0011079654874478389,0.0037598330373651923,0.9153482959427514,3.1075901767906764
fw=10_vw=20_le=0.05_lx=0.35_se=0.95_sx=0.85,10,20,0.05,0.35,0.95,0.85,1.416574072872035,0.087555758424676,0.059250523067111566,-0.13682102354653236,0.0011690111409941488,0.0031906757662067717,1.1547774245805118,4.091334665748236
fw=15_vw=40_le=0.05_lx=0.35_se=0.90_sx=0.85,15,40,0.05,0.35,0.9,0.85,1.4153556668997473,0.0863226829684618,0.0585000004726752,-0.2102912210247987,0.00123902412270944,0.003425154013824118,1.2192230674927238,4.014162479308756
fw=15_vw=40_le=0.05_lx=0.45_se=0.90_sx=0.75,15,40,0.05,0.45,0.9,0.75,1.4149960900922625,0.07936358608802796,0.053973008011187575,-0.21074398738060907,0.004168456694085781,0.012489782731855126,1.0588563052691788,3.60366642419051
fw=20_vw=20_le=0.05_lx=0.45_se=0.85_sx=0.75,20,20,0.05,0.45,0.85,0.75,1.4146457806986297,0.07137839157521975,0.04873731417509788,-0.17885647284548578,0.0009008237228516646,0.002989058636215108,0.9718110571392286,3.18135898439234
fw=5_vw=10_le=0.05_lx=0.25_se=0.95_sx=0.65,5,10,0.05,0.25,0.95,0.65,1.4128194654440358,0.08623794358267634,0.058549800905741405,-0.1450350537528705,-0.004757706936909213,-0.013141001860067933,1.1345660755670681,4.008909642988627
fw=15_vw=10_le=0.10_lx=0.35_se=0.85_sx=0.75,15,10,0.1,0.35,0.85,0.75,1.412762407710032,0.06344527769283381,0.04354157435024939,-0.1288526302599977,0.007108394388064679,0.026401195905858175,1.0476485969758802,2.808230978756986
fw=10_vw=40_le=0.10_lx=0.45_se=0.85_sx=0.65,10,40,0.1,0.45,0.85,0.65,1.4114980757109759,0.06444923112661782,0.044249094344689495,-0.11870440612104582,-0.00027970564633771864,-0.0010222404440789353,1.013215810997618,2.8530652520840265
fw=15_vw=10_le=0.05_lx=0.45_se=0.90_sx=0.85,15,10,0.05,0.45,0.9,0.85,1.4094301452397657,0.08432446131566729,0.057439651806020224,-0.13937728984428543,0.00640601000114026,0.018035659440193412,1.0570055623833305,3.892003403979529
fw=20_vw=40_le=0.15_lx=0.35_se=0.85_sx=0.65,20,40,0.15,0.35,0.85,0.65,1.4092834084920527,0.054775442029691535,0.03784043209050361,-0.12179347703936982,-0.0011356625908469043,-0.004853437548063355,1.04029286966103,2.4476950291475847
fw=20_vw=20_le=0.05_lx=0.25_se=0.95_sx=0.75,20,20,0.05,0.25,0.95,0.75,1.4085545224831346,0.08815707749632917,0.059980291400370186,-0.24885467496811198,-0.00011474287589499463,-0.00030936656252744167,1.1213769655100947,4.12947237300689
fw=15_vw=10_le=0.10_lx=0.35_se=0.90_sx=0.65,15,10,0.1,0.35,0.9,0.65,1.4082040760476133,0.06655146549836188,0.04575367683253943,-0.1175289158928311,0.004188608649588441,0.014804713154202809,0.9811275082038821,2.949135872328349
fw=15_vw=40_le=0.15_lx=0.45_se=0.90_sx=0.65,15,40,0.15,0.45,0.9,0.65,1.407979351306211,0.0572498733389184,0.03953969745111108,-0.08983517481552483,0.0014972974753383248,0.0061239405045865995,0.9637471550205856,2.5458862011808807
fw=5_vw=10_le=0.05_lx=0.25_se=0.90_sx=0.75,5,10,0.05,0.25,0.9,0.75,1.4061160397419106,0.07975841283771268,0.05457396269409915,-0.15384441920272196,-0.00307709732196954,-0.009118259649926094,1.1829484741639142,3.6258574587869647
fw=15_vw=10_le=0.15_lx=0.25_se=0.85_sx=0.65,15,10,0.15,0.25,0.85,0.65,1.405995235097627,0.05795093848028765,0.040066963961073385,-0.14944706800342433,0.004180707225682845,0.016874057783998878,1.0619884399153985,2.574372368695523
fw=20_vw=20_le=0.15_lx=0.45_se=0.90_sx=0.85,20,20,0.15,0.45,0.9,0.85,1.4056658220328528,0.060160825328999135,0.04156081602621493,-0.09030468276851555,-0.00039269848950786184,-0.001528028227148158,1.0851125155696701,2.6661402109143917
fw=15_vw=20_le=0.10_lx=0.45_se=0.90_sx=0.85,15,20,0.1,0.45,0.9,0.85,1.404014480158213,0.07008925179922199,0.04824883136816955,-0.14381827262766422,0.003170647281894932,0.010627163083068462,1.1033295453673706,3.1177102211195984
fw=5_vw=20_le=0.15_lx=0.35_se=0.90_sx=0.75,5,20,0.15,0.35,0.9,0.75,1.4036580606369435,0.05715556255069143,0.03959787021519933,-0.10591318054967813,-0.003659516358955054,-0.014945418388416185,1.106914573256092,2.5420767992450544
fw=15_vw=40_le=0.15_lx=0.45_se=0.85_sx=0.65,15,40,0.15,0.45,0.85,0.65,1.4023455015458546,0.05434678130861048,0.03773778321513662,-0.11227834885051857,0.001573359274287869,0.006742294703326142,0.9722497990806356,2.4310510063685333
fw=10_vw=10_le=0.15_lx=0.25_se=0.90_sx=0.75,10,10,0.15,0.25,0.9,0.75,1.4013104698446086,0.0659017917093836,0.045543935495135544,-0.09414189371490678,0.00017675214863342953,0.0006276107279483818,1.1942190572482123,2.919126191284978
fw=5_vw=10_le=0.10_lx=0.35_se=0.90_sx=0.65,5,10,0.1,0.35,0.9,0.65,1.3999845274826395,0.06284621719603889,0.04353649559727193,-0.07302806778216142,-0.003179664205756892,-0.011810927456128854,1.0466126800191113,2.7817948235363468
fw=5_vw=10_le=0.10_lx=0.45_se=0.95_sx=0.85,5,10,0.1,0.45,0.95,0.85,1.399653623896074,0.07094593525006454,0.048970908513139406,-0.11169749404093143,-0.004529891323126569,-0.014959112700842185,1.088742920853453,3.1598723299123184
fw=5_vw=10_le=0.15_lx=0.35_se=0.95_sx=0.85,5,10,0.15,0.35,0.95,0.85,1.3991341781695605,0.06912245662697813,0.04777109946231335,-0.08756216799182248,-0.006306352692107004,-0.021348591698195415,1.172394681662247,3.0707645173776394
fw=20_vw=20_le=0.05_lx=0.45_se=0.95_sx=0.65,20,20,0.05,0.45,0.95,0.65,1.3988473565480901,0.07390330203584417,0.05097050536008257,-0.20893573340434746,0.0009684866824248554,0.0030727761688254043,0.8932599164052356,3.3095780419723098
fw=20_vw=40_le=0.15_lx=0.45_se=0.85_sx=0.65,20,40,0.15,0.45,0.85,0.65,1.3976771719290935,0.051634065827593556,0.03602062668164585,-0.08814135804612078,-0.0008175087948005094,-0.00367026465573973,0.9605414564190752,2.328164691078955
fw=5_vw=20_le=0.15_lx=0.45_se=0.90_sx=0.75,5,20,0.15,0.45,0.9,0.75,1.395952266365748,0.0543596229115042,0.03791934108919472,-0.11943375454854932,-0.0040246123758636045,-0.017164038836658867,1.0197850733583511,2.4315480693348044
fw=15_vw=20_le=0.15_lx=0.45_se=0.90_sx=0.75,15,20,0.15,0.45,0.9,0.75,1.3952065352406737,0.06047359981096889,0.0420838056111872,-0.11034375093566895,0.004855111161212985,0.018656938686863026,1.015202051960884,2.679374297181324
fw=10_vw=20_le=0.15_lx=0.45_se=0.85_sx=0.75,10,20,0.15,0.45,0.85,0.75,1.3940085740478683,0.060854367008333465,0.042377494074644015,-0.12832953064130848,0.0026817010331924673,0.010233667442248523,1.0232165117730254,2.6955686682835713
fw=10_vw=20_le=0.15_lx=0.35_se=0.90_sx=0.85,10,20,0.15,0.35,0.9,0.85,1.3930032835863375,0.06470723484701635,0.04501056476452568,-0.10746561028669577,-0.0004298692468666342,-0.0015444651979842948,1.1438203134339977,2.864695355829718
fw=5_vw=20_le=0.15_lx=0.25_se=0.90_sx=0.75,5,20,0.15,0.25,0.9,0.75,1.3927214537526924,0.058364649340172825,0.04072956082757881,-0.10625698773897407,-0.006415996690794198,-0.025474790219656634,1.1846130002231585,2.5913229090605903
fw=10_vw=20_le=0.05_lx=0.45_se=0.95_sx=0.85,10,20,0.05,0.45,0.95,0.85,1.3920320357176128,0.08229295271684212,0.05681039866419006,-0.15120184832434513,0.0011068235746494832,0.003150697992119696,1.0835310380553438,3.7713992747394296
fw=20_vw=40_le=0.10_lx=0.45_se=0.85_sx=0.75,20,40,0.1,0.45,0.85,0.75,1.3904286471607386,0.058960921897248,0.041201801407436185,-0.11173190180083359,-0.0010808525482590172,-0.004242349639383559,1.0382327735130001,2.6159380954617153
fw=20_vw=40_le=0.05_lx=0.45_se=0.90_sx=0.65,20,40,0.05,0.45,0.9,0.65,1.390246849010583,0.07007191134170787,0.04871498405131686,-0.12860097608930365,-0.002075110744734612,-0.006888662803540095,0.8943736756047626,3.116862289994376
fw=15_vw=20_le=0.10_lx=0.45_se=0.85_sx=0.75,15,20,0.1,0.45,0.85,0.75,1.388156871581935,0.06566248027840338,0.045813736388101226,-0.13880610814541772,0.0039127523043313425,0.013811563855738177,1.0261872879454572,2.9081444927415117
fw=20_vw=40_le=0.10_lx=0.35_se=0.90_sx=0.75,20,40,0.1,0.35,0.9,0.75,1.3881407579590173,0.06528321485887023,0.04555783906694914,-0.14601586677048906,-0.00576064907263403,-0.02044864408173194,1.0972107549675525,2.890820026823161
fw=5_vw=20_le=0.05_lx=0.25_se=0.85_sx=0.75,5,20,0.05,0.25,0.85,0.75,1.3880827078671605,0.0750993458035476,0.052167692602330944,-0.12221034822732757,-0.004734051516996324,-0.014675319458346289,1.173508448111377,3.371996955697715
fw=20_vw=40_le=0.10_lx=0.25_se=0.90_sx=0.65,20,40,0.1,0.25,0.9,0.65,1.3868573222420304,0.0660755247075322,0.046136088335539144,-0.1427849186957174,-0.004993047255164566,-0.017501735603813115,1.0967962928578765,2.9271229982779134
fw=15_vw=40_le=0.15_lx=0.45_se=0.95_sx=0.65,15,40,0.15,0.45,0.95,0.65,1.3858741707926165,0.06198878216528403,0.04339741738363148,-0.0942445795909993,-0.0023228730805204753,-0.008656011172543639,0.9342536347798237,2.74436372605818
fw=10_vw=20_le=0.15_lx=0.25_se=0.90_sx=0.85,10,20,0.15,0.25,0.9,0.85,1.3852154844290905,0.0659190194188084,0.046084783776612556,-0.12375064563137683,-0.0020485368850617484,-0.007188569008914333,1.2175591020525285,2.9199182519485265
fw=15_vw=40_le=0.05_lx=0.45_se=0.95_sx=0.75,15,40,0.05,0.45,0.95,0.75,1.382812672940381,0.08308774135774022,0.05772002473643865,-0.21096742135736202,6.596591628015496e-05,0.00018482014347905878,1.0412722208729557,3.818158598221125
fw=20_vw=40_le=0.10_lx=0.45_se=0.95_sx=0.75,20,40,0.1,0.45,0.95,0.75,1.3822345581371676,0.06793027729443901,0.047547975550074374,-0.09624841872458367,-0.0019048091623070583,-0.006478517750523473,1.0057608974094405,3.0137897843213595
fw=5_vw=10_le=0.15_lx=0.35_se=0.95_sx=0.75,5,10,0.15,0.35,0.95,0.75,1.3819167584689724,0.0663293593033838,0.04647330968456481,-0.08405589302522098,-0.0070524845511752985,-0.024541141140080804,1.120690129321968,2.938843872379517
fw=20_vw=40_le=0.05_lx=0.45_se=0.95_sx=0.75,20,40,0.05,0.45,0.95,0.75,1.3811540287330626,0.07644325437715871,0.05333389457488283,-0.12517796844275708,-0.0002068805462623406,-0.0006272960726195775,0.9639322376980134,3.443452884779313
fw=5_vw=10_le=0.10_lx=0.45_se=0.95_sx=0.75,5,10,0.1,0.45,0.95,0.75,1.3804954452546836,0.0681480740631446,0.04775559186426324,-0.10912851665532786,-0.005276023182194856,-0.01786646675339295,1.0370383685131739,3.024123595838182
fw=20_vw=40_le=0.05_lx=0.35_se=0.90_sx=0.85,20,40,0.05,0.35,0.9,0.85,1.3756000575116512,0.07735070752242978,0.05416180268808062,-0.15400626850462729,-0.0048976304957460874,-0.014623425539783724,1.1271180946234782,3.492505156353002
fw=20_vw=40_le=0.10_lx=0.35_se=0.95_sx=0.85,20,40,0.1,0.35,0.95,0.85,1.3747224241545632,0.07344504485040626,0.051554512591236674,-0.131109491933029,-0.0034130202170633917,-0.010706028320750108,1.165362684796424,3.2859518109025476
fw=5_vw=10_le=0.10_lx=0.35_se=0.90_sx=0.75,5,10,0.1,0.35,0.9,0.75,1.3746191798111966,0.0629755644887271,0.04442838619004861,-0.07398956519185274,-0.0033884036266567715,-0.012333627052188748,1.1127967435291672,2.787482947410228
fw=10_vw=40_le=0.10_lx=0.45_se=0.85_sx=0.75,10,40,0.1,0.45,0.85,0.75,1.3733994707532067,0.06318275298940201,0.044609749600718666,-0.12033898461216974,-0.00038730972646578343,-0.001404057295170241,1.086714542223365,2.7966169823829925
fw=5_vw=10_le=0.15_lx=0.45_se=0.85_sx=0.65,5,10,0.15,0.45,0.85,0.65,1.3733389685154787,0.049415997723553096,0.03512156714291017,-0.09755770977738543,-0.0026445510678342176,-0.012176831155927945,0.9502295530116525,2.247096790235342
fw=15_vw=20_le=0.10_lx=0.35_se=0.95_sx=0.85,15,20,0.1,0.35,0.95,0.85,1.370834532143298,0.07536134784505943,0.05300183277025586,-0.15970865652499344,0.00043079051894019264,0.001314411836704993,1.153416230534019,3.385817292913275
fw=15_vw=20_le=0.15_lx=0.25_se=0.85_sx=0.65,15,20,0.15,0.25,0.85,0.65,1.3696393350842884,0.05853772217652642,0.041535349409003566,-0.11740549903588715,0.0027786841950295077,0.010818761203058145,1.0926208135027753,2.5984451323285027
fw=20_vw=40_le=0.10_lx=0.25_se=0.95_sx=0.75,20,40,0.1,0.25,0.95,0.75,1.3690254944812923,0.07242307275324578,0.05107329446587075,-0.1388799347943248,-0.0031248170566922995,-0.00989434241755121,1.1663548549511271,3.2338323591903135
fw=15_vw=10_le=0.05_lx=0.35_se=0.95_sx=0.75,15,10,0.05,0.35,0.95,0.75,1.3685118116723582,0.09789263560357386,0.06824388048975023,-0.14694271022766958,0.004602460044491796,0.01090642772027144,1.0309911689335445,4.795417479976922
fw=5_vw=10_le=0.10_lx=0.35_se=0.95_sx=0.65,5,10,0.1,0.35,0.95,0.65,1.3685111719501204,0.06935438290714391,0.04899856667622336,-0.10799461848838776,-0.005069013241596437,-0.01673001236657058,1.0644143449323213,3.0819654094394044
fw=10_vw=10_le=0.05_lx=0.35_se=0.95_sx=0.85,10,10,0.05,0.35,0.95,0.85,1.368308665735123,0.09214928291166125,0.06442082561467025,-0.15778817282658042,-0.0008678214708129261,-0.0021785138069867027,1.244713866501497,4.39127663993928
fw=5_vw=10_le=0.05_lx=0.25_se=0.85_sx=0.75,5,10,0.05,0.25,0.85,0.75,1.3682891672869033,0.07543974484792804,0.05315370803847486,-0.14307093116419012,-0.003093131465587589,-0.009410680406583381,1.1824462956015647,3.389962996995539
fw=5_vw=10_le=0.05_lx=0.25_se=0.90_sx=0.85,5,10,0.05,0.25,0.9,0.85,1.3676952477023996,0.07859457093229416,0.0553185152877079,-0.14581255104154156,-0.0014109551504142223,-0.004124762108580358,1.248025092822575,3.5608104835524594
fw=20_vw=20_le=0.05_lx=0.35_se=0.95_sx=0.85,20,20,0.05,0.35,0.95,0.85,1.3672806565714113,0.08148658130574526,0.05729369348803192,-0.2293824208826043,-0.0012569014394154514,-0.0035477304507374897,1.1100479921060304,3.72450923804972
fw=10_vw=20_le=0.15_lx=0.35_se=0.95_sx=0.75,10,20,0.15,0.35,0.95,0.75,1.3656663419341295,0.06636300698384057,0.047049412936843296,-0.0995779197829918,0.00208979105123612,0.007182983496956441,1.1032058733135455,2.940400871160524
fw=10_vw=10_le=0.10_lx=0.35_se=0.90_sx=0.85,10,10,0.1,0.35,0.9,0.85,1.3655181456634036,0.06922706074432816,0.04901876588975055,-0.13205243170117298,0.0003067792219294639,0.001012091507850133,1.1895309387423887,3.0758116310018075
fw=10_vw=40_le=0.10_lx=0.35_se=0.95_sx=0.75,10,40,0.1,0.35,0.95,0.75,1.365105680761431,0.07121159935579269,0.05039195476301082,-0.15268912975313742,0.0015349768269668678,0.004926027481122752,1.1374428811710384,3.173055663027731
fw=20_vw=40_le=0.05_lx=0.25_se=0.85_sx=0.65,20,40,0.05,0.25,0.85,0.65,1.3643347932182923,0.07594142300366857,0.05364960347993169,-0.1796279573337547,0.002826434768120016,0.008519785535313712,1.0644947753351044,3.4166054162980415
fw=5_vw=20_le=0.10_lx=0.35_se=0.90_sx=0.65,5,20,0.1,0.35,0.9,0.65,1.3610504636964837,0.05913694429910632,0.042213256981548035,-0.11585248863914399,-0.001114988987656259,-0.004271475588985474,1.0395711492623834,2.6232465436086803
fw=10_vw=20_le=0.15_lx=0.25_se=0.95_sx=0.75,10,20,0.15,0.25,0.95,0.75,1.360948896001079,0.0675766760540788,0.048048307631990424,-0.11626092925196319,0.0004711234130410139,0.0015856699809643727,1.1769446619320765,2.997083146825637
fw=10_vw=10_le=0.10_lx=0.45_se=0.95_sx=0.75,10,10,0.1,0.45,0.95,0.75,1.3607237503869136,0.07277068221646377,0.051623060380554094,-0.07855885167101073,-3.7475948554256994e-05,-0.00011739918962332069,1.0668356655539306,3.2514721813018643
fw=20_vw=20_le=0.05_lx=0.45_se=0.95_sx=0.75,20,20,0.05,0.45,0.95,0.75,1.360060958829681,0.0741961397106925,0.05262455655165411,-0.20301369033137628,-0.0008682042500423028,-0.0026680236232734366,0.9578301187695221,3.3247593500239847
fw=20_vw=40_le=0.10_lx=0.25_se=0.85_sx=0.75,20,40,0.1,0.25,0.85,0.75,1.3597476430104531,0.06341598317054298,0.0452189437825028,-0.16644041585771296,-0.0023008604426442516,-0.008228602361161333,1.1988267310546865,2.806932755148258
fw=10_vw=40_le=0.05_lx=0.35_se=0.95_sx=0.75,10,40,0.05,0.35,0.95,0.75,1.3589535628062188,0.08104458790160618,0.057343964386851375,-0.21444380698808507,0.002142281512004379,0.006041503594931711,1.1028834548007214,3.699040749121177
fw=5_vw=10_le=0.15_lx=0.35_se=0.90_sx=0.65,5,10,0.15,0.35,0.9,0.65,1.3580889956555862,0.054680198744716524,0.03920037051583293,-0.0653610574561887,-0.0040249150782248186,-0.01660438375271837,1.0432494582000633,2.4439876927653645
fw=15_vw=10_le=0.10_lx=0.25_se=0.90_sx=0.65,15,10,0.1,0.25,0.9,0.65,1.357478595906496,0.06598597277009755,0.04707268836320089,-0.1483548822027989,0.0034611544437498,0.011890721003498675,1.048994144547019,2.922998416741948
fw=15_vw=10_le=0.10_lx=0.25_se=0.85_sx=0.75,15,10,0.1,0.25,0.85,0.75,1.3566308934866727,0.06288143188614193,0.044952206530462224,-0.1636464874595397,0.006380940182226045,0.0229556646285375,1.1155152333190173,2.783342328094143
fw=10_vw=10_le=0.15_lx=0.45_se=0.90_sx=0.85,10,10,0.15,0.45,0.9,0.85,1.3540508701620482,0.062190713360188,0.044557769181356656,-0.08069150324359786,7.112406124446163e-05,0.00025813644228065124,1.1289014575922076,2.7531360949475334
fw=5_vw=20_le=0.10_lx=0.45_se=0.90_sx=0.65,5,20,0.1,0.45,0.9,0.65,1.351664131370958,0.05572362319876212,0.04011827296073627,-0.12762392015719692,-0.001977332453979347,-0.007970648875001828,0.9560441542171239,2.484892428650423
fw=15_vw=40_le=0.15_lx=0.25_se=0.90_sx=0.65,15,40,0.15,0.25,0.9,0.65,1.3513552069746864,0.05680365746098204,0.04088409532717433,-0.11315182864390472,0.002730416738033388,0.010800174131975876,1.110069971883915,2.5279099111211316
fw=15_vw=20_le=0.15_lx=0.35_se=0.90_sx=0.85,15,20,0.15,0.35,0.9,0.85,1.3511562956616414,0.06252604086126134,0.04488683563605582,-0.11838929001973097,0.0023878629673705397,0.008602934619192839,1.1761740022411904,2.767761794883205
fw=15_vw=20_le=0.05_lx=0.45_se=0.90_sx=0.85,15,20,0.05,0.45,0.9,0.85,1.3509945145320796,0.0777743423819619,0.05543924855485071,-0.2276194352392531,0.009637638184760622,0.02811314906209512,1.0879745512979122,3.515628992172412
fw=5_vw=10_le=0.10_lx=0.45_se=0.90_sx=0.65,5,10,0.1,0.45,0.9,0.65,1.3476391293780543,0.05647904487752631,0.040768869206082615,-0.09231062173691784,-0.002248453709244379,-0.008918904166104745,0.9595976973912694,2.514907620337657
fw=10_vw=10_le=0.15_lx=0.35_se=0.95_sx=0.65,10,10,0.15,0.35,0.95,0.65,1.3472552185856017,0.06719356140646426,0.04827026245586829,-0.06919877069297098,0.0005427496985800158,0.0018183443988394326,1.0552499931042145,2.979080406819345
fw=20_vw=40_le=0.05_lx=0.25_se=0.95_sx=0.75,20,40,0.05,0.25,0.95,0.75,1.3447710304531921,0.08253983421789002,0.05897656684680839,-0.15679332755089304,0.001511588734409846,0.004144864820488552,1.1130787170903664,3.7858659307046016
fw=15_vw=40_le=0.05_lx=0.25_se=0.95_sx=0.85,15,40,0.05,0.25,0.95,0.85,1.344560447922779,0.0930757445543513,0.0661892937684882,-0.2464405457062221,-0.00299364349086331,-0.007314228850917361,1.2822826147385362,4.454225269423546
fw=15_vw=40_le=0.15_lx=0.25_se=0.85_sx=0.65,15,40,0.15,0.25,0.85,0.65,1.3442037475242719,0.0539017906904653,0.03905603459409995,-0.11185134189105539,0.0028064785369829345,0.011620633139163438,1.1185726159439655,2.4138855580384955
fw=20_vw=20_le=0.10_lx=0.45_se=0.95_sx=0.85,20,20,0.1,0.45,0.95,0.85,1.3441606327256181,0.06890369990889011,0.04957260470714603,-0.14233855392496675,-0.002517393905514443,-0.008212315960187578,1.063505760498584,3.060234743377954
fw=10_vw=40_le=0.10_lx=0.45_se=0.90_sx=0.75,10,40,0.1,0.45,0.9,0.75,1.3437817889267434,0.06539523443792472,0.047139976882099956,-0.144320705825857,-0.00013343698420977698,-0.00045776550698323513,1.0641099200281576,2.8959268429686307
fw=5_vw=10_le=0.10_lx=0.35_se=0.85_sx=0.75,5,10,0.1,0.35,0.85,0.75,1.3436776671583248,0.05872402220880546,0.04246883891380652,-0.08076331542932214,-0.003404437770274825,-0.012963767239335596,1.1122945649668177,2.606132247029395
fw=10_vw=40_le=0.10_lx=0.45_se=0.90_sx=0.65,10,40,0.1,0.45,0.9,0.65,1.3435131870857822,0.06523692907262357,0.047038796224091795,-0.14714936641244725,-2.1887941743042654e-05,-7.524972850072101e-05,0.9993524989460056,2.888712396139936
fw=20_vw=20_le=0.05_lx=0.25_se=0.90_sx=0.85,20,20,0.05,0.25,0.9,0.85,1.3428857923676456,0.08220069432042343,0.05882603588304162,-0.2213304493547832,-0.001277613124504172,-0.003512254627290399,1.2207459719676932,3.7660065129643177
fw=10_vw=10_le=0.10_lx=0.25_se=0.90_sx=0.85,10,10,0.1,0.25,0.9,0.85,1.3400960954118948,0.0700805089599259,0.0505440526942806,-0.13227327517396215,-0.0011193309936296247,-0.0035813328003202957,1.2673765827674632,3.117282677862673
fw=10_vw=40_le=0.05_lx=0.25_se=0.85_sx=0.65,10,40,0.05,0.25,0.85,0.65,1.33970003456983,0.08046481245630965,0.05776765578515602,-0.20873235303877702,-0.0011233382571233443,-0.003144720254552942,1.1367133097966222,3.6658812665896185
fw=15_vw=10_le=0.05_lx=0.45_se=0.95_sx=0.75,15,10,0.05,0.45,0.95,0.75,1.3392858603386195,0.09443787689750072,0.06737984749771275,-0.14634692166018703,0.004072883649764187,0.009775257184675581,0.9655094685219384,4.548318383665953
fw=10_vw=40_le=0.05_lx=0.45_se=0.85_sx=0.65,10,40,0.05,0.45,0.85,0.65,1.3391610577510185,0.07280361864387586,0.05247720254131878,-0.19294828103725925,0.0013184360147709818,0.004062979158677464,0.9822059438868438,3.2531482611629365
fw=20_vw=40_le=0.05_lx=0.25_se=0.90_sx=0.65,20,40,0.05,0.25,0.9,0.65,1.3385529639090614,0.07613240623197814,0.054815543550639195,-0.1624874904930791,-0.0003566414640624308,-0.0010521661396136162,1.0435201549971158,3.4267995379132317
fw=15_vw=10_le=0.10_lx=0.45_se=0.85_sx=0.75,15,10,0.1,0.45,0.85,0.75,1.337558774481708,0.05881028858055348,0.042724035476066353,-0.11995474621613822,0.006677846383922053,0.025276699752041012,0.9759090319481454,2.609699010978561
fw=15_vw=40_le=0.15_lx=0.25_se=0.95_sx=0.65,15,40,0.15,0.25,0.95,0.65,1.3356580891967256,0.061540566214880466,0.04471295299964484,-0.10542709990182053,-0.0010897538178254067,-0.003941406771586461,1.0805764516431533,2.72498600275453
fw=15_vw=10_le=0.10_lx=0.45_se=0.90_sx=0.65,15,10,0.1,0.45,0.9,0.65,1.3353339194991316,0.061902938174984934,0.04497940361614769,-0.10862622413268463,0.003758060645445815,0.013511585188988897,0.9093879431761475,2.7406424284456037
fw=15_vw=20_le=0.15_lx=0.45_se=0.85_sx=0.65,15,20,0.15,0.45,0.85,0.65,1.3349312855525794,0.05469848104426989,0.03989338380016785,-0.1092603478715769,0.0039924980557423445,0.016184528452909776,0.9348087802413199,2.444698919854784
fw=20_vw=40_le=0.05_lx=0.45_se=0.85_sx=0.75,20,40,0.05,0.45,0.85,0.75,1.3347752033499023,0.06740240000801556,0.048868178861259375,-0.15561657945455332,0.0006170760677857018,0.0020420612345471165,0.9964041138015727,2.9888811847738266
fw=10_vw=40_le=0.10_lx=0.25_se=0.85_sx=0.65,10,40,0.1,0.25,0.85,0.65,1.3344240821654594,0.06525006312062276,0.04736842919500455,-0.15244910274735668,-0.002040263353888323,-0.006965518632424035,1.1722319354085522,2.889310310221144
fw=15_vw=20_le=0.10_lx=0.25_se=0.95_sx=0.85,15,20,0.1,0.25,0.95,0.85,1.3342930252905507,0.074264978414186,0.05368887145046571,-0.17263019404751234,-0.00033803064146021905,-0.0010181880761724654,1.2213664981324228,3.328337584697716
fw=10_vw=40_le=0.15_lx=0.45_se=0.95_sx=0.65,10,40,0.15,0.45,0.95,0.65,1.3338373149568399,0.06363071821540744,0.04624871462118475,-0.13210851526788503,0.003306326211456363,0.011561182195812734,1.0038140434690002,2.8164621186791603
fw=5_vw=20_le=0.10_lx=0.35_se=0.90_sx=0.75,5,20,0.1,0.35,0.9,0.75,1.3314881625729371,0.05898009129423398,0.04303926127177685,-0.11662973644270425,-0.0007574101732204375,-0.002845919018656504,1.1043485356248621,2.6167330784922243
fw=15_vw=20_le=0.15_lx=0.35_se=0.85_sx=0.75,15,20,0.15,0.35,0.85,0.75,1.3295388507234565,0.058130557017362916,0.042498739784553395,-0.10979921874095788,0.0031299679898069495,0.011910227476924492,1.099031744819277,2.581718841759295
fw=15_vw=20_le=0.05_lx=0.45_se=0.85_sx=0.75,15,20,0.05,0.45,0.85,0.75,1.32903571533511,0.07331577898951247,0.05323612823896765,-0.22346290672569558,0.010379743207197038,0.031530899412057244,1.0108322938759988,3.2793160258611582
fw=10_vw=10_le=0.15_lx=0.25_se=0.95_sx=0.65,10,10,0.15,0.25,0.95,0.65,1.3281324896585702,0.06748850007105056,0.04917332706185016,-0.06653757169444596,-0.0011762188232852754,-0.003868251868379157,1.1363122376761667,2.992930674423405
fw=5_vw=10_le=0.15_lx=0.45_se=0.95_sx=0.85,5,10,0.15,0.45,0.95,0.85,1.3268099900091876,0.06302027158330104,0.04606098069896541,-0.11273283586287552,-0.005573787129379423,-0.01956921525225291,1.0842621979728642,2.7894515107199895
fw=20_vw=40_le=0.15_lx=0.35_se=0.90_sx=0.65,20,40,0.15,0.35,0.9,0.65,1.3262408806492845,0.05496266822505258,0.04034363705263017,-0.10299799753904237,-0.00431873882302935,-0.017311635725455632,1.0193182493230413,2.454998213965162
fw=15_vw=10_le=0.05_lx=0.25_se=0.90_sx=0.85,15,10,0.05,0.25,0.9,0.85,1.325539743441668,0.08329411286915933,0.060357679887478345,-0.16434178416289047,0.005462604462855591,0.01463603468845306,1.1799634860836645,3.8303887868385034
fw=5_vw=10_le=0.15_lx=0.35_se=0.90_sx=0.75,5,10,0.15,0.35,0.9,0.75,1.3241830642340908,0.05480855224134884,0.04029600198967989,-0.06124115779167505,-0.004233654499124706,-0.016990637187138398,1.109433521710119,2.4489850795694093
fw=15_vw=20_le=0.15_lx=0.25_se=0.95_sx=0.75,15,20,0.15,0.25,0.95,0.75,1.3223252903745437,0.06455079230110439,0.04730524279554869,-0.11362053396853034,0.0031534409396470073,0.010780319641026756,1.1466881484909688,2.8576380433650783
fw=5_vw=10_le=0.10_lx=0.35_se=0.90_sx=0.85,5,10,0.1,0.35,0.9,0.85,1.3218798903752738,0.06182981235410234,0.045385105253677054,-0.08311995538876227,-0.001722261455101456,-0.0061367996842442455,1.177873362187828,2.737476201059131
fw=5_vw=10_le=0.10_lx=0.25_se=0.95_sx=0.85,5,10,0.1,0.25,0.95,0.85,1.3218097260413924,0.07290264188837359,0.05323589594781103,-0.1154263500134819,-0.006535194995584268,-0.019852271011113955,1.2536579029058432,3.2581922838728437
fw=10_vw=10_le=0.05_lx=0.25_se=0.95_sx=0.85,10,10,0.05,0.25,0.95,0.85,1.3207266379299316,0.09239323789276233,0.06691083371977607,-0.14958991106041664,-0.0015918798734016284,-0.0038474241165400553,1.327939093253452,4.407770570246755
fw=10_vw=20_le=0.15_lx=0.45_se=0.90_sx=0.85,10,20,0.15,0.45,0.9,0.85,1.320229325310881,0.06176517169904616,0.04539573412959016,-0.11800460535353141,0.00037152897610181205,0.001323530211755096,1.0642954815363792,2.7346802320647785
fw=5_vw=10_le=0.10_lx=0.45_se=0.90_sx=0.75,5,10,0.1,0.45,0.9,0.75,1.3199406418571231,0.05660761729188479,0.041716584234456976,-0.08872773183410576,-0.0024571931301442633,-0.009525477680085598,1.0257817609013251,2.5200500219104884
fw=5_vw=20_le=0.10_lx=0.45_se=0.90_sx=0.75,5,20,0.1,0.45,0.9,0.75,1.318528902712254,0.05556727569006181,0.041014136575023695,-0.1283155147054812,-0.0016197536395435221,-0.006386627748127356,1.0208215405796026,2.4787224938451717
fw=5_vw=10_le=0.15_lx=0.35_se=0.95_sx=0.65,5,10,0.15,0.35,0.95,0.65,1.3158050408212805,0.06113836117178928,0.04509958213497403,-0.09945157358970169,-0.005914264114064373,-0.02120725260103758,1.0610511231132733,2.707707076909106
fw=10_vw=40_le=0.05_lx=0.25_se=0.85_sx=0.75,10,40,0.05,0.25,0.85,0.75,1.313105107988586,0.07917927903396071,0.05803101744207926,-0.20809745133173474,-0.0012309423372514135,-0.0034303128997162625,1.2102120410223693,3.5933513255806244
fw=20_vw=40_le=0.15_lx=0.25_se=0.95_sx=0.65,20,40,0.15,0.25,0.95,0.65,1.3118039484788144,0.0614093049436335,0.04543175686613128,-0.10516957065269616,-0.002465237457540611,-0.008775167979725823,1.0837154036277257,2.7193355882440704
fw=20_vw=40_le=0.15_lx=0.45_se=0.90_sx=0.65,20,40,0.15,0.45,0.9,0.65,1.311444975655218,0.05182073441809276,0.038524449128514035,-0.08042396021948173,-0.004000585026982952,-0.016793579718198316,0.9395668360810864,2.33511123336558
fw=5_vw=10_le=0.10_lx=0.45_se=0.95_sx=0.65,5,10,0.1,0.45,0.95,0.65,1.3114070671345381,0.062948222245925,0.04655029747930125,-0.12507761829090258,-0.004137802745083923,-0.01437485706618844,0.9773993623044791,2.786279645154761
fw=10_vw=40_le=0.05_lx=0.45_se=0.85_sx=0.75,10,40,0.05,0.45,0.85,0.75,1.3111936081392335,0.07152720048431704,0.05268857368338263,-0.1929073121777407,0.0012108319346429246,0.0037164101442213036,1.0557046751125905,3.1887842967252373
fw=20_vw=20_le=0.15_lx=0.25_se=0.95_sx=0.85,20,20,0.15,0.25,0.95,0.85,1.3107490521500569,0.06633430419027775,0.049000136720609364,-0.15708197352864883,-0.00040340805221699425,-0.0013313844590715873,1.222516243992061,2.9390726414104504
fw=10_vw=40_le=0.05_lx=0.25_se=0.90_sx=0.75,10,40,0.05,0.25,0.9,0.75,1.3090725626261506,0.08142504922519023,0.05979780161342965,-0.2318603686019196,-0.0009770695949953994,-0.0026423874207064835,1.187607418827162,3.7209537900677665
fw=20_vw=20_le=0.15_lx=0.35_se=0.95_sx=0.85,20,20,0.15,0.35,0.95,0.85,1.308632793022663,0.06370394764550147,0.04719208309421349,-0.15298065450562848,0.000261228827497456,0.0008951754549023896,1.1378436758142605,2.819718794579898
fw=15_vw=40_le=0.10_lx=0.35_se=0.85_sx=0.75,15,40,0.1,0.35,0.85,0.75,1.308102971292335,0.05973071519197193,0.04435035685358285,-0.14727501833325107,0.004842413586704673,0.01765716491056019,1.1355815165073389,2.648041792918342
fw=5_vw=10_le=0.15_lx=0.45_se=0.95_sx=0.75,5,10,0.15,0.45,0.95,0.75,1.3075367900528077,0.060243116303209776,0.04473926643915196,-0.11039096608307897,-0.006319918988447725,-0.022844353119618875,1.0325576456325851,2.669616127575915
fw=20_vw=40_le=0.10_lx=0.45_se=0.90_sx=0.75,20,40,0.1,0.45,0.9,0.75,1.3073890328155595,0.05824895266414898,0.043304333530987435,-0.10813129242047004,-0.004007456790103795,-0.014965585127045445,1.0151564860112334,2.586572048979493
fw=10_vw=40_le=0.05_lx=0.25_se=0.90_sx=0.65,10,40,0.05,0.25,0.9,0.65,1.3064172051995817,0.08126436201547715,0.05980559782407416,-0.23411479864404316,-0.0008655205525286614,-0.002340409010026409,1.12284999774501,3.7116840036656344
fw=5_vw=10_le=0.10_lx=0.25_se=0.85_sx=0.65,5,10,0.1,0.25,0.85,0.65,1.3048859258000114,0.05917189586661009,0.04405547745852419,-0.0981711134168991,-0.003605958934039057,-0.013236619247340802,1.1196252579446317,2.6247000153698425
fw=15_vw=40_le=0.05_lx=0.45_se=0.90_sx=0.85,15,40,0.05,0.45,0.9,0.85,1.303575175265551,0.07516685389872779,0.05559776209272388,-0.22932363251534926,0.002213565614041067,0.006438597865773336,1.1438303185839878,3.3755528554722156
fw=15_vw=40_le=0.05_lx=0.35_se=0.95_sx=0.85,15,40,0.05,0.35,0.95,0.85,1.302472018901378,0.08580409037303482,0.06320351488471583,-0.22828346396470445,-0.0023972394516298566,-0.0061337546135460976,1.2044599242206955,3.9821170113381097
fw=5_vw=10_le=0.10_lx=0.25_se=0.95_sx=0.75,5,10,0.1,0.25,0.95,0.75,1.3018278599096154,0.07009966877808083,0.0520435877990862,-0.11291772480570728,-0.00728132685465257,-0.022625569037284243,1.2019533505655642,3.1182197053230745
fw=10_vw=40_le=0.05_lx=0.45_se=0.90_sx=0.75,10,40,0.05,0.45,0.9,0.75,1.3017765512718977,0.07375704671347494,0.05466664531530197,-0.2057147791581374,0.0014647046768989326,0.004332951789912864,1.033100052917383,3.302020297915371
fw=5_vw=20_le=0.10_lx=0.25_se=0.90_sx=0.65,5,20,0.1,0.25,0.9,0.65,1.3011202441894087,0.058385277882682995,0.04361197528779789,-0.1301613048916933,-0.0031473801012588793,-0.011670773746474189,1.1113335262552915,2.59217084177822
fw=20_vw=40_le=0.05_lx=0.45_se=0.95_sx=0.85,20,40,0.05,0.45,0.95,0.85,1.3007362023801812,0.07485732343943674,0.055497748319157596,-0.12511356985916877,3.810068151155485e-05,0.00011102316230028599,1.0414797561286773,3.359277679052966
fw=20_vw=40_le=0.15_lx=0.35_se=0.85_sx=0.75,20,40,0.15,0.35,0.85,0.75,1.3004052857865496,0.05233084996162596,0.039224356891441145,-0.12896556594287867,-0.0016265520105090386,-0.006706073906024361,1.1213486875198513,2.354193829457601
fw=15_vw=40_le=0.10_lx=0.25_se=0.85_sx=0.75,15,40,0.1,0.25,0.85,0.75,1.2982591069455975,0.06105236824033855,0.0456466783352139,-0.15039672559702422,0.004200023837937375,0.014879858038326737,1.2071172399840173,2.7040261729807646
fw=10_vw=20_le=0.15_lx=0.45_se=0.95_sx=0.75,10,20,0.15,0.45,0.95,0.75,1.2981287050510852,0.06341636850659138,0.047365653609846486,-0.10347474406776946,0.0028911892742045694,0.00987118296611832,1.0236810414159272,2.8069498281361773
fw=10_vw=40_le=0.10_lx=0.25_se=0.85_sx=0.75,10,40,0.1,0.25,0.85,0.75,1.2977085399551105,0.06398263215617739,0.04779121483386883,-0.1553216923855103,-0.002147867434016384,-0.007268011659956881,1.245730666634299,2.832144927297577
fw=10_vw=40_le=0.05_lx=0.45_se=0.90_sx=0.65,10,40,0.05,0.45,0.9,0.65,1.296256344504655,0.07359749887992906,0.054784810023367596,-0.2087528098066339,0.0015762537193656644,0.004652883478659341,0.9683426318352312,3.2937941751027617
fw=5_vw=10_le=0.15_lx=0.35_se=0.85_sx=0.75,5,10,0.15,0.35,0.85,0.75,1.2958387422421773,0.050589675244647525,0.03808467859157479,-0.06939932581752029,-0.004249688642742746,-0.018045255260619283,1.1089313431477696,2.2896566934299565
fw=20_vw=40_le=0.05_lx=0.25_se=0.85_sx=0.75,20,40,0.05,0.25,0.85,0.75,1.2944169070781635,0.07344777576505201,0.0547549156692584,-0.18378381794406728,0.002335545348457883,0.006897971603093978,1.1455505931939256,3.2860921368710736
fw=20_vw=40_le=0.05_lx=0.45_se=0.90_sx=0.75,20,40,0.05,0.45,0.9,0.75,1.2930166077995398,0.06668475533159057,0.04992625672999729,-0.13538047927915442,-0.0023095281740590804,-0.00748084181134441,0.9733278262998059,2.955328546829468
fw=20_vw=40_le=0.15_lx=0.35_se=0.95_sx=0.75,20,40,0.15,0.35,0.95,0.75,1.2918843028674403,0.06124404892256918,0.04601174492523764,-0.09891176707538973,-0.0024505086245570776,-0.008612787737870305,1.088876811416292,2.7122374668730216
fw=15_vw=10_le=0.10_lx=0.35_se=0.95_sx=0.65,15,10,0.1,0.35,0.95,0.65,1.291612440056766,0.07533045634881397,0.05623050176960166,-0.13107792852062017,0.0017550082189965273,0.005047349847737145,0.9608178901695135,3.3841850326799454
fw=15_vw=10_le=0.15_lx=0.35_se=0.85_sx=0.75,15,10,0.15,0.35,0.85,0.75,1.2906078811519874,0.053396383031103056,0.040306273661455345,-0.13670857894589472,0.004137011802721342,0.016598556574316352,1.0559328117306612,2.394527797555792
fw=15_vw=20_le=0.15_lx=0.45_se=0.95_sx=0.75,15,20,0.15,0.45,0.95,0.75,1.2896267934415302,0.060689742190603635,0.04568716855904315,-0.12216760345824729,0.004367254800359846,0.015458612095313871,0.9888761152295138,2.6885557639965323
fw=20_vw=40_le=0.10_lx=0.45_se=0.95_sx=0.85,20,40,0.1,0.45,0.95,0.85,1.289535693968107,0.06635688858193212,0.049822631746051664,-0.11804759484128258,-0.001659827934533151,-0.00538756617369202,1.0833084158401047,2.9401176930804627
fw=20_vw=40_le=0.10_lx=0.35_se=0.90_sx=0.85,20,40,0.1,0.35,0.9,0.85,1.2885879307174417,0.06231020900398865,0.04690869563502332,-0.143883501382576,-0.006432929846442427,-0.022177453161953086,1.1750966385220425,2.7583396811132634
fw=10_vw=40_le=0.05_lx=0.25_se=0.95_sx=0.85,10,40,0.05,0.25,0.95,0.85,1.2869013588914768,0.084184948393077,0.06280862515562355,-0.2578866599288169,0.000724417414895303,0.0018652017207321692,1.2808653202071536,3.8836063443046718
fw=20_vw=40_le=0.10_lx=0.25_se=0.95_sx=0.85,20,40,0.1,0.25,0.95,0.85,1.2865301798232658,0.0708430647755931,0.05320221034342024,-0.13846989646267682,-0.0028798358289183956,-0.008753752573591627,1.243902373381791,3.1547813272094576
fw=5_vw=10_le=0.10_lx=0.45_se=0.85_sx=0.75,5,10,0.1,0.45,0.85,0.75,1.2859951979537565,0.052381544644237055,0.03970134077131938,-0.09807116489469059,-0.0024732272737623155,-0.010074304319425442,1.0252795823389758,2.3560982255801144
fw=20_vw=40_le=0.10_lx=0.25_se=0.90_sx=0.75,20,40,0.1,0.25,0.9,0.75,1.2859109598845397,0.06270101867435862,0.04729238638219081,-0.1525771747474881,-0.005227464684489033,-0.01787541324794391,1.1757504435529198,2.7754226372662036
fw=15_vw=10_le=0.05_lx=0.25_se=0.95_sx=0.75,15,10,0.05,0.25,0.95,0.75,1.2840586409509618,0.09339791846578516,0.06953748131365202,-0.14935133221732977,0.0031294781114795333,0.007277951789519483,1.0884673922222727,4.4763135915944705
fw=20_vw=20_le=0.05_lx=0.45_se=0.90_sx=0.85,20,20,0.05,0.45,0.9,0.85,1.2835295797876536,0.06831617628765674,0.051485951690619,-0.1766408120126417,-0.002031074498651475,-0.0063795981121853385,1.057199125227121,3.0321223234415706
fw=20_vw=40_le=0.15_lx=0.45_se=0.85_sx=0.75,20,40,0.15,0.45,0.85,0.75,1.282607454179254,0.04919675434555648,0.0374431595519916,-0.09558827523079205,-0.0013083982144626411,-0.005650978651540477,1.0415972742778963,2.239229513657134
fw=5_vw=10_le=0.15_lx=0.25_se=0.85_sx=0.65,5,10,0.15,0.25,0.85,0.65,1.2823805048747157,0.050515805185468166,0.03842953506819544,-0.08424873705850688,-0.0032633196671099356,-0.013732534551945291,1.1122768760381665,2.28695581826607
fw=5_vw=20_le=0.15_lx=0.35_se=0.90_sx=0.85,5,20,0.15,0.35,0.9,0.85,1.2812800376074416,0.05379511765200462,0.0408950769203361,-0.10666957246012154,-0.0034574807510892253,-0.013672406241250058,1.1716737624099043,2.4097876320941256
fw=10_vw=40_le=0.10_lx=0.25_se=0.90_sx=0.65,10,40,0.1,0.25,0.9,0.65,1.2811544527299448,0.06603835368645328,0.049915374393870206,-0.182092666621555,-0.0017824456492936335,-0.0057748163254028725,1.15836862335694,2.9254103120614294
fw=20_vw=20_le=0.05_lx=0.25_se=0.95_sx=0.85,20,20,0.05,0.25,0.95,0.85,1.2809171788208176,0.08226779706363074,0.06172034618253968,-0.25198100424185055,-0.0004497495532328599,-0.0011784159161894515,1.1970147096732853,3.7699281366587107
fw=20_vw=20_le=0.15_lx=0.45_se=0.95_sx=0.85,20,20,0.15,0.45,0.95,0.85,1.2801544045149653,0.060226561472021434,0.0456840380480048,-0.11537176792875159,0.00043516508176344795,0.0015404434769058586,1.0613812532752624,2.6689165201394873
fw=15_vw=10_le=0.15_lx=0.35_se=0.90_sx=0.65,15,10,0.15,0.35,0.9,0.65,1.2791186812524675,0.05647321929902782,0.04294848480264166,-0.12375146545607318,0.0012172260642450967,0.004583313971599111,0.9894117229586632,2.5146748534855203
fw=10_vw=40_le=0.10_lx=0.25_se=0.90_sx=0.75,10,40,0.1,0.25,0.9,0.75,1.2790810978363423,0.06619677815184644,0.05011246253712972,-0.17937990292496386,-0.0018939946917603833,-0.006112082747542681,1.2231260444390915,2.9327164105074615
fw=5_vw=10_le=0.15_lx=0.25_se=0.95_sx=0.85,5,10,0.15,0.25,0.95,0.85,1.2782174526177583,0.06413433657696443,0.04863150554224076,-0.10104870492623452,-0.006192555728655147,-0.020592469017157274,1.2463095209993784,2.8389308328565743
fw=5_vw=10_le=0.15_lx=0.45_se=0.90_sx=0.65,5,10,0.15,0.45,0.9,0.65,1.2776883111224675,0.04866044516574197,0.03718714710317776,-0.09223364132585943,-0.003292349515497239,-0.014317568982893271,0.9551169745106806,2.220093765961349
fw=20_vw=40_le=0.05_lx=0.25_se=0.95_sx=0.85,20,40,0.05,0.25,0.95,0.85,1.276365048197238,0.08094492114892748,0.060982228955813886,-0.1560931606656506,0.001756569962183744,0.00465820256398999,1.1906262355210304,3.6933204380748235
fw=5_vw=20_le=0.15_lx=0.25_se=0.90_sx=0.85,5,20,0.15,0.25,0.9,0.85,1.2746638102187904,0.05500036104352457,0.04200410235239327,-0.1070130887906654,-0.0062139610829283765,-0.02392395810905137,1.2493721893769703,2.4564709842247394
fw=5_vw=20_le=0.10_lx=0.25_se=0.90_sx=0.75,5,20,0.1,0.25,0.9,0.75,1.2742830426135685,0.058228536195933156,0.04441424390325585,-0.13123747690511656,-0.0027898012868230494,-0.010157976631944003,1.1761109126177702,2.585734536965402
fw=10_vw=40_le=0.15_lx=0.25_se=0.95_sx=0.65,10,40,0.15,0.25,0.95,0.65,1.2738509743106599,0.061089097546940696,0.04654848359010743,-0.1633091700554895,0.00034572383022308286,0.0012011022779921136,1.1625530973711504,2.7055977848113657
fw=10_vw=10_le=0.10_lx=0.35_se=0.95_sx=0.75,10,10,0.1,0.35,0.95,0.75,1.2735042069404638,0.06972671299244237,0.05292735356971059,-0.10073046774309136,0.0001424628070223494,0.000435288837483364,1.1309118048026292,3.1000274984369782
fw=15_vw=10_le=0.10_lx=0.35_se=0.90_sx=0.75,15,10,0.1,0.35,0.9,0.75,1.2693863538671124,0.06205746512747612,0.047430816836768,-0.11802011328683304,0.0039339736613787065,0.013413034951900554,1.0496655711095764,2.7473445222991737
fw=10_vw=40_le=0.05_lx=0.45_se=0.95_sx=0.85,10,40,0.05,0.45,0.95,0.85,1.2685429741904977,0.07649737641256982,0.05810808318935454,-0.23372668141774433,0.003166191686789634,0.008811642460916563,1.1263579542973747,3.4463601811549087
fw=5_vw=20_le=0.15_lx=0.45_se=0.90_sx=0.85,5,20,0.15,0.45,0.9,0.85,1.268153391237627,0.05100806563676841,0.039230085618296044,-0.12047713802080118,-0.0038225767679977776,-0.015757712496370285,1.0845442625121633,2.3050107951362926
fw=10_vw=40_le=0.10_lx=0.35_se=0.85_sx=0.65,10,40,0.1,0.35,0.85,0.65,1.266534499841249,0.05916617226709642,0.04538523714814147,-0.12657404049381737,2.9579528264970842e-05,0.0001053981157456243,1.0855347727972868,2.624461945866189
fw=5_vw=20_le=0.15_lx=0.35_se=0.85_sx=0.65,5,20,0.15,0.35,0.85,0.65,1.2660845759803543,0.04796189917742755,0.03700165879910511,-0.12769634562522347,-0.0034925714867963804,-0.01526442053587085,1.0495966159369077,2.195399883744957
fw=10_vw=40_le=0.10_lx=0.45_se=0.95_sx=0.85,10,40,0.1,0.45,0.95,0.85,1.264882104062586,0.06811422399998679,0.05209551618947403,-0.1696240743773032,0.001568050025680924,0.004867610067388926,1.1573678214081493,3.0225153265852303
fw=20_vw=40_le=0.15_lx=0.45_se=0.95_sx=0.75,20,40,0.15,0.45,0.95,0.75,1.2648058838007465,0.0580834076457033,0.04463860127136231,-0.09533874449290636,-0.0021323548285106845,-0.0077251177615993375,1.0091253981743367,2.579788506738208
fw=5_vw=10_le=0.15_lx=0.35_se=0.90_sx=0.85,5,10,0.15,0.35,0.9,0.85,1.2643849671283685,0.05367160310467489,0.04134882248902177,-0.06919628187923532,-0.0025675123275693884,-0.010041662100549116,1.1745101403687799,2.4050509002391194
fw=5_vw=10_le=0.10_lx=0.45_se=0.90_sx=0.85,5,10,0.1,0.45,0.9,0.85,1.264271590370908,0.05546872899245803,0.04270044629190721,-0.09580732600019803,-0.0007910509585889484,-0.002995906528275821,1.0908583795599858,2.4748409553026276
fw=15_vw=20_le=0.10_lx=0.45_se=0.95_sx=0.85,15,20,0.1,0.45,0.95,0.85,1.2637801236981991,0.06781695183674707,0.05192068715654065,-0.16927617520756655,0.0030896933294381752,0.009623458016230716,1.0690970366186252,3.008425971018535
fw=15_vw=40_le=0.10_lx=0.45_se=0.85_sx=0.75,15,40,0.1,0.45,0.85,0.75,1.2603647111267138,0.055954194855952766,0.04319766158102813,-0.1430743606930862,0.0038368557162269967,0.0143638692279407,1.0617165529616852,2.4940178285067827
fw=15_vw=10_le=0.10_lx=0.25_se=0.95_sx=0.65,15,10,0.1,0.25,0.95,0.65,1.2582151454062513,0.07476030894081953,0.057301542231910876,-0.13280268597942213,0.0010275540131578869,0.002899977051718181,1.0286845265126505,3.354191844906605
fw=5_vw=10_le=0.15_lx=0.25_se=0.95_sx=0.75,5,10,0.15,0.25,0.95,0.75,1.257922746194553,0.061354270786545095,0.04733653700075337,-0.09867599582965514,-0.006938687587723429,-0.023704841905507867,1.1946049686590994,2.7169698083442397
fw=5_vw=20_le=0.15_lx=0.45_se=0.85_sx=0.65,5,20,0.15,0.45,0.85,0.65,1.2571640760408314,0.04519027471830017,0.03515766219741736,-0.1401404031009087,-0.003857667503704929,-0.017744387621406427,0.9624671160391665,2.0999445612041563
fw=20_vw=40_le=0.15_lx=0.25_se=0.85_sx=0.65,20,40,0.15,0.25,0.85,0.65,1.2570620822631362,0.05018532359216987,0.038953244987255636,-0.13018353611858435,-0.0009895727908668455,-0.0041082826512819455,1.1165998993471125,2.274909224628931
fw=5_vw=40_le=0.05_lx=0.45_se=0.90_sx=0.65,5,40,0.05,0.45,0.9,0.65,1.2567816609509634,0.0653969339741789,0.05040448921897335,-0.17806299703614703,-0.0037460061654452773,-0.012018644298303792,0.995252570418379,2.8960043877480017
fw=10_vw=10_le=0.10_lx=0.25_se=0.95_sx=0.75,10,10,0.1,0.25,0.95,0.75,1.2567708408555474,0.07058056002634094,0.054266918500624754,-0.09932267628713343,-0.0012836474085367326,-0.0038253114417881227,1.2087574488277035,3.141825046883013
fw=15_vw=40_le=0.10_lx=0.35_se=0.90_sx=0.75,15,40,0.1,0.35,0.9,0.75,1.255966908499265,0.06030146035755757,0.046620069253764655,-0.13270813039030582,0.003329158861876316,0.011548293620365475,1.136349356430789,2.672083123473353
fw=20_vw=40_le=0.05_lx=0.25_se=0.90_sx=0.75,20,40,0.05,0.25,0.9,0.75,1.25596330900063,0.07272606661235348,0.05589584809134347,-0.17222152688947856,-0.0005910588933869042,-0.0017100445262521308,1.1224743056921591,3.249203062697779
fw=5_vw=20_le=0.15_lx=0.25_se=0.85_sx=0.65,5,20,0.15,0.25,0.85,0.65,1.2530343496747927,0.04916047101780818,0.038299263670276994,-0.12803177643697283,-0.006249051818635515,-0.026386386153517224,1.1272950429039736,2.2379300322424536
fw=15_vw=20_le=0.15_lx=0.25_se=0.90_sx=0.85,15,20,0.15,0.25,0.9,0.85,1.251823612883728,0.05893966616386481,0.04574773310387816,-0.13069520343897134,0.002101902310651263,0.007430177028704243,1.250253883726758,2.615056854559827
fw=10_vw=20_le=0.15_lx=0.35_se=0.95_sx=0.85,10,20,0.15,0.35,0.95,0.85,1.2509718933325413,0.06369415185622085,0.049359940589852144,-0.10157440089171677,0.0018363082385447298,0.006016267898408774,1.1749296342869693,2.8192829489236813
fw=10_vw=40_le=0.15_lx=0.45_se=0.95_sx=0.75,10,40,0.15,0.45,0.95,0.75,1.2492772473759461,0.06226199949461697,0.048348432164113594,-0.1189372765205331,0.003996040352671397,0.013366068486829533,1.0647678535660565,2.7562392261381645
fw=10_vw=20_le=0.15_lx=0.25_se=0.95_sx=0.85,10,20,0.15,0.25,0.95,0.85,1.2492479267013843,0.06490478339899419,0.050338598576975244,-0.12003263484199411,0.00021764060034962338,0.0006991896758036635,1.2486684229054998,2.873630427478799
fw=15_vw=40_le=0.10_lx=0.25_se=0.90_sx=0.75,15,40,0.1,0.25,0.9,0.75,1.248395190727193,0.06162382521608234,0.04790121507300878,-0.13474909864153584,0.002686769113109021,0.009070683831824513,1.207885079907467,2.7285757806296624
fw=15_vw=10_le=0.15_lx=0.45_se=0.85_sx=0.75,15,10,0.15,0.45,0.85,0.75,1.2466465955711417,0.05098497246423439,0.03988924659793755,-0.12501399529707014,0.004437071611618747,0.01798857729566882,0.9845728055398983,2.3041608027692893
fw=15_vw=20_le=0.05_lx=0.45_se=0.95_sx=0.85,15,20,0.05,0.45,0.95,0.85,1.2453008897325206,0.07548572337786186,0.05843759996717041,-0.22647824974208064,0.009556684232303872,0.026446674964220044,1.053742042549167,3.3923966034018043
fw=10_vw=10_le=0.15_lx=0.45_se=0.95_sx=0.75,10,10,0.15,0.45,0.95,0.75,1.2434192222328238,0.06268707750709512,0.04889797276584341,-0.07052596136801625,-9.319235366264832e-05,-0.0003082092285422676,1.070282323652448,2.7748115376288203
fw=5_vw=10_le=0.15_lx=0.45_se=0.90_sx=0.75,5,10,0.15,0.45,0.9,0.75,1.2428231086681842,0.04878806606454811,0.03832828212912063,-0.0882321963332301,-0.0035010889363971264,-0.014772023870639334,1.0213010380207361,2.2246333417221407
fw=5_vw=10_le=0.10_lx=0.25_se=0.90_sx=0.65,5,10,0.1,0.25,0.9,0.65,1.2428012619718771,0.0584093193127746,0.04567676314150944,-0.09409326362393688,-0.004253757381702085,-0.015060299470938,1.1245126794436597,2.593159389912597
fw=10_vw=40_le=0.15_lx=0.35_se=0.95_sx=0.65,10,40,0.15,0.35,0.95,0.65,1.2421505468572949,0.057857982481228865,0.0452812201461039,-0.1343889601174323,0.0025631790772685757,0.009154129267030435,1.0789665768757446,2.57057815375598
fw=10_vw=10_le=0.15_lx=0.35_se=0.90_sx=0.85,10,10,0.15,0.35,0.9,0.85,1.2400663870063415,0.05808284172548661,0.045528716260699036,-0.09884334694900343,0.0005814107247832077,0.002065160671828799,1.199744706800488,2.5797653457331595
fw=5_vw=10_le=0.10_lx=0.25_se=0.95_sx=0.65,5,10,0.1,0.25,0.95,0.65,1.2365202482616755,0.06489031640230447,0.050845754165694125,-0.12871717397671256,-0.006143106417541623,-0.019538425249448155,1.1423143443568695,2.872975200490814
fw=15_vw=10_le=0.15_lx=0.45_se=0.90_sx=0.65,15,10,0.15,0.45,0.9,0.65,1.2360158255001812,0.0540547653099408,0.04259201798255006,-0.11241241879205233,0.001517285873142505,0.005760967291546017,0.9180517167679001,2.4197736334593136
fw=5_vw=10_le=0.15_lx=0.45_se=0.95_sx=0.65,5,10,0.15,0.45,0.95,0.65,1.2355433389517068,0.055081746612177795,0.04339649381475521,-0.1255879843981652,-0.00518169855133679,-0.019309619407221066,0.9729186394238906,2.45965379420281
fw=10_vw=40_le=0.10_lx=0.45_se=0.90_sx=0.85,10,40,0.1,0.45,0.9,0.85,1.2344970586027948,0.06157841712418066,0.048405845033599404,-0.16515962313828725,-0.0010478257997222661,-0.003500640344944852,1.1437201073910408,2.7266174237725602
fw=15_vw=10_le=0.05_lx=0.35_se=0.95_sx=0.85,15,10,0.05,0.35,0.95,0.85,1.233282363766748,0.09279118345191173,0.07195038586244965,-0.16048333804502324,0.0018061718765453108,0.004059589875253759,1.1085521962657066,4.434800979936457
fw=10_vw=40_le=0.10_lx=0.35_se=0.85_sx=0.75,10,40,0.1,0.35,0.85,0.75,1.2298171261146313,0.05790597989565294,0.045772222884891224,-0.1298719528079212,-7.802455186309775e-05,-0.0002756674514858198,1.159033504023034,2.5725366225206634
fw=15_vw=10_le=0.15_lx=0.25_se=0.85_sx=0.75,15,10,0.15,0.25,0.85,0.75,1.2297708941165537,0.05227028418668467,0.04143048570408436,-0.15656346026732582,0.004289195798815717,0.016742182032435663,1.1284547593732486,2.3519205137844312
fw=10_vw=40_le=0.05_lx=0.25_se=0.90_sx=0.85,10,40,0.05,0.25,0.9,0.85,1.2291353344364724,0.07755080451489094,0.06076685793132283,-0.25088048241237704,-0.0018914584105078982,-0.005033687240404686,1.2672176061900455,3.503409439256041
fw=5_vw=40_le=0.05_lx=0.45_se=0.90_sx=0.75,5,40,0.05,0.45,0.9,0.75,1.2261472012207941,0.06440318064018768,0.05090273684504754,-0.16483932733908835,-0.0030703822756685635,-0.009754556518214948,1.068750631010575,2.850994097514716
fw=5_vw=40_le=0.05_lx=0.45_se=0.95_sx=0.75,5,40,0.05,0.45,0.95,0.75,1.2258250123678782,0.07083295536763456,0.05582918271254132,-0.11901946303711697,-0.005765807939325643,-0.016701486003988384,1.0501733303205538,3.1542814347082846
fw=15_vw=10_le=0.10_lx=0.45_se=0.95_sx=0.65,15,10,0.1,0.45,0.95,0.65,1.2256280501934576,0.07064366610033646,0.05569391521613242,-0.1302795290185249,0.0013244602148538944,0.0038458060663796373,0.889078325141779,3.144935156531367
fw=15_vw=20_le=0.15_lx=0.25_se=0.85_sx=0.75,15,20,0.15,0.25,0.85,0.75,1.2246282351172475,0.0545590185229714,0.04337862389610463,-0.12121846940426884,0.0028440073330876755,0.01060257012307479,1.1731116263048444,2.439278396779
fw=10_vw=40_le=0.05_lx=0.35_se=0.85_sx=0.65,10,40,0.05,0.35,0.85,0.65,1.2242083165288578,0.06888859204511122,0.05441836060857453,-0.1904075776687797,0.0006368842133024786,0.001892654066145573,1.0509753464269698,3.0595087868750133
fw=5_vw=20_le=0.10_lx=0.35_se=0.90_sx=0.85,5,20,0.1,0.35,0.9,0.85,1.2241594821722446,0.055613846654689825,0.04421192146961359,-0.1171608353289536,-0.0005553745653546085,-0.002031434429504518,1.169107724778674,2.4805588135318493
fw=15_vw=10_le=0.15_lx=0.25_se=0.90_sx=0.65,15,10,0.15,0.25,0.9,0.65,1.22405847992065,0.055343831263739096,0.0440065741358129,-0.1400992533882136,0.0013694100603394784,0.005032365379135421,1.0619336706012505,2.469929720359669
fw=15_vw=10_le=0.10_lx=0.25_se=0.90_sx=0.75,15,10,0.1,0.25,0.9,0.75,1.2238498646879559,0.06149435514829871,0.04876225921359599,-0.14938472589695884,0.003206519455540074,0.010634235479388951,1.1175322074527134,2.7229954931120326
fw=5_vw=20_le=0.15_lx=0.35_se=0.95_sx=0.65,5,20,0.15,0.35,0.95,0.65,1.2219261752057653,0.055547029774485335,0.04424092492560134,-0.06094760923259557,-0.00499876101306263,-0.018272349281326816,1.0217180927371199,2.477924584607156
fw=5_vw=20_le=0.15_lx=0.25_se=0.95_sx=0.65,5,20,0.15,0.25,0.95,0.65,1.2218045823642536,0.05675427685768408,0.045180881160193885,-0.07781473986772813,-0.007755241344901773,-0.027758553634395746,1.0994165197041856,2.525927912533531
fw=5_vw=10_le=0.10_lx=0.25_se=0.90_sx=0.75,5,10,0.1,0.25,0.9,0.75,1.2211985933098009,0.058538126639548826,0.04658442185785379,-0.09260371211892315,-0.004462496802601971,-0.015491498178973091,1.1906967429537154,2.598461798167071
fw=5_vw=20_le=0.15_lx=0.25_se=0.95_sx=0.75,5,20,0.15,0.25,0.95,0.75,1.2210626340631916,0.05843442363588025,0.046509373005776684,-0.09516974917005305,-0.005279072276605492,-0.01835580078095212,1.1570059910145956,2.594192021023413
fw=15_vw=40_le=0.15_lx=0.35_se=0.85_sx=0.75,15,40,0.15,0.35,0.85,0.75,1.22084473087602,0.04999075827434951,0.039957056989726715,-0.13191824828477916,0.003206277671851578,0.012976687610818558,1.1387072951627533,2.2678449360466555
fw=5_vw=20_le=0.15_lx=0.35_se=0.95_sx=0.75,5,20,0.15,0.35,0.95,0.75,1.220396512490089,0.057225257135517626,0.04559812608989155,-0.07662357284264942,-0.002522591944766344,-0.008946562943658061,1.0793075640475296,2.5448913859295708
fw=5_vw=40_le=0.05_lx=0.45_se=0.95_sx=0.65,5,40,0.05,0.45,0.95,0.65,1.220224525380151,0.06925756408649097,0.05487886934353992,-0.14348743827693045,-0.006680240811416271,-0.01968535157440128,0.9833668007671393,3.07728487553846
fw=15_vw=40_le=0.10_lx=0.35_se=0.95_sx=0.75,15,40,0.1,0.35,0.95,0.75,1.2188692458948243,0.06395984509646246,0.05086489042619837,-0.1266449741896395,-0.0007733319159292997,-0.00245869146279224,1.1187652720345658,2.831126955748423
fw=10_vw=10_le=0.15_lx=0.25_se=0.90_sx=0.85,10,10,0.15,0.25,0.9,0.85,1.2172269946086083,0.0583752624743048,0.04661000883895916,-0.10718629441114558,-0.0011375577970820902,-0.0039468488844041135,1.28080695137244,2.5917591275432237
fw=15_vw=40_le=0.10_lx=0.25_se=0.95_sx=0.75,15,40,0.1,0.25,0.95,0.75,1.2158491431911425,0.0652867725436459,0.05201634862592604,-0.13108482089415097,-0.0014157216646966022,-0.0044014343403835894,1.1903009955112438,2.89098208640365
fw=10_vw=40_le=0.05_lx=0.45_se=0.90_sx=0.85,10,40,0.05,0.45,0.9,0.85,1.2141008010832792,0.06991027290205176,0.055658301021160636,-0.22534689920753181,0.0005503158613864258,0.0015989625697427855,1.1127102402802667,3.1089687572070166
fw=10_vw=40_le=0.10_lx=0.35_se=0.90_sx=0.65,10,40,0.1,0.35,0.9,0.65,1.2130960585170392,0.05994996072217451,0.047994303282954454,-0.1530267247813738,0.0002873972328596484,0.0009683873398935623,1.0716714607456748,2.657252844351682
fw=10_vw=40_le=0.10_lx=0.35_se=0.90_sx=0.75,10,40,0.1,0.35,0.9,0.75,1.2130660141556489,0.06010748038860125,0.04811799102074201,-0.1527830102254265,0.00017584819039291545,0.0005909988407915457,1.1364288818278263,2.6638892299543353
fw=15_vw=20_le=0.15_lx=0.45_se=0.90_sx=0.85,15,20,0.15,0.45,0.9,0.85,1.2129583762689302,0.0550989672093154,0.044217980896159796,-0.11936671275661248,0.003315716171364099,0.012126477130152516,1.0924418504653028,2.460327750685419
fw=10_vw=40_le=0.10_lx=0.25_se=0.95_sx=0.85,10,40,0.1,0.25,0.95,0.85,1.2129104873316825,0.06891781332939573,0.05494778712752943,-0.20593366574547411,-0.00019250768186968842,-0.0005665706455384099,1.3163839458190831,3.0609130616711804
fw=20_vw=20_le=0.05_lx=0.45_se=0.95_sx=0.85,20,20,0.05,0.45,0.95,0.85,1.212611461813267,0.06838241810991597,0.054548177978504565,-0.20802887252889102,-0.0012032109273801643,-0.0035671200941868146,1.0334678629327132,3.035279737722996
fw=5_vw=10_le=0.15_lx=0.45_se=0.85_sx=0.75,5,10,0.15,0.45,0.85,0.75,1.2111158393451396,0.044593268973708744,0.03602264287365049,-0.09715501492621215,-0.0035171230800151755,-0.01578949377289491,1.020798859458387,2.0799010430056004
fw=15_vw=40_le=0.10_lx=0.45_se=0.90_sx=0.75,15,40,0.1,0.45,0.9,0.75,1.2105015936826002,0.056522906079619295,0.04542186414581811,-0.13129766532328657,0.0023236009913986467,0.008272805454103424,1.062484392885135,2.5166607894999053
fw=20_vw=40_le=0.15_lx=0.35_se=0.90_sx=0.75,20,40,0.15,0.35,0.9,0.75,1.208154053401795,0.05162333831249799,0.04166273881360841,-0.11384661822415432,-0.004553156252353819,-0.017673434336845477,1.0982724000180843,2.3277660766204993
fw=5_vw=20_le=0.10_lx=0.45_se=0.90_sx=0.85,5,20,0.1,0.45,0.9,0.85,1.2065276957340048,0.05221187957574269,0.04218262096820056,-0.12929837590083681,-0.0014177180316777016,-0.005435162271069284,1.0855807297334146,2.349730272049821
fw=5_vw=20_le=0.15_lx=0.45_se=0.95_sx=0.65,5,20,0.15,0.45,0.95,0.65,1.2050932393053717,0.05275534434414797,0.04266131692222947,-0.06984015532903776,-0.00536385702997118,-0.02033289173444739,0.9345885928393786,2.3701851735746735
fw=5_vw=10_le=0.15_lx=0.25_se=0.90_sx=0.65,5,10,0.15,0.25,0.9,0.65,1.2044796706494123,0.04975946079453952,0.040317038262423534,-0.08027956320448226,-0.003911118114772952,-0.01568803404948103,1.1171642975371947,2.2594738140450907
fw=5_vw=20_le=0.15_lx=0.35_se=0.85_sx=0.75,5,20,0.15,0.35,0.85,0.75,1.2040081398318228,0.04651129233556239,0.03775892530587613,-0.12784203277593986,-0.003400937848914369,-0.014565831539607265,1.119954634184971,2.1449431307183406
fw=15_vw=10_le=0.05_lx=0.45_se=0.95_sx=0.85,15,10,0.05,0.45,0.95,0.85,1.203442698368408,0.08935247757802167,0.07111552761696278,-0.16238645504408022,0.0012765954818176985,0.00290298691900047,1.0430704958541004,4.206283792634864
fw=5_vw=20_le=0.15_lx=0.45_se=0.95_sx=0.75,5,20,0.15,0.45,0.95,0.75,1.203126378150258,0.054429133169766386,0.0440514940405579,-0.0873690088442729,-0.0028876879616748998,-0.010600975535704058,0.9921780641497885,2.4342402786420654
fw=5_vw=40_le=0.05_lx=0.45_se=0.85_sx=0.65,5,40,0.05,0.45,0.85,0.65,1.2022474991251013,0.060472287822391335,0.0488371682920319,-0.16089736907383534,-0.0050301177388195105,-0.016656505344147306,0.9832672148223992,2.6793186556382693
fw=5_vw=20_le=0.15_lx=0.25_se=0.95_sx=0.85,5,20,0.15,0.25,0.95,0.85,1.2020832862418187,0.05992364267479089,0.048413342888078956,-0.09433951681744368,-0.005326939125312557,-0.017793806968910916,1.2185224629471452,2.6561455683193618
fw=20_vw=40_le=0.10_lx=0.45_se=0.90_sx=0.85,20,40,0.1,0.45,0.9,0.85,1.2001831958115605,0.05529557811707164,0.04484390108713847,-0.12463784508054854,-0.004679737563912193,-0.01687618685266862,1.0930423695657232,2.468034763339841
fw=20_vw=40_le=0.05_lx=0.45_se=0.90_sx=0.85,20,40,0.05,0.45,0.9,0.85,1.200149188535158,0.06370783803985058,0.051460906272953785,-0.13924723539710337,-0.0029818089478674797,-0.009370410042784083,1.0512137098542957,2.819891908111917
fw=5_vw=20_le=0.15_lx=0.35_se=0.95_sx=0.85,5,20,0.15,0.35,0.95,0.85,1.1998856094790369,0.05871277487510018,0.04754937171615149,-0.07751044942772711,-0.002570458793473413,-0.008742226929657123,1.1408240359800794,2.605667553446666
fw=20_vw=40_le=0.15_lx=0.35_se=0.95_sx=0.85,20,40,0.15,0.35,0.95,0.85,1.1995572088161996,0.05968051107436789,0.04832404625607596,-0.10901323214036118,-0.002205527396783182,-0.007380832980681712,1.166424329846956,2.645936822028459
fw=10_vw=40_le=0.05_lx=0.35_se=0.85_sx=0.75,10,40,0.05,0.35,0.85,0.75,1.1974761505318925,0.06761683197111346,0.05463900435294573,-0.1924212737835984,0.000529280133174418,0.0015665311252067143,1.1244740776527167,2.99897600479862
fw=10_vw=40_le=0.05_lx=0.35_se=0.90_sx=0.75,10,40,0.05,0.35,0.9,0.75,1.197015415442372,0.06983854073023821,0.056396717789173975,-0.21627369306297994,0.0007831528754304316,0.0022456854739071703,1.1018694554575093,3.1054717783751546
fw=15_vw=10_le=0.10_lx=0.45_se=0.90_sx=0.75,15,10,0.1,0.45,0.9,0.75,1.1956295675048099,0.05742852474780591,0.046703462577990955,-0.1090742382268427,0.0035034256572360808,0.012131095966092466,0.9779260060818418,2.5531170109928407
fw=5_vw=40_le=0.05_lx=0.35_se=0.90_sx=0.65,5,40,0.05,0.35,0.9,0.65,1.1955625087184267,0.06494852642244031,0.05263335504147306,-0.18210399576737502,-0.0031722936585573945,-0.009746945573509415,1.0748163698780917,2.8756124544953936
fw=15_vw=20_le=0.15_lx=0.35_se=0.95_sx=0.85,15,20,0.15,0.35,0.95,0.85,1.1949572335905438,0.060269801132922574,0.04897531347770894,-0.13894509884800987,0.0023069090149137805,0.007617447225060749,1.1419414934924448,2.670744191976054
fw=5_vw=20_le=0.15_lx=0.25_se=0.85_sx=0.75,5,20,0.15,0.25,0.85,0.75,1.1934763695456163,0.04770820509223639,0.03904988658652243,-0.12817740756596163,-0.006157418180753502,-0.025499700827060396,1.197653061152037,2.186495811186059
fw=20_vw=40_le=0.10_lx=0.25_se=0.90_sx=0.85,20,40,0.1,0.25,0.9,0.85,1.1926844201365856,0.0597352192452123,0.04864579663824946,-0.14979494669909443,-0.005899745458297431,-0.01961300626402089,1.2536363271074098,2.6482307169583423
fw=10_vw=40_le=0.05_lx=0.35_se=0.90_sx=0.65,10,40,0.05,0.35,0.9,0.65,1.1921378699578036,0.06967957514119738,0.05650281132625468,-0.21927901376881664,0.0008947019178971703,0.002560734329686501,1.0371120343753577,3.097735304963379
fw=10_vw=40_le=0.15_lx=0.25_se=0.95_sx=0.75,10,40,0.15,0.25,0.95,0.75,1.1917349183430173,0.059723649476132845,0.04867539349522179,-0.15075514742570228,0.0010354379714381126,0.0034400981097831777,1.2235069074682068,2.6477454446100888
fw=5_vw=20_le=0.15_lx=0.45_se=0.85_sx=0.75,5,20,0.15,0.45,0.85,0.75,1.191483169247257,0.043743504406567046,0.03593317551230054,-0.14028401191655415,-0.0037660338658229166,-0.01694902946644996,1.0328251342872299,2.0516816525291595
fw=15_vw=40_le=0.05_lx=0.45_se=0.95_sx=0.85,15,40,0.05,0.45,0.95,0.85,1.1909192330101097,0.07465358691275581,0.06045612743471756,-0.24710852816192408,-0.0014226979602982286,-0.003805647828511802,1.1290671753119594,3.3486054731799055
fw=5_vw=20_le=0.10_lx=0.35_se=0.85_sx=0.65,5,20,0.1,0.35,0.85,0.65,1.1890176455084824,0.04977056071686392,0.04085021519432351,-0.13794505262178758,-0.0005904653010617685,-0.0023375248949370204,1.0470305783056773,2.2598748779027864
fw=5_vw=10_le=0.15_lx=0.25_se=0.95_sx=0.65,5,10,0.15,0.25,0.95,0.65,1.1885807735657323,0.05618749188418781,0.045992430529432804,-0.11382593385277107,-0.005800467150612497,-0.020395427975454208,1.1349659624504045,2.503283160750377
fw=10_vw=20_le=0.15_lx=0.45_se=0.95_sx=0.85,10,20,0.15,0.45,0.95,0.85,1.187753457066448,0.06075488812017871,0.049657454509947706,-0.110502503946726,0.002637706461513176,0.008590100049900514,1.0954048023893508,2.6913288819103203
fw=20_vw=40_le=0.15_lx=0.25_se=0.90_sx=0.65,20,40,0.15,0.25,0.9,0.65,1.1872269479973199,0.05037173502604042,0.041394052717084164,-0.11239118619880661,-0.004172649023049293,-0.016301595781316555,1.0956252790091237,2.281696868642119
fw=20_vw=40_le=0.15_lx=0.45_se=0.90_sx=0.75,20,40,0.15,0.45,0.9,0.75,1.1866257256694857,0.04849134983712289,0.03990501829291192,-0.10325069906509332,-0.004235002456307421,-0.017162571702951688,1.0185209867761296,2.2140923293726513
fw=15_vw=20_le=0.15_lx=0.45_se=0.85_sx=0.75,15,20,0.15,0.45,0.85,0.75,1.1845996815142155,0.05073420786626581,0.04177712198504157,-0.113471935330544,0.004057821193800509,0.015707627739195942,1.0152995930433895,2.294949848137427
fw=5_vw=20_le=0.15_lx=0.45_se=0.95_sx=0.85,5,20,0.15,0.45,0.95,0.85,1.1824672419174376,0.05591271675816145,0.04601017715695464,-0.08098912865589991,-0.002935554810381966,-0.010317928178039065,1.053694536082338,2.492373916788511
fw=5_vw=20_le=0.10_lx=0.35_se=0.95_sx=0.75,5,20,0.1,0.35,0.95,0.75,1.1817735886694714,0.0590499061638865,0.048547532119426966,-0.09161572997280742,0.0003795142409682645,0.0012642039172460625,1.0767415264162994,2.619630324587168
fw=5_vw=10_le=0.15_lx=0.45_se=0.90_sx=0.85,5,10,0.15,0.45,0.9,0.85,1.1817055715774947,0.04765760624439208,0.03939798714495014,-0.09595859601235146,-0.0018349467648418104,-0.007531919111291169,1.086377656679397,2.1847239764121062
fw=5_vw=10_le=0.10_lx=0.25_se=0.85_sx=0.75,5,10,0.1,0.25,0.85,0.75,1.181426648194762,0.054304332608279715,0.04476041668561574,-0.10190740407950738,-0.004478530946220013,-0.01618071360396775,1.1901945643913663,2.4294086143805176
fw=20_vw=40_le=0.05_lx=0.25_se=0.90_sx=0.85,20,40,0.05,0.25,0.9,0.85,1.1789505242827798,0.06973228915276475,0.05717663186657283,-0.16936443982296512,-0.0012633396671952923,-0.0035732037113826625,1.2003601892466487,3.100298758371064
fw=5_vw=20_le=0.10_lx=0.35_se=0.95_sx=0.65,5,20,0.1,0.35,0.95,0.65,1.1779773085442233,0.0573687823757183,0.04735536158033378,-0.07852097154354987,-0.0020966548273280193,-0.007160016015087829,1.0191520551058895,2.550696827285581
fw=10_vw=40_le=0.10_lx=0.25_se=0.90_sx=0.85,10,40,0.1,0.25,0.9,0.85,1.1774478955019172,0.06237708927849139,0.051389904111254575,-0.19936500068798835,-0.002808383507272877,-0.008837609725170916,1.302736231801975,2.7612561012336183
fw=15_vw=40_le=0.15_lx=0.45_se=0.85_sx=0.75,15,40,0.15,0.45,0.85,0.75,1.1768390056859255,0.0474139679297243,0.03936327599844785,-0.13004325178813447,0.002065421029612234,0.008485424460796786,1.063609055000098,2.176211309484824
fw=10_vw=10_le=0.10_lx=0.45_se=0.95_sx=0.85,10,10,0.1,0.45,0.95,0.85,1.1764096238448167,0.06603569784200647,0.054357607710335716,-0.09643790028912336,-0.00013654544722403964,-0.0004062310370275327,1.1651464195701096,2.925287977863308
fw=10_vw=40_le=0.05_lx=0.35_se=0.95_sx=0.85,10,40,0.05,0.35,0.95,0.85,1.176346742224357,0.07256887003086776,0.059554365838510294,-0.24088213818038606,0.0024846398853211296,0.006746927764978104,1.1951273568375012,3.241220015349157
fw=5_vw=10_le=0.15_lx=0.25_se=0.90_sx=0.75,5,10,0.15,0.25,0.9,0.75,1.1761731073013175,0.04988721544241881,0.041390798882901876,-0.07622542449217129,-0.0041198575356728405,-0.016096616678630327,1.1833483610472504,2.2640939128515747
fw=5_vw=40_le=0.05_lx=0.35_se=0.95_sx=0.75,5,40,0.05,0.35,0.95,0.75,1.1755869832917347,0.07038225988642433,0.05785691562719144,-0.11323375134385272,-0.0051920954324377495,-0.014512545727081702,1.1297371297802663,3.1320708687475936
fw=15_vw=40_le=0.10_lx=0.45_se=0.95_sx=0.75,15,40,0.1,0.45,0.95,0.75,1.1744538729845293,0.06016825357786937,0.04974876124313133,-0.12759952741733616,-0.0017788897864069834,-0.005782597748394309,1.044900308488912,2.6664538004217366
fw=5_vw=10_le=0.10_lx=0.25_se=0.90_sx=0.85,5,10,0.1,0.25,0.9,0.85,1.173980278606743,0.05739715749717522,0.04753944988045051,-0.09965319413481388,-0.0027963546310466494,-0.009512492073596852,1.2557733616123763,2.551846043920159
fw=5_vw=20_le=0.10_lx=0.45_se=0.85_sx=0.65,5,20,0.1,0.45,0.85,0.65,1.1736719472013715,0.04638742501878235,0.038634036011249574,-0.1480462257072348,-0.0014528087673848424,-0.006081274175576882,0.9635035832604181,2.140685551451399
fw=5_vw=40_le=0.15_lx=0.35_se=0.90_sx=0.65,5,40,0.15,0.35,0.9,0.65,1.172861397516645,0.048476064459440416,0.040360900985089286,-0.12557520719247772,-0.001344534136133957,-0.0053872507805125406,1.0851301529409143,2.213550581886814
fw=5_vw=20_le=0.10_lx=0.25_se=0.90_sx=0.85,5,20,0.1,0.25,0.9,0.85,1.1726031904772016,0.05486468057044269,0.0455503569093247,-0.13153341534436191,-0.002587765678957228,-0.009187331282462755,1.2408701017715822,2.4511734298933794
fw=20_vw=40_le=0.15_lx=0.25_se=0.95_sx=0.75,20,40,0.15,0.25,0.95,0.75,1.1723750036114196,0.05662578072863411,0.04698207057132042,-0.10834774575518535,-0.002304418824577019,-0.007932050559024888,1.1651838411023745,2.5207772860994004
fw=20_vw=40_le=0.15_lx=0.45_se=0.95_sx=0.85,20,40,0.15,0.45,0.95,0.85,1.169251770175994,0.056524526391115826,0.04702560557472289,-0.11715986264455835,-0.0018873736007367864,-0.006490522975320154,1.0866729166050009,2.5167255767225254
fw=5_vw=40_le=0.05_lx=0.35_se=0.95_sx=0.65,5,40,0.05,0.35,0.95,0.65,1.169205321594758,0.06880753166082831,0.05691350303041896,-0.13902444543405168,-0.0061065283045283825,-0.01735142987922056,1.0629306002268522,3.0556164733610456
fw=5_vw=20_le=0.10_lx=0.35_se=0.95_sx=0.85,5,20,0.1,0.35,0.95,0.85,1.1672235532816404,0.06053999118776354,0.050357280654901006,-0.09110605087564927,0.0003316473922611959,0.0010650513064121192,1.138257998348849,2.6821913801670805
fw=5_vw=40_le=0.05_lx=0.35_se=0.90_sx=0.75,5,40,0.05,0.35,0.9,0.75,1.1671919266083266,0.06395519134242122,0.053113181490914804,-0.1741647685110148,-0.002496669768780672,-0.00760177477856052,1.1483144304702875,2.8309190998434075
fw=5_vw=40_le=0.05_lx=0.45_se=0.85_sx=0.75,5,40,0.05,0.45,0.85,0.75,1.167171606510746,0.058682659924718106,0.04885773545754258,-0.14986295977188324,-0.004375414797426687,-0.014482452404638893,1.0550269956114562,2.604423711127224
fw=15_vw=40_le=0.15_lx=0.35_se=0.90_sx=0.75,15,40,0.15,0.35,0.9,0.75,1.1630791964825922,0.050556257736244614,0.04240450118358232,-0.11671644266867809,0.0016930229470232198,0.006456647815673445,1.1394751350862031,2.2884344939232695
fw=15_vw=10_le=0.15_lx=0.35_se=0.95_sx=0.65,15,10,0.15,0.35,0.95,0.65,1.1626537736412568,0.0651692541609179,0.05430138538261959,-0.12929769006207437,-0.0012163743663468223,-0.0036225347635211714,0.9691021049242947,2.885633409119098
fw=5_vw=20_le=0.10_lx=0.45_se=0.95_sx=0.75,5,20,0.1,0.45,0.95,0.75,1.1590393154987464,0.05563686556466618,0.04671476464560187,-0.09939024044774625,-0.0004828292253548111,-0.001671458495565739,0.9932145313710399,2.4814669346613774
fw=10_vw=40_le=0.15_lx=0.35_se=0.95_sx=0.75,10,40,0.15,0.35,0.95,0.75,1.1589898039404314,0.05649669232688925,0.04741925002135176,-0.12507161326870464,0.003252893218483608,0.011093570265833796,1.1399203869728007,2.5156128656041585
fw=20_vw=40_le=0.15_lx=0.25_se=0.85_sx=0.75,20,40,0.15,0.25,0.85,0.75,1.1571153234459832,0.04775136977626371,0.04031258961601189,-0.1372833409254266,-0.001480462210528984,-0.005938993380481628,1.1976557172059337,2.188008389698253
fw=15_vw=10_le=0.05_lx=0.25_se=0.95_sx=0.85,15,10,0.05,0.25,0.95,0.85,1.156002303718267,0.08831735140221797,0.07321160944431697,-0.16222112009223066,0.0003331899435330363,0.0007359836101110417,1.1660284195544346,4.139693777527327
fw=5_vw=20_le=0.10_lx=0.45_se=0.95_sx=0.65,5,20,0.1,0.45,0.95,0.65,1.1559945115180228,0.05396115959836645,0.04546353675609344,-0.08465126589487137,-0.002958998293651103,-0.01052537818155083,0.9356250600606302,2.4161690975433094
fw=10_vw=40_le=0.10_lx=0.35_se=0.95_sx=0.85,10,40,0.1,0.35,0.95,0.85,1.1501113382669172,0.06281297510142592,0.05296803988897424,-0.17554716529896208,0.0018773352002836104,0.005731709008624104,1.2296867832078184,2.7803347468572452
fw=5_vw=40_le=0.05_lx=0.45_se=0.90_sx=0.85,5,40,0.05,0.45,0.9,0.85,1.1487495630708668,0.06135572476963391,0.05183643020600748,-0.1644513986259034,-0.0018616861890935006,-0.005808013320695303,1.137315441069522,2.7170322865168144
fw=10_vw=40_le=0.15_lx=0.45_se=0.85_sx=0.65,10,40,0.15,0.45,0.85,0.65,1.148078827385134,0.05031720775440429,0.04276032272163553,-0.11016896615346083,0.002490643053969498,0.00941947568184688,1.012859745192305,2.2797094444290105
fw=5_vw=40_le=0.05_lx=0.45_se=0.95_sx=0.85,5,40,0.05,0.45,0.95,0.85,1.1470896396764103,0.06777780598222582,0.05717048589039349,-0.11172258573932647,-0.007368154514080725,-0.020842175749840833,1.11235075955405,3.0065752435792263
fw=5_vw=20_le=0.10_lx=0.45_se=0.95_sx=0.85,5,20,0.1,0.45,0.95,0.85,1.1451305015348952,0.057122148434600284,0.0485099834209799,-0.09628173308414467,-0.0005306960740618858,-0.0017691756812119146,1.0547310033035897,2.5407284225751483
fw=10_vw=10_le=0.15_lx=0.35_se=0.95_sx=0.75,10,10,0.15,0.35,0.95,0.75,1.143449335354052,0.058577286254594574,0.04978429918242668,-0.07342771397005765,0.0004170943098760963,0.0013548714131217112,1.1411255728607281,2.600075840366977
fw=5_vw=20_le=0.10_lx=0.25_se=0.95_sx=0.75,5,20,0.1,0.25,0.95,0.75,1.140221688908672,0.058298301518175055,0.049694057525972356,-0.12879074953023617,-0.0016528768726343519,-0.005378884971804687,1.1485039034092075,2.588597461484287
fw=5_vw=40_le=0.05_lx=0.35_se=0.85_sx=0.65,5,40,0.05,0.35,0.85,0.65,1.138644012606501,0.060025952970933494,0.05119544924813768,-0.15984289739681634,-0.004456405231931616,-0.014076981161667822,1.0628310142821118,2.6604524938950744
fw=15_vw=10_le=0.10_lx=0.35_se=0.90_sx=0.85,15,10,0.1,0.35,0.9,0.85,1.138145006322747,0.05774970622065734,0.04932915627291787,-0.13102385104520264,0.0021940661329156053,0.00719287045792182,1.1227282957358995,2.5661652373279527
fw=5_vw=10_le=0.15_lx=0.25_se=0.85_sx=0.75,5,10,0.15,0.25,0.85,0.75,1.1368329596603535,0.04568802212629608,0.03929782539280044,-0.08419112876340973,-0.004135891679290888,-0.017019893944758585,1.1828461824849013,2.116794350999516
fw=5_vw=20_le=0.10_lx=0.35_se=0.85_sx=0.75,5,20,0.1,0.35,0.85,0.75,1.13672484799871,0.04831745029466261,0.04151088163532856,-0.13801295969564298,-0.0004988316631797426,-0.0019433376620762246,1.1173885965537407,2.2079362996830882
fw=5_vw=20_le=0.10_lx=0.25_se=0.95_sx=0.65,5,20,0.1,0.25,0.95,0.65,1.1351310416057887,0.05661837081868182,0.04851738725143022,-0.11131226741208566,-0.004129045940930638,-0.013762854610194204,1.0909144320987976,2.520480569397906
fw=15_vw=40_le=0.15_lx=0.25_se=0.85_sx=0.75,15,40,0.15,0.25,0.85,0.75,1.1293994620834227,0.04697190332886825,0.04064292366196537,-0.13005288536036963,0.0032985402923072973,0.0131248111836833,1.2099318718634275,2.160845262992856
fw=15_vw=10_le=0.15_lx=0.35_se=0.90_sx=0.75,15,10,0.15,0.35,0.9,0.75,1.1292457216064726,0.05202168442898536,0.04490938128684466,-0.12403205308818177,0.0009625910760353658,0.0034662586917776476,1.0579497858643576,2.3426110166407743
fw=5_vw=20_le=0.10_lx=0.25_se=0.95_sx=0.85,5,20,0.1,0.25,0.95,0.85,1.1291821023018973,0.059787329033033965,0.051425057914402335,-0.12616711718135654,-0.0017007437213414091,-0.005348355900763394,1.210020375341757,2.6504174015506248
fw=5_vw=20_le=0.10_lx=0.25_se=0.85_sx=0.65,5,20,0.1,0.25,0.85,0.65,1.1291653487652864,0.0490255415956935,0.04238677505324813,-0.15197495557859741,-0.002622856414664383,-0.010006918288543411,1.1187929552985854,2.2331037770121998
fw=10_vw=10_le=0.15_lx=0.25_se=0.95_sx=0.75,10,10,0.15,0.25,0.95,0.75,1.1287487877233169,0.05886984365229653,0.050677488855491615,-0.07243907175751885,-0.0013018742119892052,-0.004154417604714789,1.2221878174326803,2.6121640492308464
fw=5_vw=40_le=0.15_lx=0.35_se=0.90_sx=0.75,5,40,0.15,0.35,0.9,0.75,1.1275778932578344,0.047498094135478786,0.041154188680798474,-0.11299549817829213,-0.000668910246357242,-0.0026285123174082307,1.1586282135331103,2.179147127749003
fw=15_vw=10_le=0.15_lx=0.45_se=0.95_sx=0.65,15,10,0.15,0.45,0.95,0.65,1.124691855034086,0.0627308934105264,0.05409651486369166,-0.12910404598161374,-0.000916314557449412,-0.0027392489997891912,0.8977420987335318,2.7767325980682585
fw=15_vw=10_le=0.15_lx=0.25_se=0.95_sx=0.65,15,10,0.15,0.25,0.95,0.65,1.1245698110621234,0.06403056991485157,0.05518921192725686,-0.14246875218503263,-0.00106419037025244,-0.0031183247697444023,1.041624052566882,2.8342875856761807
fw=15_vw=40_le=0.10_lx=0.35_se=0.90_sx=0.85,15,40,0.1,0.35,0.9,0.85,1.1232158208837917,0.05617884465475065,0.048661646672419394,-0.15243479666328752,0.0013742677818316057,0.004567102686596671,1.2213233697455979,2.5029391613363834
fw=15_vw=40_le=0.15_lx=0.45_se=0.90_sx=0.75,15,40,0.15,0.45,0.9,0.75,1.1219634958554319,0.04797807959506817,0.04176844383644523,-0.11648075785864365,0.0005521663047838841,0.0021378528944559867,1.0643768949235477,2.195968934001478
fw=5_vw=10_le=0.15_lx=0.25_se=0.90_sx=0.85,5,10,0.15,0.25,0.9,0.85,1.1217921530497357,0.04875557087936899,0.042435927706277334,-0.08405357060029117,-0.002453715364117517,-0.009350755335864555,1.248424979705911,2.22347663477272
fw=5_vw=40_le=0.15_lx=0.35_se=0.85_sx=0.65,5,40,0.15,0.35,0.85,0.65,1.1213076743006203,0.04362963262598174,0.03808470188566152,-0.10412994081000637,-0.002628645709508189,-0.011161889209453879,1.0731447973449346,2.047927618597363
fw=5_vw=40_le=0.15_lx=0.45_se=0.90_sx=0.65,5,40,0.15,0.45,0.9,0.65,1.1200881269637006,0.04439498456124502,0.0387806589191126,-0.15203931825534078,-0.002057043801630313,-0.00857797088641735,0.9953787405244277,2.0732838575931467
fw=15_vw=40_le=0.10_lx=0.25_se=0.90_sx=0.85,15,40,0.1,0.25,0.9,0.85,1.1198474338367743,0.05749606795463924,0.049921008876757066,-0.1560900070240696,0.0007318780330643146,0.0023708909066173507,1.2928590932222759,2.5558558100298154
fw=5_vw=20_le=0.10_lx=0.45_se=0.85_sx=0.75,5,20,0.1,0.45,0.85,0.75,1.1174145848044292,0.04493899759106279,0.039339479544744586,-0.14818607954021845,-0.0013611751295028287,-0.005595534885783327,1.0338616015084816,2.0914862948708666
fw=15_vw=40_le=0.15_lx=0.35_se=0.95_sx=0.75,15,40,0.15,0.35,0.95,0.75,1.1173411806017428,0.0541810183579714,0.047222979392078625,-0.11298149936113733,-0.0024094678307824027,-0.008251330078395434,1.12189105068998,2.4246433523329394
fw=10_vw=40_le=0.05_lx=0.35_se=0.90_sx=0.85,10,40,0.05,0.35,0.9,0.85,1.1140575013528091,0.06600580510952336,0.05737475071524116,-0.23579421048871207,-0.00013123594008207693,-0.0003699032842739533,1.181479642820393,2.923911382813667
fw=10_vw=40_le=0.15_lx=0.45_se=0.85_sx=0.75,10,40,0.15,0.45,0.85,0.75,1.1117055505739377,0.04906754385135992,0.043088492377062027,-0.10703259020850364,0.0023830389738414295,0.008943881956750097,1.086358476418052,2.2346050944793854
fw=10_vw=40_le=0.10_lx=0.35_se=0.90_sx=0.85,10,40,0.1,0.35,0.9,0.85,1.1097402869438007,0.05630960664673923,0.049364099933816866,-0.1709128651274805,-0.0007385406251195889,-0.0024194651960596416,1.21603906919071,2.508145814190452
fw=15_vw=20_le=0.15_lx=0.25_se=0.95_sx=0.85,15,20,0.15,0.25,0.95,0.85,1.107897224632479,0.05669104198635644,0.04977209605267868,-0.14996488777203565,0.002020948358194509,0.006566372225626829,1.2160213749780127,2.5233919764751738
fw=5_vw=40_le=0.15_lx=0.35_se=0.95_sx=0.75,5,40,0.15,0.35,0.95,0.75,1.1056080283156149,0.053825749759985664,0.04741925917755707,-0.0688558463449589,-0.003364335910014317,-0.011473628890404566,1.140050912843089,2.4109637177251604
fw=5_vw=40_le=0.15_lx=0.35_se=0.95_sx=0.65,5,40,0.15,0.35,0.95,0.65,1.1052054710138306,0.05227537919126668,0.04610441107007439,-0.0767185223785003,-0.004278768782104956,-0.015008336281643409,1.073244383289675,2.3521116734828516
fw=5_vw=40_le=0.05_lx=0.35_se=0.85_sx=0.75,5,40,0.05,0.35,0.85,0.75,1.1041704747622194,0.058237078297376677,0.05126417631506725,-0.15270308849551828,-0.0038017022905388028,-0.011992792872817622,1.1345907950711691,2.586084914852096
fw=20_vw=40_le=0.15_lx=0.35_se=0.90_sx=0.85,20,40,0.15,0.35,0.9,0.85,1.1022223020776825,0.04868845461366167,0.04313131069067229,-0.1156709902299422,-0.005225437026162218,-0.019592333951942265,1.1761582835725746,2.221089337252072
fw=5_vw=40_le=0.05_lx=0.35_se=0.95_sx=0.85,5,40,0.05,0.35,0.95,0.85,1.1021641564941174,0.06732839636172394,0.05911887080690913,-0.1255884067282701,-0.006794442007192841,-0.018585912071968577,1.1919145590137623,2.9854047363985785
fw=15_vw=10_le=0.10_lx=0.25_se=0.90_sx=0.85,15,10,0.1,0.25,0.9,0.85,1.0988488671607317,0.05718888024409563,0.050610586437521296,-0.1610989301942536,0.001466611927076964,0.004686299656260517,1.1905949320790365,2.5434219549490686
fw=10_vw=10_le=0.10_lx=0.35_se=0.95_sx=0.85,10,10,0.1,0.35,0.95,0.85,1.0978566131623075,0.06301083902573557,0.05565872192488261,-0.12052370707969706,4.339330835256433e-05,0.00012607986794860315,1.229222558818808,2.7890360632248843
fw=5_vw=40_le=0.05_lx=0.25_se=0.90_sx=0.65,5,40,0.05,0.25,0.9,0.65,1.0971369646139157,0.06275232678095577,0.05547354579573298,-0.18056737711103354,-0.005206568613038725,-0.01517825629904405,1.1492051551526286,2.7776727762836324
fw=5_vw=40_le=0.05_lx=0.35_se=0.90_sx=0.85,5,40,0.05,0.35,0.9,0.85,1.095424587422784,0.06090901809450555,0.053975513736692765,-0.16466961842998662,-0.0012879736822056155,-0.003858925699712149,1.2168792405292348,2.6979005679095396
fw=5_vw=40_le=0.05_lx=0.25_se=0.95_sx=0.75,5,40,0.05,0.25,0.95,0.75,1.0934124476463094,0.06817485447941274,0.06031708227005509,-0.11958994739522877,-0.00722637038691908,-0.01937474988261586,1.204125915054803,3.0253965453205995
fw=10_vw=40_le=0.15_lx=0.45_se=0.90_sx=0.75,10,40,0.15,0.45,0.9,0.75,1.0903821661863038,0.05125065157436626,0.045837646344480336,-0.1323210987238156,0.0026369117160974474,0.00930313863098504,1.0637538542228446,2.313957512702779
fw=10_vw=40_le=0.15_lx=0.45_se=0.90_sx=0.65,10,40,0.15,0.45,0.9,0.65,1.088934252570561,0.051094447929895814,0.0457621317021266,-0.14847597716845007,0.0027484607585641797,0.009712689525166041,0.9989964331406926,2.3081928907546194
fw=20_vw=40_le=0.15_lx=0.25_se=0.95_sx=0.85,20,40,0.15,0.25,0.95,0.85,1.0882153532059005,0.05506904700538562,0.049260665204720076,-0.12457775287610795,-0.0020594375968031194,-0.006760901007569171,1.2427313595330385,2.4591568853715042
fw=10_vw=10_le=0.10_lx=0.25_se=0.95_sx=0.85,10,10,0.1,0.25,0.95,0.85,1.0864506124958686,0.06385932550445972,0.056977435140474444,-0.11773709924182174,-0.001382716907206524,-0.003924520392953504,1.3070682028438825,2.8266405264204923
fw=15_vw=10_le=0.15_lx=0.45_se=0.90_sx=0.75,15,10,0.15,0.45,0.9,0.75,1.0862919726790505,0.04961342079027098,0.04457542439774901,-0.11254825579886396,0.0012626508849327756,0.004580828292947098,0.9865897796735945,2.254203307302979
fw=5_vw=40_le=0.05_lx=0.25_se=0.95_sx=0.65,5,40,0.05,0.25,0.95,0.65,1.084386793608412,0.06660337375121106,0.059461423404331845,-0.13903593137468606,-0.008140803259009724,-0.0221405380262251,1.1373193855013888,2.9515460887472758
fw=5_vw=40_le=0.10_lx=0.45_se=0.90_sx=0.65,5,40,0.1,0.45,0.9,0.65,1.0822034654395092,0.04578638883749786,0.04136849404452704,-0.15339147800603015,-0.0019877696463091042,-0.007770564246581517,0.9911836285235548,2.120139280693248
fw=15_vw=40_le=0.15_lx=0.45_se=0.95_sx=0.75,15,40,0.15,0.45,0.95,0.75,1.0804623757750895,0.051593944664050095,0.046560673256874414,-0.10839008461771071,-0.003550324473021745,-0.01233119049784293,1.0467928105273248,2.326674192289485
fw=5_vw=40_le=0.10_lx=0.35_se=0.90_sx=0.65,5,40,0.1,0.35,0.9,0.65,1.0802020350501316,0.04817968255580429,0.04356131769436589,-0.14046255467149893,-0.0011550706085506782,-0.004288088471690813,1.083273485285771,2.2030707639989826
fw=15_vw=10_le=0.15_lx=0.25_se=0.90_sx=0.75,15,10,0.15,0.25,0.9,0.75,1.0797720851631494,0.05089705516100773,0.04597649667088213,-0.14384219787756425,0.0011147750721297442,0.003921096994380536,1.130471733506945,2.3009275196048105
fw=5_vw=20_le=0.10_lx=0.25_se=0.85_sx=0.75,5,20,0.1,0.25,0.85,0.75,1.0797098014076245,0.047573462441742986,0.04304536413746256,-0.15211658785520243,-0.0025312227767823677,-0.009509555032527426,1.189150973546649,2.1817804775104435
fw=10_vw=40_le=0.15_lx=0.25_se=0.85_sx=0.65,10,40,0.15,0.25,0.85,0.65,1.078792445347513,0.04780740065880451,0.043288948873976996,-0.13962308657857114,-0.00046995932726379353,-0.0017556560815877775,1.1715987990944552,2.1899732937836536
fw=15_vw=40_le=0.15_lx=0.25_se=0.90_sx=0.75,15,40,0.15,0.25,0.9,0.75,1.0784905553876316,0.04753577690897948,0.04306067082919881,-0.11496476313510873,0.0017852855674789466,0.006704758123710443,1.2106997117868774,2.1804633805711964
fw=20_vw=40_le=0.15_lx=0.25_se=0.90_sx=0.75,20,40,0.15,0.25,0.9,0.75,1.0771895571402728,0.04704693704055751,0.04267936001422189,-0.12265817120115152,-0.004407066452373764,-0.016698901884359286,1.174579429704167,2.1634462044589173
fw=15_vw=40_le=0.10_lx=0.45_se=0.90_sx=0.85,15,40,0.1,0.45,0.9,0.85,1.0761904432211467,0.05241498197894878,0.04747069295810087,-0.1509468938613694,0.00036870991135393654,0.001256074656446971,1.147458406199944,2.3573551251097107
fw=5_vw=40_le=0.15_lx=0.45_se=0.90_sx=0.75,5,40,0.15,0.45,0.9,0.75,1.0743136672959501,0.0434208208811977,0.03956439124072436,-0.13984032902315258,-0.0013814199118535907,-0.00564647534524905,1.0688768011166234,2.041060457462586
fw=20_vw=40_le=0.15_lx=0.45_se=0.90_sx=0.85,20,40,0.15,0.45,0.9,0.85,1.07342590326138,0.04556520693129329,0.041509718502153736,-0.12375674632264566,-0.004907283230115822,-0.01911822412960237,1.0964068703306193,2.1126250244186084
fw=15_vw=10_le=0.10_lx=0.35_se=0.95_sx=0.75,15,10,0.1,0.35,0.95,0.75,1.073218679923608,0.06761526098974557,0.060963747966790466,-0.14853326186234583,-0.00013906021846046344,-0.0003688819972958272,1.0312322018745075,2.998901931208237
fw=5_vw=40_le=0.05_lx=0.25_se=0.90_sx=0.75,5,40,0.05,0.25,0.9,0.75,1.0714771091960071,0.061761040215106755,0.05593109528275142,-0.1710866900861544,-0.004530944723262,-0.013100614045308488,1.222703215744824,2.734501620064903
fw=5_vw=40_le=0.15_lx=0.35_se=0.85_sx=0.75,5,40,0.15,0.35,0.85,0.75,1.0685797292352348,0.04186842799401447,0.03838334708838971,-0.09452293832816239,-0.001973942768115369,-0.008316640443074855,1.144904578133992,1.9906819359926864
fw=15_vw=20_le=0.15_lx=0.45_se=0.95_sx=0.85,15,20,0.15,0.45,0.95,0.85,1.0684227862379037,0.05285849863198311,0.048210170654104524,-0.15569603890343864,0.0032347622189073397,0.01085075369966724,1.0582093417165575,2.374086549878776
fw=5_vw=40_le=0.15_lx=0.45_se=0.85_sx=0.65,5,40,0.15,0.45,0.85,0.65,1.0666769864113435,0.03956741694052712,0.03637903683018383,-0.13124308414641273,-0.0033411553750045354,-0.014852572743339969,0.9833933849284479,1.918155974343213
fw=15_vw=10_le=0.10_lx=0.45_se=0.90_sx=0.85,15,10,0.1,0.45,0.9,0.85,1.0646919389567278,0.05313954105777574,0.048629786796927005,-0.12220987220535395,0.0017635181287729762,0.0058645376035527915,1.0509887307081647,2.384746458721359
fw=5_vw=40_le=0.15_lx=0.45_se=0.95_sx=0.75,5,40,0.15,0.45,0.95,0.75,1.054766096250288,0.0497238467892549,0.04600747662702183,-0.07626357052542843,-0.004076845575510678,-0.014330193660394997,1.0502995004266025,2.2581874559837605
fw=10_vw=10_le=0.15_lx=0.45_se=0.95_sx=0.85,10,10,0.15,0.45,0.95,0.85,1.0524941534999988,0.0560153992252459,0.05178439005686062,-0.08912008816966555,-0.00019226185233244014,-0.0006004135285798615,1.168593077668627,2.496445418952345
fw=5_vw=40_le=0.15_lx=0.45_se=0.95_sx=0.65,5,40,0.15,0.45,0.95,0.65,1.0522184840340978,0.048179510870612674,0.04471966701139627,-0.10382984135459272,-0.0049912784476013,-0.018049677629111506,0.983492970873188,2.2030647068980227
fw=5_vw=40_le=0.15_lx=0.25_se=0.90_sx=0.65,5,40,0.15,0.25,0.9,0.65,1.0479849166822128,0.044554930375917845,0.04159496005480812,-0.13242580651795155,-0.0038849748688574277,-0.01510440821887975,1.162354136832487,2.0786200531285193
fw=15_vw=10_le=0.10_lx=0.25_se=0.95_sx=0.75,15,10,0.1,0.25,0.95,0.75,1.0471229955187882,0.06704920422998883,0.06197656444268652,-0.14954710956403927,-0.0008665144242991013,-0.002261020555384223,1.0990988382176445,2.9723234114559025
fw=15_vw=40_le=0.15_lx=0.25_se=0.95_sx=0.75,15,40,0.15,0.25,0.95,0.75,1.0431957637693683,0.05115011588990326,0.04781932108248681,-0.11651131132825021,-0.0023172052103266816,-0.007836412754378363,1.1931156273906542,2.310245739935353
fw=5_vw=40_le=0.10_lx=0.45_se=0.90_sx=0.75,5,40,0.1,0.45,0.9,0.75,1.0430129454679968,0.04481092731943903,0.04202818233704587,-0.14160941625423085,-0.0013121457565323882,-0.005048910647191857,1.0646816891157507,2.087187644030434
fw=5_vw=40_le=0.10_lx=0.35_se=0.90_sx=0.75,5,40,0.1,0.35,0.9,0.75,1.0427058802017513,0.047201988683271745,0.044232832609539634,-0.1303791098010918,-0.00047944671877395297,-0.0017528784879686312,1.156771545877967,2.168830189325966
fw=5_vw=40_le=0.10_lx=0.35_se=0.95_sx=0.75,5,40,0.1,0.35,0.95,0.75,1.0422642942077438,0.0535278556139942,0.050029915849356704,-0.07670486121886833,-0.0031748723824310313,-0.010262489197262187,1.1381942451879459,2.399549268512809
fw=10_vw=40_le=0.15_lx=0.25_se=0.85_sx=0.75,10,40,0.15,0.25,0.85,0.75,1.0415328659167826,0.046560722915853336,0.04369452705153012,-0.1389634360957186,-0.0005775634073918559,-0.0021376118056064316,1.2450975303202023,2.1466443853280035
fw=5_vw=40_le=0.05_lx=0.25_se=0.85_sx=0.65,5,40,0.05,0.25,0.85,0.65,1.04130507720941,0.05783990495065994,0.05399858758475493,-0.16016296562025056,-0.006490680186412955,-0.01943855701680345,1.1372197995566484,2.569840888446498
fw=10_vw=40_le=0.15_lx=0.35_se=0.85_sx=0.65,10,40,0.15,0.35,0.85,0.65,1.0400756848848973,0.044616729596346216,0.04196814985634257,-0.11121948673841975,0.0017474959197817086,0.0067336813159585545,1.0880122785990491,2.080685288076466
fw=5_vw=40_le=0.10_lx=0.35_se=0.95_sx=0.65,5,40,0.1,0.35,0.95,0.65,1.0373112496494394,0.05197792330209006,0.048849493012013634,-0.09129010668263882,-0.0040893052545216725,-0.013537724826067717,1.0713877156345315,2.3409758529637097
fw=5_vw=40_le=0.10_lx=0.45_se=0.95_sx=0.75,5,40,0.1,0.45,0.95,0.75,1.0367130076176085,0.051122350488428614,0.04809286481189246,-0.07992265165945789,-0.004007571420189471,-0.013475870693486968,1.0461043884257295,2.309221629766553
fw=5_vw=40_le=0.10_lx=0.45_se=0.95_sx=0.65,5,40,0.1,0.45,0.95,0.65,1.0308280209660594,0.0495759571148644,0.046939189902665705,-0.10602211052427679,-0.004922004292280096,-0.01695753063656527,0.9792978588723154,2.2528531276106776
fw=10_vw=40_le=0.15_lx=0.45_se=0.95_sx=0.85,10,40,0.15,0.45,0.95,0.85,1.0293330422810862,0.053933542821059,0.05103245851599358,-0.15852915791479694,0.004338398725988149,0.013747989286606772,1.1570117556028363,2.4151066054008505
fw=5_vw=40_le=0.15_lx=0.35_se=0.90_sx=0.85,5,40,0.15,0.35,0.9,0.85,1.0289059049930132,0.04449903863242466,0.0423142499167567,-0.107260048325171,0.0005397858402178177,0.0020629611694490844,1.2271930235920574,2.0767538972899864
fw=10_vw=40_le=0.15_lx=0.25_se=0.90_sx=0.65,10,40,0.15,0.25,0.9,0.65,1.0267316224244087,0.048582783564042,0.04620440384653619,-0.16698545231051365,-0.00021214162266910915,-0.0007425038804081042,1.1577354870428431,2.2173355468639486
fw=10_vw=40_le=0.15_lx=0.25_se=0.90_sx=0.75,10,40,0.15,0.25,0.9,0.75,1.0265787465634313,0.04873861394887968,0.04635603660868469,-0.16374378606832218,-0.00032369066513584295,-0.0011292239748973286,1.2224929081249947,2.2228732561304043
fw=5_vw=40_le=0.05_lx=0.25_se=0.95_sx=0.85,5,40,0.05,0.25,0.95,0.85,1.0237084911591339,0.06512728881213148,0.06163308458972637,-0.1396240459359882,-0.008828716961674164,-0.02316540528645279,1.2663033442882992,2.883725673645307
fw=5_vw=40_le=0.10_lx=0.45_se=0.85_sx=0.65,5,40,0.1,0.45,0.85,0.65,1.0221306953003066,0.040952389647947784,0.03926704634053623,-0.13262840561241784,-0.0032718812196833357,-0.013474898617465458,0.979198272927575,1.9615055665472405
fw=5_vw=40_le=0.10_lx=0.35_se=0.85_sx=0.65,5,40,0.1,0.35,0.85,0.65,1.0198447585395156,0.04333462070563998,0.04159647772971952,-0.11808082085616478,-0.002439182181924902,-0.009482959457977438,1.0712881296897914,2.038231924870742
fw=15_vw=40_le=0.15_lx=0.35_se=0.90_sx=0.85,15,40,0.15,0.35,0.9,0.85,1.0193977236735863,0.046471532885101974,0.04455970350630004,-0.13503972487346427,-0.0002618681330214835,-0.0009503784320453397,1.2244491484010118,2.1435756480315615
fw=5_vw=40_le=0.15_lx=0.45_se=0.85_sx=0.75,5,40,0.15,0.45,0.85,0.75,1.0140973764613026,0.037813067607468165,0.03659971949152758,-0.12192683369121804,-0.002686452433611719,-0.011870188367606678,1.055153165717505,1.864537796094937
fw=5_vw=40_le=0.15_lx=0.35_se=0.95_sx=0.85,5,40,0.15,0.35,0.95,0.85,1.0118185480812367,0.05081912293217972,0.048990974921872474,-0.0699192080319333,-0.004966682484769415,-0.016394815254969868,1.2022283420765854,2.2980650195376673
fw=15_vw=10_le=0.10_lx=0.45_se=0.95_sx=0.75,15,10,0.1,0.45,0.95,0.75,1.0096967066532676,0.06296209715086198,0.060473052780609896,-0.1477509010015815,-0.0005696082226030918,-0.0015232478339263088,0.9594926368467729,2.786890203511683
fw=5_vw=40_le=0.05_lx=0.25_se=0.85_sx=0.75,5,40,0.05,0.25,0.85,0.75,1.0079326432868223,0.056054719399928565,0.05411076019653439,-0.1528553898405458,-0.005835977245020135,-0.01744159375840016,1.2089795803457057,2.498006173924073
fw=5_vw=40_le=0.15_lx=0.25_se=0.90_sx=0.75,5,40,0.15,0.25,0.9,0.75,1.0062729183381112,0.04358061750575981,0.04239178120277338,-0.12096660715712981,-0.003209350979080716,-0.012243110299129731,1.2358521974246828,2.0463137167597427
fw=15_vw=40_le=0.10_lx=0.25_se=0.95_sx=0.85,15,40,0.1,0.25,0.95,0.85,1.0051954255852382,0.05699123671146222,0.055139940677535026,-0.17314360321832067,-0.002904385541274994,-0.008518128432453056,1.2780959499502473,2.5354521527488476
fw=5_vw=40_le=0.15_lx=0.25_se=0.95_sx=0.75,5,40,0.15,0.25,0.95,0.75,1.0045577842801066,0.0498846087024567,0.04845939419145199,-0.06891220587500846,-0.0059047766427377845,-0.01970523897740653,1.2172748967346616,2.263999554397843
fw=5_vw=40_le=0.05_lx=0.25_se=0.90_sx=0.85,5,40,0.05,0.25,0.9,0.85,1.0032788561329733,0.05872114896526792,0.05687523082160614,-0.16322871044417342,-0.0033222486366869483,-0.009446374780663708,1.2912680258037714,2.6060135290092576
fw=15_vw=40_le=0.10_lx=0.35_se=0.95_sx=0.85,15,40,0.1,0.35,0.95,0.85,1.0027695105078054,0.055674642232328875,0.054030396113860714,-0.1683628875673523,-0.002261995792507696,-0.006770330249318424,1.2065602264735695,2.4829579430522366
fw=10_vw=40_le=0.15_lx=0.35_se=0.85_sx=0.75,10,40,0.15,0.35,0.85,0.75,1.0026556724068307,0.04337384810316003,0.04234708718681328,-0.1091872344911905,0.0016398918396536401,0.006262501949035664,1.1615110098247963,2.0395186571280473
fw=5_vw=40_le=0.15_lx=0.25_se=0.95_sx=0.65,5,40,0.15,0.25,0.95,0.65,1.0012325076172932,0.048340036273614384,0.04714988277587638,-0.08526934955666465,-0.006819209514828423,-0.023388890950811248,1.1504683671812475,2.20873493097758
fw=15_vw=10_le=0.15_lx=0.35_se=0.90_sx=0.85,15,10,0.15,0.35,0.9,0.85,0.9927736578910574,0.047754631157323146,0.046988986402028705,-0.13694715199007212,-0.0007773164524277436,-0.0026752107154576752,1.1310125104906805,2.1881227151133453
fw=5_vw=40_le=0.15_lx=0.25_se=0.85_sx=0.65,5,40,0.15,0.25,0.85,0.65,0.9894863742422587,0.0397266234283673,0.03937175642333878,-0.11114855107092358,-0.005169086442231662,-0.02123172192818449,1.150368781236507,1.9230929034129927
fw=10_vw=40_le=0.15_lx=0.35_se=0.90_sx=0.75,10,40,0.15,0.35,0.9,0.75,0.9876212639459456,0.04554510725527794,0.04509662233511422,-0.13638902436333689,0.0018937645819096555,0.006791069688404003,1.1389063876295888,2.1119434170351377
fw=10_vw=40_le=0.15_lx=0.35_se=0.90_sx=0.65,10,40,0.15,0.35,0.9,0.65,0.9866522061820306,0.04538975138846646,0.044990305032798446,-0.15069036399548585,0.0020053136243763934,0.007208079685717461,1.0741489665474369,2.1066820605459644
fw=10_vw=40_le=0.15_lx=0.45_se=0.90_sx=0.85,10,40,0.15,0.45,0.9,0.85,0.9825463076534571,0.04748450774500079,0.04721567075381652,-0.15274043038344598,0.0017225229005849384,0.0058997696183124,1.1433640415857282,2.178672740757883
fw=15_vw=40_le=0.15_lx=0.45_se=0.90_sx=0.85,15,40,0.15,0.45,0.9,0.85,0.9780472568518834,0.0439033790984007,0.04393135006536035,-0.13188226457787977,-0.0014027247752608383,-0.00516361828630948,1.1493509082383566,2.056963196132112
fw=20_vw=40_le=0.15_lx=0.25_se=0.90_sx=0.85,20,40,0.15,0.25,0.9,0.85,0.9778422307091369,0.04412482522020955,0.04415747790832832,-0.13122185118269725,-0.0050793472261821595,-0.018602009181574924,1.2524653132586567,2.064299907410995
fw=10_vw=40_le=0.15_lx=0.25_se=0.95_sx=0.85,10,40,0.15,0.25,0.95,0.85,0.9759260863966761,0.051415094237589276,0.0513737324184899,-0.18873120931264864,0.0013777963447548474,0.004337106845800825,1.3157508095049866,2.320040819409377
fw=5_vw=40_le=0.10_lx=0.45_se=0.85_sx=0.75,5,40,0.1,0.45,0.85,0.75,0.9757220744937254,0.03919570306777431,0.039403691404030904,-0.12347898063743312,-0.002617178278290515,-0.010741195230145242,1.050958053716632,1.9066756379549408
fw=5_vw=40_le=0.10_lx=0.35_se=0.85_sx=0.75,5,40,0.1,0.35,0.85,0.75,0.9743139695349486,0.041573913928796946,0.04180679863064307,-0.10981484503892713,-0.0017844792405320863,-0.006902728624791656,1.1430479104788482,1.9812572658123373
fw=5_vw=40_le=0.15_lx=0.45_se=0.90_sx=0.85,5,40,0.15,0.45,0.9,0.85,0.9726460178490804,0.04043343887794215,0.04075212744825689,-0.1342784602294389,-0.00017272382527853177,-0.0006854222119556631,1.1374416111755707,1.9451556095794504
fw=10_vw=10_le=0.15_lx=0.35_se=0.95_sx=0.85,10,10,0.15,0.35,0.95,0.85,0.9610023895939043,0.05193140974038002,0.052682400035185796,-0.08986685621242696,0.0003180248112063027,0.0009762289085968866,1.239436326876907,2.339239019511772
fw=5_vw=40_le=0.15_lx=0.45_se=0.95_sx=0.85,5,40,0.15,0.45,0.95,0.85,0.9585218991328899,0.046728922931811745,0.04764626664510435,-0.0735368621547845,-0.005679192150265761,-0.019275865991264293,1.1124769296600985,2.1524428434997325
fw=5_vw=40_le=0.10_lx=0.35_se=0.95_sx=0.85,5,40,0.1,0.35,0.95,0.85,0.9562478599722658,0.0505220786957028,0.05154234635827511,-0.10047762401482097,-0.004777218957186131,-0.0149888106862191,1.2003716744214419,2.287185077106612
fw=15_vw=40_le=0.10_lx=0.45_se=0.95_sx=0.85,15,40,0.1,0.45,0.95,0.85,0.955610784184146,0.05191257636271018,0.05296090142884088,-0.16901540933755455,-0.0032675536629853687,-0.009977542183746623,1.1326952629279154,2.338536119016522
fw=5_vw=40_le=0.10_lx=0.25_se=0.90_sx=0.65,5,40,0.1,0.25,0.9,0.65,0.9544884751587122,0.04413573201662402,0.045248836045587326,-0.14977689614769873,-0.003780090536674414,-0.013509864771146298,1.1579644486361325,2.0646618946090403
fw=5_vw=40_le=0.10_lx=0.35_se=0.90_sx=0.85,5,40,0.1,0.35,0.9,0.85,0.9539760494767643,0.04420378094947952,0.045341455812168384,-0.12205372211187238,0.0007292493678011071,0.002600978806203778,1.2253363559369144,2.0669217286377095
fw=15_vw=10_le=0.15_lx=0.45_se=0.90_sx=0.85,15,10,0.15,0.45,0.9,0.85,0.9509747624962342,0.045356135557985455,0.0466443786776985,-0.12548185860302996,-0.0004772566435303299,-0.001654660434884335,1.0596525042999176,2.105545233995478
fw=10_vw=10_le=0.15_lx=0.25_se=0.95_sx=0.85,10,10,0.15,0.25,0.95,0.85,0.9500796770554614,0.0522221304272783,0.0535789195916765,-0.09285501469056667,-0.0014009437106589867,-0.004228467006922252,1.3204985714488595,2.3501145522217635
fw=15_vw=10_le=0.15_lx=0.25_se=0.90_sx=0.85,15,10,0.15,0.25,0.9,0.85,0.9496426307119569,0.04663456344265615,0.047996833163877047,-0.15486482057191187,-0.0006251324563333575,-0.0021062779268284084,1.203534458133268,2.149188122019639
fw=5_vw=40_le=0.10_lx=0.45_se=0.90_sx=0.85,5,40,0.1,0.45,0.9,0.85,0.9488297120116004,0.04181956535059994,0.043178207813962616,-0.13565894147884572,-0.00010344966995732327,-0.00038745450025756976,1.1332464991746978,1.9891153832248143
fw=5_vw=40_le=0.10_lx=0.45_se=0.95_sx=0.85,5,40,0.1,0.45,0.95,0.85,0.9457499606138259,0.04812343661770124,0.04969745065030277,-0.10591365529521779,-0.005609917994944557,-0.018254864516327945,1.1082818176592257,2.2010872294392643
fw=15_vw=10_le=0.15_lx=0.35_se=0.95_sx=0.75,15,10,0.15,0.35,0.95,0.75,0.9428289718489581,0.05752696258644874,0.059324787229676136,-0.1509660057190988,-0.00311044280380381,-0.008478953290908527,1.0395164166292885,2.557109472384068
fw=15_vw=40_le=0.15_lx=0.25_se=0.90_sx=0.85,15,40,0.15,0.25,0.9,0.85,0.9414039498678668,0.04346279615341153,0.04519292059690662,-0.13340752597600392,-0.00016960551256576332,-0.0006069120600231343,1.295673725101686,2.0424391506194928
fw=5_vw=40_le=0.10_lx=0.25_se=0.95_sx=0.75,5,40,0.1,0.25,0.95,0.75,0.9404206844697747,0.04946327144903173,0.05133751758784729,-0.08298639366954674,-0.005799892310554762,-0.018270114856055553,1.212885208538307,2.248796552473199
fw=10_vw=40_le=0.15_lx=0.35_se=0.95_sx=0.85,10,40,0.15,0.35,0.95,0.85,0.9390241963454334,0.04821343741238793,0.050144849300934935,-0.16068971190024373,0.0035952515918003616,0.011594690732570943,1.2321642890095805,2.204261948939934
fw=5_vw=40_le=0.15_lx=0.25_se=0.85_sx=0.75,5,40,0.15,0.25,0.85,0.75,0.9383873273582408,0.03797200542221302,0.03971581197372776,-0.10161681375226261,-0.004514383500838838,-0.01838193459069961,1.2221285620255644,1.8693367232783176
fw=15_vw=10_le=0.10_lx=0.35_se=0.95_sx=0.85,15,10,0.1,0.35,0.95,0.85,0.9346927320594394,0.06265449525209266,0.06501603838087984,-0.16203106459802363,-0.002935348386406955,-0.00730121878968147,1.1087932292066696,2.773383814607874
fw=5_vw=40_le=0.10_lx=0.25_se=0.95_sx=0.65,5,40,0.1,0.25,0.95,0.65,0.9323527817474073,0.047919318884410256,0.050202667975365274,-0.10181755443496843,-0.006714325182645413,-0.02162876814899881,1.1460786789848927,2.193903036977663
fw=10_vw=40_le=0.15_lx=0.25_se=0.90_sx=0.85,10,40,0.15,0.25,0.9,0.85,0.9211295900775303,0.04498146958599536,0.04776651763217843,-0.18507745105233786,-0.0012380794806483458,-0.00419161279665951,1.3021030954878785,2.0929136955649357
fw=5_vw=40_le=0.10_lx=0.25_se=0.90_sx=0.75,5,40,0.1,0.25,0.9,0.75,0.9205397335808201,0.043161810155444735,0.04590383403931217,-0.13980272010471817,-0.003104466646897694,-0.010936900218923119,1.2314625092283282,2.0325724987838427
fw=5_vw=40_le=0.15_lx=0.25_se=0.95_sx=0.85,5,40,0.15,0.25,0.95,0.85,0.9157437992661888,0.04688922618182256,0.05003924150432463,-0.08316539945467571,-0.00750712321749288,-0.024261577667634013,1.2794523259681578,2.157982777575603
fw=5_vw=40_le=0.15_lx=0.25_se=0.90_sx=0.85,5,40,0.15,0.25,0.9,0.85,0.913238194503349,0.0405927779943247,0.043570811927523316,-0.11491429169438094,-0.0020006548925056516,-0.007425620326452903,1.30441700748363,1.9501620300179472
fw=15_vw=10_le=0.10_lx=0.25_se=0.95_sx=0.85,15,10,0.1,0.25,0.95,0.85,0.9129059500622018,0.06209106872354564,0.06598672210743742,-0.16302884036681764,-0.003662802592245588,-0.008976626799814136,1.1766598655498064,2.7488040056683922
fw=15_vw=10_le=0.15_lx=0.25_se=0.95_sx=0.75,15,10,0.15,0.25,0.95,0.75,0.9118025323533137,0.05639644808146893,0.06017041761001231,-0.17188351315494654,-0.0029582588077094302,-0.007950772975081427,1.1120383642718759,2.51160927437612
fw=15_vw=10_le=0.15_lx=0.45_se=0.95_sx=0.75,15,10,0.15,0.45,0.95,0.75,0.9070250584177093,0.05510609639266928,0.059139851402081146,-0.1466285262639032,-0.002810382994906397,-0.007684957894129325,0.9681564104385256,2.4606068138660326
fw=15_vw=40_le=0.15_lx=0.35_se=0.95_sx=0.85,15,40,0.15,0.35,0.95,0.85,0.8897171265702601,0.04597196457378172,0.05051781226924956,-0.149601258328245,-0.0038981317073607923,-0.012478666737090683,1.2096860051289835,2.1264632652802993
fw=5_vw=40_le=0.10_lx=0.25_se=0.85_sx=0.65,5,40,0.1,0.25,0.85,0.65,0.8893426089911604,0.03930936275400665,0.04335384124576813,-0.12763770105213645,-0.005064202110048639,-0.01889033497801805,1.1459790930401526,1.9101791265286028
fw=10_vw=40_le=0.15_lx=0.35_se=0.90_sx=0.85,10,40,0.15,0.35,0.9,0.85,0.8811168906462898,0.04179940374668489,0.04647443992230142,-0.15738201867616464,0.0009793757663971532,0.0034079357731913013,1.2185165749924725,1.9884693333643486
fw=15_vw=10_le=0.10_lx=0.45_se=0.95_sx=0.85,15,10,0.1,0.45,0.95,0.85,0.8735443534505614,0.058022952737470046,0.06456687337838153,-0.16126110604505794,-0.0033658963905495755,-0.008430380938745107,1.0370536641789347,2.5773154177117514
fw=5_vw=40_le=0.10_lx=0.25_se=0.95_sx=0.85,5,40,0.1,0.25,0.95,0.85,0.8591612267765115,0.046469091028355836,0.05286752414376007,-0.09769642941385459,-0.007402238885309864,-0.02264281074414174,1.2750626377718033,2.1434916897760905
fw=15_vw=40_le=0.15_lx=0.45_se=0.95_sx=0.85,15,40,0.15,0.45,0.95,0.85,0.8516862839157961,0.043405036781491546,0.049888602968680286,-0.15071790553813003,-0.0050389883496001295,-0.016334213357216902,1.134587764966328,2.0405422494070518
fw=5_vw=40_le=0.10_lx=0.25_se=0.85_sx=0.75,5,40,0.1,0.25,0.85,0.75,0.8457454291610872,0.03755544890707663,0.04359162361761689,-0.11946129913515624,-0.004409499168655823,-0.016358460599784568,1.2177388738292096,1.8567839249588123
fw=5_vw=40_le=0.10_lx=0.25_se=0.90_sx=0.85,5,40,0.1,0.25,0.9,0.85,0.8373242483077593,0.040175169716824666,0.04704167049952675,-0.13156755013001487,-0.0018957705603226275,-0.006517173028623475,1.3000273192872756,1.93706648102009
fw=15_vw=40_le=0.15_lx=0.25_se=0.95_sx=0.85,15,40,0.15,0.25,0.95,0.85,0.8235588463715409,0.04296466416355926,0.05107989136690648,-0.14827227976082014,-0.0038058690869050686,-0.012049252152106876,1.280910581829658,2.0261341508292428
fw=15_vw=10_le=0.15_lx=0.35_se=0.95_sx=0.85,15,10,0.15,0.35,0.95,0.85,0.8069220614281795,0.05261307299125928,0.06354481557233901,-0.17362575894166854,-0.005906730971750296,-0.015032225418462282,1.1170774439614506,2.364814250539099
fw=15_vw=10_le=0.15_lx=0.25_se=0.95_sx=0.85,15,10,0.15,0.25,0.95,0.85,0.780309709626605,0.051487811518740934,0.06434127879734046,-0.19347439303625624,-0.005754546975655918,-0.014463641997367606,1.189599391604038,2.3227356779110666
fw=15_vw=10_le=0.15_lx=0.45_se=0.95_sx=0.85,15,10,0.15,0.45,0.95,0.85,0.7728778247988147,0.05020345555956518,0.06337859753102591,-0.16014380521846694,-0.0056066711628528845,-0.014306014887607816,1.0457174377706877,2.275568614189566
