,regime,confidence,exposure
2001-08-17,Contraction,1.0,0.5
2001-08-20,Contraction,1.0,0.5
2001-08-21,Contraction,1.0,0.5
2001-08-22,Contraction,1.0,0.5
2001-08-23,Contraction,1.0,0.5
2001-08-24,Contraction,1.0,0.5
2001-08-27,Contraction,1.0,0.5
2001-08-28,Contraction,1.0,0.5
2001-08-29,Contraction,1.0,0.5
2001-08-30,Contraction,1.0,0.5
2001-08-31,Contraction,1.0,0.5
2001-09-03,Contraction,1.0,0.5
2001-09-04,Contraction,1.0,0.5
2001-09-05,Contraction,1.0,0.5
2001-09-06,Contraction,1.0,0.5
2001-09-07,Contraction,1.0,0.5
2001-09-10,Contraction,1.0,0.5
2001-09-11,Contraction,1.0,0.5
2001-09-12,Contraction,1.0,0.5
2001-09-13,Contraction,1.0,0.5
2001-09-17,Contraction,1.0,0.5
2001-09-18,Contraction,1.0,0.5
2001-09-19,Contraction,1.0,0.5
2001-09-20,Contraction,1.0,0.5
2001-09-21,Contraction,1.0,0.5
2001-09-24,Contraction,1.0,0.5
2001-09-25,Contraction,1.0,0.5
2001-09-26,Contraction,1.0,0.5
2001-09-27,Contraction,1.0,0.5
2001-09-28,Contraction,1.0,0.5
2001-10-01,Contraction,1.0,0.5
2001-10-02,Contraction,1.0,0.5
2001-10-03,Contraction,1.0,0.5
2001-10-04,Contraction,1.0,0.5
2001-10-05,Contraction,1.0,0.5
2001-10-08,Contraction,1.0,0.5
2001-10-09,Contraction,1.0,0.5
2001-10-10,Contraction,1.0,0.5
2001-10-11,Contraction,1.0,0.5
2001-10-12,Contraction,1.0,0.5
2001-10-15,Contraction,1.0,0.5
2001-10-16,Contraction,1.0,0.5
2001-10-17,Contraction,1.0,0.5
2001-10-18,Contraction,1.0,0.5
2001-10-19,Contraction,1.0,0.5
2001-10-22,Contraction,1.0,0.5
2001-10-23,Contraction,1.0,0.5
2001-10-24,Contraction,1.0,0.5
2001-10-25,Contraction,1.0,0.5
2001-10-26,Contraction,1.0,0.5
2001-10-29,Contraction,1.0,0.5
2001-10-30,Contraction,1.0,0.5
2001-10-31,Contraction,1.0,0.5
2001-11-01,Contraction,1.0,0.5
2001-11-02,Contraction,1.0,0.5
2001-11-05,Contraction,1.0,0.5
2001-11-06,Contraction,1.0,0.5
2001-11-07,Contraction,1.0,0.5
2001-11-08,Contraction,1.0,0.5
2001-11-09,Contraction,1.0,0.5
2001-11-12,Contraction,1.0,0.5
2001-11-13,Contraction,1.0,0.5
2001-11-14,Contraction,1.0,0.5
2001-11-15,Contraction,0.999999999996362,0.5
2001-11-16,Contraction,0.9999999998763087,0.5
2001-11-19,Contraction,0.9999999999454303,0.5
2001-11-20,Contraction,0.999999999996362,0.5
2001-11-21,Contraction,0.9999999999527063,0.5
2001-11-22,Contraction,0.9999999999381544,0.5
2001-11-23,Contraction,0.9999999999708962,0.5
2001-11-26,Contraction,0.9999999991196091,0.5
2001-11-27,Contraction,0.9999999582905739,0.5
2001-11-28,Contraction,0.9999994025276431,0.5
2001-11-29,Contraction,0.9999996039478776,0.5
2001-11-30,Contraction,0.9999999796491468,0.5
2001-12-03,Contraction,0.9999999604478952,0.5
2001-12-04,Contraction,0.9999999987376214,0.5
2001-12-05,Contraction,0.9999999991232471,0.5
2001-12-06,Contraction,0.9999999967694748,0.5
2001-12-07,Contraction,0.9999999999781721,0.5
2001-12-10,Contraction,0.9999999996289262,0.5
2001-12-11,Contraction,0.999999999308784,0.5
2001-12-12,Contraction,0.999999999992724,0.5
2001-12-13,Contraction,0.9999999999599822,0.5
2001-12-14,Contraction,1.0,0.5
2001-12-17,Contraction,0.999999999996362,0.5
2001-12-18,Contraction,1.0,0.5
2001-12-19,Contraction,1.0,0.5
2001-12-20,Contraction,0.999999999996362,0.5
2001-12-21,Contraction,1.0,0.5
2001-12-24,Contraction,1.0,0.5
2001-12-25,Contraction,1.0,0.5
2001-12-26,Contraction,1.0,0.5
2001-12-27,Contraction,1.0,0.5
2001-12-28,Contraction,1.0,0.5
2001-12-31,Contraction,1.0,0.5
2002-01-01,Contraction,1.0,0.5
2002-01-02,Contraction,1.0,0.5
2002-01-03,Contraction,1.0,0.5
2002-01-04,Contraction,1.0,0.5
2002-01-07,Contraction,0.9999999983447196,0.5
2002-01-08,Contraction,0.9999999995816324,0.5
2002-01-09,Contraction,0.9999999995852704,0.5
2002-01-10,Contraction,0.999999999992724,0.5
2002-01-11,Contraction,0.999999999996362,0.5
2002-01-14,Contraction,0.9999999995670805,0.5
2002-01-15,Contraction,0.9999999999854481,0.5
2002-01-16,Contraction,0.9999999997307896,0.5
2002-01-17,Contraction,0.9999999999199645,0.5
2002-01-18,Contraction,0.9999999999708962,0.5
2002-01-21,Contraction,0.9999999999672582,0.5
2002-01-22,Contraction,0.9999999929095793,0.5
2002-01-23,Contraction,0.9999999995525286,0.5
2002-01-24,Contraction,0.9999999998835847,0.5
2002-01-25,Contraction,0.9999999999090505,0.5
2002-01-28,Contraction,0.9999999998872227,0.5
2002-01-29,Contraction,0.9999999612919063,0.5
2002-01-30,Contraction,0.9999999979918357,0.5
2002-01-31,Contraction,0.9999999877436494,0.5
2002-02-01,Contraction,0.9999999721658245,0.5
2002-02-04,Contraction,0.9999975267922879,0.5
2002-02-05,Contraction,0.9999998919593113,0.5
2002-02-06,Contraction,0.9999999486535684,0.5
2002-02-07,Contraction,0.9999998607418189,0.5
2002-02-08,Contraction,0.9999999990432116,0.5
2002-02-11,Contraction,0.9999999999672582,0.5
2002-02-12,Contraction,0.9999999998763087,0.5
2002-02-13,Contraction,0.9999999996034603,0.5
2002-02-14,Contraction,0.999999996060069,0.5
2002-02-15,Contraction,0.9999999951069185,0.5
2002-02-18,Contraction,0.9999999951032805,0.5
2002-02-19,Contraction,0.9999999833053154,0.5
2002-02-20,Contraction,0.9999999985011527,0.5
2002-02-21,Contraction,0.9999999633146224,0.5
2002-02-22,Contraction,0.9999999997889972,0.5
2002-02-25,Contraction,0.9999999999636202,0.5
2002-02-26,Contraction,1.0,0.5
2002-02-27,Contraction,0.9999999999563443,0.5
2002-02-28,Contraction,0.9999999998835847,0.5
2002-03-01,Contraction,0.9999999999890861,0.5
2002-03-04,Contraction,0.999999998617568,0.5
2002-03-05,Contraction,0.9999999965184543,0.5
2002-03-06,Contraction,0.9999999976389518,0.5
2002-03-07,Contraction,0.9999999104875354,0.5
2002-03-08,Contraction,0.9999999116698784,0.5
2002-03-11,Contraction,0.9999994441642864,0.5
2002-03-12,Contraction,0.9999998869025213,0.5
2002-03-13,Contraction,0.9999999610263338,0.5
2002-03-14,Contraction,0.999999789910384,0.5
2002-03-15,Contraction,0.9999999715219023,0.5
2002-03-18,Contraction,0.9999998039165995,0.5
2002-03-19,Contraction,0.9999999913015927,0.5
2002-03-20,Contraction,0.9999998692437743,0.5
2002-03-21,Contraction,0.9999999582832979,0.5
2002-03-22,Contraction,0.9999999920328264,0.5
2002-03-25,Contraction,0.9999999576866694,0.5
2002-03-26,Contraction,0.9999999856881914,0.5
2002-03-27,Contraction,0.9999999989377102,0.5
2002-03-28,Contraction,0.9999999989595381,0.5
2002-03-29,Contraction,0.999999998792191,0.5
2002-04-01,Contraction,0.9999995333638433,0.5
2002-04-02,Contraction,0.9999995695289744,0.5
2002-04-03,Contraction,0.9999996027291552,0.5
2002-04-04,Contraction,0.9999998973035015,0.5
2002-04-05,Contraction,0.9999999969622877,0.5
2002-04-08,Contraction,0.9999999917490641,0.5
2002-04-09,Contraction,0.9999999639876485,0.5
2002-04-10,Contraction,0.9999999999017746,0.5
2002-04-11,Contraction,0.9999999823703548,0.5
2002-04-12,Contraction,0.9999999995707185,0.5
2002-04-15,Contraction,0.9999999965220923,0.5
2002-04-16,Contraction,0.9999999995816324,0.5
2002-04-17,Contraction,0.9999999983701855,0.5
2002-04-18,Contraction,0.9999999993524398,0.5
2002-04-19,Contraction,0.999999999483407,0.5
2002-04-22,Contraction,0.9999997590239509,0.5
2002-04-23,Contraction,0.9999999295796467,0.5
2002-04-24,Contraction,0.9999997697450719,0.5
2002-04-25,Contraction,0.999999994503014,0.5
2002-04-26,Contraction,0.9999999922474672,0.5
2002-04-29,Contraction,0.9999999986066541,0.5
2002-04-30,Contraction,0.9999999971769284,0.5
2002-05-01,Contraction,0.9999999999163265,0.5
2002-05-02,Contraction,0.9999999987376214,0.5
2002-05-03,Contraction,1.0,0.5
2002-05-06,Contraction,1.0,0.5
2002-05-07,Contraction,0.9999999999890861,0.5
2002-05-08,Contraction,0.9999999990941433,0.5
2002-05-09,Contraction,0.9999999997889972,0.5
2002-05-10,Contraction,0.9999999991196091,0.5
2002-05-13,Contraction,0.9999999989449861,0.5
2002-05-14,Contraction,0.9999999801402739,0.5
2002-05-15,Contraction,0.9999999832507457,0.5
2002-05-16,Contraction,0.9999999998617568,0.5
2002-05-17,Contraction,0.999999999996362,0.5
2002-05-20,Contraction,1.0,0.5
2002-05-21,Contraction,0.999999999992724,0.5
2002-05-22,Contraction,1.0,0.5
2002-05-23,Contraction,1.0,0.5
2002-05-24,Contraction,0.999999999996362,0.5
2002-05-27,Contraction,0.999999999996362,0.5
2002-05-28,Contraction,0.9999999982574082,0.5
2002-05-29,Contraction,0.9999999998544808,0.5
2002-05-30,Contraction,0.9999999997380655,0.5
2002-05-31,Contraction,0.9999999973333615,0.5
2002-06-03,Contraction,0.9999997514642327,0.5
2002-06-04,Contraction,0.9999983293614918,0.5
2002-06-05,Contraction,0.9999857499930258,0.5
2002-06-06,Contraction,0.999998199198474,0.5
2002-06-07,Contraction,0.9999942884477915,0.5
2002-06-10,Contraction,0.9999670711441636,0.5
2002-06-11,Contraction,0.9999957389099854,0.5
2002-06-12,Contraction,0.9999975213207813,0.5
2002-06-13,Contraction,0.9999948355531731,0.5
2002-06-14,Contraction,0.9999976930147804,0.5
2002-06-17,Contraction,0.9999955747832843,0.5
2002-06-18,Contraction,0.9999980919219539,0.5
2002-06-19,Contraction,0.9999996619918082,0.5
2002-06-20,Contraction,0.9999999986903276,0.5
2002-06-21,Contraction,0.9999999991669029,0.5
2002-06-24,Contraction,0.9999999991086952,0.5
2002-06-25,Contraction,0.9999999881147232,0.5
2002-06-26,Contraction,0.9999999972969817,0.5
2002-06-27,Contraction,0.9999999994724931,0.5
2002-06-28,Contraction,0.9999999999890861,0.5
2002-07-01,Contraction,0.9999996799415897,0.5
2002-07-02,Contraction,0.9999999805841073,0.5
2002-07-03,Contraction,0.999999993640813,0.5
2002-07-04,Contraction,0.9999999933897925,0.5
2002-07-05,Contraction,0.9999999745850804,0.5
2002-07-08,Contraction,0.9999999758219932,0.5
2002-07-09,Contraction,0.9999999984829628,0.5
2002-07-10,Contraction,1.0,0.5
2002-07-11,Contraction,1.0,0.5
2002-07-12,Contraction,1.0,0.5
2002-07-15,Contraction,1.0,0.5
2002-07-16,Contraction,1.0,0.5
2002-07-17,Contraction,1.0,0.5
2002-07-18,Contraction,1.0,0.5
2002-07-19,Contraction,1.0,0.5
2002-07-22,Contraction,1.0,0.5
2002-07-23,Contraction,1.0,0.5
2002-07-24,Contraction,1.0,0.5
2002-07-25,Contraction,1.0,0.5
2002-07-26,Contraction,1.0,0.5
2002-07-29,Contraction,1.0,0.5
2002-07-30,Contraction,1.0,0.5
2002-07-31,Contraction,1.0,0.5
2002-08-01,Contraction,1.0,0.5
2002-08-02,Contraction,1.0,0.5
2002-08-05,Contraction,1.0,0.5
2002-08-06,Contraction,1.0,0.5
2002-08-07,Contraction,1.0,0.5
2002-08-08,Contraction,1.0,0.5
2002-08-09,Contraction,1.0,0.5
2002-08-12,Contraction,1.0,0.5
2002-08-13,Contraction,1.0,0.5
2002-08-14,Contraction,1.0,0.5
2002-08-15,Contraction,1.0,0.5
2002-08-16,Contraction,1.0,0.5
2002-08-19,Contraction,1.0,0.5
2002-08-20,Contraction,1.0,0.5
2002-08-21,Contraction,1.0,0.5
2002-08-22,Contraction,0.999999999996362,0.5
2002-08-23,Contraction,0.9999999999708962,0.5
2002-08-26,Contraction,0.9999999999417923,0.5
2002-08-27,Contraction,0.9999999999599822,0.5
2002-08-28,Contraction,1.0,0.5
2002-08-29,Contraction,1.0,0.5
2002-08-30,Contraction,0.999999999996362,0.5
2002-09-02,Contraction,0.999999999996362,0.5
2002-09-03,Contraction,1.0,0.5
2002-09-04,Contraction,1.0,0.5
2002-09-05,Contraction,1.0,0.5
2002-09-06,Contraction,1.0,0.5
2002-09-09,Contraction,1.0,0.5
2002-09-10,Contraction,1.0,0.5
2002-09-11,Contraction,1.0,0.5
2002-09-12,Contraction,1.0,0.5
2002-09-13,Contraction,1.0,0.5
2002-09-16,Contraction,1.0,0.5
2002-09-17,Contraction,1.0,0.5
2002-09-18,Contraction,1.0,0.5
2002-09-19,Contraction,1.0,0.5
2002-09-20,Contraction,1.0,0.5
2002-09-23,Contraction,1.0,0.5
2002-09-24,Contraction,1.0,0.5
2002-09-25,Contraction,1.0,0.5
2002-09-26,Contraction,1.0,0.5
2002-09-27,Contraction,1.0,0.5
2002-09-30,Contraction,1.0,0.5
2002-10-01,Contraction,1.0,0.5
2002-10-02,Contraction,1.0,0.5
2002-10-03,Contraction,1.0,0.5
2002-10-04,Contraction,1.0,0.5
2002-10-07,Contraction,1.0,0.5
2002-10-08,Contraction,1.0,0.5
2002-10-09,Contraction,1.0,0.5
2002-10-10,Contraction,1.0,0.5
2002-10-11,Contraction,1.0,0.5
2002-10-14,Contraction,1.0,0.5
2002-10-15,Contraction,1.0,0.5
2002-10-16,Contraction,1.0,0.5
2002-10-17,Contraction,1.0,0.5
2002-10-18,Contraction,1.0,0.5
2002-10-21,Contraction,1.0,0.5
2002-10-22,Contraction,1.0,0.5
2002-10-23,Contraction,1.0,0.5
2002-10-24,Contraction,1.0,0.5
2002-10-25,Contraction,1.0,0.5
2002-10-28,Contraction,1.0,0.5
2002-10-29,Contraction,1.0,0.5
2002-10-30,Contraction,1.0,0.5
2002-10-31,Contraction,1.0,0.5
2002-11-01,Contraction,1.0,0.5
2002-11-04,Contraction,0.999999999996362,0.5
2002-11-05,Contraction,0.9999999999781721,0.5
2002-11-06,Contraction,0.9999999999417923,0.5
2002-11-07,Contraction,0.9999999998872227,0.5
2002-11-08,Contraction,0.9999999999854481,0.5
2002-11-11,Contraction,0.9999999999272404,0.5
2002-11-12,Contraction,0.9999999999490683,0.5
2002-11-13,Contraction,0.9999999998581188,0.5
2002-11-14,Contraction,0.9999999999163265,0.5
2002-11-15,Contraction,0.9999999999781721,0.5
2002-11-18,Contraction,0.9999999992978701,0.5
2002-11-19,Contraction,0.9999999981337169,0.5
2002-11-20,Contraction,0.9999999994470272,0.5
2002-11-21,Contraction,0.9999999994070095,0.5
2002-11-22,Contraction,0.9999999992796802,0.5
2002-11-25,Contraction,0.9999999898900569,0.5
2002-11-26,Contraction,0.9999999242027144,0.5
2002-11-27,Contraction,0.9999982559290149,0.5
2002-11-28,Contraction,0.9999980645971476,0.5
2002-11-29,Contraction,0.999997779711257,0.5
2002-12-02,Contraction,0.9999815960529372,0.5
2002-12-03,Contraction,0.9999819892676309,0.5
2002-12-04,Contraction,0.9999927564611837,0.5
2002-12-05,Contraction,0.9999993554340366,0.5
2002-12-06,Contraction,0.9999994063256906,0.5
2002-12-09,Contraction,0.9999999362953551,0.5
2002-12-10,Contraction,0.9999992269552681,0.5
2002-12-11,Contraction,0.9999995587569238,0.5
2002-12-12,Contraction,0.9999999109568347,0.5
2002-12-13,Contraction,0.9999999849860616,0.5
2002-12-16,Contraction,0.9999999978426786,0.5
2002-12-17,Contraction,0.9999999978426786,0.5
2002-12-18,Contraction,0.9999999999454303,0.5
2002-12-19,Contraction,1.0,0.5
2002-12-20,Contraction,0.9999999999490683,0.5
2002-12-23,Contraction,0.9999999999890861,0.5
2002-12-24,Contraction,1.0,0.5
2002-12-25,Contraction,1.0,0.5
2002-12-26,Contraction,1.0,0.5
2002-12-27,Contraction,1.0,0.5
2002-12-30,Contraction,1.0,0.5
2002-12-31,Contraction,1.0,0.5
2003-01-01,Contraction,1.0,0.5
2003-01-02,Contraction,0.999999999992724,0.5
2003-01-03,Contraction,0.9999999999890861,0.5
2003-01-06,Contraction,0.9999999999090505,0.5
2003-01-07,Contraction,0.9999999997053237,0.5
2003-01-08,Contraction,0.9999999999272404,0.5
2003-01-09,Contraction,0.9999999999090505,0.5
2003-01-10,Contraction,0.999999999996362,0.5
2003-01-13,Contraction,0.9999999999490683,0.5
2003-01-14,Contraction,0.9999999973042577,0.5
2003-01-15,Contraction,0.9999999879073584,0.5
2003-01-16,Contraction,0.9999999998181011,0.5
2003-01-17,Contraction,0.9999999997380655,0.5
2003-01-20,Contraction,0.9999999996871338,0.5
2003-01-21,Contraction,0.99999999931606,0.5
2003-01-22,Contraction,0.9999999997635314,0.5
2003-01-23,Contraction,0.9999999999163265,0.5
2003-01-24,Contraction,1.0,0.5
2003-01-27,Contraction,1.0,0.5
2003-01-28,Contraction,1.0,0.5
2003-01-29,Contraction,1.0,0.5
2003-01-30,Contraction,1.0,0.5
2003-01-31,Contraction,0.9999999999854481,0.5
2003-02-03,Contraction,1.0,0.5
2003-02-04,Contraction,1.0,0.5
2003-02-05,Contraction,1.0,0.5
2003-02-06,Contraction,1.0,0.5
2003-02-07,Contraction,1.0,0.5
2003-02-10,Contraction,1.0,0.5
2003-02-11,Contraction,1.0,0.5
2003-02-12,Contraction,1.0,0.5
2003-02-13,Contraction,1.0,0.5
2003-02-14,Contraction,0.9999999999890861,0.5
2003-02-17,Contraction,0.999999999992724,0.5
2003-02-18,Contraction,0.9999999993233359,0.5
2003-02-19,Contraction,0.9999999998981366,0.5
2003-02-20,Contraction,0.9999999998581188,0.5
2003-02-21,Contraction,0.9999999323699763,0.5
2003-02-24,Contraction,0.9999999992724042,0.5
2003-02-25,Contraction,0.9999999964784365,0.5
2003-02-26,Contraction,0.9999999910360202,0.5
2003-02-27,Contraction,0.9999994020401541,0.5
2003-02-28,Contraction,0.999999484007409,0.5
2003-03-03,Contraction,0.9999997188606753,0.5
2003-03-04,Contraction,0.9999999991014192,0.5
2003-03-05,Contraction,0.9999999951214704,0.5
2003-03-06,Contraction,0.999999999992724,0.5
2003-03-07,Contraction,0.9999999964857125,0.5
2003-03-10,Contraction,1.0,0.5
2003-03-11,Contraction,1.0,0.5
2003-03-12,Contraction,1.0,0.5
2003-03-13,Contraction,0.9999999985993782,0.5
2003-03-14,Contraction,0.9999999818755897,0.5
2003-03-17,Contraction,0.9999999976607796,0.5
2003-03-18,Contraction,0.9999999826686691,0.5
2003-03-19,Contraction,0.9999999983483576,0.5
2003-03-20,Contraction,0.9999999548344941,0.5
2003-03-21,Contraction,0.9999951522849364,0.5
2003-03-24,Contraction,0.9999998964558525,0.5
2003-03-25,Contraction,0.9999947371609114,0.5
2003-03-26,Contraction,0.9999976570425295,0.5
2003-03-27,Contraction,0.9999997859304359,0.5
2003-03-28,Contraction,0.9999998863568245,0.5
2003-03-31,Contraction,0.999999999992724,0.5
2003-04-01,Contraction,0.999999999654392,0.5
2003-04-02,Contraction,0.9999999999090505,0.5
2003-04-03,Contraction,0.9999999999708962,0.5
2003-04-04,Contraction,0.999999999996362,0.5
2003-04-07,Contraction,0.9999999997598934,0.5
2003-04-08,Contraction,0.9999999887877493,0.5
2003-04-09,Contraction,0.999999996049155,0.5
2003-04-10,Contraction,0.9999999809588191,0.5
2003-04-11,Contraction,0.9999995871695262,0.5
2003-04-14,Contraction,0.9999937963195024,0.5
2003-04-15,Contraction,0.9999737550448818,0.5
2003-04-16,Contraction,0.9999738389344749,0.5
2003-04-17,Contraction,0.9999778883728075,0.5
2003-04-18,Contraction,0.9999846978687215,0.5
2003-04-21,Contraction,0.9999998842176931,0.5
2003-04-22,Contraction,0.9999999951287464,0.5
2003-04-23,Contraction,0.9999999905012373,0.5
2003-04-24,Contraction,0.9999999998108251,0.5
2003-04-25,Contraction,0.9999999997489795,0.5
2003-04-28,Contraction,0.9999999998508429,0.5
2003-04-29,Contraction,0.9999999991887307,0.5
2003-04-30,Contraction,0.9999999999272404,0.5
2003-05-01,Contraction,0.9999999997889972,0.5
2003-05-02,Contraction,0.999999999661668,0.5
2003-05-05,Contraction,0.9999999994142854,0.5
2003-05-06,Contraction,0.9999999998472049,0.5
2003-05-07,Contraction,0.9999999997962732,0.5
2003-05-08,Contraction,0.999999999836291,0.5
2003-05-09,Contraction,0.9999999999490683,0.5
2003-05-12,Contraction,0.9999999993306119,0.5
2003-05-13,Contraction,0.9999999602696342,0.5
2003-05-14,Contraction,0.9999999742613003,0.5
2003-05-15,Contraction,0.9999999693282011,0.5
2003-05-16,Contraction,0.9999999868305167,0.5
2003-05-19,Contraction,0.99999999965803,0.5
2003-05-20,Contraction,0.9999999995452526,0.5
2003-05-21,Contraction,0.9999999993015081,0.5
2003-05-22,Contraction,0.9999999918618414,0.5
2003-05-23,Contraction,0.9999999936044333,0.5
2003-05-26,Contraction,0.9999999929968908,0.5
2003-05-27,Contraction,0.9999999726642276,0.5
2003-05-28,Contraction,0.9999999842693797,0.5
2003-05-29,Contraction,0.9999999906140147,0.5
2003-05-30,Contraction,0.9999996479819566,0.5
2003-06-02,Contraction,0.9999998596322356,0.5
2003-06-03,Contraction,0.9999999277788473,0.5
2003-06-04,Contraction,0.999999846008007,0.5
2003-06-05,Contraction,0.9999999942665454,0.5
2003-06-06,Contraction,0.9999999862411642,0.5
2003-06-09,Contraction,0.9999999978717824,0.5
2003-06-10,Contraction,0.9999993657731658,0.5
2003-06-11,Contraction,0.9999998422572514,0.5
2003-06-12,Contraction,0.9999987968920284,0.5
2003-06-13,Contraction,0.999999976520485,0.5
2003-06-16,Contraction,0.9999999915053195,0.5
2003-06-17,Contraction,0.9999999812935132,0.5
2003-06-18,Contraction,0.9999999843530533,0.5
2003-06-19,Contraction,0.9999999946412572,0.5
2003-06-20,Contraction,0.9999999945612217,0.5
2003-06-23,Contraction,0.9999999902574928,0.5
2003-06-24,Contraction,0.9999996696570269,0.5
2003-06-25,Contraction,0.9999999829269656,0.5
2003-06-26,Contraction,0.9999999852552719,0.5
2003-06-27,Contraction,0.9999999889296305,0.5
2003-06-30,Contraction,0.9999999966203177,0.5
2003-07-01,Contraction,0.9999999988176569,0.5
2003-07-02,Contraction,0.9999999983738235,0.5
2003-07-03,Contraction,0.999999999305146,0.5
2003-07-04,Contraction,0.999999999305146,0.5
2003-07-07,Contraction,0.9999999971514626,0.5
2003-07-08,Contraction,0.9999999913670763,0.5
2003-07-09,Contraction,0.9999998676648917,0.5
2003-07-10,Contraction,0.9999998722378305,0.5
2003-07-11,Contraction,0.9999998390158128,0.5
2003-07-14,Contraction,0.9999997835184565,0.5
2003-07-15,Contraction,0.9999999608771767,0.5
2003-07-16,Contraction,0.9999999696192394,0.5
2003-07-17,Contraction,0.9999999954852683,0.5
2003-07-18,Contraction,0.9999999949941412,0.5
2003-07-21,Contraction,0.9999999963474693,0.5
2003-07-22,Contraction,0.9999999979590939,0.5
2003-07-23,Contraction,0.9999999987412593,0.5
2003-07-24,Contraction,0.9999999991778168,0.5
2003-07-25,Contraction,0.9999999997162377,0.5
2003-07-28,Contraction,0.9999999992141966,0.5
2003-07-29,Contraction,0.9999999991996447,0.5
2003-07-30,Contraction,0.9999999991559889,0.5
2003-07-31,Contraction,0.999999990035576,0.5
2003-08-01,Contraction,0.9999997795385086,0.5
2003-08-04,Contraction,0.9999999821047824,0.5
2003-08-05,Contraction,0.9999999958599801,0.5
2003-08-06,Contraction,0.9999998615130703,0.5
2003-08-07,Contraction,0.9999972206135197,0.5
2003-08-08,Contraction,0.9999998940111311,0.5
2003-08-11,Contraction,0.9999999896463123,0.5
2003-08-12,Contraction,0.9999999993342499,0.5
2003-08-13,Contraction,0.9999999999272404,0.5
2003-08-14,Contraction,0.9999999999272404,0.5
2003-08-15,Contraction,0.9999999999454303,0.5
2003-08-18,Contraction,0.9999999954852683,0.5
2003-08-19,Contraction,0.9999999959145498,0.5
2003-08-20,Contraction,0.9999999995743565,0.5
2003-08-21,Contraction,0.9999999976353138,0.5
2003-08-22,Contraction,0.9999999960746209,0.5
2003-08-25,Contraction,0.9999999924984877,0.5
2003-08-26,Contraction,0.9999999944921001,0.5
2003-08-27,Contraction,0.999999992094672,0.5
2003-08-28,Contraction,0.9999999936662789,0.5
2003-08-29,Contraction,0.9999999927349563,0.5
2003-09-01,Contraction,0.9999999930987542,0.5
2003-09-02,Contraction,0.9999999944338924,0.5
2003-09-03,Contraction,0.9999999945939635,0.5
2003-09-04,Contraction,0.999999994677637,0.5
2003-09-05,Contraction,0.9999999965875759,0.5
2003-09-08,Contraction,0.9999999963220034,0.5
2003-09-09,Contraction,0.9999999962783477,0.5
2003-09-10,Contraction,0.9999999958563421,0.5
2003-09-11,Contraction,0.9999999953834049,0.5
2003-09-12,Contraction,0.999999995714461,0.5
2003-09-15,Contraction,0.9999999959691195,0.5
2003-09-16,Contraction,0.9999999970423232,0.5
2003-09-17,Contraction,0.9999999950596248,0.5
2003-09-18,Contraction,0.9999999926039891,0.5
2003-09-19,Contraction,0.9999999902829586,0.5
2003-09-22,Contraction,0.9999999930005288,0.5
2003-09-23,Contraction,0.9999999929095793,0.5
2003-09-24,Contraction,0.9999999922074494,0.5
2003-09-25,Contraction,0.999999993302481,0.5
2003-09-26,Contraction,0.9999999907631718,0.5
2003-09-29,Contraction,0.9999999913889042,0.5
2003-09-30,Contraction,0.9999999923384166,0.5
2003-10-01,Contraction,0.9999999903011485,0.5
2003-10-02,Contraction,0.999999992094672,0.5
2003-10-03,Contraction,0.9999999898245733,0.5
2003-10-06,Contraction,0.99999999038846,0.5
2003-10-07,Contraction,0.9999999921237759,0.5
2003-10-08,Contraction,0.9999999917308742,0.5
2003-10-09,Contraction,0.9999999911524355,0.5
2003-10-10,Contraction,0.9999999910032784,0.5
2003-10-13,Contraction,0.9999999778046915,0.5
2003-10-14,Contraction,0.9999999916872184,0.5
2003-10-15,Contraction,0.9999999885658326,0.5
2003-10-16,Contraction,0.9999999919746188,0.5
2003-10-17,Contraction,0.9999999887586455,0.5
2003-10-20,Contraction,0.9999999760111681,0.5
2003-10-21,Contraction,0.9999999872052285,0.5
2003-10-22,Contraction,0.9999999832871255,0.5
2003-10-23,Contraction,0.9999999838219084,0.5
2003-10-24,Contraction,0.9999999858409865,0.5
2003-10-27,Contraction,0.9999999865212885,0.5
2003-10-28,Contraction,0.9999999691317503,0.5
2003-10-29,Contraction,0.9999999725769161,0.5
2003-10-30,Contraction,0.9999999462124848,0.5
2003-10-31,Contraction,0.999999865762229,0.5
2003-11-03,Contraction,0.9999999158972095,0.5
2003-11-04,Contraction,0.9999998685307305,0.5
2003-11-05,Contraction,0.9999999274841711,0.5
2003-11-06,Contraction,0.999999959123671,0.5
2003-11-07,Contraction,0.9999999748724807,0.5
2003-11-10,Contraction,0.9999999925530574,0.5
2003-11-11,Contraction,0.9999999882820703,0.5
2003-11-12,Contraction,0.9999999781975932,0.5
2003-11-13,Contraction,0.9999999231222348,0.5
2003-11-14,Contraction,0.9999999067258657,0.5
2003-11-17,Contraction,0.9999999807223505,0.5
2003-11-18,Contraction,0.9999999841311366,0.5
2003-11-19,Contraction,0.9999999895007932,0.5
2003-11-20,Contraction,0.9999999893334461,0.5
2003-11-21,Contraction,0.9999999853134796,0.5
2003-11-24,Contraction,0.9999999760439099,0.5
2003-11-25,Contraction,0.9999999814135665,0.5
2003-11-26,Contraction,0.9999999825377018,0.5
2003-11-27,Contraction,0.9999999821484381,0.5
2003-11-28,Contraction,0.9999999889951141,0.5
2003-12-01,Contraction,0.999999990563083,0.5
2003-12-02,Contraction,0.9999999855026545,0.5
2003-12-03,Contraction,0.9999999928331818,0.5
2003-12-04,Contraction,0.9999999936153472,0.5
2003-12-05,Contraction,0.9999999888714228,0.5
2003-12-08,Contraction,0.9999999931605998,0.5
2003-12-09,Contraction,0.9999999981555447,0.5
2003-12-10,Contraction,0.9999999975771061,0.5
2003-12-11,Contraction,0.9999999852734618,0.5
2003-12-12,Contraction,0.9999999824103726,0.5
2003-12-15,Contraction,0.9999999907049641,0.5
2003-12-16,Contraction,0.9999999572974057,0.5
2003-12-17,Contraction,0.9999999539577413,0.5
2003-12-18,Contraction,0.999999941410353,0.5
2003-12-19,Contraction,0.9999999490501081,0.5
2003-12-22,Contraction,0.9999999792853489,0.5
2003-12-23,Contraction,0.9999999867432052,0.5
2003-12-24,Contraction,0.999999973621016,0.5
2003-12-25,Contraction,0.9999999719875636,0.5
2003-12-26,Contraction,0.9999999778556232,0.5
2003-12-29,Contraction,0.9999999789652068,0.5
2003-12-30,Contraction,0.9999999910141923,0.5
2003-12-31,Contraction,0.9999999925094016,0.5
2004-01-01,Contraction,0.9999999921164999,0.5
2004-01-02,Contraction,0.9999999960964487,0.5
2004-01-05,Contraction,0.9999999958999979,0.5
2004-01-06,Contraction,0.9999999938372639,0.5
2004-01-07,Contraction,0.9999999917781679,0.5
2004-01-08,Contraction,0.9999999889478204,0.5
2004-01-09,Contraction,0.9999999849678717,0.5
2004-01-12,Contraction,0.9999999901883712,0.5
2004-01-13,Contraction,0.9999999910032784,0.5
2004-01-14,Contraction,0.9999999736319299,0.5
2004-01-15,Contraction,0.9999999424471769,0.5
2004-01-16,Contraction,0.9999999167848762,0.5
2004-01-19,Contraction,0.9999999091160175,0.5
2004-01-20,Contraction,0.999999859559476,0.5
2004-01-21,Contraction,0.9999993463027157,0.5
2004-01-22,Contraction,0.9999960938770419,0.5
2004-01-23,Contraction,0.9999790900186523,0.5
2004-01-26,Contraction,0.999856698561853,0.5
2004-01-27,Contraction,0.9988092769697856,0.5
2004-01-28,Contraction,0.9914077909887692,0.5
2004-01-29,Contraction,0.8648301642238253,0.5
2004-01-30,Expansion,0.4982296136343158,1.0
2004-02-02,Expansion,0.7938659552238172,1.0
2004-02-03,Expansion,0.9645711213365803,1.0
2004-02-04,Expansion,0.994194318305607,1.0
2004-02-05,Expansion,0.9993037228981756,1.0
2004-02-06,Expansion,0.9999084958430032,1.0
2004-02-09,Expansion,0.9999865375826965,1.0
2004-02-10,Expansion,0.9999976612298334,1.0
2004-02-11,Expansion,0.9999997463528738,1.0
2004-02-12,Expansion,0.9999999571300586,1.0
2004-02-13,Expansion,0.9999999796891645,1.0
2004-02-16,Expansion,0.9999999807259885,1.0
2004-02-17,Expansion,0.9999999949941412,1.0
2004-02-18,Expansion,0.9999999969368218,1.0
2004-02-19,Expansion,0.9999999992978701,1.0
2004-02-20,Expansion,0.9999999997162377,1.0
2004-02-23,Expansion,0.9999999996907718,1.0
2004-02-24,Expansion,0.9999999994579412,1.0
2004-02-25,Expansion,0.999999999490683,1.0
2004-02-26,Expansion,0.9999999999199645,1.0
2004-02-27,Expansion,0.9999999998508429,1.0
2004-03-01,Expansion,0.9999999999818101,1.0
2004-03-02,Expansion,0.9999999999854481,1.0
2004-03-03,Expansion,0.9999999995525286,1.0
2004-03-04,Expansion,0.9999999997235136,1.0
2004-03-05,Expansion,0.9999999994506652,1.0
2004-03-08,Expansion,0.9999999981264409,1.0
2004-03-09,Expansion,0.9999999947831384,1.0
2004-03-10,Expansion,0.9999999982355803,1.0
2004-03-11,Expansion,0.999999999650754,1.0
2004-03-12,Expansion,0.9999999996434781,1.0
2004-03-15,Expansion,0.9999999997817213,1.0
2004-03-16,Expansion,0.9999999998726707,1.0
2004-03-17,Expansion,0.9999999995525286,1.0
2004-03-18,Expansion,0.9999999996762199,1.0
2004-03-19,Expansion,0.9999999997271516,1.0
2004-03-22,Expansion,0.9999999977299012,1.0
2004-03-23,Expansion,0.9999999980900611,1.0
2004-03-24,Expansion,0.9999999984393071,1.0
2004-03-25,Expansion,0.9999999976207619,1.0
2004-03-26,Expansion,0.9999999968640623,1.0
2004-03-29,Expansion,0.9999999984684109,1.0
2004-03-30,Expansion,0.9999999953397491,1.0
2004-03-31,Expansion,0.9999999945721356,1.0
2004-04-01,Expansion,0.9999999966312316,1.0
2004-04-02,Expansion,0.9999999964929884,1.0
2004-04-05,Expansion,0.999999992971425,1.0
2004-04-06,Expansion,0.9999999928913894,1.0
2004-04-07,Expansion,0.9999999872379703,1.0
2004-04-08,Expansion,0.9999999887986633,1.0
2004-04-09,Expansion,0.9999999885221769,1.0
2004-04-12,Expansion,0.999999978575943,1.0
2004-04-13,Expansion,0.9999999929095793,1.0
2004-04-14,Expansion,0.9999999982537702,1.0
2004-04-15,Expansion,0.9999999981300789,1.0
2004-04-16,Expansion,0.999999999650754,1.0
2004-04-19,Expansion,0.9999999998544808,1.0
2004-04-20,Expansion,0.999999999137799,1.0
2004-04-21,Expansion,0.9999999906904122,1.0
2004-04-22,Expansion,0.9999999845531421,1.0
2004-04-23,Expansion,0.9999999861865945,1.0
2004-04-26,Expansion,0.9999999850660971,1.0
2004-04-27,Expansion,0.9999999764513634,1.0
2004-04-28,Expansion,0.9999999487590698,1.0
2004-04-29,Expansion,0.99999996405677,1.0
2004-04-30,Expansion,0.9999999822866813,1.0
2004-05-03,Expansion,0.9999999921601557,1.0
2004-05-04,Expansion,0.9999999895917426,1.0
2004-05-05,Expansion,0.9999999918472895,1.0
2004-05-06,Expansion,0.9999999944302544,1.0
2004-05-07,Expansion,0.9999999868487066,1.0
2004-05-10,Expansion,0.9999999707470129,1.0
2004-05-11,Expansion,0.9999999919091351,1.0
2004-05-12,Expansion,0.9999999892279448,1.0
2004-05-13,Expansion,0.999999988322088,1.0
2004-05-14,Expansion,0.9999999796564227,1.0
2004-05-17,Expansion,0.9999999365827554,1.0
2004-05-18,Expansion,0.9999999708779801,1.0
2004-05-19,Expansion,0.9999999855463102,1.0
2004-05-20,Expansion,0.999999987649062,1.0
2004-05-21,Expansion,0.9999999919164111,1.0
2004-05-24,Expansion,0.9999999941319402,1.0
2004-05-25,Expansion,0.9999999887804734,1.0
2004-05-26,Expansion,0.9999999887004378,1.0
2004-05-27,Expansion,0.9999999905485311,1.0
2004-05-28,Expansion,0.9999999949322955,1.0
2004-05-31,Expansion,0.9999999942156137,1.0
2004-06-01,Expansion,0.9999999972351361,1.0
2004-06-02,Expansion,0.9999999928877514,1.0
2004-06-03,Expansion,0.9999999949104676,1.0
2004-06-04,Expansion,0.9999999905303412,1.0
2004-06-07,Expansion,0.9999999936189852,1.0
2004-06-08,Expansion,0.9999999896208465,1.0
2004-06-09,Expansion,0.9999999656720325,1.0
2004-06-10,Expansion,0.9999999660649342,1.0
2004-06-11,Expansion,0.9999999659848987,1.0
2004-06-14,Expansion,0.9999999642095652,1.0
2004-06-15,Expansion,0.9999999788524294,1.0
2004-06-16,Expansion,0.999999979430868,1.0
2004-06-17,Expansion,0.9999999832834875,1.0
2004-06-18,Expansion,0.9999999672108976,1.0
2004-06-21,Expansion,0.9999999697683966,1.0
2004-06-22,Expansion,0.9999999240862991,1.0
2004-06-23,Expansion,0.9999999558713181,1.0
2004-06-24,Expansion,0.9999999669926188,1.0
2004-06-25,Expansion,0.9999999576903074,1.0
2004-06-28,Expansion,0.9999999570100053,1.0
2004-06-29,Expansion,0.9999999565334302,1.0
2004-06-30,Expansion,0.9999999698302422,1.0
2004-07-01,Expansion,0.9999999780993678,1.0
2004-07-02,Expansion,0.9999999696301534,1.0
2004-07-05,Expansion,0.9999999691608541,1.0
2004-07-06,Expansion,0.9999999852043402,1.0
2004-07-07,Expansion,0.9999999864812708,1.0
2004-07-08,Expansion,0.9999999786996343,1.0
2004-07-09,Expansion,0.9999999889660103,1.0
2004-07-12,Expansion,0.9999999856918294,1.0
2004-07-13,Expansion,0.9999999909741746,1.0
2004-07-14,Expansion,0.9999999873652996,1.0
2004-07-15,Expansion,0.9999999937244866,1.0
2004-07-16,Expansion,0.9999999953943188,1.0
2004-07-19,Expansion,0.9999999962601578,1.0
2004-07-20,Expansion,0.9999999948013283,1.0
2004-07-21,Expansion,0.9999999952997314,1.0
2004-07-22,Expansion,0.9999999972751539,1.0
2004-07-23,Expansion,0.9999999952233338,1.0
2004-07-26,Expansion,0.9999999951178324,1.0
2004-07-27,Expansion,0.9999999917781679,1.0
2004-07-28,Expansion,0.9999999973661033,1.0
2004-07-29,Expansion,0.9999999988613126,1.0
2004-07-30,Expansion,0.9999999989122443,1.0
2004-08-02,Expansion,0.9999999987485353,1.0
2004-08-03,Expansion,0.9999999985666364,1.0
2004-08-04,Expansion,0.9999999984684109,1.0
2004-08-05,Expansion,0.9999999973297236,1.0
2004-08-06,Expansion,0.9999999933679646,1.0
2004-08-09,Expansion,0.9999999842075341,1.0
2004-08-10,Expansion,0.9999999923020368,1.0
2004-08-11,Expansion,0.9999999960964487,1.0
2004-08-12,Expansion,0.9999999953215593,1.0
2004-08-13,Expansion,0.9999999984356691,1.0
2004-08-16,Expansion,0.9999999977044354,1.0
2004-08-17,Expansion,0.9999999965257302,1.0
2004-08-18,Expansion,0.9999999910105544,1.0
2004-08-19,Expansion,0.9999999932733772,1.0
2004-08-20,Expansion,0.9999999834471965,1.0
2004-08-23,Expansion,0.9999999763495001,1.0
2004-08-24,Expansion,0.9999999825777196,1.0
2004-08-25,Expansion,0.9999999787978597,1.0
2004-08-26,Expansion,0.9999999829269656,1.0
2004-08-27,Expansion,0.9999999882493285,1.0
2004-08-30,Expansion,0.9999999876563379,1.0
2004-08-31,Expansion,0.9999999892206688,1.0
2004-09-01,Expansion,0.9999999877036316,1.0
2004-09-02,Expansion,0.9999999801548258,1.0
2004-09-03,Expansion,0.9999999859865056,1.0
2004-09-06,Expansion,0.999999986259354,1.0
2004-09-07,Expansion,0.9999999943538569,1.0
2004-09-08,Expansion,0.9999999908359314,1.0
2004-09-09,Expansion,0.9999999919127731,1.0
2004-09-10,Expansion,0.9999999930150807,1.0
2004-09-13,Expansion,0.999999992112862,1.0
2004-09-14,Expansion,0.9999999904212018,1.0
2004-09-15,Expansion,0.9999999909559847,1.0
2004-09-16,Expansion,0.9999999954125087,1.0
2004-09-17,Expansion,0.9999999958090484,1.0
2004-09-20,Expansion,0.9999999973333615,1.0
2004-09-21,Expansion,0.9999999979991117,1.0
2004-09-22,Expansion,0.999999999476131,1.0
2004-09-23,Expansion,0.9999999991050572,1.0
2004-09-24,Expansion,0.9999999992178346,1.0
2004-09-27,Expansion,0.9999999995343387,1.0
2004-09-28,Expansion,0.9999999990686774,1.0
2004-09-29,Expansion,0.9999999991705408,1.0
2004-09-30,Expansion,0.9999999988212949,1.0
2004-10-01,Expansion,0.9999999985047907,1.0
2004-10-04,Expansion,0.9999999991559889,1.0
2004-10-05,Expansion,0.9999999990686774,1.0
2004-10-06,Expansion,0.9999999993560778,1.0
2004-10-07,Expansion,0.9999999995161488,1.0
2004-10-08,Expansion,0.9999999997526174,1.0
2004-10-11,Expansion,0.9999999997671694,1.0
2004-10-12,Expansion,0.9999999997817213,1.0
2004-10-13,Expansion,0.9999999922656571,1.0
2004-10-14,Expansion,0.9999999858046067,1.0
2004-10-15,Expansion,0.9999999933461368,1.0
2004-10-18,Expansion,0.999999992109224,1.0
2004-10-19,Expansion,0.9999999925457814,1.0
2004-10-20,Expansion,0.9999999928259058,1.0
2004-10-21,Expansion,0.9999999943102011,1.0
2004-10-22,Expansion,0.9999999928731995,1.0
2004-10-25,Expansion,0.9999999823194231,1.0
2004-10-26,Expansion,0.9999999830833987,1.0
2004-10-27,Expansion,0.9999999829014997,1.0
2004-10-28,Expansion,0.9999999702195059,1.0
2004-10-29,Expansion,0.9999999884239514,1.0
2004-11-01,Expansion,0.9999999814608602,1.0
2004-11-02,Expansion,0.9999999902429408,1.0
2004-11-03,Expansion,0.9999999926549208,1.0
2004-11-04,Expansion,0.999999992443918,1.0
2004-11-05,Expansion,0.9999999906503945,1.0
2004-11-08,Expansion,0.9999999909305188,1.0
2004-11-09,Expansion,0.999999991763616,1.0
2004-11-10,Expansion,0.9999999918836693,1.0
2004-11-11,Expansion,0.9999999930187187,1.0
2004-11-12,Expansion,0.9999999968167685,1.0
2004-11-15,Expansion,0.9999999973442755,1.0
2004-11-16,Expansion,0.9999999954161467,1.0
2004-11-17,Expansion,0.9999999975225364,1.0
2004-11-18,Expansion,0.9999999985811883,1.0
2004-11-19,Expansion,0.99999999760621,1.0
2004-11-22,Expansion,0.9999999968713382,1.0
2004-11-23,Expansion,0.9999999974461389,1.0
2004-11-24,Expansion,0.9999999980354914,1.0
2004-11-25,Expansion,0.9999999982101144,1.0
2004-11-26,Expansion,0.999999997595296,1.0
2004-11-29,Expansion,0.9999999901483534,1.0
2004-11-30,Expansion,0.9999999921565177,1.0
2004-12-01,Expansion,0.9999999937062967,1.0
2004-12-02,Expansion,0.9999999907449819,1.0
2004-12-03,Expansion,0.9999999910724,1.0
2004-12-06,Expansion,0.9999999920401024,1.0
2004-12-07,Expansion,0.9999999872379703,1.0
2004-12-08,Expansion,0.9999999937863322,1.0
2004-12-09,Expansion,0.9999999934370862,1.0
2004-12-10,Expansion,0.9999999963765731,1.0
2004-12-13,Expansion,0.9999999974970706,1.0
2004-12-14,Expansion,0.9999999982683221,1.0
2004-12-15,Expansion,0.9999999986139301,1.0
2004-12-16,Expansion,0.9999999983665475,1.0
2004-12-17,Expansion,0.9999999981628207,1.0
2004-12-20,Expansion,0.9999999987012416,1.0
2004-12-21,Expansion,0.9999999991778168,1.0
2004-12-22,Expansion,0.9999999985011527,1.0
2004-12-23,Expansion,0.9999999984829628,1.0
2004-12-24,Expansion,0.9999999984938768,1.0
2004-12-27,Expansion,0.9999999981300789,1.0
2004-12-28,Expansion,0.9999999993233359,1.0
2004-12-29,Expansion,0.9999999986102921,1.0
2004-12-30,Expansion,0.9999999986139301,1.0
2004-12-31,Expansion,0.9999999989850039,1.0
2005-01-03,Expansion,0.9999999996762199,1.0
2005-01-04,Expansion,0.9999999925057637,1.0
2005-01-05,Expansion,0.9999999973042577,1.0
2005-01-06,Expansion,0.9999999987194315,1.0
2005-01-07,Expansion,0.9999999987521733,1.0
2005-01-10,Expansion,0.9999999990141077,1.0
2005-01-11,Expansion,0.9999999995488906,1.0
2005-01-12,Expansion,0.9999999995197868,1.0
2005-01-13,Expansion,0.9999999993779056,1.0
2005-01-14,Expansion,0.9999999996143742,1.0
2005-01-17,Expansion,0.9999999996034603,1.0
2005-01-18,Expansion,0.9999999996980478,1.0
2005-01-19,Expansion,0.9999999997344275,1.0
2005-01-20,Expansion,0.9999999997999112,1.0
2005-01-21,Expansion,0.9999999997926352,1.0
2005-01-24,Expansion,0.9999999998035491,1.0
2005-01-25,Expansion,0.999999999821739,1.0
2005-01-26,Expansion,0.999999999829015,1.0
2005-01-27,Expansion,0.9999999998544808,1.0
2005-01-28,Expansion,0.9999999997853593,1.0
2005-01-31,Expansion,0.9999999998763087,1.0
2005-02-01,Expansion,0.9999999998508429,1.0
2005-02-02,Expansion,0.9999999997926352,1.0
2005-02-03,Expansion,0.9999999997926352,1.0
2005-02-04,Expansion,0.999999999836291,1.0
2005-02-07,Expansion,0.9999999998799467,1.0
2005-02-08,Expansion,0.9999999998908606,1.0
2005-02-09,Expansion,0.9999999998944986,1.0
2005-02-10,Expansion,0.9999999999163265,1.0
2005-02-11,Expansion,0.9999999998872227,1.0
2005-02-14,Expansion,0.9999999998726707,1.0
2005-02-15,Expansion,0.9999999998763087,1.0
2005-02-16,Expansion,0.9999999998108251,1.0
2005-02-17,Expansion,0.999999999829015,1.0
2005-02-18,Expansion,0.9999999997708073,1.0
2005-02-21,Expansion,0.9999999997708073,1.0
2005-02-22,Expansion,0.999999999308784,1.0
2005-02-23,Expansion,0.9999999995779945,1.0
2005-02-24,Expansion,0.9999999995088729,1.0
2005-02-25,Expansion,0.9999999995379767,1.0
2005-02-28,Expansion,0.9999999993888196,1.0
2005-03-01,Expansion,0.9999999990031938,1.0
2005-03-02,Expansion,0.9999999991632649,1.0
2005-03-03,Expansion,0.9999999991086952,1.0
2005-03-04,Expansion,0.9999999995561666,1.0
2005-03-07,Expansion,0.9999999994506652,1.0
2005-03-08,Expansion,0.9999999988394848,1.0
2005-03-09,Expansion,0.9999999978645064,1.0
2005-03-10,Expansion,0.9999999986903276,1.0
2005-03-11,Expansion,0.9999999969440978,1.0
2005-03-14,Expansion,0.9999999985375325,1.0
2005-03-15,Expansion,0.999999998461135,1.0
2005-03-16,Expansion,0.9999999991196091,1.0
2005-03-17,Expansion,0.9999999996689439,1.0
2005-03-18,Expansion,0.9999999996398401,1.0
2005-03-21,Expansion,0.9999999997526174,1.0
2005-03-22,Expansion,0.9999999997562554,1.0
2005-03-23,Expansion,0.9999999997744453,1.0
2005-03-24,Expansion,0.9999999998653948,1.0
2005-03-25,Expansion,0.9999999998653948,1.0
2005-03-28,Expansion,0.9999999998435669,1.0
2005-03-29,Expansion,0.9999999998872227,1.0
2005-03-30,Expansion,0.9999999999381544,1.0
2005-03-31,Expansion,0.9999999999599822,1.0
2005-04-01,Expansion,0.9999999999563443,1.0
2005-04-04,Expansion,0.9999999999636202,1.0
2005-04-05,Expansion,0.9999999999563443,1.0
2005-04-06,Expansion,0.9999999999636202,1.0
2005-04-07,Expansion,0.9999999999563443,1.0
2005-04-08,Expansion,0.9999999999636202,1.0
2005-04-11,Expansion,0.9999999999708962,1.0
2005-04-12,Expansion,0.9999999999563443,1.0
2005-04-13,Expansion,0.9999999999345164,1.0
2005-04-14,Expansion,0.9999999999090505,1.0
2005-04-15,Expansion,0.9999999999126885,1.0
2005-04-18,Expansion,0.9999999999272404,1.0
2005-04-19,Expansion,0.9999999999308784,1.0
2005-04-20,Expansion,0.9999999999490683,1.0
2005-04-21,Expansion,0.9999999999563443,1.0
2005-04-22,Expansion,0.9999999999636202,1.0
2005-04-25,Expansion,0.9999999999672582,1.0
2005-04-26,Expansion,0.9999999999563443,1.0
2005-04-27,Expansion,0.9999999999527063,1.0
2005-04-28,Expansion,0.9999999999527063,1.0
2005-04-29,Expansion,0.9999999999708962,1.0
2005-05-02,Expansion,0.9999999999672582,1.0
2005-05-03,Expansion,0.9999999999708962,1.0
2005-05-04,Expansion,0.9999999999490683,1.0
2005-05-05,Expansion,0.9999999999308784,1.0
2005-05-06,Expansion,0.9999999999672582,1.0
2005-05-09,Expansion,0.9999999999708962,1.0
2005-05-10,Expansion,0.9999999999745341,1.0
2005-05-11,Expansion,0.9999999999636202,1.0
2005-05-12,Expansion,0.9999999999708962,1.0
2005-05-13,Expansion,0.9999999999599822,1.0
2005-05-16,Expansion,0.9999999999345164,1.0
2005-05-17,Expansion,0.9999999998690328,1.0
2005-05-18,Expansion,0.9999999998144631,1.0
2005-05-19,Expansion,0.9999999999272404,1.0
2005-05-20,Expansion,0.9999999999599822,1.0
2005-05-23,Expansion,0.9999999999708962,1.0
2005-05-24,Expansion,0.9999999999672582,1.0
2005-05-25,Expansion,0.9999999999745341,1.0
2005-05-26,Expansion,0.999999999992724,1.0
2005-05-27,Expansion,0.9999999999781721,1.0
2005-05-30,Expansion,0.9999999999781721,1.0
2005-05-31,Expansion,0.9999999999890861,1.0
2005-06-01,Expansion,0.9999999999854481,1.0
2005-06-02,Expansion,0.9999999999890861,1.0
2005-06-03,Expansion,0.999999999992724,1.0
2005-06-06,Expansion,0.999999999992724,1.0
2005-06-07,Expansion,0.999999999996362,1.0
2005-06-08,Expansion,0.999999999996362,1.0
2005-06-09,Expansion,0.999999999996362,1.0
2005-06-10,Expansion,0.999999999996362,1.0
2005-06-13,Expansion,0.999999999992724,1.0
2005-06-14,Expansion,0.999999999992724,1.0
2005-06-15,Expansion,0.999999999992724,1.0
2005-06-16,Expansion,0.999999999992724,1.0
2005-06-17,Expansion,0.999999999996362,1.0
2005-06-20,Expansion,0.999999999996362,1.0
2005-06-21,Expansion,0.999999999996362,1.0
2005-06-22,Expansion,0.999999999996362,1.0
2005-06-23,Expansion,0.999999999996362,1.0
2005-06-24,Expansion,0.999999999996362,1.0
2005-06-27,Expansion,0.999999999996362,1.0
2005-06-28,Expansion,0.999999999992724,1.0
2005-06-29,Expansion,0.999999999992724,1.0
2005-06-30,Expansion,0.999999999992724,1.0
2005-07-01,Expansion,0.999999999992724,1.0
2005-07-04,Expansion,0.999999999992724,1.0
2005-07-05,Expansion,0.999999999996362,1.0
2005-07-06,Expansion,0.999999999996362,1.0
2005-07-07,Expansion,0.999999999996362,1.0
2005-07-08,Expansion,0.999999999996362,1.0
2005-07-11,Expansion,0.999999999996362,1.0
2005-07-12,Expansion,0.999999999996362,1.0
2005-07-13,Expansion,0.999999999996362,1.0
2005-07-14,Expansion,0.999999999996362,1.0
2005-07-15,Expansion,0.999999999996362,1.0
2005-07-18,Expansion,0.999999999996362,1.0
2005-07-19,Expansion,0.999999999996362,1.0
2005-07-20,Expansion,1.0,1.0
2005-07-21,Expansion,0.999999999996362,1.0
2005-07-22,Expansion,0.999999999996362,1.0
2005-07-25,Expansion,0.999999999996362,1.0
2005-07-26,Expansion,1.0,1.0
2005-07-27,Expansion,1.0,1.0
2005-07-28,Expansion,1.0,1.0
2005-07-29,Expansion,1.0,1.0
2005-08-01,Expansion,1.0,1.0
2005-08-02,Expansion,1.0,1.0
2005-08-03,Expansion,0.999999999996362,1.0
2005-08-04,Expansion,0.999999999996362,1.0
2005-08-05,Expansion,0.999999999996362,1.0
2005-08-08,Expansion,0.999999999996362,1.0
2005-08-09,Expansion,0.999999999996362,1.0
2005-08-10,Expansion,0.999999999996362,1.0
2005-08-11,Expansion,0.999999999996362,1.0
2005-08-12,Expansion,1.0,1.0
2005-08-15,Expansion,1.0,1.0
2005-08-16,Expansion,1.0,1.0
2005-08-17,Expansion,1.0,1.0
2005-08-18,Expansion,1.0,1.0
2005-08-19,Expansion,1.0,1.0
2005-08-22,Expansion,1.0,1.0
2005-08-23,Expansion,1.0,1.0
2005-08-24,Expansion,0.999999999996362,1.0
2005-08-25,Expansion,0.999999999996362,1.0
2005-08-26,Expansion,1.0,1.0
2005-08-29,Expansion,1.0,1.0
2005-08-30,Expansion,1.0,1.0
2005-08-31,Expansion,1.0,1.0
2005-09-01,Expansion,0.999999999996362,1.0
2005-09-02,Expansion,0.999999999996362,1.0
2005-09-05,Expansion,0.999999999996362,1.0
2005-09-06,Expansion,0.999999999996362,1.0
2005-09-07,Expansion,0.999999999996362,1.0
2005-09-08,Expansion,0.999999999996362,1.0
2005-09-09,Expansion,0.999999999996362,1.0
2005-09-12,Expansion,0.999999999996362,1.0
2005-09-13,Expansion,0.999999999996362,1.0
2005-09-14,Expansion,0.999999999996362,1.0
2005-09-15,Expansion,0.999999999992724,1.0
2005-09-16,Expansion,0.999999999992724,1.0
2005-09-19,Expansion,0.999999999992724,1.0
2005-09-20,Expansion,0.999999999996362,1.0
2005-09-21,Expansion,0.999999999996362,1.0
2005-09-22,Expansion,0.999999999996362,1.0
2005-09-23,Expansion,0.999999999996362,1.0
2005-09-26,Expansion,0.999999999996362,1.0
2005-09-27,Expansion,0.999999999996362,1.0
2005-09-28,Expansion,1.0,1.0
2005-09-29,Expansion,1.0,1.0
2005-09-30,Expansion,0.999999999996362,1.0
2005-10-03,Expansion,1.0,1.0
2005-10-04,Expansion,1.0,1.0
2005-10-05,Expansion,1.0,1.0
2005-10-06,Expansion,1.0,1.0
2005-10-07,Expansion,1.0,1.0
2005-10-10,Expansion,1.0,1.0
2005-10-11,Expansion,1.0,1.0
2005-10-12,Expansion,0.999999999996362,1.0
2005-10-13,Expansion,0.999999999996362,1.0
2005-10-14,Expansion,0.999999999996362,1.0
2005-10-17,Expansion,1.0,1.0
2005-10-18,Expansion,1.0,1.0
2005-10-19,Expansion,1.0,1.0
2005-10-20,Expansion,1.0,1.0
2005-10-21,Expansion,1.0,1.0
2005-10-24,Expansion,1.0,1.0
2005-10-25,Expansion,1.0,1.0
2005-10-26,Expansion,1.0,1.0
2005-10-27,Expansion,0.999999999996362,1.0
2005-10-28,Expansion,1.0,1.0
2005-10-31,Expansion,1.0,1.0
2005-11-01,Expansion,1.0,1.0
2005-11-02,Expansion,1.0,1.0
2005-11-03,Expansion,1.0,1.0
2005-11-04,Expansion,1.0,1.0
2005-11-07,Expansion,1.0,1.0
2005-11-08,Expansion,1.0,1.0
2005-11-09,Expansion,1.0,1.0
2005-11-10,Expansion,1.0,1.0
2005-11-11,Expansion,1.0,1.0
2005-11-14,Expansion,1.0,1.0
2005-11-15,Expansion,1.0,1.0
2005-11-16,Expansion,1.0,1.0
2005-11-17,Expansion,1.0,1.0
2005-11-18,Expansion,1.0,1.0
2005-11-21,Expansion,1.0,1.0
2005-11-22,Expansion,1.0,1.0
2005-11-23,Expansion,1.0,1.0
2005-11-24,Expansion,1.0,1.0
2005-11-25,Expansion,1.0,1.0
2005-11-28,Expansion,1.0,1.0
2005-11-29,Expansion,1.0,1.0
2005-11-30,Expansion,1.0,1.0
2005-12-01,Expansion,1.0,1.0
2005-12-02,Expansion,1.0,1.0
2005-12-05,Expansion,1.0,1.0
2005-12-06,Expansion,1.0,1.0
2005-12-07,Expansion,1.0,1.0
2005-12-08,Expansion,1.0,1.0
2005-12-09,Expansion,1.0,1.0
2005-12-12,Expansion,0.999999999996362,1.0
2005-12-13,Expansion,1.0,1.0
2005-12-14,Expansion,1.0,1.0
2005-12-15,Expansion,1.0,1.0
2005-12-16,Expansion,1.0,1.0
2005-12-19,Expansion,1.0,1.0
2005-12-20,Expansion,1.0,1.0
2005-12-21,Expansion,1.0,1.0
2005-12-22,Expansion,1.0,1.0
2005-12-23,Expansion,1.0,1.0
2005-12-26,Expansion,1.0,1.0
2005-12-27,Expansion,1.0,1.0
2005-12-28,Expansion,1.0,1.0
2005-12-29,Expansion,1.0,1.0
2005-12-30,Expansion,1.0,1.0
2006-01-02,Expansion,1.0,1.0
2006-01-03,Expansion,0.999999999996362,1.0
2006-01-04,Expansion,1.0,1.0
2006-01-05,Expansion,0.999999999996362,1.0
2006-01-06,Expansion,1.0,1.0
2006-01-09,Expansion,0.999999999996362,1.0
2006-01-10,Expansion,1.0,1.0
2006-01-11,Expansion,0.999999999996362,1.0
2006-01-12,Expansion,0.999999999996362,1.0
2006-01-13,Expansion,0.999999999996362,1.0
2006-01-16,Expansion,0.999999999996362,1.0
2006-01-17,Expansion,0.999999999996362,1.0
2006-01-18,Expansion,1.0,1.0
2006-01-19,Expansion,0.999999999996362,1.0
2006-01-20,Expansion,0.999999999996362,1.0
2006-01-23,Expansion,0.999999999996362,1.0
2006-01-24,Expansion,0.999999999996362,1.0
2006-01-25,Expansion,0.999999999996362,1.0
2006-01-26,Expansion,0.999999999996362,1.0
2006-01-27,Expansion,1.0,1.0
2006-01-30,Expansion,0.999999999996362,1.0
2006-01-31,Expansion,0.999999999996362,1.0
2006-02-01,Expansion,1.0,1.0
2006-02-02,Expansion,1.0,1.0
2006-02-03,Expansion,1.0,1.0
2006-02-06,Expansion,1.0,1.0
2006-02-07,Expansion,1.0,1.0
2006-02-08,Expansion,1.0,1.0
2006-02-09,Expansion,1.0,1.0
2006-02-10,Expansion,1.0,1.0
2006-02-13,Expansion,1.0,1.0
2006-02-14,Expansion,1.0,1.0
2006-02-15,Expansion,1.0,1.0
2006-02-16,Expansion,1.0,1.0
2006-02-17,Expansion,1.0,1.0
2006-02-20,Expansion,1.0,1.0
2006-02-21,Expansion,1.0,1.0
2006-02-22,Expansion,1.0,1.0
2006-02-23,Expansion,1.0,1.0
2006-02-24,Expansion,1.0,1.0
2006-02-27,Expansion,1.0,1.0
2006-02-28,Expansion,1.0,1.0
2006-03-01,Expansion,1.0,1.0
2006-03-02,Expansion,1.0,1.0
2006-03-03,Expansion,1.0,1.0
2006-03-06,Expansion,0.999999999996362,1.0
2006-03-07,Expansion,0.999999999996362,1.0
2006-03-08,Expansion,0.999999999996362,1.0
2006-03-09,Expansion,0.999999999996362,1.0
2006-03-10,Expansion,0.999999999996362,1.0
2006-03-13,Expansion,0.999999999996362,1.0
2006-03-14,Expansion,0.999999999996362,1.0
2006-03-15,Expansion,0.999999999996362,1.0
2006-03-16,Expansion,0.999999999996362,1.0
2006-03-17,Expansion,1.0,1.0
2006-03-20,Expansion,1.0,1.0
2006-03-21,Expansion,1.0,1.0
2006-03-22,Expansion,1.0,1.0
2006-03-23,Expansion,1.0,1.0
2006-03-24,Expansion,1.0,1.0
2006-03-27,Expansion,1.0,1.0
2006-03-28,Expansion,1.0,1.0
2006-03-29,Expansion,1.0,1.0
2006-03-30,Expansion,1.0,1.0
2006-03-31,Expansion,1.0,1.0
2006-04-03,Expansion,1.0,1.0
2006-04-04,Expansion,1.0,1.0
2006-04-05,Expansion,1.0,1.0
2006-04-06,Expansion,1.0,1.0
2006-04-07,Expansion,1.0,1.0
2006-04-10,Expansion,1.0,1.0
2006-04-11,Expansion,1.0,1.0
2006-04-12,Expansion,1.0,1.0
2006-04-13,Expansion,1.0,1.0
2006-04-14,Expansion,1.0,1.0
2006-04-17,Expansion,1.0,1.0
2006-04-18,Expansion,1.0,1.0
2006-04-19,Expansion,1.0,1.0
2006-04-20,Expansion,1.0,1.0
2006-04-21,Expansion,1.0,1.0
2006-04-24,Expansion,1.0,1.0
2006-04-25,Expansion,1.0,1.0
2006-04-26,Expansion,1.0,1.0
2006-04-27,Expansion,1.0,1.0
2006-04-28,Expansion,1.0,1.0
2006-05-01,Expansion,1.0,1.0
2006-05-02,Expansion,1.0,1.0
2006-05-03,Expansion,1.0,1.0
2006-05-04,Expansion,1.0,1.0
2006-05-05,Expansion,1.0,1.0
2006-05-08,Expansion,1.0,1.0
2006-05-09,Expansion,1.0,1.0
2006-05-10,Expansion,1.0,1.0
2006-05-11,Expansion,1.0,1.0
2006-05-12,Expansion,1.0,1.0
2006-05-15,Expansion,1.0,1.0
2006-05-16,Expansion,1.0,1.0
2006-05-17,Expansion,1.0,1.0
2006-05-18,Expansion,1.0,1.0
2006-05-19,Expansion,1.0,1.0
2006-05-22,Expansion,1.0,1.0
2006-05-23,Expansion,1.0,1.0
2006-05-24,Expansion,1.0,1.0
2006-05-25,Expansion,1.0,1.0
2006-05-26,Expansion,1.0,1.0
2006-05-29,Expansion,1.0,1.0
2006-05-30,Expansion,1.0,1.0
2006-05-31,Expansion,1.0,1.0
2006-06-01,Expansion,1.0,1.0
2006-06-02,Expansion,1.0,1.0
2006-06-05,Expansion,1.0,1.0
2006-06-06,Expansion,1.0,1.0
2006-06-07,Expansion,1.0,1.0
2006-06-08,Expansion,1.0,1.0
2006-06-09,Expansion,1.0,1.0
2006-06-12,Expansion,1.0,1.0
2006-06-13,Expansion,0.999999999992724,1.0
2006-06-14,Expansion,1.0,1.0
2006-06-15,Expansion,1.0,1.0
2006-06-16,Expansion,1.0,1.0
2006-06-19,Expansion,1.0,1.0
2006-06-20,Expansion,1.0,1.0
2006-06-21,Expansion,1.0,1.0
2006-06-22,Expansion,1.0,1.0
2006-06-23,Expansion,1.0,1.0
2006-06-26,Expansion,1.0,1.0
2006-06-27,Expansion,1.0,1.0
2006-06-28,Expansion,1.0,1.0
2006-06-29,Expansion,1.0,1.0
2006-06-30,Expansion,1.0,1.0
2006-07-03,Expansion,1.0,1.0
2006-07-04,Expansion,1.0,1.0
2006-07-05,Expansion,1.0,1.0
2006-07-06,Expansion,1.0,1.0
2006-07-07,Expansion,1.0,1.0
2006-07-10,Expansion,1.0,1.0
2006-07-11,Expansion,1.0,1.0
2006-07-12,Expansion,1.0,1.0
2006-07-13,Expansion,1.0,1.0
2006-07-14,Expansion,1.0,1.0
2006-07-17,Expansion,1.0,1.0
2006-07-18,Expansion,1.0,1.0
2006-07-19,Expansion,1.0,1.0
2006-07-20,Expansion,1.0,1.0
2006-07-21,Expansion,1.0,1.0
2006-07-24,Expansion,1.0,1.0
2006-07-25,Expansion,1.0,1.0
2006-07-26,Expansion,1.0,1.0
2006-07-27,Expansion,1.0,1.0
2006-07-28,Expansion,1.0,1.0
2006-07-31,Expansion,1.0,1.0
2006-08-01,Expansion,1.0,1.0
2006-08-02,Expansion,1.0,1.0
2006-08-03,Expansion,1.0,1.0
2006-08-04,Expansion,1.0,1.0
2006-08-07,Expansion,1.0,1.0
2006-08-08,Expansion,1.0,1.0
2006-08-09,Expansion,1.0,1.0
2006-08-10,Expansion,1.0,1.0
2006-08-11,Expansion,1.0,1.0
2006-08-14,Expansion,1.0,1.0
2006-08-15,Expansion,1.0,1.0
2006-08-16,Expansion,1.0,1.0
2006-08-17,Expansion,1.0,1.0
2006-08-18,Expansion,1.0,1.0
2006-08-21,Expansion,1.0,1.0
2006-08-22,Expansion,1.0,1.0
2006-08-23,Expansion,1.0,1.0
2006-08-24,Expansion,1.0,1.0
2006-08-25,Expansion,1.0,1.0
2006-08-28,Expansion,1.0,1.0
2006-08-29,Expansion,1.0,1.0
2006-08-30,Expansion,1.0,1.0
2006-08-31,Expansion,1.0,1.0
2006-09-01,Expansion,1.0,1.0
2006-09-04,Expansion,1.0,1.0
2006-09-05,Expansion,1.0,1.0
2006-09-06,Expansion,1.0,1.0
2006-09-07,Expansion,1.0,1.0
2006-09-08,Expansion,1.0,1.0
2006-09-11,Expansion,1.0,1.0
2006-09-12,Expansion,1.0,1.0
2006-09-13,Expansion,1.0,1.0
2006-09-14,Expansion,1.0,1.0
2006-09-15,Expansion,1.0,1.0
2006-09-18,Expansion,1.0,1.0
2006-09-19,Expansion,1.0,1.0
2006-09-20,Expansion,1.0,1.0
2006-09-21,Expansion,1.0,1.0
2006-09-22,Expansion,1.0,1.0
2006-09-25,Expansion,1.0,1.0
2006-09-26,Expansion,1.0,1.0
2006-09-27,Expansion,1.0,1.0
2006-09-28,Expansion,1.0,1.0
2006-09-29,Expansion,1.0,1.0
2006-10-02,Expansion,1.0,1.0
2006-10-03,Expansion,1.0,1.0
2006-10-04,Expansion,1.0,1.0
2006-10-05,Expansion,1.0,1.0
2006-10-06,Expansion,1.0,1.0
2006-10-09,Expansion,1.0,1.0
2006-10-10,Expansion,1.0,1.0
2006-10-11,Expansion,1.0,1.0
2006-10-12,Expansion,1.0,1.0
2006-10-13,Expansion,1.0,1.0
2006-10-16,Expansion,1.0,1.0
2006-10-17,Expansion,1.0,1.0
2006-10-18,Expansion,1.0,1.0
2006-10-19,Expansion,1.0,1.0
2006-10-20,Expansion,1.0,1.0
2006-10-23,Expansion,1.0,1.0
2006-10-24,Expansion,1.0,1.0
2006-10-25,Expansion,1.0,1.0
2006-10-26,Expansion,1.0,1.0
2006-10-27,Expansion,1.0,1.0
2006-10-30,Expansion,1.0,1.0
2006-10-31,Expansion,1.0,1.0
2006-11-01,Expansion,0.999999999996362,1.0
2006-11-02,Expansion,0.999999999996362,1.0
2006-11-03,Expansion,1.0,1.0
2006-11-06,Expansion,1.0,1.0
2006-11-07,Expansion,1.0,1.0
2006-11-08,Expansion,0.999999999996362,1.0
2006-11-09,Expansion,1.0,1.0
2006-11-10,Expansion,0.999999999996362,1.0
2006-11-13,Expansion,0.999999999996362,1.0
2006-11-14,Expansion,0.999999999996362,1.0
2006-11-15,Expansion,1.0,1.0
2006-11-16,Expansion,0.999999999996362,1.0
2006-11-17,Expansion,0.999999999996362,1.0
2006-11-20,Expansion,0.999999999996362,1.0
2006-11-21,Expansion,0.999999999996362,1.0
2006-11-22,Expansion,0.999999999996362,1.0
2006-11-23,Expansion,0.999999999996362,1.0
2006-11-24,Expansion,0.999999999996362,1.0
2006-11-27,Expansion,1.0,1.0
2006-11-28,Expansion,0.999999999996362,1.0
2006-11-29,Expansion,0.999999999996362,1.0
2006-11-30,Expansion,0.999999999996362,1.0
2006-12-01,Expansion,0.999999999996362,1.0
2006-12-04,Expansion,0.999999999996362,1.0
2006-12-05,Expansion,0.999999999996362,1.0
2006-12-06,Expansion,0.999999999996362,1.0
2006-12-07,Expansion,0.999999999996362,1.0
2006-12-08,Expansion,0.999999999996362,1.0
2006-12-11,Expansion,0.999999999996362,1.0
2006-12-12,Expansion,0.999999999996362,1.0
2006-12-13,Expansion,0.999999999996362,1.0
2006-12-14,Expansion,0.999999999996362,1.0
2006-12-15,Expansion,0.999999999996362,1.0
2006-12-18,Expansion,0.999999999996362,1.0
2006-12-19,Expansion,0.999999999996362,1.0
2006-12-20,Expansion,0.999999999996362,1.0
2006-12-21,Expansion,0.999999999996362,1.0
2006-12-22,Expansion,0.999999999992724,1.0
2006-12-25,Expansion,0.999999999992724,1.0
2006-12-26,Expansion,0.999999999996362,1.0
2006-12-27,Expansion,0.999999999996362,1.0
2006-12-28,Expansion,0.999999999996362,1.0
2006-12-29,Expansion,0.999999999992724,1.0
2007-01-01,Expansion,0.999999999992724,1.0
2007-01-02,Expansion,0.999999999996362,1.0
2007-01-03,Expansion,0.999999999992724,1.0
2007-01-04,Expansion,0.999999999992724,1.0
2007-01-05,Expansion,0.999999999992724,1.0
2007-01-08,Expansion,0.999999999992724,1.0
2007-01-09,Expansion,0.999999999996362,1.0
2007-01-10,Expansion,0.999999999992724,1.0
2007-01-11,Expansion,0.999999999992724,1.0
2007-01-12,Expansion,0.999999999992724,1.0
2007-01-15,Expansion,0.999999999992724,1.0
2007-01-16,Expansion,0.999999999992724,1.0
2007-01-17,Expansion,0.999999999992724,1.0
2007-01-18,Expansion,0.999999999992724,1.0
2007-01-19,Expansion,0.999999999996362,1.0
2007-01-22,Expansion,0.999999999992724,1.0
2007-01-23,Expansion,0.999999999992724,1.0
2007-01-24,Expansion,0.999999999992724,1.0
2007-01-25,Expansion,0.9999999999890861,1.0
2007-01-26,Expansion,0.9999999999890861,1.0
2007-01-29,Expansion,0.9999999999854481,1.0
2007-01-30,Expansion,0.9999999999890861,1.0
2007-01-31,Expansion,0.999999999992724,1.0
2007-02-01,Expansion,0.999999999992724,1.0
2007-02-02,Expansion,0.999999999992724,1.0
2007-02-05,Expansion,0.999999999992724,1.0
2007-02-06,Expansion,0.999999999992724,1.0
2007-02-07,Expansion,0.999999999992724,1.0
2007-02-08,Expansion,0.999999999996362,1.0
2007-02-09,Expansion,0.999999999992724,1.0
2007-02-12,Expansion,0.9999999999890861,1.0
2007-02-13,Expansion,0.999999999992724,1.0
2007-02-14,Expansion,0.999999999992724,1.0
2007-02-15,Expansion,0.999999999992724,1.0
2007-02-16,Expansion,0.999999999992724,1.0
2007-02-19,Expansion,0.999999999992724,1.0
2007-02-20,Expansion,0.999999999992724,1.0
2007-02-21,Expansion,0.999999999992724,1.0
2007-02-22,Expansion,0.9999999999890861,1.0
2007-02-23,Expansion,0.9999999999890861,1.0
2007-02-26,Expansion,0.9999999999890861,1.0
2007-02-27,Expansion,0.9999999997125997,1.0
2007-02-28,Expansion,0.9999999999672582,1.0
2007-03-01,Expansion,0.9999999999563443,1.0
2007-03-02,Expansion,0.9999999997708073,1.0
2007-03-05,Expansion,0.9999999996107363,1.0
2007-03-06,Expansion,0.9999999999672582,1.0
2007-03-07,Expansion,0.9999999999708962,1.0
2007-03-08,Expansion,0.9999999999781721,1.0
2007-03-09,Expansion,0.9999999999781721,1.0
2007-03-12,Expansion,0.9999999999818101,1.0
2007-03-13,Expansion,0.9999999998544808,1.0
2007-03-14,Expansion,0.9999999999236024,1.0
2007-03-15,Expansion,0.9999999999563443,1.0
2007-03-16,Expansion,0.9999999999490683,1.0
2007-03-19,Expansion,0.9999999999781721,1.0
2007-03-20,Expansion,0.9999999999890861,1.0
2007-03-21,Expansion,0.9999999999854481,1.0
2007-03-22,Expansion,0.9999999999818101,1.0
2007-03-23,Expansion,0.9999999999818101,1.0
2007-03-26,Expansion,0.9999999999818101,1.0
2007-03-27,Expansion,0.9999999999781721,1.0
2007-03-28,Expansion,0.9999999999527063,1.0
2007-03-29,Expansion,0.9999999999599822,1.0
2007-03-30,Expansion,0.9999999999672582,1.0
2007-04-02,Expansion,0.9999999999745341,1.0
2007-04-03,Expansion,0.9999999999854481,1.0
2007-04-04,Expansion,0.9999999999890861,1.0
2007-04-05,Expansion,0.9999999999854481,1.0
2007-04-06,Expansion,0.9999999999890861,1.0
2007-04-09,Expansion,0.999999999992724,1.0
2007-04-10,Expansion,0.999999999992724,1.0
2007-04-11,Expansion,0.999999999992724,1.0
2007-04-12,Expansion,0.999999999992724,1.0
2007-04-13,Expansion,0.999999999992724,1.0
2007-04-16,Expansion,0.999999999992724,1.0
2007-04-17,Expansion,0.999999999992724,1.0
2007-04-18,Expansion,0.999999999992724,1.0
2007-04-19,Expansion,0.999999999992724,1.0
2007-04-20,Expansion,0.999999999992724,1.0
2007-04-23,Expansion,0.9999999999890861,1.0
2007-04-24,Expansion,0.9999999999890861,1.0
2007-04-25,Expansion,0.9999999999890861,1.0
2007-04-26,Expansion,0.9999999999890861,1.0
2007-04-27,Expansion,0.9999999999890861,1.0
2007-04-30,Expansion,0.9999999999890861,1.0
2007-05-01,Expansion,0.999999999992724,1.0
2007-05-02,Expansion,0.999999999992724,1.0
2007-05-03,Expansion,0.999999999996362,1.0
2007-05-04,Expansion,0.999999999996362,1.0
2007-05-07,Expansion,0.999999999996362,1.0
2007-05-08,Expansion,0.999999999996362,1.0
2007-05-09,Expansion,0.999999999996362,1.0
2007-05-10,Expansion,0.999999999992724,1.0
2007-05-11,Expansion,0.999999999992724,1.0
2007-05-14,Expansion,0.9999999999890861,1.0
2007-05-15,Expansion,0.9999999999890861,1.0
2007-05-16,Expansion,0.9999999999890861,1.0
2007-05-17,Expansion,0.9999999999818101,1.0
2007-05-18,Expansion,0.9999999999854481,1.0
2007-05-21,Expansion,0.9999999999854481,1.0
2007-05-22,Expansion,0.9999999999781721,1.0
2007-05-23,Expansion,0.9999999999745341,1.0
2007-05-24,Expansion,0.9999999999563443,1.0
2007-05-25,Expansion,0.9999999999781721,1.0
2007-05-28,Expansion,0.9999999999781721,1.0
2007-05-29,Expansion,0.9999999999745341,1.0
2007-05-30,Expansion,0.9999999999818101,1.0
2007-05-31,Expansion,0.9999999999854481,1.0
2007-06-01,Expansion,0.9999999999818101,1.0
2007-06-04,Expansion,0.9999999999854481,1.0
2007-06-05,Expansion,0.9999999999781721,1.0
2007-06-06,Expansion,0.9999999999599822,1.0
2007-06-07,Expansion,0.999999999832653,1.0
2007-06-08,Expansion,0.9999999999454303,1.0
2007-06-11,Expansion,0.9999999999490683,1.0
2007-06-12,Expansion,0.9999999998144631,1.0
2007-06-13,Expansion,0.9999999999563443,1.0
2007-06-14,Expansion,0.9999999999708962,1.0
2007-06-15,Expansion,0.9999999999745341,1.0
2007-06-18,Expansion,0.9999999999745341,1.0
2007-06-19,Expansion,0.9999999999745341,1.0
2007-06-20,Expansion,0.9999999999636202,1.0
2007-06-21,Expansion,0.9999999999708962,1.0
2007-06-22,Expansion,0.9999999999381544,1.0
2007-06-25,Expansion,0.9999999999345164,1.0
2007-06-26,Expansion,0.9999999997671694,1.0
2007-06-27,Expansion,0.9999999999636202,1.0
2007-06-28,Expansion,0.9999999999708962,1.0
2007-06-29,Expansion,0.9999999999672582,1.0
2007-07-02,Expansion,0.9999999999781721,1.0
2007-07-03,Expansion,0.9999999999818101,1.0
2007-07-04,Expansion,0.9999999999818101,1.0
2007-07-05,Expansion,0.9999999999854481,1.0
2007-07-06,Expansion,0.9999999999818101,1.0
2007-07-09,Expansion,0.9999999999818101,1.0
2007-07-10,Expansion,0.9999999999636202,1.0
2007-07-11,Expansion,0.9999999999708962,1.0
2007-07-12,Expansion,0.9999999999708962,1.0
2007-07-13,Expansion,0.9999999999745341,1.0
2007-07-16,Expansion,0.9999999999745341,1.0
2007-07-17,Expansion,0.9999999999708962,1.0
2007-07-18,Expansion,0.9999999999636202,1.0
2007-07-19,Expansion,0.9999999999708962,1.0
2007-07-20,Expansion,0.9999999999599822,1.0
2007-07-23,Expansion,0.9999999999490683,1.0
2007-07-24,Expansion,0.9999999998981366,1.0
2007-07-25,Expansion,0.9999999998544808,1.0
2007-07-26,Expansion,0.9999999990614015,1.0
2007-07-27,Expansion,0.9999999971914804,1.0
2007-07-30,Expansion,0.999999998624844,1.0
2007-07-31,Expansion,0.9999999986575858,1.0
2007-08-01,Expansion,0.9999999981846486,1.0
2007-08-02,Expansion,0.9999999992032826,1.0
2007-08-03,Expansion,0.999999994506652,1.0
2007-08-06,Expansion,0.9999999966312316,1.0
2007-08-07,Expansion,0.9999999986648618,1.0
2007-08-08,Expansion,0.9999999993451638,1.0
2007-08-09,Expansion,0.9999999844840205,1.0
2007-08-10,Expansion,0.9999999252104345,1.0
2007-08-13,Expansion,0.9999999585234045,1.0
2007-08-14,Expansion,0.9999990111396415,1.0
2007-08-15,Expansion,0.9999859483873925,1.0
2007-08-16,Expansion,0.9999776287433106,1.0
2007-08-17,Expansion,0.9999822612344272,1.0
2007-08-20,Expansion,0.9999943789274497,1.0
2007-08-21,Expansion,0.9999983474713202,1.0
2007-08-22,Expansion,0.9999998291823576,1.0
2007-08-23,Expansion,0.9999999771061996,1.0
2007-08-24,Expansion,0.9999999931496859,1.0
2007-08-27,Expansion,0.9999999928477337,1.0
2007-08-28,Expansion,0.9999999459068946,1.0
2007-08-29,Expansion,0.9999999624305935,1.0
2007-08-30,Expansion,0.9999999452993521,1.0
2007-08-31,Expansion,0.9999999544525063,1.0
2007-09-03,Expansion,0.9999999528663477,1.0
2007-09-04,Expansion,0.9999999233878072,1.0
2007-09-05,Expansion,0.999999835472422,1.0
2007-09-06,Expansion,0.9999997555096641,1.0
2007-09-07,Expansion,0.9999988494425704,1.0
2007-09-10,Expansion,0.9999983583925146,1.0
2007-09-11,Expansion,0.9999991857988466,1.0
2007-09-12,Expansion,0.9999995195977379,1.0
2007-09-13,Expansion,0.9999998514795262,1.0
2007-09-14,Expansion,0.9999998756247883,1.0
2007-09-17,Expansion,0.9999998712919561,1.0
2007-09-18,Expansion,0.9999998673811293,1.0
2007-09-19,Expansion,0.9999999374558703,1.0
2007-09-20,Expansion,0.9999999464016597,1.0
2007-09-21,Expansion,0.9999999526735348,1.0
2007-09-24,Expansion,0.9999999684405343,1.0
2007-09-25,Expansion,0.99999990464858,1.0
2007-09-26,Expansion,0.9999998452040137,1.0
2007-09-27,Expansion,0.9999998299899888,1.0
2007-09-28,Expansion,0.9999998867133464,1.0
2007-10-01,Expansion,0.9999999343745024,1.0
2007-10-02,Expansion,0.9999999468091133,1.0
2007-10-03,Expansion,0.9999999732463042,1.0
2007-10-04,Expansion,0.9999999672909331,1.0
2007-10-05,Expansion,0.9999999670144467,1.0
2007-10-08,Expansion,0.9999999713436414,1.0
2007-10-09,Expansion,0.9999999803258108,1.0
2007-10-10,Expansion,0.999999990217475,1.0
2007-10-11,Expansion,0.9999999933752406,1.0
2007-10-12,Expansion,0.9999999958054104,1.0
2007-10-15,Expansion,0.9999999964711606,1.0
2007-10-16,Expansion,0.9999999896426743,1.0
2007-10-17,Expansion,0.9999999089923263,1.0
2007-10-18,Expansion,0.9999988147290172,1.0
2007-10-19,Expansion,0.999991863969982,1.0
2007-10-22,Expansion,0.9999630964200302,1.0
2007-10-23,Expansion,0.9998255017397385,1.0
2007-10-24,Expansion,0.9992596678324912,1.0
2007-10-25,Expansion,0.9980239874263731,1.0
2007-10-26,Expansion,0.995041755025105,1.0
2007-10-29,Expansion,0.9903429355079544,1.0
2007-10-30,Expansion,0.9775477610809532,1.0
2007-10-31,Expansion,0.9240742821689775,1.0
2007-11-01,Expansion,0.723762566539879,1.0
2007-11-02,Contraction,0.6602707162410388,0.5
2007-11-05,Contraction,0.8765565299541709,0.5
2007-11-06,Contraction,0.9686169857750789,0.5
2007-11-07,Contraction,0.9963512122691849,0.5
2007-11-08,Contraction,0.9998986320291612,0.5
2007-11-09,Contraction,0.9999989078284268,0.5
2007-11-12,Contraction,0.9999999934661901,0.5
2007-11-13,Contraction,0.9999999888786988,0.5
2007-11-14,Contraction,0.9999999837455108,0.5
2007-11-15,Contraction,0.9999999987412593,0.5
2007-11-16,Contraction,0.9999999997053237,0.5
2007-11-19,Contraction,0.9999999999854481,0.5
2007-11-20,Contraction,0.999999999996362,0.5
2007-11-21,Contraction,1.0,0.5
2007-11-22,Contraction,1.0,0.5
2007-11-23,Contraction,1.0,0.5
2007-11-26,Contraction,1.0,0.5
2007-11-27,Contraction,1.0,0.5
2007-11-28,Contraction,0.999999999996362,0.5
2007-11-29,Contraction,1.0,0.5
2007-11-30,Contraction,1.0,0.5
2007-12-03,Contraction,1.0,0.5
2007-12-04,Contraction,1.0,0.5
2007-12-05,Contraction,1.0,0.5
2007-12-06,Contraction,1.0,0.5
2007-12-07,Contraction,1.0,0.5
2007-12-10,Contraction,1.0,0.5
2007-12-11,Contraction,1.0,0.5
2007-12-12,Contraction,1.0,0.5
2007-12-13,Contraction,1.0,0.5
2007-12-14,Contraction,0.999999999992724,0.5
2007-12-17,Contraction,0.999999999992724,0.5
2007-12-18,Contraction,1.0,0.5
2007-12-19,Contraction,1.0,0.5
2007-12-20,Contraction,1.0,0.5
2007-12-21,Contraction,1.0,0.5
2007-12-24,Contraction,1.0,0.5
2007-12-25,Contraction,1.0,0.5
2007-12-26,Contraction,1.0,0.5
2007-12-27,Contraction,1.0,0.5
2007-12-28,Contraction,1.0,0.5
2007-12-31,Contraction,1.0,0.5
2008-01-01,Contraction,1.0,0.5
2008-01-02,Contraction,1.0,0.5
2008-01-03,Contraction,1.0,0.5
2008-01-04,Contraction,1.0,0.5
2008-01-07,Contraction,1.0,0.5
2008-01-08,Contraction,1.0,0.5
2008-01-09,Contraction,1.0,0.5
2008-01-10,Contraction,1.0,0.5
2008-01-11,Contraction,1.0,0.5
2008-01-14,Contraction,1.0,0.5
2008-01-15,Contraction,1.0,0.5
2008-01-16,Contraction,1.0,0.5
2008-01-17,Contraction,1.0,0.5
2008-01-18,Contraction,1.0,0.5
2008-01-21,Contraction,1.0,0.5
2008-01-22,Contraction,1.0,0.5
2008-01-23,Contraction,1.0,0.5
2008-01-24,Contraction,1.0,0.5
2008-01-25,Contraction,1.0,0.5
2008-01-28,Contraction,1.0,0.5
2008-01-29,Contraction,1.0,0.5
2008-01-30,Contraction,1.0,0.5
2008-01-31,Contraction,1.0,0.5
2008-02-01,Contraction,1.0,0.5
2008-02-04,Contraction,1.0,0.5
2008-02-05,Contraction,1.0,0.5
2008-02-06,Contraction,1.0,0.5
2008-02-07,Contraction,1.0,0.5
2008-02-08,Contraction,1.0,0.5
2008-02-11,Contraction,1.0,0.5
2008-02-12,Contraction,1.0,0.5
2008-02-13,Contraction,1.0,0.5
2008-02-14,Contraction,1.0,0.5
2008-02-15,Contraction,1.0,0.5
2008-02-18,Contraction,1.0,0.5
2008-02-19,Contraction,1.0,0.5
2008-02-20,Contraction,1.0,0.5
2008-02-21,Contraction,1.0,0.5
2008-02-22,Contraction,1.0,0.5
2008-02-25,Contraction,1.0,0.5
2008-02-26,Contraction,1.0,0.5
2008-02-27,Contraction,1.0,0.5
2008-02-28,Contraction,1.0,0.5
2008-02-29,Contraction,1.0,0.5
2008-03-03,Contraction,1.0,0.5
2008-03-04,Contraction,1.0,0.5
2008-03-05,Contraction,1.0,0.5
2008-03-06,Contraction,1.0,0.5
2008-03-07,Contraction,1.0,0.5
2008-03-10,Contraction,1.0,0.5
2008-03-11,Contraction,1.0,0.5
2008-03-12,Contraction,1.0,0.5
2008-03-13,Contraction,1.0,0.5
2008-03-14,Contraction,1.0,0.5
2008-03-17,Contraction,1.0,0.5
2008-03-18,Contraction,1.0,0.5
2008-03-19,Contraction,1.0,0.5
2008-03-20,Contraction,1.0,0.5
2008-03-21,Contraction,1.0,0.5
2008-03-24,Contraction,1.0,0.5
2008-03-25,Contraction,1.0,0.5
2008-03-26,Contraction,1.0,0.5
2008-03-27,Contraction,1.0,0.5
2008-03-28,Contraction,1.0,0.5
2008-03-31,Contraction,1.0,0.5
2008-04-01,Contraction,1.0,0.5
2008-04-02,Contraction,1.0,0.5
2008-04-03,Contraction,1.0,0.5
2008-04-04,Contraction,1.0,0.5
2008-04-07,Contraction,1.0,0.5
2008-04-08,Contraction,1.0,0.5
2008-04-09,Contraction,1.0,0.5
2008-04-10,Contraction,1.0,0.5
2008-04-11,Contraction,1.0,0.5
2008-04-14,Contraction,1.0,0.5
2008-04-15,Contraction,1.0,0.5
2008-04-16,Contraction,1.0,0.5
2008-04-17,Contraction,1.0,0.5
2008-04-18,Contraction,1.0,0.5
2008-04-21,Contraction,1.0,0.5
2008-04-22,Contraction,1.0,0.5
2008-04-23,Contraction,1.0,0.5
2008-04-24,Contraction,1.0,0.5
2008-04-25,Contraction,1.0,0.5
2008-04-28,Contraction,1.0,0.5
2008-04-29,Contraction,1.0,0.5
2008-04-30,Contraction,1.0,0.5
2008-05-01,Contraction,1.0,0.5
2008-05-02,Contraction,1.0,0.5
2008-05-05,Contraction,1.0,0.5
2008-05-06,Contraction,1.0,0.5
2008-05-07,Contraction,1.0,0.5
2008-05-08,Contraction,1.0,0.5
2008-05-09,Contraction,1.0,0.5
2008-05-12,Contraction,1.0,0.5
2008-05-13,Contraction,1.0,0.5
2008-05-14,Contraction,1.0,0.5
2008-05-15,Contraction,1.0,0.5
2008-05-16,Contraction,1.0,0.5
2008-05-19,Contraction,1.0,0.5
2008-05-20,Contraction,1.0,0.5
2008-05-21,Contraction,1.0,0.5
2008-05-22,Contraction,1.0,0.5
2008-05-23,Contraction,1.0,0.5
2008-05-26,Contraction,1.0,0.5
2008-05-27,Contraction,1.0,0.5
2008-05-28,Contraction,1.0,0.5
2008-05-29,Contraction,1.0,0.5
2008-05-30,Contraction,1.0,0.5
2008-06-02,Contraction,1.0,0.5
2008-06-03,Contraction,1.0,0.5
2008-06-04,Contraction,1.0,0.5
2008-06-05,Contraction,1.0,0.5
2008-06-06,Contraction,1.0,0.5
2008-06-09,Contraction,1.0,0.5
2008-06-10,Contraction,1.0,0.5
2008-06-11,Contraction,1.0,0.5
2008-06-12,Contraction,1.0,0.5
2008-06-13,Contraction,1.0,0.5
2008-06-16,Contraction,1.0,0.5
2008-06-17,Contraction,1.0,0.5
2008-06-18,Contraction,1.0,0.5
2008-06-19,Contraction,1.0,0.5
2008-06-20,Contraction,1.0,0.5
2008-06-23,Contraction,1.0,0.5
2008-06-24,Contraction,1.0,0.5
2008-06-25,Contraction,1.0,0.5
2008-06-26,Contraction,1.0,0.5
2008-06-27,Contraction,1.0,0.5
2008-06-30,Contraction,1.0,0.5
2008-07-01,Contraction,1.0,0.5
2008-07-02,Contraction,1.0,0.5
2008-07-03,Contraction,1.0,0.5
2008-07-04,Contraction,1.0,0.5
2008-07-07,Contraction,1.0,0.5
2008-07-08,Contraction,1.0,0.5
2008-07-09,Contraction,1.0,0.5
2008-07-10,Contraction,1.0,0.5
2008-07-11,Contraction,1.0,0.5
2008-07-14,Contraction,1.0,0.5
2008-07-15,Contraction,1.0,0.5
2008-07-16,Contraction,1.0,0.5
2008-07-17,Contraction,1.0,0.5
2008-07-18,Contraction,1.0,0.5
2008-07-21,Contraction,1.0,0.5
2008-07-22,Contraction,1.0,0.5
2008-07-23,Contraction,1.0,0.5
2008-07-24,Contraction,1.0,0.5
2008-07-25,Contraction,1.0,0.5
2008-07-28,Contraction,1.0,0.5
2008-07-29,Contraction,1.0,0.5
2008-07-30,Contraction,1.0,0.5
2008-07-31,Contraction,1.0,0.5
2008-08-01,Contraction,1.0,0.5
2008-08-04,Contraction,1.0,0.5
2008-08-05,Contraction,1.0,0.5
2008-08-06,Contraction,1.0,0.5
2008-08-07,Contraction,1.0,0.5
2008-08-08,Contraction,1.0,0.5
2008-08-11,Contraction,1.0,0.5
2008-08-12,Contraction,1.0,0.5
2008-08-13,Contraction,1.0,0.5
2008-08-14,Contraction,1.0,0.5
2008-08-15,Contraction,1.0,0.5
2008-08-18,Contraction,1.0,0.5
2008-08-19,Contraction,1.0,0.5
2008-08-20,Contraction,1.0,0.5
2008-08-21,Contraction,1.0,0.5
2008-08-22,Contraction,1.0,0.5
2008-08-25,Contraction,1.0,0.5
2008-08-26,Contraction,1.0,0.5
2008-08-27,Contraction,1.0,0.5
2008-08-28,Contraction,1.0,0.5
2008-08-29,Contraction,1.0,0.5
2008-09-01,Contraction,1.0,0.5
2008-09-02,Contraction,1.0,0.5
2008-09-03,Contraction,1.0,0.5
2008-09-04,Contraction,1.0,0.5
2008-09-05,Contraction,1.0,0.5
2008-09-08,Contraction,1.0,0.5
2008-09-09,Contraction,1.0,0.5
2008-09-10,Contraction,1.0,0.5
2008-09-11,Contraction,1.0,0.5
2008-09-12,Contraction,1.0,0.5
2008-09-15,Contraction,1.0,0.5
2008-09-16,Contraction,1.0,0.5
2008-09-17,Contraction,1.0,0.5
2008-09-18,Contraction,1.0,0.5
2008-09-19,Contraction,1.0,0.5
2008-09-22,Contraction,1.0,0.5
2008-09-23,Contraction,1.0,0.5
2008-09-24,Contraction,1.0,0.5
2008-09-25,Contraction,1.0,0.5
2008-09-26,Contraction,1.0,0.5
2008-09-29,Contraction,1.0,0.5
2008-09-30,Contraction,1.0,0.5
2008-10-01,Contraction,1.0,0.5
2008-10-02,Contraction,1.0,0.5
2008-10-03,Contraction,1.0,0.5
2008-10-06,Contraction,1.0,0.5
2008-10-07,Contraction,1.0,0.5
2008-10-08,Contraction,1.0,0.5
2008-10-09,Contraction,1.0,0.5
2008-10-10,Contraction,1.0,0.5
2008-10-13,Contraction,1.0,0.5
2008-10-14,Contraction,1.0,0.5
2008-10-15,Contraction,1.0,0.5
2008-10-16,Contraction,1.0,0.5
2008-10-17,Contraction,1.0,0.5
2008-10-20,Contraction,1.0,0.5
2008-10-21,Contraction,1.0,0.5
2008-10-22,Contraction,1.0,0.5
2008-10-23,Contraction,1.0,0.5
2008-10-24,Contraction,1.0,0.5
2008-10-27,Contraction,1.0,0.5
2008-10-28,Contraction,1.0,0.5
2008-10-29,Contraction,1.0,0.5
2008-10-30,Contraction,1.0,0.5
2008-10-31,Contraction,1.0,0.5
2008-11-03,Contraction,1.0,0.5
2008-11-04,Contraction,1.0,0.5
2008-11-05,Contraction,1.0,0.5
2008-11-06,Contraction,1.0,0.5
2008-11-07,Contraction,1.0,0.5
2008-11-10,Contraction,1.0,0.5
2008-11-11,Contraction,1.0,0.5
2008-11-12,Contraction,1.0,0.5
2008-11-13,Contraction,1.0,0.5
2008-11-14,Contraction,1.0,0.5
2008-11-17,Contraction,1.0,0.5
2008-11-18,Contraction,1.0,0.5
2008-11-19,Contraction,1.0,0.5
2008-11-20,Contraction,1.0,0.5
2008-11-21,Contraction,1.0,0.5
2008-11-24,Contraction,1.0,0.5
2008-11-25,Contraction,1.0,0.5
2008-11-26,Contraction,1.0,0.5
2008-11-27,Contraction,1.0,0.5
2008-11-28,Contraction,1.0,0.5
2008-12-01,Contraction,1.0,0.5
2008-12-02,Contraction,1.0,0.5
2008-12-03,Contraction,1.0,0.5
2008-12-04,Contraction,1.0,0.5
2008-12-05,Contraction,1.0,0.5
2008-12-08,Contraction,1.0,0.5
2008-12-09,Contraction,1.0,0.5
2008-12-10,Contraction,1.0,0.5
2008-12-11,Contraction,1.0,0.5
2008-12-12,Contraction,1.0,0.5
2008-12-15,Contraction,1.0,0.5
2008-12-16,Contraction,1.0,0.5
2008-12-17,Contraction,1.0,0.5
2008-12-18,Contraction,1.0,0.5
2008-12-19,Contraction,1.0,0.5
2008-12-22,Contraction,1.0,0.5
2008-12-23,Contraction,1.0,0.5
2008-12-24,Contraction,1.0,0.5
2008-12-25,Contraction,1.0,0.5
2008-12-26,Contraction,1.0,0.5
2008-12-29,Contraction,1.0,0.5
2008-12-30,Contraction,1.0,0.5
2008-12-31,Contraction,1.0,0.5
2009-01-01,Contraction,1.0,0.5
2009-01-02,Contraction,1.0,0.5
2009-01-05,Contraction,1.0,0.5
2009-01-06,Contraction,1.0,0.5
2009-01-07,Contraction,1.0,0.5
2009-01-08,Contraction,1.0,0.5
2009-01-09,Contraction,1.0,0.5
2009-01-12,Contraction,1.0,0.5
2009-01-13,Contraction,1.0,0.5
2009-01-14,Contraction,1.0,0.5
2009-01-15,Contraction,1.0,0.5
2009-01-16,Contraction,1.0,0.5
2009-01-19,Contraction,1.0,0.5
2009-01-20,Contraction,1.0,0.5
2009-01-21,Contraction,1.0,0.5
2009-01-22,Contraction,1.0,0.5
2009-01-23,Contraction,1.0,0.5
2009-01-26,Contraction,1.0,0.5
2009-01-27,Contraction,1.0,0.5
2009-01-28,Contraction,1.0,0.5
2009-01-29,Contraction,1.0,0.5
2009-01-30,Contraction,1.0,0.5
2009-02-02,Contraction,1.0,0.5
2009-02-03,Contraction,1.0,0.5
2009-02-04,Contraction,1.0,0.5
2009-02-05,Contraction,1.0,0.5
2009-02-06,Contraction,1.0,0.5
2009-02-09,Contraction,1.0,0.5
2009-02-10,Contraction,1.0,0.5
2009-02-11,Contraction,1.0,0.5
2009-02-12,Contraction,1.0,0.5
2009-02-13,Contraction,1.0,0.5
2009-02-16,Contraction,1.0,0.5
2009-02-17,Contraction,1.0,0.5
2009-02-18,Contraction,1.0,0.5
2009-02-19,Contraction,1.0,0.5
2009-02-20,Contraction,1.0,0.5
2009-02-23,Contraction,1.0,0.5
2009-02-24,Contraction,1.0,0.5
2009-02-25,Contraction,1.0,0.5
2009-02-26,Contraction,1.0,0.5
2009-02-27,Contraction,1.0,0.5
2009-03-02,Contraction,1.0,0.5
2009-03-03,Contraction,1.0,0.5
2009-03-04,Contraction,1.0,0.5
2009-03-05,Contraction,1.0,0.5
2009-03-06,Contraction,1.0,0.5
2009-03-09,Contraction,1.0,0.5
2009-03-10,Contraction,1.0,0.5
2009-03-11,Contraction,1.0,0.5
2009-03-12,Contraction,1.0,0.5
2009-03-13,Contraction,1.0,0.5
2009-03-16,Contraction,1.0,0.5
2009-03-17,Contraction,1.0,0.5
2009-03-18,Contraction,1.0,0.5
2009-03-19,Contraction,1.0,0.5
2009-03-20,Contraction,1.0,0.5
2009-03-23,Contraction,1.0,0.5
2009-03-24,Contraction,1.0,0.5
2009-03-25,Contraction,1.0,0.5
2009-03-26,Contraction,1.0,0.5
2009-03-27,Contraction,1.0,0.5
2009-03-30,Contraction,1.0,0.5
2009-03-31,Contraction,1.0,0.5
2009-04-01,Contraction,1.0,0.5
2009-04-02,Contraction,1.0,0.5
2009-04-03,Contraction,1.0,0.5
2009-04-06,Contraction,1.0,0.5
2009-04-07,Contraction,1.0,0.5
2009-04-08,Contraction,1.0,0.5
2009-04-09,Contraction,1.0,0.5
2009-04-10,Contraction,1.0,0.5
2009-04-13,Contraction,1.0,0.5
2009-04-14,Contraction,1.0,0.5
2009-04-15,Contraction,1.0,0.5
2009-04-16,Contraction,1.0,0.5
2009-04-17,Contraction,1.0,0.5
2009-04-20,Contraction,1.0,0.5
2009-04-21,Contraction,1.0,0.5
2009-04-22,Contraction,1.0,0.5
2009-04-23,Contraction,1.0,0.5
2009-04-24,Contraction,1.0,0.5
2009-04-27,Contraction,1.0,0.5
2009-04-28,Contraction,1.0,0.5
2009-04-29,Contraction,1.0,0.5
2009-04-30,Contraction,1.0,0.5
2009-05-01,Contraction,1.0,0.5
2009-05-04,Contraction,1.0,0.5
2009-05-05,Contraction,1.0,0.5
2009-05-06,Contraction,1.0,0.5
2009-05-07,Contraction,0.9999999999854481,0.5
2009-05-08,Contraction,0.9999999999818101,0.5
2009-05-11,Contraction,0.9999999999854481,0.5
2009-05-12,Contraction,0.999999999992724,0.5
2009-05-13,Contraction,0.999999999996362,0.5
2009-05-14,Contraction,1.0,0.5
2009-05-15,Contraction,0.999999999996362,0.5
2009-05-18,Contraction,1.0,0.5
2009-05-19,Contraction,1.0,0.5
2009-05-20,Contraction,0.999999999996362,0.5
2009-05-21,Contraction,0.9999999999890861,0.5
2009-05-22,Contraction,0.9999999999672582,0.5
2009-05-25,Contraction,0.9999999999672582,0.5
2009-05-26,Contraction,0.9999999999708962,0.5
2009-05-27,Contraction,0.9999999999672582,0.5
2009-05-28,Contraction,0.9999999999381544,0.5
2009-05-29,Contraction,0.9999999999527063,0.5
2009-06-01,Contraction,0.9999999993706297,0.5
2009-06-02,Contraction,0.9999999990395736,0.5
2009-06-03,Contraction,0.9999999987376214,0.5
2009-06-04,Contraction,0.9999999981700967,0.5
2009-06-05,Contraction,0.9999999836800272,0.5
2009-06-08,Contraction,0.9999999757856134,0.5
2009-06-09,Contraction,0.9999999742467484,0.5
2009-06-10,Contraction,0.9999999547362687,0.5
2009-06-11,Contraction,0.9999999471328934,0.5
2009-06-12,Contraction,0.9999999408464664,0.5
2009-06-15,Contraction,0.9999999190004052,0.5
2009-06-16,Contraction,0.9999999574865805,0.5
2009-06-17,Contraction,0.9999999738101909,0.5
2009-06-18,Contraction,0.9999999801548258,0.5
2009-06-19,Contraction,0.9999999906467565,0.5
2009-06-22,Contraction,0.9999999938845576,0.5
2009-06-23,Contraction,0.9999999922038114,0.5
2009-06-24,Contraction,0.9999999938954716,0.5
2009-06-25,Contraction,0.9999999991014192,0.5
2009-06-26,Contraction,0.9999999993597157,0.5
2009-06-29,Contraction,0.9999999995307007,0.5
2009-06-30,Contraction,0.9999999842948456,0.5
2009-07-01,Contraction,0.9999999846513675,0.5
2009-07-02,Contraction,0.9999999657811719,0.5
2009-07-03,Contraction,0.999999965417374,0.5
2009-07-06,Contraction,0.9999999694882722,0.5
2009-07-07,Contraction,0.999999965250027,0.5
2009-07-08,Contraction,0.999999978750566,0.5
2009-07-09,Contraction,0.9999999770152501,0.5
2009-07-10,Contraction,0.9999999852843757,0.5
2009-07-13,Contraction,0.9999999977007974,0.5
2009-07-14,Contraction,0.999999998450221,0.5
2009-07-15,Contraction,0.9999999892970663,0.5
2009-07-16,Contraction,0.9999999942665454,0.5
2009-07-17,Contraction,0.9999999954452505,0.5
2009-07-20,Contraction,0.9999999937754183,0.5
2009-07-21,Contraction,0.9999999935171218,0.5
2009-07-22,Contraction,0.999999993480742,0.5
2009-07-23,Contraction,0.9999999675237637,0.5
2009-07-24,Contraction,0.9999999642932387,0.5
2009-07-27,Contraction,0.9999998054409123,0.5
2009-07-28,Contraction,0.9999994905557675,0.5
2009-07-29,Contraction,0.9999988584065399,0.5
2009-07-30,Contraction,0.999998739692158,0.5
2009-07-31,Contraction,0.9999981294221685,0.5
2009-08-03,Contraction,0.9999977689465017,0.5
2009-08-04,Contraction,0.9999974438720456,0.5
2009-08-05,Contraction,0.9999951060209853,0.5
2009-08-06,Contraction,0.9999894766632503,0.5
2009-08-07,Contraction,0.9999885362851707,0.5
2009-08-10,Contraction,0.9999904318959395,0.5
2009-08-11,Contraction,0.999991987496555,0.5
2009-08-12,Contraction,0.9999977014839755,0.5
2009-08-13,Contraction,0.9999998479143075,0.5
2009-08-14,Contraction,0.9999997518316684,0.5
2009-08-17,Contraction,0.9999996765764604,0.5
2009-08-18,Contraction,0.9999996918268628,0.5
2009-08-19,Contraction,0.9999997001832975,0.5
2009-08-20,Contraction,0.9999998514322325,0.5
2009-08-21,Contraction,0.9999999377214427,0.5
2009-08-24,Contraction,0.9999999844549167,0.5
2009-08-25,Contraction,0.9999999516549009,0.5
2009-08-26,Contraction,0.9999999573556133,0.5
2009-08-27,Contraction,0.9999999150641123,0.5
2009-08-28,Contraction,0.9999999458705148,0.5
2009-08-31,Contraction,0.9999996931183448,0.5
2009-09-01,Contraction,0.9999994860846938,0.5
2009-09-02,Contraction,0.9999993364583516,0.5
2009-09-03,Contraction,0.9999989976609435,0.5
2009-09-04,Contraction,0.9999986894153556,0.5
2009-09-07,Contraction,0.9999986835218376,0.5
2009-09-08,Contraction,0.9999980650700838,0.5
2009-09-09,Contraction,0.9999776022994347,0.5
2009-09-10,Contraction,0.9995079133465512,0.5
2009-09-11,Contraction,0.9880304113528472,0.5
2009-09-14,Contraction,0.920982869392688,0.5
2009-09-15,Contraction,0.7632197305741368,0.5
2009-09-16,Transition,0.46753894525964557,1.0
2009-09-17,Transition,0.6785018341786155,1.0
2009-09-18,Transition,0.861621215566806,1.0
2009-09-21,Transition,0.9367972453282009,1.0
2009-09-22,Transition,0.970932100430941,1.0
2009-09-23,Transition,0.9890795028608913,1.0
2009-09-24,Transition,0.9955238853040305,1.0
2009-09-25,Transition,0.9977123865716078,1.0
2009-09-28,Transition,0.9986630809109266,1.0
2009-09-29,Transition,0.9990337507984142,1.0
2009-09-30,Transition,0.9991314968318257,1.0
2009-10-01,Transition,0.999099586740139,1.0
2009-10-02,Transition,0.999198479279101,1.0
2009-10-05,Transition,0.9995169996959319,1.0
2009-10-06,Transition,0.9997640491158305,1.0
2009-10-07,Transition,0.9998841288994784,1.0
2009-10-08,Transition,0.9999418924019833,1.0
2009-10-09,Transition,0.9999700187710652,1.0
2009-10-12,Transition,0.9999786546054443,1.0
2009-10-13,Transition,0.9999801207170628,1.0
2009-10-14,Transition,0.9999845561243322,1.0
2009-10-15,Transition,0.9999845410924362,1.0
2009-10-16,Transition,0.9999832806476467,1.0
2009-10-19,Transition,0.9999809361286688,1.0
2009-10-20,Transition,0.9999798409184382,1.0
2009-10-21,Transition,0.9999826469552762,1.0
2009-10-22,Transition,0.9999802697912058,1.0
2009-10-23,Transition,0.9999778856844006,1.0
2009-10-26,Transition,0.9999472123490417,1.0
2009-10-27,Transition,0.999763711980284,1.0
2009-10-28,Transition,0.9990777226335554,1.0
2009-10-29,Transition,0.9983577230534576,1.0
2009-10-30,Transition,0.9955111337858396,1.0
2009-11-02,Transition,0.9954554515427722,1.0
2009-11-03,Transition,0.996347084348153,1.0
2009-11-04,Transition,0.9981016382012708,1.0
2009-11-05,Transition,0.9994075666727653,1.0
2009-11-06,Transition,0.9998205675202043,1.0
2009-11-09,Transition,0.9999442000733333,1.0
2009-11-10,Transition,0.9999775114975216,1.0
2009-11-11,Transition,0.999985453352867,1.0
2009-11-12,Transition,0.9999885127804594,1.0
2009-11-13,Transition,0.9999909458175064,1.0
2009-11-16,Transition,0.9999934350086679,1.0
2009-11-17,Transition,0.9999933786640236,1.0
2009-11-18,Transition,0.9999923073196744,1.0
2009-11-19,Transition,0.9999918243599918,1.0
2009-11-20,Transition,0.9999903999838953,1.0
2009-11-23,Transition,0.9999848360952586,1.0
2009-11-24,Transition,0.9999763137934113,1.0
2009-11-25,Transition,0.9999750466325371,1.0
2009-11-26,Transition,0.9999773264668218,1.0
2009-11-27,Transition,0.999984290981653,1.0
2009-11-30,Transition,0.9999881751835992,1.0
2009-12-01,Transition,0.9999878451319292,1.0
2009-12-02,Transition,0.9999878347965571,1.0
2009-12-03,Transition,0.9999905696175949,1.0
2009-12-04,Transition,0.9999949710344515,1.0
2009-12-07,Transition,0.9999960030297942,1.0
2009-12-08,Transition,0.999996249763837,1.0
2009-12-09,Transition,0.9999966917148567,1.0
2009-12-10,Transition,0.9999965430493556,1.0
2009-12-11,Transition,0.9999972160333171,1.0
2009-12-14,Transition,0.9999976712524415,1.0
2009-12-15,Transition,0.99999796035471,1.0
2009-12-16,Transition,0.9999979333791525,1.0
2009-12-17,Transition,0.9999982321039336,1.0
2009-12-18,Transition,0.9999983472057482,1.0
2009-12-21,Transition,0.9999985334990764,1.0
2009-12-22,Transition,0.9999983073081014,1.0
2009-12-23,Transition,0.9999986378470749,1.0
2009-12-24,Transition,0.9999987281525039,1.0
2009-12-25,Transition,0.9999987366508116,1.0
2009-12-28,Transition,0.9999988062088809,1.0
2009-12-29,Transition,0.99999870788535,1.0
2009-12-30,Transition,0.9999983553511693,1.0
2009-12-31,Transition,0.9999988663809805,1.0
2010-01-01,Transition,0.9999988976966669,1.0
2010-01-04,Transition,0.9999990119763758,1.0
2010-01-05,Transition,0.9999988924179656,1.0
2010-01-06,Transition,0.9999991898188099,1.0
2010-01-07,Transition,0.9999993531457494,1.0
2010-01-08,Transition,0.9999991796070117,1.0
2010-01-11,Transition,0.9999990099281958,1.0
2010-01-12,Transition,0.9999990915680007,1.0
2010-01-13,Transition,0.9999990192777921,1.0
2010-01-14,Transition,0.9999988710812437,1.0
2010-01-15,Transition,0.9999988920468921,1.0
2010-01-18,Transition,0.9999988763490311,1.0
2010-01-19,Transition,0.9999985928780811,1.0
2010-01-20,Transition,0.9999989288668355,1.0
2010-01-21,Transition,0.9999984044456137,1.0
2010-01-22,Transition,0.9999828463385406,1.0
2010-01-25,Transition,0.9999939420669537,1.0
2010-01-26,Transition,0.9999975864440808,1.0
2010-01-27,Transition,0.9999987687195548,1.0
2010-01-28,Transition,0.9999980136437162,1.0
2010-01-29,Transition,0.9999963317090057,1.0
2010-02-01,Transition,0.9999976957578101,1.0
2010-02-02,Transition,0.9999960016691956,1.0
2010-02-03,Transition,0.9999785630758554,1.0
2010-02-04,Transition,0.999936848908466,1.0
2010-02-05,Transition,0.9999362195853514,1.0
2010-02-08,Transition,0.9999480681423826,1.0
2010-02-09,Transition,0.9999766036934797,1.0
2010-02-10,Transition,0.9999909976327708,1.0
2010-02-11,Transition,0.9999975362873892,1.0
2010-02-12,Transition,0.9999981042401267,1.0
2010-02-15,Transition,0.9999982062852439,1.0
2010-02-16,Transition,0.9999984342406131,1.0
2010-02-17,Transition,0.9999988278148115,1.0
2010-02-18,Transition,0.9999989587018682,1.0
2010-02-19,Transition,0.9999987992530738,1.0
2010-02-22,Transition,0.9999990314249915,1.0
2010-02-23,Transition,0.9999990423352794,1.0
2010-02-24,Transition,0.9999988924870871,1.0
2010-02-25,Transition,0.9999986168705179,1.0
2010-02-26,Transition,0.9999982256174288,1.0
2010-03-01,Transition,0.999997790046732,1.0
2010-03-02,Transition,0.9999979413790514,1.0
2010-03-03,Transition,0.9999978354995398,1.0
2010-03-04,Transition,0.9999977762806507,1.0
2010-03-05,Transition,0.9999966236521387,1.0
2010-03-08,Transition,0.999997767680488,1.0
2010-03-09,Transition,0.9999982045535691,1.0
2010-03-10,Transition,0.9999987987255675,1.0
2010-03-11,Transition,0.9999982834138973,1.0
2010-03-12,Transition,0.9999976809658224,1.0
2010-03-15,Transition,0.999998535328977,1.0
2010-03-16,Transition,0.9999980524608738,1.0
2010-03-17,Transition,0.9999965171142947,1.0
2010-03-18,Transition,0.9999969869613696,1.0
2010-03-19,Transition,0.999997018997315,1.0
2010-03-22,Transition,0.9999954325607803,1.0
2010-03-23,Transition,0.9999952184667282,1.0
2010-03-24,Transition,0.9999985075639638,1.0
2010-03-25,Transition,0.9999991805346955,1.0
2010-03-26,Transition,0.9999990271467325,1.0
2010-03-29,Transition,0.9999979626975636,1.0
2010-03-30,Transition,0.9999960970966406,1.0
2010-03-31,Transition,0.9999971412657876,1.0
2010-04-01,Transition,0.9999976208992954,1.0
2010-04-02,Transition,0.9999977358482449,1.0
2010-04-05,Transition,0.9999974381095018,1.0
2010-04-06,Transition,0.9999969833015739,1.0
2010-04-07,Transition,0.999998070716216,1.0
2010-04-08,Transition,0.9999981345153294,1.0
2010-04-09,Transition,0.999998008950733,1.0
2010-04-12,Transition,0.9999973343873592,1.0
2010-04-13,Transition,0.9999973103658495,1.0
2010-04-14,Transition,0.9999974717061506,1.0
2010-04-15,Transition,0.9999983451502935,1.0
2010-04-16,Transition,0.999999319920111,1.0
2010-04-19,Transition,0.9999991486041823,1.0
2010-04-20,Transition,0.9999980858028852,1.0
2010-04-21,Transition,0.9999984648286915,1.0
2010-04-22,Transition,0.9999988593887931,1.0
2010-04-23,Transition,0.9999990843538953,1.0
2010-04-26,Transition,0.9999991840453422,1.0
2010-04-27,Transition,0.9999966011767818,1.0
2010-04-28,Transition,0.9999908581866702,1.0
2010-04-29,Transition,0.999871805644348,1.0
2010-04-30,Transition,0.9968828993874534,1.0
2010-05-03,Transition,0.9684451808757181,1.0
2010-05-04,Transition,0.609366542635628,1.0
2010-05-05,Contraction,0.8020955702400129,0.5
2010-05-06,Contraction,0.9999993010608419,0.5
2010-05-07,Contraction,1.0,0.5
2010-05-10,Contraction,0.9999997449340624,0.5
2010-05-11,Contraction,0.9999996374500117,0.5
2010-05-12,Contraction,0.9999976088175967,0.5
2010-05-13,Contraction,0.999998405482436,0.5
2010-05-14,Contraction,0.9999999989267963,0.5
2010-05-17,Contraction,0.9999999999308784,0.5
2010-05-18,Contraction,0.999999999992724,0.5
2010-05-19,Contraction,1.0,0.5
2010-05-20,Contraction,1.0,0.5
2010-05-21,Contraction,1.0,0.5
2010-05-24,Contraction,1.0,0.5
2010-05-25,Contraction,0.9999999998144631,0.5
2010-05-26,Contraction,0.9999999999672582,0.5
2010-05-27,Contraction,0.9999995517938355,0.5
2010-05-28,Contraction,0.9999999939755071,0.5
2010-05-31,Contraction,0.9999999917308742,0.5
2010-06-01,Contraction,0.999999999996362,0.5
2010-06-02,Contraction,0.9999999109750246,0.5
2010-06-03,Contraction,0.9999999391766342,0.5
2010-06-04,Contraction,1.0,0.5
2010-06-07,Contraction,1.0,0.5
2010-06-08,Contraction,0.999999999992724,0.5
2010-06-09,Contraction,0.9999999999599822,0.5
2010-06-10,Contraction,0.9999999925057637,0.5
2010-06-11,Contraction,0.9999997818886424,0.5
2010-06-14,Contraction,0.9999990623441439,0.5
2010-06-15,Contraction,0.9999930983632898,0.5
2010-06-16,Contraction,0.9999932028234977,0.5
2010-06-17,Contraction,0.9999976427271166,0.5
2010-06-18,Contraction,0.9999983962601745,0.5
2010-06-21,Contraction,0.9999977253999935,0.5
2010-06-22,Contraction,0.999998927931876,0.5
2010-06-23,Contraction,0.9999992127707998,0.5
2010-06-24,Contraction,0.9999999484680315,0.5
2010-06-25,Contraction,0.9999994240681029,0.5
2010-06-28,Contraction,0.9999995045874447,0.5
2010-06-29,Contraction,0.9999999999781721,0.5
2010-06-30,Contraction,0.9999999999854481,0.5
2010-07-01,Contraction,0.9999999990723154,0.5
2010-07-02,Contraction,0.9999996820552547,0.5
2010-07-05,Contraction,0.9999627418030061,0.5
2010-07-06,Contraction,0.993719255430337,0.5
2010-07-07,Contraction,0.793780741447728,0.5
2010-07-08,Transition,0.47292916487405917,1.0
2010-07-09,Transition,0.6549389529494293,1.0
2010-07-12,Transition,0.747485091881374,1.0
2010-07-13,Transition,0.785515148959899,1.0
2010-07-14,Transition,0.8182308869054451,1.0
2010-07-15,Transition,0.8476449305647531,1.0
2010-07-16,Transition,0.8699484017604999,1.0
2010-07-19,Transition,0.9148335990891394,1.0
2010-07-20,Transition,0.9779714637442078,1.0
2010-07-21,Transition,0.9925015379281341,1.0
2010-07-22,Transition,0.9986515922495378,1.0
2010-07-23,Transition,0.9998592330144884,1.0
2010-07-26,Transition,0.9999875072187941,1.0
2010-07-27,Transition,0.9999967780256221,1.0
2010-07-28,Transition,0.9999959963177502,1.0
2010-07-29,Transition,0.9999962234176937,1.0
2010-07-30,Transition,0.9999972111511632,1.0
2010-08-02,Transition,0.9999978386318328,1.0
2010-08-03,Transition,0.9999978861619243,1.0
2010-08-04,Transition,0.9999980662233209,1.0
2010-08-05,Transition,0.9999984846629216,1.0
2010-08-06,Transition,0.9999985846307948,1.0
2010-08-09,Transition,0.9999982540299933,1.0
2010-08-10,Transition,0.9999973567463176,1.0
2010-08-11,Transition,0.9999881257076736,1.0
2010-08-12,Transition,0.9999806484028136,1.0
2010-08-13,Transition,0.9999731663882401,1.0
2010-08-16,Transition,0.9999761450097588,1.0
2010-08-17,Transition,0.9999880653324961,1.0
2010-08-18,Transition,0.9999826247821804,1.0
2010-08-19,Transition,0.9999514037975499,1.0
2010-08-20,Transition,0.9999415300986034,1.0
2010-08-23,Transition,0.9998873960532674,1.0
2010-08-24,Transition,0.9997477422666871,1.0
2010-08-25,Transition,0.9997255197248391,1.0
2010-08-26,Transition,0.9996836432510865,1.0
2010-08-27,Transition,0.9997846832948601,1.0
2010-08-30,Transition,0.9997176870530133,1.0
2010-08-31,Transition,0.9998515672501284,1.0
2010-09-01,Transition,0.9999542882003766,1.0
2010-09-02,Transition,0.9999883216396288,1.0
2010-09-03,Transition,0.9999967653873245,1.0
2010-09-06,Transition,0.9999974524649295,1.0
2010-09-07,Transition,0.9999957337113358,1.0
2010-09-08,Transition,0.9999962405597852,1.0
2010-09-09,Transition,0.9999979355510213,1.0
2010-09-10,Transition,0.9999987688577978,1.0
2010-09-13,Transition,0.9999986515222187,1.0
2010-09-14,Transition,0.9999989662652183,1.0
2010-09-15,Transition,0.9999988188399284,1.0
2010-09-16,Transition,0.9999989400536085,1.0
2010-09-17,Transition,0.9999987790877817,1.0
2010-09-20,Transition,0.9999990017136478,1.0
2010-09-21,Transition,0.9999985693949612,1.0
2010-09-22,Transition,0.9999977953108756,1.0
2010-09-23,Transition,0.9999953674812768,1.0
2010-09-24,Transition,0.9999980119520595,1.0
2010-09-27,Transition,0.999997541256856,1.0
2010-09-28,Transition,0.9999970014513956,1.0
2010-09-29,Transition,0.9999949120412855,1.0
2010-09-30,Transition,0.9999941577868995,1.0
2010-10-01,Transition,0.9999964686238453,1.0
2010-10-04,Transition,0.9999953562399744,1.0
2010-10-05,Transition,0.9999980631965284,1.0
2010-10-06,Transition,0.9999982492533355,1.0
2010-10-07,Transition,0.9999986522570894,1.0
2010-10-08,Transition,0.9999984844264534,1.0
2010-10-11,Transition,0.9999988023016964,1.0
2010-10-12,Transition,0.9999986986703616,1.0
2010-10-13,Transition,0.9999990996224785,1.0
2010-10-14,Transition,0.9999992617852509,1.0
2010-10-15,Transition,0.9999992096676064,1.0
2010-10-18,Transition,0.9999989494723256,1.0
2010-10-19,Transition,0.999998655665871,1.0
2010-10-20,Transition,0.9999987433155804,1.0
2010-10-21,Transition,0.9999985922487117,1.0
2010-10-22,Transition,0.9999985492733294,1.0
2010-10-25,Transition,0.999998296859844,1.0
2010-10-26,Transition,0.9999984739090727,1.0
2010-10-27,Transition,0.999998867155869,1.0
2010-10-28,Transition,0.999998957999739,1.0
2010-10-29,Transition,0.9999990296351077,1.0
2010-11-01,Transition,0.9999986355151337,1.0
2010-11-02,Transition,0.9999985491605523,1.0
2010-11-03,Transition,0.9999991206718051,1.0
2010-11-04,Transition,0.9999990292312924,1.0
2010-11-05,Transition,0.9999991450935357,1.0
2010-11-08,Transition,0.9999991976586479,1.0
2010-11-09,Transition,0.9999990481887817,1.0
2010-11-10,Transition,0.9999991034132489,1.0
2010-11-11,Transition,0.9999988448951022,1.0
2010-11-12,Transition,0.9999987370109711,1.0
2010-11-15,Transition,0.999998974476128,1.0
2010-11-16,Transition,0.9999980493758738,1.0
2010-11-17,Transition,0.9999987276795672,1.0
2010-11-18,Transition,0.9999992336200402,1.0
2010-11-19,Transition,0.9999991683838564,1.0
2010-11-22,Transition,0.9999993621351893,1.0
2010-11-23,Transition,0.9999993061394568,1.0
2010-11-24,Transition,0.9999993671628729,1.0
2010-11-25,Transition,0.9999993431558661,1.0
2010-11-26,Transition,0.9999985740624814,1.0
2010-11-29,Transition,0.9999988647620817,1.0
2010-11-30,Transition,0.9999973829287822,1.0
2010-12-01,Transition,0.9999987209529531,1.0
2010-12-02,Transition,0.9999990662222257,1.0
2010-12-03,Transition,0.9999990633773289,1.0
2010-12-06,Transition,0.9999990705077607,1.0
2010-12-07,Transition,0.9999992506203023,1.0
2010-12-08,Transition,0.9999990104156844,1.0
2010-12-09,Transition,0.9999989871690231,1.0
2010-12-10,Transition,0.9999991310218458,1.0
2010-12-13,Transition,0.9999988763308412,1.0
2010-12-14,Transition,0.9999993756138923,1.0
2010-12-15,Transition,0.9999994618921475,1.0
2010-12-16,Transition,0.9999992497726539,1.0
2010-12-17,Transition,0.9999981112104809,1.0
2010-12-20,Transition,0.9999981338313906,1.0
2010-12-21,Transition,0.9999972220614313,1.0
2010-12-22,Transition,0.9999956965131619,1.0
2010-12-23,Transition,0.9999978780237829,1.0
2010-12-24,Transition,0.9999980550365578,1.0
2010-12-27,Transition,0.999997887704424,1.0
2010-12-28,Transition,0.9999988921451174,1.0
2010-12-29,Transition,0.999998746757104,1.0
2010-12-30,Transition,0.9999983910942529,1.0
2010-12-31,Transition,0.9999974480520725,1.0
2011-01-03,Transition,0.999998003693864,1.0
2011-01-04,Transition,0.9999969476458519,1.0
2011-01-05,Transition,0.9999970848881928,1.0
2011-01-06,Transition,0.9999981838535071,1.0
2011-01-07,Transition,0.9999982668502083,1.0
2011-01-10,Transition,0.9999985458099787,1.0
2011-01-11,Transition,0.9999980363191934,1.0
2011-01-12,Transition,0.9999966177331672,1.0
2011-01-13,Transition,0.9999954312074584,1.0
2011-01-14,Transition,0.9999839255124721,1.0
2011-01-17,Transition,0.9999823706701704,1.0
2011-01-18,Transition,0.9999901200987218,1.0
2011-01-19,Transition,0.9999968479691798,1.0
2011-01-20,Transition,0.9999985994300717,1.0
2011-01-21,Transition,0.9999978444998799,1.0
2011-01-24,Transition,0.9999965724368473,1.0
2011-01-25,Transition,0.9999974827910441,1.0
2011-01-26,Transition,0.9999970852301618,1.0
2011-01-27,Transition,0.9999889068455126,1.0
2011-01-28,Transition,0.9999841985129645,1.0
2011-01-31,Transition,0.9999508679931103,1.0
2011-02-01,Transition,0.999905934474302,1.0
2011-02-02,Transition,0.9998882519918441,1.0
2011-02-03,Transition,0.9999297135145985,1.0
2011-02-04,Transition,0.9999469322831533,1.0
2011-02-07,Transition,0.9999643637003617,1.0
2011-02-08,Transition,0.9999815756879068,1.0
2011-02-09,Transition,0.9999853758759625,1.0
2011-02-10,Transition,0.9999784479181116,1.0
2011-02-11,Transition,0.9999519098777809,1.0
2011-02-14,Transition,0.9999208049122668,1.0
2011-02-15,Transition,0.9999718975797584,1.0
2011-02-16,Transition,0.9999924925859751,1.0
2011-02-17,Transition,0.9999966810774419,1.0
2011-02-18,Transition,0.9999978289220883,1.0
2011-02-21,Transition,0.99999768862375,1.0
2011-02-22,Transition,0.9999949849496504,1.0
2011-02-23,Transition,0.9999906654483335,1.0
2011-02-24,Transition,0.9999947130594289,1.0
2011-02-25,Transition,0.9999970181860481,1.0
2011-02-28,Transition,0.9999973315133636,1.0
2011-03-01,Transition,0.9999955640622082,1.0
2011-03-02,Transition,0.9999968578062435,1.0
2011-03-03,Transition,0.9999984137551867,1.0
2011-03-04,Transition,0.9999987063064691,1.0
2011-03-07,Transition,0.9999977175456152,1.0
2011-03-08,Transition,0.9999946422538242,1.0
2011-03-09,Transition,0.9999345992214804,1.0
2011-03-10,Transition,0.9992350009326747,1.0
2011-03-11,Transition,0.9959929331749539,1.0
2011-03-14,Transition,0.9413596050928436,1.0
2011-03-15,Contraction,0.5789513296814478,0.5
2011-03-16,Contraction,0.9580635444232555,0.5
2011-03-17,Contraction,0.9510682551971217,0.5
2011-03-18,Contraction,0.7069761707268268,0.5
2011-03-21,Transition,0.9352393288258326,1.0
2011-03-22,Transition,0.9946205410687905,1.0
2011-03-23,Transition,0.9996016368256242,1.0
2011-03-24,Transition,0.9999766963069816,1.0
2011-03-25,Transition,0.9999971296788583,1.0
2011-03-28,Transition,0.9999982510723217,1.0
2011-03-29,Transition,0.9999989382382589,1.0
2011-03-30,Transition,0.9999992655032626,1.0
2011-03-31,Transition,0.9999992955529459,1.0
2011-04-01,Transition,0.9999993268031623,1.0
2011-04-04,Transition,0.999999355685057,1.0
2011-04-05,Transition,0.9999993645435298,1.0
2011-04-06,Transition,0.9999993501553328,1.0
2011-04-07,Transition,0.9999993553976568,1.0
2011-04-08,Transition,0.9999991984517266,1.0
2011-04-11,Transition,0.9999993049789423,1.0
2011-04-12,Transition,0.9999993632047544,1.0
2011-04-13,Transition,0.9999994072897544,1.0
2011-04-14,Transition,0.9999993661660672,1.0
2011-04-15,Transition,0.9999992303895174,1.0
2011-04-18,Transition,0.9999991613916669,1.0
2011-04-19,Transition,0.9999992095148114,1.0
2011-04-20,Transition,0.9999992240776291,1.0
2011-04-21,Transition,0.9999991654807516,1.0
2011-04-22,Transition,0.9999991676344333,1.0
2011-04-25,Transition,0.9999992610976735,1.0
2011-04-26,Transition,0.9999993033163872,1.0
2011-04-27,Transition,0.999998804786433,1.0
2011-04-28,Transition,0.9999983812353462,1.0
2011-04-29,Transition,0.9999966217422063,1.0
2011-05-02,Transition,0.999997556117963,1.0
2011-05-03,Transition,0.9999988416318389,1.0
2011-05-04,Transition,0.9999985918303447,1.0
2011-05-05,Transition,0.9999980064914642,1.0
2011-05-06,Transition,0.9999969102148029,1.0
2011-05-09,Transition,0.9999979809965598,1.0
2011-05-10,Transition,0.9999973012199954,1.0
2011-05-11,Transition,0.9999949682987052,1.0
2011-05-12,Transition,0.9999961804242234,1.0
2011-05-13,Transition,0.9999978102120042,1.0
2011-05-16,Transition,0.99999762449361,1.0
2011-05-17,Transition,0.9999987351592422,1.0
2011-05-18,Transition,0.9999991128938133,1.0
2011-05-19,Transition,0.9999988284769229,1.0
2011-05-20,Transition,0.9999989079266521,1.0
2011-05-23,Transition,0.9999973452794387,1.0
2011-05-24,Transition,0.9999979311818178,1.0
2011-05-25,Transition,0.9999988277129482,1.0
2011-05-26,Transition,0.999999014155523,1.0
2011-05-27,Transition,0.9999991388216656,1.0
2011-05-30,Transition,0.9999991396001924,1.0
2011-05-31,Transition,0.9999989852154305,1.0
2011-06-01,Transition,0.999998986605137,1.0
2011-06-02,Transition,0.9999988080715239,1.0
2011-06-03,Transition,0.999999090181932,1.0
2011-06-06,Transition,0.9999989777684954,1.0
2011-06-07,Transition,0.9999990064029978,1.0
2011-06-08,Transition,0.99999896426797,1.0
2011-06-09,Transition,0.9999990482651792,1.0
2011-06-10,Transition,0.9999988826609173,1.0
2011-06-13,Transition,0.9999987291420329,1.0
2011-06-14,Transition,0.9999991121152865,1.0
2011-06-15,Transition,0.9999978206748084,1.0
2011-06-16,Transition,0.999995770116435,1.0
2011-06-17,Transition,0.9999971509136799,1.0
2011-06-20,Transition,0.9999986180528594,1.0
2011-06-21,Transition,0.9999989558533338,1.0
2011-06-22,Transition,0.9999987981143879,1.0
2011-06-23,Transition,0.9999990763357973,1.0
2011-06-24,Transition,0.9999989919966161,1.0
2011-06-27,Transition,0.999999117412179,1.0
2011-06-28,Transition,0.9999993300518751,1.0
2011-06-29,Transition,0.9999992790765516,1.0
2011-06-30,Transition,0.9999991718144675,1.0
2011-07-01,Transition,0.9999989681460514,1.0
2011-07-04,Transition,0.9999989621943243,1.0
2011-07-05,Transition,0.9999990572182366,1.0
2011-07-06,Transition,0.9999991510125221,1.0
2011-07-07,Transition,0.9999990785440485,1.0
2011-07-08,Transition,0.999999042986477,1.0
2011-07-11,Transition,0.9999993792373169,1.0
2011-07-12,Transition,0.9999992803061876,1.0
2011-07-13,Transition,0.9999992603555263,1.0
2011-07-14,Transition,0.9999988535607577,1.0
2011-07-15,Transition,0.9999992898958928,1.0
2011-07-18,Transition,0.9999988484603173,1.0
2011-07-19,Transition,0.9999993682579037,1.0
2011-07-20,Transition,0.9999993806815936,1.0
2011-07-21,Transition,0.9999992927407902,1.0
2011-07-22,Transition,0.9999970126054053,1.0
2011-07-25,Transition,0.9999258182119062,1.0
2011-07-26,Transition,0.9983638508481661,1.0
2011-07-27,Transition,0.9683806210930166,1.0
2011-07-28,Transition,0.8911326594856507,1.0
2011-07-29,Transition,0.7778401890331373,1.0
2011-08-01,Transition,0.7393914631620974,1.0
2011-08-02,Transition,0.6375773357315433,1.0
2011-08-03,Transition,0.523172210576967,1.0
2011-08-04,Contraction,0.9999868763904349,0.5
2011-08-05,Contraction,0.9999999996944098,0.5
2011-08-08,Contraction,1.0,0.5
2011-08-09,Contraction,0.999999999996362,0.5
2011-08-10,Contraction,1.0,0.5
2011-08-11,Contraction,1.0,0.5
2011-08-12,Contraction,1.0,0.5
2011-08-15,Contraction,0.9999999955616659,0.5
2011-08-16,Contraction,0.9999999995816324,0.5
2011-08-17,Contraction,0.999999992614903,0.5
2011-08-18,Contraction,1.0,0.5
2011-08-19,Contraction,1.0,0.5
2011-08-22,Contraction,1.0,0.5
2011-08-23,Contraction,1.0,0.5
2011-08-24,Contraction,0.999999999996362,0.5
2011-08-25,Contraction,1.0,0.5
2011-08-26,Contraction,0.9999999999890861,0.5
2011-08-29,Contraction,0.9999999919018592,0.5
2011-08-30,Contraction,0.9999999974061211,0.5
2011-08-31,Contraction,0.9999999748833946,0.5
2011-09-01,Contraction,0.999999983880116,0.5
2011-09-02,Contraction,0.9999999997744453,0.5
2011-09-05,Contraction,0.9999999997598934,0.5
2011-09-06,Contraction,1.0,0.5
2011-09-07,Contraction,0.9999999980027496,0.5
2011-09-08,Contraction,0.9999999997889972,0.5
2011-09-09,Contraction,1.0,0.5
2011-09-12,Contraction,1.0,0.5
2011-09-13,Contraction,1.0,0.5
2011-09-14,Contraction,0.9999999999236024,0.5
2011-09-15,Contraction,0.9999999687170207,0.5
2011-09-16,Contraction,0.9999999108149535,0.5
2011-09-19,Contraction,0.9999999932915671,0.5
2011-09-20,Contraction,0.9999999972969817,0.5
2011-09-21,Contraction,1.0,0.5
2011-09-22,Contraction,1.0,0.5
2011-09-23,Contraction,1.0,0.5
2011-09-26,Contraction,1.0,0.5
2011-09-27,Contraction,1.0,0.5
2011-09-28,Contraction,1.0,0.5
2011-09-29,Contraction,1.0,0.5
2011-09-30,Contraction,1.0,0.5
2011-10-03,Contraction,1.0,0.5
2011-10-04,Contraction,1.0,0.5
2011-10-05,Contraction,0.999999999992724,0.5
2011-10-06,Contraction,0.9999999998472049,0.5
2011-10-07,Contraction,0.9999999999126885,0.5
2011-10-10,Contraction,0.9999999523206509,0.5
2011-10-11,Contraction,0.9999999862811819,0.5
2011-10-12,Contraction,0.9999999363353729,0.5
2011-10-13,Contraction,0.9999998688217687,0.5
2011-10-14,Contraction,0.9999982756104462,0.5
2011-10-17,Contraction,0.9999999988103809,0.5
2011-10-18,Contraction,0.9999999637366279,0.5
2011-10-19,Contraction,0.9999999999745341,0.5
2011-10-20,Contraction,1.0,0.5
2011-10-21,Contraction,0.9999999970568751,0.5
2011-10-24,Contraction,0.9999996736078707,0.5
2011-10-25,Contraction,0.9999999991814548,0.5
2011-10-26,Contraction,0.9999999610517997,0.5
2011-10-27,Contraction,0.9999943832311545,0.5
2011-10-28,Contraction,0.9999835595195644,0.5
2011-10-31,Contraction,0.9999998600214992,0.5
2011-11-01,Contraction,0.9999999999781721,0.5
2011-11-02,Contraction,0.999999998115527,0.5
2011-11-03,Contraction,0.9999999646061049,0.5
2011-11-04,Contraction,0.9999999287065319,0.5
2011-11-07,Contraction,0.9999999111641995,0.5
2011-11-08,Contraction,0.9999989546164223,0.5
2011-11-09,Contraction,1.0,0.5
2011-11-10,Contraction,0.9999999997708073,0.5
2011-11-11,Contraction,0.9999999374922501,0.5
2011-11-14,Contraction,0.9999999864157871,0.5
2011-11-15,Contraction,0.9999999845204003,0.5
2011-11-16,Contraction,0.9999999996944098,0.5
2011-11-17,Contraction,0.9999999999163265,0.5
2011-11-18,Contraction,0.9999999851897883,0.5
2011-11-21,Contraction,0.9999999939464033,0.5
2011-11-22,Contraction,0.9999999415558721,0.5
2011-11-23,Contraction,0.9999999977553671,0.5
2011-11-24,Contraction,0.9999999977262632,0.5
2011-11-25,Contraction,0.9999999995125108,0.5
2011-11-28,Contraction,0.9999998719577061,0.5
2011-11-29,Contraction,0.9999715353819189,0.5
2011-11-30,Contraction,0.9990585102016694,0.5
2011-12-01,Contraction,0.9979397984807692,0.5
2011-12-02,Contraction,0.9965660669898646,0.5
2011-12-05,Contraction,0.9953517624949579,0.5
2011-12-06,Contraction,0.9943649794846484,0.5
2011-12-07,Contraction,0.9916947004073295,0.5
2011-12-08,Contraction,0.9802752708040124,0.5
2011-12-09,Transition,0.6907986958235262,1.0
2011-12-12,Transition,0.9635173504687436,1.0
2011-12-13,Transition,0.9976302783107937,1.0
2011-12-14,Transition,0.9998352086176229,1.0
2011-12-15,Transition,0.9999941538979229,1.0
2011-12-16,Transition,0.9999996697879941,1.0
2011-12-19,Transition,0.9999997157029106,1.0
2011-12-20,Transition,0.99999975850372,1.0
2011-12-21,Transition,0.9999998288112839,1.0
2011-12-22,Transition,0.9999998579878694,1.0
2011-12-23,Transition,0.9999998211387879,1.0
2011-12-26,Transition,0.9999998211569778,1.0
2011-12-27,Transition,0.9999998330822703,1.0
2011-12-28,Transition,0.9999998308085339,1.0
2011-12-29,Transition,0.9999998957609987,1.0
2011-12-30,Transition,0.9999998537969184,1.0
2012-01-02,Transition,0.999999853353085,1.0
2012-01-03,Transition,0.999999838644739,1.0
2012-01-04,Transition,0.9999997781669909,1.0
2012-01-05,Transition,0.9999998114363002,1.0
2012-01-06,Transition,0.9999998730090819,1.0
2012-01-09,Transition,0.9999998744315314,1.0
2012-01-10,Transition,0.9999998659477659,1.0
2012-01-11,Transition,0.9999999153369608,1.0
2012-01-12,Transition,0.999999917832614,1.0
2012-01-13,Transition,0.999999937845134,1.0
2012-01-16,Transition,0.9999999399005919,1.0
2012-01-17,Transition,0.9999999079009327,1.0
2012-01-18,Transition,0.9999999296851481,1.0
2012-01-19,Transition,0.9999999169704131,1.0
2012-01-20,Transition,0.9999998924795421,1.0
2012-01-23,Transition,0.9999998824605496,1.0
2012-01-24,Transition,0.9999998822713747,1.0
2012-01-25,Transition,0.9999999016326959,1.0
2012-01-26,Transition,0.9999999348838194,1.0
2012-01-27,Transition,0.9999999462015708,1.0
2012-01-30,Transition,0.9999999605461206,1.0
2012-01-31,Transition,0.9999999694882722,1.0
2012-02-01,Transition,0.9999999660030886,1.0
2012-02-02,Transition,0.9999999633182604,1.0
2012-02-03,Transition,0.999999929204935,1.0
2012-02-06,Transition,0.9999999547326307,1.0
2012-02-07,Transition,0.9999999332321772,1.0
2012-02-08,Transition,0.9999999480096462,1.0
2012-02-09,Transition,0.9999999402789417,1.0
2012-02-10,Transition,0.9999999340216186,1.0
2012-02-13,Transition,0.9999999555693658,1.0
2012-02-14,Transition,0.9999999684805521,1.0
2012-02-15,Transition,0.9999999322026293,1.0
2012-02-16,Transition,0.999999948737242,1.0
2012-02-17,Transition,0.9999999336287169,1.0
2012-02-20,Transition,0.9999999337596841,1.0
2012-02-21,Transition,0.9999999350147867,1.0
2012-02-22,Transition,0.9999999389910973,1.0
2012-02-23,Transition,0.9999999463616419,1.0
2012-02-24,Transition,0.9999999634492276,1.0
2012-02-27,Transition,0.9999999750871215,1.0
2012-02-28,Transition,0.9999999718493204,1.0
2012-02-29,Transition,0.9999999670217227,1.0
2012-03-01,Transition,0.9999999595056587,1.0
2012-03-02,Transition,0.999999963900337,1.0
2012-03-05,Transition,0.9999999665487854,1.0
2012-03-06,Transition,0.9999999385145221,1.0
2012-03-07,Transition,0.9999999618739829,1.0
2012-03-08,Transition,0.9999999590181696,1.0
2012-03-09,Transition,0.9999999597675931,1.0
2012-03-12,Transition,0.999999944473531,1.0
2012-03-13,Transition,0.999999881383708,1.0
2012-03-14,Transition,0.9999998564199007,1.0
2012-03-15,Transition,0.9999998261737497,1.0
2012-03-16,Transition,0.9999996897677673,1.0
2012-03-19,Transition,0.9999996875049453,1.0
2012-03-20,Transition,0.9999997774284813,1.0
2012-03-21,Transition,0.9999998063394929,1.0
2012-03-22,Transition,0.9999998061903358,1.0
2012-03-23,Transition,0.9999997914165069,1.0
2012-03-26,Transition,0.9999996960832966,1.0
2012-03-27,Transition,0.9999998649036661,1.0
2012-03-28,Transition,0.9999998537787285,1.0
2012-03-29,Transition,0.9999998616913313,1.0
2012-03-30,Transition,0.9999998211860817,1.0
2012-04-02,Transition,0.9999998464372883,1.0
2012-04-03,Transition,0.9999998170315106,1.0
2012-04-04,Transition,0.9999998773091723,1.0
2012-04-05,Transition,0.9999999126812364,1.0
2012-04-06,Transition,0.9999999469582704,1.0
2012-04-09,Transition,0.9999999496540125,1.0
2012-04-10,Transition,0.9999999185020021,1.0
2012-04-11,Transition,0.9999999147221424,1.0
2012-04-12,Transition,0.9999999166830128,1.0
2012-04-13,Transition,0.9999999214342128,1.0
2012-04-16,Transition,0.9999999357860382,1.0
2012-04-17,Transition,0.999999936997485,1.0
2012-04-18,Transition,0.9999999492865768,1.0
2012-04-19,Transition,0.9999999569772635,1.0
2012-04-20,Transition,0.9999999632964325,1.0
2012-04-23,Transition,0.9999999602659962,1.0
2012-04-24,Transition,0.9999999548090283,1.0
2012-04-25,Transition,0.9999999488754852,1.0
2012-04-26,Transition,0.9999999527390184,1.0
2012-04-27,Transition,0.9999999601241151,1.0
2012-04-30,Transition,0.999999967825716,1.0
2012-05-01,Transition,0.9999999617466536,1.0
2012-05-02,Transition,0.9999999680076149,1.0
2012-05-03,Transition,0.9999999711581045,1.0
2012-05-04,Transition,0.999999969000783,1.0
2012-05-07,Transition,0.9999999687788663,1.0
2012-05-08,Transition,0.9999999740030038,1.0
2012-05-09,Transition,0.9999999638748711,1.0
2012-05-10,Transition,0.9999999730789572,1.0
2012-05-11,Transition,0.999999970386853,1.0
2012-05-14,Transition,0.9999999399078678,1.0
2012-05-15,Transition,0.9999999456194942,1.0
2012-05-16,Transition,0.9999999368701558,1.0
2012-05-17,Transition,0.9999997630693823,1.0
2012-05-18,Transition,0.9999995988037776,1.0
2012-05-21,Transition,0.9999999692408896,1.0
2012-05-22,Transition,0.9999999479259727,1.0
2012-05-23,Transition,0.9999999649953686,1.0
2012-05-24,Transition,0.9999999731990105,1.0
2012-05-25,Transition,0.9999999744504752,1.0
2012-05-28,Transition,0.9999999744395612,1.0
2012-05-29,Transition,0.9999999796636987,1.0
2012-05-30,Transition,0.9999999138199237,1.0
2012-05-31,Transition,0.9999999490319182,1.0
2012-06-01,Transition,0.9999997170780661,1.0
2012-06-04,Transition,0.9999997971426843,1.0
2012-06-05,Transition,0.9999999455176308,1.0
2012-06-06,Transition,0.9999999818101061,1.0
2012-06-07,Transition,0.9999999851243047,1.0
2012-06-08,Transition,0.9999999901046976,1.0
2012-06-11,Transition,0.9999999687388486,1.0
2012-06-12,Transition,0.9999999852989276,1.0
2012-06-13,Transition,0.9999999501378637,1.0
2012-06-14,Transition,0.9999999901956471,1.0
2012-06-15,Transition,0.9999999937354005,1.0
2012-06-18,Transition,0.9999999962128641,1.0
2012-06-19,Transition,0.9999999955871317,1.0
2012-06-20,Transition,0.9999999962419679,1.0
2012-06-21,Transition,0.9999999956562533,1.0
2012-06-22,Transition,0.9999999949395715,1.0
2012-06-25,Transition,0.9999999949541234,1.0
2012-06-26,Transition,0.9999999948668119,1.0
2012-06-27,Transition,0.9999999954416126,1.0
2012-06-28,Transition,0.9999999960818968,1.0
2012-06-29,Transition,0.9999999956016836,1.0
2012-07-02,Transition,0.9999999956962711,1.0
2012-07-03,Transition,0.9999999945575837,1.0
2012-07-04,Transition,0.9999999946448952,1.0
2012-07-05,Transition,0.9999999957290129,1.0
2012-07-06,Transition,0.9999999964929884,1.0
2012-07-09,Transition,0.999999997427949,1.0
2012-07-10,Transition,0.9999999974752427,1.0
2012-07-11,Transition,0.9999999969550117,1.0
2012-07-12,Transition,0.9999999971914804,1.0
2012-07-13,Transition,0.9999999959036359,1.0
2012-07-16,Transition,0.9999999968131306,1.0
2012-07-17,Transition,0.999999996565748,1.0
2012-07-18,Transition,0.999999994684913,1.0
2012-07-19,Transition,0.9999999920837581,1.0
2012-07-20,Transition,0.999999996907718,1.0
2012-07-23,Transition,0.9999999977044354,1.0
2012-07-24,Transition,0.9999999966930773,1.0
2012-07-25,Transition,0.9999999982537702,1.0
2012-07-26,Transition,0.999999998617568,1.0
2012-07-27,Transition,0.9999999970423232,1.0
2012-07-30,Transition,0.9999999976498657,1.0
2012-07-31,Transition,0.9999999973915692,1.0
2012-08-01,Transition,0.9999999965548341,1.0
2012-08-02,Transition,0.9999999983483576,1.0
2012-08-03,Transition,0.9999999964711606,1.0
2012-08-06,Transition,0.9999999969404598,1.0
2012-08-07,Transition,0.9999999959800334,1.0
2012-08-08,Transition,0.9999999956198735,1.0
2012-08-09,Transition,0.9999999951141945,1.0
2012-08-10,Transition,0.9999999947795004,1.0
2012-08-13,Transition,0.9999999919746188,1.0
2012-08-14,Transition,0.999999990563083,1.0
2012-08-15,Transition,0.9999999807769202,1.0
2012-08-16,Transition,0.9999999760730137,1.0
2012-08-17,Transition,0.9999999712526919,1.0
2012-08-20,Transition,0.9999999752908483,1.0
2012-08-21,Transition,0.9999999893807399,1.0
2012-08-22,Transition,0.9999999924839358,1.0
2012-08-23,Transition,0.999999994855898,1.0
2012-08-24,Transition,0.9999999951360223,1.0
2012-08-27,Transition,0.9999999966930773,1.0
2012-08-28,Transition,0.9999999966785253,1.0
2012-08-29,Transition,0.9999999958927219,1.0
2012-08-30,Transition,0.9999999962383299,1.0
2012-08-31,Transition,0.9999999967658368,1.0
2012-09-03,Transition,0.9999999967694748,1.0
2012-09-04,Transition,0.9999999959582055,1.0
2012-09-05,Transition,0.999999996733095,1.0
2012-09-06,Transition,0.9999999950414349,1.0
2012-09-07,Transition,0.9999999936662789,1.0
2012-09-10,Transition,0.9999999950050551,1.0
2012-09-11,Transition,0.9999999941210262,1.0
2012-09-12,Transition,0.9999999896499503,1.0
2012-09-13,Transition,0.9999999864485289,1.0
2012-09-14,Transition,0.9999999777610358,1.0
2012-09-17,Transition,0.9999999780411601,1.0
2012-09-18,Transition,0.9999999816573111,1.0
2012-09-19,Transition,0.9999999878418748,1.0
2012-09-20,Transition,0.9999999860374373,1.0
2012-09-21,Transition,0.9999999892133928,1.0
2012-09-24,Transition,0.9999999914871296,1.0
2012-09-25,Transition,0.9999999950487108,1.0
2012-09-26,Transition,0.9999999964638846,1.0
2012-09-27,Transition,0.9999999949977791,1.0
2012-09-28,Transition,0.9999999953179213,1.0
2012-10-01,Transition,0.9999999963292794,1.0
2012-10-02,Transition,0.9999999956453394,1.0
2012-10-03,Transition,0.9999999956307875,1.0
2012-10-04,Transition,0.9999999916690285,1.0
2012-10-05,Transition,0.9999999910141923,1.0
2012-10-08,Transition,0.9999999915999069,1.0
2012-10-09,Transition,0.9999999911815394,1.0
2012-10-10,Transition,0.9999999938954716,1.0
2012-10-11,Transition,0.9999999954161467,1.0
2012-10-12,Transition,0.9999999952233338,1.0
2012-10-15,Transition,0.9999999950669007,1.0
2012-10-16,Transition,0.9999999922001734,1.0
2012-10-17,Transition,0.9999999880892574,1.0
2012-10-18,Transition,0.999999983363523,1.0
2012-10-19,Transition,0.9999999869323801,1.0
2012-10-22,Transition,0.9999999846731954,1.0
2012-10-23,Transition,0.9999999663741624,1.0
2012-10-24,Transition,0.9999999734936867,1.0
2012-10-25,Transition,0.9999999558967839,1.0
2012-10-26,Transition,0.9999999831561582,1.0
2012-10-29,Transition,0.9999999891551852,1.0
2012-10-30,Transition,0.999999989177013,1.0
2012-10-31,Transition,0.999999988154741,1.0
2012-11-01,Transition,0.9999999925348675,1.0
2012-11-02,Transition,0.9999999884712452,1.0
2012-11-05,Transition,0.9999999865540303,1.0
2012-11-06,Transition,0.9999999832107279,1.0
2012-11-07,Transition,0.9999999812025637,1.0
2012-11-08,Transition,0.9999999931496859,1.0
2012-11-09,Transition,0.9999999937790562,1.0
2012-11-12,Transition,0.9999999969440978,1.0
2012-11-13,Transition,0.99999999760621,1.0
2012-11-14,Transition,0.9999999958963599,1.0
2012-11-15,Transition,0.9999999964966264,1.0
2012-11-16,Transition,0.9999999971951183,1.0
2012-11-19,Transition,0.999999996569386,1.0
2012-11-20,Transition,0.9999999955034582,1.0
2012-11-21,Transition,0.9999999939100235,1.0
2012-11-22,Transition,0.9999999939209374,1.0
2012-11-23,Transition,0.9999999941755959,1.0
2012-11-26,Transition,0.9999999955252861,1.0
2012-11-27,Transition,0.9999999964238668,1.0
2012-11-28,Transition,0.9999999969768396,1.0
2012-11-29,Transition,0.9999999967876647,1.0
2012-11-30,Transition,0.999999996914994,1.0
2012-12-03,Transition,0.9999999964202289,1.0
2012-12-04,Transition,0.9999999962528818,1.0
2012-12-05,Transition,0.9999999969913915,1.0
2012-12-06,Transition,0.9999999972387741,1.0
2012-12-07,Transition,0.9999999963220034,1.0
2012-12-10,Transition,0.999999996227416,1.0
2012-12-11,Transition,0.9999999954270606,1.0
2012-12-12,Transition,0.9999999928113539,1.0
2012-12-13,Transition,0.9999999915125954,1.0
2012-12-14,Transition,0.9999999898427632,1.0
2012-12-17,Transition,0.9999999876708898,1.0
2012-12-18,Transition,0.9999999860629032,1.0
2012-12-19,Transition,0.9999999786814444,1.0
2012-12-20,Transition,0.9999999755782486,1.0
2012-12-21,Transition,0.999999979958375,1.0
2012-12-24,Transition,0.9999999742722142,1.0
2012-12-25,Transition,0.9999999742576623,1.0
2012-12-26,Transition,0.9999999404244608,1.0
2012-12-27,Transition,0.9999999534302344,1.0
2012-12-28,Transition,0.9999986751144797,1.0
2012-12-31,Transition,0.9999999784959075,1.0
2013-01-01,Transition,0.9999999800274966,1.0
2013-01-02,Transition,0.9999999838255463,1.0
2013-01-03,Transition,0.9999999738283808,1.0
2013-01-04,Transition,0.9999999707542888,1.0
2013-01-07,Transition,0.9999999723659133,1.0
2013-01-08,Transition,0.9999999718093027,1.0
2013-01-09,Transition,0.9999999733699955,1.0
2013-01-10,Transition,0.9999999685496737,1.0
2013-01-11,Transition,0.9999999716928873,1.0
2013-01-14,Transition,0.9999999692918213,1.0
2013-01-15,Transition,0.9999999752690204,1.0
2013-01-16,Transition,0.9999999769715944,1.0
2013-01-17,Transition,0.9999999727515391,1.0
2013-01-18,Transition,0.9999999678038881,1.0
2013-01-21,Transition,0.9999999678948376,1.0
2013-01-22,Transition,0.9999999713363654,1.0
2013-01-23,Transition,0.9999999713618313,1.0
2013-01-24,Transition,0.9999999611100073,1.0
2013-01-25,Transition,0.9999999412757479,1.0
2013-01-28,Transition,0.9999999446954477,1.0
2013-01-29,Transition,0.9999999373758348,1.0
2013-01-30,Transition,0.9999999337414942,1.0
2013-01-31,Transition,0.9999999471692732,1.0
2013-02-01,Transition,0.9999999232495641,1.0
2013-02-04,Transition,0.9999999502142612,1.0
2013-02-05,Transition,0.9999999362007677,1.0
2013-02-06,Transition,0.9999999451829369,1.0
2013-02-07,Transition,0.9999999421706905,1.0
2013-02-08,Transition,0.9999999369174495,1.0
2013-02-11,Transition,0.9999999448882606,1.0
2013-02-12,Transition,0.9999999348874574,1.0
2013-02-13,Transition,0.99999993241727,1.0
2013-02-14,Transition,0.999999939540432,1.0
2013-02-15,Transition,0.9999999382816914,1.0
2013-02-18,Transition,0.999999938871044,1.0
2013-02-19,Transition,0.9999999268766286,1.0
2013-02-20,Transition,0.999999954685337,1.0
2013-02-21,Transition,0.9999999576466516,1.0
2013-02-22,Transition,0.9999999646097428,1.0
2013-02-25,Transition,0.999999867446613,1.0
2013-02-26,Transition,0.9999999649407989,1.0
2013-02-27,Transition,0.9999999766732801,1.0
2013-02-28,Transition,0.9999999756364563,1.0
2013-03-01,Transition,0.9999999801875676,1.0
2013-03-04,Transition,0.9999999757274057,1.0
2013-03-05,Transition,0.9999999717947508,1.0
2013-03-06,Transition,0.9999999556130216,1.0
2013-03-07,Transition,0.9999999303945539,1.0
2013-03-08,Transition,0.9999998817911616,1.0
2013-03-11,Transition,0.9999998129242333,1.0
2013-03-12,Transition,0.9999999041647288,1.0
2013-03-13,Transition,0.9999998679086363,1.0
2013-03-14,Transition,0.9999998381681638,1.0
2013-03-15,Transition,0.9999998425773935,1.0
2013-03-18,Transition,0.9999999208484982,1.0
2013-03-19,Transition,0.9999999217689068,1.0
2013-03-20,Transition,0.999999917679819,1.0
2013-03-21,Transition,0.9999999317515199,1.0
2013-03-22,Transition,0.9999999518549896,1.0
2013-03-25,Transition,0.9999999360770764,1.0
2013-03-26,Transition,0.9999999470492199,1.0
2013-03-27,Transition,0.9999999674146244,1.0
2013-03-28,Transition,0.9999999625542848,1.0
2013-03-29,Transition,0.9999999626415963,1.0
2013-04-01,Transition,0.9999999589781519,1.0
2013-04-02,Transition,0.999999963201845,1.0
2013-04-03,Transition,0.9999999782849047,1.0
2013-04-04,Transition,0.9999999846622815,1.0
2013-04-05,Transition,0.9999999917054083,1.0
2013-04-08,Transition,0.9999999880346877,1.0
2013-04-09,Transition,0.9999999857391231,1.0
2013-04-10,Transition,0.9999999747451515,1.0
2013-04-11,Transition,0.9999999780156943,1.0
2013-04-12,Transition,0.9999999848405424,1.0
2013-04-15,Transition,0.9999999491774374,1.0
2013-04-16,Transition,0.9999999813771867,1.0
2013-04-17,Transition,0.9999999817337086,1.0
2013-04-18,Transition,0.999999969171768,1.0
2013-04-19,Transition,0.9999999900828698,1.0
2013-04-22,Transition,0.9999999916726665,1.0
2013-04-23,Transition,0.9999999897408998,1.0
2013-04-24,Transition,0.9999999903629941,1.0
2013-04-25,Transition,0.9999999892243068,1.0
2013-04-26,Transition,0.9999999911015038,1.0
2013-04-29,Transition,0.9999999888641469,1.0
2013-04-30,Transition,0.9999999901519914,1.0
2013-05-01,Transition,0.9999999875835783,1.0
2013-05-02,Transition,0.9999999882129487,1.0
2013-05-03,Transition,0.9999999816318452,1.0
2013-05-06,Transition,0.9999999779574866,1.0
2013-05-07,Transition,0.9999999738320188,1.0
2013-05-08,Transition,0.9999999759347705,1.0
2013-05-09,Transition,0.9999999746796678,1.0
2013-05-10,Transition,0.9999999665924412,1.0
2013-05-13,Transition,0.9999999600113377,1.0
2013-05-14,Transition,0.9999999551764641,1.0
2013-05-15,Transition,0.9999999612955442,1.0
2013-05-16,Transition,0.9999999679675972,1.0
2013-05-17,Transition,0.9999999445026349,1.0
2013-05-20,Transition,0.9999999458414109,1.0
2013-05-21,Transition,0.9999999528954515,1.0
2013-05-22,Transition,0.9999999157298625,1.0
2013-05-23,Transition,0.9999999402862176,1.0
2013-05-24,Transition,0.9999999451320052,1.0
2013-05-27,Transition,0.9999999445426526,1.0
2013-05-28,Transition,0.9999998884122823,1.0
2013-05-29,Transition,0.9999999161991617,1.0
2013-05-30,Transition,0.9999999208412222,1.0
2013-05-31,Transition,0.9999998652165323,1.0
2013-06-03,Transition,0.9999999059327864,1.0
2013-06-04,Transition,0.9999999115862049,1.0
2013-06-05,Transition,0.9999998993807873,1.0
2013-06-06,Transition,0.9999999409483298,1.0
2013-06-07,Transition,0.9999999262217926,1.0
2013-06-10,Transition,0.9999998963576271,1.0
2013-06-11,Transition,0.9999998985840699,1.0
2013-06-12,Transition,0.9999997006453207,1.0
2013-06-13,Transition,0.9999999113570123,1.0
2013-06-14,Transition,0.9999998950843347,1.0
2013-06-17,Transition,0.9999998519124457,1.0
2013-06-18,Transition,0.999999843988929,1.0
2013-06-19,Transition,0.9999995912877164,1.0
2013-06-20,Transition,0.9999983592983698,1.0
2013-06-21,Transition,0.9999992821615554,1.0
2013-06-24,Transition,0.9999989866851724,1.0
2013-06-25,Transition,0.9999995975777792,1.0
2013-06-26,Transition,0.9999997375016736,1.0
2013-06-27,Transition,0.9999997461091292,1.0
2013-06-28,Transition,0.9999997400082403,1.0
2013-07-01,Transition,0.9999997400337062,1.0
2013-07-02,Transition,0.9999997429768304,1.0
2013-07-03,Transition,0.9999997257255394,1.0
2013-07-04,Transition,0.9999997221566832,1.0
2013-07-05,Transition,0.9999995090330527,1.0
2013-07-08,Transition,0.9999995352010217,1.0
2013-07-09,Transition,0.9999994530518638,1.0
2013-07-10,Transition,0.9999993709390924,1.0
2013-07-11,Transition,0.9999994958781279,1.0
2013-07-12,Transition,0.9999995260114916,1.0
2013-07-15,Transition,0.9999995236759103,1.0
2013-07-16,Transition,0.9999996328006765,1.0
2013-07-17,Transition,0.9999995792241837,1.0
2013-07-18,Transition,0.9999994387291492,1.0
2013-07-19,Transition,0.9999993910680167,1.0
2013-07-22,Transition,0.9999991434928264,1.0
2013-07-23,Transition,0.9999991661319494,1.0
2013-07-24,Transition,0.9999989936846366,1.0
2013-07-25,Transition,0.9999986684096936,1.0
2013-07-26,Transition,0.999998120785623,1.0
2013-07-29,Transition,0.9999980870507095,1.0
2013-07-30,Transition,0.9999963809015759,1.0
2013-07-31,Transition,0.9999984496110496,1.0
2013-08-01,Transition,0.9999975622770462,1.0
2013-08-02,Transition,0.9999973095618583,1.0
2013-08-05,Transition,0.9999971156690423,1.0
2013-08-06,Transition,0.9999985951227109,1.0
2013-08-07,Transition,0.9999991201624885,1.0
2013-08-08,Transition,0.9999991511252994,1.0
2013-08-09,Transition,0.999999449253816,1.0
2013-08-12,Transition,0.999999101179532,1.0
2013-08-13,Transition,0.9999985409278183,1.0
2013-08-14,Transition,0.9999989490867003,1.0
2013-08-15,Transition,0.9999988925598465,1.0
2013-08-16,Transition,0.999998200249848,1.0
2013-08-19,Transition,0.9999976895950882,1.0
2013-08-20,Transition,0.9999982379610691,1.0
2013-08-21,Transition,0.9999975649436781,1.0
2013-08-22,Transition,0.9999978610562859,1.0
2013-08-23,Transition,0.9999978673972694,1.0
2013-08-26,Transition,0.9999982569440092,1.0
2013-08-27,Transition,0.999997533296978,1.0
2013-08-28,Transition,0.9999953149600215,1.0
2013-08-29,Transition,0.9999918957147272,1.0
2013-08-30,Transition,0.9999902330823197,1.0
2013-09-02,Transition,0.9999901560561497,1.0
2013-09-03,Transition,0.9999897964564631,1.0
2013-09-04,Transition,0.9999893296686363,1.0
2013-09-05,Transition,0.9999910291555738,1.0
2013-09-06,Transition,0.9999905869451248,1.0
2013-09-09,Transition,0.9999942666455093,1.0
2013-09-10,Transition,0.9999959822642943,1.0
2013-09-11,Transition,0.9999960492537692,1.0
2013-09-12,Transition,0.9999972089720199,1.0
2013-09-13,Transition,0.9999983035609895,1.0
2013-09-16,Transition,0.9999981390045868,1.0
2013-09-17,Transition,0.9999985483056285,1.0
2013-09-18,Transition,0.9999992516753153,1.0
2013-09-19,Transition,0.999998303637387,1.0
2013-09-20,Transition,0.9999988455171959,1.0
2013-09-23,Transition,0.9999992992236639,1.0
2013-09-24,Transition,0.9999994178398868,1.0
2013-09-25,Transition,0.9999994904466282,1.0
2013-09-26,Transition,0.99999946088079,1.0
2013-09-27,Transition,0.9999995566359831,1.0
2013-09-30,Transition,0.9999995475228503,1.0
2013-10-01,Transition,0.9999995851686386,1.0
2013-10-02,Transition,0.999999506297294,1.0
2013-10-03,Transition,0.9999992445557961,1.0
2013-10-04,Transition,0.9999993445492111,1.0
2013-10-07,Transition,0.9999967432393814,1.0
2013-10-08,Transition,0.9999926677970103,1.0
2013-10-09,Transition,0.999995070940128,1.0
2013-10-10,Transition,0.9999991286353337,1.0
2013-10-11,Transition,0.9999995282815892,1.0
2013-10-14,Transition,0.9999994845385537,1.0
2013-10-15,Transition,0.999998366912647,1.0
2013-10-16,Transition,0.9999994970677463,1.0
2013-10-17,Transition,0.9999994626815885,1.0
2013-10-18,Transition,0.99999944707103,1.0
2013-10-21,Transition,0.9999993915991613,1.0
2013-10-22,Transition,0.9999995380604717,1.0
2013-10-23,Transition,0.9999995648105179,1.0
2013-10-24,Transition,0.9999994595747562,1.0
2013-10-25,Transition,0.9999994188439684,1.0
2013-10-28,Transition,0.9999994088722743,1.0
2013-10-29,Transition,0.9999994924766193,1.0
2013-10-30,Transition,0.9999995581493816,1.0
2013-10-31,Transition,0.9999995006948094,1.0
2013-11-01,Transition,0.9999993315107037,1.0
2013-11-04,Transition,0.9999991791413508,1.0
2013-11-05,Transition,0.9999990282381251,1.0
2013-11-06,Transition,0.999998664869945,1.0
2013-11-07,Transition,0.9999992045962679,1.0
2013-11-08,Transition,0.9999988395400036,1.0
2013-11-11,Transition,0.999998742391535,1.0
2013-11-12,Transition,0.9999987918170541,1.0
2013-11-13,Transition,0.9999984620783837,1.0
2013-11-14,Transition,0.9999982090573788,1.0
2013-11-15,Transition,0.99999821468896,1.0
2013-11-18,Transition,0.9999989890498563,1.0
2013-11-19,Transition,0.9999987179516243,1.0
2013-11-20,Transition,0.9999982902714756,1.0
2013-11-21,Transition,0.9999986792472182,1.0
2013-11-22,Transition,0.9999988764763602,1.0
2013-11-25,Transition,0.9999991161279735,1.0
2013-11-26,Transition,0.9999991663684178,1.0
2013-11-27,Transition,0.9999990634137087,1.0
2013-11-28,Transition,0.9999990641267519,1.0
2013-11-29,Transition,0.9999991439002797,1.0
2013-12-02,Transition,0.9999992004162336,1.0
2013-12-03,Transition,0.9999991913795016,1.0
2013-12-04,Transition,0.9999990917280716,1.0
2013-12-05,Transition,0.9999990256551626,1.0
2013-12-06,Transition,0.999999056712558,1.0
2013-12-09,Transition,0.9999990795263018,1.0
2013-12-10,Transition,0.9999991050867177,1.0
2013-12-11,Transition,0.9999989672401957,1.0
2013-12-12,Transition,0.9999990888649849,1.0
2013-12-13,Transition,0.9999990541878031,1.0
2013-12-16,Transition,0.9999989220529085,1.0
2013-12-17,Transition,0.9999989673093171,1.0
2013-12-18,Transition,0.9999991691441933,1.0
2013-12-19,Transition,0.9999990854853057,1.0
2013-12-20,Transition,0.9999990428482339,1.0
2013-12-23,Transition,0.9999988412862314,1.0
2013-12-24,Transition,0.9999984492363384,1.0
2013-12-25,Transition,0.9999984037689508,1.0
2013-12-26,Transition,0.9999982105453095,1.0
2013-12-27,Transition,0.9999982927598489,1.0
2013-12-30,Transition,0.9999987472264027,1.0
2013-12-31,Transition,0.999998811051025,1.0
2014-01-01,Transition,0.9999988273782546,1.0
2014-01-02,Transition,0.9999990448054646,1.0
2014-01-03,Transition,0.9999990838845965,1.0
2014-01-06,Transition,0.9999990538785751,1.0
2014-01-07,Transition,0.9999989107569965,1.0
2014-01-08,Transition,0.9999988920214263,1.0
2014-01-09,Transition,0.999998968928216,1.0
2014-01-10,Transition,0.9999988626375045,1.0
2014-01-13,Transition,0.999999127398422,1.0
2014-01-14,Transition,0.999998896681672,1.0
2014-01-15,Transition,0.9999988128772882,1.0
2014-01-16,Transition,0.9999989534268044,1.0
2014-01-17,Transition,0.9999990267465553,1.0
2014-01-20,Transition,0.9999990314540953,1.0
2014-01-21,Transition,0.9999990333240145,1.0
2014-01-22,Transition,0.9999990392102586,1.0
2014-01-23,Transition,0.9999990719156572,1.0
2014-01-24,Transition,0.9999958630009214,1.0
2014-01-27,Transition,0.999997294235095,1.0
2014-01-28,Transition,0.9999989104732345,1.0
2014-01-29,Transition,0.9999979804253983,1.0
2014-01-30,Transition,0.9999959690184668,1.0
2014-01-31,Transition,0.9999765853184789,1.0
2014-02-03,Transition,0.9998696472377343,1.0
2014-02-04,Transition,0.9999537293415861,1.0
2014-02-05,Transition,0.9999665033836688,1.0
2014-02-06,Transition,0.9999959386960361,1.0
2014-02-07,Transition,0.9999991438638999,1.0
2014-02-10,Transition,0.9999992262094831,1.0
2014-02-11,Transition,0.9999990605324321,1.0
2014-02-12,Transition,0.999998926189286,1.0
2014-02-13,Transition,0.9999990785913422,1.0
2014-02-14,Transition,0.9999988026945976,1.0
2014-02-17,Transition,0.999998794814745,1.0
2014-02-18,Transition,0.9999988925525706,1.0
2014-02-19,Transition,0.999998182696632,1.0
2014-02-20,Transition,0.9999982797177172,1.0
2014-02-21,Transition,0.999998355649483,1.0
2014-02-24,Transition,0.9999982537716973,1.0
2014-02-25,Transition,0.9999983320754194,1.0
2014-02-26,Transition,0.9999973886222041,1.0
2014-02-27,Transition,0.999992454245605,1.0
2014-02-28,Transition,0.9999513699187004,1.0
2014-03-03,Transition,0.9995456973147068,1.0
2014-03-04,Transition,0.9982699461424263,1.0
2014-03-05,Transition,0.9902326124994094,1.0
2014-03-06,Transition,0.9439366953123031,1.0
2014-03-07,Transition,0.7111031304251948,1.0
2014-03-10,Contraction,0.6400191868052928,0.5
2014-03-11,Contraction,0.9284337036928725,0.5
2014-03-12,Contraction,0.9881205743126646,0.5
2014-03-13,Contraction,0.9988910920784639,0.5
2014-03-14,Contraction,0.9995866255406459,0.5
2014-03-17,Contraction,0.9992994754050585,0.5
2014-03-18,Contraction,0.9964500311148324,0.5
2014-03-19,Contraction,0.9853148190874679,0.5
2014-03-20,Contraction,0.9547200483058836,0.5
2014-03-21,Contraction,0.8546593895770206,0.5
2014-03-24,Contraction,0.5658485474832835,0.5
2014-03-25,Transition,0.765449685960293,1.0
2014-03-26,Transition,0.8985528751795204,1.0
2014-03-27,Transition,0.9759799201688653,1.0
2014-03-28,Transition,0.9942301146522791,1.0
2014-03-31,Transition,0.9989249876542495,1.0
2014-04-01,Transition,0.9997568010994365,1.0
2014-04-02,Transition,0.9999070627352189,1.0
2014-04-03,Transition,0.9999489849968131,1.0
2014-04-04,Transition,0.9999528873998086,1.0
2014-04-07,Transition,0.9999476759632459,1.0
2014-04-08,Transition,0.9999457036072207,1.0
2014-04-09,Transition,0.9999199100225673,1.0
2014-04-10,Transition,0.9998403953266265,1.0
2014-04-11,Transition,0.9997786125648667,1.0
2014-04-14,Transition,0.9998014349463904,1.0
2014-04-15,Transition,0.9998940712186544,1.0
2014-04-16,Transition,0.9999686704101081,1.0
2014-04-17,Transition,0.9999892892984171,1.0
2014-04-18,Transition,0.9999936136068049,1.0
2014-04-21,Transition,0.9999950006365366,1.0
2014-04-22,Transition,0.9999969121283738,1.0
2014-04-23,Transition,0.9999974498201257,1.0
2014-04-24,Transition,0.9999979729711949,1.0
2014-04-25,Transition,0.9999973463308118,1.0
2014-04-28,Transition,0.9999966059497938,1.0
2014-04-29,Transition,0.9999953855655858,1.0
2014-04-30,Transition,0.999995515469942,1.0
2014-05-01,Transition,0.9999977016222183,1.0
2014-05-02,Transition,0.999998490341798,1.0
2014-05-05,Transition,0.9999978369438143,1.0
2014-05-06,Transition,0.9999977887807181,1.0
2014-05-07,Transition,0.9999981227610418,1.0
2014-05-08,Transition,0.9999986201228664,1.0
2014-05-09,Transition,0.9999988260503939,1.0
2014-05-12,Transition,0.9999989143549537,1.0
2014-05-13,Transition,0.9999990427863883,1.0
2014-05-14,Transition,0.9999993989842538,1.0
2014-05-15,Transition,0.9999995297040383,1.0
2014-05-16,Transition,0.9999995084109585,1.0
2014-05-19,Transition,0.9999994201099842,1.0
2014-05-20,Transition,0.9999993778403339,1.0
2014-05-21,Transition,0.9999993686289773,1.0
2014-05-22,Transition,0.9999993247549815,1.0
2014-05-23,Transition,0.9999994191604723,1.0
2014-05-26,Transition,0.9999994279425481,1.0
2014-05-27,Transition,0.9999995730250705,1.0
2014-05-28,Transition,0.9999996679944712,1.0
2014-05-29,Transition,0.9999996599581787,1.0
2014-05-30,Transition,0.9999995970684624,1.0
2014-06-02,Transition,0.9999994846877107,1.0
2014-06-03,Transition,0.9999993891216993,1.0
2014-06-04,Transition,0.999999274270785,1.0
2014-06-05,Transition,0.999999227431843,1.0
2014-06-06,Transition,0.999998905645642,1.0
2014-06-09,Transition,0.9999988256975103,1.0
2014-06-10,Transition,0.9999986610464344,1.0
2014-06-11,Transition,0.9999983221946855,1.0
2014-06-12,Transition,0.9999981740055164,1.0
2014-06-13,Transition,0.999998459313524,1.0
2014-06-16,Transition,0.9999986082230543,1.0
2014-06-17,Transition,0.999998564607388,1.0
2014-06-18,Transition,0.9999987505951669,1.0
2014-06-19,Transition,0.9999973359007543,1.0
2014-06-20,Transition,0.9999982224196511,1.0
2014-06-23,Transition,0.9999983220200628,1.0
2014-06-24,Transition,0.99999871208721,1.0
2014-06-25,Transition,0.9999991339977099,1.0
2014-06-26,Transition,0.9999993618405132,1.0
2014-06-27,Transition,0.9999992500382261,1.0
2014-06-30,Transition,0.9999994998871784,1.0
2014-07-01,Transition,0.9999992611995367,1.0
2014-07-02,Transition,0.9999991629851003,1.0
2014-07-03,Transition,0.9999992600790402,1.0
2014-07-04,Transition,0.9999992710439002,1.0
2014-07-07,Transition,0.9999994063657084,1.0
2014-07-08,Transition,0.9999995310100721,1.0
2014-07-09,Transition,0.9999995651452118,1.0
2014-07-10,Transition,0.9999995236322545,1.0
2014-07-11,Transition,0.9999996358020079,1.0
2014-07-14,Transition,0.9999996194784031,1.0
2014-07-15,Transition,0.9999996392835524,1.0
2014-07-16,Transition,0.9999996523548056,1.0
2014-07-17,Transition,0.9999995680264897,1.0
2014-07-18,Transition,0.9999997875275083,1.0
2014-07-21,Transition,0.9999997952472978,1.0
2014-07-22,Transition,0.9999997957638906,1.0
2014-07-23,Transition,0.9999997946433934,1.0
2014-07-24,Transition,0.9999997523300714,1.0
2014-07-25,Transition,0.9999998059684192,1.0
2014-07-28,Transition,0.9999997994346105,1.0
2014-07-29,Transition,0.9999998138555557,1.0
2014-07-30,Transition,0.9999997317573066,1.0
2014-07-31,Transition,0.999998994506819,1.0
2014-08-01,Transition,0.9999993769199258,1.0
2014-08-04,Transition,0.9999997344566862,1.0
2014-08-05,Transition,0.9999993792955245,1.0
2014-08-06,Transition,0.9999995960316389,1.0
2014-08-07,Transition,0.9999995460276416,1.0
2014-08-08,Transition,0.9999997306768272,1.0
2014-08-11,Transition,0.999999839819806,1.0
2014-08-12,Transition,0.9999997989434835,1.0
2014-08-13,Transition,0.9999998145649615,1.0
2014-08-14,Transition,0.9999998149869669,1.0
2014-08-15,Transition,0.999999870131441,1.0
2014-08-18,Transition,0.9999998473795247,1.0
2014-08-19,Transition,0.9999998465064099,1.0
2014-08-20,Transition,0.9999998358216678,1.0
2014-08-21,Transition,0.9999998314488181,1.0
2014-08-22,Transition,0.9999998398670996,1.0
2014-08-25,Transition,0.9999998327148345,1.0
2014-08-26,Transition,0.9999998606472315,1.0
2014-08-27,Transition,0.999999870127803,1.0
2014-08-28,Transition,0.9999999014253311,1.0
2014-08-29,Transition,0.9999998833373024,1.0
2014-09-01,Transition,0.9999998866806046,1.0
2014-09-02,Transition,0.9999998547282408,1.0
2014-09-03,Transition,0.9999998708190189,1.0
2014-09-04,Transition,0.999999847997981,1.0
2014-09-05,Transition,0.9999998305684273,1.0
2014-09-08,Transition,0.9999998099229014,1.0
2014-09-09,Transition,0.999999827290609,1.0
2014-09-10,Transition,0.9999998305902552,1.0
2014-09-11,Transition,0.9999998344028563,1.0
2014-09-12,Transition,0.9999997694649475,1.0
2014-09-15,Transition,0.99999977865448,1.0
2014-09-16,Transition,0.9999997181621836,1.0
2014-09-17,Transition,0.9999997450759436,1.0
2014-09-18,Transition,0.9999997460181799,1.0
2014-09-19,Transition,0.9999997493869474,1.0
2014-09-22,Transition,0.9999998035819055,1.0
2014-09-23,Transition,0.999999783929548,1.0
2014-09-24,Transition,0.9999998196945106,1.0
2014-09-25,Transition,0.9999997648410776,1.0
2014-09-26,Transition,0.9999998342536993,1.0
2014-09-29,Transition,0.9999997795385086,1.0
2014-09-30,Transition,0.9999997493432916,1.0
2014-10-01,Transition,0.9999997051345852,1.0
2014-10-02,Transition,0.99999979920178,1.0
2014-10-03,Transition,0.9999998308849315,1.0
2014-10-06,Transition,0.9999997106533974,1.0
2014-10-07,Transition,0.9999949426765496,1.0
2014-10-08,Transition,0.999820036907223,1.0
2014-10-09,Transition,0.9790387857775332,1.0
2014-10-10,Transition,0.604208081324957,1.0
2014-10-13,Contraction,0.9943731946029472,0.5
2014-10-14,Contraction,0.9981933604228489,0.5
2014-10-15,Contraction,0.9991983919648941,0.5
2014-10-16,Contraction,0.9936196820110469,0.5
2014-10-17,Contraction,0.5565875201732347,0.5
2014-10-20,Transition,0.9877702550786268,1.0
2014-10-21,Transition,0.9999118414824912,1.0
2014-10-22,Transition,0.9999975009008572,1.0
2014-10-23,Transition,0.9999997005580092,1.0
2014-10-24,Transition,0.9999997903323894,1.0
2014-10-27,Transition,0.9999997692066511,1.0
2014-10-28,Transition,0.9999998099192634,1.0
2014-10-29,Transition,0.9999997468003451,1.0
2014-10-30,Transition,0.9999997137020228,1.0
2014-10-31,Transition,0.9999994755745786,1.0
2014-11-03,Transition,0.9999992293599703,1.0
2014-11-04,Transition,0.9999994944447649,1.0
2014-11-05,Transition,0.9999991844782613,1.0
2014-11-06,Transition,0.9999990166220701,1.0
2014-11-07,Transition,0.9999994114697897,1.0
2014-11-10,Transition,0.9999994074389115,1.0
2014-11-11,Transition,0.9999993893945475,1.0
2014-11-12,Transition,0.9999993652929529,1.0
2014-11-13,Transition,0.9999996341503662,1.0
2014-11-14,Transition,0.9999996114894047,1.0
2014-11-17,Transition,0.9999996429542717,1.0
2014-11-18,Transition,0.9999998340281446,1.0
2014-11-19,Transition,0.9999997283412454,1.0
2014-11-20,Transition,0.9999997403211065,1.0
2014-11-21,Transition,0.9999997584018566,1.0
2014-11-24,Transition,0.999999807823788,1.0
2014-11-25,Transition,0.9999998692583262,1.0
2014-11-26,Transition,0.9999998673374736,1.0
2014-11-27,Transition,0.9999998677158234,1.0
2014-11-28,Transition,0.9999999337924259,1.0
2014-12-01,Transition,0.9999999449464683,1.0
2014-12-02,Transition,0.9999999076208084,1.0
2014-12-03,Transition,0.9999999298379432,1.0
2014-12-04,Transition,0.999999894524086,1.0
2014-12-05,Transition,0.9999998324856418,1.0
2014-12-08,Transition,0.9999999303108804,1.0
2014-12-09,Transition,0.9999999555984697,1.0
2014-12-10,Transition,0.999999889128964,1.0
2014-12-11,Transition,0.9999994928804348,1.0
2014-12-12,Transition,0.9999987718773166,1.0
2014-12-15,Transition,0.9999989096292243,1.0
2014-12-16,Transition,0.9999833699185201,1.0
2014-12-17,Transition,0.9999993336498338,1.0
2014-12-18,Transition,0.9999999242936639,1.0
2014-12-19,Transition,0.9999999018364226,1.0
2014-12-22,Transition,0.9999998704515831,1.0
2014-12-23,Transition,0.9999998861239938,1.0
2014-12-24,Transition,0.9999999108476954,1.0
2014-12-25,Transition,0.9999999111205438,1.0
2014-12-26,Transition,0.9999999725077945,1.0
2014-12-29,Transition,0.999999957417459,1.0
2014-12-30,Transition,0.9999999565297922,1.0
2014-12-31,Transition,0.9999997173290867,1.0
2015-01-01,Transition,0.9999997160448805,1.0
2015-01-02,Transition,0.9999999034153053,1.0
2015-01-05,Transition,0.999999844985735,1.0
2015-01-06,Transition,0.9999996779152361,1.0
2015-01-07,Transition,0.9999999304018299,1.0
2015-01-08,Transition,0.9999999769570425,1.0
2015-01-09,Transition,0.9999999800311345,1.0
2015-01-12,Transition,0.9999999570864029,1.0
2015-01-13,Transition,0.9999999312858586,1.0
2015-01-14,Transition,0.9999998938401461,1.0
2015-01-15,Transition,0.9999997018094735,1.0
2015-01-16,Transition,0.999999951778592,1.0
2015-01-19,Transition,0.9999999485189632,1.0
2015-01-20,Transition,0.9999999889878382,1.0
2015-01-21,Transition,0.9999999935935193,1.0
2015-01-22,Transition,0.9999999978608685,1.0
2015-01-23,Transition,0.999999998795829,1.0
2015-01-26,Transition,0.9999999991814548,1.0
2015-01-27,Transition,0.999999998282874,1.0
2015-01-28,Transition,0.9999999825849956,1.0
2015-01-29,Transition,0.9999999959763954,1.0
2015-01-30,Transition,0.9999999766259864,1.0
2015-02-02,Transition,0.999999995372491,1.0
2015-02-03,Transition,0.9999999979154381,1.0
2015-02-04,Transition,0.9999999941755959,1.0
2015-02-05,Transition,0.9999999975188985,1.0
2015-02-06,Transition,0.9999999948340701,1.0
2015-02-09,Transition,0.999999983720045,1.0
2015-02-10,Transition,0.9999999933534127,1.0
2015-02-11,Transition,0.9999999950596248,1.0
2015-02-12,Transition,0.9999999969550117,1.0
2015-02-13,Transition,0.9999999978645064,1.0
2015-02-16,Transition,0.9999999978208507,1.0
2015-02-17,Transition,0.9999999925421434,1.0
2015-02-18,Transition,0.9999999930696504,1.0
2015-02-19,Transition,0.9999999938336259,1.0
2015-02-20,Transition,0.9999999951141945,1.0
2015-02-23,Transition,0.999999995539838,1.0
2015-02-24,Transition,0.9999999949541234,1.0
2015-02-25,Transition,0.9999999960418791,1.0
2015-02-26,Transition,0.9999999958090484,1.0
2015-02-27,Transition,0.9999999963547452,1.0
2015-03-02,Transition,0.9999999952378857,1.0
2015-03-03,Transition,0.9999999946521712,1.0
2015-03-04,Transition,0.999999993480742,1.0
2015-03-05,Transition,0.9999999937535904,1.0
2015-03-06,Transition,0.9999999858482624,1.0
2015-03-09,Transition,0.9999999846113498,1.0
2015-03-10,Transition,0.9999999810388547,1.0
2015-03-11,Transition,0.9999999777064661,1.0
2015-03-12,Transition,0.9999999841675163,1.0
2015-03-13,Transition,0.9999999788742573,1.0
2015-03-16,Transition,0.9999999832143659,1.0
2015-03-17,Transition,0.9999999891551852,1.0
2015-03-18,Transition,0.9999999956198735,1.0
2015-03-19,Transition,0.9999999936298991,1.0
2015-03-20,Transition,0.9999999855099304,1.0
2015-03-23,Transition,0.9999999800929802,1.0
2015-03-24,Transition,0.9999999815954654,1.0
2015-03-25,Transition,0.999999982501322,1.0
2015-03-26,Transition,0.9999999785541152,1.0
2015-03-27,Transition,0.9999999890242179,1.0
2015-03-30,Transition,0.999999982857844,1.0
2015-03-31,Transition,0.9999999864630809,1.0
2015-04-01,Transition,0.999999993306119,1.0
2015-04-02,Transition,0.999999992451194,1.0
2015-04-03,Transition,0.9999999926476448,1.0
2015-04-06,Transition,0.9999999945648597,1.0
2015-04-07,Transition,0.9999999918436515,1.0
2015-04-08,Transition,0.999999993477104,1.0
2015-04-09,Transition,0.9999999918327376,1.0
2015-04-10,Transition,0.99999999348438,1.0
2015-04-13,Transition,0.9999999932588253,1.0
2015-04-14,Transition,0.9999999942265276,1.0
2015-04-15,Transition,0.9999999942046998,1.0
2015-04-16,Transition,0.9999999886167643,1.0
2015-04-17,Transition,0.9999999911706254,1.0
2015-04-20,Transition,0.9999999939100235,1.0
2015-04-21,Transition,0.9999999959291017,1.0
2015-04-22,Transition,0.9999999948959157,1.0
2015-04-23,Transition,0.9999999945321179,1.0
2015-04-24,Transition,0.9999999859755917,1.0
2015-04-27,Transition,0.9999999917381501,1.0
2015-04-28,Transition,0.9999999916544766,1.0
2015-04-29,Transition,0.9999999877290975,1.0
2015-04-30,Transition,0.9999999253013839,1.0
2015-05-01,Transition,0.9999998117273385,1.0
2015-05-04,Transition,0.9999998983330495,1.0
2015-05-05,Transition,0.9999999007122873,1.0
2015-05-06,Transition,0.9999998796629442,1.0
2015-05-07,Transition,0.9999998562416398,1.0
2015-05-08,Transition,0.9999998929924971,1.0
2015-05-11,Transition,0.9999998999956056,1.0
2015-05-12,Transition,0.9999998795428909,1.0
2015-05-13,Transition,0.9999999386418513,1.0
2015-05-14,Transition,0.9999999455103549,1.0
2015-05-15,Transition,0.9999999472893265,1.0
2015-05-18,Transition,0.9999999578176366,1.0
2015-05-19,Transition,0.9999999658284656,1.0
2015-05-20,Transition,0.9999999668943934,1.0
2015-05-21,Transition,0.999999959276466,1.0
2015-05-22,Transition,0.9999999739193303,1.0
2015-05-25,Transition,0.9999999738938644,1.0
2015-05-26,Transition,0.9999999608480729,1.0
2015-05-27,Transition,0.9999999750980354,1.0
2015-05-28,Transition,0.9999999806095732,1.0
2015-05-29,Transition,0.9999999853280315,1.0
2015-06-01,Transition,0.9999999847314031,1.0
2015-06-02,Transition,0.9999999776300685,1.0
2015-06-03,Transition,0.9999999714855226,1.0
2015-06-04,Transition,0.9999999739520721,1.0
2015-06-05,Transition,0.9999999701431084,1.0
2015-06-08,Transition,0.999999964915333,1.0
2015-06-09,Transition,0.9999999680476327,1.0
2015-06-10,Transition,0.9999999598840085,1.0
2015-06-11,Transition,0.9999999787396521,1.0
2015-06-12,Transition,0.9999999799438231,1.0
2015-06-15,Transition,0.9999999797619241,1.0
2015-06-16,Transition,0.9999999865212885,1.0
2015-06-17,Transition,0.9999999838146324,1.0
2015-06-18,Transition,0.9999999806277631,1.0
2015-06-19,Transition,0.9999999890533218,1.0
2015-06-22,Transition,0.9999999794126782,1.0
2015-06-23,Transition,0.9999999700630728,1.0
2015-06-24,Transition,0.9999999772408048,1.0
2015-06-25,Transition,0.9999999748943086,1.0
2015-06-26,Transition,0.9999999666761147,1.0
2015-06-29,Transition,0.9999998478815657,1.0
2015-06-30,Transition,0.9999999162937492,1.0
2015-07-01,Transition,0.9999999630490499,1.0
2015-07-02,Transition,0.9999999471001516,1.0
2015-07-03,Transition,0.9999999471001516,1.0
2015-07-06,Transition,0.9999999665415095,1.0
2015-07-07,Transition,0.9999999778738131,1.0
2015-07-08,Transition,0.9999998551356944,1.0
2015-07-09,Transition,0.9999996957631546,1.0
2015-07-10,Transition,0.9999999477622636,1.0
2015-07-13,Transition,0.9999999725769161,1.0
2015-07-14,Transition,0.9999999703977669,1.0
2015-07-15,Transition,0.9999999749670682,1.0
2015-07-16,Transition,0.9999999702631617,1.0
2015-07-17,Transition,0.9999999721185309,1.0
2015-07-20,Transition,0.9999999694664443,1.0
2015-07-21,Transition,0.9999999686733649,1.0
2015-07-22,Transition,0.9999999741485229,1.0
2015-07-23,Transition,0.9999999850151654,1.0
2015-07-24,Transition,0.9999999870196916,1.0
2015-07-27,Transition,0.9999999918436515,1.0
2015-07-28,Transition,0.9999999824322005,1.0
2015-07-29,Transition,0.9999999733263397,1.0
2015-07-30,Transition,0.9999999788014977,1.0
2015-07-31,Transition,0.9999999813953766,1.0
2015-08-03,Transition,0.9999999875399226,1.0
2015-08-04,Transition,0.999999989187927,1.0
2015-08-05,Transition,0.9999999848987501,1.0
2015-08-06,Transition,0.9999999914725777,1.0
2015-08-07,Transition,0.9999999927058525,1.0
2015-08-10,Transition,0.9999999734973247,1.0
2015-08-11,Transition,0.9999999919200491,1.0
2015-08-12,Transition,0.9999999897809175,1.0
2015-08-13,Transition,0.9999999908541213,1.0
2015-08-14,Transition,0.9999999905048753,1.0
2015-08-17,Transition,0.9999999937717803,1.0
2015-08-18,Transition,0.999999995528924,1.0
2015-08-19,Transition,0.9999999188803519,1.0
2015-08-20,Transition,0.9995873045798458,1.0
2015-08-21,Contraction,0.996136481396712,0.5
2015-08-24,Contraction,0.9999999985484465,0.5
2015-08-25,Contraction,0.9999999979045242,0.5
2015-08-26,Contraction,0.9999999969368218,0.5
2015-08-27,Contraction,0.9999968209390827,0.5
2015-08-28,Contraction,0.9999972256193647,0.5
2015-08-31,Contraction,0.9999999766478143,0.5
2015-09-01,Contraction,0.9999999913379725,0.5
2015-09-02,Contraction,0.9999971309194056,0.5
2015-09-03,Contraction,0.9999942625637205,0.5
2015-09-04,Contraction,0.9999996094666893,0.5
2015-09-07,Contraction,0.9999481566752788,0.5
2015-09-08,Contraction,0.9873695461529488,0.5
2015-09-09,Contraction,0.9700307195298258,0.5
2015-09-10,Transition,0.501050441731486,1.0
2015-09-11,Transition,0.9099500924660331,1.0
2015-09-14,Transition,0.969587711304971,1.0
2015-09-15,Transition,0.9983274727736422,1.0
2015-09-16,Transition,0.9999801755075738,1.0
2015-09-17,Transition,0.999999675823399,1.0
2015-09-18,Transition,0.9999997969935273,1.0
2015-09-21,Transition,0.9999999688880057,1.0
2015-09-22,Transition,0.999999856034275,1.0
2015-09-23,Transition,0.9999998931962238,1.0
2015-09-24,Transition,0.9999995521394432,1.0
2015-09-25,Transition,0.9999954198206368,1.0
2015-09-28,Transition,0.9998392851387607,1.0
2015-09-29,Transition,0.9999180228866834,1.0
2015-09-30,Transition,0.9999961123178847,1.0
2015-10-01,Transition,0.9999999132487611,1.0
2015-10-02,Transition,0.9999999759165806,1.0
2015-10-05,Transition,0.9999999818792277,1.0
2015-10-06,Transition,0.9999999876599759,1.0
2015-10-07,Transition,0.999999992094672,1.0
2015-10-08,Transition,0.9999999923893483,1.0
2015-10-09,Transition,0.9999999917708919,1.0
2015-10-12,Transition,0.9999999918436515,1.0
2015-10-13,Transition,0.9999999943138391,1.0
2015-10-14,Transition,0.9999999935716914,1.0
2015-10-15,Transition,0.9999999932479113,1.0
2015-10-16,Transition,0.9999999926731107,1.0
2015-10-19,Transition,0.9999999933570507,1.0
2015-10-20,Transition,0.9999999961582944,1.0
2015-10-21,Transition,0.9999999966639734,1.0
2015-10-22,Transition,0.999999991592631,1.0
2015-10-23,Transition,0.9999999946958269,1.0
2015-10-26,Transition,0.9999999962856236,1.0
2015-10-27,Transition,0.9999999961510184,1.0
2015-10-28,Transition,0.9999999967985786,1.0
2015-10-29,Transition,0.9999999953943188,1.0
2015-10-30,Transition,0.9999999966712494,1.0
2015-11-02,Transition,0.9999999949359335,1.0
2015-11-03,Transition,0.999999994681275,1.0
2015-11-04,Transition,0.9999999961000867,1.0
2015-11-05,Transition,0.9999999968131306,1.0
2015-11-06,Transition,0.9999999944266165,1.0
2015-11-09,Transition,0.9999999947795004,1.0
2015-11-10,Transition,0.9999999943211151,1.0
2015-11-11,Transition,0.9999999949322955,1.0
2015-11-12,Transition,0.9999999947722245,1.0
2015-11-13,Transition,0.9999999895662768,1.0
2015-11-16,Transition,0.9999999966312316,1.0
2015-11-17,Transition,0.9999999958126864,1.0
2015-11-18,Transition,0.9999999977262632,1.0
2015-11-19,Transition,0.99999999829015,1.0
2015-11-20,Transition,0.9999999978317646,1.0
2015-11-23,Transition,0.9999999982464942,1.0
2015-11-24,Transition,0.9999999980464054,1.0
2015-11-25,Transition,0.9999999979263521,1.0
2015-11-26,Transition,0.9999999979227141,1.0
2015-11-27,Transition,0.9999999973842932,1.0
2015-11-30,Transition,0.999999998635758,1.0
2015-12-01,Transition,0.9999999978317646,1.0
2015-12-02,Transition,0.9999999989595381,1.0
2015-12-03,Transition,0.9999999971551006,1.0
2015-12-04,Transition,0.9999999970350473,1.0
2015-12-07,Transition,0.9999999979736458,1.0
2015-12-08,Transition,0.9999999978608685,1.0
2015-12-09,Transition,0.9999999970641511,1.0
2015-12-10,Transition,0.9999999970932549,1.0
2015-12-11,Transition,0.999999909217881,1.0
2015-12-14,Transition,0.9999999659194151,1.0
2015-12-15,Transition,0.999999991581717,1.0
2015-12-16,Transition,0.9999999959763954,1.0
2015-12-17,Transition,0.999999996223778,1.0
2015-12-18,Transition,0.9999999901810952,1.0
2015-12-21,Transition,0.9999999888859747,1.0
2015-12-22,Transition,0.9999999857755029,1.0
2015-12-23,Transition,0.9999999747124096,1.0
2015-12-24,Transition,0.9999999852698238,1.0
2015-12-25,Transition,0.9999999852479959,1.0
2015-12-28,Transition,0.9999999951323844,1.0
2015-12-29,Transition,0.9999999898027454,1.0
2015-12-30,Transition,0.9999999893989298,1.0
2015-12-31,Transition,0.9999999932842911,1.0
2016-01-01,Transition,0.9999999932661012,1.0
2016-01-04,Transition,0.9999999949613994,1.0
2016-01-05,Transition,0.9999999964747985,1.0
2016-01-06,Transition,0.9999999965184543,1.0
2016-01-07,Transition,0.9999999383398991,1.0
2016-01-08,Transition,0.9999990571309252,1.0
2016-01-11,Transition,0.9999999679494073,1.0
2016-01-12,Transition,0.9999999945575837,1.0
2016-01-13,Transition,0.9999999531828518,1.0
2016-01-14,Transition,0.9999999776591724,1.0
2016-01-15,Transition,0.9999996863553443,1.0
2016-01-18,Transition,0.9999996858278376,1.0
2016-01-19,Transition,0.9999998700004737,1.0
2016-01-20,Transition,0.9999995045255992,1.0
2016-01-21,Transition,0.9999997228806408,1.0
2016-01-22,Transition,0.9999999871433829,1.0
2016-01-25,Transition,0.9999999804567781,1.0
2016-01-26,Transition,0.999999990555807,1.0
2016-01-27,Transition,0.9999999829669833,1.0
2016-01-28,Transition,0.9999999897554517,1.0
2016-01-29,Transition,0.9999999910396582,1.0
2016-02-01,Transition,0.999999992971425,1.0
2016-02-02,Transition,0.9999999896681402,1.0
2016-02-03,Transition,0.9999999829342415,1.0
2016-02-04,Transition,0.9999999805040718,1.0
2016-02-05,Transition,0.9999999802821551,1.0
2016-02-08,Transition,0.9999999185311059,1.0
2016-02-09,Transition,0.999999920393751,1.0
2016-02-10,Transition,0.9999999602732722,1.0
2016-02-11,Transition,0.9999998389285013,1.0
2016-02-12,Transition,0.9999999795800252,1.0
2016-02-15,Transition,0.999999981493602,1.0
2016-02-16,Transition,0.9999999880856194,1.0
2016-02-17,Transition,0.9999999945539457,1.0
2016-02-18,Transition,0.9999999970568751,1.0
2016-02-19,Transition,0.9999999972969817,1.0
2016-02-22,Transition,0.9999999962637958,1.0
2016-02-23,Transition,0.9999999980282155,1.0
2016-02-24,Transition,0.9999999977844709,1.0
2016-02-25,Transition,0.999999998282874,1.0
2016-02-26,Transition,0.9999999992251105,1.0
2016-02-29,Transition,0.9999999994070095,1.0
2016-03-01,Transition,0.9999999995307007,1.0
2016-03-02,Transition,0.9999999995743565,1.0
2016-03-03,Transition,0.9999999995925464,1.0
2016-03-04,Transition,0.9999999996798579,1.0
2016-03-07,Transition,0.9999999997125997,1.0
2016-03-08,Transition,0.9999999998544808,1.0
2016-03-09,Transition,0.9999999997380655,1.0
2016-03-10,Transition,0.9999999998399289,1.0
2016-03-11,Transition,0.999999999832653,1.0
2016-03-14,Transition,0.9999999998617568,1.0
2016-03-15,Transition,0.9999999998108251,1.0
2016-03-16,Transition,0.9999999988176569,1.0
2016-03-17,Transition,0.9999999992214725,1.0
2016-03-18,Transition,0.9999999992651283,1.0
2016-03-21,Transition,0.9999999990577635,1.0
2016-03-22,Transition,0.9999999993633537,1.0
2016-03-23,Transition,0.9999999995488906,1.0
2016-03-24,Transition,0.9999999990468496,1.0
2016-03-25,Transition,0.9999999990432116,1.0
2016-03-28,Transition,0.9999999990723154,1.0
2016-03-29,Transition,0.9999999958599801,1.0
2016-03-30,Transition,0.9999999957326509,1.0
2016-03-31,Transition,0.9999999976644176,1.0
2016-04-01,Transition,0.9999999955180101,1.0
2016-04-04,Transition,0.9999999986393959,1.0
2016-04-05,Transition,0.9999999994361133,1.0
2016-04-06,Transition,0.9999999985921022,1.0
2016-04-07,Transition,0.9999999997817213,1.0
2016-04-08,Transition,0.9999999996871338,1.0
2016-04-11,Transition,0.9999999997999112,1.0
2016-04-12,Transition,0.9999999996143742,1.0
2016-04-13,Transition,0.9999999996252882,1.0
2016-04-14,Transition,0.9999999996143742,1.0
2016-04-15,Transition,0.999999999665306,1.0
2016-04-18,Transition,0.9999999995197868,1.0
2016-04-19,Transition,0.9999999996944098,1.0
2016-04-20,Transition,0.9999999997271516,1.0
2016-04-21,Transition,0.9999999997853593,1.0
2016-04-22,Transition,0.9999999995816324,1.0
2016-04-25,Transition,0.9999999997489795,1.0
2016-04-26,Transition,0.9999999997489795,1.0
2016-04-27,Transition,0.9999999998508429,1.0
2016-04-28,Transition,0.9999999999054126,1.0
2016-04-29,Transition,0.9999999999017746,1.0
2016-05-02,Transition,0.9999999998763087,1.0
2016-05-03,Transition,0.9999999999017746,1.0
2016-05-04,Transition,0.9999999999163265,1.0
2016-05-05,Transition,0.9999999999163265,1.0
2016-05-06,Transition,0.9999999998617568,1.0
2016-05-09,Transition,0.999999999836291,1.0
2016-05-10,Transition,0.9999999997817213,1.0
2016-05-11,Transition,0.9999999999454303,1.0
2016-05-12,Transition,0.9999999999417923,1.0
2016-05-13,Transition,0.9999999999708962,1.0
2016-05-16,Transition,0.9999999999672582,1.0
2016-05-17,Transition,0.9999999999781721,1.0
2016-05-18,Transition,0.9999999999708962,1.0
2016-05-19,Transition,0.9999999999708962,1.0
2016-05-20,Transition,0.9999999999745341,1.0
2016-05-23,Transition,0.9999999999818101,1.0
2016-05-24,Transition,0.9999999999781721,1.0
2016-05-25,Transition,0.9999999999708962,1.0
2016-05-26,Transition,0.9999999999599822,1.0
2016-05-27,Transition,0.9999999999563443,1.0
2016-05-30,Transition,0.9999999999563443,1.0
2016-05-31,Transition,0.9999999999708962,1.0
2016-06-01,Transition,0.9999999999781721,1.0
2016-06-02,Transition,0.9999999999818101,1.0
2016-06-03,Transition,0.9999999999745341,1.0
2016-06-06,Transition,0.9999999999781721,1.0
2016-06-07,Transition,0.9999999999818101,1.0
2016-06-08,Transition,0.9999999999854481,1.0
2016-06-09,Transition,0.9999999999890861,1.0
2016-06-10,Transition,0.9999999999781721,1.0
2016-06-13,Transition,0.9999999996252882,1.0
2016-06-14,Transition,0.9999999998508429,1.0
2016-06-15,Transition,0.9999999998653948,1.0
2016-06-16,Transition,0.9999999999636202,1.0
2016-06-17,Transition,0.9999999999163265,1.0
2016-06-20,Transition,0.9999999999454303,1.0
2016-06-21,Transition,0.9999999999308784,1.0
2016-06-22,Transition,0.9999999990977813,1.0
2016-06-23,Transition,0.9999999999563443,1.0
2016-06-24,Transition,0.999999481166149,1.0
2016-06-27,Transition,0.9999999970714271,1.0
2016-06-28,Transition,0.9999999999818101,1.0
2016-06-29,Transition,0.9999999999890861,1.0
2016-06-30,Transition,0.9999999999854481,1.0
2016-07-01,Transition,0.999999999992724,1.0
2016-07-04,Transition,0.999999999992724,1.0
2016-07-05,Transition,0.999999999996362,1.0
2016-07-06,Transition,0.999999999996362,1.0
2016-07-07,Transition,0.999999999996362,1.0
2016-07-08,Transition,0.999999999996362,1.0
2016-07-11,Transition,1.0,1.0
2016-07-12,Transition,0.999999999996362,1.0
2016-07-13,Transition,0.999999999996362,1.0
2016-07-14,Transition,0.999999999996362,1.0
2016-07-15,Transition,0.999999999992724,1.0
2016-07-18,Transition,0.9999999999890861,1.0
2016-07-19,Transition,0.999999999992724,1.0
2016-07-20,Transition,0.999999999992724,1.0
2016-07-21,Transition,0.999999999992724,1.0
2016-07-22,Transition,0.999999999992724,1.0
2016-07-25,Transition,0.999999999992724,1.0
2016-07-26,Transition,0.999999999996362,1.0
2016-07-27,Transition,0.999999999996362,1.0
2016-07-28,Transition,0.999999999996362,1.0
2016-07-29,Transition,0.999999999996362,1.0
2016-08-01,Transition,0.999999999992724,1.0
2016-08-02,Transition,0.999999999992724,1.0
2016-08-03,Transition,0.9999999999890861,1.0
2016-08-04,Transition,0.999999999992724,1.0
2016-08-05,Transition,0.9999999999890861,1.0
2016-08-08,Transition,0.999999999992724,1.0
2016-08-09,Transition,0.999999999992724,1.0
2016-08-10,Transition,0.999999999996362,1.0
2016-08-11,Transition,0.999999999996362,1.0
2016-08-12,Transition,0.999999999996362,1.0
2016-08-15,Transition,0.999999999996362,1.0
2016-08-16,Transition,0.999999999996362,1.0
2016-08-17,Transition,0.999999999996362,1.0
2016-08-18,Transition,0.999999999996362,1.0
2016-08-19,Transition,0.999999999996362,1.0
2016-08-22,Transition,0.999999999996362,1.0
2016-08-23,Transition,0.999999999996362,1.0
2016-08-24,Transition,0.999999999996362,1.0
2016-08-25,Transition,0.999999999996362,1.0
2016-08-26,Transition,0.999999999996362,1.0
2016-08-29,Transition,0.999999999996362,1.0
2016-08-30,Transition,0.999999999996362,1.0
2016-08-31,Transition,0.999999999996362,1.0
2016-09-01,Transition,0.999999999996362,1.0
2016-09-02,Transition,0.999999999996362,1.0
2016-09-05,Transition,0.999999999996362,1.0
2016-09-06,Transition,0.999999999996362,1.0
2016-09-07,Transition,0.999999999996362,1.0
2016-09-08,Transition,0.999999999992724,1.0
2016-09-09,Transition,0.9999999998035491,1.0
2016-09-12,Transition,0.9999999999781721,1.0
2016-09-13,Transition,0.9999999997125997,1.0
2016-09-14,Transition,0.9999999997162377,1.0
2016-09-15,Transition,0.9999999999126885,1.0
2016-09-16,Transition,0.9999999999708962,1.0
2016-09-19,Transition,0.9999999999745341,1.0
2016-09-20,Transition,0.9999999999708962,1.0
2016-09-21,Transition,0.999999999992724,1.0
2016-09-22,Transition,0.999999999996362,1.0
2016-09-23,Transition,0.999999999992724,1.0
2016-09-26,Transition,0.999999999992724,1.0
2016-09-27,Transition,0.999999999996362,1.0
2016-09-28,Transition,0.999999999996362,1.0
2016-09-29,Transition,0.999999999992724,1.0
2016-09-30,Transition,0.999999999996362,1.0
2016-10-03,Transition,0.999999999992724,1.0
2016-10-04,Transition,0.9999999999890861,1.0
2016-10-05,Transition,0.9999999999890861,1.0
2016-10-06,Transition,0.9999999999890861,1.0
2016-10-07,Transition,0.9999999999818101,1.0
2016-10-10,Transition,0.9999999999854481,1.0
2016-10-11,Transition,0.9999999999527063,1.0
2016-10-12,Transition,0.9999999999054126,1.0
2016-10-13,Transition,0.9999999998544808,1.0
2016-10-14,Transition,0.9999999997453415,1.0
2016-10-17,Transition,0.9999999997526174,1.0
2016-10-18,Transition,0.9999999999090505,1.0
2016-10-19,Transition,0.9999999999199645,1.0
2016-10-20,Transition,0.9999999999599822,1.0
2016-10-21,Transition,0.9999999999745341,1.0
2016-10-24,Transition,0.9999999999636202,1.0
2016-10-25,Transition,0.9999999999708962,1.0
2016-10-26,Transition,0.9999999999527063,1.0
2016-10-27,Transition,0.9999999998399289,1.0
2016-10-28,Transition,0.9999999996834958,1.0
2016-10-31,Transition,0.999999999665306,1.0
2016-11-01,Transition,0.9999999986575858,1.0
2016-11-02,Transition,0.9999999972933438,1.0
2016-11-03,Transition,0.9999997669729327,1.0
2016-11-04,Transition,0.9999996822989993,1.0
2016-11-07,Transition,0.9999999981409928,1.0
2016-11-08,Transition,0.9999999976935214,1.0
2016-11-09,Transition,0.9999999996034603,1.0
2016-11-10,Transition,0.9999999989377102,1.0
2016-11-11,Transition,0.9999999990577635,1.0
2016-11-14,Transition,0.9999999984029273,1.0
2016-11-15,Transition,0.9999999989850039,1.0
2016-11-16,Transition,0.9999999991596269,1.0
2016-11-17,Transition,0.9999999987740011,1.0
2016-11-18,Transition,0.9999999986794137,1.0
2016-11-21,Transition,0.9999999983374437,1.0
2016-11-22,Transition,0.999999998119165,1.0
2016-11-23,Transition,0.9999999938663677,1.0
2016-11-24,Transition,0.9999999938481778,1.0
2016-11-25,Transition,0.9999999788742573,1.0
2016-11-28,Transition,0.9999999891442712,1.0
2016-11-29,Transition,0.9999999948631739,1.0
2016-11-30,Transition,0.9999999862411642,1.0
2016-12-01,Transition,0.9999999797146304,1.0
2016-12-02,Transition,0.9999999873507477,1.0
2016-12-05,Transition,0.9999999656101869,1.0
2016-12-06,Transition,0.999999968833436,1.0
2016-12-07,Transition,0.9999999884603312,1.0
2016-12-08,Transition,0.99999998867861,1.0
2016-12-09,Transition,0.9999999786741685,1.0
2016-12-12,Transition,0.9999999863612175,1.0
2016-12-13,Transition,0.999999987805495,1.0
2016-12-14,Transition,0.9999999875581125,1.0
2016-12-15,Transition,0.9999999693027353,1.0
2016-12-16,Transition,0.9999999855972419,1.0
2016-12-19,Transition,0.9999999943502189,1.0
2016-12-20,Transition,0.9999999922365532,1.0
2016-12-21,Transition,0.9999999921419658,1.0
2016-12-22,Transition,0.999999991930963,1.0
2016-12-23,Transition,0.9999999939536792,1.0
2016-12-26,Transition,0.9999999939427653,1.0
2016-12-27,Transition,0.9999999932952051,1.0
2016-12-28,Transition,0.9999999941828719,1.0
2016-12-29,Transition,0.9999999956526153,1.0
2016-12-30,Transition,0.9999999930732884,1.0
2017-01-02,Transition,0.9999999930623744,1.0
2017-01-03,Transition,0.9999999969586497,1.0
2017-01-04,Transition,0.9999999956162355,1.0
2017-01-05,Transition,0.9999999976862455,1.0
2017-01-06,Transition,0.9999999970968929,1.0
2017-01-09,Transition,0.9999999981300789,1.0
2017-01-10,Transition,0.9999999956853571,1.0
2017-01-11,Transition,0.9999999969877535,1.0
2017-01-12,Transition,0.9999999942883733,1.0
2017-01-13,Transition,0.9999999916690285,1.0
2017-01-16,Transition,0.9999999917163223,1.0
2017-01-17,Transition,0.999999997595296,1.0
2017-01-18,Transition,0.9999999969732016,1.0
2017-01-19,Transition,0.999999995532562,1.0
2017-01-20,Transition,0.9999999954634404,1.0
2017-01-23,Transition,0.9999999960164132,1.0
2017-01-24,Transition,0.999999991421646,1.0
2017-01-25,Transition,0.9999999863612175,1.0
2017-01-26,Transition,0.9999999888605089,1.0
2017-01-27,Transition,0.9999999873980414,1.0
2017-01-30,Transition,0.9999999920401024,1.0
2017-01-31,Transition,0.9999999877618393,1.0
2017-02-01,Transition,0.999999989347998,1.0
2017-02-02,Transition,0.9999999933825165,1.0
2017-02-03,Transition,0.9999999964602466,1.0
2017-02-06,Transition,0.9999999965075403,1.0
2017-02-07,Transition,0.9999999974934326,1.0
2017-02-08,Transition,0.9999999975698302,1.0
2017-02-09,Transition,0.9999999976716936,1.0
2017-02-10,Transition,0.9999999918727553,1.0
2017-02-13,Transition,0.9999999864012352,1.0
2017-02-14,Transition,0.9999999923966243,1.0
2017-02-15,Transition,0.9999999911233317,1.0
2017-02-16,Transition,0.999999994677637,1.0
2017-02-17,Transition,0.9999999956526153,1.0
2017-02-20,Transition,0.9999999956453394,1.0
2017-02-21,Transition,0.9999999931169441,1.0
2017-02-22,Transition,0.999999992956873,1.0
2017-02-23,Transition,0.9999999976498657,1.0
2017-02-24,Transition,0.9999999977335392,1.0
2017-02-27,Transition,0.9999999972060323,1.0
2017-02-28,Transition,0.9999999951032805,1.0
2017-03-01,Transition,0.9999999920328264,1.0
2017-03-02,Transition,0.9999999947576725,1.0
2017-03-03,Transition,0.9999999955143721,1.0
2017-03-06,Transition,0.9999999967731128,1.0
2017-03-07,Transition,0.9999999968895281,1.0
2017-03-08,Transition,0.9999999966603355,1.0
2017-03-09,Transition,0.9999999964456947,1.0
2017-03-10,Transition,0.9999999967039912,1.0
2017-03-13,Transition,0.9999999961000867,1.0
2017-03-14,Transition,0.9999999955180101,1.0
2017-03-15,Transition,0.9999999949395715,1.0
2017-03-16,Transition,0.9999999967512849,1.0
2017-03-17,Transition,0.9999999966421456,1.0
2017-03-20,Transition,0.9999999976098479,1.0
2017-03-21,Transition,0.9999999984902388,1.0
2017-03-22,Transition,0.9999999986430339,1.0
2017-03-23,Transition,0.9999999979154381,1.0
2017-03-24,Transition,0.999999998286512,1.0
2017-03-27,Transition,0.9999999989340722,1.0
2017-03-28,Transition,0.9999999985702743,1.0
2017-03-29,Transition,0.9999999984065653,1.0
2017-03-30,Transition,0.9999999979518179,1.0
2017-03-31,Transition,0.9999999980791472,1.0
2017-04-03,Transition,0.999999998966814,1.0
2017-04-04,Transition,0.999999999141437,1.0
2017-04-05,Transition,0.9999999970386853,1.0
2017-04-06,Transition,0.9999999982683221,1.0
2017-04-07,Transition,0.9999999980682333,1.0
2017-04-10,Transition,0.9999999969222699,1.0
2017-04-11,Transition,0.9999999951651262,1.0
2017-04-12,Transition,0.9999999945648597,1.0
2017-04-13,Transition,0.9999999949686753,1.0
2017-04-14,Transition,0.9999999949650373,1.0
2017-04-17,Transition,0.9999999981846486,1.0
2017-04-18,Transition,0.9999999993669917,1.0
2017-04-19,Transition,0.9999999984793249,1.0
2017-04-20,Transition,0.9999999990832293,1.0
2017-04-21,Transition,0.9999999985557224,1.0
2017-04-24,Transition,0.9999999997489795,1.0
2017-04-25,Transition,0.9999999995452526,1.0
2017-04-26,Transition,0.9999999995343387,1.0
2017-04-27,Transition,0.9999999995925464,1.0
2017-04-28,Transition,0.9999999996180122,1.0
2017-05-01,Transition,0.9999999991159711,1.0
2017-05-02,Transition,0.9999999994106474,1.0
2017-05-03,Transition,0.9999999996471161,1.0
2017-05-04,Transition,0.9999999996216502,1.0
2017-05-05,Transition,0.9999999995561666,1.0
2017-05-08,Transition,0.9999999996216502,1.0
2017-05-09,Transition,0.9999999995525286,1.0
2017-05-10,Transition,0.9999999995379767,1.0
2017-05-11,Transition,0.9999999995598046,1.0
2017-05-12,Transition,0.9999999995598046,1.0
2017-05-15,Transition,0.9999999995307007,1.0
2017-05-16,Transition,0.999999999483407,1.0
2017-05-17,Transition,0.9999999945575837,1.0
2017-05-18,Transition,0.9999999981482688,1.0
2017-05-19,Transition,0.9999999995707185,1.0
2017-05-22,Transition,0.9999999996798579,1.0
2017-05-23,Transition,0.9999999995961844,1.0
2017-05-24,Transition,0.9999999996907718,1.0
2017-05-25,Transition,0.9999999997053237,1.0
2017-05-26,Transition,0.999999999821739,1.0
2017-05-29,Transition,0.999999999821739,1.0
2017-05-30,Transition,0.9999999998108251,1.0
2017-05-31,Transition,0.999999999829015,1.0
2017-06-01,Transition,0.9999999998035491,1.0
2017-06-02,Transition,0.9999999999017746,1.0
2017-06-05,Transition,0.9999999999199645,1.0
2017-06-06,Transition,0.9999999999490683,1.0
2017-06-07,Transition,0.9999999999345164,1.0
2017-06-08,Transition,0.9999999998653948,1.0
2017-06-09,Transition,0.9999999997162377,1.0
2017-06-12,Transition,0.9999999997307896,1.0
2017-06-13,Transition,0.9999999998617568,1.0
2017-06-14,Transition,0.9999999999199645,1.0
2017-06-15,Transition,0.9999999998653948,1.0
2017-06-16,Transition,0.9999999998726707,1.0
2017-06-19,Transition,0.9999999997780833,1.0
2017-06-20,Transition,0.9999999998544808,1.0
2017-06-21,Transition,0.9999999997526174,1.0
2017-06-22,Transition,0.9999999997926352,1.0
2017-06-23,Transition,0.9999999997817213,1.0
2017-06-26,Transition,0.9999999997271516,1.0
2017-06-27,Transition,0.9999999994652171,1.0
2017-06-28,Transition,0.9999999993597157,1.0
2017-06-29,Transition,0.9999999986612238,1.0
2017-06-30,Transition,0.9999999980500434,1.0
2017-07-03,Transition,0.9999999966385076,1.0
2017-07-04,Transition,0.9999999966166797,1.0
2017-07-05,Transition,0.9999999982137524,1.0
2017-07-06,Transition,0.9999999965330062,1.0
2017-07-07,Transition,0.9999999969368218,1.0
2017-07-10,Transition,0.999999994681275,1.0
2017-07-11,Transition,0.9999999728788683,1.0
2017-07-12,Transition,0.999999772535401,1.0
2017-07-13,Transition,0.9999981065102211,1.0
2017-07-14,Transition,0.9999803281323226,1.0
2017-07-17,Transition,0.9998057039488194,1.0
2017-07-18,Transition,0.9990570657692909,1.0
2017-07-19,Transition,0.9967743489899367,1.0
2017-07-20,Transition,0.9895278745492001,1.0
2017-07-21,Transition,0.9660845861637607,1.0
2017-07-24,Transition,0.8807253952173004,1.0
2017-07-25,Expansion,0.39284696727200635,1.0
2017-07-26,Expansion,0.6130187857121191,1.0
2017-07-27,Expansion,0.7107807921853408,1.0
2017-07-28,Expansion,0.7811528102935222,1.0
2017-07-31,Expansion,0.855614446262615,1.0
2017-08-01,Expansion,0.9168100170172625,1.0
2017-08-02,Expansion,0.9611100096036889,1.0
2017-08-03,Expansion,0.9844379902769196,1.0
2017-08-04,Expansion,0.9949897432865941,1.0
2017-08-07,Expansion,0.9989520909914442,1.0
2017-08-08,Expansion,0.9998650653637927,1.0
2017-08-09,Expansion,0.9999678002805114,1.0
2017-08-10,Expansion,0.9999996941879102,1.0
2017-08-11,Expansion,0.9999999856336217,1.0
2017-08-14,Expansion,0.999999994684913,1.0
2017-08-15,Expansion,0.9999999976243998,1.0
2017-08-16,Expansion,0.9999999993415258,1.0
2017-08-17,Expansion,0.9999999998763087,1.0
2017-08-18,Expansion,0.9999999998617568,1.0
2017-08-21,Expansion,0.9999999997962732,1.0
2017-08-22,Expansion,0.9999999995598046,1.0
2017-08-23,Expansion,0.9999999998071871,1.0
2017-08-24,Expansion,0.9999999997708073,1.0
2017-08-25,Expansion,0.9999999998399289,1.0
2017-08-28,Expansion,0.999999999829015,1.0
2017-08-29,Expansion,0.9999999998908606,1.0
2017-08-30,Expansion,0.9999999998544808,1.0
2017-08-31,Expansion,0.9999999998872227,1.0
2017-09-01,Expansion,0.9999999998435669,1.0
2017-09-04,Expansion,0.9999999998435669,1.0
2017-09-05,Expansion,0.9999999999417923,1.0
2017-09-06,Expansion,0.9999999999054126,1.0
2017-09-07,Expansion,0.9999999999236024,1.0
2017-09-08,Expansion,0.9999999999381544,1.0
2017-09-11,Expansion,0.9999999998653948,1.0
2017-09-12,Expansion,0.9999999998435669,1.0
2017-09-13,Expansion,0.9999999998544808,1.0
2017-09-14,Expansion,0.9999999999090505,1.0
2017-09-15,Expansion,0.9999999999272404,1.0
2017-09-18,Expansion,0.9999999999054126,1.0
2017-09-19,Expansion,0.9999999998981366,1.0
2017-09-20,Expansion,0.9999999999199645,1.0
2017-09-21,Expansion,0.9999999999199645,1.0
2017-09-22,Expansion,0.9999999999308784,1.0
2017-09-25,Expansion,0.9999999999599822,1.0
2017-09-26,Expansion,0.9999999999563443,1.0
2017-09-27,Expansion,0.9999999999090505,1.0
2017-09-28,Expansion,0.9999999998472049,1.0
2017-09-29,Expansion,0.9999999998653948,1.0
2017-10-02,Expansion,0.9999999998690328,1.0
2017-10-03,Expansion,0.9999999998472049,1.0
2017-10-04,Expansion,0.9999999998617568,1.0
2017-10-05,Expansion,0.9999999998035491,1.0
2017-10-06,Expansion,0.9999999998908606,1.0
2017-10-09,Expansion,0.9999999999163265,1.0
2017-10-10,Expansion,0.9999999998944986,1.0
2017-10-11,Expansion,0.9999999998726707,1.0
2017-10-12,Expansion,0.9999999998908606,1.0
2017-10-13,Expansion,0.9999999999308784,1.0
2017-10-16,Expansion,0.9999999999417923,1.0
2017-10-17,Expansion,0.9999999999490683,1.0
2017-10-18,Expansion,0.9999999999599822,1.0
2017-10-19,Expansion,0.9999999999599822,1.0
2017-10-20,Expansion,0.9999999999345164,1.0
2017-10-23,Expansion,0.9999999999417923,1.0
2017-10-24,Expansion,0.9999999999236024,1.0
2017-10-25,Expansion,0.9999999999126885,1.0
2017-10-26,Expansion,0.9999999999126885,1.0
2017-10-27,Expansion,0.9999999998908606,1.0
2017-10-30,Expansion,0.9999999999381544,1.0
2017-10-31,Expansion,0.9999999999381544,1.0
2017-11-01,Expansion,0.9999999999527063,1.0
2017-11-02,Expansion,0.9999999999563443,1.0
2017-11-03,Expansion,0.9999999999636202,1.0
2017-11-06,Expansion,0.9999999999636202,1.0
2017-11-07,Expansion,0.9999999999781721,1.0
2017-11-08,Expansion,0.9999999999781721,1.0
2017-11-09,Expansion,0.9999999999636202,1.0
2017-11-10,Expansion,0.9999999999563443,1.0
2017-11-13,Expansion,0.9999999999708962,1.0
2017-11-14,Expansion,0.9999999999672582,1.0
2017-11-15,Expansion,0.9999999999854481,1.0
2017-11-16,Expansion,0.9999999999854481,1.0
2017-11-17,Expansion,0.999999999992724,1.0
2017-11-20,Expansion,0.999999999992724,1.0
2017-11-21,Expansion,0.999999999992724,1.0
2017-11-22,Expansion,0.999999999992724,1.0
2017-11-23,Expansion,0.999999999992724,1.0
2017-11-24,Expansion,0.9999999999890861,1.0
2017-11-27,Expansion,0.999999999992724,1.0
2017-11-28,Expansion,0.999999999992724,1.0
2017-11-29,Expansion,0.999999999996362,1.0
2017-11-30,Expansion,0.999999999992724,1.0
2017-12-01,Expansion,0.999999999996362,1.0
2017-12-04,Expansion,0.999999999996362,1.0
2017-12-05,Expansion,1.0,1.0
2017-12-06,Expansion,0.999999999996362,1.0
2017-12-07,Expansion,0.999999999996362,1.0
2017-12-08,Expansion,0.999999999992724,1.0
2017-12-11,Expansion,0.999999999996362,1.0
2017-12-12,Expansion,0.999999999996362,1.0
2017-12-13,Expansion,0.999999999996362,1.0
2017-12-14,Expansion,0.999999999996362,1.0
2017-12-15,Expansion,0.999999999996362,1.0
2017-12-18,Expansion,0.999999999992724,1.0
2017-12-19,Expansion,0.999999999992724,1.0
2017-12-20,Expansion,0.9999999999854481,1.0
2017-12-21,Expansion,0.9999999999890861,1.0
2017-12-22,Expansion,0.999999999992724,1.0
2017-12-25,Expansion,0.999999999992724,1.0
2017-12-26,Expansion,0.999999999996362,1.0
2017-12-27,Expansion,0.999999999996362,1.0
2017-12-28,Expansion,0.999999999996362,1.0
2017-12-29,Expansion,0.999999999996362,1.0
2018-01-01,Expansion,0.999999999996362,1.0
2018-01-02,Expansion,0.999999999996362,1.0
2018-01-03,Expansion,0.999999999996362,1.0
2018-01-04,Expansion,0.999999999996362,1.0
2018-01-05,Expansion,1.0,1.0
2018-01-08,Expansion,0.999999999996362,1.0
2018-01-09,Expansion,0.999999999996362,1.0
2018-01-10,Expansion,0.999999999996362,1.0
2018-01-11,Expansion,0.999999999996362,1.0
2018-01-12,Expansion,0.999999999996362,1.0
2018-01-15,Expansion,0.999999999996362,1.0
2018-01-16,Expansion,1.0,1.0
2018-01-17,Expansion,1.0,1.0
2018-01-18,Expansion,0.999999999996362,1.0
2018-01-19,Expansion,0.999999999996362,1.0
2018-01-22,Expansion,0.999999999996362,1.0
2018-01-23,Expansion,0.999999999996362,1.0
2018-01-24,Expansion,0.999999999996362,1.0
2018-01-25,Expansion,1.0,1.0
2018-01-26,Expansion,1.0,1.0
2018-01-29,Expansion,0.999999999996362,1.0
2018-01-30,Expansion,0.999999999996362,1.0
2018-01-31,Expansion,0.999999999996362,1.0
2018-02-01,Expansion,0.999999999992724,1.0
2018-02-02,Expansion,0.999999923944418,1.0
2018-02-05,Expansion,0.9980328744782901,1.0
2018-02-06,Expansion,0.999802753463628,1.0
2018-02-07,Expansion,0.9999771138681833,1.0
2018-02-08,Expansion,0.9999766041809575,1.0
2018-02-09,Expansion,0.9999993582934862,1.0
2018-02-12,Expansion,0.9999999970423232,1.0
2018-02-13,Expansion,0.9999999993779056,1.0
2018-02-14,Expansion,0.9999999999454303,1.0
2018-02-15,Expansion,0.9999999999563443,1.0
2018-02-16,Expansion,0.9999999999708962,1.0
2018-02-19,Expansion,0.9999999999708962,1.0
2018-02-20,Expansion,0.9999999999599822,1.0
2018-02-21,Expansion,0.9999999999454303,1.0
2018-02-22,Expansion,0.9999999999708962,1.0
2018-02-23,Expansion,0.9999999999890861,1.0
2018-02-26,Expansion,0.9999999999890861,1.0
2018-02-27,Expansion,0.9999999999818101,1.0
2018-02-28,Expansion,0.9999999999781721,1.0
2018-03-01,Expansion,0.9999999999454303,1.0
2018-03-02,Expansion,0.9999999999854481,1.0
2018-03-05,Expansion,0.9999999999854481,1.0
2018-03-06,Expansion,0.9999999999854481,1.0
2018-03-07,Expansion,0.9999999999890861,1.0
2018-03-08,Expansion,0.999999999992724,1.0
2018-03-09,Expansion,0.999999999992724,1.0
2018-03-12,Expansion,0.999999999996362,1.0
2018-03-13,Expansion,0.999999999996362,1.0
2018-03-14,Expansion,0.999999999996362,1.0
2018-03-15,Expansion,0.999999999996362,1.0
2018-03-16,Expansion,0.999999999996362,1.0
2018-03-19,Expansion,0.999999999996362,1.0
2018-03-20,Expansion,0.999999999996362,1.0
2018-03-21,Expansion,0.999999999996362,1.0
2018-03-22,Expansion,0.9999999999672582,1.0
2018-03-23,Expansion,0.9999999999345164,1.0
2018-03-26,Expansion,0.999999999996362,1.0
2018-03-27,Expansion,0.9999999999890861,1.0
2018-03-28,Expansion,0.9999999999890861,1.0
2018-03-29,Expansion,0.999999999996362,1.0
2018-03-30,Expansion,0.999999999996362,1.0
2018-04-02,Expansion,0.9999999999818101,1.0
2018-04-03,Expansion,0.999999999992724,1.0
2018-04-04,Expansion,0.999999999996362,1.0
2018-04-05,Expansion,0.999999999996362,1.0
2018-04-06,Expansion,0.999999999992724,1.0
2018-04-09,Expansion,0.9999999999890861,1.0
2018-04-10,Expansion,0.999999999992724,1.0
2018-04-11,Expansion,0.999999999996362,1.0
2018-04-12,Expansion,0.999999999996362,1.0
2018-04-13,Expansion,1.0,1.0
2018-04-16,Expansion,1.0,1.0
2018-04-17,Expansion,1.0,1.0
2018-04-18,Expansion,1.0,1.0
2018-04-19,Expansion,1.0,1.0
2018-04-20,Expansion,0.999999999996362,1.0
2018-04-23,Expansion,0.999999999996362,1.0
2018-04-24,Expansion,0.999999999996362,1.0
2018-04-25,Expansion,0.999999999996362,1.0
2018-04-26,Expansion,0.999999999996362,1.0
2018-04-27,Expansion,1.0,1.0
2018-04-30,Expansion,1.0,1.0
2018-05-01,Expansion,1.0,1.0
2018-05-02,Expansion,1.0,1.0
2018-05-03,Expansion,1.0,1.0
2018-05-04,Expansion,1.0,1.0
2018-05-07,Expansion,1.0,1.0
2018-05-08,Expansion,1.0,1.0
2018-05-09,Expansion,1.0,1.0
2018-05-10,Expansion,1.0,1.0
2018-05-11,Expansion,1.0,1.0
2018-05-14,Expansion,1.0,1.0
2018-05-15,Expansion,1.0,1.0
2018-05-16,Expansion,1.0,1.0
2018-05-17,Expansion,0.999999999996362,1.0
2018-05-18,Expansion,1.0,1.0
2018-05-21,Expansion,1.0,1.0
2018-05-22,Expansion,1.0,1.0
2018-05-23,Expansion,1.0,1.0
2018-05-24,Expansion,1.0,1.0
2018-05-25,Expansion,1.0,1.0
2018-05-28,Expansion,1.0,1.0
2018-05-29,Expansion,1.0,1.0
2018-05-30,Expansion,1.0,1.0
2018-05-31,Expansion,1.0,1.0
2018-06-01,Expansion,1.0,1.0
2018-06-04,Expansion,1.0,1.0
2018-06-05,Expansion,1.0,1.0
2018-06-06,Expansion,1.0,1.0
2018-06-07,Expansion,1.0,1.0
2018-06-08,Expansion,1.0,1.0
2018-06-11,Expansion,1.0,1.0
2018-06-12,Expansion,1.0,1.0
2018-06-13,Expansion,1.0,1.0
2018-06-14,Expansion,1.0,1.0
2018-06-15,Expansion,1.0,1.0
2018-06-18,Expansion,1.0,1.0
2018-06-19,Expansion,1.0,1.0
2018-06-20,Expansion,1.0,1.0
2018-06-21,Expansion,1.0,1.0
2018-06-22,Expansion,1.0,1.0
2018-06-25,Expansion,1.0,1.0
2018-06-26,Expansion,1.0,1.0
2018-06-27,Expansion,1.0,1.0
2018-06-28,Expansion,1.0,1.0
2018-06-29,Expansion,1.0,1.0
2018-07-02,Expansion,1.0,1.0
2018-07-03,Expansion,1.0,1.0
2018-07-04,Expansion,1.0,1.0
2018-07-05,Expansion,1.0,1.0
2018-07-06,Expansion,1.0,1.0
2018-07-09,Expansion,1.0,1.0
2018-07-10,Expansion,1.0,1.0
2018-07-11,Expansion,1.0,1.0
2018-07-12,Expansion,1.0,1.0
2018-07-13,Expansion,1.0,1.0
2018-07-16,Expansion,1.0,1.0
2018-07-17,Expansion,1.0,1.0
2018-07-18,Expansion,1.0,1.0
2018-07-19,Expansion,1.0,1.0
2018-07-20,Expansion,1.0,1.0
2018-07-23,Expansion,1.0,1.0
2018-07-24,Expansion,1.0,1.0
2018-07-25,Expansion,1.0,1.0
2018-07-26,Expansion,1.0,1.0
2018-07-27,Expansion,1.0,1.0
2018-07-30,Expansion,1.0,1.0
2018-07-31,Expansion,1.0,1.0
2018-08-01,Expansion,1.0,1.0
2018-08-02,Expansion,1.0,1.0
2018-08-03,Expansion,1.0,1.0
2018-08-06,Expansion,1.0,1.0
2018-08-07,Expansion,1.0,1.0
2018-08-08,Expansion,1.0,1.0
2018-08-09,Expansion,1.0,1.0
2018-08-10,Expansion,1.0,1.0
2018-08-13,Expansion,1.0,1.0
2018-08-14,Expansion,1.0,1.0
2018-08-15,Expansion,1.0,1.0
2018-08-16,Expansion,1.0,1.0
2018-08-17,Expansion,1.0,1.0
2018-08-20,Expansion,1.0,1.0
2018-08-21,Expansion,1.0,1.0
2018-08-22,Expansion,1.0,1.0
2018-08-23,Expansion,1.0,1.0
2018-08-24,Expansion,1.0,1.0
2018-08-27,Expansion,1.0,1.0
2018-08-28,Expansion,1.0,1.0
2018-08-29,Expansion,1.0,1.0
2018-08-30,Expansion,1.0,1.0
2018-08-31,Expansion,1.0,1.0
2018-09-03,Expansion,1.0,1.0
2018-09-04,Expansion,1.0,1.0
2018-09-05,Expansion,1.0,1.0
2018-09-06,Expansion,1.0,1.0
2018-09-07,Expansion,1.0,1.0
2018-09-10,Expansion,1.0,1.0
2018-09-11,Expansion,1.0,1.0
2018-09-12,Expansion,1.0,1.0
2018-09-13,Expansion,1.0,1.0
2018-09-14,Expansion,1.0,1.0
2018-09-17,Expansion,1.0,1.0
2018-09-18,Expansion,1.0,1.0
2018-09-19,Expansion,1.0,1.0
2018-09-20,Expansion,1.0,1.0
2018-09-21,Expansion,1.0,1.0
2018-09-24,Expansion,1.0,1.0
2018-09-25,Expansion,1.0,1.0
2018-09-26,Expansion,1.0,1.0
2018-09-27,Expansion,1.0,1.0
2018-09-28,Expansion,1.0,1.0
2018-10-01,Expansion,1.0,1.0
2018-10-02,Expansion,1.0,1.0
2018-10-03,Expansion,1.0,1.0
2018-10-04,Expansion,1.0,1.0
2018-10-05,Expansion,1.0,1.0
2018-10-08,Expansion,1.0,1.0
2018-10-09,Expansion,1.0,1.0
2018-10-10,Expansion,0.9999999999890861,1.0
2018-10-11,Expansion,0.9999999999818101,1.0
2018-10-12,Expansion,1.0,1.0
2018-10-15,Expansion,0.999999999996362,1.0
2018-10-16,Expansion,1.0,1.0
2018-10-17,Expansion,1.0,1.0
2018-10-18,Expansion,1.0,1.0
2018-10-19,Expansion,1.0,1.0
2018-10-22,Expansion,1.0,1.0
2018-10-23,Expansion,1.0,1.0
2018-10-24,Expansion,0.9999999999890861,1.0
2018-10-25,Expansion,0.999999999996362,1.0
2018-10-26,Expansion,0.999999999996362,1.0
2018-10-29,Expansion,0.999999999996362,1.0
2018-10-30,Expansion,1.0,1.0
2018-10-31,Expansion,1.0,1.0
2018-11-01,Expansion,1.0,1.0
2018-11-02,Expansion,1.0,1.0
2018-11-05,Expansion,1.0,1.0
2018-11-06,Expansion,1.0,1.0
2018-11-07,Expansion,1.0,1.0
2018-11-08,Expansion,1.0,1.0
2018-11-09,Expansion,1.0,1.0
2018-11-12,Expansion,1.0,1.0
2018-11-13,Expansion,1.0,1.0
2018-11-14,Expansion,1.0,1.0
2018-11-15,Expansion,1.0,1.0
2018-11-16,Expansion,1.0,1.0
2018-11-19,Expansion,1.0,1.0
2018-11-20,Expansion,1.0,1.0
2018-11-21,Expansion,1.0,1.0
2018-11-22,Expansion,1.0,1.0
2018-11-23,Expansion,1.0,1.0
2018-11-26,Expansion,1.0,1.0
2018-11-27,Expansion,1.0,1.0
2018-11-28,Expansion,1.0,1.0
2018-11-29,Expansion,1.0,1.0
2018-11-30,Expansion,1.0,1.0
2018-12-03,Expansion,1.0,1.0
2018-12-04,Expansion,1.0,1.0
2018-12-05,Expansion,1.0,1.0
2018-12-06,Expansion,1.0,1.0
2018-12-07,Expansion,1.0,1.0
2018-12-10,Expansion,1.0,1.0
2018-12-11,Expansion,1.0,1.0
2018-12-12,Expansion,1.0,1.0
2018-12-13,Expansion,1.0,1.0
2018-12-14,Expansion,1.0,1.0
2018-12-17,Expansion,1.0,1.0
2018-12-18,Expansion,1.0,1.0
2018-12-19,Expansion,1.0,1.0
2018-12-20,Expansion,1.0,1.0
2018-12-21,Expansion,0.999999999996362,1.0
2018-12-24,Expansion,0.9999999994652171,1.0
2018-12-25,Expansion,0.9999999994688551,1.0
2018-12-26,Expansion,0.9999999999890861,1.0
2018-12-27,Expansion,0.999999999992724,1.0
2018-12-28,Expansion,0.999999999996362,1.0
2018-12-31,Expansion,1.0,1.0
2019-01-01,Expansion,1.0,1.0
2019-01-02,Expansion,1.0,1.0
2019-01-03,Expansion,1.0,1.0
2019-01-04,Expansion,1.0,1.0
2019-01-07,Expansion,1.0,1.0
2019-01-08,Expansion,1.0,1.0
2019-01-09,Expansion,1.0,1.0
2019-01-10,Expansion,1.0,1.0
2019-01-11,Expansion,1.0,1.0
2019-01-14,Expansion,1.0,1.0
2019-01-15,Expansion,1.0,1.0
2019-01-16,Expansion,1.0,1.0
2019-01-17,Expansion,1.0,1.0
2019-01-18,Expansion,1.0,1.0
2019-01-21,Expansion,1.0,1.0
2019-01-22,Expansion,1.0,1.0
2019-01-23,Expansion,1.0,1.0
2019-01-24,Expansion,1.0,1.0
2019-01-25,Expansion,1.0,1.0
2019-01-28,Expansion,1.0,1.0
2019-01-29,Expansion,1.0,1.0
2019-01-30,Expansion,1.0,1.0
2019-01-31,Expansion,1.0,1.0
2019-02-01,Expansion,1.0,1.0
2019-02-04,Expansion,1.0,1.0
2019-02-05,Expansion,1.0,1.0
2019-02-06,Expansion,1.0,1.0
2019-02-07,Expansion,1.0,1.0
2019-02-08,Expansion,1.0,1.0
2019-02-11,Expansion,1.0,1.0
2019-02-12,Expansion,1.0,1.0
2019-02-13,Expansion,1.0,1.0
2019-02-14,Expansion,1.0,1.0
2019-02-15,Expansion,1.0,1.0
2019-02-18,Expansion,1.0,1.0
2019-02-19,Expansion,1.0,1.0
2019-02-20,Expansion,1.0,1.0
2019-02-21,Expansion,1.0,1.0
2019-02-22,Expansion,1.0,1.0
2019-02-25,Expansion,1.0,1.0
2019-02-26,Expansion,1.0,1.0
2019-02-27,Expansion,1.0,1.0
2019-02-28,Expansion,1.0,1.0
2019-03-01,Expansion,1.0,1.0
2019-03-04,Expansion,1.0,1.0
2019-03-05,Expansion,1.0,1.0
2019-03-06,Expansion,1.0,1.0
2019-03-07,Expansion,1.0,1.0
2019-03-08,Expansion,1.0,1.0
2019-03-11,Expansion,1.0,1.0
2019-03-12,Expansion,1.0,1.0
2019-03-13,Expansion,1.0,1.0
2019-03-14,Expansion,1.0,1.0
2019-03-15,Expansion,1.0,1.0
2019-03-18,Expansion,1.0,1.0
2019-03-19,Expansion,1.0,1.0
2019-03-20,Expansion,1.0,1.0
2019-03-21,Expansion,1.0,1.0
2019-03-22,Expansion,1.0,1.0
2019-03-25,Expansion,1.0,1.0
2019-03-26,Expansion,1.0,1.0
2019-03-27,Expansion,1.0,1.0
2019-03-28,Expansion,1.0,1.0
2019-03-29,Expansion,1.0,1.0
2019-04-01,Expansion,1.0,1.0
2019-04-02,Expansion,1.0,1.0
2019-04-03,Expansion,1.0,1.0
2019-04-04,Expansion,1.0,1.0
2019-04-05,Expansion,1.0,1.0
2019-04-08,Expansion,1.0,1.0
2019-04-09,Expansion,1.0,1.0
2019-04-10,Expansion,1.0,1.0
2019-04-11,Expansion,1.0,1.0
2019-04-12,Expansion,1.0,1.0
2019-04-15,Expansion,1.0,1.0
2019-04-16,Expansion,1.0,1.0
2019-04-17,Expansion,1.0,1.0
2019-04-18,Expansion,1.0,1.0
2019-04-19,Expansion,1.0,1.0
2019-04-22,Expansion,1.0,1.0
2019-04-23,Expansion,1.0,1.0
2019-04-24,Expansion,1.0,1.0
2019-04-25,Expansion,1.0,1.0
2019-04-26,Expansion,1.0,1.0
2019-04-29,Expansion,1.0,1.0
2019-04-30,Expansion,1.0,1.0
2019-05-01,Expansion,1.0,1.0
2019-05-02,Expansion,1.0,1.0
2019-05-03,Expansion,1.0,1.0
2019-05-06,Expansion,1.0,1.0
2019-05-07,Expansion,1.0,1.0
2019-05-08,Expansion,1.0,1.0
2019-05-09,Expansion,1.0,1.0
2019-05-10,Expansion,1.0,1.0
2019-05-13,Expansion,1.0,1.0
2019-05-14,Expansion,1.0,1.0
2019-05-15,Expansion,1.0,1.0
2019-05-16,Expansion,1.0,1.0
2019-05-17,Expansion,1.0,1.0
2019-05-20,Expansion,1.0,1.0
2019-05-21,Expansion,1.0,1.0
2019-05-22,Expansion,1.0,1.0
2019-05-23,Expansion,1.0,1.0
2019-05-24,Expansion,1.0,1.0
2019-05-27,Expansion,1.0,1.0
2019-05-28,Expansion,1.0,1.0
2019-05-29,Expansion,1.0,1.0
2019-05-30,Expansion,1.0,1.0
2019-05-31,Expansion,1.0,1.0
2019-06-03,Expansion,1.0,1.0
2019-06-04,Expansion,1.0,1.0
2019-06-05,Expansion,1.0,1.0
2019-06-06,Expansion,1.0,1.0
2019-06-07,Expansion,1.0,1.0
2019-06-10,Expansion,1.0,1.0
2019-06-11,Expansion,1.0,1.0
2019-06-12,Expansion,1.0,1.0
2019-06-13,Expansion,1.0,1.0
2019-06-14,Expansion,1.0,1.0
2019-06-17,Expansion,1.0,1.0
2019-06-18,Expansion,1.0,1.0
2019-06-19,Expansion,1.0,1.0
2019-06-20,Expansion,1.0,1.0
2019-06-21,Expansion,1.0,1.0
2019-06-24,Expansion,1.0,1.0
2019-06-25,Expansion,1.0,1.0
2019-06-26,Expansion,1.0,1.0
2019-06-27,Expansion,1.0,1.0
2019-06-28,Expansion,1.0,1.0
2019-07-01,Expansion,1.0,1.0
2019-07-02,Expansion,1.0,1.0
2019-07-03,Expansion,1.0,1.0
2019-07-04,Expansion,1.0,1.0
2019-07-05,Expansion,1.0,1.0
2019-07-08,Expansion,1.0,1.0
2019-07-09,Expansion,1.0,1.0
2019-07-10,Expansion,1.0,1.0
2019-07-11,Expansion,1.0,1.0
2019-07-12,Expansion,1.0,1.0
2019-07-15,Expansion,1.0,1.0
2019-07-16,Expansion,1.0,1.0
2019-07-17,Expansion,1.0,1.0
2019-07-18,Expansion,1.0,1.0
2019-07-19,Expansion,1.0,1.0
2019-07-22,Expansion,1.0,1.0
2019-07-23,Expansion,1.0,1.0
2019-07-24,Expansion,1.0,1.0
2019-07-25,Expansion,1.0,1.0
2019-07-26,Expansion,1.0,1.0
2019-07-29,Expansion,1.0,1.0
2019-07-30,Expansion,1.0,1.0
2019-07-31,Expansion,1.0,1.0
2019-08-01,Expansion,1.0,1.0
2019-08-02,Expansion,1.0,1.0
2019-08-05,Expansion,1.0,1.0
2019-08-06,Expansion,1.0,1.0
2019-08-07,Expansion,1.0,1.0
2019-08-08,Expansion,1.0,1.0
2019-08-09,Expansion,1.0,1.0
2019-08-12,Expansion,1.0,1.0
2019-08-13,Expansion,1.0,1.0
2019-08-14,Expansion,1.0,1.0
2019-08-15,Expansion,1.0,1.0
2019-08-16,Expansion,1.0,1.0
2019-08-19,Expansion,1.0,1.0
2019-08-20,Expansion,1.0,1.0
2019-08-21,Expansion,1.0,1.0
2019-08-22,Expansion,1.0,1.0
2019-08-23,Expansion,1.0,1.0
2019-08-26,Expansion,1.0,1.0
2019-08-27,Expansion,1.0,1.0
2019-08-28,Expansion,1.0,1.0
2019-08-29,Expansion,1.0,1.0
2019-08-30,Expansion,1.0,1.0
2019-09-02,Expansion,1.0,1.0
2019-09-03,Expansion,1.0,1.0
2019-09-04,Expansion,1.0,1.0
2019-09-05,Expansion,1.0,1.0
2019-09-06,Expansion,1.0,1.0
2019-09-09,Expansion,1.0,1.0
2019-09-10,Expansion,1.0,1.0
2019-09-11,Expansion,1.0,1.0
2019-09-12,Expansion,1.0,1.0
2019-09-13,Expansion,1.0,1.0
2019-09-16,Expansion,1.0,1.0
2019-09-17,Expansion,1.0,1.0
2019-09-18,Expansion,1.0,1.0
2019-09-19,Expansion,1.0,1.0
2019-09-20,Expansion,1.0,1.0
2019-09-23,Expansion,1.0,1.0
2019-09-24,Expansion,1.0,1.0
2019-09-25,Expansion,1.0,1.0
2019-09-26,Expansion,1.0,1.0
2019-09-27,Expansion,1.0,1.0
2019-09-30,Expansion,1.0,1.0
2019-10-01,Expansion,1.0,1.0
2019-10-02,Expansion,1.0,1.0
2019-10-03,Expansion,1.0,1.0
2019-10-04,Expansion,1.0,1.0
2019-10-07,Expansion,1.0,1.0
2019-10-08,Expansion,1.0,1.0
2019-10-09,Expansion,1.0,1.0
2019-10-10,Expansion,1.0,1.0
2019-10-11,Expansion,1.0,1.0
2019-10-14,Expansion,1.0,1.0
2019-10-15,Expansion,1.0,1.0
2019-10-16,Expansion,1.0,1.0
2019-10-17,Expansion,1.0,1.0
2019-10-18,Expansion,1.0,1.0
2019-10-21,Expansion,1.0,1.0
2019-10-22,Expansion,1.0,1.0
2019-10-23,Expansion,1.0,1.0
2019-10-24,Expansion,1.0,1.0
2019-10-25,Expansion,1.0,1.0
2019-10-28,Expansion,1.0,1.0
2019-10-29,Expansion,1.0,1.0
2019-10-30,Expansion,1.0,1.0
2019-10-31,Expansion,1.0,1.0
2019-11-01,Expansion,1.0,1.0
2019-11-04,Expansion,1.0,1.0
2019-11-05,Expansion,1.0,1.0
2019-11-06,Expansion,1.0,1.0
2019-11-07,Expansion,1.0,1.0
2019-11-08,Expansion,1.0,1.0
2019-11-11,Expansion,1.0,1.0
2019-11-12,Expansion,1.0,1.0
2019-11-13,Expansion,1.0,1.0
2019-11-14,Expansion,1.0,1.0
2019-11-15,Expansion,1.0,1.0
2019-11-18,Expansion,1.0,1.0
2019-11-19,Expansion,1.0,1.0
2019-11-20,Expansion,1.0,1.0
2019-11-21,Expansion,1.0,1.0
2019-11-22,Expansion,1.0,1.0
2019-11-25,Expansion,1.0,1.0
2019-11-26,Expansion,1.0,1.0
2019-11-27,Expansion,1.0,1.0
2019-11-28,Expansion,1.0,1.0
2019-11-29,Expansion,1.0,1.0
2019-12-02,Expansion,1.0,1.0
2019-12-03,Expansion,1.0,1.0
2019-12-04,Expansion,1.0,1.0
2019-12-05,Expansion,1.0,1.0
2019-12-06,Expansion,1.0,1.0
2019-12-09,Expansion,1.0,1.0
2019-12-10,Expansion,1.0,1.0
2019-12-11,Expansion,1.0,1.0
2019-12-12,Expansion,1.0,1.0
2019-12-13,Expansion,1.0,1.0
2019-12-16,Expansion,1.0,1.0
2019-12-17,Expansion,1.0,1.0
2019-12-18,Expansion,1.0,1.0
2019-12-19,Expansion,1.0,1.0
2019-12-20,Expansion,1.0,1.0
2019-12-23,Expansion,1.0,1.0
2019-12-24,Expansion,1.0,1.0
2019-12-25,Expansion,1.0,1.0
2019-12-26,Expansion,1.0,1.0
2019-12-27,Expansion,1.0,1.0
2019-12-30,Expansion,1.0,1.0
2019-12-31,Expansion,1.0,1.0
2020-01-01,Expansion,1.0,1.0
2020-01-02,Expansion,1.0,1.0
2020-01-03,Expansion,1.0,1.0
2020-01-06,Expansion,1.0,1.0
2020-01-07,Expansion,1.0,1.0
2020-01-08,Expansion,1.0,1.0
2020-01-09,Expansion,1.0,1.0
2020-01-10,Expansion,1.0,1.0
2020-01-13,Expansion,1.0,1.0
2020-01-14,Expansion,1.0,1.0
2020-01-15,Expansion,1.0,1.0
2020-01-16,Expansion,1.0,1.0
2020-01-17,Expansion,1.0,1.0
2020-01-20,Expansion,1.0,1.0
2020-01-21,Expansion,1.0,1.0
2020-01-22,Expansion,1.0,1.0
2020-01-23,Expansion,1.0,1.0
2020-01-24,Expansion,1.0,1.0
2020-01-27,Expansion,1.0,1.0
2020-01-28,Expansion,1.0,1.0
2020-01-29,Expansion,1.0,1.0
2020-01-30,Expansion,1.0,1.0
2020-01-31,Expansion,1.0,1.0
2020-02-03,Expansion,1.0,1.0
2020-02-04,Expansion,1.0,1.0
2020-02-05,Expansion,1.0,1.0
2020-02-06,Expansion,1.0,1.0
2020-02-07,Expansion,1.0,1.0
2020-02-10,Expansion,1.0,1.0
2020-02-11,Expansion,1.0,1.0
2020-02-12,Expansion,1.0,1.0
2020-02-13,Expansion,1.0,1.0
2020-02-14,Expansion,1.0,1.0
2020-02-17,Expansion,1.0,1.0
2020-02-18,Expansion,1.0,1.0
2020-02-19,Expansion,1.0,1.0
2020-02-20,Expansion,1.0,1.0
2020-02-21,Expansion,1.0,1.0
2020-02-24,Expansion,1.0,1.0
2020-02-25,Expansion,1.0,1.0
2020-02-26,Expansion,1.0,1.0
2020-02-27,Expansion,0.9999998259190912,1.0
2020-02-28,Expansion,0.9999997830491574,1.0
2020-03-02,Expansion,0.9999999998508429,1.0
2020-03-03,Expansion,0.9999999363899426,1.0
2020-03-04,Expansion,0.9999949255672219,1.0
2020-03-05,Expansion,0.9686626768123756,1.0
2020-03-06,Expansion,0.8017635286085477,1.0
2020-03-09,Contraction,0.9999976381905678,0.5
2020-03-10,Contraction,0.9999999313477043,0.5
2020-03-11,Contraction,1.0,0.5
2020-03-12,Contraction,1.0,0.5
2020-03-13,Contraction,1.0,0.5
2020-03-16,Contraction,1.0,0.5
2020-03-17,Contraction,1.0,0.5
2020-03-18,Contraction,1.0,0.5
2020-03-19,Contraction,1.0,0.5
2020-03-20,Contraction,1.0,0.5
2020-03-23,Contraction,1.0,0.5
2020-03-24,Contraction,1.0,0.5
2020-03-25,Contraction,1.0,0.5
2020-03-26,Contraction,1.0,0.5
2020-03-27,Contraction,1.0,0.5
2020-03-30,Contraction,1.0,0.5
2020-03-31,Contraction,1.0,0.5
2020-04-01,Contraction,1.0,0.5
2020-04-02,Contraction,1.0,0.5
2020-04-03,Contraction,1.0,0.5
2020-04-06,Contraction,1.0,0.5
2020-04-07,Contraction,1.0,0.5
2020-04-08,Contraction,1.0,0.5
2020-04-09,Contraction,0.9999999984684109,0.5
2020-04-10,Contraction,0.9999999984429451,0.5
2020-04-13,Contraction,0.9999999894680514,0.5
2020-04-14,Contraction,0.9999998565799718,0.5
2020-04-15,Contraction,0.9999998919847771,0.5
2020-04-16,Contraction,0.9999996831721139,0.5
2020-04-17,Contraction,0.9999993953280873,0.5
2020-04-20,Contraction,0.9999999370156749,0.5
2020-04-21,Contraction,0.9999999940228008,0.5
2020-04-22,Contraction,0.9999999842002582,0.5
2020-04-23,Contraction,0.9999999770734578,0.5
2020-04-24,Contraction,0.9999999933315848,0.5
2020-04-27,Contraction,0.9999995495783074,0.5
2020-04-28,Contraction,0.9999992480373393,0.5
2020-04-29,Contraction,0.9999627169347098,0.5
2020-04-30,Contraction,0.9999999320498342,0.5
2020-05-01,Contraction,0.9999999591527748,0.5
2020-05-04,Contraction,0.9999999850188034,0.5
2020-05-05,Contraction,0.9999998725579725,0.5
2020-05-06,Contraction,0.999958573872823,0.5
2020-05-07,Contraction,0.804669847183047,0.5
2020-05-08,Transition,0.7229015201884412,1.0
2020-05-11,Transition,0.7231604337606065,1.0
2020-05-12,Contraction,0.9983739060698212,0.5
2020-05-13,Contraction,0.9999850515294819,0.5
2020-05-14,Contraction,0.9865299858184876,0.5
2020-05-15,Contraction,0.7537117297574515,0.5
2020-05-18,Transition,0.9110458301642484,1.0
2020-05-19,Transition,0.9544797327128944,1.0
2020-05-20,Transition,0.9995001481468629,1.0
2020-05-21,Transition,0.9998797147407493,1.0
2020-05-22,Transition,0.9999890633714646,1.0
2020-05-25,Transition,0.9994510850758556,1.0
2020-05-26,Transition,0.958099310076028,1.0
2020-05-27,Transition,0.8158934526620997,1.0
2020-05-28,Expansion,0.6458586720881672,1.0
2020-05-29,Expansion,0.7068919892948429,1.0
2020-06-01,Expansion,0.9878594882722713,1.0
2020-06-02,Expansion,0.9992246961728015,1.0
2020-06-03,Expansion,0.999976076551909,1.0
2020-06-04,Expansion,0.9999990970395158,1.0
2020-06-05,Expansion,0.9999999507599581,1.0
2020-06-08,Expansion,0.9999999990177457,1.0
2020-06-09,Expansion,0.9999999978608685,1.0
2020-06-10,Expansion,0.9999999970568751,1.0
2020-06-11,Expansion,0.9999998529128896,1.0
2020-06-12,Expansion,0.999999977029802,1.0
2020-06-15,Expansion,0.9999999914689397,1.0
2020-06-16,Expansion,0.9999999982210284,1.0
2020-06-17,Expansion,0.9999999975116225,1.0
2020-06-18,Expansion,0.999999997769919,1.0
2020-06-19,Expansion,0.9999999956198735,1.0
2020-06-22,Expansion,0.9999999981264409,1.0
2020-06-23,Expansion,0.9999999978572305,1.0
2020-06-24,Expansion,0.9999999950014171,1.0
2020-06-25,Expansion,0.9999999938845576,1.0
2020-06-26,Expansion,0.9999999909268809,1.0
2020-06-29,Expansion,0.9999999882493285,1.0
2020-06-30,Expansion,0.9999999897663656,1.0
2020-07-01,Expansion,0.9999999911597115,1.0
2020-07-02,Expansion,0.9999999965875759,1.0
2020-07-03,Expansion,0.9999999966130417,1.0
2020-07-06,Expansion,0.9999999980936991,1.0
2020-07-07,Expansion,0.9999999989449861,1.0
2020-07-08,Expansion,0.9999999983629095,1.0
2020-07-09,Expansion,0.9999999987376214,1.0
2020-07-10,Expansion,0.9999999971842044,1.0
2020-07-13,Expansion,0.9999999978826963,1.0
2020-07-14,Expansion,0.9999999984356691,1.0
2020-07-15,Expansion,0.999999999661668,1.0
2020-07-16,Expansion,0.9999999997780833,1.0
2020-07-17,Expansion,0.9999999996471161,1.0
2020-07-20,Expansion,0.9999999999308784,1.0
2020-07-21,Expansion,0.9999999999672582,1.0
2020-07-22,Expansion,0.9999999999818101,1.0
2020-07-23,Expansion,0.9999999999890861,1.0
2020-07-24,Expansion,0.9999999999854481,1.0
2020-07-27,Expansion,0.9999999999854481,1.0
2020-07-28,Expansion,0.9999999999890861,1.0
2020-07-29,Expansion,0.999999999992724,1.0
2020-07-30,Expansion,0.999999999992724,1.0
2020-07-31,Expansion,0.999999999996362,1.0
2020-08-03,Expansion,0.999999999996362,1.0
2020-08-04,Expansion,0.999999999996362,1.0
2020-08-05,Expansion,0.999999999996362,1.0
2020-08-06,Expansion,0.999999999996362,1.0
2020-08-07,Expansion,0.999999999996362,1.0
2020-08-10,Expansion,0.999999999996362,1.0
2020-08-11,Expansion,0.999999999992724,1.0
2020-08-12,Expansion,0.9999999999818101,1.0
2020-08-13,Expansion,0.9999999999745341,1.0
2020-08-14,Expansion,0.9999999999308784,1.0
2020-08-17,Expansion,0.9999999999417923,1.0
2020-08-18,Expansion,0.9999999999599822,1.0
2020-08-19,Expansion,0.9999999999417923,1.0
2020-08-20,Expansion,0.9999999999527063,1.0
2020-08-21,Expansion,0.9999999999818101,1.0
2020-08-24,Expansion,0.9999999999781721,1.0
2020-08-25,Expansion,0.9999999999745341,1.0
2020-08-26,Expansion,0.9999999999818101,1.0
2020-08-27,Expansion,0.9999999999563443,1.0
2020-08-28,Expansion,0.9999999999490683,1.0
2020-08-31,Expansion,0.9999999999272404,1.0
2020-09-01,Expansion,0.9999999999636202,1.0
2020-09-02,Expansion,0.9999999999708962,1.0
2020-09-03,Expansion,0.9999999992469384,1.0
2020-09-04,Expansion,0.999999999479769,1.0
2020-09-07,Expansion,0.999999999476131,1.0
2020-09-08,Expansion,0.9999999995015969,1.0
2020-09-09,Expansion,0.9999999998035491,1.0
2020-09-10,Expansion,0.9999999998508429,1.0
2020-09-11,Expansion,0.9999999999163265,1.0
2020-09-14,Expansion,0.9999999999345164,1.0
2020-09-15,Expansion,0.9999999999454303,1.0
2020-09-16,Expansion,0.9999999999454303,1.0
2020-09-17,Expansion,0.9999999999054126,1.0
2020-09-18,Expansion,0.9999999999017746,1.0
2020-09-21,Expansion,0.9999999997671694,1.0
2020-09-22,Expansion,0.9999999997053237,1.0
2020-09-23,Expansion,0.9999999996434781,1.0
2020-09-24,Expansion,0.9999999994979589,1.0
2020-09-25,Expansion,0.9999999994688551,1.0
2020-09-28,Expansion,0.9999999997489795,1.0
2020-09-29,Expansion,0.9999999997162377,1.0
2020-09-30,Expansion,0.9999999997271516,1.0
2020-10-01,Expansion,0.9999999999054126,1.0
2020-10-02,Expansion,0.9999999997198756,1.0
2020-10-05,Expansion,0.9999999995743565,1.0
2020-10-06,Expansion,0.9999999995634425,1.0
2020-10-07,Expansion,0.9999999995197868,1.0
2020-10-08,Expansion,0.9999999997307896,1.0
2020-10-09,Expansion,0.9999999998690328,1.0
2020-10-12,Expansion,0.9999999998763087,1.0
2020-10-13,Expansion,0.9999999999236024,1.0
2020-10-14,Expansion,0.9999999999054126,1.0
2020-10-15,Expansion,0.999999999821739,1.0
2020-10-16,Expansion,0.9999999997744453,1.0
2020-10-19,Expansion,0.9999999995707185,1.0
2020-10-20,Expansion,0.9999999989850039,1.0
2020-10-21,Expansion,0.9999999989195203,1.0
2020-10-22,Expansion,0.9999999989122443,1.0
2020-10-23,Expansion,0.9999999995125108,1.0
2020-10-26,Expansion,0.9999999959509296,1.0
2020-10-27,Expansion,0.9999999721367206,1.0
2020-10-28,Expansion,0.999997455397133,1.0
2020-10-29,Expansion,0.9999981774361242,1.0
2020-10-30,Expansion,0.9999981669551263,1.0
2020-11-02,Expansion,0.9999992604828555,1.0
2020-11-03,Expansion,0.9999998378407458,1.0
2020-11-04,Expansion,0.999999999141437,1.0
2020-11-05,Expansion,0.9999999997780833,1.0
2020-11-06,Expansion,0.9999999998617568,1.0
2020-11-09,Expansion,0.9999999992251105,1.0
2020-11-10,Expansion,0.9999999994397513,1.0
2020-11-11,Expansion,0.9999999996034603,1.0
2020-11-12,Expansion,0.999999999665306,1.0
2020-11-13,Expansion,0.9999999997380655,1.0
2020-11-16,Expansion,0.9999999998071871,1.0
2020-11-17,Expansion,0.9999999998799467,1.0
2020-11-18,Expansion,0.9999999997853593,1.0
2020-11-19,Expansion,0.9999999998726707,1.0
2020-11-20,Expansion,0.9999999998472049,1.0
2020-11-23,Expansion,0.999999999821739,1.0
2020-11-24,Expansion,0.9999999997999112,1.0
2020-11-25,Expansion,0.999999999821739,1.0
2020-11-26,Expansion,0.999999999821739,1.0
2020-11-27,Expansion,0.999999999832653,1.0
2020-11-30,Expansion,0.999999999832653,1.0
2020-12-01,Expansion,0.9999999996907718,1.0
2020-12-02,Expansion,0.9999999995197868,1.0
2020-12-03,Expansion,0.9999999997125997,1.0
2020-12-04,Expansion,0.9999999995234248,1.0
2020-12-07,Expansion,0.9999999995889084,1.0
2020-12-08,Expansion,0.9999999997271516,1.0
2020-12-09,Expansion,0.999999999490683,1.0
2020-12-10,Expansion,0.9999999994288373,1.0
2020-12-11,Expansion,0.9999999992578523,1.0
2020-12-14,Expansion,0.9999999990432116,1.0
2020-12-15,Expansion,0.9999999992287485,1.0
2020-12-16,Expansion,0.9999999994397513,1.0
2020-12-17,Expansion,0.9999999994070095,1.0
2020-12-18,Expansion,0.9999999993524398,1.0
2020-12-21,Expansion,0.9999999980900611,1.0
2020-12-22,Expansion,0.9999999990031938,1.0
2020-12-23,Expansion,0.9999999989486241,1.0
2020-12-24,Expansion,0.9999999994724931,1.0
2020-12-25,Expansion,0.9999999994724931,1.0
2020-12-28,Expansion,0.9999999995197868,1.0
2020-12-29,Expansion,0.9999999992178346,1.0
2020-12-30,Expansion,0.9999999994033715,1.0
2020-12-31,Expansion,0.9999999995015969,1.0
2021-01-01,Expansion,0.9999999994979589,1.0
2021-01-04,Expansion,0.9999999961837602,1.0
2021-01-05,Expansion,0.999999997940904,1.0
2021-01-06,Expansion,0.9999999953506631,1.0
2021-01-07,Expansion,0.9999999973770173,1.0
2021-01-08,Expansion,0.9999999955762178,1.0
2021-01-11,Expansion,0.9999999901920091,1.0
2021-01-12,Expansion,0.9999999916362867,1.0
2021-01-13,Expansion,0.9999999965802999,1.0
2021-01-14,Expansion,0.9999999931897037,1.0
2021-01-15,Expansion,0.9999999908432073,1.0
2021-01-18,Expansion,0.9999999908432073,1.0
2021-01-19,Expansion,0.9999999950814527,1.0
2021-01-20,Expansion,0.9999999970605131,1.0
2021-01-21,Expansion,0.9999999966057658,1.0
2021-01-22,Expansion,0.9999999964711606,1.0
2021-01-25,Expansion,0.9999999739375202,1.0
2021-01-26,Expansion,0.9999956141751453,1.0
2021-01-27,Expansion,0.9992736062431917,1.0
2021-01-28,Expansion,0.9994175534646207,1.0
2021-01-29,Expansion,0.9994702323579506,1.0
2021-02-01,Expansion,0.9998442462474836,1.0
2021-02-02,Expansion,0.9999949478933848,1.0
2021-02-03,Expansion,0.9999999111969413,1.0
2021-02-04,Expansion,0.999999991752702,1.0
2021-02-05,Expansion,0.9999999892352207,1.0
2021-02-08,Expansion,0.9999999906031007,1.0
2021-02-09,Expansion,0.9999999899882823,1.0
2021-02-10,Expansion,0.9999999911597115,1.0
2021-02-11,Expansion,0.9999999919127731,1.0
2021-02-12,Expansion,0.9999999909414328,1.0
2021-02-15,Expansion,0.9999999857391231,1.0
2021-02-16,Expansion,0.9999996374318219,1.0
2021-02-17,Expansion,0.9999933378388965,1.0
2021-02-18,Expansion,0.9998898871146547,1.0
2021-02-19,Expansion,0.9987300915314679,1.0
2021-02-22,Expansion,0.9903505534285538,1.0
2021-02-23,Expansion,0.9609560170261687,1.0
2021-02-24,Expansion,0.8489751000669732,1.0
2021-02-25,Contraction,0.8115159788995088,0.5
2021-02-26,Contraction,0.8668963309758243,0.5
2021-03-01,Contraction,0.8826765595573575,0.5
2021-03-02,Contraction,0.9120353258621279,0.5
2021-03-03,Contraction,0.9650353049238183,0.5
2021-03-04,Contraction,0.9886741063915832,0.5
2021-03-05,Contraction,0.9910473023112897,0.5
2021-03-08,Contraction,0.9922292769053316,0.5
2021-03-09,Contraction,0.9926643734451197,0.5
2021-03-10,Contraction,0.9930482009467684,0.5
2021-03-11,Contraction,0.9935750428384793,0.5
2021-03-12,Contraction,0.9942704643150361,0.5
2021-03-15,Contraction,0.9946624969328706,0.5
2021-03-16,Contraction,0.9949395423158524,0.5
2021-03-17,Contraction,0.9951669548147473,0.5
2021-03-18,Contraction,0.9952436211001103,0.5
2021-03-19,Contraction,0.9951689605488974,0.5
2021-03-22,Contraction,0.9946533599850684,0.5
2021-03-23,Contraction,0.9931975847731197,0.5
2021-03-24,Contraction,0.9910922929249595,0.5
2021-03-25,Contraction,0.9883213487834858,0.5
2021-03-26,Contraction,0.9846785399070718,0.5
2021-03-29,Contraction,0.9781940607640188,0.5
2021-03-30,Contraction,0.9594848498636442,0.5
2021-03-31,Contraction,0.9157429269601126,0.5
2021-04-01,Contraction,0.8270971508763661,0.5
2021-04-02,Contraction,0.7315238810413728,0.5
2021-04-05,Contraction,0.6178989752810059,0.5
2021-04-06,Expansion,0.5344159294114846,1.0
2021-04-07,Expansion,0.6598528745065841,1.0
2021-04-08,Expansion,0.763397424176232,1.0
2021-04-09,Expansion,0.8329901848932146,1.0
2021-04-12,Expansion,0.888897352865504,1.0
2021-04-13,Expansion,0.9333481654673661,1.0
2021-04-14,Expansion,0.9666733504056818,1.0
2021-04-15,Expansion,0.9882552062635653,1.0
2021-04-16,Expansion,0.9949633374404804,1.0
2021-04-19,Expansion,0.9974662112804511,1.0
2021-04-20,Expansion,0.9986955108010855,1.0
2021-04-21,Expansion,0.9993146879644544,1.0
2021-04-22,Expansion,0.9995971103820589,1.0
2021-04-23,Expansion,0.9997153400435117,1.0
2021-04-26,Expansion,0.99976417887011,1.0
2021-04-27,Expansion,0.9997752339492798,1.0
2021-04-28,Expansion,0.9997765865558552,1.0
2021-04-29,Expansion,0.99976872824947,1.0
2021-04-30,Expansion,0.9997556798748956,1.0
2021-05-03,Expansion,0.9997393716565296,1.0
2021-05-04,Expansion,0.9997123389879486,1.0
2021-05-05,Expansion,0.9996706700282056,1.0
2021-05-06,Expansion,0.9995879591459974,1.0
2021-05-07,Expansion,0.9994124631355908,1.0
2021-05-10,Expansion,0.9991653586362534,1.0
2021-05-11,Expansion,0.9988362932824466,1.0
2021-05-12,Expansion,0.9985920491917174,1.0
2021-05-13,Expansion,0.9986291760753805,1.0
2021-05-14,Expansion,0.9987342338489807,1.0
2021-05-17,Expansion,0.9988233779524134,1.0
2021-05-18,Expansion,0.9989102141616816,1.0
2021-05-19,Expansion,0.9990156737977901,1.0
2021-05-20,Expansion,0.999232932799245,1.0
2021-05-21,Expansion,0.9994833199529546,1.0
2021-05-24,Expansion,0.9996821913577034,1.0
2021-05-25,Expansion,0.9998299141023439,1.0
2021-05-26,Expansion,0.9998915565025449,1.0
2021-05-27,Expansion,0.99992728074294,1.0
2021-05-28,Expansion,0.9999552733786943,1.0
2021-05-31,Expansion,0.9999707229282928,1.0
2021-06-01,Expansion,0.9999808278535757,1.0
2021-06-02,Expansion,0.9999882365846813,1.0
2021-06-03,Expansion,0.999993340923882,1.0
2021-06-04,Expansion,0.9999970020334705,1.0
2021-06-07,Expansion,0.9999986985393945,1.0
2021-06-08,Expansion,0.999999456646185,1.0
2021-06-09,Expansion,0.9999998020539547,1.0
2021-06-10,Expansion,0.9999998926214233,1.0
2021-06-11,Expansion,0.9999998952625956,1.0
2021-06-14,Expansion,0.9999998658859203,1.0
2021-06-15,Expansion,0.9999998751809549,1.0
2021-06-16,Expansion,0.9999998730891174,1.0
2021-06-17,Expansion,0.9999999338033398,1.0
2021-06-18,Expansion,0.9999999557512648,1.0
2021-06-21,Expansion,0.999999966956239,1.0
2021-06-22,Expansion,0.9999999684550862,1.0
2021-06-23,Expansion,0.9999999648716773,1.0
2021-06-24,Expansion,0.9999999703468352,1.0
2021-06-25,Expansion,0.9999999641804613,1.0
2021-06-28,Expansion,0.9999999704341467,1.0
2021-06-29,Expansion,0.9999999757455956,1.0
2021-06-30,Expansion,0.999999979780114,1.0
2021-07-01,Expansion,0.99999997568375,1.0
2021-07-02,Expansion,0.9999999806968847,1.0
2021-07-05,Expansion,0.9999999813589968,1.0
2021-07-06,Expansion,0.999999988158379,1.0
2021-07-07,Expansion,0.9999999917308742,1.0
2021-07-08,Expansion,0.9999999872670742,1.0
2021-07-09,Expansion,0.9999999887077138,1.0
2021-07-12,Expansion,0.9999999880346877,1.0
2021-07-13,Expansion,0.9999999859937816,1.0
2021-07-14,Expansion,0.9999999893188942,1.0
2021-07-15,Expansion,0.9999999931496859,1.0
2021-07-16,Expansion,0.9999999925676093,1.0
2021-07-19,Expansion,0.9999999896208465,1.0
2021-07-20,Expansion,0.9999999922365532,1.0
2021-07-21,Expansion,0.9999999915453373,1.0
2021-07-22,Expansion,0.9999999920692062,1.0
2021-07-23,Expansion,0.9999999913343345,1.0
2021-07-26,Expansion,0.999999990566721,1.0
2021-07-27,Expansion,0.9999999894789653,1.0
2021-07-28,Expansion,0.999999990901415,1.0
2021-07-29,Expansion,0.9999999904539436,1.0
2021-07-30,Expansion,0.9999999920401024,1.0
2021-08-02,Expansion,0.9999999917163223,1.0
2021-08-03,Expansion,0.9999999935316737,1.0
2021-08-04,Expansion,0.9999999939464033,1.0
2021-08-05,Expansion,0.9999999944193405,1.0
2021-08-06,Expansion,0.9999999870597094,1.0
2021-08-09,Expansion,0.9999999859646778,1.0
2021-08-10,Expansion,0.9999999826104614,1.0
2021-08-11,Expansion,0.9999999805695554,1.0
2021-08-12,Expansion,0.999999979620043,1.0
2021-08-13,Expansion,0.9999999900865078,1.0
2021-08-16,Expansion,0.9999999920546543,1.0
2021-08-17,Expansion,0.9999999941319402,1.0
2021-08-18,Expansion,0.9999999871979526,1.0
2021-08-19,Expansion,0.9999999898027454,1.0
2021-08-20,Expansion,0.9999999941137503,1.0
2021-08-23,Expansion,0.9999999953179213,1.0
2021-08-24,Expansion,0.9999999941246642,1.0
2021-08-25,Expansion,0.9999999884639692,1.0
2021-08-26,Expansion,0.9999999894134817,1.0
2021-08-27,Expansion,0.9999999922911229,1.0
2021-08-30,Expansion,0.9999999920109985,1.0
2021-08-31,Expansion,0.9999999905048753,1.0
2021-09-01,Expansion,0.9999999907849997,1.0
2021-09-02,Expansion,0.9999999924148142,1.0
2021-09-03,Expansion,0.999999990217475,1.0
2021-09-06,Expansion,0.9999999901665433,1.0
2021-09-07,Expansion,0.9999999818573998,1.0
2021-09-08,Expansion,0.9999999869432941,1.0
2021-09-09,Expansion,0.999999990905053,1.0
2021-09-10,Expansion,0.9999999713836591,1.0
2021-09-13,Expansion,0.9999999827668945,1.0
2021-09-14,Expansion,0.9999999894353095,1.0
2021-09-15,Expansion,0.9999999888859747,1.0
2021-09-16,Expansion,0.9999999863139237,1.0
2021-09-17,Expansion,0.9999999599895099,1.0
2021-09-20,Expansion,0.9999998137427784,1.0
2021-09-21,Expansion,0.9999998774365015,1.0
2021-09-22,Expansion,0.9999999801366359,1.0
2021-09-23,Expansion,0.9999999831561582,1.0
2021-09-24,Expansion,0.9999999783867681,1.0
2021-09-27,Expansion,0.9999999691026464,1.0
2021-09-28,Expansion,0.999999789732123,1.0
2021-09-29,Expansion,0.9999997762170347,1.0
2021-09-30,Expansion,0.9999997933446352,1.0
2021-10-01,Expansion,0.999999909901821,1.0
2021-10-04,Expansion,0.9999998469429674,1.0
2021-10-05,Expansion,0.9999998789207967,1.0
2021-10-06,Expansion,0.9999999159590551,1.0
2021-10-07,Expansion,0.9999999224382948,1.0
2021-10-08,Expansion,0.9999999046849598,1.0
2021-10-11,Expansion,0.9999998828643653,1.0
2021-10-12,Expansion,0.9999999236097239,1.0
2021-10-13,Expansion,0.9999999610445237,1.0
2021-10-14,Expansion,0.9999999764040698,1.0
2021-10-15,Expansion,0.9999999728352126,1.0
2021-10-18,Expansion,0.9999999788196876,1.0
2021-10-19,Expansion,0.9999999532155937,1.0
2021-10-20,Expansion,0.9999999493593363,1.0
2021-10-21,Expansion,0.9999999641986512,1.0
2021-10-22,Expansion,0.9999999784231479,1.0
2021-10-25,Expansion,0.9999999793035388,1.0
2021-10-26,Expansion,0.9999999829160516,1.0
2021-10-27,Expansion,0.9999999946885509,1.0
2021-10-28,Expansion,0.9999999932952051,1.0
2021-10-29,Expansion,0.99999999348438,1.0
2021-11-01,Expansion,0.999999991938239,1.0
2021-11-02,Expansion,0.999999989366188,1.0
2021-11-03,Expansion,0.9999999856881914,1.0
2021-11-04,Expansion,0.9999999879655661,1.0
2021-11-05,Expansion,0.9999999942629074,1.0
2021-11-08,Expansion,0.9999999941028364,1.0
2021-11-09,Expansion,0.9999999941210262,1.0
2021-11-10,Expansion,0.9999999934043444,1.0
2021-11-11,Expansion,0.9999999945648597,1.0
2021-11-12,Expansion,0.9999999951432983,1.0
2021-11-15,Expansion,0.9999999921601557,1.0
2021-11-16,Expansion,0.9999999928841135,1.0
2021-11-17,Expansion,0.9999999936189852,1.0
2021-11-18,Expansion,0.9999999934370862,1.0
2021-11-19,Expansion,0.9999999950632628,1.0
2021-11-22,Expansion,0.999999994503014,1.0
2021-11-23,Expansion,0.9999999873944034,1.0
2021-11-24,Expansion,0.9999999939791451,1.0
2021-11-25,Expansion,0.999999991421646,1.0
2021-11-26,Expansion,0.9999997325431098,1.0
2021-11-29,Expansion,0.9999999647334341,1.0
2021-11-30,Expansion,0.9999998430212268,1.0
2021-12-01,Expansion,0.9999988782516919,1.0
2021-12-02,Expansion,0.9999997881314127,1.0
2021-12-03,Expansion,0.9999996387815115,1.0
2021-12-06,Expansion,0.999999948893675,1.0
2021-12-07,Expansion,0.9999999977480911,1.0
2021-12-08,Expansion,0.9999999984320311,1.0
2021-12-09,Expansion,0.9999999982537702,1.0
2021-12-10,Expansion,0.9999999992614903,1.0
2021-12-13,Expansion,0.999999999305146,1.0
2021-12-14,Expansion,0.9999999986030161,1.0
2021-12-15,Expansion,0.9999999994070095,1.0
2021-12-16,Expansion,0.9999999988795025,1.0
2021-12-17,Expansion,0.9999999990432116,1.0
2021-12-20,Expansion,0.9999999978172127,1.0
2021-12-21,Expansion,0.9999999987740011,1.0
2021-12-22,Expansion,0.9999999994179234,1.0
2021-12-23,Expansion,0.9999999994652171,1.0
2021-12-24,Expansion,0.9999999994652171,1.0
2021-12-27,Expansion,0.9999999997053237,1.0
2021-12-28,Expansion,0.9999999996434781,1.0
2021-12-29,Expansion,0.9999999995052349,1.0
2021-12-30,Expansion,0.9999999995379767,1.0
2021-12-31,Expansion,0.9999999995307007,1.0
2022-01-03,Expansion,0.9999999992214725,1.0
2022-01-04,Expansion,0.9999999987521733,1.0
2022-01-05,Expansion,0.9999999978463165,1.0
2022-01-06,Expansion,0.999999998461135,1.0
2022-01-07,Expansion,0.9999999981882866,1.0
2022-01-10,Expansion,0.9999999985011527,1.0
2022-01-11,Expansion,0.9999999989086064,1.0
2022-01-12,Expansion,0.9999999992214725,1.0
2022-01-13,Expansion,0.9999999986684998,1.0
2022-01-14,Expansion,0.9999999992032826,1.0
2022-01-17,Expansion,0.9999999991996447,1.0
2022-01-18,Expansion,0.9999999955107342,1.0
2022-01-19,Expansion,0.9999999919054972,1.0
2022-01-20,Expansion,0.9999999440078697,1.0
2022-01-21,Expansion,0.9999990005640477,1.0
2022-01-24,Expansion,0.9999958432285886,1.0
2022-01-25,Expansion,0.9999880231469982,1.0
2022-01-26,Expansion,0.9999848340434696,1.0
2022-01-27,Expansion,0.9999965466218385,1.0
2022-01-28,Expansion,0.9999999471692732,1.0
2022-01-31,Expansion,0.9999999989486241,1.0
2022-02-01,Expansion,0.9999999996216502,1.0
2022-02-02,Expansion,0.9999999995998223,1.0
2022-02-03,Expansion,0.9999999987594492,1.0
2022-02-04,Expansion,0.9999999993960955,1.0
2022-02-07,Expansion,0.9999999995379767,1.0
2022-02-08,Expansion,0.9999999997598934,1.0
2022-02-09,Expansion,0.9999999998726707,1.0
2022-02-10,Expansion,0.9999999998144631,1.0
2022-02-11,Expansion,0.9999999990614015,1.0
2022-02-14,Expansion,0.9999999987703632,1.0
2022-02-15,Expansion,0.9999999995525286,1.0
2022-02-16,Expansion,0.9999999997271516,1.0
2022-02-17,Expansion,0.9999999980536813,1.0
2022-02-18,Expansion,0.999999998977728,1.0
2022-02-21,Expansion,0.9999999989813659,1.0
2022-02-22,Expansion,0.9999999986575858,1.0
2022-02-23,Expansion,0.9999999861793185,1.0
2022-02-24,Expansion,0.9999999965220923,1.0
2022-02-25,Expansion,0.9999999989449861,1.0
2022-02-28,Expansion,0.9999999953979568,1.0
2022-03-01,Expansion,0.9999999236533796,1.0
2022-03-02,Expansion,0.9999999901738192,1.0
2022-03-03,Expansion,0.9999999940082489,1.0
2022-03-04,Expansion,0.9999999884093995,1.0
2022-03-07,Expansion,0.9999995228500894,1.0
2022-03-08,Expansion,0.9999998909370393,1.0
2022-03-09,Expansion,0.9999999931496859,1.0
2022-03-10,Expansion,0.9999999994106474,1.0
2022-03-11,Expansion,0.9999999992687663,1.0
2022-03-14,Expansion,0.9999999985411705,1.0
2022-03-15,Expansion,0.9999999996216502,1.0
2022-03-16,Expansion,0.9999999999563443,1.0
2022-03-17,Expansion,0.9999999999599822,1.0
2022-03-18,Expansion,0.999999999992724,1.0
2022-03-21,Expansion,0.999999999992724,1.0
2022-03-22,Expansion,0.999999999992724,1.0
2022-03-23,Expansion,0.999999999992724,1.0
2022-03-24,Expansion,0.999999999996362,1.0
2022-03-25,Expansion,0.999999999996362,1.0
2022-03-28,Expansion,1.0,1.0
2022-03-29,Expansion,1.0,1.0
2022-03-30,Expansion,1.0,1.0
2022-03-31,Expansion,1.0,1.0
2022-04-01,Expansion,1.0,1.0
2022-04-04,Expansion,1.0,1.0
2022-04-05,Expansion,1.0,1.0
2022-04-06,Expansion,0.999999999996362,1.0
2022-04-07,Expansion,0.999999999996362,1.0
2022-04-08,Expansion,0.999999999996362,1.0
2022-04-11,Expansion,0.9999999999745341,1.0
2022-04-12,Expansion,0.9999999999636202,1.0
2022-04-13,Expansion,0.9999999999890861,1.0
2022-04-14,Expansion,0.9999999999745341,1.0
2022-04-15,Expansion,0.9999999999745341,1.0
2022-04-18,Expansion,0.9999999999708962,1.0
2022-04-19,Expansion,0.9999999999890861,1.0
2022-04-20,Expansion,0.999999999996362,1.0
2022-04-21,Expansion,0.999999999992724,1.0
2022-04-22,Expansion,0.9999999998071871,1.0
2022-04-25,Expansion,0.9999999999599822,1.0
2022-04-26,Expansion,0.9999999716674215,1.0
2022-04-27,Expansion,0.9999999967767508,1.0
2022-04-28,Expansion,0.9999999993560778,1.0
2022-04-29,Expansion,0.999999990221113,1.0
2022-05-02,Expansion,0.9999999966748874,1.0
2022-05-03,Expansion,0.9999999998726707,1.0
2022-05-04,Expansion,0.9999999999818101,1.0
2022-05-05,Expansion,0.9999999975225364,1.0
2022-05-06,Expansion,0.9999999986612238,1.0
2022-05-09,Expansion,0.9999999529500212,1.0
2022-05-10,Expansion,0.9999999951651262,1.0
2022-05-11,Expansion,0.9999999991050572,1.0
2022-05-12,Expansion,0.9999999994979589,1.0
2022-05-13,Expansion,0.9999999998181011,1.0
2022-05-16,Expansion,0.9999999999199645,1.0
2022-05-17,Expansion,0.9999999999708962,1.0
2022-05-18,Expansion,0.9999999998435669,1.0
2022-05-19,Expansion,0.9999999999236024,1.0
2022-05-20,Expansion,0.9999999999490683,1.0
2022-05-23,Expansion,0.9999999999490683,1.0
2022-05-24,Expansion,0.9999999998472049,1.0
2022-05-25,Expansion,0.9999999999163265,1.0
2022-05-26,Expansion,0.9999999999381544,1.0
2022-05-27,Expansion,0.9999999999781721,1.0
2022-05-30,Expansion,0.9999999999672582,1.0
2022-05-31,Expansion,0.9999999999490683,1.0
2022-06-01,Expansion,0.9999999999708962,1.0
2022-06-02,Expansion,0.9999999999781721,1.0
2022-06-03,Expansion,0.9999999999708962,1.0
2022-06-06,Expansion,0.9999999999636202,1.0
2022-06-07,Expansion,0.9999999999890861,1.0
2022-06-08,Expansion,0.9999999999890861,1.0
2022-06-09,Expansion,0.9999999999854481,1.0
2022-06-10,Expansion,0.999999999992724,1.0
2022-06-13,Expansion,0.999999999821739,1.0
2022-06-14,Expansion,0.9999999999345164,1.0
2022-06-15,Expansion,0.9999999999745341,1.0
2022-06-16,Expansion,0.9999999998181011,1.0
2022-06-17,Expansion,0.9999999999781721,1.0
2022-06-20,Expansion,0.9999999999781721,1.0
2022-06-21,Expansion,0.9999999999818101,1.0
2022-06-22,Expansion,0.9999999999854481,1.0
2022-06-23,Expansion,0.999999999992724,1.0
2022-06-24,Expansion,0.999999999996362,1.0
2022-06-27,Expansion,0.999999999996362,1.0
2022-06-28,Expansion,0.999999999992724,1.0
2022-06-29,Expansion,0.999999999992724,1.0
2022-06-30,Expansion,0.9999999999745341,1.0
2022-07-01,Expansion,0.9999999999854481,1.0
2022-07-04,Expansion,0.9999999999818101,1.0
2022-07-05,Expansion,0.999999999992724,1.0
2022-07-06,Expansion,1.0,1.0
2022-07-07,Expansion,1.0,1.0
2022-07-08,Expansion,1.0,1.0
2022-07-11,Expansion,1.0,1.0
2022-07-12,Expansion,1.0,1.0
2022-07-13,Expansion,1.0,1.0
2022-07-14,Expansion,1.0,1.0
2022-07-15,Expansion,1.0,1.0
2022-07-18,Expansion,1.0,1.0
2022-07-19,Expansion,1.0,1.0
2022-07-20,Expansion,1.0,1.0
2022-07-21,Expansion,1.0,1.0
2022-07-22,Expansion,1.0,1.0
2022-07-25,Expansion,1.0,1.0
2022-07-26,Expansion,1.0,1.0
2022-07-27,Expansion,1.0,1.0
2022-07-28,Expansion,1.0,1.0
2022-07-29,Expansion,1.0,1.0
2022-08-01,Expansion,1.0,1.0
2022-08-02,Expansion,1.0,1.0
2022-08-03,Expansion,1.0,1.0
2022-08-04,Expansion,1.0,1.0
2022-08-05,Expansion,1.0,1.0
2022-08-08,Expansion,1.0,1.0
2022-08-09,Expansion,1.0,1.0
2022-08-10,Expansion,1.0,1.0
2022-08-11,Expansion,1.0,1.0
2022-08-12,Expansion,1.0,1.0
2022-08-15,Expansion,1.0,1.0
2022-08-16,Expansion,1.0,1.0
2022-08-17,Expansion,1.0,1.0
2022-08-18,Expansion,1.0,1.0
2022-08-19,Expansion,1.0,1.0
2022-08-22,Expansion,1.0,1.0
2022-08-23,Expansion,1.0,1.0
2022-08-24,Expansion,1.0,1.0
2022-08-25,Expansion,1.0,1.0
2022-08-26,Expansion,1.0,1.0
2022-08-29,Expansion,1.0,1.0
2022-08-30,Expansion,1.0,1.0
2022-08-31,Expansion,1.0,1.0
2022-09-01,Expansion,1.0,1.0
2022-09-02,Expansion,1.0,1.0
2022-09-05,Expansion,1.0,1.0
2022-09-06,Expansion,1.0,1.0
2022-09-07,Expansion,1.0,1.0
2022-09-08,Expansion,1.0,1.0
2022-09-09,Expansion,1.0,1.0
2022-09-12,Expansion,1.0,1.0
2022-09-13,Expansion,1.0,1.0
2022-09-14,Expansion,1.0,1.0
2022-09-15,Expansion,1.0,1.0
2022-09-16,Expansion,1.0,1.0
2022-09-19,Expansion,1.0,1.0
2022-09-20,Expansion,1.0,1.0
2022-09-21,Expansion,1.0,1.0
2022-09-22,Expansion,1.0,1.0
2022-09-23,Expansion,1.0,1.0
2022-09-26,Expansion,1.0,1.0
2022-09-27,Expansion,1.0,1.0
2022-09-28,Expansion,1.0,1.0
2022-09-29,Expansion,1.0,1.0
2022-09-30,Expansion,1.0,1.0
2022-10-03,Expansion,1.0,1.0
2022-10-04,Expansion,1.0,1.0
2022-10-05,Expansion,1.0,1.0
2022-10-06,Expansion,1.0,1.0
2022-10-07,Expansion,1.0,1.0
2022-10-10,Expansion,1.0,1.0
2022-10-11,Expansion,1.0,1.0
2022-10-12,Expansion,1.0,1.0
2022-10-13,Expansion,1.0,1.0
2022-10-14,Expansion,1.0,1.0
2022-10-17,Expansion,1.0,1.0
2022-10-18,Expansion,1.0,1.0
2022-10-19,Expansion,1.0,1.0
2022-10-20,Expansion,1.0,1.0
2022-10-21,Expansion,1.0,1.0
2022-10-24,Expansion,1.0,1.0
2022-10-25,Expansion,1.0,1.0
2022-10-26,Expansion,1.0,1.0
2022-10-27,Expansion,1.0,1.0
2022-10-28,Expansion,1.0,1.0
2022-10-31,Expansion,1.0,1.0
2022-11-01,Expansion,1.0,1.0
2022-11-02,Expansion,1.0,1.0
2022-11-03,Expansion,1.0,1.0
2022-11-04,Expansion,1.0,1.0
2022-11-07,Expansion,1.0,1.0
2022-11-08,Expansion,1.0,1.0
2022-11-09,Expansion,1.0,1.0
2022-11-10,Expansion,1.0,1.0
2022-11-11,Expansion,1.0,1.0
2022-11-14,Expansion,1.0,1.0
2022-11-15,Expansion,1.0,1.0
2022-11-16,Expansion,1.0,1.0
2022-11-17,Expansion,1.0,1.0
2022-11-18,Expansion,1.0,1.0
2022-11-21,Expansion,1.0,1.0
2022-11-22,Expansion,1.0,1.0
2022-11-23,Expansion,1.0,1.0
2022-11-24,Expansion,1.0,1.0
2022-11-25,Expansion,1.0,1.0
2022-11-28,Expansion,1.0,1.0
2022-11-29,Expansion,1.0,1.0
2022-11-30,Expansion,1.0,1.0
2022-12-01,Expansion,1.0,1.0
2022-12-02,Expansion,1.0,1.0
2022-12-05,Expansion,1.0,1.0
2022-12-06,Expansion,1.0,1.0
2022-12-07,Expansion,1.0,1.0
2022-12-08,Expansion,1.0,1.0
2022-12-09,Expansion,1.0,1.0
2022-12-12,Expansion,1.0,1.0
2022-12-13,Expansion,1.0,1.0
2022-12-14,Expansion,1.0,1.0
2022-12-15,Expansion,1.0,1.0
2022-12-16,Expansion,1.0,1.0
2022-12-19,Expansion,1.0,1.0
2022-12-20,Expansion,1.0,1.0
2022-12-21,Expansion,1.0,1.0
2022-12-22,Expansion,1.0,1.0
2022-12-23,Expansion,1.0,1.0
2022-12-26,Expansion,1.0,1.0
2022-12-27,Expansion,1.0,1.0
2022-12-28,Expansion,1.0,1.0
2022-12-29,Expansion,1.0,1.0
2022-12-30,Expansion,1.0,1.0
2023-01-02,Expansion,1.0,1.0
2023-01-03,Expansion,1.0,1.0
2023-01-04,Expansion,1.0,1.0
2023-01-05,Expansion,1.0,1.0
2023-01-06,Expansion,1.0,1.0
2023-01-09,Expansion,1.0,1.0
2023-01-10,Expansion,1.0,1.0
2023-01-11,Expansion,1.0,1.0
2023-01-12,Expansion,1.0,1.0
2023-01-13,Expansion,1.0,1.0
2023-01-16,Expansion,1.0,1.0
2023-01-17,Expansion,1.0,1.0
2023-01-18,Expansion,1.0,1.0
2023-01-19,Expansion,1.0,1.0
2023-01-20,Expansion,1.0,1.0
2023-01-23,Expansion,1.0,1.0
2023-01-24,Expansion,1.0,1.0
2023-01-25,Expansion,1.0,1.0
2023-01-26,Expansion,1.0,1.0
2023-01-27,Expansion,1.0,1.0
2023-01-30,Expansion,1.0,1.0
2023-01-31,Expansion,1.0,1.0
2023-02-01,Expansion,1.0,1.0
2023-02-02,Expansion,1.0,1.0
2023-02-03,Expansion,1.0,1.0
2023-02-06,Expansion,1.0,1.0
2023-02-07,Expansion,1.0,1.0
2023-02-08,Expansion,1.0,1.0
2023-02-09,Expansion,1.0,1.0
2023-02-10,Expansion,1.0,1.0
2023-02-13,Expansion,1.0,1.0
2023-02-14,Expansion,1.0,1.0
2023-02-15,Expansion,1.0,1.0
2023-02-16,Expansion,1.0,1.0
2023-02-17,Expansion,1.0,1.0
2023-02-20,Expansion,1.0,1.0
2023-02-21,Expansion,1.0,1.0
2023-02-22,Expansion,1.0,1.0
2023-02-23,Expansion,1.0,1.0
2023-02-24,Expansion,1.0,1.0
2023-02-27,Expansion,1.0,1.0
2023-02-28,Expansion,1.0,1.0
2023-03-01,Expansion,1.0,1.0
2023-03-02,Expansion,1.0,1.0
2023-03-03,Expansion,1.0,1.0
2023-03-06,Expansion,1.0,1.0
2023-03-07,Expansion,1.0,1.0
2023-03-08,Expansion,1.0,1.0
2023-03-09,Expansion,1.0,1.0
2023-03-10,Expansion,1.0,1.0
2023-03-13,Expansion,1.0,1.0
2023-03-14,Expansion,1.0,1.0
2023-03-15,Expansion,1.0,1.0
2023-03-16,Expansion,1.0,1.0
2023-03-17,Expansion,1.0,1.0
2023-03-20,Expansion,1.0,1.0
2023-03-21,Expansion,1.0,1.0
2023-03-22,Expansion,1.0,1.0
2023-03-23,Expansion,1.0,1.0
2023-03-24,Expansion,1.0,1.0
2023-03-27,Expansion,1.0,1.0
2023-03-28,Expansion,1.0,1.0
2023-03-29,Expansion,1.0,1.0
2023-03-30,Expansion,1.0,1.0
2023-03-31,Expansion,1.0,1.0
2023-04-03,Expansion,1.0,1.0
2023-04-04,Expansion,1.0,1.0
2023-04-05,Expansion,1.0,1.0
2023-04-06,Expansion,1.0,1.0
2023-04-07,Expansion,1.0,1.0
2023-04-10,Expansion,1.0,1.0
2023-04-11,Expansion,1.0,1.0
2023-04-12,Expansion,1.0,1.0
2023-04-13,Expansion,1.0,1.0
2023-04-14,Expansion,1.0,1.0
2023-04-17,Expansion,1.0,1.0
2023-04-18,Expansion,1.0,1.0
2023-04-19,Expansion,1.0,1.0
2023-04-20,Expansion,1.0,1.0
2023-04-21,Expansion,1.0,1.0
2023-04-24,Expansion,1.0,1.0
2023-04-25,Expansion,1.0,1.0
2023-04-26,Expansion,1.0,1.0
2023-04-27,Expansion,1.0,1.0
2023-04-28,Expansion,1.0,1.0
2023-05-01,Expansion,1.0,1.0
2023-05-02,Expansion,1.0,1.0
2023-05-03,Expansion,1.0,1.0
2023-05-04,Expansion,1.0,1.0
2023-05-05,Expansion,1.0,1.0
2023-05-08,Expansion,1.0,1.0
2023-05-09,Expansion,1.0,1.0
2023-05-10,Expansion,1.0,1.0
2023-05-11,Expansion,1.0,1.0
2023-05-12,Expansion,1.0,1.0
2023-05-15,Expansion,1.0,1.0
2023-05-16,Expansion,1.0,1.0
2023-05-17,Expansion,1.0,1.0
2023-05-18,Expansion,1.0,1.0
2023-05-19,Expansion,1.0,1.0
2023-05-22,Expansion,1.0,1.0
2023-05-23,Expansion,1.0,1.0
2023-05-24,Expansion,1.0,1.0
2023-05-25,Expansion,1.0,1.0
2023-05-26,Expansion,1.0,1.0
2023-05-29,Expansion,1.0,1.0
2023-05-30,Expansion,1.0,1.0
2023-05-31,Expansion,1.0,1.0
2023-06-01,Expansion,1.0,1.0
2023-06-02,Expansion,1.0,1.0
2023-06-05,Expansion,1.0,1.0
2023-06-06,Expansion,1.0,1.0
2023-06-07,Expansion,1.0,1.0
2023-06-08,Expansion,1.0,1.0
2023-06-09,Expansion,1.0,1.0
2023-06-12,Expansion,1.0,1.0
2023-06-13,Expansion,1.0,1.0
2023-06-14,Expansion,1.0,1.0
2023-06-15,Expansion,1.0,1.0
2023-06-16,Expansion,1.0,1.0
2023-06-19,Expansion,1.0,1.0
2023-06-20,Expansion,1.0,1.0
2023-06-21,Expansion,1.0,1.0
2023-06-22,Expansion,1.0,1.0
2023-06-23,Expansion,1.0,1.0
2023-06-26,Expansion,1.0,1.0
2023-06-27,Expansion,1.0,1.0
2023-06-28,Expansion,1.0,1.0
2023-06-29,Expansion,1.0,1.0
2023-06-30,Expansion,1.0,1.0
2023-07-03,Expansion,1.0,1.0
2023-07-04,Expansion,1.0,1.0
2023-07-05,Expansion,1.0,1.0
2023-07-06,Expansion,1.0,1.0
2023-07-07,Expansion,1.0,1.0
2023-07-10,Expansion,1.0,1.0
2023-07-11,Expansion,1.0,1.0
2023-07-12,Expansion,1.0,1.0
2023-07-13,Expansion,1.0,1.0
2023-07-14,Expansion,1.0,1.0
2023-07-17,Expansion,1.0,1.0
2023-07-18,Expansion,1.0,1.0
2023-07-19,Expansion,1.0,1.0
2023-07-20,Expansion,1.0,1.0
2023-07-21,Expansion,1.0,1.0
2023-07-24,Expansion,1.0,1.0
2023-07-25,Expansion,1.0,1.0
2023-07-26,Expansion,1.0,1.0
2023-07-27,Expansion,1.0,1.0
2023-07-28,Expansion,1.0,1.0
2023-07-31,Expansion,1.0,1.0
2023-08-01,Expansion,1.0,1.0
2023-08-02,Expansion,1.0,1.0
2023-08-03,Expansion,1.0,1.0
2023-08-04,Expansion,1.0,1.0
2023-08-07,Expansion,1.0,1.0
2023-08-08,Expansion,1.0,1.0
2023-08-09,Expansion,1.0,1.0
2023-08-10,Expansion,1.0,1.0
2023-08-11,Expansion,1.0,1.0
2023-08-14,Expansion,1.0,1.0
2023-08-15,Expansion,1.0,1.0
2023-08-16,Expansion,1.0,1.0
2023-08-17,Expansion,1.0,1.0
2023-08-18,Expansion,1.0,1.0
2023-08-21,Expansion,1.0,1.0
2023-08-22,Expansion,1.0,1.0
2023-08-23,Expansion,1.0,1.0
2023-08-24,Expansion,1.0,1.0
2023-08-25,Expansion,1.0,1.0
2023-08-28,Expansion,1.0,1.0
2023-08-29,Expansion,1.0,1.0
2023-08-30,Expansion,1.0,1.0
2023-08-31,Expansion,1.0,1.0
2023-09-01,Expansion,1.0,1.0
2023-09-04,Expansion,1.0,1.0
2023-09-05,Expansion,1.0,1.0
2023-09-06,Expansion,1.0,1.0
2023-09-07,Expansion,1.0,1.0
2023-09-08,Expansion,1.0,1.0
2023-09-11,Expansion,1.0,1.0
2023-09-12,Expansion,1.0,1.0
2023-09-13,Expansion,1.0,1.0
2023-09-14,Expansion,1.0,1.0
2023-09-15,Expansion,1.0,1.0
2023-09-18,Expansion,1.0,1.0
2023-09-19,Expansion,1.0,1.0
2023-09-20,Expansion,1.0,1.0
2023-09-21,Expansion,1.0,1.0
2023-09-22,Expansion,1.0,1.0
2023-09-25,Expansion,1.0,1.0
2023-09-26,Expansion,1.0,1.0
2023-09-27,Expansion,1.0,1.0
2023-09-28,Expansion,1.0,1.0
2023-09-29,Expansion,1.0,1.0
2023-10-02,Expansion,1.0,1.0
2023-10-03,Expansion,1.0,1.0
2023-10-04,Expansion,1.0,1.0
2023-10-05,Expansion,1.0,1.0
2023-10-06,Expansion,1.0,1.0
2023-10-09,Expansion,1.0,1.0
2023-10-10,Expansion,1.0,1.0
2023-10-11,Expansion,1.0,1.0
2023-10-12,Expansion,1.0,1.0
2023-10-13,Expansion,1.0,1.0
2023-10-16,Expansion,1.0,1.0
2023-10-17,Expansion,1.0,1.0
2023-10-18,Expansion,1.0,1.0
2023-10-19,Expansion,1.0,1.0
2023-10-20,Expansion,1.0,1.0
2023-10-23,Expansion,1.0,1.0
2023-10-24,Expansion,1.0,1.0
2023-10-25,Expansion,1.0,1.0
2023-10-26,Expansion,1.0,1.0
2023-10-27,Expansion,1.0,1.0
2023-10-30,Expansion,1.0,1.0
2023-10-31,Expansion,1.0,1.0
2023-11-01,Expansion,1.0,1.0
2023-11-02,Expansion,1.0,1.0
2023-11-03,Expansion,1.0,1.0
2023-11-06,Expansion,1.0,1.0
2023-11-07,Expansion,1.0,1.0
2023-11-08,Expansion,1.0,1.0
2023-11-09,Expansion,1.0,1.0
2023-11-10,Expansion,1.0,1.0
2023-11-13,Expansion,1.0,1.0
2023-11-14,Expansion,1.0,1.0
2023-11-15,Expansion,1.0,1.0
2023-11-16,Expansion,1.0,1.0
2023-11-17,Expansion,1.0,1.0
2023-11-20,Expansion,1.0,1.0
2023-11-21,Expansion,1.0,1.0
2023-11-22,Expansion,1.0,1.0
2023-11-23,Expansion,1.0,1.0
2023-11-24,Expansion,1.0,1.0
2023-11-27,Expansion,1.0,1.0
2023-11-28,Expansion,1.0,1.0
2023-11-29,Expansion,1.0,1.0
2023-11-30,Expansion,1.0,1.0
2023-12-01,Expansion,1.0,1.0
2023-12-04,Expansion,1.0,1.0
2023-12-05,Expansion,1.0,1.0
2023-12-06,Expansion,1.0,1.0
2023-12-07,Expansion,1.0,1.0
2023-12-08,Expansion,1.0,1.0
2023-12-11,Expansion,1.0,1.0
2023-12-12,Expansion,1.0,1.0
2023-12-13,Expansion,1.0,1.0
2023-12-14,Expansion,1.0,1.0
2023-12-15,Expansion,1.0,1.0
2023-12-18,Expansion,1.0,1.0
2023-12-19,Expansion,1.0,1.0
2023-12-20,Expansion,1.0,1.0
2023-12-21,Expansion,1.0,1.0
2023-12-22,Expansion,1.0,1.0
2023-12-25,Expansion,1.0,1.0
2023-12-26,Expansion,1.0,1.0
2023-12-27,Expansion,1.0,1.0
2023-12-28,Expansion,1.0,1.0
2023-12-29,Expansion,1.0,1.0
2024-01-01,Expansion,1.0,1.0
2024-01-02,Expansion,1.0,1.0
2024-01-03,Expansion,1.0,1.0
2024-01-04,Expansion,1.0,1.0
2024-01-05,Expansion,1.0,1.0
2024-01-08,Expansion,1.0,1.0
2024-01-09,Expansion,1.0,1.0
2024-01-10,Expansion,1.0,1.0
2024-01-11,Expansion,1.0,1.0
2024-01-12,Expansion,1.0,1.0
2024-01-15,Expansion,1.0,1.0
2024-01-16,Expansion,1.0,1.0
2024-01-17,Expansion,1.0,1.0
2024-01-18,Expansion,1.0,1.0
2024-01-19,Expansion,1.0,1.0
2024-01-22,Expansion,1.0,1.0
2024-01-23,Expansion,1.0,1.0
2024-01-24,Expansion,1.0,1.0
2024-01-25,Expansion,1.0,1.0
2024-01-26,Expansion,1.0,1.0
2024-01-29,Expansion,1.0,1.0
2024-01-30,Expansion,1.0,1.0
2024-01-31,Expansion,1.0,1.0
2024-02-01,Expansion,1.0,1.0
2024-02-02,Expansion,1.0,1.0
2024-02-05,Expansion,1.0,1.0
2024-02-06,Expansion,1.0,1.0
2024-02-07,Expansion,1.0,1.0
2024-02-08,Expansion,1.0,1.0
2024-02-09,Expansion,1.0,1.0
2024-02-12,Expansion,1.0,1.0
2024-02-13,Expansion,1.0,1.0
2024-02-14,Expansion,1.0,1.0
2024-02-15,Expansion,1.0,1.0
2024-02-16,Expansion,1.0,1.0
2024-02-19,Expansion,1.0,1.0
2024-02-20,Expansion,1.0,1.0
2024-02-21,Expansion,1.0,1.0
2024-02-22,Expansion,1.0,1.0
2024-02-23,Expansion,1.0,1.0
2024-02-26,Expansion,1.0,1.0
2024-02-27,Expansion,1.0,1.0
2024-02-28,Expansion,1.0,1.0
2024-02-29,Expansion,1.0,1.0
2024-03-01,Expansion,1.0,1.0
2024-03-04,Expansion,1.0,1.0
2024-03-05,Expansion,1.0,1.0
2024-03-06,Expansion,1.0,1.0
2024-03-07,Expansion,1.0,1.0
2024-03-08,Expansion,1.0,1.0
2024-03-11,Expansion,1.0,1.0
2024-03-12,Expansion,1.0,1.0
2024-03-13,Expansion,1.0,1.0
2024-03-14,Expansion,1.0,1.0
2024-03-15,Expansion,1.0,1.0
2024-03-18,Expansion,1.0,1.0
2024-03-19,Expansion,1.0,1.0
2024-03-20,Expansion,1.0,1.0
2024-03-21,Expansion,1.0,1.0
2024-03-22,Expansion,1.0,1.0
2024-03-25,Expansion,1.0,1.0
2024-03-26,Expansion,1.0,1.0
2024-03-27,Expansion,1.0,1.0
2024-03-28,Expansion,1.0,1.0
2024-03-29,Expansion,1.0,1.0
2024-04-01,Expansion,1.0,1.0
2024-04-02,Expansion,1.0,1.0
2024-04-03,Expansion,1.0,1.0
2024-04-04,Expansion,1.0,1.0
2024-04-05,Expansion,1.0,1.0
2024-04-08,Expansion,1.0,1.0
2024-04-09,Expansion,1.0,1.0
2024-04-10,Expansion,1.0,1.0
2024-04-11,Expansion,1.0,1.0
2024-04-12,Expansion,1.0,1.0
2024-04-15,Expansion,1.0,1.0
2024-04-16,Expansion,1.0,1.0
2024-04-17,Expansion,1.0,1.0
2024-04-18,Expansion,1.0,1.0
2024-04-19,Expansion,1.0,1.0
2024-04-22,Expansion,1.0,1.0
2024-04-23,Expansion,1.0,1.0
2024-04-24,Expansion,1.0,1.0
2024-04-25,Expansion,1.0,1.0
2024-04-26,Expansion,1.0,1.0
2024-04-29,Expansion,1.0,1.0
2024-04-30,Expansion,1.0,1.0
2024-05-01,Expansion,1.0,1.0
2024-05-02,Expansion,1.0,1.0
2024-05-03,Expansion,1.0,1.0
2024-05-06,Expansion,1.0,1.0
2024-05-07,Expansion,1.0,1.0
2024-05-08,Expansion,1.0,1.0
2024-05-09,Expansion,1.0,1.0
2024-05-10,Expansion,1.0,1.0
2024-05-13,Expansion,1.0,1.0
2024-05-14,Expansion,1.0,1.0
2024-05-15,Expansion,1.0,1.0
2024-05-16,Expansion,1.0,1.0
2024-05-17,Expansion,1.0,1.0
2024-05-20,Expansion,1.0,1.0
2024-05-21,Expansion,1.0,1.0
2024-05-22,Expansion,1.0,1.0
2024-05-23,Expansion,1.0,1.0
2024-05-24,Expansion,1.0,1.0
2024-05-27,Expansion,1.0,1.0
2024-05-28,Expansion,1.0,1.0
2024-05-29,Expansion,1.0,1.0
2024-05-30,Expansion,1.0,1.0
2024-05-31,Expansion,1.0,1.0
2024-06-03,Expansion,1.0,1.0
2024-06-04,Expansion,1.0,1.0
2024-06-05,Expansion,1.0,1.0
2024-06-06,Expansion,1.0,1.0
2024-06-07,Expansion,1.0,1.0
2024-06-10,Expansion,1.0,1.0
2024-06-11,Expansion,1.0,1.0
2024-06-12,Expansion,1.0,1.0
2024-06-13,Expansion,1.0,1.0
2024-06-14,Expansion,1.0,1.0
2024-06-17,Expansion,1.0,1.0
2024-06-18,Expansion,1.0,1.0
2024-06-19,Expansion,1.0,1.0
2024-06-20,Expansion,1.0,1.0
2024-06-21,Expansion,1.0,1.0
2024-06-24,Expansion,1.0,1.0
2024-06-25,Expansion,1.0,1.0
2024-06-26,Expansion,1.0,1.0
2024-06-27,Expansion,1.0,1.0
2024-06-28,Expansion,1.0,1.0
2024-07-01,Expansion,1.0,1.0
2024-07-02,Expansion,1.0,1.0
2024-07-03,Expansion,1.0,1.0
2024-07-04,Expansion,1.0,1.0
2024-07-05,Expansion,1.0,1.0
2024-07-08,Expansion,1.0,1.0
2024-07-09,Expansion,1.0,1.0
2024-07-10,Expansion,1.0,1.0
2024-07-11,Expansion,1.0,1.0
2024-07-12,Expansion,1.0,1.0
2024-07-15,Expansion,1.0,1.0
2024-07-16,Expansion,1.0,1.0
2024-07-17,Expansion,1.0,1.0
2024-07-18,Expansion,1.0,1.0
2024-07-19,Expansion,1.0,1.0
2024-07-22,Expansion,1.0,1.0
2024-07-23,Expansion,1.0,1.0
2024-07-24,Expansion,1.0,1.0
2024-07-25,Expansion,1.0,1.0
2024-07-26,Expansion,1.0,1.0
2024-07-29,Expansion,1.0,1.0
2024-07-30,Expansion,1.0,1.0
2024-07-31,Expansion,1.0,1.0
2024-08-01,Expansion,1.0,1.0
2024-08-02,Expansion,1.0,1.0
2024-08-05,Expansion,0.9999987259151498,1.0
2024-08-06,Expansion,0.9999999999708962,1.0
2024-08-07,Expansion,0.9999999999781721,1.0
2024-08-08,Expansion,1.0,1.0
2024-08-09,Expansion,1.0,1.0
2024-08-12,Expansion,1.0,1.0
2024-08-13,Expansion,1.0,1.0
2024-08-14,Expansion,1.0,1.0
2024-08-15,Expansion,1.0,1.0
2024-08-16,Expansion,1.0,1.0
2024-08-19,Expansion,1.0,1.0
2024-08-20,Expansion,1.0,1.0
2024-08-21,Expansion,1.0,1.0
2024-08-22,Expansion,1.0,1.0
2024-08-23,Expansion,1.0,1.0
2024-08-26,Expansion,1.0,1.0
2024-08-27,Expansion,1.0,1.0
2024-08-28,Expansion,1.0,1.0
2024-08-29,Expansion,1.0,1.0
2024-08-30,Expansion,1.0,1.0
2024-09-02,Expansion,1.0,1.0
2024-09-03,Expansion,1.0,1.0
2024-09-04,Expansion,1.0,1.0
2024-09-05,Expansion,1.0,1.0
2024-09-06,Expansion,1.0,1.0
2024-09-09,Expansion,1.0,1.0
2024-09-10,Expansion,1.0,1.0
2024-09-11,Expansion,1.0,1.0
2024-09-12,Expansion,1.0,1.0
2024-09-13,Expansion,1.0,1.0
2024-09-16,Expansion,1.0,1.0
2024-09-17,Expansion,1.0,1.0
2024-09-18,Expansion,1.0,1.0
2024-09-19,Expansion,1.0,1.0
2024-09-20,Expansion,1.0,1.0
2024-09-23,Expansion,1.0,1.0
2024-09-24,Expansion,1.0,1.0
2024-09-25,Expansion,1.0,1.0
2024-09-26,Expansion,1.0,1.0
2024-09-27,Expansion,1.0,1.0
2024-09-30,Expansion,1.0,1.0
2024-10-01,Expansion,1.0,1.0
2024-10-02,Expansion,0.999999999996362,1.0
2024-10-03,Expansion,0.999999999996362,1.0
2024-10-04,Expansion,1.0,1.0
2024-10-07,Expansion,0.9999999999890861,1.0
2024-10-08,Expansion,0.999999999996362,1.0
2024-10-09,Expansion,0.999999999996362,1.0
2024-10-10,Expansion,0.999999999996362,1.0
2024-10-11,Expansion,0.999999999996362,1.0
2024-10-14,Expansion,0.999999999996362,1.0
2024-10-15,Expansion,0.999999999996362,1.0
2024-10-16,Expansion,1.0,1.0
2024-10-17,Expansion,1.0,1.0
2024-10-18,Expansion,1.0,1.0
2024-10-21,Expansion,1.0,1.0
2024-10-22,Expansion,1.0,1.0
2024-10-23,Expansion,0.999999999996362,1.0
2024-10-24,Expansion,1.0,1.0
2024-10-25,Expansion,0.999999999996362,1.0
2024-10-28,Expansion,0.999999999996362,1.0
2024-10-29,Expansion,0.999999999996362,1.0
2024-10-30,Expansion,0.999999999996362,1.0
2024-10-31,Expansion,0.9999999999708962,1.0
2024-11-01,Expansion,0.9999999999818101,1.0
2024-11-04,Expansion,0.9999999999854481,1.0
2024-11-05,Expansion,0.999999999996362,1.0
2024-11-06,Expansion,1.0,1.0
2024-11-07,Expansion,1.0,1.0
2024-11-08,Expansion,1.0,1.0
2024-11-11,Expansion,1.0,1.0
2024-11-12,Expansion,1.0,1.0
2024-11-13,Expansion,1.0,1.0
2024-11-14,Expansion,1.0,1.0
2024-11-15,Expansion,1.0,1.0
2024-11-18,Expansion,1.0,1.0
2024-11-19,Expansion,1.0,1.0
2024-11-20,Expansion,1.0,1.0
2024-11-21,Expansion,1.0,1.0
2024-11-22,Expansion,1.0,1.0
2024-11-25,Expansion,1.0,1.0
2024-11-26,Expansion,1.0,1.0
2024-11-27,Expansion,1.0,1.0
2024-11-28,Expansion,1.0,1.0
2024-11-29,Expansion,1.0,1.0
2024-12-02,Expansion,1.0,1.0
2024-12-03,Expansion,1.0,1.0
2024-12-04,Expansion,1.0,1.0
2024-12-05,Expansion,1.0,1.0
2024-12-06,Expansion,1.0,1.0
2024-12-09,Expansion,1.0,1.0
2024-12-10,Expansion,1.0,1.0
2024-12-11,Expansion,1.0,1.0
2024-12-12,Expansion,1.0,1.0
2024-12-13,Expansion,1.0,1.0
2024-12-16,Expansion,1.0,1.0
2024-12-17,Expansion,1.0,1.0
2024-12-18,Expansion,0.9999999896026566,1.0
2024-12-19,Expansion,0.9999999998399289,1.0
2024-12-20,Expansion,0.999999999996362,1.0
2024-12-23,Expansion,0.999999999996362,1.0
2024-12-24,Expansion,1.0,1.0
2024-12-25,Expansion,1.0,1.0
2024-12-26,Expansion,1.0,1.0
2024-12-27,Expansion,0.999999999996362,1.0
2024-12-30,Expansion,0.999999999996362,1.0
2024-12-31,Expansion,0.999999999996362,1.0
2025-01-01,Expansion,0.999999999996362,1.0
2025-01-02,Expansion,0.999999999996362,1.0
2025-01-03,Expansion,0.999999999996362,1.0
2025-01-06,Expansion,0.999999999996362,1.0
2025-01-07,Expansion,0.9999999999890861,1.0
2025-01-08,Expansion,0.9999999999890861,1.0
2025-01-09,Expansion,0.9999999999818101,1.0
2025-01-10,Expansion,0.9999999999745341,1.0
2025-01-13,Expansion,0.9999999999745341,1.0
2025-01-14,Expansion,0.9999999999708962,1.0
2025-01-15,Expansion,0.9999999999890861,1.0
2025-01-16,Expansion,0.9999999999890861,1.0
2025-01-17,Expansion,0.999999999992724,1.0
2025-01-20,Expansion,0.999999999992724,1.0
2025-01-21,Expansion,0.999999999996362,1.0
2025-01-22,Expansion,0.999999999996362,1.0
2025-01-23,Expansion,0.999999999996362,1.0
2025-01-24,Expansion,0.999999999996362,1.0
2025-01-27,Expansion,0.9999999999854481,1.0
2025-01-28,Expansion,0.999999999992724,1.0
2025-01-29,Expansion,0.999999999992724,1.0
2025-01-30,Expansion,0.999999999996362,1.0
2025-01-31,Expansion,0.999999999992724,1.0
2025-02-03,Expansion,0.999999999992724,1.0
2025-02-04,Expansion,0.999999999996362,1.0
2025-02-05,Expansion,0.999999999996362,1.0
2025-02-06,Expansion,1.0,1.0
2025-02-07,Expansion,0.999999999996362,1.0
2025-02-10,Expansion,0.999999999996362,1.0
2025-02-11,Expansion,0.999999999996362,1.0
2025-02-12,Expansion,0.999999999996362,1.0
2025-02-13,Expansion,1.0,1.0
2025-02-14,Expansion,1.0,1.0
2025-02-17,Expansion,1.0,1.0
2025-02-18,Expansion,0.999999999996362,1.0
2025-02-19,Expansion,1.0,1.0
2025-02-20,Expansion,1.0,1.0
2025-02-21,Expansion,0.999999999996362,1.0
2025-02-24,Expansion,0.999999999992724,1.0
2025-02-25,Expansion,0.999999999992724,1.0
2025-02-26,Expansion,0.999999999996362,1.0
2025-02-27,Expansion,0.9999999999781721,1.0
2025-02-28,Expansion,0.999999999992724,1.0
2025-03-03,Expansion,0.9999999999672582,1.0
2025-03-04,Expansion,0.9999999999272404,1.0
2025-03-05,Expansion,0.9999999999381544,1.0
2025-03-06,Expansion,0.9999999994288373,1.0
2025-03-07,Expansion,0.999999999836291,1.0
2025-03-10,Expansion,0.9999999962492438,1.0
2025-03-11,Expansion,0.9999999986575858,1.0
2025-03-12,Expansion,0.9999999998763087,1.0
2025-03-13,Expansion,0.9999999998872227,1.0
2025-03-14,Expansion,0.9999999999818101,1.0
2025-03-17,Expansion,0.999999999992724,1.0
2025-03-18,Expansion,0.9999999999890861,1.0
2025-03-19,Expansion,0.999999999992724,1.0
2025-03-20,Expansion,0.9999999999890861,1.0
2025-03-21,Expansion,0.999999999992724,1.0
2025-03-24,Expansion,0.999999999996362,1.0
2025-03-25,Expansion,0.999999999992724,1.0
2025-03-26,Expansion,0.9999999999854481,1.0
2025-03-27,Expansion,0.9999999999818101,1.0
2025-03-28,Expansion,0.9999999999672582,1.0
2025-03-31,Expansion,0.9999999999781721,1.0
2025-04-01,Expansion,0.9999999999890861,1.0
2025-04-02,Expansion,0.9999999622159528,1.0
2025-04-03,Expansion,0.9978261319244102,1.0
2025-04-04,Contraction,0.9999782669034799,0.5
2025-04-07,Contraction,0.9999999999490683,0.5
2025-04-08,Contraction,1.0,0.5
2025-04-09,Contraction,0.9555753727948446,0.5
2025-04-10,Contraction,0.9546596959667618,0.5
2025-04-11,Contraction,0.7910695722301005,0.5
2025-04-14,Expansion,0.9893752688224056,1.0
2025-04-15,Expansion,0.9999360780006191,1.0
2025-04-16,Expansion,0.9999975597268292,1.0
2025-04-17,Expansion,0.9999999833198673,1.0
2025-04-18,Expansion,0.9999999952597136,1.0
2025-04-21,Expansion,0.9999997373634305,1.0
2025-04-22,Expansion,0.9999999682149797,1.0
2025-04-23,Expansion,0.9999999952269718,1.0
2025-04-24,Expansion,0.9999999992323865,1.0
2025-04-25,Expansion,0.999999999654392,1.0
2025-04-28,Expansion,0.9999999996070983,1.0
2025-04-29,Expansion,0.9999999998035491,1.0
2025-04-30,Expansion,0.9999999997562554,1.0
2025-05-01,Expansion,0.9999999997635314,1.0
2025-05-02,Expansion,0.9999999999345164,1.0
2025-05-05,Expansion,0.9999999998799467,1.0
2025-05-06,Expansion,0.999999999832653,1.0
2025-05-07,Expansion,0.9999999999454303,1.0
2025-05-08,Expansion,0.9999999999636202,1.0
2025-05-09,Expansion,0.9999999999672582,1.0
2025-05-12,Expansion,0.9999999999890861,1.0
2025-05-13,Expansion,0.9999999999854481,1.0
2025-05-14,Expansion,0.9999999999818101,1.0
2025-05-15,Expansion,0.9999999999854481,1.0
2025-05-16,Expansion,0.999999999992724,1.0
2025-05-19,Expansion,0.9999999999854481,1.0
2025-05-20,Expansion,0.9999999999854481,1.0
2025-05-21,Expansion,0.9999999999163265,1.0
2025-05-22,Expansion,0.9999999999563443,1.0
2025-05-23,Expansion,0.9999999999272404,1.0
2025-05-26,Expansion,0.9999999999636202,1.0
2025-05-27,Expansion,0.9999999999781721,1.0
2025-05-28,Expansion,0.9999999999781721,1.0
2025-05-29,Expansion,0.9999999999781721,1.0
2025-05-30,Expansion,0.9999999999781721,1.0
2025-06-02,Expansion,0.9999999999781721,1.0
2025-06-03,Expansion,0.9999999999854481,1.0
2025-06-04,Expansion,0.9999999999854481,1.0
2025-06-05,Expansion,0.9999999999818101,1.0
2025-06-06,Expansion,0.9999999999890861,1.0
2025-06-09,Expansion,0.9999999999854481,1.0
2025-06-10,Expansion,0.9999999999890861,1.0
2025-06-11,Expansion,0.9999999999890861,1.0
2025-06-12,Expansion,0.9999999999890861,1.0
2025-06-13,Expansion,0.9999999999745341,1.0
2025-06-16,Expansion,0.9999999999781721,1.0
2025-06-17,Expansion,0.9999999999599822,1.0
2025-06-18,Expansion,0.9999999999818101,1.0
2025-06-19,Expansion,0.9999999999490683,1.0
2025-06-20,Expansion,0.9999999999636202,1.0
2025-06-23,Expansion,0.9999999999672582,1.0
2025-06-24,Expansion,0.9999999999708962,1.0
2025-06-25,Expansion,0.9999999999708962,1.0
2025-06-26,Expansion,0.9999999999636202,1.0
2025-06-27,Expansion,0.9999999999599822,1.0
2025-06-30,Expansion,0.9999999999745341,1.0
2025-07-01,Expansion,0.9999999999818101,1.0
2025-07-02,Expansion,0.9999999999708962,1.0
2025-07-03,Expansion,0.9999999999818101,1.0
2025-07-04,Expansion,0.9999999999781721,1.0
2025-07-07,Expansion,0.9999999999708962,1.0
2025-07-08,Expansion,0.9999999999454303,1.0
2025-07-09,Expansion,0.9999999999781721,1.0
2025-07-10,Expansion,0.9999999999708962,1.0
2025-07-11,Expansion,0.9999999999563443,1.0
2025-07-14,Expansion,0.9999999999490683,1.0
2025-07-15,Expansion,0.9999999999272404,1.0
2025-07-16,Expansion,0.9999999999163265,1.0
2025-07-17,Expansion,0.9999999999381544,1.0
2025-07-18,Expansion,0.9999999999345164,1.0
2025-07-21,Expansion,0.9999999999527063,1.0
2025-07-22,Expansion,0.9999999999563443,1.0
2025-07-23,Expansion,0.9999999999563443,1.0
2025-07-24,Expansion,0.9999999999563443,1.0
2025-07-25,Expansion,0.9999999999672582,1.0
2025-07-28,Expansion,0.9999999999672582,1.0
2025-07-29,Expansion,0.9999999999708962,1.0
2025-07-30,Expansion,0.9999999999818101,1.0
2025-07-31,Expansion,0.999999999996362,1.0
2025-08-01,Expansion,0.9999999999636202,1.0
2025-08-04,Expansion,0.9999999999854481,1.0
2025-08-05,Expansion,0.9999999999890861,1.0
2025-08-06,Expansion,0.9999999999890861,1.0
2025-08-07,Expansion,0.999999999992724,1.0
2025-08-08,Expansion,0.999999999992724,1.0
2025-08-11,Expansion,0.999999999992724,1.0
2025-08-12,Expansion,0.9999999999854481,1.0
2025-08-13,Expansion,0.9999999999854481,1.0
2025-08-14,Expansion,0.9999999999890861,1.0
2025-08-15,Expansion,0.9999999999818101,1.0
2025-08-18,Expansion,0.9999999999854481,1.0
2025-08-19,Expansion,0.9999999999890861,1.0
2025-08-20,Expansion,0.9999999999890861,1.0
2025-08-21,Expansion,0.9999999999854481,1.0
2025-08-22,Expansion,0.9999999999854481,1.0
2025-08-25,Expansion,0.9999999999890861,1.0
2025-08-26,Expansion,0.9999999999672582,1.0
2025-08-27,Expansion,0.9999999999708962,1.0
2025-08-28,Expansion,0.9999999999818101,1.0
2025-08-29,Expansion,0.9999999999708962,1.0
2025-09-01,Expansion,0.9999999999672582,1.0
2025-09-02,Expansion,0.9999999999672582,1.0
2025-09-03,Expansion,0.9999999999781721,1.0
2025-09-04,Expansion,0.9999999999890861,1.0
2025-09-05,Expansion,0.9999999999890861,1.0
2025-09-08,Expansion,0.999999999992724,1.0
2025-09-09,Expansion,0.999999999992724,1.0
2025-09-10,Expansion,0.999999999996362,1.0
2025-09-11,Expansion,0.999999999996362,1.0
2025-09-12,Expansion,0.999999999996362,1.0
2025-09-15,Expansion,0.999999999992724,1.0
2025-09-16,Expansion,0.9999999999890861,1.0
2025-09-17,Expansion,0.999999999992724,1.0
2025-09-18,Expansion,0.9999999999890861,1.0
2025-09-19,Expansion,0.9999999999890861,1.0
2025-09-22,Expansion,0.9999999999890861,1.0
2025-09-23,Expansion,0.9999999999818101,1.0
2025-09-24,Expansion,0.9999999999781721,1.0
2025-09-25,Expansion,0.9999999999854481,1.0
2025-09-26,Expansion,0.9999999999890861,1.0
2025-09-29,Expansion,0.9999999999890861,1.0
2025-09-30,Expansion,0.9999999999854481,1.0
2025-10-01,Expansion,0.9999999999854481,1.0
2025-10-02,Expansion,0.9999999999854481,1.0
2025-10-03,Expansion,0.9999999999818101,1.0
2025-10-06,Expansion,0.9999999999818101,1.0
2025-10-07,Expansion,0.9999999999781721,1.0
2025-10-08,Expansion,0.9999999999890861,1.0
2025-10-09,Expansion,0.9999999999890861,1.0
2025-10-10,Expansion,0.9999999999599822,1.0
2025-10-13,Expansion,0.9999999999854481,1.0
2025-10-14,Expansion,0.9999999999672582,1.0
2025-10-15,Expansion,0.9999999999599822,1.0
2025-10-16,Expansion,0.9999999991123332,1.0
2025-10-17,Expansion,0.9999999999636202,1.0
2025-10-20,Expansion,0.9999999999890861,1.0
2025-10-21,Expansion,0.9999999999890861,1.0
2025-10-22,Expansion,0.9999999999890861,1.0
2025-10-23,Expansion,0.9999999999890861,1.0
2025-10-24,Expansion,0.9999999999890861,1.0
2025-10-27,Expansion,0.9999999999890861,1.0
2025-10-28,Expansion,0.9999999999890861,1.0
2025-10-29,Expansion,0.9999999999890861,1.0
2025-10-30,Expansion,0.999999999992724,1.0
2025-10-31,Expansion,0.9999999999890861,1.0
2025-11-03,Expansion,0.9999999999890861,1.0
2025-11-04,Expansion,0.9999999999854481,1.0
2025-11-05,Expansion,0.9999999999854481,1.0
2025-11-06,Expansion,0.9999999999781721,1.0
2025-11-07,Expansion,0.9999999999781721,1.0
2025-11-10,Expansion,0.9999999999854481,1.0
2025-11-11,Expansion,0.9999999999890861,1.0
2025-11-12,Expansion,0.999999999992724,1.0
2025-11-13,Expansion,0.9999999999781721,1.0
2025-11-14,Expansion,0.9999999999781721,1.0
2025-11-17,Expansion,0.9999999999272404,1.0
2025-11-18,Expansion,0.9999999997053237,1.0
2025-11-19,Expansion,0.999999999821739,1.0
2025-11-20,Expansion,0.9999999985957402,1.0
2025-11-21,Expansion,0.9999999998544808,1.0
2025-11-24,Expansion,0.9999999999563443,1.0
2025-11-25,Expansion,0.9999999999781721,1.0
2025-11-26,Expansion,0.9999999999890861,1.0
2025-11-27,Expansion,0.9999999999890861,1.0
2025-11-28,Expansion,0.9999999999890861,1.0
2025-12-01,Expansion,0.9999999999854481,1.0
2025-12-02,Expansion,0.9999999999854481,1.0
2025-12-03,Expansion,0.9999999999854481,1.0
2025-12-04,Expansion,0.9999999999818101,1.0
2025-12-05,Expansion,0.9999999999854481,1.0
2025-12-08,Expansion,0.9999999999745341,1.0
2025-12-09,Expansion,0.9999999999818101,1.0
2025-12-10,Expansion,0.9999999999818101,1.0
2025-12-11,Expansion,0.9999999999781721,1.0
2025-12-12,Expansion,0.9999999999636202,1.0
2025-12-15,Expansion,0.9999999999563443,1.0
2025-12-16,Expansion,0.9999999999599822,1.0
2025-12-17,Expansion,0.9999999999454303,1.0
2025-12-18,Expansion,0.9999999999599822,1.0
2025-12-19,Expansion,0.9999999999599822,1.0
2025-12-22,Expansion,0.9999999999417923,1.0
2025-12-23,Expansion,0.9999999999599822,1.0
2025-12-24,Expansion,0.9999999999672582,1.0
2025-12-25,Expansion,0.9999999999672582,1.0
2025-12-26,Expansion,0.9999999999599822,1.0
2025-12-29,Expansion,0.9999999999636202,1.0
2025-12-30,Expansion,0.9999999999454303,1.0
2025-12-31,Expansion,0.9999999999308784,1.0
2026-01-01,Expansion,0.9999999999308784,1.0
2026-01-02,Expansion,0.9999999999236024,1.0
2026-01-05,Expansion,0.9999999999199645,1.0
2026-01-06,Expansion,0.9999999999163265,1.0
2026-01-07,Expansion,0.9999999999454303,1.0
2026-01-08,Expansion,0.9999999999345164,1.0
2026-01-09,Expansion,0.9999999999672582,1.0
2026-01-12,Expansion,0.9999999999599822,1.0
2026-01-13,Expansion,0.9999999999527063,1.0
2026-01-14,Expansion,0.9999999999490683,1.0
2026-01-15,Expansion,0.9999999999708962,1.0
2026-01-16,Expansion,0.9999999999563443,1.0
2026-01-19,Expansion,0.9999999998653948,1.0
2026-01-20,Expansion,0.9999999997235136,1.0
2026-01-21,Expansion,0.9999999999563443,1.0
2026-01-22,Expansion,0.9999999999745341,1.0
2026-01-23,Expansion,0.9999999999708962,1.0
2026-01-26,Expansion,0.9999999999672582,1.0
2026-01-27,Expansion,0.9999999999490683,1.0
2026-01-28,Expansion,0.9999999999599822,1.0
2026-01-29,Expansion,0.9999999999381544,1.0
2026-01-30,Expansion,0.9999999998617568,1.0
2026-02-02,Expansion,0.9999999999163265,1.0
2026-02-03,Expansion,0.9999999998908606,1.0
2026-02-04,Expansion,0.9999999998799467,1.0
2026-02-05,Expansion,0.9999999994724931,1.0
2026-02-06,Expansion,0.9999999999126885,1.0
2026-02-09,Expansion,0.9999999999054126,1.0
2026-02-10,Expansion,0.9999999999199645,1.0
2026-02-11,Expansion,0.9999999999563443,1.0
2026-02-12,Expansion,0.9999999998981366,1.0
2026-02-13,Expansion,0.9999999999054126,1.0
2026-02-16,Expansion,0.9999999998653948,1.0
2026-02-17,Expansion,0.9999999999308784,1.0
2026-02-18,Expansion,0.9999999999381544,1.0
2026-02-19,Expansion,0.9999999999308784,1.0
2026-02-20,Expansion,0.9999999999636202,1.0
2026-02-23,Expansion,0.9999999999345164,1.0
2026-02-24,Expansion,0.9999999999599822,1.0
2026-02-25,Expansion,0.9999999999781721,1.0
2026-02-26,Expansion,0.9999999999745341,1.0
2026-02-27,Expansion,0.9999999999672582,1.0
2026-03-02,Expansion,0.9999999999417923,1.0
2026-03-03,Expansion,0.9999999998472049,1.0
2026-03-04,Expansion,0.9999999999527063,1.0
2026-03-05,Expansion,0.9999999997344275,1.0
2026-03-06,Expansion,0.9999999675819714,1.0
2026-03-09,Expansion,0.9999999994615791,1.0
2026-03-10,Expansion,0.9999999994142854,1.0
2026-03-11,Expansion,0.9999999997125997,1.0
2026-03-12,Expansion,0.9999999983883754,1.0
2026-03-13,Expansion,0.9999999986757757,1.0
2026-03-16,Expansion,0.9999999998944986,1.0
2026-03-17,Expansion,0.9999999999599822,1.0
2026-03-18,Expansion,0.9999999997999112,1.0
2026-03-19,Expansion,0.9999999999345164,1.0
2026-03-20,Expansion,0.9999999991196091,1.0
2026-03-23,Expansion,0.9999999991778168,1.0
2026-03-24,Expansion,0.9999999986430339,1.0
2026-03-25,Expansion,0.999999999650754,1.0
2026-03-26,Expansion,0.999999998282874,1.0
2026-03-27,Expansion,0.999999948555343,1.0
2026-03-30,Expansion,0.9999999785613911,1.0
2026-03-31,Expansion,0.9999999997271516,1.0
2026-04-01,Expansion,0.999999999665306,1.0
2026-04-02,Expansion,0.9999996967563225,1.0
