,strategy_log,benchmark_log,strategy_eq,benchmark_eq
2002-01-03,0.0,0.017442914703778456,1.0,1.017595930727555
2002-01-04,0.0,0.012091736582206636,1.0,1.0299751248161548
2002-01-07,0.0,0.0015785127264305032,1.0,1.0316022375297902
2002-01-08,0.0,-0.00850764822084571,1.0,1.0228629566651217
2002-01-09,0.0,-0.003696618991211764,1.0,1.0190888021375726
2002-01-10,0.0,-0.005992804214089986,1.0,1.012999865594887
2002-01-11,0.0,0.00357032679521474,1.0,1.0166230703222119
2002-01-14,0.0,-0.00846713034570179,1.0,1.0080515296587682
2002-01-15,0.0,-0.0006658233042724504,1.0,1.0073805688538715
2002-01-16,0.0,-0.01324167429944545,1.0,0.9941290929571472
2002-01-17,0.0,0.0032511807433461826,1.0,0.9973664460790188
2002-01-18,0.0,0.0003027330610958501,1.0,0.997668427583861
2002-01-21,0.0,-0.002761242704831801,1.0,0.9949174227602646
2002-01-22,0.0,0.0013478680899741136,1.0,0.9962593443700599
2002-01-23,0.0,-0.0034237327190709266,1.0,0.9928542510469635
2002-01-24,0.0,0.002075864629096813,1.0,0.9949174227602646
2002-01-25,0.0,-0.005358811781446704,1.0,0.989600107524089
2002-01-28,0.0,0.0003727874785930396,1.0,0.9899690868241466
2002-01-29,0.0,-0.006885967368404522,1.0,0.9831756086745592
2002-01-30,0.0,-0.012031830943893596,1.0,0.9714170860922487
2002-01-31,0.0018925177100362093,0.009965375424371814,1.0018943096519266,0.9811460177632614
2002-02-01,0.0020184950302220917,0.0009568711213692183,1.0039186707308305,0.9820852973666019
2002-02-04,5.751944535298541e-05,-0.004536475136333706,1.003976417236708,0.9776401820341558
2002-02-05,-0.00030454081428687177,-0.010261276368222383,1.0036707119933024,0.9676596400613076
2002-02-06,0.0039840504038241185,-0.002169179499539098,1.0076773627483235,0.9655628875460021
2002-02-07,0.002513249095053233,0.0004515940264333551,1.0102130920933696,0.965999028450065
2002-02-08,0.0015551485684373368,0.0055239502790698225,1.0117853457645052,0.9713499244882428
2002-02-11,0.004803483702089758,0.005236042039282296,1.016657131587391,0.9764492921289794
2002-02-12,-0.004011887528985488,0.0010130066533129423,1.0125865882606224,0.9774389429353242
2002-02-13,0.002466964585755063,-0.0023711040084730683,1.015087687306802,0.9751240790157915
2002-02-14,0.0029240085412436515,0.0008426068718438984,1.0180601560187088,0.9759460715253055
2002-02-15,0.00021520523999032405,0.002454755787798746,1.0182792714754612,0.9783447236410555
2002-02-18,-0.0022703037094257946,-0.0022657788806839108,1.0159700905310776,0.9761305202231366
2002-02-19,-0.0003959288727362323,-0.007520451033043329,1.0155679182594608,0.9688171129732703
2002-02-20,0.0011269277228454254,-0.008520012301298507,1.0167130350116984,0.9605978431132777
2002-02-21,-0.0009174380080392416,0.0019537900142285736,1.015780691579156,0.9624764842243528
2002-02-22,0.00012126438632044313,-0.008804889002540506,1.015903877070212,0.9540391848645258
2002-02-25,0.0006163598002052402,0.00842145101629832,1.0165302323912018,0.962107504924297
2002-02-26,-0.0023539525715301794,0.009146063284266148,1.014140182572209,0.9709473643861832
2002-02-27,-0.0018469617072748214,0.008635160789157936,1.0122688331764995,0.9793679552494045
2002-02-28,-0.0038526282988410004,-0.0007881873543027496,1.0083764404095126,0.9785963339428924
2002-03-01,0.0024117855289436533,0.006219886537985886,1.0108113631917153,0.9847020608865806
2002-03-04,0.0019762861139914325,0.016572881569441478,1.0128109909200824,1.0011573910075693
2002-03-05,0.0006520959184999323,-0.0006871921915312384,1.0134716562186343,1.0004696398016693
2002-03-06,-0.0009262835192574873,0.0015580862573028043,1.0125333287719598,1.002029672815694
2002-03-07,0.0008975897283553809,0.016733147693932082,1.0134425762920543,1.018937852337351
2002-03-08,0.0004512404189751044,0.004566035975377858,1.013899985737841,1.0236009971696287
2002-03-11,-0.0002231488078157018,0.0026839702921677144,1.0136737604066746,1.026352001993225
2002-03-12,0.0014122622101806382,-0.005736591959387027,1.015106344906319,1.0204810949503718
2002-03-13,-0.001490296190990832,-0.0004439394828459342,1.01359466249411,1.0200281636453088
2002-03-14,-0.0012035640040982403,-0.001777570504582826,1.0123754702786916,1.018216602233843
2002-03-15,0.001105007013430701,-0.0003460282949863114,1.0134947705770219,1.017864331430393
2002-03-18,0.0003551312804793259,0.004423205594831003,1.0138547581903037,1.0223765264624496
2002-03-19,-0.0007632409098937648,8.20310898284049e-05,1.0130812379908432,1.0224603965630612
2002-03-20,-0.004287007958188933,0.0026542048240223437,1.0087474467973094,1.0251778205846545
2002-03-21,0.0023447947877219223,0.0022717279120065825,1.0111155277996953,1.0275093930007937
2002-03-22,0.0018513935886298656,0.000832241023589475,1.0129892345543619,1.0283648844079167
2002-03-25,-0.002214326138840202,-0.003185782577906693,1.010748627646665,1.0250939504840424
2002-03-26,0.001213211319623872,-0.0014246619197972876,1.0119756234751351,1.0236345779716318
2002-03-27,-0.00022452163868334112,0.003876164205172117,1.0117484385547644,1.0276100535024082
2002-03-28,-0.005457673360416341,0.008015163405781678,1.006241686749297,1.0358796126610097
2002-04-02,-0.002017355181669891,0.0036529583321573966,1.0042137860542577,1.0396705575895606
2002-04-03,-0.0006376398750574462,-0.003102562933520403,1.0035736634067383,1.0364499129642946
2002-04-04,0.0017811093634387863,-0.0051110339795563675,1.005362730644775,1.0311660966257266
2002-04-05,0.0014104844978271526,0.006146265222493952,1.0067817797291478,1.0375234338712518
2002-04-08,0.0010304729770960373,-0.00748100521295747,1.0078197758686256,1.0297906761183238
2002-04-09,-0.0005866383182701518,0.0023428199575512565,1.007228723554109,1.0322061186350768
2002-04-10,-7.88916152724989e-05,0.0020292708574629614,1.0071492647875155,1.0343028711503803
2002-04-11,-0.0024411089224749367,-0.0029234562593423163,1.0046937020983677,1.0312835475283422
2002-04-12,6.020124994727811e-06,-0.0012369348119189993,1.0046997504982418,1.0300087056181575
2002-04-15,-0.00038652193827749066,0.0010905532963949582,1.0043114870442975,1.0311325977281198
2002-04-16,0.0014964725896950868,0.002015130861741099,1.0058155367600772,1.033212559842422
2002-04-17,-0.002273772101979807,0.0039049731771978458,1.0035311395363948,1.037255115072808
2002-04-18,-0.0002272173774605951,-0.0027367962712006033,1.003303145725728,1.034420240148601
2002-04-19,-0.0015781552788552786,0.0026397464858884945,1.0017210263134255,1.0371544545711955
2002-04-22,-0.0005748547228441478,0.0006143580932924664,1.0011453477321057,1.0377918345740897
2002-04-23,-4.01813823242599e-05,-0.0010187677756015034,1.0011051211363118,1.036735104068134
2002-04-24,-0.0001922220358564112,0.0008733043268644991,1.000912705165708,1.037640884773867
2002-04-25,-0.0005915714136655625,-0.008001504043267715,1.0003207689252993,1.0293713256152643
2002-04-26,-0.00046597357423909075,-0.0037223187620334386,0.9998547544648617,1.0255467998847108
2002-04-29,0.00112903087655925,-0.001522250109804446,1.0009842588574116,1.0239868487750832
2002-04-30,-0.0065239319708007455,0.003123919552447063,0.9944751611904679,1.0271907029993472
2002-05-01,0.002812870895103803,-0.0012255003226009364,0.9972764293831426,1.0259326514901645
2002-05-02,3.396783168628249e-05,0.00793087946628468,0.9973103052763826,1.0341015501471538
2002-05-03,-0.002026338814428818,0.0008593839130597303,0.9952914628149799,1.0349906223562795
2002-05-07,0.00507884048044456,-0.00715659646681388,1.0003592477282863,1.0276100535024082
2002-05-08,0.002918105628340293,0.008484634976692718,1.0032826650251878,1.0363660428636818
2002-05-09,-0.005989955911423068,-0.0008419487835258366,0.9972910088878687,1.0354938429599527
2002-05-10,-0.004556641864514106,-0.0021730959050412224,0.9927570485872022,1.0332460587400307
2002-05-13,0.002329137510332268,-0.0024543243455052988,0.9950720111542553,1.0307132472250593
2002-05-14,-0.0027000291385778164,0.0016260958885609966,0.992388911582686,1.0323906492373012
2002-05-15,-9.636244049469325e-05,0.0009743898345835333,0.9922932871726208,1.0333970904446486
2002-05-16,-0.002103263514199951,0.0,0.9902084261809228,1.0333970904446486
2002-05-17,-0.0006957842359606513,0.0018000587670119472,0.9895196943998141,1.0352589411547224
2002-05-20,-0.0014695852966150433,0.00037264079792720395,0.9880665788063905,1.0356447927601757
2002-05-21,-0.005628398915290487,0.00021050320940929623,0.9825209670435044,1.0358628222600095
2002-05-22,0.0018182146041344908,-0.008652100975927723,0.9843090260595633,1.0269390926975106
2002-05-23,0.0008782709368038021,-0.0029936458052386428,0.985173895809374,1.0238693978724676
2002-05-24,-0.0013804294451433166,0.0010152604953450606,0.9838148709897625,1.0249094198818165
2002-05-27,0.002672367838959349,0.00035994683083195866,0.9864475023233839,1.025278399181874
2002-05-28,-0.002744814936086768,-0.007669620595326165,0.9837435990400025,1.017444980927332
2002-05-29,0.0007907933800687867,-0.003815648284446027,0.9845218446409865,1.0135701658981715
2002-05-30,0.0024480249959344274,-0.005759241145646854,0.986934931168679,1.0077495481539285
2002-05-31,-0.0075873522847382645,0.006834376674921927,0.979475044345929,1.0146604772061287
2002-06-05,8.807988121514975e-05,-0.007716920011505479,0.9795613201910155,1.0068605578491967
2002-06-06,-0.0021502637221186495,0.0008659631901046794,0.977457267964901,1.007732839657321
2002-06-07,-0.002598474655533215,-0.00756894409671105,0.9749206671010309,1.0001341593992203
2002-06-10,-0.0006142828481034283,-0.00033549167167379323,0.9743219739592595,0.9997986789967725
2002-06-11,-0.0014815408558555752,0.0012910586212981912,0.972879544920697,1.0010903113079581
2002-06-12,0.003645205675467497,-0.009647482152274733,0.9764323624005974,0.9914787486351658
2002-06-13,-0.0019541118607464126,-0.008989992087625964,0.9745261674057135,0.982605308371276
2002-06-14,-5.422075388610004e-05,-0.029116097107566574,0.9744733292947091,0.9544081641645831
2002-06-17,0.0015525987526677388,0.009219591772295033,0.9759874704929868,0.9632481055308648
2002-06-18,-0.003038660744234512,-0.005377918736353848,0.9730262769892676,0.9580817400949114
2002-06-19,-0.0007574980197939269,-0.015118026777097171,0.9722894906035857,0.9437063720882274
2002-06-20,-0.0008849070343746144,-0.013690876457769008,0.9714294853623655,0.9308742466945632
2002-06-21,0.004344275717394545,0.001008608699413216,0.9756588229394608,0.9318136082022996
2002-06-24,0.005011705872774421,-0.01042299886253062,0.9805608113940277,0.9221517562308972
2002-06-25,-0.010173547018638627,0.006888452870605022,0.9706356027686388,0.9285258838774225
2002-06-26,0.0030607250956575286,-0.023875964853065312,0.9736110026344863,0.9066189972166427
2002-06-27,0.003289531522484562,0.006123821648316152,0.9768190002300816,0.91218800465905
2002-06-28,-0.0024537919934983525,0.0106999839211106,0.9744250279444281,0.9220008064306744
2002-07-01,0.0017126297167621841,0.00025465270930880024,0.9760952870634904,0.9222356263315098
2002-07-02,-0.0016698137419289914,-0.01830033673259912,0.9744667497950759,0.9055118955076833
2002-07-03,-0.0014636990868568452,-0.022044306891372045,0.9730414670502168,0.8857689229662126
2002-07-04,0.002087869466070983,0.006041629865709552,0.9750751729359254,0.8911366094053924
2002-07-05,0.0005350169256611477,0.014055726098625598,0.9755969942364048,0.9037506233948271
2002-07-08,-0.0005748568212294023,0.0003711401602295439,0.9750363268166822,0.9040861037972757
2002-07-09,0.0003146287820433019,-0.011588580237310353,0.9753431495737407,0.89366950282476
2002-07-10,0.0018313481296596487,-0.016350140104099964,0.9771309789958492,0.879176683915459
2002-07-11,-0.0035714763553106555,-0.034195621779643304,0.9736474032653792,0.8496209096023642
2002-07-12,-0.0005399104110827232,0.0002961003547365948,0.9731218627807885,0.8498725199042007
2002-07-15,-0.003915156189547579,-0.030703853830765127,0.9693193871966173,0.8241746883148711
2002-07-16,0.0001283223020529696,-0.018259044168264182,0.969443780472852,0.8092626008069058
2002-07-17,-0.0006947195803328475,0.009715342798548576,0.9687705227862525,0.8171631806654518
2002-07-18,-0.0048533720580789174,0.016449842568574624,0.9640801103655342,0.830716556162622
2002-07-19,-0.0012150319351638813,-0.016983710644861816,0.9629094335922392,0.8167270397613888
2002-07-22,-0.0008914574030337666,-0.019096797095645712,0.9620514233458268,0.8012781508477477
2002-07-23,0.0010984273199345271,-0.012767227633707634,0.963108747502973,0.791113078272672
2002-07-24,-0.00532058489440938,-0.0280817440685599,0.9579980536459896,0.7692062735162876
2002-07-25,0.0009505365101153502,0.014741239799667127,0.9589090986947946,0.7806293156961495
2002-07-26,0.0013984405792694921,-0.005624021584518246,0.9602510141660731,0.7762513619677103
2002-07-29,-0.0019971054009687854,0.023639478753278098,0.9583352053522167,0.7948201531006094
2002-07-30,-0.0007992026074775287,0.0033709791590528226,0.9575696073319793,0.7975039963201991
2002-07-31,-0.0034027569879126526,0.006122936997188688,0.9543167681085684,0.8024020429577089
2002-08-01,0.00034799677347343953,-0.011775726714747137,0.9546489250561627,0.7930085916891446
2002-08-02,0.0018762711387168588,-0.01026921045937712,0.9564417867031698,0.7849066908273709
2002-08-05,0.0011431930840641762,-0.01946453665795822,0.9575358095595732,0.769776573819571
2002-08-06,0.001339077894844083,-0.0033832853754489634,0.9588188834719062,0.7671766007005938
2002-08-07,0.00010159517808081865,0.010764834551455493,0.9589162997955505,0.7754797406611998
2002-08-08,-0.0005732727742844283,0.01058591711970891,0.9583667367278831,0.7837325094188003
2002-08-09,0.002441626822477884,0.010771583038424737,0.9607095696559995,0.7922201799816316
2002-08-12,0.002249434090447117,-0.004541390294381387,0.962873054909483,0.7886305560563098
2002-08-13,0.001537916439934291,0.004583777614417528,0.9643550124815625,0.7922537607836346
2002-08-14,-0.005122585412986082,-0.0024165658069090767,0.9594276527470851,0.7903415388705561
2002-08-15,0.0015380833444669784,0.01545812519403178,0.960904467881235,0.8026536532595446
2002-08-16,0.0019281147493414922,0.005003032993283085,0.9627589892489312,0.8066794180889288
2002-08-19,-0.0012256425595199654,0.012501841522023938,0.9615797136899301,0.8168277002630024
2002-08-20,-0.0003181580281890644,0.0007594673549284892,0.9612738280468427,0.817448289864896
2002-08-21,-0.000947978610203537,0.008032067494250228,0.9603629928136763,0.82404052891565
2002-08-22,-0.0011029668372217762,0.0118378101306984,0.9593043282242,0.8338533306872746
2002-08-23,0.0005507394789086083,0.001266483495916404,0.9598328005019566,0.8349100611932297
2002-08-27,-0.0007509287482037898,0.006847598147667,0.9591123050128355,0.8406468088368613
2002-08-28,0.0007718877899761582,-0.015280979046966792,0.9598529178885367,0.8278985535438099
2002-08-29,0.0011959371267109941,-0.014530907779331415,0.9610015283252527,0.8159554184548784
2002-08-30,-0.0041870648547872105,-0.0011519044027092917,0.9569861647607165,0.8150160569471426
2002-09-02,-0.003475528676528422,-0.0014622543926723353,0.9536659050731289,0.8138251670419662
2002-09-03,-0.0015270776715873013,-0.014449398262526003,0.9522106945558736,0.8021504326558723
2002-09-04,-0.007643077198668172,-0.009539069043405846,0.944960616455022,0.7945350439011652
2002-09-05,-0.00012091821794645973,-0.012961806023710665,0.9448463604092087,0.784302891626479
2002-09-06,0.0016945444288698295,0.008073042080170012,0.9464488018660514,0.7906602288720039
2002-09-09,0.0007268371440244296,-0.004422590382709757,0.9471369660715219,0.7871711835439001
2002-09-10,-0.006539245821016157,0.010197592880917483,0.9409636111654431,0.7952395036036708
2002-09-11,-0.0009328655527206316,0.005595087990078795,0.9400862279301493,0.7997014093371169
2002-09-12,-0.0009607436961818539,-0.009864923432708395,0.9391834797370544,0.7918512006815756
2002-09-13,0.0033171225058243503,-0.010798063378922862,0.9423040391723846,0.783346739717742
2002-09-16,0.004497408786381507,-0.0022724081567169208,0.9465515097840737,0.7815686772038853
2002-09-17,-0.00284555262074373,-0.0010091597429333632,0.9438618762165302,0.7807803474007674
2002-09-18,-0.0015215014363301775,-0.022948071114374358,0.9424268809666668,0.7630669657705974
2002-09-19,-0.0044261696007309136,-0.0143024260908593,0.9382647576820021,0.752230932390625
2002-09-20,-0.001187920729514081,-0.000914700216798181,0.9371508352833265,0.7515431811847257
2002-09-23,-0.003912974097490776,-0.015542920035805707,0.9334909535205046,0.7399523168992433
2002-09-24,-0.0005897822317854815,-0.024438752501110272,0.9329405594648572,0.7220879854688501
2002-09-25,0.0011813973658651056,0.006990976410298444,0.9340433842932236,0.7271537723075837
2002-09-26,0.003189588554153063,0.01037281980368121,0.9370273546699488,0.7347356621646819
2002-09-27,-0.0035927415953399926,0.006734862629677707,0.9336668977581903,0.7397007065974074
2002-09-30,-0.015638618441080013,-0.028218756207554208,0.9191792163195951,0.7191190330498154
2002-10-01,0.002446088157394548,-0.004324608953163889,0.9214303618429116,0.7160158393271644
2002-10-02,0.005014462967295038,-0.004319840898805438,0.926062444266124,0.7129294360055154
2002-10-03,8.831264665050344e-05,-0.005544493651921556,0.9261442309028848,0.7089875412767431
2002-10-04,0.0010361014308951186,-0.010297303260488277,0.9271043075482442,0.7017243414210922
2002-10-07,-0.005631674378082476,-0.007750906807229896,0.9218978323207853,0.6963063656833028
2002-10-08,0.0007921624018867229,0.0032468731538841666,0.9226284144535745,0.6985708583998314
2002-10-09,0.0006192997647877604,-0.008100747625958249,0.923199974979014,0.6929347712578146
2002-10-10,0.0023806818777604506,-0.010145690211396996,0.9254004386917498,0.6859400130571984
2002-10-11,0.0012604279042178943,0.024064328117789913,0.9265675746180801,0.7026469125278259
2002-10-14,-0.0010580007999984207,-0.003946759906636288,0.9255877837840201,0.6998791992076236
2002-10-15,-0.0039882656531152905,0.03186630300556281,0.9219036453617815,0.7225409167739129
2002-10-16,-0.017925904566767615,0.001786029244897236,0.9055249288396483,0.7238325490850984
2002-10-17,-0.017059325611585543,0.012939582929295312,0.8902083013496724,0.7332594992512712
2002-10-18,-0.0007561777632244543,4.5795565030815055e-05,0.889535400076108,0.7332930800532738
2002-10-21,0.0029940961985792823,0.005861574633097888,0.8922027457881629,0.7376039540821029
2002-10-22,-0.0007344646233507445,0.003654673547359266,0.8915476950197797,0.7403045877026931
2002-10-23,-0.0010610093457776545,-0.004906223981958391,0.8906022562315455,0.7366813829753688
2002-10-24,-0.0006229391662172852,0.003545802918512919,0.8900476379692714,0.7392981464953481
2002-10-25,5.5280095880087235e-05,-0.003409171767765784,0.8900968412480047,0.7367820434769822
2002-10-28,0.0016483643138044876,0.009110588866390046,0.8915652550248957,0.7435252323279595
2002-10-29,-0.00565012027307076,-0.015024568503156033,0.8865420084398418,0.73243758864615
2002-10-30,-0.001044624516512271,0.004911769541333655,0.8856163884697371,0.7360440029724741
2002-10-31,-0.013544675091697808,0.006745700461738835,0.8737018734998582,0.7410259197105948
2002-11-01,0.0002985744704596335,-0.0009058586626355947,0.8739627775217799,0.7403549589056976
2002-11-04,0.0008043563224493747,0.021761093865046988,0.8746660378054759,0.7566424669210668
2002-11-05,0.002291518234016572,-0.006628242273128748,0.8766726491950071,0.7516438416863386
2002-11-06,-0.008903256587924731,0.00793544614246322,0.8689020508011799,0.757632199631807
2002-11-07,0.00017850984500126978,-2.216192377346715e-05,0.8690571722165276,0.7576154092308048
2002-11-08,-0.0015945434841951418,-0.005750884922870014,0.8676725269970627,0.7532709543999739
2002-11-11,-0.0008192754981848438,-0.01007125428481892,0.8669619552719933,0.7457226453448775
2002-11-12,-0.00666705020000879,0.003794196886522272,0.8612011016836653,0.7485574383646898
2002-11-13,-4.741860808549312e-05,-0.0076706514340276755,0.8611602656943422,0.7428374811220605
2002-11-14,-0.0035046720331045737,-0.0005420690660322691,0.8581474639199866,0.7424349210200015
2002-11-15,-0.0076785587514984766,0.005227879335064856,0.8515833618741667,0.7463264445457686
2002-11-18,0.005499468971169524,0.012196929885101682,0.8562795194997921,0.7554850759134983
2002-11-19,-0.0006429924535498274,-0.008719289674509412,0.8557291152024924,0.7489264176647468
2002-11-20,0.007750407679820697,-0.004579521992285507,0.8623871325549779,0.7455045339406484
2002-11-21,-0.0030881068174894084,0.013764987255212802,0.8597280967780113,0.7558373467169481
2002-11-22,0.0027991421524971817,0.004340344615386016,0.8621379691475696,0.7591250710418243
2002-11-25,0.0023050874475111253,-0.006339678836868146,0.8641275647732611,0.7543276849059292
2002-11-26,0.002572782171472899,-0.009787525057246782,0.8663536391401058,0.7469806968540595
2002-11-27,-0.006025887985918962,0.008140649946339451,0.8611487868325298,0.7530864237977473
2002-11-28,-0.008881948253264452,0.018515143436617976,0.8535339751116973,0.7671598102995915
2002-11-29,0.0019490489926652912,-0.003350924510586495,0.855199176898881,0.764593417982617
2002-12-02,0.0025774469502731277,0.0034602439968942633,0.8574062504949679,0.7672436804002041
2002-12-03,0.0032805191609718435,-0.01127889177836039,0.8602236067974675,0.7586386408391528
2002-12-04,0.0017949529570157666,-0.00950850087179056,0.8617690542920244,0.751459311084113
2002-12-05,0.0031401958148427516,-0.0023689498414398713,0.8644794311995707,0.749681248570256
2002-12-06,0.0005229223629219578,-0.005271966766240865,0.8649316050420343,0.7457393538414833
2002-12-09,0.00277565363153829,-0.005978518031239943,0.8673356905033986,0.741294238509039
2002-12-10,-0.0007746787739146234,-0.0051952663116860975,0.8666640441427861,0.7374530042818794
2002-12-11,0.0011282321239467715,0.0007276478976123713,0.8676423941572359,0.7379898056875551
2002-12-12,0.0010738178400123573,-0.016708478017823936,0.868574584450542,0.7257615613991797
2002-12-13,0.0010073740495443859,-0.007004434108479174,0.8694500048108565,0.7206957745604454
2002-12-16,0.008968365226275275,0.005778663460002775,0.8772826203794718,0.7248724891900535
2002-12-17,0.0019876067437475755,-0.009626391637437948,0.8790280472684174,0.7179280612402437
2002-12-18,-0.0011555762395029402,-0.006610632845308828,0.8780128500250147,0.7131977548039588
2002-12-19,0.0014177873463507482,0.0020911351232513198,0.8792585684069226,0.714690708118372
2002-12-20,0.0004678167521086005,0.0022974045324168912,0.8796699965236375,0.7163345293286122
2002-12-23,0.0017744429786330335,0.004112850761810449,0.8812323064775168,0.7192867732510394
2002-12-24,0.0006051688814635249,0.0012351699263071225,0.8817657622458721,0.7201757635557705
2002-12-27,0.000851837913095478,-0.00371021030797003,0.8825172037603695,0.7175087107371834
2002-12-30,-0.0012007122270325465,0.005757838383631864,0.8814581904755802,0.7216519264691825
2002-12-31,-0.0006043458436890319,0.003966741703163024,0.8809256458185643,0.7245202183866023
2003-01-02,-0.0002370109386071054,0.0055641221901794324,0.8807168815450911,0.7285627736169883
2003-01-03,-0.0026686754464785075,0.007728997895961598,0.8783696673974323,0.7342156511600081
2003-01-06,-1.5495156663391163e-05,-0.00432725406151846,0.8783560570272753,0.7310453777377465
2003-01-07,-0.0014918669978032603,-0.001170915493080571,0.877046643591681,0.7301898863306228
2003-01-08,-0.0005025095542411197,-0.00548243638865209,0.8766060299893055,0.726197620398846
2003-01-09,-0.0007469019310974335,0.003366718613701636,0.8759515357046438,0.7286466437176009
2003-01-10,0.001458976783368236,0.008344630977049405,0.8772304613931747,0.7347523706612878
2003-01-13,-0.0013958394010970669,0.0007987130092228512,0.8760068427375569,0.7353394613655732
2003-01-14,-0.002485724248625936,-0.0016894373076610236,0.873832035392092,0.7340982002573929
2003-01-15,0.0015503423739178382,-0.008375162435967809,0.8751878249216658,0.7279756829127041
2003-01-16,0.00027614718650920806,0.0022096120952159737,0.8754295389499734,0.7295860052253362
2003-01-17,-0.006555931882685997,-0.006412007405584674,0.8697090545664726,0.7249228603930572
2003-01-20,0.0022510881066709347,-0.0021311062023947613,0.8716690515107028,0.7233796177800357
2003-01-21,-0.0001117423673553167,-0.0009511995294779751,0.8715716545891192,0.7226918665741364
2003-01-22,-0.0070860412099328415,-0.008976197936300778,0.8654174920031756,0.7162338688269985
2003-01-23,-0.0003458681008156124,-0.005448128161441801,0.8651182234555093,0.7123423453012308
2003-01-24,-0.002504397746676874,-0.005951741602840954,0.8629543340769144,0.7081152594686185
2003-01-27,0.012045854607873132,-0.029179127652673387,0.8734122171326288,0.687751615420861
2003-01-28,-0.0018619053215572945,-0.010863420027231285,0.8717875192638009,0.6803207163161827
2003-01-29,0.004511800147470581,-0.017359745656909453,0.8757297368833722,0.668612442080283
2003-01-30,0.0006504064705238869,0.00889163588855979,0.8762995024401882,0.6745840096247492
2003-01-31,-0.008346424591116753,-0.0012939029703922245,0.8690159727221549,0.6737117278166246
2003-02-03,-0.0010701894426360299,0.013699219411448027,0.8680864584695503,0.6830045595357724
2003-02-04,0.0007759015291678058,-0.006084574740359727,0.8687602694518083,0.6788613847559696
2003-02-05,0.004193133782092002,0.006035467200923961,0.872410745604958,0.6829710196859667
2003-02-06,0.0016559409860995792,-0.0034937162643675634,0.8738566031122769,0.6805890760668234
2003-02-07,-0.004840213722276764,0.0011331128417779723,0.8696371701069769,0.6813606973733343
2003-02-10,0.0028327401415631933,0.0014514086151962147,0.8721041186898215,0.6823503481796791
2003-02-11,0.0008306355239634827,0.005173569609116413,0.8728288202911797,0.6858896828063922
2003-02-12,-0.0014509874357772803,-0.011387667880104146,0.8715632750065427,0.6781233032992648
2003-02-13,0.0004249602861047863,-0.003915948573814276,0.8719337334947455,0.6754729999294797
2003-02-14,-0.005219862702399816,-0.0007452676036248107,0.8673942172534022,0.6749697793258075
2003-02-17,0.0005578366716238157,0.00989152231908541,0.8678782165402652,0.6816793873747817
2003-02-18,0.00013094183592660716,0.0028012959523682213,0.8679918655478421,0.6835916502400581
2003-02-19,-0.00018675967860720243,0.0007358712959781855,0.8678297748024777,0.6840948708437309
2003-02-20,0.0030206998185444388,-0.0016196562206332032,0.8704551913470622,0.6829877691347708
2003-02-21,0.002628183009230874,-0.001277912047068952,0.8727459157942241,0.6821155282788434
2003-02-24,0.001966677489221002,0.005297659704986302,0.8744640144598363,0.685738733006169
2003-02-25,-0.0022752873372201723,-0.016798435698749614,0.8724766193657112,0.6743156089219107
2003-02-26,0.0008356579303181874,-0.00488757092232639,0.8732060160923345,0.671027884597035
2003-02-27,-0.0018377083917171433,-0.0005250487145875837,0.8716027916495669,0.670675654745782
2003-02-28,-0.0006089094894894372,0.009781197236607753,0.8710722259882921,0.6772678528443389
2003-03-03,0.003154489118772692,0.009220266462202531,0.873824352340999,0.6835413199892503
2003-03-04,0.0003911322799714219,-0.005536772065131146,0.8741662001017136,0.6797671654617028
2003-03-05,-0.0013720429146304686,-0.013064638234981274,0.8729676289941786,0.670944014496423
2003-03-06,0.002223786686908504,-0.0032302679934943512,0.8749110828981953,0.6687801822815078
2003-03-07,0.004579652918265132,-0.015825619976498118,0.8789270608658252,0.6582796293039832
2003-03-10,-0.00457742227840638,-0.006672875228430186,0.8749130345119064,0.653901634623346
2003-03-11,-0.006761099804641356,-0.0132729694289484,0.8690176123917044,0.6452797637090958
2003-03-12,-0.019242499442478977,-0.01174035969910392,0.8524554016778498,0.6377482450550018
2003-03-13,0.0022780321138936516,0.004723178552245244,0.8543995360180187,0.6407675686770395
2003-03-14,-0.005037488698892462,0.018235865412085772,0.8501063305767343,0.652559713013552
2003-03-17,-0.000708490269710709,0.010712765243177103,0.8495042518219559,0.6595880110639737
2003-03-18,-0.005283511571927289,0.021510534166301554,0.8450277225877644,0.673929798268656
2003-03-19,0.003985936480990954,0.004123229303143461,0.8484026711115534,0.6767143019898586
2003-03-20,-0.003343358479987371,0.004328422134493692,0.8455708933086256,0.6796497555112848
2003-03-21,0.008943926066699328,0.010752011685026375,0.8531675381370661,0.6869967845153517
2003-03-24,0.005382357521038959,-0.014956504262421788,0.8577719710890531,0.6767981720904712
2003-03-25,-0.002446631515363525,-0.0027796977513787624,0.8556758843730992,0.6749194900271981
2003-03-26,0.0012495965254937813,0.004389385923865063,0.8567458023288183,0.6778884833984288
2003-03-27,-0.0005637397349357411,-0.006006160895697832,0.8562629567897017,0.6738291787192398
2003-03-28,0.002810885135800541,-0.0001991806249357353,0.8586731994779927,0.6736949783678211
2003-03-31,0.0006760333956468941,-0.01416756168072375,0.8592538874969179,0.6642176569986443
2003-04-01,0.002554037498537676,0.0018922436062300818,0.8614512590365304,0.6654757085078273
2003-04-02,0.0032428946660211584,0.014265219958094377,0.8642493892981676,0.6750368999776154
2003-04-03,-1.8644707010592385e-05,0.004066937370923895,0.8642332757717365,0.6777878228968163
2003-04-04,0.0026893461212934037,0.004962078355527311,0.8665606263026581,0.6811594173223045
2003-04-07,-0.005246843067944287,0.024591666746115237,0.8620258257842631,0.6981179270947684
2003-04-08,0.001171226530491142,-0.006484348832653808,0.8630360447835546,0.6936057320627126
2003-04-09,-0.003115681317283669,-0.0027850111843825687,0.8603512841038781,0.6916767197486319
2003-04-10,0.0025097280698591897,0.001575089681669084,0.8625132437020769,0.6927670310565907
2003-04-11,0.0005568961644625538,0.005818414882099887,0.8629937077911796,0.6968095862869762
2003-04-14,0.0013352698623918145,0.005329818458577051,0.8641468069585841,0.7005333696115205
2003-04-15,0.008006941046271598,0.011427880060146833,0.8710937542813919,0.7085848992702884
2003-04-16,-0.0013205347062168946,0.008180870567310095,0.8699442039241162,0.7144055170145318
2003-04-17,-0.0032528218733939786,0.00035213334479777814,0.867119027777406,0.7146571273163688
2003-04-22,-0.00011376427394266183,0.005197173137702293,0.8670203862218379,0.7183809925453079
2003-04-23,-0.0015236070408796197,0.017498330832577125,0.8657003936871143,0.7310620862343522
2003-04-24,-0.005935880781357318,-0.00496829299718371,0.860576920564288,0.7274389634114231
2003-04-25,-0.02030089010970802,-0.008917359409467807,0.8432825822497766,0.7209809656642855
2003-04-28,0.004255810751783355,0.005475561099336446,0.8468790809106505,0.724939568889664
2003-04-29,0.001349426790264856,0.007905247117784953,0.8480226536408529,0.7306931069342956
2003-04-30,0.00877733964204008,0.007592532506050631,0.8554987988309319,0.7362620324723074
2003-05-01,0.0030359494950968824,-0.003286076489120049,0.858099996531788,0.7338465899555563
2003-05-02,0.003848875963352556,0.009554430364101307,0.861409081025455,0.7408916784069793
2003-05-06,-0.0006616121455225403,0.020260190837175784,0.8608393508061838,0.756055376216782
2003-05-07,-0.002787183479424309,0.01153666051337865,0.8584433741535238,0.7648282378834526
2003-05-08,-0.0009756339598687376,-0.009874075959375617,0.8576062560718913,0.7573134277259638
2003-05-09,-0.003867750348759715,0.002013586251546684,0.8542956555910274,0.7588398799379846
2003-05-12,-0.0010691843367895562,0.009000226600067052,0.8533827441793398,0.765700437787182
2003-05-13,-0.003359358255374021,0.009831484924838207,0.850520735760041,0.77326553724328
2003-05-14,0.0013777835221264183,0.000845626527318899,0.8516933768522842,0.7739197076471757
2003-05-15,0.004214956078647499,0.012642490204976653,0.8552908031992713,0.7837660902208036
2003-05-16,-0.005253647021212136,0.016429284286136436,0.8508091899338716,0.7967491654146895
2003-05-19,-0.0011798428579527986,-0.016386439765238237,0.8498059607304298,0.7837996710228069
2003-05-20,-0.0009076247578494643,0.002500713470245941,0.8490350057229537,0.7857621822344947
2003-05-21,0.00159403846090015,-0.010558428168975453,0.8503894794315144,0.7775094134768936
2003-05-22,-0.0014900262286820475,0.009575942068677179,0.8491233203419509,0.7849905609279825
2003-05-23,-0.004891498345644112,-0.00019231354241355803,0.8449799768655247,0.7848396111277599
2003-05-27,-0.002281864548815799,-0.00036333665356380607,0.8430540452051244,0.7845545019283161
2003-05-28,-0.003115642172398862,0.014623566700301183,0.8404314780801265,0.7961117854117944
2003-05-29,-0.0005880675373234519,0.00818369499378413,0.8399373929024885,0.8026536532595446
2003-05-30,-0.001532011585659871,0.006353724621343204,0.8386515842736801,0.8077697293968871
2003-06-02,0.0006605000491605596,0.013264039482002943,0.8392056966618066,0.8185553915738564
2003-06-03,0.0035217073634975756,-0.0075490082274054515,0.8421663437496221,0.8123993753315587
2003-06-04,0.001118660792322497,0.0048814644244590255,0.843108969359844,0.8163747689579389
2003-06-05,0.0030233509226527244,0.010770082199629272,0.845661840808805,0.8252147103242213
2003-06-06,-0.0001959265915717997,0.026279821209893584,0.8454961693969605,0.8471886766846112
2003-06-09,-0.000889711610076783,-0.00615679873745556,0.8447442561813318,0.8419887304466561
2003-06-10,-0.0017816894036853201,-0.007398405960277188,0.8432405242806555,0.8357823430013555
2003-06-11,-0.0003343369986177787,0.003005953989127619,0.8429586448986336,0.8382984460197206
2003-06-12,0.004134129296849749,0.00947951820558579,0.8464507583792173,0.8462828959788783
2003-06-13,-0.0035682516634945767,-0.0013884207416783312,0.8434357913321399,0.8451087145703083
2003-06-16,0.00017796352007474797,-0.0006155078601768338,0.8435859054915483,0.8445887035656339
2003-06-17,-0.00028173615572248654,0.010824758476152496,0.8433482703182954,0.8537808338309704
2003-06-18,-0.002205652034232582,-0.000982820399114459,0.8414901873857836,0.8529421328248481
2003-06-19,0.002511349581311123,-0.007124791815664722,0.8436061192257459,0.84688669517977
2003-06-20,-0.0004622446112481222,-0.0010899616050945582,0.8432162569559263,0.8459641240730366
2003-06-23,-0.0014502835470871862,-0.007782992136602829,0.8419942406410957,0.8394055477286809
2003-06-24,-0.0014448010779708083,-0.014411346659125357,0.8407786048419936,0.8273953329401369
2003-06-25,-0.0012705181849324268,0.0030767416646995116,0.839711058647071,0.8299449348561106
2003-06-26,0.0035509077060173217,-0.003989455817499987,0.8426980953232099,0.8266405020346274
2003-06-27,-0.015004725845192024,0.006190110947789762,0.830148032023298,0.8317733685729719
2003-06-30,-0.004073413294217915,0.0009473210986516989,0.8267733738484436,0.8325616983760902
2003-07-01,0.0007650428584474404,-0.007685500322706318,0.8274061329267056,0.826187570729564
2003-07-02,0.0010428934893610049,0.008128686010794084,0.8282694795068061,0.8329307595805417
2003-07-03,-0.000764601652557268,0.004380556525205748,0.8276364253419838,0.8365874632054735
2003-07-04,-0.0060090108118620285,-4.0043115376420246e-05,0.8226780614646819,0.8365539643078664
2003-07-07,0.002125877950479728,0.012830374927933264,0.8244288349218735,0.8473564168858364
2003-07-08,0.0004559697737044879,0.015186148077081185,0.82480483526705,0.860322701678721
2003-07-09,-0.00012002964080281826,0.0025119825318569156,0.8247058401802316,0.8624865338936356
2003-07-10,-0.0011624727995844467,-0.00017503231090820748,0.8237476990877408,0.8623355840934126
2003-07-11,-0.001247396179980105,-0.004816128250427099,0.8227207999628086,0.8581924502658088
2003-07-14,0.0004375274218315752,0.01270189356407947,0.8230808416316114,0.8691626430450026
2003-07-15,0.001886929806314891,0.005024429331728086,0.8246354036181149,0.8735406786778361
2003-07-16,0.002993962449534752,-0.0015758699468850779,0.8271080306803794,0.8721651762660388
2003-07-17,0.0006423749073240368,-0.007354625515743507,0.8276395148126936,0.8657742582185126
2003-07-18,0.00023200238487884714,0.0027667918383702528,0.8278315514295653,0.8681729922386576
2003-07-21,-0.00039817372722883345,-0.0016049916702307598,0.8275019962696721,0.8667806994258574
2003-07-22,0.0022078958675730348,-0.0006001137929274591,0.8293310529479608,0.8662606884211832
2003-07-23,0.00025209158709552825,0.004848536762356304,0.8295401466836045,0.8704709838527938
2003-07-24,-0.003952944164890211,0.00677935257710871,0.8262674933706137,0.876392262098651
2003-07-25,-0.0005110843281684535,0.001071183148814825,0.8258453088990002,0.8773315417019909
2003-07-28,0.0052778986864288994,0.004958719555324009,0.8302155594950901,0.8816927869338247
2003-07-29,0.0007979218623043144,0.0031721405271110115,0.8308782710012749,0.8844940810560299
2003-07-30,-0.0011760895405601142,0.0037857323275165555,0.8299016581619142,0.887848885080516
2003-07-31,-0.004178972370920737,0.0061402067656413095,0.8264407586004034,0.8933172320213085
2003-08-01,-0.002980844510843802,0.00365487200464365,0.8239809351985175,0.8965881659451845
2003-08-04,2.637282036021876e-05,-0.0005801569583656629,0.8240026661862541,0.8960681549405101
2003-08-05,-0.0038648114634900668,0.0024492814100245397,0.8208241972838928,0.8982655679574275
2003-08-06,-0.0010825213268408059,-0.011097577463086594,0.8199361183536618,0.8883521056841897
2003-08-07,-0.000831721537969278,-0.0006989215514074942,0.8192544433454575,0.8877314341779008
2003-08-08,0.00010013887385621248,0.005370734197418514,0.8193364866706103,0.892512029912796
2003-08-11,0.0015739568280274817,0.0046314541906991025,0.8206271023484958,0.8966552456447949
2003-08-12,-0.0028150753575975776,0.003697170631939528,0.8183202237568694,0.8999764688672789
2003-08-13,-0.0020089453151849587,0.009294472471095716,0.8166779133852402,0.9083802693294989
2003-08-14,-0.0003082939038303344,0.006387246474467645,0.8164261753697922,0.914200887073741
2003-08-15,-0.0018429028517624106,0.011565655167675715,0.8149229668020723,0.9248355994504868
2003-08-18,0.00010103686959732485,0.0036028069494769,0.8150053082272909,0.9281736130739728
2003-08-19,-0.00014368789069514262,0.00786650837797076,0.8148882102466288,0.9355038926292348
2003-08-20,0.001455472375217733,-0.007252264273867937,0.8160751210739646,0.9287439133772557
2003-08-21,-0.0018709823050483579,0.006803902141081508,0.8145496864384417,0.9350845421261736
2003-08-22,-0.0016509759680563398,0.004153045107464948,0.8132059939885267,0.9389760656519418
2003-08-26,-0.0015639371474828133,-0.006254091054330502,0.8119351849177515,0.9331219490100904
2003-08-27,0.004526928927652009,0.0022086887101551156,0.8156190898905152,0.9351852026277876
2003-08-28,-0.0004737432251932072,-0.0010049705657095842,0.815232787383664,0.9342458411200527
2003-08-29,-0.008622556090815019,0.004228353495355108,0.8082336156874043,0.938204526249826
2003-09-01,0.0015638991383357028,0.009360262196846492,0.8094986004390103,0.9470275953107105
2003-09-02,0.0014291645079635518,0.007323713180699798,0.8106563342069524,0.9539888136615214
2003-09-03,-0.001574178876404352,0.01597775177358507,0.8093812200218432,0.9693538324745518
2003-09-04,4.4396373751839224e-05,-0.012397161616414465,0.8094171544106674,0.9574107792900148
2003-09-05,0.0007339269811808475,0.0009281051034157883,0.8100114255484558,0.9582997695947455
2003-09-08,0.0003091094995404267,0.004540699383900559,0.8102618464765791,0.9626610148265792
2003-09-09,0.003113246065522204,-0.005030895597867513,0.8127883217110939,0.9578301297930752
2003-09-10,0.0007448403863588845,-0.012121839181888916,0.8133939447969325,0.9462895548062032
2003-09-11,-0.0003287998733369356,-0.0055280851190229185,0.8131265449338398,0.9410728181672471
2003-09-12,0.0006036373938021254,0.0026700860538273474,0.8136175266948217,0.943588921185611
2003-09-15,0.0010762531941455509,0.0036553554420581946,0.8144936565409425,0.9470443857117123
2003-09-16,-0.002170778240044119,0.003818502676214308,0.8127274891071422,0.9506675904390368
2003-09-17,-0.003062966337410226,0.003926960409275537,0.8102419406853273,0.9544081641645831
2003-09-18,-0.000381248314057555,0.003456390350743632,0.809933096188425,0.9577126788904603
2003-09-19,0.0011880145004445131,0.0015400701057401989,0.8108958802385553,0.9591887598994763
2003-09-22,0.0008293382335493964,-0.009399969388148577,0.8115686661404385,0.9502146591339735
2003-09-23,0.003142078479320149,-0.007637410866960792,0.8141226889496123,0.9429851219847196
2003-09-24,-0.0005610172758020542,0.002008015902379867,0.8136660801511774,0.9448805534967964
2003-09-25,0.0018243871694903844,-0.012792302344523776,0.815151877030327,0.9328703387082542
2003-09-26,0.0004217954706643846,-0.011519999083990484,0.8154957769225717,0.9221853370328998
2003-09-29,0.0009532106193365918,0.0008362926623775024,0.8162734867589095,0.922956876435016
2003-09-30,-0.006052901344897663,-0.008120408776763455,0.8113475869054521,0.9154924374805318
2003-10-01,0.008738232091202034,0.003493487264124795,0.8184683967609953,0.9186962917047967
2003-10-02,-0.0036750596014429714,0.009485841673916084,0.8154659969992529,0.9274523629704656
2003-10-03,0.004153906240345499,0.011401343074430415,0.8188604114518002,0.9380870753472105
2003-10-06,-0.005430431464755257,0.006416562430574757,0.8144256982095234,0.9441257225912879
2003-10-07,-0.008182991658408785,0.0018106003128135484,0.8077884528130741,0.945836705405534
2003-10-08,0.002340144893140033,0.00719199903024581,0.8096810083991269,0.9526636824527279
2003-10-09,0.0005023255946668284,0.008573192336685409,0.8100878340640789,0.9608661619117199
2003-10-10,0.0001443315160034344,0.004737150880513852,0.8102047637073787,0.9654287281467817
2003-10-13,0.0006234013545360891,0.005423508648934927,0.81071000392188,0.9706789636833456
2003-10-14,0.002440850407160052,0.0008118973683490793,0.8126912427351797,0.9714673753908586
2003-10-15,7.252882257742228e-05,0.010152911388390251,0.8127501884117386,0.9813808376640958
2003-10-16,0.001957485560657961,-0.002584284908383694,0.8143426933141459,0.9788479442447292
2003-10-17,0.0013674292073334487,-0.0006685298756945457,0.8154570109994016,0.978193773840833
2003-10-20,-0.0003690265671333282,-0.003280651081102093,0.8151561412158738,0.974989919616569
2003-10-21,0.0012645947408567756,0.0019250612026890934,0.816187635458666,0.9768686426320392
2003-10-22,-0.0034146320192954714,-0.019121556163774756,0.813405407869911,0.9583668492943569
2003-10-23,0.002550504548649178,-0.014580472917140597,0.8154826499442078,0.9444947837957387
2003-10-24,0.00021037258210471026,0.0006036329732559409,0.8156542231814579,0.9450650840990231
2003-10-27,0.0016203385951370267,0.0034196807965454212,0.8169769305270493,0.9483024372208949
2003-10-28,0.0015397720601440477,0.005222145509934606,0.8182358577602145,0.9532675635580148
2003-10-29,0.0021382860130673776,0.003092187274509328,0.8199873519806918,0.9562198074804426
2003-10-30,0.0007567037404574113,0.002155308967260794,0.8206080742988946,0.9582829791937442
2003-10-31,-0.0006912408928270971,0.002010964838181195,0.8200410324447922,0.9602119915078245
2003-11-03,0.00021137373691924063,0.007622383910597108,0.8202143859027858,0.9675590614640883
2003-11-04,-0.00015974971945870598,-0.00034678872803262095,0.820083367350109,0.9672235810616399
2003-11-05,0.0034446362162249265,-0.006577076002825422,0.822913127166133,0.9608829523127219
2003-11-06,0.0007077952445141436,0.004997650088956362,0.8234957873419153,0.9656971288496181
2003-11-07,0.0009928818673946985,0.012617445927817883,0.8243138274184195,0.9779589539399992
2003-11-10,-0.000907910754457951,-0.003935625380702135,0.8235657636684056,0.974117637808444
2003-11-11,-0.0014186042049054665,-0.008473454872319763,0.8223982781088024,0.9658983679484516
2003-11-12,-0.002274396291904357,0.005403673731763092,0.8205299439860924,0.9711318949884084
2003-11-13,0.0010150846549377892,-0.0016595674694688256,0.8213632742199609,0.9695215726757757
2003-11-14,0.0015910964201200002,-8.651043034646477e-05,0.822671182613448,0.9694377025751648
2003-11-17,-0.0007474170195308694,-0.01522058842342311,0.822056533898154,0.9547940157700353
2003-11-18,0.0016157873916269239,0.0034549104771617323,0.8233858761588462,0.9580984485915182
2003-11-19,0.001201096559342178,-0.005090141577390739,0.8243754362613643,0.9532339827560115
2003-11-20,0.0014240405295504078,-0.008500092596543496,0.8255502165630205,0.9451657446006363
2003-11-21,-0.0002337100221046092,-0.00047932319443866334,0.8253572997478338,0.9447128132955721
2003-11-24,-0.0018969232552813826,0.00897941579098216,0.8237931443024729,0.9532339827560115
2003-11-25,0.00010147271726565737,0.0027413818977990445,0.823876741072614,0.9558507462759919
2003-11-26,0.0011112662469168462,0.0020686669838365646,0.8247927963829905,0.9578301297930752
2003-11-27,-0.0015011656973680319,-0.00014016129517990805,0.8235555745994146,0.9576958884894584
2003-11-28,-0.003841738418254398,0.0005603563992711003,0.8203977591432232,0.9582326898951342
2003-12-01,0.001245500963879543,0.00704717924870657,0.8214202019375697,0.9650093776437196
2003-12-02,0.002008790247560712,0.004716860070537621,0.8230719212517729,0.9695719438787813
2003-12-03,0.0019370161760442546,0.0034195996006793905,0.8246677699707041,0.9728931671012641
2003-12-04,-0.0017354255252014558,0.0020668281556641688,0.823237861581516,0.9749060495159576
2003-12-05,-0.0002553968685243431,-0.005503745240098112,0.8230276360562305,0.9695551534777784
2003-12-08,0.001271134191584766,-0.0027545909226152077,0.8240744798235378,0.9668881006591912
2003-12-09,-0.001010245524963474,0.0018891796398090577,0.823242382650052,0.9687164524716573
2003-12-10,-0.0026942051082712902,-0.011406603406543425,0.8210273839875681,0.9577294692914621
2003-12-11,-0.002123802073628534,-0.005056952274005155,0.8192855346532862,0.9528985023535627
2003-12-12,0.001998781632480142,0.0019872322423672983,0.8209247451979341,0.9547940157700353
2003-12-15,0.000122640604293806,0.0038925051289435686,0.821025430078666,0.9585177990945792
2003-12-16,0.0002125780648160893,-0.008788484266750274,0.8211999806279087,0.9501307890333608
2003-12-17,0.0006047464460444506,-0.0031119482942632004,0.8216967485918757,0.9471786270153287
2003-12-18,0.0027740260733409676,0.0054924610458950696,0.8239793212911987,0.95239528174989
2003-12-19,-0.002707586340925814,0.006355504447805416,0.8217513437176013,0.958467509795971
2003-12-22,0.0026863819405151573,0.0003499562590381089,0.8239618494889801,0.9588029901984182
2003-12-23,0.001633751746774523,0.005861044089352063,0.825309098835678,0.9644390773404358
2003-12-24,-0.0033292931256498222,0.0007475646347199216,0.8225659717971628,0.9651603274439431
2003-12-29,0.0010852835608832095,0.0038162027220316475,0.8234591737251099,0.9688506118708785
2003-12-30,-0.0007522120644000386,0.005077188243523878,0.8228399907077566,0.9737821574059953
2003-12-31,-0.0048844339622641526,-0.0005169027478117982,0.818830682682843,0.973278936802323
2004-01-02,-0.00010235158770102151,0.0054656719262453635,0.8187468783512385,0.9786131243438951
2004-01-05,0.0014578585150358918,0.0005997412624267895,0.8199413659448979,0.9792002150481791
2004-01-06,0.0020683623985322547,-5.144249138311352e-05,0.821639056950095,0.9791498438451753
2004-01-07,0.0048496548890114045,0.0011984661470911817,0.8256334005850763,0.980324025253746
2004-01-08,0.0011630588988910434,0.012126151964919174,0.8265942194950313,0.99228395074368
2004-01-09,0.0027230279053648936,0.003071838488457601,0.828848125953517,0.9953367732633259
2004-01-12,-0.0006676683110543029,-0.002260786621169686,0.8282949150263947,0.9930890709477986
2004-01-13,0.0011091911130269834,0.007270344261469219,0.8292141621012042,1.0003354804024485
2004-01-14,0.0012018854444320638,0.008764883134807278,0.8302113816847592,1.0091418409667279
2004-01-15,-0.0005018379394162914,0.0037826349022118677,0.8297948546389733,1.0129662847928853
2004-01-16,-0.004612188438658175,0.011393915197031035,0.8259764966659615,1.0245739394793671
2004-01-19,-0.0013601603173685043,0.0047854086156728926,0.8248537999089919,1.029488694613484
2004-01-20,-0.0021296458424384023,-0.001581676297163881,0.8230990226336773,1.027861663804244
2004-01-21,-0.0024151530195183945,-0.0011920695903917533,0.8211135111659272,1.0266371111926689
2004-01-22,0.0012340175547058913,-0.008433591055942102,0.8221274051059094,1.0180152812306162
2004-01-23,-0.0011414506123600119,-0.003896210741185513,0.8211895226509959,1.014056596100843
2004-01-26,0.0012697509728388655,-0.0014898445281694705,0.8222328911151459,1.012546934289824
2004-01-27,-0.00309803457405622,0.002316577834857725,0.8196895269398482,1.0148952971069642
2004-01-28,0.00031151010981673587,-0.0033939587609008726,0.8199449082892718,1.0114566229818647
2004-01-29,-2.0521328845170714e-05,-0.010737536324601393,0.8199280821028223,1.000654170403896
2004-01-30,-0.0054202634517546925,0.009741999549017777,0.8154958785929123,1.010450181774519
2004-02-02,-0.00017063406862892797,0.005545775107146156,0.8153567390845057,1.0160694785155355
2004-02-03,0.0011829435160696927,-0.0021650021220693816,0.8163218307642197,1.0138720654986175
2004-02-04,0.0018829943717957034,-0.00554117536272436,0.8178604082889255,1.0082695591586028
2004-02-05,-0.00022846978210090446,0.005872010901548208,0.8176735732435485,1.014207545901065
2004-02-06,-0.0010348725013078135,0.007923818311633468,0.8168278230448449,1.0222758659608358
2004-02-09,0.00042257442060083736,0.006395248772399498,0.8171730665292939,1.0288345242095875
2004-02-10,0.0008315046440417555,-0.002497581951375949,0.8178528323041323,1.0262681318926128
2004-02-11,0.0023111326185268006,0.0026932415097817852,0.819745184558228,1.029035845212814
2004-02-12,0.001987537324247386,0.005899690289854931,0.8213760789037239,1.0351247817555014
2004-02-13,0.0014251952574782613,0.004204404641040327,0.8225475347743726,1.0394860269873345
2004-02-16,0.0003161691024062957,0.0013706916074678333,0.8228076400065809,1.0409118186977409
2004-02-17,0.002197260591881176,0.006329119413887696,0.82461755050299,1.0475207662451023
2004-02-18,-0.00241053319288939,0.004903998536597953,0.822632176392523,1.0526704231844475
2004-02-19,0.0007708827141298236,0.0035154048500931623,0.8232665738089757,1.0563774980123841
2004-02-20,0.003907973452844088,0.001602413476037512,0.8264901724904354,1.0580716085212352
2004-02-23,-0.001673400750978045,-0.0013484467564062186,0.8251082797677467,1.0566458168108268
2004-02-24,-0.0014645873635375903,-0.007345121152608769,0.823900721111076,1.048913059057901
2004-02-25,0.001431473849135339,-0.0013442777868490907,0.8250809579852038,1.0475039758440998
2004-02-26,0.0012909416238129814,0.0023991183505742697,0.8261467771440218,1.0500200788624663
2004-02-27,-0.0010259169907546398,0.0016121854601518493,0.8252996537419386,1.0517142712757097
2004-03-01,0.0027803808541146985,0.0083543095830656,0.827597494053423,1.0605374222409902
2004-03-02,-0.005341495023812516,0.0049068972030905655,0.8231886714916513,1.0657541588799473
2004-03-03,0.002871107386165259,-0.005634737761120334,0.8255555306941621,1.05976580093448
2004-03-04,-0.00211233295527186,0.003160608884105187,0.8238135230380893,1.0631206049589668
2004-03-05,-0.0018881172528963871,0.003056260301878666,0.8222595340304623,1.0663747484818398
2004-03-08,0.001874067957053898,0.00494269856580587,0.823801949119488,1.0716585648204082
2004-03-09,0.000266364601827191,-0.004628149067052334,0.8240214100246605,1.0667102288842882
2004-03-10,-0.0012996461772517137,-0.009114692784656597,0.8229511693668816,1.0570316684162806
2004-03-11,-0.000610442825484481,-0.01998707321978266,0.8224489580310663,1.0361144325618463
2004-03-12,-8.94150292800322e-08,0.013012142748326738,0.822448884491772,1.0496845984600178
2004-03-15,-0.00102780875436305,-0.013595145103531436,0.8216039985932141,1.035510551456559
2004-03-16,-0.0011865025964390575,-0.0022541549797931992,0.8206297414092734,1.0331789790404193
2004-03-17,-0.0007707355600580525,0.008036619284816027,0.8199974965640183,1.0415156998030282
2004-03-18,0.00030024476286220295,-0.003194010510673806,0.8202437334817445,1.038194394676148
2004-03-19,0.0040294518752471255,0.008190301325436522,0.8235555340212313,1.0467324364419834
2004-03-22,0.001055180510607567,-0.017409767298325107,0.8244249924072337,1.0286667840083625
2004-03-23,0.003008495686243501,0.0003423951317014229,0.8269090061392442,1.0290190548118126
2004-03-24,0.0029500331281028212,0.0023120167819055126,0.829352016810757,1.0314009165265619
2004-03-25,-0.001989355658047467,0.011175304395873553,0.8277037806911061,1.0429917808120448
2004-03-26,0.002432618176971271,-0.0023347003637965713,0.8297197189630736,1.0405595478942915
2004-03-29,0.001039436627877246,0.005481947981445856,0.8305826084115943,1.0462795051369198
2004-03-30,0.00060574117185928,0.0022579855292654827,0.8310858789045801,1.0486446583550626
2004-03-31,-0.002732480678029273,0.0012468716646196754,0.8288180526055129,1.0499529991628553
2004-04-01,0.0018459428002177596,0.005544287191273867,0.8303494162924527,1.0557904073081001
2004-04-02,-0.0029561275238099496,0.006019152498458524,0.8278984220392304,1.0621645349546252
2004-04-05,0.00020307247331909323,-0.0011693752813943803,0.8280665624912218,1.0609231919420479
2004-04-06,0.0010353250394425327,-0.0026121870154636184,0.8289243244923135,1.058155478621847
2004-04-07,-0.0005887994903104495,0.0023434140089406696,0.8284363979320978,1.0606380827426043
2004-04-08,0.0,0.002858446114156976,0.8284363979320978,1.0636741967656445
2004-04-13,0.00025248297340297395,0.001134741480958823,0.8286455904247829,1.0648818770718216
2004-04-14,-0.0008780529084939964,-0.013351879430288704,0.8279183150938355,1.050758201271369
2004-04-15,-0.0010081825891000297,0.0008297228711686699,0.8270840428833846,1.0516304011750979
2004-04-16,0.0036444746887205723,-0.0017560949246266944,0.830103829168009,1.0497852589616308
2004-04-19,0.002121601435349733,0.004416316367203521,0.8318668481940018,1.0544316952973039
2004-04-20,-0.0011149128725160304,0.00932623901444174,0.830939905962662,1.0643115767685387
2004-04-21,0.004906012636843638,-0.007832008706733617,0.8350265239447865,1.0560084368079323
2004-04-22,-0.0015290340371641668,0.0029025905988433465,0.8337507155935012,1.059078049728581
2004-04-23,-0.0014962181598787189,0.008343629591596624,0.8325041754125954,1.0679515718968646
2004-04-26,-0.0008086262980916122,0.0006123593502422864,0.8318312627471913,1.0686057423007616
2004-04-27,-0.0016660035310822534,-0.0013194118134354227,0.8304465826873971,1.067196740991356
2004-04-28,0.0001761085969711706,-0.008032613612870776,0.8305928443485237,1.0586586992255207
2004-04-29,-0.0016656680237844002,-0.00972815208867317,0.8292105039865805,1.0484098384542275
2004-04-30,-0.003500000000000003,-0.006339852027702264,0.8263133402167454,1.041784100505866
2004-05-04,0.0,0.0029100240600747895,0.8263133402167454,1.0448201326245103
2004-05-05,0.0,-0.0016067358310269952,0.8263133402167454,1.0431427306122674
2004-05-06,0.0,-0.008186066013827542,0.8263133402167454,1.03463835155283
2004-05-07,0.0,-0.008891424070730736,0.8263133402167454,1.0254797201851003
2004-05-10,0.0,-0.02830222731016896,0.8263133402167454,0.9968632254753457
2004-05-11,0.0,0.009762268484356795,0.8263133402167454,1.0066425283493636
2004-05-12,0.0,-0.0053800725897819035,0.8263133402167454,1.0012412611081816
2004-05-13,0.0,0.006961837618094435,0.8263133402167454,1.0082360602609945
2004-05-14,0.0,-0.0049199974226556975,0.8263133402167454,1.0032877243248768
2004-05-17,0.0,-0.016554413499633824,0.8263133402167454,0.9868156038028858
2004-05-18,0.0,0.010265032056599566,0.8263133402167454,0.9969974667789636
2004-05-19,0.0,0.013917506561989867,0.8263133402167454,1.0109701927791943
2004-05-20,0.0,-0.008062931325333977,0.8263133402167454,1.0028515834208143
2004-05-21,0.0,0.002572525718898433,0.8263133402167454,1.0054347661387906
2004-05-24,0.0,0.0013171006010530562,0.8263133402167454,1.0067598973475826
2004-05-25,0.0,-0.003053659656705676,0.8263133402167454,1.003690284426935
2004-05-26,0.0,0.00833804376915026,0.8263133402167454,1.0120940848891546
2004-05-27,0.0,-0.00029841747903702753,0.8263133402167454,1.0117921033843145
2004-05-28,0.0,0.0035911164011714902,0.8263133402167454,1.0154320985126404
2004-06-01,0.0,-0.004486741483843204,0.8263133402167454,1.0108863226785814
2004-06-02,0.0,0.003924950583320097,0.8263133402167454,1.0148617982093566
2004-06-03,0.0,-0.0008764364519908696,0.8263133402167454,1.0139727260002305
2004-06-04,0.0,0.008549086156932617,0.8263133402167454,1.0226784260628965
2004-06-07,0.0,0.005169677189906352,0.8263133402167454,1.0279790328024643
2004-06-08,0.0,0.003209418355790916,0.8263133402167454,1.0312835475283422
2004-06-09,0.0,0.0023231893292852135,0.8263133402167454,1.0336821996440921
2004-06-10,0.0,0.0007299684931201256,0.8263133402167454,1.034437030549603
2004-06-11,0.0,-0.0012655858719110569,0.8263133402167454,1.0331286897418102
2004-06-14,0.0,-0.009756700356682302,0.8263133402167454,1.023097776565957
2004-06-15,0.0,0.0002295722346143947,0.8263133402167454,1.0233326783711867
2004-06-16,0.0,0.0048890896611410994,0.8263133402167454,1.0283480940069158
2004-06-17,0.0,0.0019065926828165658,0.8263133402167454,1.030310605218603
2004-06-18,0.0,-0.0012869751028627974,0.8263133402167454,1.0289854740098099
2004-06-21,0.0,0.005527211219924055,0.8263133402167454,1.0346886408514384
2004-06-22,0.0,-0.0008757971895594352,0.8263133402167454,1.033782860145706
2004-06-23,0.0,0.004080612391055283,0.8263133402167454,1.0380099459783183
2004-06-24,0.0,0.0009206366268834643,0.8263133402167454,1.038966015982659
2004-06-25,0.0,0.005104917936346709,0.8263133402167454,1.0442834131232304
2004-06-28,0.0,0.004327553928410666,0.8263133402167454,1.0488123985562872
2004-06-29,0.0,0.0008153438077993513,0.8263133402167454,1.0496678899634109
2004-06-30,-0.005533105398210777,0.0032227774270445764,0.821753887013341,1.0530561928855062
2004-07-01,-0.001598933393359456,-0.006055331716309453,0.820441007165695,1.0466988556399819
2004-07-02,-0.0024652246883125595,-0.0030013256471068672,0.818420926738655,1.0435620811153272
2004-07-05,0.0016180609040959946,-0.00434937391875323,0.819746253583926,1.039033095682271
2004-07-06,0.00032378719371060406,-0.00921198969483683,0.820011719897906,1.0295054850144858
2004-07-07,-0.001860456649267363,-0.002790055210979858,0.8184875419143132,1.0266371111926689
2004-07-08,0.0011754005573305175,-0.005274934298205025,0.8194501582463073,1.0212359258558825
2004-07-09,0.003416710776780486,0.0003941114587782124,0.822254770979898,1.0216384859579422
2004-07-12,-0.0010729632678205528,-0.0003941114587782124,0.8213729949550842,1.0212359258558825
2004-07-13,-0.0028209092687507455,0.0034760490928889,0.8190592412394782,1.024791968979202
2004-07-14,-0.0027369025723187855,-0.006173483397052593,0.8168206207357467,1.0184849210322862
2004-07-15,-0.0004754534829111847,-0.004754491927869253,0.816432352835681,1.0136540359987838
2004-07-16,0.0013410565228233796,0.005100309415183801,0.8175279692454624,1.0188371918357366
2004-07-19,-0.0012254741040402645,-0.001713695679896432,0.8165267235154853,1.0170927101238825
2004-07-20,0.0038724677281704633,-0.0029564402370603204,0.8196948271319207,1.014090176902845
2004-07-21,0.00164867200041096,0.004752451962547255,0.8210473496689533,1.0189210619363491
2004-07-22,0.0020391652837835313,-0.012623746059292174,0.8227233091191576,1.00613930774569
2004-07-23,-0.0019251294971577844,-0.0011844058139782732,0.8211409837880486,1.004948335936118
2004-07-26,-0.0024410923951316806,-0.010605048685246032,0.8191389473493218,0.9943471224569805
2004-07-27,0.0043231435066130594,0.003452257133481851,0.8226878682905147,0.9977857965820803
2004-07-28,-0.0011702902098248587,0.002451450725807547,0.8217256478808949,1.000234819900835
2004-07-29,-0.002128327651325205,0.00866599780784405,0.8199786062606769,1.0089405199634995
2004-07-30,-0.003039719413240381,0.0014287777759562914,0.8174898857950338,1.0103831020749074
2004-08-02,0.002316801614695902,-0.0009633267518083244,0.8193860433447313,1.0094102416695652
2004-08-03,-0.0020710821826819617,0.0014778615190760291,0.8176907836266882,1.010903113079583
2004-08-04,0.0019029943539440233,-0.01248935849205246,0.8192483260984281,0.9983560968853639
2004-08-05,0.0016053999390730981,0.0008397293481721135,0.8205646036044417,0.9991947978914858
2004-08-06,-0.0005395083109978264,-0.011905807616988895,0.8201220215801619,0.9873691137051693
2004-08-09,-0.0005171956240054737,-0.008856167781292612,0.819697967728301,0.9786634136425036
2004-08-10,-0.0009423496406843121,0.006934644080347496,0.8189258894839059,0.9854736821930917
2004-08-11,-0.0011498533894504605,-0.0028124619041491883,0.817984785943413,0.9827059688728901
2004-08-12,0.0012925826000026316,0.0019099603572225732,0.8190427824714361,0.9845846918883605
2004-08-13,-0.001838384237311599,-0.002114845271050214,0.8175384503243873,0.9825046478696621
2004-08-16,0.0016375630540405401,0.0041401371306175605,0.8188783178452537,0.9865807839020511
2004-08-17,0.00233424640565626,0.004495456913996776,0.8207920142659189,0.9910258992344959
2004-08-18,-0.0014834880384275366,0.0013531572687455196,0.8195752818578474,0.9923678208442916
2004-08-19,-0.0011089393835167557,0.006771985612170184,0.8186669262987526,0.9991109277908727
2004-08-20,-0.00012599078043151106,0.0004868265171058539,0.818563788311149,0.9995974398979403
2004-08-23,-0.0003564122332438712,0.009586055293237195,0.8182720941480762,1.0092257110673402
2004-08-24,-0.00045727067293016414,0.00333520542918464,0.8178980078528095,1.0125973054928274
2004-08-25,0.00013759967075915001,-6.632827385821827e-05,0.818010558092665,1.012530143888822
2004-08-26,-0.0013032971534123914,0.006160316968779611,0.816945141688733,1.0187869025371277
2004-08-27,0.0,0.0020559724668149926,0.816945141688733,1.0208836550524312
2004-08-31,-0.003500000000000001,0.0001971030352674319,0.814090831649166,1.021084894151264
2004-09-01,0.0,0.0035094149867038738,0.814090831649166,1.0246745999809819
2004-09-02,0.0,0.004051532929658208,0.814090831649166,1.0288345242095875
2004-09-03,0.0,0.0036454061756874268,0.814090831649166,1.032591888336135
2004-09-06,0.0,0.006848003163447913,0.814090831649166,1.0396873479905606
2004-09-07,0.0,0.0031089378656172784,0.814090831649166,1.042924701112433
2004-09-08,0.0,0.002489861131291349,0.814090831649166,1.045524674231411
2004-09-09,0.0,-0.001718175895025098,0.814090831649166,1.0437298213165525
2004-09-10,0.0,0.003913773642043594,0.814090831649166,1.0478227477499418
2004-09-13,0.0,0.004169439224428473,0.814090831649166,1.0522007014783825
2004-09-14,0.0,-0.003417371755604748,0.814090831649166,1.0486110775530608
2004-09-15,0.0,-0.00019192855723559887,0.814090831649166,1.0484098384542275
2004-09-16,0.0,0.0014229259250253534,0.814090831649166,1.0499027098642448
2004-09-17,0.0,0.0058939891895963825,0.814090831649166,1.0561090973095468
2004-09-20,0.0,-0.0028948955022958245,0.814090831649166,1.0530561928855062
2004-09-21,0.0,-0.0002230138215200128,0.814090831649166,1.0528213729846705
2004-09-22,0.0,-0.0012275826643239895,0.814090831649166,1.0515297406734847
2004-09-23,0.0,-0.010197235928146142,0.814090831649166,1.0408615293991321
2004-09-24,0.0,0.002784073575954338,0.814090831649166,1.0437634021185556
2004-09-27,0.0,0.0006907705535148523,0.814090831649166,1.0444846522220625
2004-09-28,0.0,0.0011075625103948994,0.814090831649166,1.0456421251340264
2004-09-29,0.0,0.004657249945578812,0.814090831649166,1.050523299466138
2004-09-30,-0.00338797249120171,0.0010054809803214937,0.811337381247065,1.0515801118764894
2004-10-01,0.004956454755671275,0.010141238284873566,0.815368720591364,1.0622986943538473
2004-10-04,-0.00011125456511652332,0.010680170625573027,0.815278012144903,1.0737050280371034
2004-10-05,-0.00034159417868766533,-0.0014695845979275646,0.8149995654825293,1.0721282865264734
2004-10-06,0.003859492497839042,-0.0033066841226414567,0.8181511279951329,1.0685889518997593
2004-10-07,-0.0012990154326536015,0.0021325800427209884,0.8170890270457392,1.0708702350172903
2004-10-08,-0.010665479706528957,-0.0007208151023583298,0.8084206887725688,1.0700986137107789
2004-10-11,-0.0011014863270071389,-0.0011763323318589869,0.8075307146745481,1.068840562201596
2004-10-12,0.0011456667592836395,-0.0093182485865686,0.8084564059370541,1.0589270999283575
2004-10-13,-0.0017267527869300066,-0.00661150492838658,0.8070616061687544,1.0519490911765454
2004-10-14,-0.0010587334286620697,-0.002746374243725924,0.8062075952320503,1.0490640088581238
2004-10-15,0.002102962129875998,0.0031449362497593114,0.8079048032302304,1.0523684416796073
2004-10-18,0.004026653951246529,-0.0033368600230350154,0.8111645147591457,1.0488626878548972
2004-10-19,-0.003176390269256013,0.005868065358248131,0.8085920274624234,1.0550355764025894
2004-10-20,-0.0009465003032246219,-0.007196299950400942,0.8078270569427687,1.047470476946493
2004-10-21,0.0016622255917062782,0.003213627378666928,0.809170964379725,1.0508420713719813
2004-10-22,-0.0014866456254980294,0.0035851183325696923,0.807968907642835,1.0546162258995295
2004-10-25,0.0024582803015585596,-0.007279276218644881,0.8099575650299277,1.04696725634282
2004-10-26,-0.000422232540447901,0.005655583919111251,0.8096156467791756,1.052905243085283
2004-10-27,0.0006817961755920484,0.007222540226587526,0.8101678278469293,1.0605374222409902
2004-10-28,-0.000961172086601175,0.0006324610851979884,0.8093894912629621,1.0612083830458874
2004-10-29,-0.004517365178306634,-0.0007432138076151062,0.8057414293770153,1.0604199713383753
2004-11-01,0.0016973474674377635,0.006213122663776716,0.8071102138744072,1.0670290007901309
2004-11-02,0.00018619179986556857,0.006533927980274967,0.8072605051688875,1.0740237180385503
2004-11-03,0.002523789004748157,0.006987959578594882,0.8093004334473012,1.081555236692645
2004-11-04,0.0025006688035046376,0.002927005167657981,0.811326758321643,1.0847255920193002
2004-11-05,-0.0003172027737224784,0.007610090217635701,0.8110694440360682,1.0930119415789055
2004-11-08,0.001064213129680391,-0.0064201283315945545,0.8119330542386454,1.0860171424260916
2004-11-09,0.0013964431055630126,-0.0004634707934556559,0.8130676645794304,1.085513921822419
2004-11-10,0.0022374406591512477,0.003747996272444709,0.8148888919150701,1.0895900578548066
2004-11-11,0.004900203089719002,0.006139037160522776,0.8188918125331626,1.0962996659037814
2004-11-12,0.0017584761742199684,0.007104711906073646,0.8203330811216072,1.1041162937573195
2004-11-15,0.0010738226504161859,0.00154844058380732,0.8212144464953606,1.105827276571566
2004-11-16,4.5171165134272676e-06,-0.005246960822846702,0.8212181560250761,1.1000402396293274
2004-11-17,-0.0007986842844477161,0.006262780738317986,0.8205625238461667,1.1069511686815285
2004-11-18,0.0003419375369747217,0.000772463305725779,0.8208431529505825,1.107806578184256
2004-11-19,-0.0014772791372917398,-0.0007118665340506425,0.819631433729869,1.1070182483811386
2004-11-22,0.0009524027565653283,-0.008934300182568577,0.8204124248167184,1.0971718658075116
2004-11-23,0.0003193177111550263,0.00437820695746538,0.8206744388650509,1.1019860423444081
2004-11-24,-0.000296987157455174,0.002037605778392404,0.8204307452849792,1.1042337446599355
2004-11-25,-0.0010044062196838586,0.0020334623822613196,0.8196071132414109,1.1064814469754625
2004-11-26,-0.0015178782395469555,-0.00036388621846228375,0.818363993130401,1.1060788868734026
2004-11-29,-0.00033216831705879115,-0.0006522910527770875,0.8180922036824821,1.1053576367698974
2004-11-30,-0.012185339372980289,-0.0018683379720005888,0.8081839627809336,1.1032943831522004
2004-12-01,0.0007907510900536486,0.0025358090212161954,0.8088232878706589,1.1060956772744048
2004-12-02,-7.585709926420604e-06,0.00398045168746286,0.8088171523950863,1.1105072118048471
2004-12-03,-0.000735675650209906,0.005362927185467825,0.8082223441304024,1.1164787793493138
2004-12-06,-0.0023418395765944207,-0.0030846806237416757,0.8063318315608053,1.1130401052242134
2004-12-07,0.0016629310855980563,0.003910661522963821,0.8076738213378186,1.1174013504560478
2004-12-08,0.0022684928696223836,-0.0005856105032044923,0.8095081033837648,1.1167471800521507
2004-12-09,0.000449838542651109,-0.0024814467916911553,0.8098723332454283,1.1139794667319503
2004-12-10,0.0041839434216030535,0.005091577163078398,0.8132678917253534,1.1196658431725757
2004-12-13,-0.002774712072550292,0.008042464247292713,0.8110144352801524,1.1287070236376902
2004-12-14,-0.00016635580064346724,-0.001963570679150095,0.8108795295459247,1.1264929021241654
2004-12-15,0.0036396333415342342,0.006264078600180412,0.8138362110720467,1.1335714894731956
2004-12-16,0.00102366384150929,0.005268830446906847,0.8146697323242292,1.1395598474186643
2004-12-17,-0.0007048315576142344,-0.0038640554401485616,0.8140957296991993,1.135165021384827
2004-12-20,0.007011941884437201,0.0033192480776822464,0.8198241819603512,1.1389391759123748
2004-12-21,8.197412035381726e-05,0.003088056142246387,0.8198913890810968,1.1424617201380878
2004-12-22,-0.0015063565771552883,0.004775040987860635,0.8186572700396317,1.1479300670788795
2004-12-23,-0.0019559527353522482,0.00430139547028574,0.8170575800819573,1.1528784030149997
2004-12-24,0.0,-0.0010335759542314804,0.8170575800819573,1.151687431205427
2004-12-29,0.0015707751409710592,0.004417891388836637,0.8183420023226634,1.1567867169417674
2004-12-30,7.631068934669269e-05,0.0038786527282876904,0.8184044529477769,1.1612822034772181
2004-12-31,-0.003500000000000003,0.0019768846224579306,0.8155450442466657,1.1635801950913554
2005-01-04,0.0,0.006695345284974508,0.8155450442466657,1.1713969048492896
2005-01-05,0.0,-0.009770621127168866,0.8155450442466657,1.1600073615670337
2005-01-06,0.0,0.0007805357832975091,0.8155450442466657,1.1609131422727654
2005-01-07,0.0,0.0062082170400188375,0.8155450442466657,1.1681427613264141
2005-01-10,0.0,-0.0009768992806460375,0.8155450442466657,1.167002160719848
2005-01-11,0.0,-0.0006902129645158794,0.8155450442466657,1.1661969586113343
2005-01-12,0.0,0.003403125704229737,0.8155450442466657,1.1701724341421096
2005-01-13,0.0,0.006315888981223594,0.8155450442466657,1.1775865018935874
2005-01-14,0.0,0.004193295576529366,0.8155450442466657,1.1825348378297074
2005-01-17,0.0,0.0036105979295832924,0.8155450442466657,1.1868122129609289
2005-01-18,0.0,-0.002589785833652769,0.8155450442466657,1.1837426000402802
2005-01-19,0.0,0.004496014179997232,0.8155450442466657,1.1890767056774574
2005-01-20,0.0,0.00035260683560345285,0.8155450442466657,1.1894960561805183
2005-01-21,0.0,-9.867606408775487e-05,0.8155450442466657,1.1893786871822971
2005-01-24,0.0,-0.002852935387851474,0.8155450442466657,1.1859903023558076
2005-01-25,0.0,0.0039664525391369665,0.8155450442466657,1.190703818391091
2005-01-26,0.0,0.0016469061625912218,0.8155450442466657,1.192666411507174
2005-01-27,0.0,-0.0004642709139499601,0.8155450442466657,1.1921128197004967
2005-01-28,0.0,-8.44423027857033e-05,0.8155450442466657,1.192012159198883
2005-01-31,0.0,0.008393868253614656,0.8155450442466657,1.2020598627757375
2005-02-01,0.0,0.00822702695115396,0.8155450442466657,1.2119900335455833
2005-02-02,0.0,0.004487935068432591,0.8155450442466657,1.2174415900853743
2005-02-03,0.0,0.0011842277435398785,0.8155450442466657,1.218884172196783
2005-02-04,0.0,0.003969254078198148,0.8155450442466657,1.223731847631287
2005-02-07,0.0,0.0034892587333956726,0.8155450442466657,1.2280092227625088
2005-02-08,0.0,0.005109246636443743,0.8155450442466657,1.234299480308423
2005-02-09,0.0,-0.0014823852211911515,0.8155450442466657,1.2324711284959546
2005-02-10,0.0,-0.00031305405755333027,0.8155450442466657,1.2320853587948972
2005-02-11,0.0,0.0033027960412947976,0.8155450442466657,1.2361614129228922
2005-02-14,0.0,8.142658587750873e-05,0.8155450442466657,1.236262073424505
2005-02-15,0.0,-0.0009231125872801726,0.8155450442466657,1.235121390913543
2005-02-16,0.0,-0.008633827138927685,0.8155450442466657,1.2245034689377992
2005-02-17,0.0,0.00015068695522479914,0.8155450442466657,1.2246879995400237
2005-02-18,0.0,-0.0007673153876304184,0.8155450442466657,1.2237486380322893
2005-02-21,0.0,-0.008410306776680088,0.8155450442466657,1.2134996953566022
2005-02-22,0.0,-0.005433248766122389,0.8155450442466657,1.2069243286112437
2005-02-23,0.0,-0.0027556685683265414,0.8155450442466657,1.2036030234843649
2005-02-24,0.0,0.0012117687074209016,0.8155450442466657,1.2050623959967752
2005-02-25,0.0,0.008399929688952312,0.8155450442466657,1.2152274685718496
2005-02-28,-0.0022856548637172,0.0012828468535257542,0.8136831184202056,1.2167874196814776
2005-03-01,-0.00043264944917941134,0.0036876785946056145,0.8133311550110922,1.2212828243125322
2005-03-02,-0.0035464686092277556,-0.002750730751515107,0.8104518103715261,1.2179280202880451
2005-03-03,-0.0012507498340331344,0.0015138381840014148,0.8094387715653358,1.2197731625015145
2005-03-04,-0.0006970285999152528,0.005827482522610339,0.8088747661784522,1.226902121053549
2005-03-07,0.006053502614285771,-0.0020939569409161862,0.8137861422058922,1.2243357287365755
2005-03-08,0.0016024197195330244,-0.0043112257861395165,0.8150912145251974,1.2190687027990095
2005-03-09,-0.0003762573667677474,-0.0020109503020808717,0.8147845881399802,1.2166196794802544
2005-03-10,0.002228088660454711,-0.002982534839397033,0.8166020243942126,1.2129964747529287
2005-03-11,-0.0016140714520328741,0.004855878670101177,0.8152850335235707,1.2189009625977847
2005-03-14,-0.0020191795477626975,-0.0012668956958208355,0.8136404875338431,1.2173577199847616
2005-03-15,-0.0022456533629331642,0.0008126196102740124,0.8118153830797654,1.2183473707911063
2005-03-16,0.004154226059541293,-0.008142307200751375,0.8151948624000832,1.2084674893198721
2005-03-17,-0.0007965776793830374,-0.0013472659308781942,0.8145457549349302,1.206840458510632
2005-03-18,-0.0019453458204354112,0.003911849794819844,0.812962722027471,1.211570683042522
2005-03-21,0.0007939735866826887,0.000775024976736205,0.8136084492669828,1.2125100445502566
2005-03-22,-0.0028176288004070123,-0.003950519744350345,0.8113192292686883,1.2077294488153625
2005-03-23,0.0022780640163686844,-0.01576248019397397,0.8131695732114419,1.1888418857766208
2005-03-24,0.0,0.007954297746163519,0.8131695732114419,1.1983359975468002
2005-03-29,-0.0007407971443215236,-0.0033370012264271054,0.8125674025844364,1.194343813519418
2005-03-30,0.0009756183728516665,-0.005153575509019959,0.8133605451108772,1.188204505773726
2005-03-31,-0.003499999999999998,0.006599091355932174,0.8105187592292711,1.1960715048302695
2005-04-01,0.0,0.007001600433673261,0.8105187592292711,1.2044753052924901
2005-04-04,0.0,-0.0062305633506483105,0.8105187592292711,1.196994075937005
2005-04-05,0.0,0.003818346104928594,0.8105187592292711,1.2015733506686708
2005-04-06,0.0,0.007537891172315625,0.8105187592292711,1.2106649023367893
2005-04-07,0.0,0.0030435106843871296,0.8105187592292711,1.2143551867637261
2005-04-08,0.0,0.0035299317549206677,0.8105187592292711,1.2186493522959487
2005-04-11,0.0,-0.003198485571278553,0.8105187592292711,1.2147577468657844
2005-04-12,0.0,-0.002059577122137668,0.8105187592292711,1.2122584342484215
2005-04-13,0.0,0.0023633456337233127,0.8105187592292711,1.2151268080702355
2005-04-14,0.0,-0.011202642969974974,0.8105187592292711,1.2015901410696725
2005-04-15,0.0,-0.012813081869214926,0.8105187592292711,1.1862922838606484
2005-04-18,0.0,-0.02009539309908348,0.8105187592292711,1.1626912047866245
2005-04-19,0.0,0.00970534331711903,0.8105187592292711,1.1740304587702686
2005-04-20,0.0,-0.002489115209835191,0.8105187592292711,1.1711117956498451
2005-04-21,0.0,-0.0016198701787732972,0.8105187592292711,1.169216282233373
2005-04-22,0.0,0.006078698370220792,0.8105187592292711,1.1763452407854074
2005-04-25,0.0,0.0005559495250260227,0.8105187592292711,1.176999411189302
2005-04-26,0.0,-0.009033325715883223,0.8105187592292711,1.1664150700155624
2005-04-27,0.0,-0.018139572785731417,0.8105187592292711,1.1454475448625183
2005-04-28,0.0,-0.013252508771801175,0.8105187592292711,1.1303676352489327
2005-04-29,-0.0011947464549342092,-0.001470170013030625,0.8095509730596916,1.1287070236376902
2005-05-03,0.0006232699052542558,0.008582600640144378,0.8100556990919031,1.138435955308702
2005-05-04,0.002673597204172802,-0.006341048474196143,0.8122243595146204,1.131239917057056
2005-05-05,0.000316862785184012,0.006900837102621793,0.8124817639661625,1.1390734172159915
2005-05-06,-0.0009542537548838689,-0.001458997514086846,0.8117068199975244,1.137412723700356
2005-05-09,0.0016650966441950706,0.0013558812825156252,0.8130595161719684,1.1389559663133766
2005-05-10,-0.0022204609167044242,-0.0066642922962074636,0.8112561521839301,1.131390866857279
2005-05-11,0.0027436292600205607,-0.00022241498601083265,0.8134849944607426,1.1311392565554423
2005-05-12,-0.001522645120843096,0.009416669956870294,0.8122472880360021,1.1418411305361935
2005-05-13,-0.0025077454492183925,-0.0017938566421484836,0.8102129304873689,1.1397946673194999
2005-05-16,0.00096043454360315,0.0015440611868839937,0.8109914607773294,1.1415559394323553
2005-05-17,0.0007408872599709065,0.00369607715343534,0.8115925366558,1.1457830252649663
2005-05-18,0.0027902171583843484,0.0038428423588001692,0.8138602182680486,1.1501945597954089
2005-05-19,0.0007176034278705559,0.01074851655159037,0.8144444567511829,1.1626241250870126
2005-05-20,0.0005802610221116581,0.0004615383776283011,0.8149171842635212,1.1631608445882933
2005-05-23,0.0005170256988930607,0.007571196338867381,0.8153386263290561,1.172000785954575
2005-05-24,0.0019003114641444447,0.002101725037846336,0.8168894967695612,1.1744665996743322
2005-05-25,0.0024098069784357604,0.002510465532894912,0.818860416593872,1.1774187616923633
2005-05-26,-0.0001238397519038257,0.010360304290500721,0.818759015401916,1.1896805867827425
2005-05-27,0.0018727695795271574,0.0018312701702871692,0.82029379907844,1.1918612093986596
2005-05-31,-0.0036689753738193493,0.0012517709500539098,0.8172896757275914,1.193354080808677
2005-06-01,-0.00026174757971700986,0.004753788531672853,0.817075780127591,1.1990405391536993
2005-06-02,-0.000555514825780395,0.002975313089388365,0.8166220084680557,1.2026133726780213
2005-06-03,-0.0010082296823374155,0.004911526283548184,0.8157990808396095,1.2085345690194815
2005-06-06,0.00040550946729925156,-0.0019867331122078724,0.8161299621735266,1.2061359169037325
2005-06-07,0.0001790565496173946,0.0073161663479552885,0.8162761086724463,1.2149925667666195
2005-06-08,0.0005626007273212833,-0.0022113812768207453,0.8167354754127949,1.2123087235470307
2005-06-09,-0.00010565304464079045,-0.0011075271737386316,0.8166491893814226,1.2109668019372344
2005-06-10,0.003011647354556267,0.00620023260491287,0.8191123559850694,1.2184984024957257
2005-06-13,9.043195994157943e-05,0.0059704126503667965,0.81918643327026,1.2257951012489834
2005-06-14,-0.0016761558401569066,-0.0024525294875719084,0.8178144992547668,1.2227924861235524
2005-06-15,-0.0011013210433628965,-0.004275307659970196,0.8169143187220383,1.2175758313889908
2005-06-16,0.002039854309972198,0.008122611873597307,0.8185824056647214,1.2275060021588367
2005-06-17,-0.0015414686033423013,0.005043356267163901,0.8173215586148721,1.2337123896041364
2005-06-20,0.0013379051764272508,-0.002613877967574396,0.8184157891840981,1.2304918268832659
2005-06-21,0.0004635917636430315,-0.004412886744416866,0.8187952879626565,1.2250737692410816
2005-06-22,-7.253080253688294e-05,0.005502849628340911,0.8187359022369805,1.231833748493062
2005-06-23,0.00040656318579936784,0.005161161441357365,0.8190688377888055,1.2382078761395874
2005-06-24,0.001686699177182478,-0.007192225779036221,0.8204515262855274,1.229334353971301
2005-06-27,-0.0016054923306030263,-0.008550795302422642,0.8191353544870229,1.2188673817957822
2005-06-28,-8.874070671693564e-05,0.006037008701891722,0.8190626670619834,1.2262479506496526
2005-06-29,0.0006176485255981147,0.002554760133001821,0.8195687161748232,1.229384725174307
2005-06-30,-0.004539401896974726,0.005388587773515141,0.8158567957133465,1.2360272535236692
2005-07-01,-0.00035797953118142526,0.010462535003863849,0.8155647879496254,1.2490271191185567
2005-07-04,-0.0007616933734479433,-0.0015725332235732026,0.8149438141808519,1.2470645260024735
2005-07-05,0.0021843147304654803,-0.003651840795539485,0.8167258535175123,1.2425187501684156
2005-07-06,0.0001355505093736663,0.012010101377345705,0.8168365686265504,1.2575314981779961
2005-07-07,-0.0013051560991676442,-0.014646075172874973,0.8157711648073676,1.239247816244541
2005-07-08,0.0010912922484421822,0.017549763090004333,0.8166618954913709,1.2611882837073245
2005-07-11,-0.002459271400848959,0.006456257863789006,0.8146559698164373,1.2693571823643135
2005-07-12,5.816274445311943e-05,-0.003998748338529978,0.8147033538214055,1.264291477429973
2005-07-13,0.003236500904871653,0.0005968605159551998,0.8173444135539465,1.2650463083354828
2005-07-14,0.0020304133829327957,-0.004385272421686182,0.8190056465137951,1.2595108816950793
2005-07-15,0.0016748789371183073,-0.005060311959740105,0.8203785312074133,1.2531534625451617
2005-07-18,0.0007799619183978568,-0.004803482401745995,0.8210186448200965,1.2471483961030858
2005-07-19,0.0005740647234150126,-0.0026801050665739012,0.8214900979707176,1.2438103824796014
2005-07-20,0.004031363831491099,0.0026263171581959455,0.8248085078040923,1.247081316403477
2005-07-21,-0.0017865794772607517,0.004402074574473502,0.8233362374070252,1.252583162241876
2005-07-22,0.003557308504208028,0.003795971049230573,0.8262703140199278,1.2573469675757705
2005-07-25,-0.0015620957890617778,0.0004134924688035113,0.8249806082260209,1.257866978580444
2005-07-26,-0.0003352864193321992,-0.0007470682122896477,0.8247040497976037,1.2569276170727077
2005-07-27,0.00023652470789053102,0.008107649822020946,0.8248991357524931,1.2671597693473937
2005-07-28,-0.0027499129465452924,0.003013641880063034,0.8226338510348903,1.2709842950779466
2005-07-29,-0.003490982440719298,0.0036885341235723956,0.8197670575800493,1.275681020712229
2005-08-01,0.002147278670902951,0.0016685007533308038,0.8215292171446424,1.2778112721251413
2005-08-02,-0.0005740224344187865,0.0024649022718588043,0.8210577762652366,1.2809648370507967
2005-08-03,0.001548643626495672,0.005067905920965288,0.8223302872361152,1.2874731240965431
2005-08-04,0.003486435165132507,0.00132806416401543,0.8252022920870861,1.2891841069107897
2005-08-05,0.002043969253823457,-0.0006638116127213323,0.826890705144663,1.288328615503666
2005-08-08,-0.004353152409514346,-0.0008597012067852461,0.8232989472858097,1.287221513794706
2005-08-09,-0.0015821369166972308,0.003707007927660655,0.8219974055079755,1.2920021095296015
2005-08-10,-0.0012000287210893515,0.004171826392934008,0.8210115766424865,1.2974033767707829
2005-08-11,-0.0014513011710332395,-0.005094054815954152,0.8198209057998574,1.2908111377200289
2005-08-12,0.0010527482283320217,0.0013635392138411362,0.8206844252605273,1.2925724098328837
2005-08-15,0.0004330851794792886,0.00010385053262851329,0.8210399284981723,1.2927066511365004
2005-08-16,-0.0005612541918393601,-0.0012464746992080222,0.8205792456888072,1.2910963288238673
2005-08-17,0.00032108608771740034,-0.005536932362181446,0.8208427645723273,1.2839673702718324
2005-08-18,-0.0013918639277459913,-0.004543613187289353,0.8197010578724712,1.27814675252759
2005-08-19,0.0003303586609327866,0.005914415321068844,0.8199718979510348,1.2857286423846892
2005-08-22,-0.0006485376480471375,0.0034773384747435188,0.819440287708134,1.2902073385191375
2005-08-23,0.0006077875792380806,0.002039042849418138,0.8199384847205721,1.292840810535723
2005-08-24,-0.0014456073521877909,-0.0003763199081685542,0.8187540319518042,1.2923543803330506
2005-08-25,0.0009149802358969479,-0.0033022082300337985,0.81950351853952,1.2880937956028313
2005-08-26,0.001258870384628815,0.0027828963066465207,0.8205358168776833,1.291683419528154
2005-08-30,-0.00218844389737739,0.0028399220900432454,0.8187420837347247,1.2953569135540886
2005-08-31,-0.007099262634038276,0.003464453528440714,0.812950202023116,1.2998524000895368
2005-09-01,-0.0014434593169158436,0.006341770074875797,0.8117775879937424,1.3081219592481406
2005-09-02,0.0024267926751643143,-0.0007953659487682785,0.8137499962430819,1.3070819372387918
2005-09-05,0.00047464276698478184,-0.0005391013272184608,0.8141363284705783,1.3063774775362849
2005-09-06,0.0016736909532142604,0.0009368633774737845,0.8155000820108538,1.3076019482434653
2005-09-07,0.0007872388040277425,0.00701791913373917,0.816142328087448,1.3168108689098037
2005-09-08,-0.0006025749774679194,-0.00556935837922623,0.8156506892819873,1.309497461659937
2005-09-09,0.001195440057811577,0.005671297438727407,0.8166263338352379,1.316945110213421
2005-09-12,0.0012429498931266205,0.006386284798260533,0.8176419905240297,1.3253824095732467
2005-09-13,-3.741340914164258e-05,-0.008656094382548218,0.8176114003219523,1.313959285488989
2005-09-14,0.0006051616627913772,0.003797090920077295,0.8181063371397774,1.3189579926281123
2005-09-15,6.975301134294718e-05,0.00044501802504903765,0.818163404510679,1.319545083332398
2005-09-16,0.0006922825513593148,0.004439321805518759,0.8187300008595368,1.3254159903752507
2005-09-19,0.0009427949498905506,0.00361299766780121,0.8195022593531724,1.3302133765111468
2005-09-20,-0.003972832458922127,-5.049062107076452e-05,0.816252972886157,1.33014621490714
2005-09-21,0.0012856036615074738,-0.010228902035834153,0.8173030255279511,1.316609629810972
2005-09-22,0.0009647706290890046,-0.0014662104734597392,0.8180919159700196,1.3146806174968926
2005-09-23,0.0013085670639554222,0.003858500815576704,0.8191631448410958,1.3197631128322325
2005-09-26,0.001340823932624143,0.0035397694696470694,0.8202622350690004,1.324443048065513
2005-09-27,-0.0006062868280326204,-0.0004940431469364626,0.8197650716074036,1.3237888776616167
2005-09-28,0.0006531550943954371,0.005522073146023487,0.8203006802388432,1.331119157216879
2005-09-29,-0.0007294462697749538,-0.001324027489911117,0.8197025331521521,1.3293578851040235
2005-09-30,-0.005568315817213763,0.003275345854031997,0.8151508549231549,1.333719130335855
2005-10-03,-0.000441682806109911,0.00211066158983364,0.8147908963057674,1.3365371329546671
2005-10-04,-0.0004188825522085779,0.00145479511057367,0.8144496660882882,1.3384829356697483
2005-10-05,0.0014188139719586222,-0.011697931676422968,0.8156060387988858,1.3229166777578865
2005-10-06,-0.001453277797330468,-0.013968612038931738,0.8144215975208998,1.304565834220426
2005-10-07,-0.0011879776287978651,-0.004419999737162783,0.8134546573480016,1.2988123780801881
2005-10-10,-0.002810892659136331,0.0033908356875151924,0.811171334214639,1.3032239126106315
2005-10-11,0.0003131042205347538,0.005020019708137369,0.8114253551483964,1.3097825708593833
2005-10-12,0.002295029676698004,-0.006694673617197111,0.8132897390086972,1.3010432899947153
2005-10-13,-0.0009789130359097152,-0.017414123255997893,0.8124939886299648,1.2785828934316525
2005-10-14,0.002889632510054747,0.0005770666723989848,0.8148451930961241,1.2793209339361595
2005-10-17,-0.0004949369913754391,-9.17474101598259e-05,0.8144419958546619,1.2792035649379407
2005-10-18,-0.0006084256138341958,-0.0025734422682361924,0.8139466191986063,1.2759158406130644
2005-10-19,0.0025559627087175813,-0.024621951838364353,0.8160296974052195,1.2448839033865577
2005-10-20,-0.0008980954342507804,0.008733575844495078,0.815297153856013,1.2558038068671424
2005-10-21,0.0020840670560250884,-0.004887300698957375,0.8169980595803944,1.2496812895224534
2005-10-24,-0.002247541355354709,0.013359803474454424,0.8151638846183853,1.2664888085424963
2005-10-25,-0.0005461276391691597,-0.0019488014342723403,0.8147188226319305,1.2640230767271365
2005-10-26,-0.00418188705601223,0.012894872416714165,0.8113188745875425,1.2804280356451192
2005-10-27,0.0027392362235710583,-0.012987795055380502,0.813544315249984,1.2639056258245203
2005-10-28,-0.0016827645319547162,-0.004535892148178178,0.8121764629405621,1.2581856685818917
2005-10-31,-0.004691039634121852,0.027651206436127396,0.8083754333237042,1.2934614820420114
2005-11-01,-1.5281351914255242e-05,0.00852266869805085,0.8083630803486141,1.304532335322819
2005-11-02,-0.00048318376813464046,0.012293732969212101,0.8079725867771053,1.3206688935379645
2005-11-03,-0.0007745906064731291,0.011717786706435973,0.8073469811265098,1.3362352333542222
2005-11-04,3.558155351804848e-05,-0.002325041707072373,0.8073757082974021,1.3331320396315711
2005-11-07,-0.0014391990074154519,0.007933093544234993,0.8062145697345643,1.343749961607315
2005-11-08,0.0002465756719786179,-0.0002746269609321672,0.8064133871446164,1.3433809823072569
2005-11-09,-0.002792664631478401,-0.002437821111669791,0.8041644866739821,1.340110048383382
2005-11-10,-0.0009997116631695968,0.001975692392733208,0.8033609557740758,1.3427603108009696
2005-11-11,-0.0039009957057227207,0.0048476816179867654,0.8002331528748089,1.349285388247718
2005-11-14,-0.0011729732836905172,0.005615834743439407,0.7992950510575063,1.3568840685058192
2005-11-15,0.0012784384893105767,0.0009637598938727621,0.8003175540794377,1.35819240931361
2005-11-16,-0.005705189407956772,-0.00443116966406798,0.7957645909549951,1.3521873428715356
2005-11-17,-0.004419189698841302,0.005147203813283596,0.7922557151762626,1.3591652697189542
2005-11-18,0.00043974510955915977,0.009959140824921775,0.7926041823652873,1.3727690164191289
2005-11-21,-0.00041450318034804367,0.005520030673904941,0.7922757134913391,1.3803676966772283
2005-11-22,0.0016719557490292108,0.002015127768403957,0.7936014714207839,1.383152118494037
2005-11-23,0.0022263742698227784,0.007334384723973741,0.7953702936167282,1.3933339814701138
2005-11-24,-0.0017863030460943347,-0.0020245369696656468,0.7939507894482332,1.3905159788513013
2005-11-25,-0.0007779878652235666,0.003516277635535303,0.7933333455815187,1.3954140254888103
2005-11-28,-0.0006971514724782109,-0.00030056565272751357,0.7927804648146934,1.39499467498575
2005-11-29,0.0007323307920829069,0.0037325769781340057,0.7933612549997503,1.4002113297203123
2005-11-30,-0.004093915228139143,-0.0023507223744356764,0.7901199406366791,1.3969236872998296
2005-12-01,-0.0024217778825598364,0.008691714908904302,0.7882087608004945,1.4091182688818087
2005-12-02,0.0005280692865854782,0.0115277563224776,0.7886250995566708,1.4254562300045763
2005-12-05,0.000278788317630908,-0.0025922012865660093,0.7888449896713912,1.4217659455776424
2005-12-06,0.001865509800525323,0.0014030255192629681,0.7903179612249757,1.4237621194957282
2005-12-07,0.0019135039208483078,0.001894975114330677,0.791831685539327,1.4264626712119235
2005-12-08,-0.000759633595999312,-0.007116016739256992,0.7912304119913217,1.4163479698398527
2005-12-09,-0.002242238279045707,0.004124671462351515,0.7894582723960999,1.4222020045773074
2005-12-12,-0.0012293447618853817,0.0015086368506622705,0.7884883523094441,1.424349210200012
2005-12-13,-0.0005540348196391123,0.0029985381178683213,0.7880516233000951,1.428626585331235
2005-12-14,0.0002044408612064065,-0.0027748763459705117,0.7882127497224888,1.424667818297064
2005-12-15,0.0005832705080694729,0.0028100768763437145,0.7886726250763142,1.4286768746298437
2005-12-16,-0.0014841736063202356,0.006739975125698905,0.7875029661852835,1.4383386446968498
2005-12-19,0.0005682947340685158,0.0022715237057688853,0.7879506271636703,1.4416095786207237
2005-12-20,0.00023959065946576794,0.0002093964951868088,0.7881394353914996,1.4419114782211708
2005-12-21,0.0013370754958123656,0.007867943110388964,0.7891939421383092,1.4533011034078194
2005-12-22,-0.0022561116502161378,0.007245158482485081,0.7874154394958242,1.463868736084954
2005-12-23,0.002495873209142336,0.003751383159809052,0.7893831831936301,1.469370581923356
2005-12-28,-0.0008526521511559176,-0.001610878001081062,0.7887104007898359,1.4670055106096076
2005-12-29,-0.001060049832096844,0.008641041841912056,0.7878747714445293,1.4797368935972615
2005-12-30,-0.005956853288045368,-0.003099453045306788,0.7831954678210018,1.4751576188655962
2006-01-03,-0.004160480549321605,0.011194400148086814,0.7799437673196276,1.491763898786807
2006-01-04,0.0002534609300816362,0.007215357125373245,0.7801414776471671,1.502566433269172
2006-01-05,0.0008939723502927699,-0.006653294102214602,0.7808392143897095,1.4926025997929298
2006-01-06,0.00027927737905458143,0.001931109684210952,0.7810573155729131,1.4954877640157447
2006-01-09,-1.2694116741435255e-05,-0.0020546925423943208,0.7810474008030973,1.4924181510950987
2006-01-10,-0.002428686088856025,-0.006099192713259427,0.7791527834926683,1.4833433079235874
2006-01-11,-0.0004989361032023921,0.009554955902645546,0.778764133003016,1.4975845165310506
2006-01-12,-0.00319580623183307,0.0012201771699729136,0.7762793263287779,1.4994129502479132
2006-01-13,0.000253148068171183,-0.0019484889195826582,0.776475864816219,1.4964942052230907
2006-01-16,0.0026635826458926027,0.0028318107342020227,0.7785468293228569,1.5007379995523114
2006-01-17,0.006355933585450197,-0.007314227651166405,0.7835109804589014,1.4898013056707236
2006-01-18,-0.0038484506271026417,-0.003925887337144829,0.7805014718218911,1.4839639794298733
2006-01-19,0.0008036642555270269,0.012223201690007457,0.7811289850773926,1.5022140805613255
2006-01-20,0.0038690914186012126,0.0015175163679046477,0.7841570987772037,1.5044954455832507
2006-01-23,-0.0033274306838551133,-0.0061285171228924185,0.7815522065882707,1.4953033153179145
2006-01-24,-0.001151184429931288,0.0016364159648230014,0.7806530135246978,1.497752256732274
2006-01-25,0.00016421213955816283,0.014366039846484213,0.7807812167522763,1.51942432349222
2006-01-26,-0.006762698727336435,0.002590974883052155,0.7755188425927442,1.5233662182209928
2006-01-27,-0.001474786047185669,0.013800432397170326,0.7743759611842829,1.5445350643772624
2006-01-30,0.0030360346475031713,-0.00416823144645484,0.7767305659548325,1.538110483623339
2006-01-31,-0.003450462000220525,0.00032711453964395787,0.7740551050950434,1.5386137042270118
2006-02-01,0.0012817196211046902,0.01122042097813214,0.7750478627936617,1.5559748150537334
2006-02-02,0.0024918588897816065,-0.0044730085706987666,0.7769815809763962,1.5490304690083194
2006-02-03,-0.000942627148907109,0.0008118245217918485,0.7762495221274456,1.5502885205175014
2006-02-06,0.0013102612644230209,0.004910991477297344,0.7772672784255373,1.5579206996732098
2006-02-07,0.0017812320131636362,-0.004770363351134677,0.7786530055690435,1.550506550017334
2006-02-08,-0.0012983796996570846,-0.0003029403143575138,0.7776426743522404,1.5500369102156646
2006-02-09,0.0016989873275215367,0.01375670531460571,0.7789650023925151,1.5715076559723815
2006-02-10,-0.0017011015792464021,-0.0047075524343043185,0.7776410302216129,1.5641270871185096
2006-02-13,0.0032479814843900676,0.000868241713394724,0.7801709001505713,1.5654857172249126
2006-02-14,0.004975250607714067,-0.001340260024651485,0.784062117760411,1.5633889647096078
2006-02-15,-0.00016263930432737397,0.0015330886724083115,0.7839346088122935,1.565787616825358
2006-02-16,0.0001805230256647554,0.003667850370719705,0.7840761398342193,1.5715412367743842
2006-02-17,-0.0011639941959805961,0.01102877830818727,0.7831640107177299,1.58896934539632
2006-02-20,-0.00023720485366932108,-0.0016904746154633443,0.7829782624442355,1.5862855021767315
2006-02-21,-0.0003141169446954222,0.00022209972926745536,0.7827323543286485,1.5866378548845779
2006-02-22,0.0011487723679281419,0.0014789932256054072,0.7836320523039287,1.5889862177017187
2006-02-23,0.0028338809376649557,-0.0006125429177803454,0.7858559218415389,1.5880131934875843
2006-02-24,-0.0016879280946879695,0.0012246078293696172,0.7845305724146233,1.5899590781070605
2006-02-27,0.0038559386148490186,0.0029390564734370628,0.7875615139501777,1.5946389314359468
2006-02-28,-0.002697838365074607,-0.006151442669651175,0.7854396637743519,1.5848597104663245
2006-03-01,0.0004645299589048906,0.005867471309809247,0.7858046087864705,1.5941861639396735
2006-03-02,-0.00014320413574715903,-0.0005683903779925004,0.7856920863736327,1.5932803013295451
2006-03-03,0.0003578751828949582,-0.002762162084907871,0.7859733163923636,1.58888547529571
2006-03-06,-0.0002874679961633788,0.007750489265646365,0.7857474066905227,1.6012479608877026
2006-03-07,0.0014916679446092338,-0.009229576335386014,0.7869203555172342,1.5865371124785679
2006-03-08,0.0037445824961017905,-0.016394488149174435,0.789872567657649,1.56073870229202
2006-03-09,-0.003926596121601758,0.008198831192645528,0.7867771383244824,1.5735875361822895
2006-03-10,-0.002084678341449871,0.005209674328011005,0.7851386694982898,1.5818068060422845
2006-03-13,-0.002735348528702595,0.01700188681666326,0.7829939761729557,1.6089304293420192
2006-03-14,-0.0017725591578594349,0.005582938909341806,0.781607302373686,1.6179381109095246
2006-03-15,-0.00040054450070255366,0.008619630647483945,0.7812942965575752,1.6319444177117588
2006-03-16,0.0014513543435743276,0.008790562995404372,0.7824290546973808,1.646353366520449
2006-03-17,-0.0035460696665172487,0.003153485560916991,0.7796594203207972,1.6515533127584021
2006-03-20,-0.0006004237206412071,-0.0031433368211875035,0.7791914348196725,1.6463700750170536
2006-03-21,0.00012270464678961667,-0.0004994003418463677,0.7792870510956242,1.6455480825075381
2006-03-22,1.818960146038036e-05,0.004931703694358802,0.7793012261454257,1.6536834822669197
2006-03-23,-0.0015908563237114878,-0.0008118037014650525,0.7780624554760719,1.6523415606571255
2006-03-24,0.001050006439614639,0.008018119471708829,0.7788798551270932,1.6656434896612495
2006-03-27,0.000364407310321285,-0.007520771866333931,0.7791637363612206,1.653163553166639
2006-03-28,0.0003833048504204421,-0.004005819973382785,0.7794624508463377,1.6465545237148855
2006-03-29,-0.0013200886345694739,0.0004787105441792505,0.7784341701840359,1.6473429354223963
2006-03-30,0.0011239741786823357,0.0034864824941553962,0.7793096019803315,1.653096391562635
2006-03-31,-0.0004934463062314922,-0.00048715630488516126,0.7789251493969781,1.652291271358517
2006-04-03,0.0004161522807270312,0.0031118294679135516,0.7792493683319608,1.6574409282978628
2006-04-04,-0.00212178853297879,0.0011429357799848106,0.7775977188030605,1.6593363598099387
2006-04-05,0.0004979078274263129,0.004307219010968311,0.7779849871978232,1.666498899163976
2006-04-06,0.0004906171452852547,0.0019708406507952247,0.7783667736191409,1.669786541584459
2006-04-07,0.0013906234963700524,-0.0031693835409676296,0.7794499417082714,1.6645027252458908
2006-04-10,-0.00025302923920488755,-0.0044641240431904095,0.7792527430320904,1.657088739398807
2006-04-11,0.0009011003642020953,-0.013770043809882893,0.7799552444272387,1.6344269399281228
2006-04-12,-0.0002143973832949583,-0.004556827471510871,0.7797880419882695,1.6269960817756401
2006-04-13,-7.067528905002835e-05,0.007753768082405799,0.7797329321904776,1.639660466968079
2006-04-18,0.0036749384046912944,0.0010429541758529837,0.7826036743578858,1.6413714497823257
2006-04-19,-0.004147561805040858,0.008811127806348296,0.779364499232578,1.65589768568484
2006-04-20,-0.00013328800470174362,0.0018014725706763102,0.7792606262162073,1.6588834285048744
2006-04-21,-0.003418365763593823,0.0061692698963575765,0.7766013761048959,1.6691491615815632
2006-04-24,-3.23582207178153e-05,-0.00016076476165238773,0.7765762470727257,1.668880842783121
2006-04-25,0.001104370596596408,0.0017774764589404413,0.7774343487899464,1.6718498771065498
2006-04-26,-0.0013510654119971528,0.0030753830996061993,0.7763846933674339,1.6769993702371044
2006-04-27,-0.002292888451376504,-0.007227786326337693,0.774606569169422,1.664922075748952
2006-04-28,-0.004727852369396876,-0.0047362948650082615,0.7709529872695269,1.6570551585968045
2006-05-02,-0.00019904872452944036,0.004615466779219091,0.7707995453324563,1.6647209185545153
2006-05-03,-0.0024872699318383147,-0.0028354805317540865,0.7688847411045301,1.660007320614837
2006-05-04,0.0021474052473176328,0.006074678449758508,0.7705376222998688,1.6701220219869066
2006-05-05,-0.0013765520195063714,0.01508172634515148,0.7694776668890424,1.695501245479185
2006-05-08,-0.0019210609826522775,0.0024109866153736448,0.768000872326539,1.699594008103785
2006-05-09,-0.0007025078380732195,0.0003059632747479668,0.7674615351605568,1.700114101012854
2006-05-10,-0.00040997385777632165,-0.0026477768136476953,0.7671469604823954,1.6956185325730078
2006-05-11,-0.0010964278844779955,-0.0032896599970051454,0.766306300109384,1.6900496889393917
2006-05-12,0.0015995539494181822,-0.026511124969673006,0.7675330292263337,1.6458332736113765
2006-05-15,-0.001448663861476638,-0.026280483119219156,0.766421936858398,1.603143392399779
2006-05-16,-0.0020349514845414665,-0.0015811526501536832,0.764863891211513,1.6006105808848077
2006-05-17,-0.005542694733341047,-0.02830440637085907,0.7606362113428145,1.5559413980605203
2006-05-18,-0.003969481065649793,-0.015328406543998696,0.7576228649714428,1.5322731573824888
2006-05-19,-0.002645312605211364,0.006307495680053066,0.7556213641216061,1.5419685082514976
2006-05-22,-0.001396904206786266,-0.040402362670564074,0.7545665703537747,1.4809110750058327
2006-05-23,6.57742672144667e-05,0.044928383631626545,0.7546162030492635,1.5489633074043114
2006-05-24,-0.0034825898731939376,-0.01971814202150135,0.751992755150444,1.5187197818853189
2006-05-25,-0.004393320747031021,0.014963692837914877,0.7486962563680863,1.5416163193524433
2006-05-26,0.005392304471020253,0.03396320764626637,0.7527443590309124,1.5948738332411776
2006-05-30,-0.0011003755183492173,-0.029078795460710793,0.7519165131208769,1.5491646284075393
2006-05-31,-0.003207158909071928,0.0067661000073790944,0.7495088603032679,1.5596819717860644
2006-06-01,-0.001196394621331106,0.0013112428314219216,0.7486126881288412,1.5617284350027614
2006-06-02,-0.002058880866533294,0.014639249436008583,0.7470729693814475,1.584759131869105
2006-06-05,-0.0013994136492894592,-0.010191773329777831,0.7460282364483399,1.5686896533535701
2006-06-06,0.0029170269953771285,-0.030034132985143458,0.7482075980363084,1.5222759069130327
2006-06-07,-0.0031911152396293403,0.0037065604356936177,0.7458237868987382,1.5279287844560514
2006-06-08,0.002166045894620717,-0.03294464919188478,0.7474410263255636,1.478411844292865
2006-06-09,-0.0036480426424976547,0.023657933070278858,0.7447192970993609,1.5138050267512024
2006-06-12,-0.0039016620914939333,-0.0048317588884891904,0.7418193151028352,1.5065083279979439
2006-06-13,0.0019026354704137132,-0.02931932998062514,0.7432320703973713,1.4629797457802243
2006-06-14,0.00023044674462631637,0.006912772533306466,0.7434033655449427,1.4731280279542966
2006-06-15,0.00041002802458558704,0.035745206726257805,0.7437082442585243,1.5267377307420849
2006-06-16,-0.0004503983902259278,-0.0008793335407712988,0.7433733546850362,1.5253958091322901
2006-06-19,-0.0001565544824959613,0.0022297808919766737,0.7432569853634993,1.5288009024553866
2006-06-20,-6.612547285430779e-05,0.0005704032841489237,0.7432078387688287,1.5296731842635105
2006-06-21,0.0007756670482510441,-0.0028771841415302646,0.7437845442361624,1.5252783582296743
2006-06-22,0.0006913410877133592,0.01090470651955222,0.7442989308398082,1.5420020890535013
2006-06-23,-0.003289579810271906,0.0002610822970012805,0.7418545228460157,1.542404731059955
2006-06-26,-0.0027102781277352833,0.00020654448757717603,0.7398466129849838,1.5427233391570088
2006-06-27,0.0015619316286723836,0.0002174362197422397,0.7410031057563722,1.5430588195594568
2006-06-28,-0.0030796226373791587,-0.00020649957756901927,0.7387246060778995,1.5427402114624045
2006-06-29,-0.0011591764938318867,0.011491562303767466,0.7378687899958907,1.5605709620907953
2006-06-30,-0.0006649192578945416,0.012731019005535416,0.7373783299038734,1.5805656268384982
2006-07-03,0.0017087757898256813,0.007833186739954812,0.7386394212963188,1.5929951102257056
2006-07-04,0.0011268030367804585,0.0009261783340939189,0.7394721915352253,1.5944711912347234
2006-07-05,-0.0008662088569053294,-0.008897318560725509,0.7388319315129666,1.580347597338665
2006-07-06,-0.0031074165502884762,0.004268352613882698,0.7365396363436156,1.5871074946862478
2006-07-07,-0.0014169728435300842,-0.0031863794801658685,0.7354967187481871,1.5820584163441198
2006-07-10,-0.0008201197583207239,-0.004409810907070266,0.7348937706355869,1.5750971979933097
2006-07-11,0.000756803332539403,-0.007461105126013834,0.735450151199043,1.5633889647096078
2006-07-12,-0.0013023703510246806,0.004400097616347409,0.7344929461804812,1.5702831852652013
2006-07-13,-0.0003508546703476351,-0.01998169681763784,0.7342352911023632,1.5392176672366922
2006-07-14,0.0018256558805775063,-0.010968654976089454,0.7355769764344948,1.5224267748088616
2006-07-17,0.002037962677972489,-0.006521810588839827,0.7370775834303985,1.512530102936625
2006-07-18,0.0005508064385417661,-0.005370865218464971,0.7374836823397367,1.504428283979247
2006-07-19,0.0017967962311232414,0.02375456908672291,0.7388099814284544,1.540593169648492
2006-07-20,-0.004913182176880651,0.002479372718074302,0.7351889760093021,1.544417613474649
2006-07-21,-0.0005205240613471624,-0.010152149593196214,0.7348063920383716,1.528817774760782
2006-07-24,0.0008645399861478498,0.011920916787531155,0.7354419362334652,1.5471517459928479
2006-07-25,0.00018029348244895935,0.0027068011329696162,0.7355745435750483,1.5513452510234569
2006-07-26,0.0013387984565887104,0.004003394791983084,0.7365599891480074,1.5575683469653647
2006-07-27,-0.0022069830282934657,0.008194171873428857,0.7349362062423848,1.570383763862421
2006-07-28,0.0028146038583361293,0.000800790155704334,0.737007674337639,1.5716418153716032
2006-07-31,-0.0011157880702634508,-0.0014846802920498448,0.7361857885773532,1.569310161051069
2006-08-01,0.00013894613939573072,-0.001165694177158727,0.7362880858572955,1.5674818911429964
2006-08-02,0.0002973282086466591,0.0052618290404282675,0.7365070376235665,1.5757514503015995
2006-08-03,-0.0010117229258054536,-0.013902904961078377,0.735762273379643,1.5539955134410441
2006-08-04,0.0021329845429959495,0.010180807639089906,0.7373333178472259,1.5698972517553529
2006-08-07,-0.0019075717644125513,-0.007851927576021822,0.7359281422918462,1.5576188000727644
2006-08-08,-0.000659845941483867,0.0014741837702452187,0.7354427032690288,1.5599167097825055
2006-08-09,0.0014477003060430942,0.0031671588351791513,0.7365081749513811,1.564865045718624
2006-08-10,-0.0002678319091962303,-0.007272482731575991,0.7363109409747005,1.5535258736393736
2006-08-11,-0.0007529822898403092,-0.000810132095832472,0.7357567205615948,1.5522678221301915
2006-08-14,0.0011767727773814736,0.005377818593526484,0.7366230486768245,1.5606381236948021
2006-08-15,0.0006544829994983817,0.005968803720037386,0.7371053137391497,1.5699811218559652
2006-08-16,0.00038729321841595484,0.009400566096688934,0.7373908449169946,1.5848094211677157
2006-08-17,-0.000530072029704337,0.004077156490453149,0.7370000782315388,1.5912841274114586
2006-08-18,0.003320079103238448,0.002779048838805309,0.7394510432378105,1.5957125342472982
2006-08-21,-0.0009201448124460675,-0.0009780672075958563,0.7387709541345316,1.5941525831376704
2006-08-22,-0.0017551318683995578,-0.0011160392431133204,0.7374754509115435,1.5923744387194165
2006-08-23,0.0010285028189090432,-0.004106069900885245,0.7382343366828629,1.5858494431770647
2006-08-24,0.0007901446779247122,0.0006027456033841361,0.7388178791261718,1.5868055950858007
2006-08-25,0.0014985072890917393,0.003345302304545328,0.7399258330345294,1.5921228284175826
2006-08-29,0.0011452682780207532,0.004226400789576701,0.7407737320624436,1.5988660172685576
2006-08-30,-0.0030950765362344843,0.0052005993561810016,0.7384845251284665,1.6072027380311664
2006-08-31,-0.005230114636934967,0.002053955078038072,0.7346322491083325,1.6105072527570448
2006-09-01,-0.0007046494301845775,0.010454205656717619,0.734114773253548,1.6274321407753087
2006-09-04,-0.0006202986640035684,0.005929571738658268,0.7336595440441054,1.637110783147713
2006-09-05,0.0026137155743044625,0.00012296579300219435,0.7355796296062894,1.63731210415094
2006-09-06,-0.0008827874036560431,-0.006176149215578519,0.7349305557141677,1.6272309835808711
2006-09-07,-0.0017703828106931667,-0.012948334794161909,0.7336305983419046,1.6062968754210396
2006-09-08,-0.0015116370427607265,0.003148742721123199,0.7325224529215949,1.6113626622597734
2006-09-11,-0.0028472293562848156,-0.008698727873541756,0.7304397598489102,1.5974066447561495
2006-09-12,-0.00902248092240102,0.008615466055690746,0.7238790226203802,1.6112285028605517
2006-09-13,-0.0009193809897592607,0.006609745062895911,0.7232138078478622,1.6219135864403014
2006-09-14,-0.0008367785708186511,0.005970168188850877,0.7226088911572937,1.6316256458059157
2006-09-15,-0.002704046866517777,0.005996113056093932,0.7206575622807972,1.6414384475775419
2006-09-18,-0.0010719100077251544,0.0014194865725762895,0.7198854960943063,1.6437701018980762
2006-09-19,-0.002812918451384208,-0.006223705390855372,0.7178633622815613,1.6335715304253933
2006-09-20,-0.001834635882054112,0.005366111309269783,0.7165475517843563,1.6423610186842748
2006-09-21,-0.0004255573416115505,0.006302207455146203,0.7162426845869186,1.6527442026635806
2006-09-22,0.00017244669607834474,-0.007027578955467462,0.7163662089218416,1.641170128779098
2006-09-25,-0.0033217548740778736,-0.0028864384664721854,0.7139905638155025,1.6364398223428154
2006-09-26,0.0023030550257741914,0.009091634358680878,0.7156368183515918,1.651385572557177
2006-09-27,-0.0046057147161694305,0.0067723525785936545,0.712348377948088,1.6626072937338146
2006-09-28,-0.0019203008898627959,0.006676786053226635,0.7109817672958022,1.6737453086186267
2006-09-29,-0.006875896216883386,0.0018622893367190585,0.7061098988769089,1.6768652108378848
2006-10-02,0.003035741804494165,0.002707258210287833,0.7082567231689095,1.6814110685763384
2006-10-03,-0.0005881427241316788,-0.006003680032376835,0.7078402896035503,1.6713466565028776
2006-10-04,9.990268606884227e-05,0.004236319969070479,0.7079110082822236,1.6784420342529103
2006-10-05,0.0035691362720130402,0.01215814639412649,0.7104421534532961,1.6989733365974975
2006-10-06,0.0005179511099760409,0.0047475338812006385,0.7108102230680552,1.707058447058268
2006-10-09,0.0012443238632574803,-0.002410339103287029,0.7116952517078002,1.70294881212827
2006-10-10,0.0004386118048146136,0.009040714640477177,0.7120074781147182,1.718414491442916
2006-10-11,-0.002629181303371207,0.00025372439814397296,0.7101379401195164,1.7188505504425835
2006-10-12,-0.0020957800327942866,0.009730896634819075,0.7086512056824391,1.7356581513670222
2006-10-13,-0.0008199519542694616,0.005041709069580236,0.708070383896965,1.7444309311292978
2006-10-16,0.0004570143230117618,-0.0020598351923677427,0.7083940561599028,1.740841389108371
2006-10-17,0.0006320860499633653,-0.01539022186664063,0.7088419637038207,1.71425456721431
2006-10-18,-0.0007935502341650017,0.01189602472537743,0.708279685125193,1.7347691610622897
2006-10-19,-0.005304649479142356,-0.00019340489374641834,0.7045324573144622,1.7344336806598415
2006-10-20,-0.0022227607338654587,0.0015944728331565017,0.7029681893733318,1.7372013939800415
2006-10-23,-0.00046512516547477564,0.000453737176311364,0.702641297206706,1.737989805687555
2006-10-24,-0.0005385615925264957,0.003891523823996934,0.7022629834724752,1.7447664115317454
2006-10-25,0.0015529494917340854,0.0022855708081763737,0.70335440966125,1.7487587593679177
2006-10-26,-0.0005783170136245266,0.003791182176039243,0.7029477654355056,1.7554012058128867
2006-10-27,0.0010262745224801858,-0.010537908819850728,0.7036695531306163,1.7370000729768142
2006-10-30,0.0014202581542743964,-0.004519986657392394,0.7046696555850861,1.7291665728178809
2006-10-31,-0.004981386921717351,0.006150708584321762,0.7011681517918107,1.739834947901024
2006-11-01,0.001083271483994846,0.003532077939317091,0.7019281188071134,1.7459910460477157
2006-11-02,-0.0050858284835707725,-0.001471052422472141,0.6983672953310429,1.7434244899219502
2006-11-03,0.0008201016469350978,-0.0008662926433711249,0.6989402624136204,1.7419148281109305
2006-11-06,-0.00019957828074059207,0.010613201273796946,0.6988007830366976,1.7605005734536232
2006-11-07,0.0009800370805623693,0.006126742375348826,0.6994859694151867,1.7713198164325943
2006-11-08,-0.00015309096034806652,0.00022719357364486825,0.6993788926328318,1.7717222946302564
2006-11-09,-0.0011995150208889216,0.0027041396196896272,0.6985404800905732,1.7765197626705493
2006-11-10,0.000875084900604694,0.005902647818791351,0.6991520298571193,1.787036942240283
2006-11-13,-0.0005079893107950539,0.005541443427736326,0.6987969582932463,1.7969671949145225
2006-11-14,0.0008747558377723318,0.0005039793513414992,0.699408502448845,1.7978730575246489
2006-11-15,0.0028632037030371397,0.007343610027737313,0.7014139210539562,1.8111245334213737
2006-11-16,-0.0029108578171375037,0.0030332016662963923,0.6993751735504024,1.8166263792597757
2006-11-17,-0.001617164877304631,-0.011048810230406048,0.6982450826016596,1.7966652953140783
2006-11-20,-0.001972705291177903,0.0013901630135997323,0.6968690085731879,1.7991646898358347
2006-11-21,0.001405244915320308,0.002448989167064042,0.6978489685847797,1.803576224366279
2006-11-22,0.0011754275457091902,-0.006016837150568222,0.6986697217586453,1.7927569813873088
2006-11-23,-0.0007631505797699662,-0.002107442821898786,0.6981367349558788,1.7889828268597598
2006-11-24,-0.0005392798215494652,-0.007057059371684105,0.6977603454008027,1.7764023117679342
2006-11-27,0.0028085736674111957,-0.009163553325278073,0.6997228113080861,1.7601985100443864
2006-11-28,0.0002769283384726137,0.0003430632473566675,0.6999166112167179,1.7608024730540668
2006-11-29,-0.001793665623097453,0.01596187755630929,0.6986623200778713,1.789133694755587
2006-11-30,0.004198187420584574,0.0007310948076337809,0.7016016009502376,1.790442199372168
2006-12-01,0.00025669181403737817,0.002339423050610634,0.7017817194544008,1.7946357044027783
2006-12-04,-0.0006123915371803199,0.004941550517454374,0.7013520858338826,1.8035259350676702
2006-12-05,0.0010616296562471113,0.00761601186609262,0.7020970573796489,1.8173140485612775
2006-12-06,-0.002801831730472946,0.0024062171875343097,0.700132652817019,1.8216921660985088
2006-12-07,-0.0034524856099195592,0.0028595389344818756,0.6977196227807454,1.82690882083307
2006-12-08,2.8415242640154447e-05,0.004827073418992356,0.6977394489348027,1.8357487621993505
2006-12-11,-0.0022556552183603095,0.004066975337490675,0.6961673630142241,1.8432299096504423
2006-12-12,-0.0009859164678993173,-0.005173179918127602,0.6954813383836744,1.833719171288054
2006-12-13,0.0021172350959258934,0.004435816085653244,0.6969553957942589,1.84187127954404
2006-12-14,0.0008537599458152335,0.006227968944125806,0.697550682475011,1.8533781918245145
2006-12-15,-0.003439773737069816,0.0033341096682768523,0.6951553879545189,1.8595678707732102
2006-12-18,-0.0025622610986694985,0.00015335242209069122,0.6933764983095284,1.8598530618770497
2006-12-19,0.002498394469864303,-0.0029264701033007157,0.6951109921411152,1.8544182138338636
2006-12-20,-0.0037336337810091515,-0.0006515011951133687,0.6925205411661847,1.8532104516232928
2006-12-21,0.002383057102395658,0.001655093755468684,0.6941728251219357,1.856280228352729
2006-12-22,0.00011013959212112165,0.0015439900379163873,0.6942492852443223,1.8591485202701488
2006-12-27,-0.0011454639345351305,0.006457187869306935,0.6934545030105923,1.871192233956301
2006-12-28,-0.0027676139891942416,0.0031058185398524785,0.6915379420010758,1.8770128517005435
2006-12-29,-0.0010366602421132774,-0.0010908713980715135,0.6908214235679446,1.874966388483847
2007-01-02,0.0012292566533520111,0.011987463310134672,0.6916711425535029,1.897577734847133
2007-01-03,-0.0016557401575084019,0.0002917366394949994,0.69052686244367,1.8981314085582048
2007-01-04,-0.0011906080069990553,-0.006205198360543562,0.6897052048653041,1.8863895944725
2007-01-05,0.001982302023854773,-0.0053406561154520915,0.6910737648902766,1.8763418908956464
2007-01-08,5.845671675201475e-05,-0.002685526634154556,0.691114163974393,1.8713096848589141
2007-01-09,0.001423424170217266,-0.0004931298152062169,0.6920986130578646,1.8703871137521815
2007-01-10,9.532723297985414e-05,-0.005801288952422823,0.6921645920483439,1.8595678707732102
2007-01-11,-0.003130364266553429,0.0033679816042617716,0.6900012525297641,1.8658414198225184
2007-01-12,0.0012003779927270105,-0.0010524077772604556,0.6908300121611525,1.8638788267064332
2007-01-15,-0.00020167534469807164,0.00845072431847882,0.6906907028284232,1.8796966949201335
2007-01-16,0.0004725563563470743,-0.007299465921017045,0.6910171702413648,1.866025868520349
2007-01-17,-3.972405549896907e-05,-0.002691414971787154,0.6909897207821489,1.8610103709802255
2007-01-18,0.0006377600763121873,0.0025476130578852008,0.6914305469949438,1.865757549721906
2007-01-19,-0.00032738364698876876,0.004019619375910111,0.6912042209905669,1.8732722779749986
2007-01-22,-0.004017677266159322,-9.855566980121466e-05,0.6884327566582589,1.8730876654683768
2007-01-23,0.0010463581453428483,-0.005783840544230756,0.6891534808827826,1.8622852947948025
2007-01-24,-0.0006521065427131749,0.008127392517053522,0.6887042258859469,1.8774824915022146
2007-01-25,-0.0013323821206494202,-0.0019406456558552776,0.6877872197259259,1.873842496373887
2007-01-26,3.255283054287193e-05,-0.004710704847941116,0.6878096095111627,1.8650361358096073
2007-01-29,-0.0008294937623123083,-0.0012508867717251348,0.6872393122921076,1.8627046452978637
2007-01-30,-0.001252041843546898,0.0023655487995046798,0.6863793983530383,1.8671161798283065
2007-01-31,-0.001992988881704497,-0.0027618911262425883,0.6850128140894511,1.86196652288896
2007-02-01,-0.0008937925149149013,0.010859463613586584,0.6844008282984979,1.8822966680391118
2007-02-02,-0.0019529733736110351,0.010795663040036985,0.6830655160430122,1.9027273917864782
2007-02-05,0.0016614739996892807,0.005556124312322552,0.6842013549601265,1.9133286052656162
2007-02-06,-0.00044766830302873527,0.006370790394758075,0.6838951282497316,1.9255569314583867
2007-02-07,0.0012291350350332982,0.001966774546012573,0.684736244529001,1.9293477944825437
2007-02-08,0.0009461075373902993,-0.00523884307436262,0.6853843852081182,1.9192666739124749
2007-02-09,0.002030162340064796,0.0070455741227934965,0.6867772401578738,1.9328367579062504
2007-02-12,0.0012107491493799976,-0.005918825262286376,0.6876092586984397,1.9214304242229954
2007-02-13,0.0005710409841105241,0.0018229342066522491,0.6880020238980504,1.9249362599521003
2007-02-14,-0.0008569911445403314,0.005700116174400804,0.6874126648299655,1.9359399516289029
2007-02-15,0.0007744077793454518,0.0028811189325335107,0.6879452087216825,1.9415256675679138
2007-02-16,0.0006436165323379843,-0.0015735785314365813,0.688388124149915,1.938472926952663
2007-02-19,0.001310977407441837,0.006872871184635088,0.6892911772399893,1.951841689943212
2007-02-20,0.00077635465738159,-0.004237117715780059,0.6898265194365466,1.9435890030900078
2007-02-21,0.0018465528336235005,-0.0037959906959379452,0.6911014973454757,1.93622514273274
2007-02-22,0.0008444221272369936,0.003580206521082374,0.6916853252058912,1.943169652586946
2007-02-23,-0.000987917797785029,0.0013456989584614831,0.6910023343875951,1.9457863342025283
2007-02-26,0.0004945437629335709,0.0010684282190513983,0.6913441497966117,1.947866378221227
2007-02-27,-0.0013303210305378678,-0.03786652601317364,0.690425051618164,1.8754864813929188
2007-02-28,-0.0020149063776066277,-0.008803585147401094,0.6890353103478517,1.8590479416729329
2007-03-01,-0.0013859822521472389,-0.008972815334646,0.6880809811310534,1.8424416617517205
2007-03-02,-0.0004989930734430382,0.005646789289585286,0.6877377191373023,1.8528749712208417
2007-03-05,-0.0019362610534222665,-0.017184427508002642,0.686407367746196,1.8213063963974514
2007-03-06,-0.0004353566978110234,0.0141834315650744,0.6861086007410482,1.847322836083831
2007-03-07,0.0005466317663117008,0.01545249803322335,0.6864837520228153,1.8760902805938087
2007-03-08,-0.0008326105480849398,0.015903955996970254,0.6859124162928759,1.90616606591158
2007-03-09,-0.0015272652833695332,0.004109866496255776,0.6848656456237604,1.9140162745671192
2007-03-12,0.0004140321770986651,0.0006483438328128699,0.6851492607468801,1.9152576175796985
2007-03-13,-0.0026910036891762013,-0.013854474384016768,0.6833080000893091,1.8889056974908682
2007-03-14,0.0033086345665557727,-0.028536120585449964,0.6855725607940646,1.8357654706959596
2007-03-15,6.47863234861542e-05,0.024852873249118446,0.6856169779585584,1.8819611876366613
2007-03-16,0.002883391714212602,0.004420022126243595,0.6875967331050888,1.890297908399272
2007-03-19,-0.003134093608226216,0.014929002257662916,0.6854451140278228,1.9187298725068003
2007-03-20,-0.0011973037788828578,0.0017992501469343836,0.6846249191117983,1.9221852551285044
2007-03-21,0.0004964587615766316,0.013297733278191615,0.6849648915354465,1.9479166675198356
2007-03-22,8.866231591991706e-05,0.008181532967189042,0.6850256248013901,1.9639189844313676
2007-03-23,-0.003555769550619571,-0.0005211092318972987,0.6825941569748118,1.9628958347274137
2007-03-26,0.0013231799284159243,-0.003973049665830786,0.6834979496708886,1.955112623867086
2007-03-27,-0.0015636776466357877,-0.0011846649538984622,0.6824300143763405,1.9527978418519505
2007-03-28,0.001087193520440771,-0.00508943029498532,0.6831723513249656,1.9428844614831053
2007-03-29,-0.0009033910311881299,0.007140306536733476,0.6825554582398177,1.9568068981847286
2007-03-30,-0.0017671361295983038,0.002020947754843405,0.6813503549335088,1.9607655014101073
2007-04-02,-0.0007097087158430845,0.006021595506753741,0.6808669662009578,1.9726080579018215
2007-04-03,-0.0015050711194169552,0.01062369751351433,0.6798429837704522,1.9936761616520842
2007-04-04,-7.105624362636551e-06,0.0003112716721531683,0.6798381530787465,1.9942968331583708
2007-04-05,-0.0036311294215756102,0.0022432340844442678,0.6773740492066808,1.9987755292928189
2007-04-10,0.0010746040218232934,0.006290999854529744,0.6781023493312733,2.0113894613778593
2007-04-11,0.0005224391640819919,-0.0029899970128770548,0.6784567091134742,2.005384394935784
2007-04-12,-0.004505806135732272,-0.00508173918538013,0.6754065914904347,1.9952194042651066
2007-04-13,-0.0037369846538159997,0.0025608853243213048,0.6728873175987006,2.000335480402447
2007-04-16,-0.0023507798902770395,0.007576980758773999,0.6713073654115713,2.015549549415255
2007-04-17,0.0028894709165568793,-0.00745963832964236,0.6732498936078417,2.0005702183988894
2007-04-18,-0.0007529390332129545,-0.004369534682490794,0.6727431682744186,1.9918477279352205
2007-04-19,-0.0009215988670594355,-0.006386850129224797,0.6721234545403151,1.979166634246176
2007-04-20,0.0012324362363184825,0.008574004072739783,0.6729523144945784,1.996208973167056
2007-04-23,-0.00016313674465629992,0.0019895322719456487,0.6728425401990369,2.0001844486978286
2007-04-24,0.000610015213758601,-0.009047575169626398,0.6732531095990808,1.982169249371607
2007-04-25,-3.843954833963111e-05,0.00736055213905118,0.6732272305510222,1.9968129361767357
2007-04-26,0.0001961986191945642,0.0030782192894864835,0.6733593297624781,2.0029690343234283
2007-04-27,-0.003655370409756945,-0.0031370402009525122,0.6709024451406896,1.9966954852741212
2007-04-30,0.0003543702530076449,0.002173499691336289,0.6711402351402803,2.001040022009348
2007-05-01,0.0038540657059188913,-0.0015100166798411863,0.6737318446130515,1.9980206983873088
2007-05-02,0.0005479186226019124,0.009017717356558208,0.6741010959879694,2.0161197678141454
2007-05-03,-0.001095394351614618,0.0022272487819599007,0.6733630937305525,2.0206151724451997
2007-05-04,-0.003015476641484677,0.013579866376286276,0.6713356414539795,2.048242016348608
2007-05-08,0.0016974337060335991,-0.008462625661678658,0.6724761569006804,2.0309816479278946
2007-05-09,0.0015966563225261613,-0.0042044987450591265,0.6735507278403017,2.0224603146586673
2007-05-10,-0.0017080336267819136,0.0004395432190005266,0.6724012624899948,2.0233494687721887
2007-05-11,0.002644311779637626,-0.002373868007124358,0.6741816539867121,2.018552000731897
2007-05-14,-0.004064260491147528,0.00031571116026185564,0.6714471647289563,2.019189380734793
2007-05-15,-0.003087293849818204,0.004525580781310268,0.6693774066464813,2.0283480940069167
2007-05-16,-0.0001947641989936268,0.0008596404836449523,0.6692470485870049,2.030092493814373
2007-05-17,0.0011606684063376835,0.003381976590155489,0.670024273455256,2.0369698420645723
2007-05-18,0.0004826383182156323,0.004863167730169593,0.6703477308939583,2.046900094738812
2007-05-21,-0.00012602591696548237,-0.00010652259635612893,0.6702632550296727,2.0466820652389788
2007-05-22,0.0018922573402535728,-0.002067471592251735,0.6715327663361439,2.042454979406366
2007-05-23,-0.00218325986740894,0.00359891279558866,0.6700682351056212,2.0498188397636334
2007-05-24,0.0004899210153416976,-0.007367393982537607,0.6703965960446068,2.0347725109520503
2007-05-25,0.003403332857681837,-0.006027808098632903,0.6726820657086177,2.022544184759277
2007-05-29,-0.0011711350243211217,0.004063900374536189,0.671894725312181,2.030780326924668
2007-05-30,0.0024008928753155405,-0.0069209016153699565,0.67350981061873,2.016774020122435
2007-05-31,-0.004010513218317321,0.00728422232545789,0.6708140998256601,2.031518285524782
2007-06-01,-0.0051339693099419475,0.007043084152138945,0.6673789862534277,2.045876945034862
2007-06-04,0.0019479068302448396,-0.005038606030630888,0.6686802452933468,2.035594503461566
2007-06-05,0.00018799579274443037,-0.005718661759997801,0.6688059661832821,2.023986848775081
2007-06-06,0.0006209191575594392,-0.02380124579952181,0.6692213695729906,1.9763822124293684
2007-06-07,-0.0016162185638892508,-0.013337169390895909,0.6681406351589011,1.950197868732973
2007-06-08,0.004829980703620436,-0.0036794854407471433,0.6713755475273224,1.9430353293789322
2007-06-11,-0.001873486154562388,0.004470498678712076,0.6701189122464789,1.9517411113459926
2007-06-12,-0.001048673241420716,-0.004651772182054259,0.6694165448159681,1.9426831404798803
2007-06-13,0.0042785912947353785,0.001397821996771853,0.6722868406498365,1.945400564501471
2007-06-14,0.000867099634640472,0.018072085818198858,0.6728700331301909,1.980877617060422
2007-06-15,-0.003116713485456905,0.01599437809611537,0.6707761547284773,2.0128152530882657
2007-06-18,-0.0005068370896517701,-0.004351231875753925,0.6704362666356288,2.0040760541279927
2007-06-19,0.003369465818701181,-0.010965937659303648,0.6726990888298192,1.9822195386702195
2007-06-20,-0.0011892294278233765,-0.0016684691924666595,0.6718995707767389,1.97891502394434
2007-06-21,0.002090702422282934,-0.015409527674744794,0.6733057823096048,1.9486546261199504
2007-06-22,-0.002403029706343854,-0.002413149462670461,0.6716897509765662,1.9439579004856686
2007-06-25,-0.0025574875086401233,-0.0010100118485372178,0.6699741076321051,1.9419954711783736
2007-06-26,-0.0028692202478981304,-0.003487059818445104,0.6680545594770141,1.9352354100220002
2007-06-27,0.001280094050095696,-0.01266528498308972,0.6689102797280894,1.9108796638512566
2007-06-28,0.0006805811429280177,0.011112614536392229,0.6693656824024411,1.9322329587053588
2007-06-29,-0.0036012968833116312,0.0007289007155506511,0.6669594332659885,1.9336418781103715
2007-07-02,0.005262507946967065,0.0005810618961348268,0.6704785641895202,1.9347657702203302
2007-07-03,0.0002837950429304707,0.018323743177591112,0.6706688696850293,1.9705447223797283
2007-07-04,0.003024543472787798,0.007344729915489623,0.6727004075258095,1.9850711220910326
2007-07-05,-0.0003480121148035013,-0.0026568861612208394,0.6724663403658233,1.9798040142490725
2007-07-06,0.001403735427061245,0.005449927183326153,0.6734109680398531,1.9906232572280425
2007-07-09,0.003710340223862762,-0.00064906884363225,0.675914192877919,1.989331624916857
2007-07-10,-0.00022912115759778627,-0.010808991771201093,0.6757593443758215,1.9679447492607507
2007-07-11,0.0018536762910273156,-0.005581456892802095,0.6770131451623099,1.9569913468825584
2007-07-12,0.00046298475722362354,0.012114768032597922,0.6773266645006971,1.98084403625842
2007-07-13,-0.0005426034717537554,0.009599000781374656,0.6769592443917556,1.9999497107013886
2007-07-16,-0.0016729950580016103,-0.0004698438766990165,0.6758276417681561,1.999010267289259
2007-07-17,-0.0031141836598437005,-0.009806835880208808,0.6737262641055686,1.9795021146486247
2007-07-18,0.0065808223501795955,-0.006375675101587319,0.6781745576234071,1.9669215995568
2007-07-19,-0.0014356719519752032,0.01306456670777223,0.6772016200092204,1.9927871713473533
2007-07-20,0.0021267240566449153,-0.005130882932091296,0.678643373548245,1.982588599874669
2007-07-23,-0.0056878672224580104,-0.0031523477386894427,0.6747942970431977,1.9763486316273664
2007-07-24,-0.0018252315688973412,-0.01696509893565512,0.6735637645347367,1.9431024909829397
2007-07-25,0.003751930200723283,-0.014617680925164578,0.676095675571612,1.9149054286806415
2007-07-26,-0.004551189275028673,-0.034080083321606836,0.6730256276678435,1.850744801712325
2007-07-27,0.005037223160257582,-0.0044418832094912375,0.6764243608492173,1.8425422403489398
2007-07-30,0.0014747361644532192,0.007907132586103316,0.6774226442380606,1.8571692186574602
2007-07-31,-0.006504356580437823,0.023723494668054457,0.6730307445290309,1.9017545313811373
2007-08-01,0.0027971899642621322,-0.013193565092960213,0.6749159748176765,1.8768284030027134
2007-08-02,0.002338833618078083,0.003933624311136086,0.6764963383722621,1.8842256803531896
2007-08-03,-0.0012514763755247752,-0.004210775372850861,0.6756502487276894,1.8763083100936448
2007-08-06,0.004482696041189266,-0.01685894110576669,0.6786857820262984,1.8449408924646877
2007-08-07,0.004188315583815336,0.02126556619514197,0.6815342933317742,1.8845947415576412
2007-08-08,-0.0011790894721324322,0.019374591529503604,0.680731176987667,1.9214640050249991
2007-08-09,-0.0015492943693263543,-0.021432798466944902,0.6796773405703437,1.8807198446240854
2007-08-10,0.00014984788611738882,-0.02919449522998896,0.6797791964143209,1.8266069212326232
2007-08-13,0.0010305357873160404,0.02524460459415323,0.6804800942918422,1.873305858777
2007-08-14,-0.0009293990425410553,-0.015275670347326908,0.6798479505461379,1.8449073116626848
2007-08-15,-0.0023494035136745342,-0.009978081575038544,0.678252588191148,1.8265902127360192
2007-08-16,-0.004335653657435775,-0.039982918500721,0.6753182855330749,1.7549985638064316
2007-08-17,-3.946412213112391e-05,0.021146251335030897,0.6752916352156464,1.7925053710854715
2007-08-20,0.002742863697465233,0.001645592645779459,0.6771464106623651,1.7954575331035045
2007-08-21,0.001279413315118415,-0.006044126442457554,0.6780133152428299,1.7846382901245315
2007-08-22,0.0052645791184538085,0.025189303089680593,0.6815921823328412,1.83016304626034
2007-08-23,-0.002190923349241344,0.0032027259102171968,0.6801005007825676,1.8360339533031926
2007-08-24,-0.005344174907965982,0.0021719914791358264,0.6764756193787872,1.8400261373305737
2007-08-28,0.001352917748268006,-0.016146817279370396,0.6773914546357078,1.8105541512136953
2007-08-29,0.004452165675001508,0.009047552465252906,0.6804140371448796,1.8270095632390793
2007-08-30,0.0007660901161046604,0.01888063267582396,0.6809354953300726,1.8618323634897402
2007-08-31,-0.004295463626474955,0.018716508773980678,0.6780168346659514,1.8970075164482463
2007-09-03,0.0013817676575408843,0.004341021661165456,0.6789543439602077,1.905260367110242
2007-09-04,0.0038450579323425155,0.013328115435307097,0.6815699881753436,1.9308238754915585
2007-09-05,-0.0017747934779418068,-0.018421020143597033,0.6803614150066973,1.895581724737839
2007-09-06,0.00041589439819130327,0.0026599763270134247,0.6806444323565299,1.900630639271174
2007-09-07,0.00021393488503721803,-0.019886085211307858,0.6807900615219413,1.8632078659015356
2007-09-10,-0.002067389483047748,-0.012036861337133331,0.6793840571886568,1.8409151276353042
2007-09-11,-0.0016514587762668468,0.021409654807001743,0.6782630083627058,1.8807534254260903
2007-09-12,0.002482727697236571,0.0006598066060501395,0.6799490428357705,1.8819947684386635
2007-09-13,0.00088434841848898,-0.004224692976581679,0.6805506206594475,1.874060689682512
2007-09-14,6.134793734749423e-05,-0.01974179983905522,0.6805923723169615,1.837426164211594
2007-09-17,0.00322509430180789,-0.019236254870588,0.6827908902069266,1.8024187514543148
2007-09-18,-0.004439870122050982,0.0053369102168154825,0.6797661071247258,1.812063813024716
2007-09-19,0.002179093375033727,0.030404683638248997,0.6812489960352492,1.868005170133039
2007-09-20,-0.0005725250027520446,-0.011061011111120678,0.6808590755821743,1.8474569954830553
2007-09-21,0.004638978067683361,0.0073185201813821266,0.6840249033263054,1.861027243285619
2007-09-24,-0.00031821269647049446,-0.0048700501146417,0.6838072725456401,1.851985980916111
2007-09-25,-0.0027166757633578864,-0.017137498927297656,0.6819521109787153,1.8205179846899375
2007-09-26,-0.0027269765845997747,0.003320652413174585,0.6800949768717361,1.8265733404306213
2007-09-27,-0.000429626509263151,0.013699112180757922,0.6798028527974719,1.851767951416277
2007-09-28,-0.00585418879497127,-0.0001902087108405226,0.6758347847960903,1.8514157625172225
2007-10-01,-0.006412026090099559,0.003987509960172275,0.6715151780387053,1.8588130398677012
2007-10-02,-0.00015201272582813716,0.013436410615334182,0.6714131069443059,1.8839573615547485
2007-10-03,0.003038431273652723,0.01140257413160306,0.673456251931929,1.9055622667106853
2007-10-04,0.0008060089194469967,0.000906246204818828,0.6739992824921828,1.9072899580215412
2007-10-05,0.0007942283855196757,0.0017486474923540385,0.674534804489393,1.9106280535494211
2007-10-08,0.00039893793593927165,-0.00543158359367979,0.6748039556957589,1.9002784503721206
2007-10-09,0.0031060912824786404,0.008709620181321043,0.6769032169406826,1.9169014387899368
2007-10-10,-0.0013265914413572806,0.007349655954213219,0.6760058382854875,1.9310419049913912
2007-10-11,0.0036556902013873817,0.009578701398492484,0.6784816288089477,1.949627650334084
2007-10-12,-0.002716316965989762,-0.004017435792796675,0.6766411584315977,1.9418108586717555
2007-10-15,0.0031904672286407762,-0.011852609008705883,0.6788034073311083,1.9189311935100275
2007-10-16,0.0015081824299888254,-0.006463222556845949,0.6798279390996667,1.9065687079180325
2007-10-17,-0.0032359966985938834,0.015001879590997191,0.6776315737652486,1.935386441726619
2007-10-18,0.002300296359549663,-0.011015588151952471,0.6791921213803771,1.9141840147683458
2007-10-19,0.002645132999673566,-0.009889588071256838,0.6809910530316098,1.895346822932607
2007-10-22,-0.0007789775422211895,-0.010802110002023468,0.680460782855938,1.8749832607892434
2007-10-23,0.004339833098977166,0.016080500804205755,0.6834202863144886,1.9053776542040666
2007-10-24,7.328097987917086e-05,-0.007120891909616844,0.6834703698578022,1.8918578595088977
2007-10-25,-0.002248411631699084,0.017751685445887233,0.6819353734268697,1.9257413801562189
2007-10-26,-0.0024930534603209136,0.0025314918516858853,0.680237389546186,1.9306225544883326
2007-10-29,-0.00399844203809193,0.0037463791225160747,0.677522930192597,1.9378689639429802
2007-10-30,-0.001344940094862396,-0.006399858347723608,0.6766123149373412,1.92550647835099
2007-10-31,-0.0034954983124655266,0.01615067175502638,0.6742513465168081,1.9568571874833363
2007-11-01,0.00312090195844085,-0.012047264490281151,0.6763589058970919,1.933423848610535
2007-11-02,0.001309720026945192,-0.007279374681674611,0.6772453270566091,1.919400833311698
2007-11-05,0.001641812390699791,-0.011275703910749613,0.6783581500994721,1.8978797982563687
2007-11-06,0.0012946803835891978,0.001810210901957987,0.6792369758659369,1.9013184723814673
2007-11-07,0.003054577501182959,-0.017838099907123706,0.681314929870478,1.867703270532592
2007-11-08,0.0004128353010375578,-0.009248255752574153,0.6815962587919119,1.8505098999070944
2007-11-09,0.0036083260986015165,-0.015796738319673764,0.6840601229005076,1.8215075535918868
2007-11-12,0.004106988746642621,0.0032362965774002106,0.6868753271763404,1.827412041436743
2007-11-13,0.0015478842659945374,0.0023746043040624443,0.6879393539706974,1.8317565781719716
2007-11-14,-7.172821682815674e-05,0.013705776459975283,0.6878900110772111,1.8570350592582403
2007-11-15,-0.00012058291180234125,-0.015410547891187676,0.6878070682975173,1.8286365121439225
2007-11-16,0.0008316337509062474,-0.012497916512423046,0.6883793097843115,1.8059245871834204
2007-11-19,-0.008148083876421653,-0.034173210238456875,0.6827931266797536,1.745252923638811
2007-11-20,-0.001007330282426058,0.009127365640640761,0.6821056747903003,1.761255404359133
2007-11-21,0.0007031589063660357,-0.02771410515739703,0.682585472137732,1.7131139666077404
2007-11-22,-0.003995292870819351,0.00993782437276991,0.6798637838584455,1.730223467132627
2007-11-23,-0.006511332103805174,0.02075280858625561,0.6754513459902308,1.7665056398956964
2007-11-26,-0.002355505188351409,-0.007462809069734178,0.6738621892085678,1.7533716149015866
2007-11-27,-0.0014281728596803208,-0.015561177426313577,0.6729004844225764,1.72629828090046
2007-11-28,-0.003724850554618896,0.02873348082545668,0.6703986929722013,1.776620341267768
2007-11-29,-0.002986988374930425,0.006887447804006186,0.6683992075761754,1.7888989567591487
2007-11-30,0.002401316172351146,0.007854861818822556,0.6700061740480133,1.8030058421586002
2007-12-03,0.0008380618819304798,-0.017720823987088963,0.6705679160375373,1.7713365249291981
2007-12-04,-0.0034520691097069513,-0.027953330116305963,0.6682570601605483,1.722507417876305
2007-12-05,-0.0017870753017904823,0.023349947761234446,0.6670639009233335,1.7632011251698176
2007-12-06,-0.0020538553449495974,-0.0014947373895388694,0.6656952541473633,1.7605675712488384
2007-12-07,0.0012450308488324087,0.012977846145078686,0.666524581436599,1.7835648511219722
2007-12-10,0.002052344531812811,-0.0002446090829781866,0.6678939242175608,1.7831286283135128
2007-12-11,0.004094980232252873,0.0016543307037313326,0.6706345441970378,1.786080954140336
2007-12-12,0.007779661192721209,-0.0004603272404288816,0.6758722009157963,1.785258961630821
2007-12-13,-0.0029147100541258688,-0.029395215023971133,0.673905097577055,1.7335446903551104
2007-12-14,0.0032101440950055207,0.007605422624132885,0.6760719060696287,1.7467792939464364
2007-12-17,0.0016619412451231391,-0.02658512302066285,0.6771964320442111,1.7009528020189753
2007-12-18,-0.004891987582068648,0.004604565814561923,0.6738916854882241,1.7088030106745187
2007-12-19,-0.002521066025098053,0.004378279692625497,0.6721948998084071,1.7163010304310036
2007-12-20,0.0013888135112682903,0.016026228768497575,0.6731291017334369,1.7440284529316312
2007-12-21,-0.0006675372471031995,0.012843666416902266,0.6726799129277302,1.7665726376909126
2007-12-24,-0.004473013634649495,0.005218290438339324,0.6696777259227606,1.7758152210636464
2007-12-27,0.0031055437487856204,0.0020381804059823594,0.6717606720643217,1.7794383438865782
2007-12-28,7.571714807593204e-05,0.003951347258778881,0.6718115377922795,1.7864834323380008
2007-12-31,0.001472720892659614,0.0007039576918845825,0.6728016575860128,1.7877414838471848
2008-01-02,-0.005844099082634217,-0.0006663640929875925,0.6688812049510333,1.7865505939420074
2008-01-03,-0.0013703732472059747,-0.010362670512868988,0.6679652158090634,1.7681327526093313
2008-01-04,-0.001981404553669969,-0.026493708979137054,0.6666430168268838,1.721903454866622
2008-01-07,0.0008842844533284598,-0.01691727317859737,0.66723277960318,1.6930185594540323
2008-01-08,-0.00269592416279277,0.006763888262895534,0.6654363931792356,1.7045087632378986
2008-01-09,0.004821128525465502,-0.019637274225349444,0.6686522934615645,1.6713633649994826
2008-01-10,-0.002518065290725916,-0.016535028965009246,0.6669707013976718,1.6439545505959061
2008-01-11,-0.006585738154017955,0.0029749997677832596,0.6625926392112015,1.6488525972334163
2008-01-14,-0.0019224634888238277,0.020321503545185138,0.661320052696852,1.682702537078732
2008-01-15,-0.0018735980301436337,-0.026853605531366398,0.6600821647631421,1.6381172243550575
2008-01-16,0.0010638284826023667,-0.014325162350200316,0.6607847526211007,1.6148182086902683
2008-01-17,-0.004255505974425198,0.0037014188556572236,0.6579787538653094,1.6208064028269473
2008-01-18,-0.001439432039987566,0.0018094687382479435,0.6570323194927592,1.6237418563483716
2008-01-21,-6.341111417949613e-05,-0.04430339226621527,0.6569906576622537,1.5533748419347546
2008-01-22,0.002911097962994198,0.0373267241955908,0.6589060083616051,1.6124529735677302
2008-01-23,0.0034353575889695823,-0.012467082091454529,0.6611734786735233,1.5924751811254263
2008-01-24,0.00268410487248545,0.03748238352545741,0.6629505214468924,1.6532977125658614
2008-01-25,-0.0012616831211169663,-0.012023723135792252,0.6621146153990088,1.6335379496233908
2008-01-28,0.0008503197802609932,-0.010114127190503197,0.6626778639900539,1.617099409903405
2008-01-29,-0.002281917717134005,0.027107127917986418,0.6611674116508683,1.6615338547312524
2008-01-30,-0.0038001216497896787,0.00031287220983067243,0.6586596629486364,1.6620537838315328
2008-01-31,-0.0012545634152362145,-0.002698312989304341,0.6578338507576047,1.6575750876970836
2008-02-01,0.0018969029783486291,0.03037843112340255,0.6590828820193994,1.7087022682685076
2008-02-04,0.00017490971331120676,0.007384366337387149,0.6591981720997252,1.7213666534609477
2008-02-05,-0.00012918680016978156,-0.03035240604322631,0.6591130178977118,1.669903992487073
2008-02-06,-0.0008288844556674999,-0.005115853732791109,0.6585669157217173,1.661382823026635
2008-02-07,-0.0006863302010066965,-0.014266543588309588,0.6581150764312858,1.6378489055566154
2008-02-08,0.004154679586896991,0.004424743369281003,0.6608550215609492,1.6451120235078716
2008-02-11,-6.958654968098471e-05,-0.007378632142698294,0.6608090365401476,1.6330180205231113
2008-02-12,7.514827891977278e-05,0.03082828687807826,0.6608586970678664,1.6841452010945384
2008-02-13,0.0017596252657658038,-0.004402075990425303,0.6620225844308231,1.676747759935268
2008-02-14,0.0008419906507372923,0.009270586312029039,0.6625802359932462,1.692364470954531
2008-02-15,0.0002167527608857707,-0.019142911265575435,0.6627238676544233,1.6602758032220708
2008-02-18,-0.001465117833636143,0.018627356432695308,0.6617536100415728,1.6914921891464074
2008-02-19,-0.0020666125818703403,0.012280454714593603,0.6603874338696278,1.7123925526954435
2008-02-20,-0.004030799228708212,-0.00828207348029153,0.6577309022800759,1.698268958799385
2008-02-21,-0.0005093578016938724,0.005643619909227127,0.6573959672217184,1.7078804395677831
2008-02-22,0.002451242315192544,-0.012919878426600917,0.659009380660194,1.6859567625060017
2008-02-25,-0.0021875048197495684,0.022070805985800135,0.6575693700530368,1.7235808568788669
2008-02-26,0.002056239685621025,0.010513629304984562,0.6589228813827435,1.741797541017107
2008-02-27,0.004237817580610167,0.0035759921548752516,0.6617212015509952,1.7480373454556206
2008-02-28,0.0005551013043695366,-0.018429800304408772,0.6620886258225166,1.7161164179243842
2008-02-29,-0.0024468613655229845,-0.016050575620335295,0.66047056713338,1.6887916374302088
2008-03-03,0.00011970702375206253,-0.005378016716921508,0.6605496348316324,1.6797336665640936
2008-03-04,0.0017445322662936148,-0.0069545323254320834,0.6617029907238594,1.6680924310756093
2008-03-05,-0.0017753824582827102,0.01987258266167302,0.6605292570629102,1.7015733097164736
2008-03-06,-0.0007069901599112711,-0.015227567197769076,0.6600624344167864,1.6758587696305387
2008-03-07,0.0031450684261090356,-0.013817610995053187,0.6621416438526382,1.6528616535661949
2008-03-10,0.00452797436296105,-0.018746323117005304,0.665146602293936,1.6221651967421384
2008-03-11,0.0059742066402404094,0.010502280743795112,0.6691322191371367,1.639291405763629
2008-03-12,-0.0027941064270891975,0.021921573283869122,0.6672652020399634,1.675624031634099
2008-03-13,-0.0005481707380815258,-0.01898913471233321,0.6668995270169955,1.6441055823005242
2008-03-14,-0.0035902443353652944,-0.009780921598283143,0.66450948774761,1.6281031015802048
2008-03-17,0.012746395374569501,-0.034100105670024305,0.6730338001243225,1.5735205383870756
2008-03-18,0.0011180880402484545,0.02326492834799687,0.673786732010555,1.6105575420556542
2008-03-19,-0.0007593873520187972,-0.005252514769988892,0.6732752611151517,1.602120242695826
2008-03-20,0.006704872243091002,-0.010821365153647733,0.67780465325484,1.584876582771722
2008-03-25,-0.002920061624271187,0.0359857171747624,0.6758283088261969,1.6429481093885605
2008-03-26,0.0019170024307682983,-0.003938483154566796,0.6771251159310487,1.6364901116414234
2008-03-27,0.00036237731823396424,0.022890780682827128,0.6773705351791676,1.6743826886215205
2008-03-28,-0.0023036210761324736,-0.0020759054869525784,0.6758119260496498,1.67091043369442
2008-03-31,0.0026824959332690775,0.005196676504981568,0.6776272224670213,1.6796162156614791
2008-04-01,0.000958236065112145,0.031748073528763854,0.6782768605138849,1.733796300656948
2008-04-02,0.0020390647750300386,0.003457552082208437,0.6796613219915013,1.7398013670990207
2008-04-03,0.0019065529401685265,-0.018959924311719334,0.6809583683341311,1.7071256086622724
2008-04-04,0.0017031799300032738,-0.0011896970825233666,0.6821191511906758,1.7050958539421863
2008-04-07,0.00030781023627281365,0.007780729922941987,0.6823291467655057,1.718414491442916
2008-04-08,-0.0007211521562243148,-0.013344517678193668,0.6818372610136139,1.6956354048784055
2008-04-09,0.004802737099559493,-0.003657038403435564,0.685119822453044,1.6894457259297098
2008-04-10,3.164089050868989e-05,-0.005855171397822545,0.6851415005972876,1.6795826348594765
2008-04-11,0.0017179371776015907,-0.008182754365627432,0.6863195422641393,1.6658950999630846
2008-04-14,-0.001289114089312106,-0.008686996356949805,0.6854353680955699,1.651486151154398
2008-04-15,-8.25833365647869e-05,0.005944431316493137,0.6853787648931459,1.6613325337280234
2008-04-16,0.0043521120872604055,0.018704846962402044,0.6883681103650684,1.692699951356978
2008-04-17,-0.000902329520059588,-0.0001783697848427579,0.6877472556483125,1.692398051756535
2008-04-18,0.001622403867637295,0.014923591077028675,0.6888639650877404,1.7178441092352366
2008-04-21,-0.0006362277530248426,-0.010138004741328643,0.6884258301066893,1.7005165792105181
2008-04-22,-0.0018410096250633726,-0.00675004763018805,0.687159597458206,1.6890766647252582
2008-04-23,0.0009009099213252855,0.0017959340762896403,0.6877789453035087,1.6921128606526947
2008-04-24,0.0005696664401944971,-0.011295029525305367,0.6881708615070761,1.673107928615733
2008-04-25,-0.0009444649107340058,0.0044614405234888466,0.6875212151081982,1.6805890760668227
2008-04-28,-0.00040568251182301744,0.009783307490756954,0.6872423563426082,1.6971114858874206
2008-04-29,0.0004742661271286379,-0.01094173940522225,0.6875683694157176,1.6786433552561377
2008-04-30,-0.0013584143344614191,0.011416033106128154,0.6866350007809754,1.6979166060915398
2008-05-01,-0.00017808527563251215,-0.0048823145082455,0.6865127320850527,1.6896470469329365
2008-05-02,-0.0012060915215809619,0.021391696267935245,0.6856852340189389,1.7261808299978436
2008-05-06,0.0003396149398483775,0.0037051997960180216,0.6859181425158091,1.7325885384463733
2008-05-07,-0.001072819093777135,0.011512487734110621,0.685182671020222,1.7526502009892906
2008-05-08,0.0005739655118768979,0.009638923124420273,0.6855760551263786,1.7696255421149538
2008-05-09,-0.0052228440427092016,-0.010720974279221807,0.6820047326594105,1.7507547694772116
2008-05-12,0.0013491869520373785,0.008946837431432542,0.6829255055536557,1.7664887675902983
2008-05-13,-0.001158074568026729,-0.015213275724352826,0.6821350846653201,1.739818075595627
2008-05-14,0.0012894826642466338,-0.009376533282482669,0.6830152533908675,1.7235808568788669
2008-05-15,0.0002771865555711518,0.006170580196151576,0.683204602277628,1.7342492319620102
2008-05-16,0.00010255258930563392,0.01109984012133225,0.6832746702713829,1.7536063528980255
2008-05-19,0.0009180358574445381,0.009804186921646973,0.6839022289357789,1.770883593624137
2008-05-20,0.00176145772245495,-0.029510590873062625,0.6851079554046879,1.7193873518482572
2008-05-21,0.0021042092595366,-0.008277828197195802,0.6865510836977132,1.7052133048448002
2008-05-22,-0.001164418078308174,0.0020734932755797075,0.6857521164603957,1.708752721375907
2008-05-23,0.0018963324661399306,-0.010787519178608207,0.6870537642509773,1.6904185863350543
2008-05-27,0.0014198655707936547,-0.0043158227357320555,0.6880299811204769,1.6831387598871916
2008-05-28,0.001962420416249724,0.0022994420081268174,0.6893815109035003,1.6870134930119587
2008-05-29,0.0008740568267892217,0.004058489917424524,0.6899843329313438,1.6938741327655484
2008-05-30,-0.008670938607085555,-0.0048542485815037395,0.6840273846299526,1.685671571402162
2008-06-02,-0.00241702241572693,-0.012113715562620087,0.6823760715426185,1.6653750070540145
2008-06-03,-8.066389624915922e-05,0.005885027967741152,0.6823210306499169,1.6752046811310368
2008-06-04,-0.0009174632989993067,-0.0010018133266243012,0.6816953132264368,1.6735272791187923
2008-06-05,0.0005672265570913174,0.0033321326778015248,0.6820820985990407,1.6791129950578079
2008-06-06,-0.0023615345388222596,-0.017728337588414078,0.6804732386018093,1.6496074281389266
2008-06-09,-0.00035611590325552154,-0.009501696146429595,0.6802309544029921,1.634007589425062
2008-06-10,-0.0030984790118703293,-0.011854846736763847,0.6781265350008603,1.6147510470862625
2008-06-11,-0.0005592627297315517,-0.02135563214139502,0.677747390134471,1.5806326246337141
2008-06-12,-0.001029878987917784,0.013816788785746326,0.6770497516415306,1.6026234632994993
2008-06-13,0.007857800620603764,0.010215339854452665,0.6823908306852086,1.619078711516093
2008-06-16,0.0025370612791630917,-0.001742014030218897,0.6841242960631271,1.6162607088972816
2008-06-17,-0.0017463923253138926,0.009132618082984933,0.6829305892864875,1.6310890082090315
2008-06-18,0.0036669372882648693,-0.019638569744559575,0.6854394500358878,1.599369237872231
2008-06-19,0.004955153704061243,-0.009293395938618332,0.6888443367673578,1.5845745193624852
2008-06-20,-0.006012363112407678,-0.009092083832255682,0.6847151799205075,1.5702327321578016
2008-06-23,0.0034942628552169486,-0.004335800825495895,0.6871119397558624,1.5634392540082174
2008-06-24,0.00038399329989420973,-0.013860806555701544,0.6873758368011118,1.5419182189528895
2008-06-25,-0.0006215210612323134,0.013925240885432899,0.6869487509767234,1.563539996414225
2008-06-26,-0.0014803503940213055,-0.023215128437014343,0.6859325784538131,1.5276603018488195
2008-06-27,-0.0027015730221894092,-0.0002745427566637204,0.6840819823905685,1.5272409513457597
2008-06-30,0.003191276892313343,0.00449301062433527,0.6862685645522579,1.534118299595956
2008-07-01,-0.0022205257744004254,-0.02490912938332457,0.6847463781690157,1.4963767543204758
2008-07-02,0.0005159338329435432,-0.029878735440775017,0.6850997531437125,1.452328243002477
2008-07-03,0.0004675930200004403,-0.00020789445128066575,0.6854201759141738,1.452026343402032
2008-07-04,-0.00040094862688502776,-0.016352229851667843,0.6851454127224449,1.428475553626617
2008-07-07,-0.0011866435125503561,0.012486304938953197,0.684332871556982,1.4464237551576213
2008-07-08,0.0022709934781353887,-0.016710855846802986,0.6858887530748581,1.4224536148791442
2008-07-09,0.0008153966709732558,0.020368730241754562,0.6864482525567812,1.4517242799927954
2008-07-10,0.0038913852353693154,-0.01568627683345447,0.6891246913013178,1.429129805934907
2008-07-11,0.003203734664868888,-0.021449399495779176,0.6913360043019204,1.39880224650651
2008-07-14,-0.0036090928548326304,0.0127022091980038,0.6888454055729955,1.4166834502423005
2008-07-15,0.0004470809452920652,-0.01989905906379974,0.6891534440820221,1.3887714152350532
2008-07-16,0.0045509096728661574,0.016198008000881003,0.6922968664471825,1.4114499232023423
2008-07-17,-0.002326456669754285,0.03562844788734587,0.6906881398267637,1.4626442653777743
2008-07-18,-0.0007119958623974113,0.027709808756641863,0.6901965477555277,1.5037406146777434
2008-07-21,-0.00463634516088058,0.008972731664201206,0.6870039650079681,1.5172939901749125
2008-07-22,0.0005278036128090701,-0.006978067264324039,0.6873666638911841,1.506743065994383
2008-07-23,-0.0018136999583330193,0.02280482287710761,0.6861211168672542,1.5414988684498276
2008-07-24,-0.0057306567873667644,-0.020069872901137487,0.6822004369970055,1.5108695732297772
2008-07-25,-0.003099254570242433,-0.015608795483155191,0.6800893971894847,1.48746981515898
2008-07-28,-0.0029644503422461108,-0.017174735373679084,0.6780762912937178,1.4621410447741026
2008-07-29,0.002425569216569432,0.0016850199502549401,0.6797230085783864,1.4646068584938587
2008-07-30,0.003697444523135472,0.01758497465283959,0.6822408987047066,1.4905897173782356
2008-07-31,-0.001533913841360722,-0.0033364861448355043,0.68119520215628,1.4856246729455111
2008-08-01,0.001186994963934065,-0.0018986482350289435,0.682004257508016,1.4828066703267002
2008-08-04,-0.0005742507018290283,-0.00595668683318884,0.681612728513151,1.474000309762423
2008-08-05,-0.003183918082958067,0.032281611958737244,0.6794459806255742,1.5223597770136468
2008-08-06,-0.0011081224966904006,0.006129440967189481,0.6786934882530213,1.5317196474802057
2008-08-07,-7.655432571298734e-06,-0.004698069499925239,0.6786882925806731,1.5245403996295621
2008-08-08,0.0015847793372981145,0.012378121771883244,0.6797647164851132,1.5435286231699161
2008-08-11,-0.0013169176480940978,0.01960669918270419,0.6788701115232441,1.574090756785964
2008-08-12,-0.0008875281463084739,-0.009948989447737588,0.6782678624875977,1.5585077903774947
2008-08-13,-0.0015449233261730353,-0.019749911633279993,0.6772207996695926,1.528029363053272
2008-08-14,-0.0002371604046527218,0.0027297239684198615,0.6770602087543597,1.5322061595872738
2008-08-15,-0.0005914884689944234,0.006601476012109586,0.6766598538623898,1.5423544417613477
2008-08-18,-0.0013192629429640184,-0.007740720581990601,0.6757677501812505,1.530461595971025
2008-08-19,-0.004578134975187961,-0.028504163735297183,0.6726810652304398,1.4874529428535819
2008-08-20,-0.00012639932510930658,0.003343697286622316,0.6725960441711963,1.4924348595917054
2008-08-21,-0.0021329834222008526,0.00468703130486503,0.6711629368995086,1.4994463672411251
2008-08-22,-0.002043859708997652,0.026886431026625246,0.6697925749054818,1.5403079785446525
2008-08-26,0.0007787758938401333,-0.005361421692889223,0.6703143963813111,1.5320718363792631
2008-08-27,0.002115377672983877,0.00038312710432109043,0.6717338653164195,1.5326589270835462
2008-08-28,-0.00017193128558651077,0.014623765384197185,0.6716183831771645,1.5552368564536208
2008-08-29,-0.00039461469739551823,0.01180485034389811,0.6713534049777063,1.5737049870849056
2008-09-01,-0.005406648833163202,0.002948195778285978,0.6677334276653152,1.578351423420578
2008-09-02,0.0059429540693708306,0.014150914615610688,0.6717135518898468,1.600845318881249
2008-09-03,-0.001902254031340455,-0.018389632331263783,0.670436996628996,1.5716753961736072
2008-09-04,0.004991258499075834,-0.023727220219686984,0.6737916860831229,1.5348228412028584
2008-09-05,-4.754567922925961e-05,-0.02022503335156678,0.6737596509613208,1.5040928035767966
2008-09-08,0.0024079744245044414,0.0332545336418999,0.6753840018819571,1.5549516653497801
2008-09-09,0.0013834488055929446,-0.014319928675730509,0.6763190076898834,1.532843539590168
2008-09-10,0.0012299358822868507,-0.018889953396517,0.6771513484632792,1.5041599651808035
2008-09-11,0.001811735192126438,-0.010346385798571944,0.6783792793986521,1.4886775773695518
2008-09-12,0.0033291159679126104,0.011405241530134447,0.6806414461083553,1.5057534970924353
2008-09-15,0.0033507205189706227,-0.03034423129100894,0.6829259105314323,1.4607488338656984
2008-09-16,0.0014165496074218446,-0.034973715598217936,0.6838939944694741,1.4105440605922157
2008-09-17,-0.0027992577895373967,-0.011878888662682385,0.6819822758232208,1.3938874913723962
2008-09-18,0.017237073429073782,0.003243908583156596,0.6938395531877397,1.3984164768054528
2008-09-19,0.04538457813058002,0.07462110074880357,0.7260546740052357,1.5067599382997812
2008-09-22,0.0029304673229791868,-0.02590402826682947,0.7281854740972469,1.468229981316787
2008-09-23,-1.4684635210655394e-05,-0.03468587300598358,0.7281747810377062,1.4181762397479234
2008-09-24,-0.002005246238897532,-0.005598308862856172,0.726716074318641,1.410259033297166
2008-09-25,-0.004631289358677387,0.003241855546157524,0.723358223488111,1.4148383080288336
2008-09-26,0.0008238775247695407,-0.019187714137300915,0.7239544276366752,1.3879495865343279
2008-09-29,-0.0027714598502608942,-0.05995340807140792,0.7219507947835552,1.3071825977404037
2008-09-30,0.0009944466854265805,0.012154946489651763,0.7226690934541395,1.323168288059723
2008-10-01,0.0034140811527965807,0.0033158759792559778,0.7251405608803818,1.3275630321891647
2008-10-02,-0.0007553113344351839,0.0064358433429951845,0.7245930607882316,1.3361345728526073
2008-10-03,-0.004481550450174301,0.0037591673865478015,0.7213530260428647,1.3411667788893387
2008-10-06,-0.0026817045227108998,-0.06734154648085955,0.7194211618726518,1.2538244233500573
2008-10-07,0.005328373563561218,-0.005849957562558572,0.7232647374822181,1.2465110161001933
2008-10-08,0.0028547653025165582,-0.03148137472545365,0.7253324385556972,1.2078803986155866
2008-10-09,0.011706361406151543,-0.002990204142038877,0.7338733361016961,1.2042739842892622
2008-10-10,-0.0011118660540408239,-0.05748949627154332,0.7330578207072755,1.1369933731972948
2008-10-13,0.001696381804833307,0.03651728508267915,0.7343024220172555,1.1792806943068326
2008-10-14,0.004095045138246282,0.009076246647646613,0.7373155888969829,1.1900328575861945
2008-10-15,-0.004482945864792498,-0.05615315460291548,0.7340176408112395,1.125050320012757
2008-10-16,0.0013715132062828575,-0.05586210526785074,0.7350250463763602,1.0639258070674815
2008-10-17,0.00029041093580742597,-0.004947069576312302,0.7352385366863802,1.0586754896265216
2008-10-20,0.008001541019875012,0.01386235579555617,0.741145177597651,1.0734534177352661
2008-10-21,0.0031323593558856026,0.0067899435992302415,0.7434703503659529,1.0807669068895271
2008-10-22,-0.002970369480570412,-0.03321620903166789,0.7412652453371771,1.045457594531801
2008-10-23,-0.0033605171695270082,-0.01681090933318785,0.7387783916506554,1.0280294040054687
2008-10-24,-0.0021708651983949976,-0.056228810662959816,0.7371763428959972,0.9718196461943083
2008-10-27,0.003962398229105012,-0.01827209151870335,0.7401031238380871,0.9542237154667512
2008-10-28,-0.0025926673406975057,0.0018615406455815275,0.738186767950292,0.9560016960762149
2008-10-29,-0.0019153961730484239,0.04959784071493267,0.7367742010844115,1.00461285553367
2008-10-30,0.001945494598848621,0.03843945457521336,0.7382089865443245,1.0439814316183886
2008-10-31,-0.0013377356140647813,0.009403301781109263,0.7372221183239536,1.0538446045930185
2008-11-03,0.002709948694261852,0.025319016523544846,0.739222661901812,1.0808675673911399
2008-11-04,0.006248437158207096,0.050682432360657614,0.7438561090770944,1.1370605348013008
2008-11-05,0.01234384441066205,-0.003132372798994254,0.7530950579133028,1.1335044097735858
2008-11-06,0.006820016007538601,-0.03562526075740102,0.7582487323586851,1.093833852184025
2008-11-07,-0.003576852352493616,0.00985772363522841,0.7555414332875011,1.1046698855639971
2008-11-10,0.0019174714992672246,0.010723396311226097,0.7569915522889694,1.1165794398509266
2008-11-11,0.0006148264992468851,-0.03860799006846527,0.7574571138601526,1.0742921187413883
2008-11-12,0.00951934142506915,-0.02422739172638444,0.7647020354731919,1.048577578655452
2008-11-13,-0.00721046449753128,-0.015200088302904646,0.7592080096375525,1.0327596285373581
2008-11-14,0.0062889173977001035,-0.004737625302977833,0.7639976511416853,1.0278783723008516
2008-11-17,-0.006686566113429902,-0.02491699311467066,0.7589061715642869,1.002583182717975
2008-11-18,0.00044709668095694655,-0.008569320690742899,0.7592455518569988,0.9940284324555336
2008-11-19,0.003876430557967554,-0.03772603230425453,0.7621944263762103,0.9572262486877897
2008-11-20,0.002105405072523124,-0.022667607496767772,0.7638008448751781,0.9357722933320729
2008-11-21,-0.007416859704356104,-0.015754367104086953,0.7581567975932371,0.9211453150235516
2008-11-24,0.007531222485868063,0.052861779191045954,0.7638882002593264,0.9711486853894102
2008-11-25,6.917878943223977e-05,0.007468226334189865,0.7639410469481958,0.978428593741668
2008-11-26,0.0010343254889738462,-0.0003429355314814586,0.7647316194292803,0.9780931133392194
2008-11-27,0.009247641302690186,0.03465244348126362,0.771836383661623,1.012580515091826
2008-11-28,0.002922674325141924,0.00934881910848162,0.7740955097801874,1.0220913353586112
2008-12-01,0.00869610051391801,-0.04410418293581131,0.780856476557417,0.9779924528376054
2008-12-02,0.013322598091333406,0.005132252087316047,0.7913291200717737,0.9830246588743362
2008-12-03,0.011888907865704273,-0.001964251302696951,0.8007933070181497,0.9810956465602575
2008-12-04,0.00235361001646596,-0.008085412109728907,0.8026802818970828,0.9731950667017103
2008-12-05,-0.012303538451688701,-0.020249106486202706,0.7928649794770414,0.9536869140610755
2008-12-08,0.0032675564552681743,0.04527041163009571,0.7954599478528649,0.9978528762816912
2008-12-09,0.00788475340105329,0.033522740745830504,0.8017567451066056,1.0318706382326273
2008-12-10,0.0025148012833459414,0.01817057156249291,0.8037755413699044,1.0507917001689768
2008-12-11,0.009055540812468501,0.008899683823187843,0.8110872192226636,1.060185151437541
2008-12-12,0.003736900927944283,-0.023597538432488463,0.8141238420504275,1.0354602621579492
2008-12-15,-0.011755538378818991,0.005154343340922907,0.8046094111772083,1.040811158196128
2008-12-16,0.005075546008378671,0.007418177131695458,0.8087036246575504,1.04856078825445
2008-12-17,-0.0019287244028188743,0.009013676393928804,0.8071453614552162,1.0580549000246275
2008-12-18,0.0019232958528887867,0.013213503283633798,0.8086992345814612,1.0721282865264734
2008-12-19,0.00040362278426226317,-0.016802875209599222,0.8090257099001601,1.0542639550960797
2008-12-22,0.005022335849131045,-0.008564694068045497,0.8130991292034828,1.0452730639295746
2008-12-23,0.006535218984732531,0.009041899554368626,0.8184303113162534,1.054767175699751
2008-12-24,0.009171892736943923,0.004395425517792262,0.8259713964912769,1.05941353013103
2008-12-29,-0.0020171750274782913,0.005494912650876316,0.8243069469243002,1.0652509382762734
2008-12-30,0.0027837471627472988,0.01571687828284496,0.8266048058943379,1.0821256189003226
2008-12-31,0.0038872881677833914,-0.014096328868284047,0.8298243104926268,1.0669786295871262
2009-01-02,-0.0036977184252454235,0.041012560268580245,0.8267615200082298,1.1116478943158103
2009-01-05,0.0010976106558060353,0.017648748079194476,0.827669480464782,1.1314412380602836
2009-01-06,0.005243909555933103,0.019642122774209625,0.8320211041511075,1.153884844222345
2009-01-07,-0.0032954158174752714,-0.017110252552544836,0.829283761462453,1.1343095299777048
2009-01-08,0.003781614972411321,-0.010405457408893426,0.83242573046535,1.122567715892
2009-01-09,-0.0017331541540907282,-0.00575444832987948,0.8309842578605658,1.116126508545864
2009-01-12,-0.012571195355474116,0.004812653745347006,0.8206031804080683,1.1215109853860437
2009-01-13,0.0031153371557505645,-0.02096306690564198,0.8231636222350737,1.0982453867144684
2009-01-14,0.0011773680102138695,-0.02845845079724718,0.8241333595078663,1.067431560892191
2009-01-15,-0.002784720954699889,-0.025238851638446747,0.821841570549551,1.040827948597129
2009-01-16,0.0028940222052214757,0.007162058669651472,0.8242234432376995,1.0483091779526135
2009-01-19,-0.0028080727081024265,-0.005471305076589772,0.8219122104549399,1.0425892207099838
2009-01-20,0.005345823233153715,-0.01187945312246974,0.8263177730328163,1.0302771063209963
2009-01-21,-0.0024078063575497448,0.002828886292729038,0.8243305532258747,1.0331957694414207
2009-01-22,-0.0024467375036520854,0.0012331216327439165,0.8223160981722205,1.0344706113516047
2009-01-23,0.00876822277175277,-0.012892664832053313,0.8295580520444509,1.0212191354548814
2009-01-26,0.0029522094095733747,0.02723694103991292,0.8320106997149038,1.0494162796615734
2009-01-27,-0.006418693335987425,0.00038353027087723035,0.8266873808334373,1.049818839763633
2009-01-28,-0.0019044892760484273,0.02605327897361498,0.8251144618610781,1.0775294718632595
2009-01-29,0.00233150833225588,-0.023818855198308952,0.8270404674805776,1.052167202580775
2009-01-30,0.0034430331099693876,-0.0034815329956696672,0.829892902890334,1.048510417051447
2009-02-02,0.0007662965458954416,-0.03225455285085843,0.830529090678403,1.0152307775094132
2009-02-03,-0.0017240054199724763,0.012870343824877395,0.8290984875627271,1.0283815929045241
2009-02-04,0.0012169044298281518,0.03067873155453782,0.8301080353219933,1.0604199713383753
2009-02-05,0.002936329643991646,0.010918127905727104,0.8325490882679861,1.0720612068268625
2009-02-06,0.003128838197825989,0.026327670745088128,0.8351580790835644,1.1006609111356147
2009-02-09,0.0009651963786310677,0.014824722329835893,0.8359645597805944,1.1170994508556022
2009-02-10,-8.214755946148048e-05,-0.02493401822531638,0.8358958901527719,1.0895900578548066
2009-02-11,0.0002530794000066747,9.230439892782272e-05,0.8361074649546025,1.0896906364520267
2009-02-12,0.0018066067319012793,0.0008616728668524587,0.8376193476068607,1.0906299979597607
2009-02-13,-0.0035449909466840892,0.00376104775721231,0.8346552515538028,1.0947396328897585
2009-02-16,-0.0001616965699873644,-0.009932097533061679,0.8345203015732732,1.0839203899107868
2009-02-17,-0.003030808715083583,-0.030833031963064528,0.8319948591699575,1.0510098115732063
2009-02-18,-0.0002197660131943636,-0.0031811385376769863,0.8318120350667575,1.0476717160453246
2009-02-19,-0.002122441983552498,-0.004476993124102435,0.830048434513086,1.0429917808120448
2009-02-20,-0.0037785466319703678,-0.03420718457473271,0.8269179758131434,1.0079172883551524
2009-02-23,-0.0014007617518631468,-0.01500686321974598,0.8257604716237591,0.9929045403455716
2009-02-24,0.003280244778603442,-0.002283279855728182,0.8284736155544996,0.9906400476290436
2009-02-25,0.001849881132647427,0.02283333055356529,0.8300076116826053,1.013519876599562
2009-02-26,0.0009863377931229032,0.013414570611583798,0.8308266834328952,1.0272074114959535
2009-02-27,0.0039023789915048233,-0.012273270184742557,0.8340752184126926,1.0146772676071312
2009-03-02,-0.0034721409451364898,-0.03167459260908956,0.8311842135880687,0.9830414492753377
2009-03-03,-0.005189523539825658,-0.0016735785933779113,0.8268819365850493,0.9813976280650984
2009-03-04,0.0039772565253681155,0.03901884265764721,0.8301772068868257,1.0204475141483695
2009-03-05,-0.001899344692340738,-0.024645782109333325,0.8286019107040196,0.9956051739661633
2009-03-06,-0.004765082908439817,-0.017642984141456708,0.8246629461010562,0.978193773840833
2009-03-09,-0.0009159496862624293,-0.010654037971198349,0.8239079421598993,0.9678273802625317
2009-03-10,-0.0013521520733857358,0.03156020019821604,0.8227946461699907,0.9988593174890371
2009-03-11,-0.0033518106888033774,0.012002045440349107,0.8200414110194033,1.0109199034805836
2009-03-12,-0.007264504952920551,0.005807123797445968,0.8141058018618329,1.0168075190200436
2009-03-13,-0.0016940552084024653,0.016475785909419116,0.8127278291984268,1.0336989900450937
2009-03-16,-0.000997160218391459,0.017341629872518638,0.8119178132637221,1.051781350975322
2009-03-17,-0.0052754797773673975,-0.009373491665517264,0.807645835532698,1.041968549203696
2009-03-18,0.0012228822506129956,-0.003240960530263237,0.8086340954293386,1.038597036682603
2009-03-19,0.0012321144221601361,0.011226042058998686,0.8096310392088498,1.050322060367307
2009-03-20,-0.0016611125593918045,0.0017232818509942405,0.8082872673083256,1.0521336217787718
2009-03-23,0.00042607445975294375,0.01876303378975308,0.8086317312475014,1.0720612068268625
2009-03-24,0.0009909091440584417,0.0019382727267203137,0.8094334089534577,1.0741411689411648
2009-03-25,-0.0005697072473913249,-0.005088193009783026,0.8089724002065773,1.068689612401373
2009-03-26,-0.0006212796987758288,0.0017250576419058916,0.8084699581721384,1.0705347546148412
2009-03-27,-0.0020863903182722927,-0.004806206622756548,0.8067849327004555,1.065401888076498
2009-03-30,-0.001704052430002025,-0.020230050631788288,0.8054112995792231,1.0440653017190011
2009-03-31,-0.0030880419906703285,0.02375055696572481,0.8029279919189296,1.0691592522030433
2009-04-01,0.0029154446329169885,0.025878547163760146,0.8052722997128609,1.0971886562085127
2009-04-02,0.0013742686584132344,0.04119741612910843,0.8063797209687155,1.1433340019462115
2009-04-03,0.0011981341000994246,0.01602387535071159,0.8073464510305158,1.1618022144818918
2009-04-06,0.006608843752490367,-0.005893599273852246,0.8126997476453834,1.1549751555303034
2009-04-07,0.0038812883681507647,-0.02432959664998613,0.8158601990668645,1.1272141522276715
2009-04-08,-0.003159868692609996,-0.00023813812290640612,0.813286256767815,1.1269457515248347
2009-04-09,-0.0017779740957418414,0.03804128082674829,0.8118415395863069,1.1706420739437797
2009-04-14,-0.0015708761474384678,0.02452873175517034,0.8105672382231234,1.1997114999585976
2009-04-15,-7.340355642507994e-05,-0.006002190661673623,0.8105077418887641,1.1925321702035567
2009-04-16,5.172219261402795e-05,0.016101686588434916,0.8105496642104532,1.2118893730439688
2009-04-17,-0.0026093387261844018,0.011409088576142423,0.8084374225575641,1.2257951012489834
2009-04-20,-0.0037929519706194717,-0.04063556361877474,0.8053768661834368,1.1769827026926964
2009-04-21,0.002239520746520245,-0.004198862299364947,0.8071825455575404,1.1720510752531839
2009-04-22,0.004313619075809804,0.02441579339371991,0.8106719441411733,1.2010198407663881
2009-04-23,-0.001480078403825005,0.0029982939171873113,0.8094729736081347,1.2046262550927134
2009-04-24,0.0007832275561169251,0.025882267399488512,0.810107223495568,1.2362117022215007
2009-04-27,-0.000895122286657321,-0.012273429853218332,0.8093824029151593,1.221131874512311
2009-04-28,0.0010199927333770476,-0.017277720040896227,0.8102083882625701,1.2002147205622704
2009-04-29,-0.0026552644228247184,0.027948764287467398,0.8080599243862888,1.234232400608811
2009-04-30,0.0015098231411608846,0.022974074185402316,0.8092808734362007,1.2629159750181755
2009-05-01,7.511680079234657e-06,0.005602526556138798,0.8092869525180482,1.270011352768209
2009-05-05,0.0024040710464221828,0.03446580542910738,0.8112348763843498,1.3145463761932759
2009-05-06,0.0065000237105419904,0.004379990529749023,0.8165250969691766,1.3203167046389097
2009-05-07,-0.0016290337288424293,-0.011101693736417673,0.8151960328847951,1.305740015628997
2009-05-08,-0.0016228141694945048,0.002809455120752702,0.8138741940511999,1.3094135915593264
2009-05-11,-0.0028302110990915566,-0.02540259468915096,0.8115740148057348,1.2765700110169609
2009-05-12,-0.0008662388607168446,0.0017723169041978792,0.8108713022581616,1.2788345037334876
2009-05-13,2.398299817130958e-05,-0.033707495286142475,0.8108907496163229,1.236446604026732
2009-05-14,-0.0019261739689253909,0.007783770296041936,0.8093303362590111,1.2461083740937375
2009-05-15,-0.0027725243020431433,0.005918818291547723,0.807089555977631,1.2535057333486102
2009-05-18,0.0027177225453388723,0.01378143281888633,0.8092859847501114,1.2709004249773337
2009-05-19,-0.0007530558018943882,0.015934936789982146,0.808676776656538,1.2913143583237015
2009-05-20,0.001718886388498043,0.00462669329242793,0.8100679954916492,1.2973027162691693
2009-05-21,-0.002856284056327688,-0.029071217559801354,0.8077575124603197,1.260131471296973
2009-05-22,-0.0029995626614168305,0.003866125600865189,0.8053382234049611,1.26501272753348
2009-05-26,-0.0040533745409948325,-0.0015260594143668982,0.8020804928147721,1.2630837152194008
2009-05-27,0.0005071891573190141,0.007686201747000965,0.8024874025253987,1.2728294372914155
2009-05-28,0.0016442840923852424,-0.009241220961401453,0.8038080052211738,1.2611211221033174
2009-05-29,0.005135671489623742,0.007117210749674641,0.8079467175134986,1.2701288036708236
2009-06-01,0.0014582652165159088,0.024344684787486415,0.8091257775906531,1.3014291416001673
2009-06-02,0.001954220538716643,0.001738492563809757,0.8107085338272892,1.303693634316697
2009-06-03,0.0007275680988797126,-0.010853699396404792,0.8112985941224858,1.2896202478148528
2009-06-04,-0.003134684188319463,-0.003661660055703564,0.808759411095147,1.2849067317795677
2009-06-05,0.001938574592204868,0.011319319110937087,0.8103287722110143,1.2995336281836944
2009-06-08,-0.001424426801919034,-0.007696718760476173,0.8091753398745034,1.2895698766118469
2009-06-09,-0.0032383602460769115,0.0004941992017961638,0.8065591769470617,1.2902073385191375
2009-06-10,-0.0017114150105680063,0.0049670118008098285,0.8051799999734379,1.2966317554642726
2009-06-11,0.0066707845739808055,0.003151549003273857,0.8105691371988558,1.3007245999932677
2009-06-12,0.003750013849330734,-0.008157602735408886,0.8136144891764402,1.2901569673161328
2009-06-15,0.002392648852083363,-0.0260668307642824,0.8155635136858247,1.2569611978747117
2009-06-16,0.001979036718804521,-0.0013220054244200696,0.8171791419924853,1.2553005862634687
2009-06-17,-0.0016745279531816455,-0.023593812150709326,0.8158118977403058,1.2260299211498196
2009-06-18,0.0045704067497894,-0.009264148092555047,0.8195490235314866,1.214724247968178
2009-06-19,-0.0015463064979497887,0.012705935119528888,0.8182827288431799,1.2302569250780357
2009-06-22,0.0021008166843839294,-0.02198708808404959,0.82000359783471,1.2035023629827515
2009-06-23,-0.0011487323587788534,0.0025334714145106574,0.8190621739931014,1.2065552674067928
2009-06-24,-0.0009050613303217281,0.0176249270104627,0.8183212078527707,1.2280092227625088
2009-06-25,-0.0009439320027123529,0.0030550483781439652,0.8175491327267173,1.2317665868890557
2009-06-26,-0.0002944111373012617,0.005838600273387229,0.8173084725850029,1.2389794155417035
2009-06-29,-0.0005449831917542336,0.012231509929900852,0.8168631745559577,1.2542270653565128
2009-06-30,-0.00021521064636069627,-0.008407373878156932,0.8166873958195795,1.2437265123789896
2009-07-01,0.00022902058053945584,0.012344938510322478,0.8168744554605255,1.2591754012926308
2009-07-02,0.001595305548716077,-0.017835681297325934,0.8181786598375658,1.2369162438284023
2009-07-03,0.0004862368455923931,0.0004067520902122368,0.8185765851833987,1.237419464432075
2009-07-06,-0.0023761504892847642,-0.007702093953463773,0.8166338330797585,1.2279253526618976
2009-07-07,0.0007196926948987647,-0.00025956900683787865,0.8172217700254183,1.227606662660449
2009-07-08,0.00791937615119662,-0.01676893329780249,0.8237193510565559,1.2071926474096877
2009-07-09,0.007384969004048942,0.005155677885843701,0.8298250102349751,1.2134326156569903
2009-07-10,0.00697395523641528,-0.006880138385554346,0.8356323994091279,1.205112685295385
2009-07-13,0.006434141890723014,0.013053991479536009,0.8410263108229385,1.2209473439100844
2009-07-14,0.003536235892581733,0.01801290288699775,0.8440056429557854,1.2431394216747036
2009-07-15,0.0011648147952556963,0.02151793690967807,0.8449893260090455,1.270179092969432
2009-07-16,0.006880291571047014,-0.002406351270744622,0.8508231451210155,1.2671262704497872
2009-07-17,0.005914458706725351,0.0035150942900230575,0.8558702141075724,1.2715881761832337
2009-07-20,0.004441843143369436,-1.3204362991459107e-05,0.8596803110117018,1.2715713857822333
2009-07-21,-0.0012429878479537741,0.021145196042708037,0.8586124026680311,1.2987452983805774
2009-07-22,0.0005061773656807146,0.0066294886265065855,0.8590471228456297,1.3073839187436331
2009-07-23,0.0006710052322330051,0.011874167295854221,0.8596237413951905,1.3230005478584994
2009-07-24,0.004628333572572263,0.006470514274221628,0.8636115882411968,1.3315887970185494
2009-07-27,0.0005787939196239523,-0.007777318261863897,0.8641115860612782,1.3212727746432504
2009-07-28,-0.0044618429399131574,-0.018670297913130796,0.8602646444883498,1.2968330764675002
2009-07-29,-0.003799993717144478,0.004053227063492315,0.8570018474745075,1.3021001024050658
2009-07-30,0.004442472518713967,0.021915613232955877,0.8608175238737976,1.330951417015655
2009-07-31,0.0019226833167442876,0.008208586242242077,0.8624741954827899,1.3419216097948479
2009-08-03,-0.005432671717099778,0.019582038668358948,0.8578013607954852,1.3684581423902997
2009-08-04,0.0032181346687254362,0.010280115615554308,0.8605663277252522,1.3825986085917545
2009-08-05,-0.0006494682799006103,0.0028590705461688515,0.8600075986506894,1.386557211817134
2009-08-06,0.005211835319886348,0.013398664156154538,0.8645015172380771,1.405260244253649
2009-08-07,0.00555678014100067,0.0052265289902315715,0.869318733812211,1.4126241046109147
2009-08-10,0.001185687878740459,-5.937360844932016e-05,0.8703500858076063,1.4125402345103015
2009-08-11,0.00029092963607682526,-0.014147799415475504,0.8706033332781407,1.3926966014672173
2009-08-12,-0.0026527380360024796,0.005908318026941473,0.8682969112209702,1.400949452129215
2009-08-13,0.003163810494372998,0.015657593761075006,0.8710483883819605,1.423057577888826
2009-08-14,0.005979007237069591,0.003776540195424616,0.8762719934247716,1.4284419728246116
2009-08-17,0.0057567938616793985,-0.028793131807514527,0.8813310586838666,1.3878991334269286
2009-08-18,0.0025305366869401206,0.009670209043754596,0.8835641234957807,1.4013855111288813
2009-08-19,-0.0007359103136300813,0.0018893869669192043,0.8829141387391237,1.404035773546468
2009-08-20,-0.0003415177831340773,0.019063817616006062,0.8826126593429816,1.4310588182489858
2009-08-21,-0.0007751340023015275,0.01712972732754281,0.8819287813426502,1.4557836256241834
2009-08-24,-0.00046770306688864954,0.017486963473217543,0.8815163969910691,1.4814647487169064
2009-08-25,5.302540039510374e-05,0.003266820716449459,0.8815631409902731,1.4863123422470157
2009-08-26,-0.0008268170099944374,-0.008796203776755718,0.8808345508367913,1.4732957681555212
2009-08-27,0.0029855348744470614,-0.009368410836749774,0.8834682426400298,1.4595577801517319
2009-08-28,-0.0045009185548071096,0.013265965789379663,0.8795007593914923,1.4790492242957587
2009-09-01,0.0004073656146339409,-0.022688079183470933,0.8798591107439667,1.4458702452553391
2009-09-02,0.004559435267689298,-0.011645654412914652,0.8838799307728641,1.429129805934907
2009-09-03,-0.0008679659791790821,0.009915514862637309,0.8831130859090434,1.443370850733581
2009-09-04,0.0021294455231182763,0.016264899396517762,0.8849956307932548,1.4670390914116116
2009-09-07,0.000547262371342674,0.02155894985745732,0.8854800881513409,1.4990103082414579
2009-09-08,0.0011343554082727477,0.010995092433910614,0.8864851071948786,1.5155830073606669
2009-09-09,-0.0023848802684989204,0.011203899634182335,0.8843734653617396,1.5326589270835462
2009-09-10,0.00018709602486168637,-0.0012483754588394902,0.8845389436012796,1.5307467870748641
2009-09-11,0.001182390501890692,0.008967223404235725,0.8855854326041548,1.5445350643772624
2009-09-14,-0.0021569062716801065,-0.009252237869070257,0.8836773663302513,1.530310564266407
2009-09-15,-0.0016873173775183632,0.004494994403707153,0.8821875793790853,1.5372047848220007
2009-09-16,-0.0014095904574849699,0.01526879447693652,0.8809449322030374,1.5608561531946348
2009-09-17,-0.0025655672059740667,0.0063097823800397634,0.878687705546166,1.570735952761477
2009-09-18,0.0006395325695995535,-0.006127084536840854,0.8792498346831559,1.5611413442984736
2009-09-21,-0.0017173170705385293,-0.009305124739123372,0.8777411797230189,1.5466821061911786
2009-09-22,0.0003055558515330703,0.0030320444474440933,0.8780094196556684,1.5513788318254595
2009-09-23,0.0027496652199034428,-0.0034334172133512197,0.880426973828765,1.5460614346848898
2009-09-24,-0.004720555576866697,-0.013544718267752387,0.8762806635111531,1.5252616497330682
2009-09-25,-0.004178409098058077,-0.003591574439662182,0.8726268433081088,1.5197933846966702
2009-09-28,-0.0028286591185056826,0.011958583672054601,0.870161967221362,1.5380770666301262
2009-09-29,0.0007399641449599488,0.0050257618702964635,0.8708060941634438,1.545826532879659
2009-09-30,-0.0036121814622480414,-0.007985684262477477,0.8676662587744961,1.5335312088916713
2009-10-01,-0.0016359067889130541,-0.008568373983461441,0.8662479980387339,1.5204474731961706
2009-10-02,0.0016700350790497523,-0.018292322862430765,0.8676958712456261,1.4928877908967686
2009-10-05,0.0016215284817549381,0.009226963267442656,0.8691040061712555,1.506726357497778
2009-10-06,0.00034987971758560356,0.024055691553039438,0.8694081412377302,1.5434111722673012
2009-10-07,0.0015178334009481973,0.0027350507087628984,0.8707287599396062,1.5476382580999144
2009-10-08,0.002800057365440287,0.01580695003103294,0.8731702670019089,1.5722960676798932
2009-10-09,0.0034866987162880513,0.00041592197391082664,0.8762200624201367,1.5729501561793955
2009-10-12,0.0018533736332742652,0.008791058268309726,0.8778455314161719,1.5868390120790141
2009-10-13,0.0012759024763444283,-0.00756544381683355,0.8789662915418206,1.5748791684934762
2009-10-14,0.001520428487362941,0.016112255326344638,0.8803037134004158,1.6004595491801894
2009-10-15,0.0027989975593605957,-0.0058970143689975885,0.8827711328853847,1.5910493894150186
2009-10-16,0.001174140251145887,-0.006239642776575849,0.8838082387397725,1.581152717542783
2009-10-19,0.001780138000283074,0.01269196233748815,0.8853829405479422,1.6013485394849203
2009-10-20,0.006827996050023595,-0.006336397322160181,0.8914490177769762,1.5912338381128512
2009-10-21,0.0026644168615918766,-0.006907391853328448,0.8938273766338908,1.5802804357346567
2009-10-22,-0.00028223143902898914,-0.010896602168189773,0.8935751460425155,1.5631542267131677
2009-10-23,0.0013024545353160957,0.0005149286733274749,0.8947397452982813,1.5639593469172848
2009-10-26,0.0025739568170610573,-0.014868137119737668,0.8970457332487437,1.540878196943541
2009-10-27,0.0009354076565614093,-0.004888843518335406,0.897885229270201,1.5333634686904485
2009-10-28,0.0019557765249599824,-0.032441625684922926,0.8996430104770243,1.484416910734939
2009-10-29,0.001806180208680882,0.012677131598570313,0.901269396208141,1.5033548449766856
2009-10-30,0.0003532957213576828,-0.008583616881990608,0.9015878670834981,1.4905058472776247
2009-11-02,-0.0034153723644500303,0.003606061702996044,0.8985138612235987,1.4958904060221998
2009-11-03,0.0013660819184072757,-0.01824139271827896,0.8997421435389691,1.4688506528230767
2009-11-04,-0.0001182169623010498,0.026605091496717748,0.8996357850427188,1.5084540488086309
2009-11-05,0.00230730577368799,0.0030644868472204934,0.9017139164040697,1.5130837766476979
2009-11-06,-0.0006565707718128499,0.006882804449501734,0.9011220717172447,1.5235339584222154
2009-11-09,0.006651529429977379,0.01311448363367873,0.9071358900698009,1.543645910263742
2009-11-10,0.0011149601013695064,-0.008906563179065685,0.9081478744500164,1.5299583753673514
2009-11-11,0.00023134136612101597,0.011511127086876627,0.9083579909233105,1.547671675093127
2009-11-12,0.0014298805983300297,0.007482910473035176,0.9096577634291589,1.5592962020850065
2009-11-13,0.0015058433273045023,0.008334431652984975,0.9110285973738859,1.5723463569785026
2009-11-16,-0.002813056642038294,0.015833490473609046,0.90846942356502,1.5974402255581508
2009-11-17,0.003382524587145985,-0.012904045406617826,0.9115475467056472,1.5769592125121739
2009-11-18,0.000356990932349914,0.003175335938252033,0.9118730190061003,1.5819745462435086
2009-11-19,0.001415937177276381,-0.02080632360043566,0.9131650884433721,1.549399530212771
2009-11-20,-0.0008389942342111428,-0.007530887421909327,0.9123992695030453,1.5377750032208908
2009-11-23,-0.0032650892998771436,0.01111863847411243,0.909425062578864,1.5549683738463858
2009-11-24,0.0016820119221141372,-0.009636188551169766,0.910956013554345,1.5400563682428143
2009-11-25,-0.00043623306531120264,-0.001133434147604362,0.9105587110847261,1.5383118046265662
2009-11-26,-0.002856791574524958,-0.0321666404439096,0.9079611467473614,1.4896168569728947
2009-11-27,8.001287627932424e-05,0.016860604865229334,0.908033798236751,1.5149456273577704
2009-11-30,0.0003442213541656981,-0.012601864485086267,0.9083464166622904,1.4959742761228132
2009-12-01,-0.0010923113669737664,0.024007491811273596,0.9073547612430626,1.532323446681099
2009-12-02,0.002786126080193526,0.003704135151101795,0.9098862909502369,1.5380099050261202
2009-12-03,-0.001268540735375334,0.0007413332466210676,0.9087327949086488,1.5391505056326868
2009-12-04,0.001238859726802476,0.0021990445865505137,0.9098592850082187,1.5425388904591781
2009-12-07,-0.0045857915897997295,-0.0024715375228456793,0.9056964122797536,1.5387311551296265
2009-12-08,0.0067452653257732125,-0.015545407890694918,0.9118262252511492,1.5149959166563796
2009-12-09,-0.0021261345150489644,-0.012511770278209156,0.9098896195135933,1.4961587248206438
2009-12-10,-0.003125527397335733,0.004374029965996229,0.907050174272725,1.5027173011649992
2009-12-11,0.0025201153899849496,0.004688452613981653,0.909338928126985,1.5097792619218189
2009-12-14,0.0007198578078689385,0.0041133865549003445,0.909993758518504,1.5160023578637278
2009-12-15,0.002987437671148353,-0.0012067086934468563,0.9127163729487734,1.514174087955656
2009-12-16,-0.0011246481821737694,0.012604537683616357,0.911690465139906,1.5333803409958453
2009-12-17,0.0030890854317913593,-0.009231443054478206,0.9145111092363788,1.5192901640929972
2009-12-18,0.0016397414082240987,-0.006457617350989153,0.9160119010894766,1.509510779314585
2009-12-21,-0.00010065954098999077,0.011127884867155657,0.9159197003924893,1.526402250339636
2009-12-22,-0.0005541320132326699,0.0053484056227066645,0.91541230056118,1.5345879393976274
2009-12-23,0.0004265020204764702,0.00499382613888244,0.9158028090273437,1.542270571660735
2009-12-24,0.002844962329280647,0.0019123364009274724,0.9184119432044793,1.5452227336787665
2009-12-29,0.003365205032001793,0.011376679786872401,0.9215077938616999,1.562902616411332
2009-12-30,-0.00014104198270856107,-0.0011061539692693856,0.9213778317406454,1.5611747612916866
2009-12-31,0.006499544897353935,-2.1405259483131545e-05,0.9273858719386451,1.5611413442984736
2010-01-04,0.0030149574507627977,0.02159824815781164,0.9301861200762916,1.5952260221402321
2010-01-05,0.0010978234110866382,0.0049299422167568,0.9312078609184693,1.6031098115977755
2010-01-06,0.0031077741635416743,0.0033844570016281494,0.9341063462355494,1.6085446596409627
2010-01-07,-0.0007168656726105331,0.004256052480272388,0.9334369574209633,1.6154052993945536
2010-01-08,0.0019776531676826783,0.006076699643212891,0.9352847985688293,1.62525151815939
2010-01-11,0.00037230863721576996,0.003842376157393801,0.9356330780072916,1.6315083587120922
2010-01-12,-0.0015476810352284221,-0.01271626281086391,0.934186136427372,1.610893022458103
2010-01-13,0.0005163217380220581,-0.0035466578667797677,0.9346686015798731,1.6051898556164734
2010-01-14,0.0025083686171034998,-0.00015676028771416384,0.9370160378543869,1.6049382453146381
2010-01-15,-0.00014453026287171216,-0.003119388318660654,0.9368806204663119,1.5999396200799094
2010-01-18,0.002053211339579063,0.003547767430719162,0.9388062105252853,1.605625914616141
2010-01-19,0.00013084600687745325,-0.001746095725293273,0.9389290576060141,1.6028247843027283
2010-01-20,0.0007046432377560711,-0.008734751276982422,0.9395909007714593,1.58888547529571
2010-01-21,0.000562985074226009,-0.0057384010634571325,0.9401200253551181,1.5797939236275906
2010-01-22,0.00016003804187916234,-0.009912894288950369,0.9402704923630089,1.5642109572191236
2010-01-25,0.000661882951398418,-0.003448286694531788,0.9408930473781545,1.5588263984745463
2010-01-26,0.0015628604564543122,-2.143750672622957e-05,0.9423646815955741,1.5587929814813337
2010-01-27,0.0025711484732384997,-0.005135416604435505,0.9447907586735533,1.5508084496177794
2010-01-28,7.797372215386932e-05,-0.003412954179049521,0.9448644303978556,1.5455246332792143
2010-01-29,-0.004256667671393931,0.0025472750355657325,0.9408510044932911,1.5494665280079847
2010-02-01,0.0004427801016997344,0.008064973798450836,0.941267686839263,1.562013462297809
2010-02-02,-0.0011256186102753748,0.017954092476330175,0.9402087744912336,1.590311267006115
2010-02-03,-0.0015223863951492173,-0.006667185365227368,0.9387785024339493,1.5797436343289828
2010-02-04,-0.005453805544446244,-0.02081441593639788,0.9336725231973155,1.5472020352914557
2010-02-05,0.002648526171787959,-0.020581504058510447,0.9361486569159196,1.5156837497666755
2010-02-08,0.0008659086807530059,-0.002826065827088442,0.9369596272268624,1.5114063746354542
2010-02-09,0.003483160893394602,0.0010648249705020874,0.9402288987531292,1.513016615043692
2010-02-10,0.0034322986719017108,0.004899265525992291,0.9434615897605229,1.5204474731961706
2010-02-11,0.0023922469815738576,0.006992100391491007,0.9457212846973974,1.531115848279315
2010-02-12,-0.0007560113248757064,-0.008239505498712774,0.9450065788928723,1.518552041684095
2010-02-15,0.0026461335029987028,0.0022067756941890337,0.9475105038606633,1.5219068457085827
2010-02-16,0.002540703656408802,0.011321081804997135,0.9499209080270157,1.5392343757333
2010-02-17,-0.0012833980710994786,0.01660028656378998,0.9487025633437939,1.564999368926634
2010-02-18,-0.0025954779155092193,0.005920276063861252,0.9462434194995204,1.5742920777891907
2010-02-19,0.002078719193270895,0.0048999747774676194,0.9482124396681252,1.5820249993509072
2010-02-22,0.0010589797386109604,0.0010914799784096374,0.9492171092981342,1.583752690661759
2010-02-23,0.0001674271974191761,-0.00571440173059834,0.9493760473633924,1.574728300597649
2010-02-24,-0.00020680793912915502,-0.003061830025661294,0.9491797291603598,1.569914124060751
2010-02-25,0.00450839004509047,-0.014236664505366647,0.95346866242975,1.547722128200527
2010-02-26,-0.00168256229857056,0.012654102077522822,0.9518657408913094,1.567431601844388
2010-03-01,0.0028301042969427,0.014385923203036555,0.9545634357930886,1.5901435268048907
2010-03-02,0.00048390322206308476,0.012464494590314956,0.9550254638947602,1.6100879022539831
2010-03-03,-0.0010476392394301937,0.0014054523158950616,0.9540254656542893,1.6123523949705134
2010-03-04,-0.0018849782861530778,0.005508986504263902,0.952228842197168,1.6212593341320114
2010-03-05,-0.00045127986947271167,0.011255303039387599,0.9517992174373471,1.6396101776694711
2010-03-08,0.0029433116104860273,0.001196271820841588,0.9546047859306362,1.6415727707855523
2010-03-09,0.00025199301091811423,-0.001196271820841588,0.9548453699763557,1.6396101776694711
2010-03-10,0.005639969769406693,0.00922609491176729,0.960245884050016,1.65480737437688
2010-03-11,-0.0036026406342281143,-0.0011054341662859457,0.9567926872577529,1.6529791044688094
2010-03-12,-0.0024927745154751184,0.008809838627387379,0.9544105890806932,1.6676059189685406
2010-03-15,0.0005113709946417453,-0.006316642155343999,0.9548987717835268,1.6571054478954137
2010-03-16,0.0023034121850941084,0.005149185994744343,0.9571008324029919,1.6656601981578558
2010-03-17,-0.0017175772245347288,0.007874253891541727,0.9554583487617073,1.6788278039539668
2010-03-18,0.0002827234439696457,-0.00042970760683935794,0.9557285174263468,1.6781065538504605
2010-03-19,0.003413009508989017,0.0015580915432344966,0.95899600074835,1.680723235466044
2010-03-22,0.0016789795166881351,-0.002788312024062378,0.9606074878385388,1.6760433821371583
2010-03-23,0.0016752118166355888,0.0038157292076430593,0.9622180574993284,1.6824509267768983
2010-03-24,0.001202846536671321,0.005071811856581121,0.9633761545241801,1.6910056770393382
2010-03-25,0.003181806034076067,0.010832858624270969,0.9664463123188674,1.7094236821808069
2010-03-26,-0.00250998712674857,0.003203531481538846,0.9640235862937588,1.714908655713809
2010-03-29,0.0014129135758019931,-0.0013800756500383926,0.9653866310116632,1.7125435844000616
2010-03-30,0.004050812525414677,-0.002294651919131141,0.969305162528417,1.7086183981678977
2010-03-31,-0.0034397245947103694,-0.002044066995736671,0.9659767474184808,1.7051294347441879
2010-04-01,0.0022175841903447477,0.014085859781548749,0.9681212591205849,1.7293176045224985
2010-04-06,-0.0012677591930644117,0.012003904352567929,0.966894692154387,1.75020125957493
2010-04-07,0.0021986660067266784,-0.0013331088796917356,0.9690229094082364,1.7478696052543965
2010-04-08,0.002564289260086952,-0.0039038886997975197,0.971510953116129,1.7410594186082018
2010-04-09,-0.00039119655535225454,0.008041170765594075,0.9711309757055558,1.755116014709047
2010-04-12,0.00036349931639386736,0.0017665234499677496,0.9714840453177475,1.758219208431698
2010-04-13,-0.0017772009943193819,-0.0060188992104066585,0.9697590561866661,1.747668448059959
2010-04-14,0.003939456358539543,0.007334582475596818,0.9735869145568324,1.7605339904468358
2010-04-15,0.0027211740380059784,0.004145572934831421,0.9762398218666974,1.7678475615054894
2010-04-16,0.003273310923493528,-0.008710246199166605,0.979440594042921,1.7525160415900694
2010-04-19,0.0008317221882738208,-0.0054609505327665175,0.9802555553808163,1.7429717224256756
2010-04-20,0.0016685596267737505,0.0092631089580415,0.9818925355441588,1.7591920688370397
2010-04-21,0.0011561452447153352,-0.0017559378303531048,0.9830284024169681,1.7561057474197874
2010-04-22,0.00044189293023237,-0.003214631585734651,0.983462891710017,1.7504695783733737
2010-04-23,-0.00029908799050899076,0.01577250029415289,0.9831687937527711,1.7782977432800102
2010-04-26,0.0020096972789208738,0.008322542448864212,0.9851466521849557,1.7931594595849727
2010-04-27,-0.0036419351288867834,-0.020794504362743993,0.98156533740177,1.7562566153156147
2010-04-28,0.005826421271231551,-0.016476735482923388,0.9873010436572633,1.7275563324096432
2010-04-29,0.002861793239252177,0.009085699462620056,0.9901305418974761,1.743323911324733
2010-04-30,0.00020185116860142044,-0.002601282838769592,0.9903304210766704,1.7387949258916757
2010-05-04,-0.0008049438334320444,-0.020919554276932928,0.9895335814597574,1.7027979442324448
2010-05-05,0.0014636532073394322,-0.016818215593435326,0.9909829759066957,1.6743993971181272
2010-05-06,0.0007414898837861872,-0.007985982944042291,0.991718052250492,1.6610809234261876
2010-05-07,0.006795432533543842,-0.042368622469100004,0.9984801550519197,1.592173281524982
2010-05-10,-0.0008997260422474529,0.0526261138250117,0.997582200470888,1.6782071324476788
2010-05-11,0.0006745206490078437,-0.002792498327957915,0.9982553172542519,1.6735272791187923
2010-05-12,0.0031373919648578943,0.020830159491795897,1.0013921536350607,1.708752721375907
2010-05-13,-0.0027333532893625808,0.009681127879868967,0.9986587325026347,1.7253757097937246
2010-05-14,-0.0027239021338256327,-0.02591123343929347,0.9959421853341722,1.6812433283751143
2010-05-17,-0.001680694550552482,-0.009110646267510347,0.9942697165788672,1.6659956785603034
2010-05-18,-0.00337702951114233,0.006143013587800894,0.9909177015164617,1.676261411636991
2010-05-19,-0.000906639970273674,-0.03281456651663284,0.9900197030631733,1.6221483244367412
2010-05-20,-0.00047096559332314414,-0.024812571992157473,0.9895535476265209,1.5823938967465692
2010-05-21,0.0040258330470085875,0.0014089439845665908,0.9935453547835482,1.5846249724698849
2010-05-24,-0.002505120895101799,0.003244391733311147,0.9910595185152531,1.58977446560044
2010-05-25,0.004497889118465254,-0.03088039005528387,0.9955272344525872,1.5414318706546144
2010-05-26,0.0027263098506241615,0.02188212423113889,0.9982450532831559,1.5755334208017668
2010-05-27,-0.0002535627707094721,0.026745250591522662,0.9979919675895093,1.6182400105099721
2010-05-28,0.004945962063898598,-0.0010578702550940733,1.0029402248604133,1.6165290276957256
2010-06-01,-3.036267489972468e-05,-0.0016200152766145948,1.0029097733747185,1.6139123460801421
2010-06-02,-0.006926590436684321,0.004034917991857512,0.9959870313071599,1.6204375054312847
2010-06-03,-0.00282763541603323,0.014469751416925192,0.9931747210713616,1.6440552930019154
2010-06-04,0.00317982247148011,-0.020752124643863112,0.9963378668232166,1.6102892232572106
2010-06-07,-4.682205257900622e-07,-0.01281103103866954,0.996337400317486,1.589791337905836
2010-06-08,0.0004992754928390291,-0.012902445379387117,0.9968349713662427,1.5694109034570765
2010-06-09,5.4622396636958676e-05,0.013904296230057511,0.9968894223685388,1.5913848698174695
2010-06-10,-0.0021949521887468745,0.01282948308225329,0.9947036974074009,1.6119330444674513
2010-06-11,-0.004743300161022091,0.005489697384332359,0.9899966913957058,1.6208064028269473
2010-06-14,0.0013127515164640116,0.01365020488093549,0.9912971644658668,1.6430824325965732
2010-06-15,-0.003506309555278661,0.008629928300466716,0.9878274562363143,1.6573234773952454
2010-06-16,0.003435870920006593,-0.0020566872888423404,0.9912273413056056,1.6539183840721488
2010-06-17,-0.003434943518189207,0.00038530149080173715,0.9878283723497172,1.6545557640750435
2010-06-18,-0.006103792731006577,0.008972420662555436,0.9818172367367207,1.6694679334874072
2010-06-21,0.002097479221393804,0.004521158487047927,0.9838787392135029,1.6770329510391093
2010-06-22,0.0018918505870937916,-0.00592880219606684,0.9857418525942958,1.6671195706702635
2010-06-23,-0.007080031554496357,-0.010671811932622788,0.9787874170352443,1.6494229794410942
2010-06-24,-0.0008970818523317632,-0.013813842847151037,0.9779097583308378,1.6267947607724123
2010-06-25,-0.0020243443570985647,-0.00955231959460967,0.9759321346008818,1.6113290814577708
2010-06-28,0.004462692114827501,0.00403104605376825,0.9802971518622954,1.617837532312307
2010-06-29,-0.0018583219707214705,-0.02941797004042712,0.9784771357388928,1.5709372737647043
2010-06-30,-0.0024628893493286582,8.539721675937528e-05,0.9760702200229212,1.5710714331639253
2010-07-01,-0.0022566422798566666,-0.024469162374646913,0.9738700621146674,1.5330951498920036
2010-07-02,0.0004767248665332029,0.014845999068510807,0.9743344408717054,1.556025268161131
2010-07-05,0.0014225626532705323,0.002691385851868233,0.9757214789994937,1.5602187731917396
2010-07-06,-0.0023391578450061585,0.021242571803103516,0.9734417797749917,1.5937163603292124
2010-07-07,0.0019055485516797008,0.006462594127592425,0.975298488811367,1.6040492550099066
2010-07-08,0.0027519922101404432,0.016233196262900762,0.9779861992379438,1.6303005965015183
2010-07-09,-0.00039732411385077896,0.002733072276656756,0.9775976989233559,1.6347624203305713
2010-07-12,0.002372083574406787,0.0029098781418817055,0.9799193949071645,1.6395263075688593
2010-07-13,0.00534682448441743,0.016659800149479764,0.9851728841472689,1.6670692813716552
2010-07-14,-0.004924009218965666,-0.004315906795167024,0.9803338073900316,1.6598898697122213
2010-07-15,0.0034082048045510653,-0.004364944339757315,0.9836806859665258,1.6526603325629665
2010-07-16,-0.0005030346708842106,-0.007866454129658251,0.9831859849127281,1.6397107562666882
2010-07-19,0.0004038074084142865,-0.005004656701627752,0.983583082867437,1.6315250672086994
2010-07-20,0.0006033076969051047,-0.0036255635782200812,0.9841766651502523,1.6256205793638445
2010-07-21,-0.0023665362992474426,0.01586717458426712,0.98185032911236,1.6516203105536196
2010-07-22,-0.00048701076604643984,0.015809331068185273,0.9813722738499145,1.677938813649236
2010-07-23,-0.01101857347222463,0.009006424870262819,0.9706183068368311,1.69311930186004
2010-07-26,0.0010072379529437112,0.004389079149360597,0.9715964429585161,1.7005668685091273
2010-07-27,0.0008969514868739636,-0.0031316401646499514,0.9724683087848909,1.695249635177348
2010-07-28,0.006517369433297285,-0.008615750603347294,0.9788269422897545,1.6807065269694392
2010-07-29,-0.00010512577577594866,0.005424545019344862,0.9787240477566245,1.689848367936164
2010-07-30,-0.0006800002390814457,-0.012535810600688535,0.9780587414000325,1.6687969726825085
2010-08-02,-0.0015114523505431433,0.021134655633241906,0.9765815688355618,1.7044417654426833
2010-08-03,0.0009926792139314008,-0.0024929489493477064,0.977551482386517,1.7001979711134647
2010-08-04,-0.001509812122169022,-0.0009377020703276173,0.9760766769281006,1.6986044392018353
2010-08-05,0.0030962134533093766,0.003912703648843774,0.9791035020970071,1.7052635941434082
2010-08-06,-0.002285245592713053,-0.007533624056563326,0.9768685647969724,1.6924650495517501
2010-08-09,0.0007201104368505158,0.012058109908963388,0.977572271388735,1.7129965157051275
2010-08-10,-0.0002564122145213071,-0.013049701315145157,0.9773216420513585,1.6907876475395043
2010-08-11,0.008568615911761397,-0.02260519814950257,0.9857319165727657,1.6529958129654172
2010-08-12,0.0005673321671394928,-0.006740428718115865,0.9862913126639077,1.641891378882607
2010-08-13,0.004179338355657827,-0.0006131646763769538,0.9904219834998167,1.6408849376752597
2010-08-16,2.2430031971221068e-05,-0.0008283291834541018,0.9904441989457173,1.6395263075688593
2010-08-17,0.0027018916665539714,0.013989813831907227,0.9931238903607928,1.6626241660392107
2010-08-18,-0.00028750938414153935,-0.0025355805318412195,0.9928383989653933,1.658413788703204
2010-08-19,0.001234532813783479,-0.005242934532466492,0.9940648474373756,1.649741587538149
2010-08-20,0.0010582195675533455,-0.007542216144157621,0.9951173430978842,1.6373456849529429
2010-08-23,0.0015019742240705268,0.0066369438825386595,0.9966131067151476,1.6482487980325247
2010-08-24,0.0002152041406220317,-0.012833602601196148,0.9968276050619492,1.6272309835808711
2010-08-25,0.0029395328849372375,-0.008000330518715515,0.9997621235313514,1.6142645349791962
2010-08-26,-0.0017187711992596361,0.005626601508415874,0.998045237077475,1.6233729589527097
2010-08-27,-0.0004198979452946335,0.010484323020239827,0.9976262479056174,1.6404824594775964
2010-08-31,0.0023781365692699258,0.004610997075520373,1.0000015626601932,1.648064185525904
2010-09-01,0.002755040318740382,0.023716366654012333,1.0027604059012818,1.6876174560216404
2010-09-02,0.003515385257194213,0.007929949913135559,1.0062916983387495,1.701053380616193
2010-09-03,-0.0024811861641722073,0.006202949398904423,1.0037979962486,1.7116377217899343
2010-09-06,0.0004425643945601568,0.0035511574651607702,1.0042423398191398,1.7177268221414108
2010-09-07,6.457707692424336e-05,-0.005788034332882219,1.004307192947959,1.7078132779637776
2010-09-08,0.0018453314841171125,0.003470970307471788,1.0061621836408035,1.7137513466106353
2010-09-09,1.5436930928546238e-05,0.01061229660584928,1.0061777158168195,1.732035028544092
2010-09-10,0.003605722388019099,0.007342897243159285,1.009812261977499,1.7447999923337467
2010-09-13,-0.00046720677617139795,0.010186553188175296,1.009340581040887,1.7626643237641413
2010-09-14,-0.000598235957096562,-0.0034221402301408688,1.0087369377909032,1.7566425488254624
2010-09-15,-0.0032859405289612283,0.0020889717334835467,1.0054277281146256,1.7603159609469998
2010-09-16,-0.0001841091457964899,-0.004986559765756127,1.005242636713475,1.7515598896813327
2010-09-17,-0.0011263349228462418,-0.00010531093531085389,1.0041110342271422,1.7513754409835003
2010-09-20,0.0014603563429059383,0.0102148844599661,1.0055784653703548,1.7693572233165105
2010-09-21,-0.00029466402248849797,-0.0002939877580594441,1.0052822012261566,1.7688371304074415
2010-09-22,0.001033406536732039,-0.0092219929518631,1.0063216033941609,1.7525999116906796
2010-09-23,-0.0007652121015187777,-0.0021365807121025426,1.005551848475674,1.7488593379651352
2010-09-24,0.00047495103849664694,0.010779975605885284,1.0060295498037608,1.7678139807034872
2010-09-27,-0.0006026262345908899,0.0022462839542463087,1.0054234726416162,1.7717894562342629
2010-09-28,0.0011239664780679517,-0.0009755866861720364,1.00655417023519,1.7700617649234114
2010-09-29,-0.001374622422948647,0.0009566334634190099,1.0051714888530128,1.7717558754322607
2010-09-30,-0.001035733900259354,-0.0029107595201001146,1.0041309376265442,1.7666062184929145
2010-10-01,0.003769195347315905,0.005746970355385628,1.007922845015337,1.7767880814689923
2010-10-04,0.0008836914358086439,-0.002713159974401691,1.0088139314661773,1.7719739049320924
2010-10-05,0.001497746069765253,0.011127038373402343,1.0103260106398115,1.791800829478571
2010-10-06,1.0353883671925077e-05,0.011004588643803714,1.0103364714919514,1.8116277540250474
2010-10-07,-0.002470578196797228,-0.003208841400743623,1.0078434371203084,1.8058238447774095
2010-10-08,-0.0006050253063743889,-0.0037876519771007366,1.007233850762169,1.7989969496346114
2010-10-11,0.0008816193433930808,0.007422284578446181,1.0081222391609779,1.8123992934271649
2010-10-12,0.00023365472816415714,-0.004749915853464515,1.0083578192098497,1.8038109623627196
2010-10-13,0.002264543778393259,0.013705712733569797,1.0106438770978803,1.8287036737479296
2010-10-14,0.0017917137846830762,-0.0017718682895626614,1.012456284836992,1.8254663206260555
2010-10-15,-0.0020950216264078517,-0.0045312051879022874,1.0103373873674844,1.8172134699640603
2010-10-18,0.0015704446461283412,0.0038325512509338466,1.0119253128564423,1.8241913968114774
2010-10-19,-0.0028552938642286045,-0.004506596126722329,1.0090400897596852,1.8159889992568803
2010-10-20,-0.0020395414642825414,0.0005263799954668968,1.0069842078983073,1.8169451511656185
2010-10-21,-0.00064223584617061,0.006698386585359373,1.0063376941728341,1.829156605052992
2010-10-22,-0.0006733489638009722,-0.0009174564916687444,1.0056603058141975,1.8274792030407494
2010-10-25,0.0024945173968509374,0.007625893253356608,1.008172074465191,1.8414686375375868
2010-10-26,0.0007743712160840805,-0.0034125454578006753,1.0089530762541417,1.8351952522970696
2010-10-27,-0.00019176766152725975,-0.01041909376104222,1.008759610232974,1.816173447954713
2010-10-28,-0.0014026096510155797,0.0019837523759473896,1.0073457060777127,1.8197798622810346
2010-10-29,0.0005075076814285368,-0.0004886346621297832,1.0078570715113682,1.818890871976305
2010-11-01,0.0016472157024777926,0.002928322715552767,1.0095185975756389,1.8242249776134818
2010-11-02,-0.0034394375449404535,0.004788402913455059,1.0060523857354213,1.8329810488791505
2010-11-03,0.004723937549352137,-0.0046964556526880585,1.0108161573980694,1.824392717814704
2010-11-04,0.0010732543631453424,0.012808056819460845,1.0119016026245558,1.847909926788116
2010-11-05,0.0024796762082010156,0.005747532397032629,1.0144139045139338,1.8585614295658652
2010-11-08,-0.002596988412671644,-0.002928506874027903,1.0117829011795447,1.8531265815226785
2010-11-09,0.00042020720218062936,0.005353397537689375,1.012208148981501,1.863073706502317
2010-11-10,-0.0029798621039866186,-0.010171424226111725,1.0091963978071896,1.8442196423611814
2010-11-11,-0.0011717414264058633,-0.00871496657803661,1.0080145731121946,1.8282171616408627
2010-11-12,0.0012768347735972441,-0.0029955190150321442,1.009302463207895,1.8227488966044632
2010-11-15,0.00048384447648054966,0.00520432339878063,1.0097909267904903,1.8322597987756448
2010-11-16,-0.002789295387993268,-0.018992386954815643,1.0069782461377363,1.7977891874240368
2010-11-17,0.0017601238403490227,-0.00041995436347619375,1.0087522132984375,1.7970343565185276
2010-11-18,0.0028601290722540702,0.012172209490559638,1.0116415047339948,1.819041903680921
2010-11-19,0.004130275870060587,-0.0015966393581745564,1.015828504008957,1.8161398671527083
2010-11-22,0.001613119357734075,-0.002820980806092166,1.0174684790150037,1.8110237910153666
2010-11-23,0.001258527905164605,-0.01655815169220709,1.0187497976069486,1.781283486100047
2010-11-24,-0.0018396681369836877,0.010472949418179667,1.0168773589257094,1.8000368078351698
2010-11-25,-0.002069467273744534,0.009635603691949157,1.0147751404963852,1.8174650802658976
2010-11-26,0.0010783221871625659,-0.002365472902903676,1.0158699852369626,1.813170996638069
2010-11-29,-0.00010421217575167055,-0.011144892438871068,1.0157641247315927,1.7930755894843597
2010-11-30,-0.0012923374021620612,-0.00768170848825811,1.0144522626282413,1.7793544737859648
2010-12-01,-0.003202954087701272,0.01881729547059585,1.0112082166454146,1.8131541243326745
2010-12-02,-4.273558468223006e-05,0.02444595668016447,1.0111650029944277,1.8580246281601898
2010-12-03,0.006359789571650649,0.0004874218811234954,1.0176162923124015,1.8589304907703155
2010-12-06,0.0021998174099323487,0.006224850401238768,1.0198573263780042,1.870538145456798
2010-12-07,0.003667224287097701,0.013184575942455368,1.0236042381183352,1.895363695238005
2010-12-08,0.0031821354168533374,-0.007167615270210703,1.0268666734198044,1.8818270282374419
2010-12-09,0.0005946006984386904,0.003976519368748654,1.027477430621358,1.8893250479939279
2010-12-10,0.005037797763457838,0.0015613289903768646,1.0326667144294532,1.8922772100119585
2010-12-13,0.0033188734534719644,0.006952127064264957,1.036099698242509,1.9054783966100748
2010-12-14,-0.005159842559203882,0.004400596431564097,1.0307673557784065,1.9138821151678975
2010-12-15,0.0034975033956522864,-0.0032480957541221045,1.0343787799080435,1.9076757277225984
2010-12-16,0.0031149224227422613,-0.0038587124731375155,1.0376058129326964,1.9003287396707298
2010-12-17,9.602020648976836e-05,0.008595646620982222,1.0377054488405628,1.916733698588714
2010-12-20,0.00041131678154107855,0.000551166453785612,1.0381323622982834,1.917790429094668
2010-12-21,0.002920915529011421,0.006416868421986521,1.0411690920930465,1.930136206190054
2010-12-22,0.004532126608335086,0.003773278356971943,1.0458985113071746,1.9374329049433145
2010-12-23,0.0024658095623921244,0.0016436416132297182,1.0484806801175743,1.9406199687665788
2010-12-24,0.0021797364408655167,-0.006616923969568589,1.0507685842717318,1.9278214241749165
2010-12-29,-0.004216213891377869,0.011763925284398624,1.0463476455308194,1.9506340915414302
2010-12-30,-0.0012075910909232805,-0.005129697302709957,1.045084848061014,1.9406535495685793
2010-12-31,-0.0015254244422983178,-0.000916680640109746,1.0434918653857557,1.9388754051503265
2011-01-04,0.0042165297901086895,0.014071534496054028,1.0479010691587745,1.9663512173491187
2011-01-05,-0.0012734710545393806,0.0016194888200153912,1.0465674468241315,1.9695382811723834
2011-01-06,-0.0006156004399168191,-0.0021057806660280676,1.0459233777084191,1.965395229249173
2011-01-07,0.001611764901375119,-0.0036338335489976004,1.04761051957092,1.9582662706971377
2011-01-10,-0.0018507375137403995,-0.008524943141575037,1.0456734605293843,1.9416431184705298
2011-01-11,0.0017863264108090868,0.01372787619376048,1.0475430439950235,1.9684815506664277
2011-01-12,-0.0006078549501168579,0.0025531277324670754,1.0469064832581683,1.9735137567031582
2011-01-13,-0.0021111409133683146,0.0001444988657777202,1.0446986474951077,1.973798947806998
2011-01-14,-0.000450972374772371,-0.0020927474069338814,1.044227623482517,1.9696726043803938
2011-01-17,-0.0022440249879673163,-7.668152312589882e-05,1.041886977818198,1.969521572675775
2011-01-18,2.251584053988365e-05,0.0075344458636372735,1.0419104370433523,1.9844168697827411
2011-01-19,-0.0014033078906236685,-0.008667805557237784,1.0404493413290732,1.967290660761251
2011-01-20,0.0009062206856948984,-0.019214491370803444,1.0413926454008784,1.9298510150862145
2011-01-21,-0.0001693338076922484,0.0024047720411921603,1.0412163173485016,1.9344974514218884
2011-01-24,-0.0027072361133713774,0.003522899699557769,1.0384013110949333,1.9413245103734795
2011-01-25,0.0006796245494727864,-0.006223273064499324,1.039107273985841,1.929280632878537
2011-01-26,-3.295286766436987e-05,0.009578742188375955,1.039073032985525,1.9478495059158305
2011-01-27,0.0013968516396155371,0.00043914350823115456,1.040525478044295,1.948705079227348
2011-01-28,-0.0006016601547617539,-0.006164951221444781,1.0398996236188562,1.9367283633364136
2011-01-31,-0.0013477341946795517,-0.00647335811066263,1.038499059343251,1.9242317183451987
2011-02-01,0.0030656821281426242,0.011871889868407592,1.041687652458729,1.9472121259129365
2011-02-02,1.1307539110962014e-06,-0.0001550539884185298,1.0416888303517822,1.9469102263124902
2011-02-03,0.003386339894360855,-0.002665839225706179,1.0452223222211212,1.9417269885711435
2011-02-04,0.0007288994518787958,0.007804791822614732,1.045984461926743,1.9569410575839492
2011-02-07,-0.003274617661766706,0.012318247199788246,1.0425648647262078,1.981196225157475
2011-02-08,-0.0017783690243637245,0.0016412083192527405,1.0407124472939835,1.984450450584742
2011-02-09,-0.0014084911691044926,-0.002869621278009049,1.0392476448252257,1.9787639922397229
2011-02-10,-0.001806035149131525,-0.006378060968879495,1.0373724209198734,1.966183477147895
2011-02-11,0.0001811050831429582,0.006479796579306196,1.0375603113518568,1.9789653132429477
2011-02-14,-0.0008849154897435764,0.0030552701431894036,1.0366425642849848,1.9850208327924217
2011-02-15,0.0016668155388337956,-0.007140602027529752,1.0383718970583407,1.970897075087575
2011-02-16,-0.0021295393277317013,0.0048902427442918395,1.036162996072273,1.98055884515458
2011-02-17,0.0007586033308988438,0.0017347085884598101,1.0369493309928826,1.9839975192796797
2011-02-18,-0.002801454693356206,4.227239556264806e-05,1.0340484296918075,1.9840813893802927
2011-02-21,-0.0002165717187772102,-0.008541367038338521,1.0338245082944866,1.9672067906606387
2011-02-22,-0.0016544643050997196,-0.006441380760387361,1.0321154966869597,1.9545759862702032
2011-02-23,-0.007228274290857561,-0.011262594775104162,1.0246819808880996,1.9326858900104218
2011-02-24,0.0012883535105257078,-0.009785718205824523,1.026002984292313,1.9138654066712915
2011-02-25,-0.001404832048483972,0.017316771435144318,1.024562634379882,1.947295996013549
2011-02-28,0.0010933752859125729,0.001058945079511986,1.0256834784831421,1.9493591677268505
2011-03-01,-0.0018430475323835422,-0.004069795015716693,1.0237948360426274,1.9414417974673042
2011-03-02,0.004415717749000052,-0.0026559305111657494,1.028325621043367,1.9362923043367486
2011-03-03,-0.00036774060168718236,0.009398321993154823,1.0279475334840884,1.9545759862702032
2011-03-04,-0.00011069713300183173,0.006040523188007185,1.0278337489371832,1.9664183789531238
2011-03-07,0.0013337553669277476,0.0021218103739144567,1.029205542331181,1.9705951754871278
2011-03-08,0.0023308679406268892,-0.0003746384296636762,1.0316072825163392,1.9698570530782238
2011-03-09,-0.0006199573151902122,-0.0011331665651344025,1.0309679282417972,1.967626141163697
2011-03-10,0.00017089355418832563,-0.018464125526239883,1.0311441290706727,1.9316289956956787
2011-03-11,-0.002094479633213992,-0.009256262238224622,1.0289866788498994,1.9138318258692908
2011-03-14,-0.00606658269609872,-0.005255012635711154,1.0227631429543338,1.9038009945978325
2011-03-15,0.002064454783177085,-0.01764419612016077,1.0248767722121928,1.8705045646547962
2011-03-16,0.0016640543878143222,-0.010647322898266864,1.0265836426707282,1.850694348604927
2011-03-17,0.0010999158782123738,0.018258733179981945,1.0277134195354691,1.8847960625608693
2011-03-18,0.0024436431711157168,0.009689070946647504,1.0302278553557185,1.9031467422895407
2011-03-21,-0.0004126652830433653,0.014472877257409422,1.0298028037942322,1.9308910370955659
2011-03-22,-0.0005780967506770888,-0.006064689263014955,1.0292076501842795,1.9192162208050765
2011-03-23,-0.002181216395248918,0.0005068619314236855,1.02696517213761,1.920189245019208
2011-03-24,0.002056030570254546,0.013716459572830075,1.0290788160397732,1.946708905309262
2011-03-25,-0.0002374039028614235,0.002048635082838146,1.028834537709955,1.9507010893366452
2011-03-28,0.0038729712051713706,0.0006963244634441423,1.032826910431253,1.9520598832518363
2011-03-29,-0.0026600917302916725,-8.593353616959121e-05,1.0300831470570488,1.9518921430506113
2011-03-30,-0.003110783219340812,0.0034315944813432253,1.0268837605675907,1.9586017510995857
2011-03-31,0.0021706682098527677,-0.00725453914855656,1.0291152054889683,1.9444444125927332
2011-04-01,0.0033436429049113004,0.010016966884011325,1.0325619583883672,1.9640197268373738
2011-04-04,0.003922218545809524,0.004932804432538518,1.0366198448078001,1.9737317862029902
2011-04-05,0.0014714364706705212,-0.0024590759023386255,1.0381462878102115,1.9688841926728806
2011-04-06,-0.0024879748178816183,0.003716149386207235,1.0355666163983024,1.9762144722281447
2011-04-07,0.0001598215787098249,-0.010409294693436877,1.0357321355162055,1.9557501676787707
2011-04-08,-0.002068095640517943,0.005712916041902716,1.0335923557992088,1.9669551803588023
2011-04-11,0.0022633956702653663,-0.0031175422642970574,1.0359344337868681,1.9608326630141124
2011-04-12,-0.002885022786168953,-0.012750263098503467,1.0329500464231993,1.9359902409275114
2011-04-13,0.005159940132027051,0.006408357684515309,1.038293781642625,1.9484365966201176
2011-04-14,0.0033910007212872664,-0.001085284517998275,1.0418206129693177,1.946323135608206
2011-04-15,-0.004187746431778087,0.006528559655757604,1.0374668549947463,1.9590713909012565
2011-04-18,-0.0014851167733154092,-0.016262800425597135,1.0359272391043044,1.9274690714670721
2011-04-19,-0.0003404833839973189,0.0072577042938828384,1.0355745831325154,1.9415089590713102
2011-04-20,-0.0025153784374054144,0.015576375119824348,1.0329729945174468,1.9719873863955328
2011-04-21,0.0016951382078852061,0.0046081887007769495,1.0347255114677343,1.9810956465602572
2011-04-26,0.00042731266616419857,0.00497472633964513,1.035167757266674,1.9909756099358877
2011-04-27,0.0014341915801383603,0.0021544510996491795,1.0366534512784367,1.995269693563713
2011-04-28,-0.0018143774028004343,0.009946201530388166,1.0347742759640302,2.0152140690128073
2011-05-03,0.0013151872347031317,7.486164924408456e-05,1.0361360932086088,2.015364936908633
2011-05-04,-0.004289101899546512,-0.008836425973832718,1.031701516896231,1.9976347648774608
2011-05-05,-0.0003708104723990258,-0.005337831942799909,1.0313190220902986,1.9870001344051123
2011-05-06,0.000942989094412832,0.005178326555137502,1.032292003364255,1.9973161567804107
2011-05-09,0.0020964588099016282,-0.0009326930999744576,1.0344584311489275,1.9954541422615442
2011-05-10,0.0016621556602140894,0.013285535850238617,1.0361792918585082,2.022141706561613
2011-05-11,0.001660485657621922,-0.0030988807946599195,1.0379012819856608,2.0158850298177056
2011-05-12,-9.779700729851113e-05,-0.004236052300576887,1.0377997833096255,2.007363696548476
2011-05-13,0.004009652057707689,0.002678811948054971,1.0419693530218628,2.0127482552930513
2011-05-16,-0.0004467001551773272,-0.004644459824060476,1.0415040090925185,2.0034218018197003
2011-05-17,-0.0007042687999329717,-0.009049802814116603,1.0407707685434373,1.9853730216914762
2011-05-18,0.004216824133042418,0.004341693333545393,1.0451687821451663,1.9940116420545304
2011-05-19,0.0033408251244625288,0.008293588628982107,1.0486663473957332,2.010617921975743
2011-05-20,0.00407734190123264,0.00047543823255224993,1.052950847384332,2.011574073884481
2011-05-23,0.0024700003772895993,-0.016521379895428012,1.0555548509956927,1.9786131243438958
2011-05-24,0.00012122686816650884,0.00533511670459319,1.0556828203609627,1.9891974655176337
2011-05-25,0.0009610676355332687,-0.0028373274713668906,1.0566978906504707,1.9835614602800122
2011-05-26,-0.005670504730384105,0.001335221277978249,1.050722837058238,1.9862117226975975
2011-05-27,0.000854481497702135,0.009899307359553688,1.051621043977663,2.005971485640071
2011-05-31,0.0025348761855635065,0.008493115188313638,1.0542901546215644,2.023080986164953
2011-06-01,0.004086140454430725,-0.004237540995555733,1.0586069457742633,2.014526235902513
2011-06-02,0.0025548474171144665,-0.003904413712362498,1.0613149828331552,2.0066760272469724
2011-06-03,0.002461736003232649,0.0008105211683275826,1.0639308786385495,2.0083031399606033
2011-06-06,0.004479797053970443,0.002019241284262563,1.0687077648058174,2.012362485591993
2011-06-07,0.0017891180358934615,0.0009913824583556163,1.0706215205999494,2.0143584957012868
2011-06-08,-0.0027186611608639184,-0.01154963804785325,1.0677148164161105,1.9912272202377228
2011-06-09,0.0010516177142081196,0.00342262238876323,1.0688382348305965,1.9980541153805222
2011-06-10,0.0002396145693819051,-0.010600296024902534,1.0690943747301747,1.9769860116302589
2011-06-13,0.0027998248548834963,-0.0005516539148189281,1.0720918459719,1.9758957003223019
2011-06-14,-0.0019700919009108843,0.006928730879360856,1.0699818056782329,1.9896336883260939
2011-06-15,0.0014830270237291211,-0.00829641384258828,1.071569794835321,1.9731951486061048
2011-06-16,0.0002879173849187945,-0.011241692175113727,1.071878362827321,1.9511373121451019
2011-06-17,-0.0008833610779556852,0.0025671688252568714,1.0709319252858842,1.9561526458764353
2011-06-20,-0.0014525212227661688,-0.010689941458105423,1.0693775031251531,1.9353528609246151
2011-06-21,0.0019649541744650935,0.010098141228564117,1.071480846724132,1.954995336773261
2011-06-22,-0.000586516113014625,-0.0016057806510048067,1.0708525902020383,1.9518585622486078
2011-06-23,0.002816026727158526,-0.015808106349680884,1.0738723896392717,1.9212459755251647
2011-06-24,-0.001963688607239865,0.006492026053743771,1.0717657077726577,1.9337593290129842
2011-06-27,-0.00994548559165673,0.0018026130194801482,1.0611593076934371,1.9372482924366932
2011-06-28,0.0004010722767758181,0.004949225731630591,1.0615849946329041,1.946859937013881
2011-06-29,0.001882332479478262,0.016475045353738338,1.0635851324196184,1.979200215048178
2011-06-30,-0.0012043208325106867,0.011359719983706995,1.062305005683868,2.0018115614114658
2011-07-01,0.0013539449475304006,0.008867871192318688,1.0637442823098384,2.0196423120398537
2011-07-04,9.112898662626213e-05,0.005136160753234975,1.063841224665377,2.0300422045157642
2011-07-05,-0.00010077427533262262,0.003555028393064319,1.0637340222386067,2.037271905473811
2011-07-06,0.0014903454956256448,-0.0011286518106512489,1.0653205353798965,2.034973831955279
2011-07-07,-0.004929214238589578,0.002971224587566823,1.0600822631176046,2.0410291876959596
2011-07-08,0.002287498081965102,-0.007713891547551199,1.062509974895616,2.025345478881483
2011-07-11,-0.00692287978327974,-0.01621451214099956,1.055179748484832,1.992770299041956
2011-07-12,-0.002562935243284768,-0.008631314004494683,1.05247885370708,1.9756440900204648
2011-07-13,0.0013586581737315903,0.005520495178851448,1.0539097845571772,1.9865807839020504
2011-07-14,0.0021127925087907153,-0.006488903366300036,1.0561388311822513,1.9737317862029902
2011-07-15,0.00476483894597314,-0.0016841298885506006,1.0611831708066157,1.970410562980508
2011-07-18,-0.003630882612596092,-0.018819353905545455,1.0573371257772655,1.9336754589123715
2011-07-19,-0.0008324859138530013,0.005588252135099836,1.056457273796866,1.944511574196739
2011-07-20,-0.0046137104789092265,0.009367294038407081,1.051594312576012,1.9628119646268032
2011-07-21,-0.00023169775971481862,0.00044430544464368893,1.0513506887542963,1.9636842464349273
2011-07-22,0.010292699071211464,0.00965703168406229,1.0622278064351431,1.9827394677704988
2011-07-25,-0.0005916218855679699,-0.0028890037144222447,1.0615995550793478,1.9770195924322633
2011-07-26,0.0008054829794796546,0.00022907179669928723,1.0624549999288693,1.9774725237373247
2011-07-27,0.0013609017589663514,-0.011826529936795893,1.0639018811153624,1.9542236335623575
2011-07-28,0.0010795819334947139,-0.0029829253900466313,1.0650510705757008,1.9484030158181143
2011-07-29,0.0016506951599604709,-0.0054817837899818755,1.0668105970443946,1.9377515130403675
2011-08-01,-0.0007839753285740024,-0.009489015472922802,1.0659745716105273,1.9194511226103044
2011-08-02,-0.0025562013012796585,-0.022482821458515545,1.0632532056848267,1.8767779498953137
2011-08-03,0.0029700513477835446,-0.01749116023372288,1.0664158165348787,1.8442363508577886
2011-08-04,-0.002109636618786043,-0.03932768189851643,1.064168438086908,1.773114505538662
2011-08-05,-0.001231934624274674,-0.024661631834922204,1.0628582593349536,1.7299214037233897
2011-08-08,-0.0010701439671451207,-0.04472590610796523,1.061721456360708,1.6542538644745994
2011-08-09,-0.0007516828284333688,0.02290539934969793,1.0609236784489247,1.6925825004543633
2011-08-10,0.003752149648465536,-0.019969134393928556,1.0649119003797674,1.6591183303101058
2011-08-11,-0.0024360369320881566,0.024833178431006075,1.0623208928373669,1.7008353511163614
2011-08-12,0.0003810306890390065,0.028429122394690864,1.062725746825144,1.749882487669089
2011-08-15,-0.0012048217135289968,0.009511679579791377,1.061446122784049,1.7666062184929145
2011-08-16,0.0008576388447665542,-0.011372999414481555,1.0623568506925678,1.7466284260506082
2011-08-17,0.0011071123204936019,-0.004167034719506191,1.0635336503552328,1.739365308099353
2011-08-18,0.0013531883908121873,-0.05035272683655023,1.064973785911735,1.6539519648741534
2011-08-19,-0.000122382525471843,-0.010306329161043237,1.0648434597052416,1.6369933322450962
2011-08-22,0.0047316137217757286,0.009758483281249397,1.0698938264005355,1.6530461022640262
2011-08-23,-0.0013178540345424445,0.006805926759204439,1.068484791160197,1.6643349850446676
2011-08-24,0.0005272662208349352,0.011971872143782036,1.0690483156487098,1.684379939090976
2011-08-25,0.0008697814184259548,-0.0020135797811704492,1.0699785585043904,1.680991718073277
2011-08-26,0.002042524413821356,-0.0024278335725949063,1.0721662492777382,1.6769155001364926
2011-08-30,0.004682505281715888,0.024319077998852023,1.0771984458517792,1.7181964619430803
2011-08-31,-0.006140239068974387,0.027224833851356323,1.0706044549273706,1.7656166495909635
2011-09-01,0.0012430012387584892,0.004823981035336544,1.071936045003675,1.774154527548012
2011-09-02,0.0010122891906716369,-0.018685692536518417,1.0730217036826872,1.7413110289100393
2011-09-05,-0.0005529983688535313,-0.02901732497160836,1.0724284884694464,1.6915088976430108
2011-09-06,-0.006362780506849474,-0.001280002376416789,1.065626524039463,1.6893451473324923
2011-09-07,0.00037667211567238106,0.024529817325907644,1.066027991442831,1.7312969061351866
2011-09-08,0.0028916701291592274,0.004234653819001011,1.0691150539746839,1.7386438941870574
2011-09-09,0.007880315396179352,-0.02083269051740899,1.0775733008504087,1.7027979442324448
2011-09-12,-0.006384201003672162,-0.01664790567837926,1.0707157695223848,1.6746845882219674
2011-09-13,0.003140014795653086,0.0027306785681506796,1.074083116874127,1.6792638629536343
2011-09-14,-0.0006214090008314585,0.009622896588233232,1.0734158792928508,1.695501245479185
2011-09-15,-0.0009686698129348693,0.021163595172792427,1.0723765971757269,1.731766545936857
2011-09-16,-0.004928033613160541,0.010032763608323947,1.0671048895040212,1.7492283991695867
2011-09-19,0.0008968947597103275,-0.01928687027483278,1.0680623996161929,1.7158145183239386
2011-09-20,0.0021565406683891793,0.0077516369458496825,1.070368205005262,1.7291665728178809
2011-09-21,0.005143341731576186,-0.004140996282609777,1.0758876565072317,1.7220209057692377
2011-09-22,-0.004446255147875766,-0.0374852438290727,1.071114604442883,1.65866539900504
2011-09-23,0.005007673586964541,-0.007389451443087225,1.0764918492625901,1.646453945117666
2011-09-26,-0.01474704277559144,0.0024116579305584196,1.0607332598012973,1.6504294206484427
2011-09-27,0.002761781746486391,0.028840533525309908,1.0636668226216015,1.6987217262956582
2011-09-28,0.0011879458467154965,-0.00876731705752043,1.0649311520345748,1.6838935907927017
2011-09-29,0.00028241481195219096,-0.005313602537567519,1.0652319468380733,1.6749697793258074
2011-09-30,-0.00022745558912444248,-0.01677398024241583,1.064989681431406,1.6471081974259583
2011-10-03,-0.00034007198936911284,-0.007031278968073096,1.0646275698472771,1.6355675405346888
2011-10-04,0.0030675983065385198,-0.03386752058327147,1.0678984338611444,1.581102428244172
2011-10-05,0.004366016608928484,0.014942012633277102,1.072571089182852,1.604904664512634
2011-10-06,0.003619348443926982,0.03297926541724472,1.0764601313393918,1.6587156883036502
2011-10-07,-0.000779954315903668,0.0069937092364984466,1.0756208689497624,1.6703569237921374
2011-10-10,-0.004897919107950876,0.018190623034405107,1.0703654457679266,1.7010197998141914
2011-10-11,-0.0008836640145021767,0.001409132629401455,1.0694200201219664,1.7034184519299411
2011-10-12,0.0002665690519537472,0.016107756169619236,1.0697051324022375,1.7310788766353544
2011-10-13,-0.0028210898321344327,-0.00871030542893969,1.0666916507795958,1.7160661286257746
2011-10-14,0.00021735322221143718,0.010501336234209901,1.0669235248453737,1.7341820703580038
2011-10-17,-0.002443083194137702,-0.00855802353718893,1.0643201233704895,1.719404224153656
2011-10-18,-0.003996909763723987,-0.006999778671353596,1.0600746219725807,1.7074107997661148
2011-10-19,0.0003584637893941406,0.005183509825869237,1.0604546884545796,1.7162841581256072
2011-10-20,-0.009701929928679841,-0.011866706830371498,1.0502159793058483,1.6960378830760687
2011-10-21,0.0012404816326650383,0.015154966845040363,1.0515195613061104,1.7219370356686279
2011-10-24,-0.0041298182967462295,0.019639265499426628,1.0471859312940135,1.7560888751143884
2011-10-25,0.003496092271746627,-0.003895132930500367,1.0508533970994067,1.7492619799715903
2011-10-26,0.00408318197047399,-0.0005755174804615848,1.055152994790233,1.7482555387642431
2011-10-27,0.0014542037891613917,0.029393666511348115,1.0566885184849908,1.8004058690396232
2011-10-28,-0.0039092330864455484,0.00370120998460699,1.0525657404669722,1.8070818962865947
2011-10-31,0.002023265769070271,-0.027612178908913876,1.0546975165469195,1.7578670195326402
2011-11-01,-0.0010195302120445577,-0.030233915574511272,1.0536227685263648,1.705515204445247
2011-11-02,0.002112429812681389,0.008237408950796166,1.0558508251520076,1.719622253653487
2011-11-03,-0.002220035401963939,0.015006283714482649,1.0535093989271866,1.7456219848432648
2011-11-04,-0.0006978217407455584,-0.0018178264281125678,1.0527744936108112,1.7424516295166068
2011-11-07,0.0014025923734571014,-0.008274538209487758,1.054252143114238,1.728093133815319
2011-11-08,-0.0008455104910206524,0.011302353201147142,1.0533611385969681,1.747735445855173
2011-11-09,-0.0003185026734886592,-0.014539888658694267,1.053025693681063,1.722507417876305
2011-11-10,-0.000938967758242809,-0.007968247249991123,1.052037400566392,1.7088365914765198
2011-11-11,0.0010089291497024043,0.019624710656769295,1.0530993674009634,1.7427032398184439
2011-11-14,0.0033395599493744573,-0.0040024937126279525,1.0566221348435598,1.7357420214676333
2011-11-15,5.0010120622492535e-05,-0.008511369644381261,1.0566749779653102,1.7210311730584984
2011-11-16,-0.00020420577226996456,0.0015095666116184958,1.0564592208655688,1.7236311461774747
2011-11-17,-0.002140448486460262,-0.012268872363984329,1.0542003426938664,1.7026133317258239
2011-11-18,0.0020909831345557912,-0.010487938296021682,1.056406964030898,1.6848497427014388
2011-11-21,-0.008484468465794473,-0.027913764926744022,1.0474818285134464,1.6384695770629043
2011-11-22,0.0012575091180244673,-0.006656157413244657,1.0487998750178267,1.627599880976533
2011-11-23,0.00022590735419982118,-0.013937596481472525,1.0490368333869886,1.6050724047138603
2011-11-24,0.0032420585095856826,0.003453250897861082,1.0524433913257722,1.6106247036596613
2011-11-25,0.0021092239245937786,0.003991171970584517,1.0546655728213834,1.6170658291014013
2011-11-28,-0.00031299035854088077,0.02744076641495674,1.0543355243192991,1.6620537838315328
2011-11-29,-0.0001462717993720755,0.012347097122761497,1.054181316043451,1.682702537078732
2011-11-30,-0.0015594575395220201,0.027888139276599944,1.0525386462119526,1.7302904649278403
2011-12-01,-0.0002313376714426585,-0.010868030234968629,1.0522951825346802,1.7115874324913247
2011-12-02,-0.0048843589812757465,0.010092182325120547,1.0471679269806624,1.7289485433180471
2011-12-05,0.0024140208031081687,0.005900692424377851,1.049698865781113,1.7391806955927307
2011-12-06,-0.005737751192197814,-0.005415716945442739,1.0436932008445305,1.7297872443241695
2011-12-07,-0.0034718884431802657,-0.003117604503993121,1.0400758975526232,1.724402849388382
2011-12-08,0.002494701451470161,-0.01906153447995429,1.0426738155714603,1.69184437804546
2011-12-09,0.00595108965250761,0.004402308347883022,1.0488973609971703,1.699308816999946
2011-12-12,0.0016151850784473887,-0.02290452631521056,1.0505928932940969,1.6608293131243517
2011-12-13,0.004496657834822594,0.006021486520722874,1.0553276874554691,1.6708601443958087
2011-12-14,-0.0032176950870301726,-0.02200521191059579,1.0519374220855586,1.6344941015321282
2011-12-15,-0.0024294705256828622,0.008491950924167213,1.0493848730505602,1.6484332467303555
2011-12-16,0.0035327924645405357,-0.0024553242640052986,1.053098688229055,1.6443907734043641
2011-12-19,0.002438085126700025,-0.005605673862561389,1.0556693649687385,1.6351986431390293
2011-12-20,0.00033921878174309806,0.012234563441801072,1.0560275285891259,1.6553274672859515
2011-12-21,-0.0027254811755195343,-0.0025772298447588327,1.0531532640952403,1.6510668006513367
2011-12-22,-0.0008476167744553887,0.006137745314697796,1.0522609719368439,1.661231791322015
2011-12-23,0.0018209664287484875,0.008105575078101168,1.0541788495063968,1.6747517498259743
2011-12-28,-0.0006898496333379268,0.002900379025572164,1.053451875393835,1.6796162156614791
2011-12-29,-0.002165935176368221,0.004295042291163398,1.051172636153576,1.6868457528107332
2011-12-30,-0.005046418113076821,0.004623265654556619,1.045881341793522,1.6946625444730634
2012-01-03,0.000492557668392809,0.025322718381429965,1.046396625561719,1.7381239650867755
2012-01-04,-0.004534975730922449,-0.00854832216248802,1.0416619861117598,1.7233292465770316
2012-01-05,-0.00035833536171998013,-0.012655440525151107,1.0412887886560924,1.701657179817086
2012-01-06,-0.0029713307318016127,0.009936157983126748,1.038199367396835,1.7186493932481461
2012-01-09,-0.00019372424574698075,0.0005073151057715108,1.0379982624875286,1.7195215112474789
2012-01-10,0.0017215599395339518,0.009379312875251955,1.039786777789952,1.7357253129710273
2012-01-11,0.002256671839272336,0.002403384727310609,1.0421358849152715,1.739901945696238
2012-01-12,-0.0008037011252118141,0.00901200415601977,1.0412986556180719,1.7556528161147213
2012-01-13,-0.005171544910475711,-0.000841112694789814,1.0359274335843613,1.754176735105705
2012-01-16,0.0007700425339918343,0.001996477046986911,1.0367254489838176,1.7576824070260195
2012-01-17,0.001078847449131789,0.010782854726254953,1.0378445211354301,1.7767377921703824
2012-01-18,-0.0022685954746406193,0.0064836666363561335,1.0354927403796166,1.788294993749464
2012-01-19,0.00017037792483185713,0.01371277315170083,1.035669180514226,1.8129863841314486
2012-01-20,-0.00022333696528960495,0.0016271079736434046,1.035437903129762,1.8159387099582707
2012-01-23,0.001894082085602375,0.003844402250217982,1.0374009660270855,1.8229333453022962
2012-01-24,-0.0012413332952687772,-0.012099406441162586,1.0361140046067,1.8010098320493053
2012-01-25,0.0049672132055995745,0.0010704994279855384,1.0412734070907186,1.802938844363384
2012-01-26,-0.0003766636945539253,0.014812842427692985,1.0408812710585027,1.829844274354497
2012-01-27,0.001191911043791212,-0.0049716011492453305,1.0421226485995894,1.820769594991776
2012-01-30,-0.0034823299559258608,-0.014896627217085623,1.0384999450680656,1.7938472926952655
2012-01-31,-0.004190241477094878,0.007007258890771695,1.0341574838586045,1.8064613885890952
2012-02-01,-0.0011699274042996162,0.0230937281276411,1.0329483021432098,1.8486647576936284
2012-02-02,0.0032968204382578517,0.005925608201508226,1.036359366961906,1.859651740873822
2012-02-03,-0.00019880759603217697,0.013323572465042233,1.03615335132695,1.8845947415576412
2012-02-06,-0.00030478944954189885,0.0002224901963572279,1.035837590840035,1.8850140920607021
2012-02-07,-0.0014942544492201977,-0.003923077085309146,1.0342909417426798,1.877633523206833
2012-02-08,0.002247643904720603,-0.0028449091325395415,1.0366182740008896,1.8722994175696552
2012-02-09,0.0008721399385253436,0.0064920388529490225,1.0375227445537667,1.8844939991516334
2012-02-10,-0.0006628561414903297,-0.005981573426158349,1.0368352441127209,1.8732554056696027
2012-02-13,-0.0004708090806847993,0.009624370625830991,1.0363472075596538,1.8913713474018337
2012-02-14,-0.0008402339371202373,-0.002655213676662882,1.0354767991897567,1.886356013670497
2012-02-15,0.0012734522507851069,0.0038341259317959953,1.0367962694131703,1.8936024231251474
2012-02-16,0.0007298053549175535,-0.007602638134434514,1.0375532050567933,1.8792606359204669
2012-02-17,0.0010627501848117908,0.009664468075250454,1.0386564510508243,1.897510737051918
2012-02-20,-0.00038657758870503723,0.009501927708697622,1.0382550073440535,1.9156266787841476
2012-02-21,2.76670748286346e-05,-0.003570243309901855,1.0382837332204116,1.9087996198325585
2012-02-22,0.000677293868317899,0.006106384620885308,1.0389871946246525,1.9204911446196562
2012-02-23,-0.0005574948016251938,0.004922706100717988,1.0384081260935398,1.9299684659888305
2012-02-24,-0.0005549851763090407,0.0018495278954411276,1.0378319848663073,1.9335412995131513
2012-02-27,0.0017066238691815176,-0.004774142973731799,1.0396046859406045,1.9243322969424168
2012-02-28,0.0013190725965084621,0.00496499795421812,1.040976904822226,1.9339103607176036
2012-02-29,-0.0021797041283034796,-0.006936903674864325,1.0387103542675027,1.9205414339182634
2012-03-01,0.00048026029018080293,0.007474541032921778,1.0392093254120798,1.9349503827269505
2012-03-02,0.0007603432735046528,0.00026003518409112303,1.0399997817034006,1.9354536033306258
2012-03-05,0.0009740193467231639,-0.010831238117903652,1.041013255102592,1.9146033652714052
2012-03-06,0.001687256145233068,-0.023939224199923004,1.042771193743874,1.8693135109408279
2012-03-07,-3.682895357486472e-05,0.012750271252620848,1.0427327902791745,1.8933003597159135
2012-03-08,0.0032801365829692795,0.01506267349792445,1.0461587119245823,1.9220343872326777
2012-03-09,-0.0006855830413770934,0.006055739122992065,1.0454417290568288,1.933709039714376
2012-03-12,0.001823303417462941,0.003109351672375027,1.047349625342529,1.9397309784618477
2012-03-13,-0.0003058505795054718,0.015973507578255663,1.0470293418346182,1.9709640728827884
2012-03-14,0.0032546813057314364,1.7037609360670558e-05,1.0504426402462306,1.9709976536847935
2012-03-15,0.0007088033197003598,-0.004349761297534727,1.0511874614114658,1.9624429034223516
2012-03-16,-0.0002205920764401933,0.00796869432940106,1.0509556033605898,1.9781434845422252
2012-03-19,-0.0008280421734645172,-0.00062772628722918,1.0500857279950153,1.9769021415296486
2012-03-20,0.00014925734886089677,-0.013006866356079172,1.0502424727042114,1.9513553416449345
2012-03-21,0.0009792753817197456,0.0020265880164949124,1.0512714530478955,1.9553139448703134
2012-03-22,0.0004656708951821931,-0.009057054770410744,1.0517611135679936,1.9376845152451503
2012-03-23,-0.0003950224391346259,0.0012976678188358903,1.0513457263765573,1.9402006182635176
2012-03-26,0.0019345090667383848,0.014419984059040658,1.0533815327245413,1.9683809720692083
2012-03-27,0.00023034268433302815,-0.0020473106010641118,1.0536241994015898,1.9643552072398238
2012-03-28,0.00037409790534615367,-0.010386180982854043,1.0540184317437569,1.9440586428916764
2012-03-29,3.762261973028018e-05,-0.013787826442172246,1.0540580874243737,1.917438240195612
2012-03-30,0.0003907742403176685,0.009395006721975463,1.054470066662932,1.9355374734312358
2012-04-02,-0.0009536829745280106,0.01001984917850507,1.0534649158869802,1.955028753766476
2012-04-03,-0.0012752400944571903,-0.0013994915199155855,1.0521223514161024,1.9522946212482761
2012-04-04,0.0017133116748941045,-0.024906343434237144,1.0539265100258728,1.9042706343995002
2012-04-05,-0.0001538520634423706,0.002472133071917071,1.0537643737304103,1.9089840685303885
2012-04-10,-0.0001615330801719775,-0.02170903632245924,1.053594169672509,1.8679884616364302
2012-04-11,0.0014146781266745415,0.00874381337081509,1.0550857210825586,1.884393420554416
2012-04-12,0.0018331428506448654,0.01593958289728903,1.0570216177744511,1.9146705268754125
2012-04-13,0.0009247950098750927,-0.009099967080741678,1.057999598237924,1.897326124545298
2012-04-16,-0.0032360975065658807,-0.004936461733946018,1.0545813422640262,1.8879831263841322
2012-04-17,0.0018368184889599399,0.015069650579086158,1.0565201968884943,1.9166498284881015
2012-04-18,-0.0016284601987837611,0.0004987418556368084,1.0548010959223053,1.9176059803968366
2012-04-19,0.0007911729496936318,-0.0007875738757547879,1.0556359562326048,1.9160963185858202
2012-04-20,-0.0019486707538658408,0.00191538330554053,1.0535808723092512,1.9197698945161494
2012-04-23,-0.0010984858026394288,-0.02327471480341714,1.0524241641091687,1.8756037684867428
2012-04-24,0.0007649946970317151,0.008069999592155597,1.0532295710404778,1.8908011290029427
2012-04-25,4.112646377361787e-05,0.005511636980353174,1.0532728875389976,1.9012513107774631
2012-04-26,-0.001968739934213831,0.002370507691592749,1.0512013070144373,1.9057635877139154
2012-04-27,8.201644500947217e-05,0.010358595641474011,1.0512875263442811,1.9256072207569963
2012-04-30,0.0007526770697570562,-0.0054242848485976936,1.0520791042229707,1.9151904559756916
2012-05-01,0.0005763967257576294,0.0075301519572228415,1.0526856939752622,1.9296665663883867
2012-05-02,0.00346934242943463,-0.0024369239858330616,1.0563441636907878,1.9249698407541016
2012-05-03,-0.0012965016474968264,0.0006445707390287936,1.0549754991718583,1.9262110199578901
2012-05-04,0.00011577693462581126,-0.028898374337098076,1.055097648072134,1.871343265660917
2012-05-08,-0.0009763546316089196,-0.025758749194576325,1.0540680013286168,1.8237553378118103
2012-05-09,0.001401148520768381,-0.0077837031622109976,1.0555459423150877,1.8096148716103553
2012-05-10,0.00046200492523743974,0.014283608183454533,1.0560337224089784,1.835648183602133
2012-05-11,-0.0021405946456709147,0.006648536535355021,1.0537756000017626,1.847893218291513
2012-05-14,-0.0008041824163104794,-0.018580541982267107,1.0529285128454537,1.81387537443618
2012-05-15,-0.001173221595041231,-0.008460227655088914,1.0516939187439922,1.7985943076281579
2012-05-16,-0.0011776488188846464,-0.0044116939403355815,1.0504561216309634,1.7906769373686104
2012-05-17,0.0016731336267683718,-0.007748641219004426,1.0522151462227585,1.7768552430729974
2012-05-18,-0.00013203439111869044,-0.015315545555537824,1.0520762268078732,1.7498490706758754
2012-05-21,0.007053308122561914,0.00034499835564716363,1.0595230761927517,1.750452869876766
2012-05-22,0.0013916956645336877,0.013704711284537652,1.0609986363915707,1.774607458853073
2012-05-23,0.0009524714453926853,-0.019451613789884803,1.0620096887191344,1.7404220386053084
2012-05-24,-0.001340352727515631,0.009286221294731334,1.0605871746844624,1.7566592573220672
2012-05-25,0.0014269337768266779,-0.005265689524581063,1.0621016426130372,1.7474335462547281
2012-05-29,0.002925783822133259,0.022814353543935795,1.0652136727602155,1.7877583561525787
2012-05-30,-0.0013387761769815044,-0.015421560071462892,1.0637885442486368,1.760399831047613
2012-05-31,0.002563684260684332,0.0060229499153443555,1.0665192610484324,1.7710346253287532
2012-06-01,0.004663657077381771,-0.02023518053429285,1.0715047574350556,1.7355575727698036
2012-06-06,0.007661695050678824,0.022656864564739365,1.0797458301111218,1.7753287089565797
2012-06-07,-0.0030830551697470145,0.015125288618909494,1.076422040493748,1.8023851706523117
2012-06-08,0.0016026983660571614,-0.004299521195175515,1.0781486035495524,1.794652412899384
2012-06-11,0.00014798919711960293,-0.003820711886088901,1.0783081697025096,1.787808645451188
2012-06-12,0.003946004225988875,-0.009142640591351281,1.0825715844913444,1.7715378459324254
2012-06-13,-0.0008319935791800438,-0.002142256778739693,1.0816712664653876,1.7677468190994836
2012-06-14,0.0023187398201753298,0.003410192317632621,1.0841822907842644,1.773785466343558
2012-06-15,0.004804647094246005,0.014560753243328506,1.0894039381186795,1.799802069838732
2012-06-18,0.0005549561731236445,-0.0007738348965755648,1.0900086773455266,1.798409858930328
2012-06-19,-0.0012078751078914772,0.013847749762206263,1.088692877817499,1.823487019013368
2012-06-20,-0.0031840384118482644,0.013876306889763157,1.085231950662259,1.8489666572940722
2012-06-21,-0.004101466124841511,-0.007110498548231092,1.0807900240117132,1.8358662131019665
2012-06-22,-0.0012230285094366063,-0.01109865048223746,1.0794689949923746,1.8156032295558229
2012-06-25,0.0006891446380937002,-0.014189385877623195,1.080213161652042,1.7900228488691086
2012-06-26,0.0006255114506196983,-0.0005624086028319653,1.080889058722406,1.7890164076617638
2012-06-27,0.00013297448515588802,0.008086890075073683,1.0810327989451796,1.8035426435642763
2012-06-28,0.005332480396810532,-0.005942116791638696,1.0868127822814684,1.792857559984525
2012-06-29,-0.0017559161425355655,0.02255371275990825,1.0849061046460613,1.833752588281267
2012-07-02,-0.0007793696569183061,0.014655971461436934,1.0840608911571512,1.8608259222823944
2012-07-03,0.00018064332233052238,0.008643280398112907,1.0842567372067464,1.876979270898542
2012-07-04,-0.001645146458168134,-0.002559136055090505,1.0824744425456432,1.8721819666670405
2012-07-05,0.0014782330805424072,-0.0027184359078269438,1.0840757753554229,1.867099471331702
2012-07-06,-0.008426009539537113,-0.005432149136840536,1.0749797180798688,1.8569846061508397
2012-07-09,-0.00238157608309064,-0.007916990917099298,1.072422618265997,1.8423409193457112
2012-07-10,-0.0014251276132740613,0.007456240418573401,1.0708953677015682,1.8561291966481113
2012-07-11,-0.0009630614374766513,-0.008868470589446176,1.0698645261309192,1.839740946226733
2012-07-12,-0.002795493704693281,-0.003992367453431456,1.066877903071211,1.8324106666714726
2012-07-13,-0.0016416954688159115,0.01089784487055745,1.0651278513709888,1.8524892015197845
2012-07-16,-0.0040015262852198035,0.0028482191274701307,1.0608742304404106,1.8577730178583514
2012-07-17,0.0026436831913237055,-0.0050781624324383046,1.06368255633789,1.8483628580931828
2012-07-18,0.001061869535871156,0.00601678355861246,1.0648126483392493,1.8595175814746012
2012-07-19,-0.004091323557620905,0.014045232571071153,1.060465055036598,1.8858192122648212
2012-07-20,0.002980311964920746,-0.00656807452280006,1.063630286073603,1.8734735989782252
2012-07-23,-0.0014269137456168395,-0.024654784177593925,1.0621136597029892,1.8278482642452019
2012-07-24,0.0014831857337517813,-0.0010099712195419386,1.0636901403484846,1.8260031220317339
2012-07-25,-0.00047677323845565854,-0.0011489341041528434,1.0631831222314965,1.82390636951643
2012-07-26,-0.001762087171981545,0.015160274329623746,1.061311350487148,1.851767951416277
2012-07-27,-0.0005027198347583937,0.012557268319929094,1.0607779423090735,1.875167709487076
2012-07-30,0.0006500551029880486,0.005343991376118851,1.0614677305995173,1.8852154130639311
2012-07-31,-0.006145490565136242,-0.009135031314663422,1.054964493933038,1.868072331737042
2012-08-01,-0.0027890564299463162,0.0044349148422675455,1.0520262378136143,1.8763754716976493
2012-08-02,0.0041344527627436315,-0.009846153435256966,1.0563847945137637,1.8579910473581842
2012-08-03,-0.0006619363710649173,0.02006529179143257,1.0556857663780328,1.8956487225330518
2012-08-06,-0.00027841544356810993,0.011026470204376082,1.0553918880691462,1.9166667007934968
2012-08-07,0.0015848985913726437,0.0030147745651820657,1.0570659034077554,1.9224537377357382
2012-08-08,-0.000269828552999003,-0.0021399910482031714,1.0567807153222888,1.9183441028057402
2012-08-09,-0.0038759878457777577,0.0024104052564286604,1.052692574025144,1.922973666836018
2012-08-10,-0.00029038621314042036,0.0005929683227794413,1.0523869309943807,1.9241142674425844
2012-08-13,-0.00028962547287731625,-0.0029684493832817793,1.052082177066222,1.918411100600956
2012-08-14,0.001649292382517131,0.0058846520819049175,1.0538187998923805,1.9297335641836006
2012-08-15,-0.001446724443477247,-0.0005390911922749098,1.0522953167714377,1.9286935421742522
2012-08-16,0.0007392384686645728,0.0003652280365713523,1.0530735015466133,1.9293980837811504
2012-08-17,-0.0005911571678173218,0.01001719485306829,1.0524511535687937,1.9488223663211741
2012-08-20,-0.0011151073405483794,-0.004727920501091276,1.0512782116614887,1.9396302360558364
2012-08-21,-0.0014658259729769525,0.006568213310677251,1.0497383496146202,1.9524120721508909
2012-08-22,-0.0013129586700605742,-0.01254449182465045,1.0483609909525617,1.9280730344767547
2012-08-23,0.000729781927737414,-0.0024302535076845544,1.0491263450943464,1.9233930173390776
2012-08-24,0.003176391230728047,-0.0015186505494781954,1.0524640789848323,1.9204742723142594
2012-08-28,0.0015016198306767134,-0.006475525902356338,1.054045667091755,1.9080783697290515
2012-08-29,-0.00320932762193469,0.0010982784304260917,1.050668311636488,1.910175122244357
2012-08-30,0.0024453864854888734,-0.005441669800765325,1.0532407457423827,1.899808810570448
2012-08-31,-0.0028106812457387733,0.007415536421792268,1.050284578099679,1.9139492767719044
2012-09-03,0.004333442893077898,0.008108820980675446,1.0548458021043983,1.9295322431803748
2012-09-04,0.002457008489301459,-0.006480061973114459,1.0574407537987909,1.9170691789911618
2012-09-05,0.001457977571337711,0.0015125581688995027,1.0589836031474182,1.919971051710584
2012-09-06,-6.750124576047141e-05,0.019920717668968635,1.0589121228474978,1.9586017510995857
2012-09-07,0.00385024589368995,0.011207523691179944,1.0629970538482916,1.9806762960571962
2012-09-10,-0.0008948553517906513,0.0028330427625338217,1.0620462507247972,1.9862955927982107
2012-09-11,0.0038919894130935145,-0.005173143957421189,1.0661877776504662,1.9760467320269197
2012-09-12,0.001955193471434421,0.0026025675415350946,1.0682744202629266,1.981196225157475
2012-09-13,0.010696761595168087,0.0029927310996296086,1.0797628319124821,1.9871342938043328
2012-09-14,-0.0022075916347121154,0.022502649135402564,1.0773817856731536,2.0323569865309046
2012-09-17,-0.002441566155714553,-0.002909389063006529,1.0747544954251063,2.0264526624948385
2012-09-18,0.007194043435454051,-0.012259378486838557,1.0825142043226004,2.0017612721128533
2012-09-19,-0.0010108219893611254,0.0033880046410157405,1.0814205280102311,2.008554750262441
2012-09-20,0.000684154840269627,-0.003781941231158825,1.0821606402456518,2.0009728604053425
2012-09-21,-0.0009648119672527927,0.0017588680777116394,1.0811170622186899,2.0044954046310557
2012-09-24,-0.0005901274011688362,-0.003932440800765491,1.080479253629076,1.9966283236701161
2012-09-25,0.0015810012555075486,0.002374775602620005,1.0821888437615836,2.001375502411797
2012-09-26,0.0027377973725454946,-0.016350657139470925,1.0851557170303605,1.9689177734748837
2012-09-27,0.004838581232663471,0.001404715771931464,1.0904190543912795,1.9716854867950864
2012-09-28,-0.005851038904108732,-0.0017285723911566464,1.0840575987928613,1.9682802296631978
2012-10-01,-0.0022615810753000157,0.011304472022656498,1.0816086848953574,1.9906568380300431
2012-10-02,-0.006123610847676619,0.0022641625185446657,1.0750055722995002,1.9951691149664954
2012-10-03,0.0035873123899348544,-0.0018260705603552196,1.0788688784081821,1.9915291198381706
2012-10-04,0.0016824758833722973,0.0068577807197733875,1.0806855771247659,2.0052335270399557
2012-10-05,-0.005136903510831889,0.008910859062117638,1.075148433651473,2.023181728570964
2012-10-08,-0.000949538534962053,-0.007222595988213953,1.0741280233190516,2.0086217480576583
2012-10-09,-0.0015689853969340834,-0.00525821814280647,1.0724440535434743,1.998087696182527
2012-10-10,-0.001557407341223958,-0.0070345403519862515,1.0707751212424779,1.9840813893802927
2012-10-11,-0.005075296981016448,0.005909021425885896,1.0653543870561035,1.9958400757713934
2012-10-12,0.0033117273823173696,-0.005063948558623466,1.0688883989636409,1.985758791392536
2012-10-15,0.0013954256576199735,0.0014687594963351813,1.0703809944214862,1.988677536417355
2012-10-16,-0.0011453451425492435,0.010872101502171105,1.0691557405520744,2.010416600972517
2012-10-17,0.00132530217830364,0.005043502938065103,1.070573634345305,2.0205817554519876
2012-10-18,-0.0004983773664329226,0.0021063326793715476,1.0700402176093022,2.024842258277812
2012-10-19,0.0003072797480473349,0.00024849248425873327,1.0703690698199946,2.025345478881483
2012-10-22,0.004122925842824389,-0.0028447707871990247,1.0747912319784558,2.0195920227412443
2012-10-23,0.002795095791392322,-0.012444251589155186,1.077799578777749,1.9946154412554233
2012-10-24,0.0011432093566946422,-0.0023911481807008528,1.079032433912341,1.9898517178259245
2012-10-25,-0.0014516272278128019,0.009188271700439898,1.077467217381902,2.0082192698599917
2012-10-26,-0.0006779556269918712,-0.003874773432244183,1.0767369899778365,2.0004529313050634
2012-10-29,-0.0008207208037452583,-0.00043613724951541144,1.0758536520664834,1.9995806494969401
2012-10-30,-0.0003608684093426301,0.0028146288215040727,1.0754654805140145,2.0052166547345602
2012-10-31,-0.005479599229746376,-0.0016157701602086405,1.0695884772119928,2.0019793016126894
2012-11-01,-8.44887856661255e-05,0.013052260976092356,1.0694981127978342,2.02828093240291
2012-11-02,-0.0002728509492752095,0.002395448182772597,1.0692063390296942,2.033145398238415
2012-11-05,-0.0008537971923778425,-0.007477877067010752,1.0682938432579538,2.0179984908296165
2012-11-06,0.0031230880539757895,0.004238509852150685,1.0716354343234709,2.026569949588662
2012-11-07,0.002927554572807345,-0.010007179795785248,1.0747773022906064,2.0063908361431313
2012-11-08,-0.001077920211145948,-0.005499415241265737,1.0736194022880088,1.9953871444663298
2012-11-09,0.000749130371402011,-0.004490662095312459,1.0744239845204553,1.9864466245028303
2012-11-12,0.0020778547762591577,-0.0033072077589988425,1.076658802537999,1.9798878843496839
2012-11-13,0.001612323192446536,-0.000516905108860044,1.0783961246817155,1.9788647346457293
2012-11-14,0.0016463902797473203,-0.006676358572923036,1.080173047932315,1.9656971288496194
2012-11-15,-0.000986091116415769,-0.003008283115677912,1.0791084238799853,1.9597926410047624
2012-11-16,0.0013890156643195574,-0.009157218822384294,1.080608363863159,1.941928309574369
2012-11-19,0.0013503874039696004,0.014390201589822738,1.082068589499598,1.970075082578059
2012-11-20,-0.0021947225042428767,0.006450102246533973,1.0796963533673183,1.9828233378711109
2012-11-21,-0.0004906096912410397,-0.0031774168191560648,1.0791667737918171,1.9765330803251964
2012-11-22,-0.00013221803501392337,0.006631480477020446,1.079024097913904,1.9896839776247024
2012-11-23,0.003006837973507157,0.0022904858431544994,1.0822734312070863,1.9942465438597625
2012-11-26,0.0004564896557508163,-0.0038176202480677546,1.0827675906138738,1.9866477816972667
2012-11-27,-0.0027455720511566782,0.0019907041454363394,1.079798851487676,1.9906065487314355
2012-11-28,0.004744993737522036,0.0019698306931719145,1.084934665342004,1.9945315711548095
2012-11-29,0.0016330076548041056,0.011372691642105082,1.0867078193484616,2.017344238521323
2012-11-30,-0.000774156370721537,0.000631781674092835,1.085866863124809,2.0186191623359018
2012-12-03,-0.0005043263026007155,-0.0005651997126481234,1.0853193699738153,2.017478561729335
2012-12-04,0.0007428458788193658,0.0021510524061909564,1.0861258945196326,2.0218229346557726
2012-12-05,0.00010803778171432344,0.004123120700572969,1.0862432434908862,2.0301763639149866
2012-12-06,-0.002578595105540462,0.0038017542117128045,1.083445870176376,2.037909285476705
2012-12-07,0.00038409484232653174,0.0031556692939549436,1.0838620960770446,2.044350410918444
2012-12-10,6.429226506014595e-05,-0.0007715252201112577,1.0839317822663317,2.0427737513122093
2012-12-11,0.0018391166990639005,0.0010176467640548026,1.0859270935504917,2.0448536315221166
2012-12-12,-0.011015682395988373,0.0027606271190041554,1.0740305103729348,2.050506509065136
2012-12-13,0.002814919018573056,-0.001039470349819993,1.077058078463465,2.048376175747828
2012-12-14,0.004169162053176072,0.002666083751771353,1.0815578818200315,2.053844604593017
2012-12-17,0.002992892413084832,-0.0020930225066386754,1.0847997170109478,2.0495503571563987
2012-12-18,0.0008811866712558518,0.0060950337063925275,1.0857560493543352,2.0620805829496174
2012-12-19,-0.001740993419663669,0.008835651133793476,1.08386739975736,2.080381137188469
2012-12-20,0.0005752136077914261,0.0016434444430188933,1.084491034379107,2.0838029390081707
2012-12-21,-0.0032699734627721125,-0.004873838673777442,1.0809505692443595,2.073671529139495
2012-12-24,0.0026550231101334044,0.0026980502669715634,1.0838243312507543,2.079273953575114
2012-12-27,-0.00015132080601108582,0.00015329748754489003,1.0836603384874464,2.0795927254809565
2012-12-28,0.0020142531143404136,-0.0030697915970083756,1.0858453044976877,2.073218597834432
2012-12-31,-0.0008523111592785215,0.0012371127620696143,1.0849202207130315,2.075784990151406
2013-01-02,-0.0004998878878892951,0.018962535212807552,1.0843780177670046,2.11552270934497
2013-01-03,0.0001791593139953894,0.003119117586104281,1.084572311593034,2.1221315749879377
2013-01-04,-0.005454646113051496,0.003440407525205913,1.0786724588818757,2.129445146046593
2013-01-07,-0.0006343879191370266,0.0021324094777401825,1.0779883791141676,2.1339908399762564
2013-01-08,-0.002100001737151012,-0.006862037416453859,1.0757269769507016,2.1193974424697397
2013-01-09,-0.0006993088190519795,0.0058475007326563855,1.0749749745604258,2.131826925856947
2013-01-10,0.0008459809392913641,0.0017059973565434206,1.0758847676786771,2.135466920985272
2013-01-11,-0.0004578419192553502,0.005249026962600212,1.0753922952776027,2.146705514467304
2013-01-14,-0.00041395721900020914,-0.0030285539936425465,1.074947221000926,2.140213935918164
2013-01-15,-0.0013568222128647126,0.0012297532027147895,1.0734896977573753,2.1428474898391467
2013-01-16,0.0010334986986844119,-0.0008771259192084102,1.0745997214682859,2.140968766823674
2013-01-17,-9.934631104538806e-05,0.006559653883110528,1.0744929692529148,2.155058943726519
2013-01-18,0.0005906717797219455,0.007637561249007163,1.0751278294058921,2.1715813535471176
2013-01-21,0.0001896283699546542,0.003762448542364183,1.0753317234751143,2.179767206413901
2013-01-22,0.002233800423813201,-0.002835957763238639,1.0777364848132482,2.1735942359618123
2013-01-23,-0.0012725626523332981,-0.001830586105482368,1.0763658698952618,2.1696189242398267
2013-01-24,0.0016290004217138776,0.010153620664588914,1.0781206992720798,2.19176063080144
2013-01-25,0.0011721013812294122,0.005320055959646908,1.0793851068950333,2.2034519917797475
2013-01-28,0.001212840839752884,-0.0002740617658396616,1.0806950234340622,2.202848192578854
2013-01-29,0.00041830934451014194,-0.0018978889920315822,1.0811471828255863,2.198671396044853
2013-01-30,-0.00044119456273047095,-0.004672286290807293,1.080670291775617,2.188422535273562
2013-01-31,-0.0011631499195032006,-0.0012271351771921957,1.079414040958381,2.185738692053971
2013-02-01,0.004526608587699271,0.01865005086783711,1.0843112012277576,2.2268853306525456
2013-02-04,-0.00035167989260490506,-0.007469928690669647,1.0839299378262253,2.21031263153334
2013-02-05,-0.003210736190029635,0.00498110820088371,1.0804553057957413,2.2213499040121425
2013-02-06,0.0012368475218783811,0.00743295028251012,1.081792491039875,2.2379226031313513
2013-02-07,0.002201497598548405,-0.0030702639404687204,1.084176678039072,2.2310621271865516
2013-02-08,-0.0011703219416696086,0.005593027728549416,1.082908584467719,2.243575480674372
2013-02-11,0.0017633598529234614,-0.00012712263697167714,1.0848198265985363,2.2432902895705307
2013-02-12,0.005263850980250765,0.007627740346688228,1.090545212074177,2.260466951699422
2013-02-13,-0.003384145742865546,0.009380031106985598,1.086860885802079,2.281769957254913
2013-02-14,-0.003664503846441562,-0.00756363485572642,1.082885368503524,2.264576586629416
2013-02-15,0.002826875698112346,0.004279588465090356,1.0859508817065422,2.274288809803826
2013-02-18,-0.0005581973054942697,-0.004390701633965932,1.0853448760015856,2.264324976327582
2013-02-19,0.0018303058502822035,0.011490146298978487,1.0873332081506082,2.290492447718582
2013-02-20,-0.0006919642281222322,0.006198282251645537,1.0865810727219352,2.304733656326047
2013-02-21,0.0022514784945642475,-0.013570672116987481,1.089030242731971,2.273668138297535
2013-02-22,0.0012856401160244088,0.008389842836947992,1.0904312440983979,2.292824102039117
2013-02-25,-0.005709902373541789,0.0012282984536291508,1.0842227300221647,2.2956421046579276
2013-02-26,0.0010616608747500186,-0.010998703487036465,1.0853744181170646,2.270531363772883
2013-02-27,-0.0005615446482506745,0.006590234259819638,1.084765103016051,2.2855441117824635
2013-02-28,-0.007785486138558322,0.00574472389813252,1.0763524700550056,2.2987117175785765
2013-03-01,0.0016046574347421364,0.0033946700945062247,1.078081033553707,2.306528345432112
2013-03-04,0.00425295477668778,-0.005549646548024256,1.0826758272341415,2.293763381642456
2013-03-05,0.0004768633062986864,0.013567985798276894,1.0831922387278263,2.3250972184694088
2013-03-06,-0.0005156639522858411,0.004462911381061474,1.0826338195276184,2.3354971109453198
2013-03-07,-0.0002736493558294791,0.00215955241652388,1.0823375980125673,2.340546189287446
2013-03-08,-0.0005650854698712194,0.0046760378354786525,1.08172615753677,2.3515163001622437
2013-03-11,-0.0020937430183731428,-0.0004351967944113966,1.0794636703065736,2.350493150458291
2013-03-12,0.0003297616110995111,0.0005208064012123259,1.0798196946839773,2.3517176211654696
2013-03-13,0.0019569905341332355,-0.003451012427680311,1.081934960707748,2.3436158022080944
2013-03-14,-0.00032615077579386566,0.008005532114042424,1.0815821443197515,2.3624529940438284
2013-03-15,-0.006589361147151886,0.0015324526705864372,1.0744786384459686,2.3660761168667603
2013-03-18,-0.001011922254279847,-0.0011207364796828045,1.0733918995403524,2.3634258544491726
2013-03-19,0.0034684516970065107,-0.0038327564946047943,1.0771213715037025,2.354384755888455
2013-03-20,0.0007874558378977516,-0.00037056111274225145,1.0779698910578095,2.35351247408033
2013-03-21,-0.0031705080523688235,-0.003562854071434529,1.0745575910587155,2.3451421725157178
2013-03-22,0.006758552297017243,-0.0016608110079179284,1.0818446419531675,2.341250567085555
2013-03-25,-0.00020056513623171643,0.000265067421125309,1.0816276833930616,2.3418712385918443
2013-03-26,0.0008030773802377516,0.0019177380167612057,1.0824966630016644,2.3463666432228965
2013-03-27,0.0003179337792275776,-0.009026773111729725,1.0828408799729354,2.325281830976027
2013-03-28,-0.0014039654470535852,0.004361981803981507,1.081321675497636,2.3354468216467072
2013-04-02,-0.002495315122573496,0.009578343422480984,1.078626800847459,2.3579240086107727
2013-04-03,0.0012854463235125047,-0.006910054479797978,1.0800142092315108,2.341686789894011
2013-04-04,0.0024504737984044804,-0.014764452340529033,1.0826640010498878,2.3073670464382365
2013-04-05,0.002588669456444046,-0.020224028871110633,1.0854702909923992,2.2611714933063207
2013-04-08,0.0019139424982606858,0.0032217595974870505,1.0875498081162256,2.2684681920595815
2013-04-09,0.0008703954802036767,0.0055010543101676745,1.088496818630755,2.280981545547401
2013-04-10,-0.0017450498178069713,0.01431067863416935,1.08659899383673,2.3138586249873736
2013-04-11,-0.0031549144318749997,0.01252068112717275,1.0831762690303606,2.34301183919841
2013-04-12,-0.004546988067793579,-0.004398215225368318,1.0782622598966767,2.332729397625115
2013-04-15,0.0008600225644867838,-0.01195021518759809,1.07918998864727,2.3050186836210953
2013-04-16,-0.00027851717284736906,-0.0059851573742921715,1.0788894575561443,2.291263987120696
2013-04-17,-0.0021392440005942696,-0.00944439805987507,1.076583916693242,2.2697262435687646
2013-04-18,0.007246838945011155,0.0016097805538244359,1.0844140846635686,2.273382947193697
2013-04-19,-0.0008796210752578141,0.004689069925042588,1.0834606305810215,2.284068030773445
2013-04-22,-0.0015553540978710096,-0.0018523976108344442,1.0817767754842826,2.2798409449408323
2013-04-23,0.000513269689549518,0.016491307377194175,1.08233216123314,2.3177502304175395
2013-04-24,0.0024634202712082386,0.005600327164254182,1.0850016869511987,2.3307668045090346
2013-04-25,-0.0015527206778452806,0.007956689225897762,1.0833182896574804,2.349385966844936
2013-04-26,0.00026544747209611256,-0.002222902074271005,1.0836058919289047,2.3441693121103735
2013-04-29,-0.0026726087946144124,0.0012728786114823976,1.0807137038574128,2.3471550549304094
2013-04-30,0.0005199853928764815,-0.0030705298677524695,1.0812758053269116,2.3399590985831598
2013-05-01,0.0030889840998957964,0.005682787755826979,1.0846210130840068,2.353294444580496
2013-05-02,0.001308264629883766,-0.007095996329480769,1.0860409129921473,2.3366545838572836
2013-05-03,0.004752788842809018,0.012555271683915237,1.0912149218724523,2.366176859272767
2013-05-07,0.001706824516932284,-0.0003403199587417305,1.0930790246499582,2.3653717390686517
2013-05-08,0.0018316403201849192,0.006495897576726861,1.0950829869734926,2.3807869652758917
2013-05-09,-0.0007161259664844146,0.006201959588047146,1.0942990503432568,2.395598392282246
2013-05-10,0.0012879742028149767,0.002384882652076925,1.09570938733413,2.40131843142927
2013-05-13,-0.0005300233139896257,-0.0011042792022220027,1.0951287896922206,2.3986681690116822
2013-05-14,-0.0007913298888018679,0.005425837166622927,1.0942625243448851,2.411718323905179
2013-05-15,-0.0002704459461028187,0.0068136969838317185,1.0939666254953295,2.428207152923776
2013-05-16,0.0007452816289634462,0.006232266018885824,1.0947822426184868,2.4433876411345814
2013-05-17,0.001679632863950193,0.008653597526681267,1.0966226199985551,2.4646234850860678
2013-05-20,0.003343979201360138,0.0018903100243630178,1.1002958413966601,2.4692867937271363
2013-05-21,0.00045600670156744326,0.005730454086053882,1.1007976980903553,2.4834775492272043
2013-05-22,-0.0005748204026208227,0.001255475069747547,1.1001651189414534,2.4865974514464613
2013-05-23,-0.0010979472595486004,-0.02157465200417441,1.0989578585394637,2.4335245500643494
2013-05-24,0.002795795473278518,-0.007937579142518913,1.1020346189379722,2.4142847162221557
2013-05-28,0.0009014295013524333,0.015812648969417253,1.1030284733325317,2.4527643839065396
2013-05-29,0.00012250692528399275,-0.016048929964668446,1.1031636102367346,2.4137143340144784
2013-05-30,0.0023748586973641123,0.003683413833387661,1.1057865812911454,2.4226214369847625
2013-05-31,-0.004176096383061809,-0.006376424890135013,1.1011783388780403,2.4072229192741275
2013-06-03,0.0007965718359319203,-0.008207345918439302,1.1020558559854348,2.3875468626234757
2013-06-04,-0.002038186356709262,0.0018110264487294359,1.0998119483032496,2.391874690862097
2013-06-05,-0.0022723233045120585,-0.018580461325955255,1.0973156572468339,2.347842888040706
2013-06-06,0.0002814006640063018,-0.011258489368735525,1.097624486051685,2.321557965747092
2013-06-07,0.00296429754150036,0.011836993647937888,1.1008829988318285,2.349201518147107
2013-06-10,-0.0011433538185269823,0.0014413167703910545,1.099625019346229,2.3525899029735937
2013-06-11,-0.0021873906029102465,-0.015745230293482848,1.0972223386707558,2.3158379266000644
2013-06-12,-0.00397147055214217,-0.0030176812643141204,1.0928733940325253,2.3088599997526464
2013-06-13,-0.00043781573228529684,-0.006311393727026271,1.0923950215943528,2.2943337638501355
2013-06-14,0.002158575797107356,0.010509072685129794,1.0947555858607159,2.3185722229270542
2013-06-17,0.000960956873778628,0.006130607781344111,1.095808104397523,2.332830140031125
2013-06-18,-0.0003005029997886655,0.006236176842755015,1.095478860246864,2.347423537537643
2013-06-19,-0.0053226154356742095,0.0011426613505225447,1.0896635376478885,2.350107380757234
2013-06-20,0.0030191710230725076,-0.024786475143393716,1.092958389583576,2.2925724917372774
2013-06-21,-0.0037872496295344475,-0.009003342163005357,1.0888269117347424,2.2720243170872956
2013-06-24,0.0027658645740493005,-0.020338484741612817,1.0918426281262266,2.2262815314516575
2013-06-25,-0.0006071488258995666,0.013946641086324263,1.0911799183585793,2.2575482066746004
2013-06-26,-0.0028422981750391464,0.011120380030735788,1.0880828631302053,2.2827931069588665
2013-06-27,0.0030594785840336184,0.01411829398684894,1.0914169269954197,2.315250835895778
2013-06-28,0.002891808245647793,-0.0003187888851687859,1.094577663383467,2.3145128772956665
2013-07-01,0.0009176584382377668,0.016709636848242226,1.095582572823872,2.35351247408033
2013-07-02,6.297138869844386e-05,-0.0014835494295954987,1.0956515653521712,2.350023510656621
2013-07-03,0.002627605424304782,-0.003031048095600397,1.0985342910226403,2.3429112606011913
2013-07-04,0.003602018900332563,0.024854124340702555,1.1024983673544975,2.4018719413315526
2013-07-05,0.004526063919574523,-0.003680177154933517,1.107499654972372,2.3930488722706693
2013-07-08,0.003422592476349449,0.014391527352895395,1.111296669068417,2.427737513122109
2013-07-09,-0.00472630217271777,0.010132789543940035,1.1060567377104449,2.452462320497303
2013-07-10,0.01127124186669358,-0.006133391071369232,1.1185938926449264,2.4374664447931202
2013-07-11,0.0006408451737647318,0.007527736848944144,1.119310967884993,2.4558842861257975
2013-07-12,-0.0008282217967656017,0.003980890988019681,1.1183843139345018,2.4656803794008164
2013-07-15,0.0030899071974423466,0.004249608148494843,1.1218453620807198,2.476180850473942
2013-07-16,0.0015808470617880727,-0.005420422327052421,1.123620230553323,2.4627952151779957
2013-07-17,-0.00022972795180319625,0.0028632879218903895,1.1233621332263735,2.469857012126029
2013-07-18,-0.001279914930335318,0.006464934378367815,1.1219252450033856,2.4858762013429514
2013-07-19,0.0005716260634936606,-0.0003306538669090031,1.1225667500477547,2.4850543726422267
2013-07-22,0.0040931220477505095,0.0023394450994125293,1.1271709691496858,2.4908748265776826
2013-07-23,-0.0018275819388370344,-0.0018468324827392024,1.1251128531051937,2.4862788433494076
2013-07-24,0.0019340342954249938,0.0008698981337396106,1.1272909655424654,2.4884425936599253
2013-07-25,0.007454048231666321,-0.004540035413665322,1.1357252424715967,2.477170583184683
2013-07-26,0.0015459365836392115,-0.0028684835814623,1.137482359518711,2.4700750416258606
2013-07-29,0.006346279816746617,0.0008010577253525497,1.1447240955953588,2.4720545070473388
2013-07-30,-0.0003471407974684741,0.006256932444342667,1.1443267841254325,2.4875704756605925
2013-07-31,-0.005523086556018509,0.0028953518798431332,1.1380239897098385,2.4947833043132395
2013-08-01,0.0034367777340399263,0.012581122181206439,1.1419418537761696,2.5263687514420266
2013-08-02,-0.0008247509499270842,0.004689793330594938,1.1410004244232472,2.538244724926953
2013-08-05,-0.0012189728826335331,0.0042995064381639025,1.1396104232058137,2.5491814188085407
2013-08-06,0.0016748246196959212,-0.005416994898345351,1.1415206700171294,2.5354098500027487
2013-08-07,-0.0022061080572874266,-0.009639365968334701,1.1390051278685893,2.5110875208252166
2013-08-08,-0.0015726438803214688,0.007725579272401362,1.1372152861852647,2.5305622564726358
2013-08-09,0.003149055533092038,0.0025950440592961144,1.1408020848245384,2.5371377051223907
2013-08-12,-0.0013284138638149524,-0.0032116786095581773,1.1392876336508666,2.52900230536301
2013-08-13,0.0002415961893224716,0.001583912551609501,1.1395629144537565,2.533011197886999
2013-08-14,-0.0032723639924808062,-0.0009606753416395719,1.1358399445838483,2.5305789649692447
2013-08-15,-0.0003301100446815793,-0.026415844380565545,1.1354650542899207,2.4646067765894633
2013-08-16,-0.004095086782973729,0.009591073890884871,1.130824734095262,2.488358723559317
2013-08-19,-0.003441928070007075,0.0020606601369070887,1.1269392073883837,2.493491672002056
2013-08-20,0.001729966732458906,-0.006147302630189699,1.1288904620428484,2.4782104413852415
2013-08-21,0.0005714095209889362,-0.002100471062167486,1.129535705132479,2.473010495147287
2013-08-22,-0.000455309673662215,0.007467083583541978,1.1290215336616902,2.4915457873825795
2013-08-23,-0.0015814449459772882,0.006676376264424633,1.127237459342865,2.5082359374043994
2013-08-27,-0.0009330058383188993,-0.012455932316713714,1.1261862306896195,2.4771872916812914
2013-08-28,0.001386248028526506,-0.009675598637883809,1.1277484867186567,2.4533346023054277
2013-08-29,-0.0007727965979254433,0.007492814839823225,1.1268773031919948,2.4717860244401075
2013-08-30,0.0015375093523045894,-0.007533812369828752,1.1286112201997878,2.453234023708207
2013-09-02,0.0018425911426252284,0.016969482719543905,1.130692706312621,2.495219363312906
2013-09-03,-0.0008918531981470286,-0.0009415879903382773,1.1296847439504143,2.492871000495766
2013-09-04,0.000690639463441685,-0.0006731060732718674,1.130465218298004,2.491193598483522
2013-09-05,-0.00020497404220293182,0.00843483823429736,1.1302335260189023,2.5122952830357876
2013-09-06,0.002845376129282798,0.004729306542271772,1.1334540451356399,2.524204837322716
2013-09-09,0.003615115369826436,0.002959445423584839,1.1375590277974712,2.531686148582599
2013-09-10,-0.001237207293693023,0.011711512040490035,1.1361525017328387,2.561510323598531
2013-09-11,0.0022523549156013008,-0.0016319300149891802,1.138714404479045,2.5573335270645297
2013-09-12,0.0006874924792250774,-0.0035285122864578966,1.1394975312341418,2.5483258454970206
2013-09-13,0.0021382578357403296,0.001841366861375704,1.141936677591671,2.553022571131304
2013-09-16,-0.0016336549090315042,0.0047129187850529775,1.1400726701195587,2.565083157122854
2013-09-17,0.0016311044951523566,-0.009177493109985946,1.1419337651842334,2.541649818250053
2013-09-18,-0.0003777690302911087,-0.004173053647802405,1.141502459445208,2.5310654770763117
2013-09-19,-0.0010584546305266705,0.003169389205288198,1.1402948700832676,2.539100134429682
2013-09-20,7.264449383943871e-05,-0.006947451938343008,1.1403777092358003,2.5215209941031294
2013-09-23,0.0003931596408288627,-0.007438265491451546,1.1408261478745834,2.5028348339720115
2013-09-24,-0.003116532881086102,0.00949175531441071,1.1372762602172053,2.5267042318444752
2013-09-25,0.00042770482802317183,-0.002286348904050328,1.1377627828011088,2.520933903398844
2013-09-26,-0.0011058697921079346,-0.0012916497415602635,1.1365052607649977,2.5176798417803647
2013-09-27,-0.0017162940722553594,-0.005645712259253699,1.134556356447725,2.503505794776905
2013-09-30,-0.004739636572647434,-0.0011195750176078434,1.1291916949625749,2.5007045006547006
2013-10-01,0.0015740211093885183,0.0038963044057496177,1.1309704660713809,2.510467013127718
2013-10-02,0.0016369184292662335,-0.005030577963156091,1.1328232885161318,2.4978696257304938
2013-10-03,-0.003072957757917937,-0.002575271639008392,1.1293475135932578,2.4914452087853607
2013-10-04,0.0013261199560394912,-0.0009295239551363466,1.1308461573394013,2.4891304267702195
2013-10-07,0.0008882702055227055,-0.004606542033796401,1.131851100552476,2.477690512284964
2013-10-08,-0.0007746006669943126,-0.007024846101211679,1.1309747074062277,2.4603461099548474
2013-10-09,0.0019483466622037026,-0.002020065778216562,1.1331803862181753,2.4553810655221224
2013-10-10,0.0014977076319419367,0.017512085591663507,1.134878830700127,2.498758616035225
2013-10-11,0.0011600254710054428,0.004901852471050461,1.1361960829255962,2.511037231526607
2013-10-14,-0.001632424882792402,0.005834765405630549,1.1343428412185803,2.5257313714391345
2013-10-15,-0.0006864443569952429,0.004704207216349232,1.133564445169681,2.5376409257260644
2013-10-16,-0.0031544363150899637,0.005813113667555214,1.1299943221415734,2.5524354804270177
2013-10-17,0.002131098586974753,0.0010050270153154628,1.1324050192490138,2.5550020365527826
2013-10-18,0.0019459318212468697,0.010403991663906709,1.1346107476129894,2.5817230178460644
2013-10-21,0.000607560739441618,0.008462442221441435,1.135300302009666,2.6036634034044557
2013-10-22,0.0017191968585289967,-0.000612221901223009,1.137253785452518,2.6020698714928203
2013-10-23,0.0014672165380927042,-0.0011287592910136368,1.138923607710403,2.599134417971395
2013-10-24,0.0007885289958477077,0.0020566375023811645,1.1398220361710323,2.6044853959139687
2013-10-25,0.000893063056901064,-0.0022761124161512214,1.140840423797476,2.5985640357637165
2013-10-28,-0.00035690240699669376,-0.004062036210914499,1.1404333277553236,2.588029983888585
2013-10-29,-0.0013939838117189307,0.006891847599879597,1.1388446896832178,2.6059278961209826
2013-10-30,-0.0016118230621654634,0.0030528487485703693,1.1370105520978782,2.6138955556791372
2013-10-31,-0.0005016482128630791,-0.006631708301895856,1.136440315827373,2.5966183149530297
2013-11-01,0.0022665758943149344,-0.0015709881807577375,1.1390190654143824,2.592542260825039
2013-11-04,0.004065268568778892,0.0008213785226338643,1.143658908534458,2.5946725941423465
2013-11-05,0.0021120873234871905,-0.006537886905036316,1.1460769686957777,2.5777642508118963
2013-11-06,0.0006299124361576098,0.0023528479498402532,1.146799124254658,2.5838364788579784
2013-11-07,-0.0022055728811283355,-0.0009287608542205561,1.1442725624883732,2.581437826742224
2013-11-08,0.001082331725374845,-0.003091293156936459,1.1455117154515462,2.5734701671840674
2013-11-11,-0.001404962757805937,0.005097167930562918,1.1439034441978644,2.5866210644835763
2013-11-12,0.0004471843422647131,-0.003332358675713465,1.144415094299603,2.5780158611137347
2013-11-13,0.004443527847888914,-0.012393391008435728,1.149511649597436,2.546262673783721
2013-11-14,0.004322025583253025,0.005131843525617796,1.1544906202239007,2.5593632817846195
2013-11-15,0.0002996676209153545,-0.0007409255530816949,1.1548366355236337,2.5574676864637507
2013-11-18,-0.0010883981090072195,0.0028752187620852965,1.1535803972809942,2.564831546821015
2013-11-19,0.0028879256340533185,-0.0016298150912739118,1.1569166668116544,2.5606547502870103
2013-11-20,0.0012798372180241966,-0.005702200834958759,1.1583982797294319,2.546094933582497
2013-11-21,0.0017751364307489977,-0.0019981874393213417,1.1604564209173454,2.5410124382471584
2013-11-22,0.0025618109640168,0.0025843854456688575,1.163433102119019,2.5475878868969115
2013-11-25,0.0017735042531435417,0.007360415362276385,1.1654982864391579,2.56640837023604
2013-11-26,-0.0014620882493768172,0.0004050982705852135,1.1637954702270163,2.567448228436597
2013-11-27,0.0008382735048372129,0.006551076187339078,1.1647714581500133,2.5843229909650423
2013-11-28,0.0020003021723359994,0.0016278103615512407,1.1671036848294285,2.5885332044922587
2013-11-29,-0.00109708986659455,0.0022525321739408355,1.1658239693133554,2.5943705307331073
2013-12-02,-0.0020792887315984393,-0.008558092269979056,1.163402403111052,2.5722624049734963
2013-12-03,-0.00018057007460152153,-0.011919636977008707,1.1631923464178775,2.541783977649272
2013-12-04,-0.0017997570357263161,-0.0016577743508019438,1.1611007655417822,2.5375737641220586
2013-12-05,0.002720219059982036,0.001961335193964686,1.1642635137084376,2.5425556808601772
2013-12-06,0.0008277750305221154,0.010461159302048273,1.165227660967493,2.569293370650066
2013-12-09,0.0025786318680175464,0.004865061534381709,1.1682362314783732,2.5818235964432867
2013-12-10,0.0014746386297848487,0.001233662265564206,1.1699602285779747,2.585010660266545
2013-12-11,0.0018852860697771753,-0.0009543444298376613,1.1721680188032548,2.5825448465467926
2013-12-12,0.000800437925871136,-0.012062484484253844,1.1731066421457441,2.551580070924292
2013-12-13,0.001935231938573304,0.0014452293532105642,1.175379073718845,2.555270355351226
2013-12-16,-0.0002390788367945112,0.009870033604114425,1.1750980990459952,2.580615834232711
2013-12-17,-0.000137562440474075,-0.002342744483522452,1.1749364608016244,2.5745771869886327
2013-12-18,-0.0005566042749280014,0.001178604027824548,1.1742826681135552,2.5776133829160703
2013-12-19,-0.0006089791855654813,0.014426839830033344,1.17356777211119,2.6150697370877083
2013-12-20,-0.0016892457699480882,0.002984612128763331,1.1715870011918714,2.6228863649412477
2013-12-23,0.0023226384518435974,0.006698959448604214,1.1743113368091138,2.640515958375202
2013-12-24,-0.0007015508009788564,0.0026201567697281547,1.173487786665086,2.6474435959240115
2013-12-27,-0.0009477119388981886,0.006007365287233668,1.172376185101748,2.6633956235369287
2013-12-30,-0.001746740744959853,0.0014223689935892736,1.1703301353302868,2.6671866503698736
2013-12-31,-0.0009761476872189811,0.0021799283464609687,1.169188277676925,2.6730072681141173
2014-01-02,0.0006906552307635472,-0.001023452427308058,1.1699960625949797,2.6702729717871314
2014-01-03,0.002194060071235348,0.006349530522671287,1.172565922421919,2.6872818937147946
2014-01-06,0.0005278943389283697,0.0017960706087922773,1.1731850767440382,2.6921127787482964
2014-01-07,-0.004000055358992444,0.0012391857136275775,1.16850164472913,2.6954508742761805
2014-01-08,-0.0012710143130338128,-0.004209429660463115,1.1670174058581133,2.6841284106935355
2014-01-09,0.0025101387108320394,-0.0032988474607673623,1.1699504610724412,2.675288469327253
2014-01-10,0.0006935268426452696,0.01510264598732114,1.1707621345478982,2.7159990489261605
2014-01-13,-0.00038478733226233216,0.003889460430064773,1.1703117267705927,2.726583390099903
2014-01-14,-0.00028863549650396086,-0.0011572387813512108,1.1699739820091801,2.7234299070786445
2014-01-15,-0.0036910776966287604,0.003498455095391151,1.1656634772364423,2.7329743900518246
2014-01-16,0.0020202335625090946,-0.005119613540989221,1.1680207700550373,2.7190183725482036
2014-01-17,0.003897532427426377,-0.0013952359331863562,1.1725820519802317,2.7152273457152547
2014-01-20,0.001006800047670248,0.0024680554367169094,1.1737632021373077,2.72193695376423
2014-01-21,0.0002390686201099399,-0.005121795898601178,1.1740438456315683,2.7080313893680055
2014-01-22,0.0013849929041374787,0.00018580798431422352,1.1756710145755311,2.7085346099716787
2014-01-23,0.0008453813399695371,-0.010402498423935924,1.1766653251397778,2.680505124061816
2014-01-24,-0.00020491880078503735,-0.017466899403201452,1.1764242289958349,2.6340915414300663
2014-01-27,-0.000765068852588104,-0.011219535972688988,1.1755245276714155,2.6047034254138044
2014-01-28,-0.00048780444459641924,0.012008824982538968,1.174951241419244,2.6361714216399754
2014-01-29,0.003572606399080213,-0.0017513641448871908,1.1791563869351325,2.6315585661063077
2014-01-30,0.002271723912597762,0.0008601438670350348,1.1818381496549537,2.6338230588228333
2014-01-31,-0.004991670053745256,-0.0017465098295286197,1.1759535028813466,2.629227075594562
2014-02-03,-0.002731009532206934,-0.007440989817236954,1.1727463440395889,2.6097356314505338
2014-02-04,0.0006598724758294085,-0.0011512061740539536,1.1735204624547781,2.6067330163251023
2014-02-05,0.000861415988364704,0.0013568768936984554,1.1745317872669545,2.6102724328562097
2014-02-06,0.0025305825866578854,0.014577005766145845,1.1775078008912545,2.648601068835975
2014-02-07,-0.0008574877982870806,0.004751183712565776,1.1764985350979955,2.661215000921016
2014-02-10,0.0026991476708698517,0.0028701475664885123,1.1796783678673648,2.6688640523821188
2014-02-11,0.0006078748568145393,0.010478673478065303,1.1803956826830517,2.696977244583807
2014-02-12,-0.0008628880700863807,5.5998795007283775e-05,1.179377572651155,2.697128276288423
2014-02-13,0.0013009105793781793,-0.0031019629451662922,1.1809128358160257,2.688774847029208
2014-02-14,0.0022965281377558253,0.005052855725601546,1.1836279518485946,2.7023952203215953
2014-02-17,-0.0014295345881737889,0.008289297556267172,1.1819371235885816,2.724889279591055
2014-02-18,-0.0011197260386774902,0.00597786248985166,1.1806144184870908,2.7412270769050338
2014-02-19,-0.0018779106051253528,0.000318157901311622,1.1783994105944005,2.7420993587131575
2014-02-20,0.0022561388690380863,0.001314337794038778,1.1810610446869472,2.74570577303948
2014-02-21,7.043710992962185e-06,0.005610823553688249,1.1810693637689096,2.7611547438575155
2014-02-24,0.0009111317227093259,0.0047515187995355035,1.1821459639207559,2.7743056411570235
2014-02-25,-0.0003053050676795466,-0.0006895286369985598,1.1817851038562401,2.7723933373395484
2014-02-26,-5.953280831458169e-05,-0.003406176249262316,1.1817147509643566,2.7629661414601943
2014-02-27,-0.002424900289221342,0.0031096402636769938,1.178852682041293,2.771571344830033
2014-02-28,-0.0020947586348447353,0.012211045290481337,1.1763858548122357,2.8056226056785807
2014-03-03,-0.0008398754106811919,-0.021220839180692508,1.1753982520489978,2.7467122142468257
2014-03-04,-0.00024594087820966693,0.019599316603443384,1.1751092091158362,2.801076911748913
2014-03-05,0.0008618312272659595,-0.005073059663384782,1.1761223914610799,2.786902864745457
2014-03-06,0.0005719937837477573,0.003448903479638332,1.1767953185946436,2.79653121781925
2014-03-07,-0.0001501769257526467,-0.006758760933765373,1.1766186043609892,2.7776938621747234
2014-03-10,0.0004883722171933841,-0.0065615798744627085,1.1771933725365724,2.7595274673350954
2014-03-11,0.00032826353864147265,0.001840164366674557,1.1775798656310312,2.7646101264792238
2014-03-12,0.0020446120400340233,-0.009436723290537685,1.1799900226808373,2.738643976091453
2014-03-13,0.002006932880624068,-0.008642777045125172,1.1823605614165633,2.7150764778194287
2014-03-14,0.0010834903918784033,-0.003794354083947127,1.183642331992251,2.704794036246136
2014-03-17,-0.0010650751002342631,0.010640924518687811,1.1823823351316145,2.733729220957335
2014-03-18,0.00021510015471649338,0.003479147175788455,1.1826366931100747,2.743256831625122
2014-03-19,0.0033731353229327116,-0.0009421216629927898,1.1866326223299803,2.7406735670027498
2014-03-20,-0.003392327622237931,-0.007457871374324299,1.1826139958104986,2.7203100048593876
2014-03-21,0.0027190574696741273,-0.0035395469739096797,1.185833966888911,2.7106983602821995
2014-03-24,0.0005391993995724823,-0.008744704880625065,1.186473540265145,2.6870974450169633
2014-03-25,-0.0014838588171012725,0.008311445390463135,1.1847142866059912,2.7095241788736275
2014-03-26,0.0012217145855167302,0.0061594208957505,1.1861625538340672,2.726264782002851
2014-03-27,-0.0008491077555477337,-0.003124330884169524,1.185155801491365,2.7177603210390204
2014-03-28,-0.000737953120090569,-0.0012660613756239059,1.184281534693492,2.71432164691392
2014-03-31,-0.004318944677703573,0.005669333627658091,1.1791777177474188,2.7297537454265615
2014-04-01,-0.0013323938124700206,0.008194298519455856,1.1776076348691227,2.752214060085228
2014-04-02,0.0028564461134614636,0.0005118506750250162,1.180976216416327,2.753623143299029
2014-04-03,-0.0002752087268198161,-0.004083642924488373,1.180651246174777,2.742401258313604
2014-04-04,-0.0012139501777500292,0.005161230901462588,1.1792188639808372,2.756592013813665
2014-04-07,-2.1536851070815064e-05,-0.010453777958437271,1.1791934675932638,2.7279253117096984
2014-04-08,-0.0014554996972705112,-0.015385717163717061,1.177478400300899,2.686275452507449
2014-04-09,0.0041343968011892315,0.009273437521780892,1.1823566405743222,2.71130232329188
2014-04-10,0.001755638213648414,-0.0009408332668066066,1.1844342543100628,2.7087526394715105
2014-04-11,0.002864833250073159,-0.015608666296133222,1.1878323260747508,2.6668008806688186
2014-04-14,0.002087368602303725,-0.012404908011802718,1.190314359535151,2.6339238012288444
2014-04-15,-6.303347408003683e-05,-0.007151837393898575,1.190239332250462,2.615153607188324
2014-04-16,-0.00038873422657365096,0.00992461036595671,1.1897767354036415,2.64123720847871
2014-04-17,0.0013659060618969963,0.010229500973483852,1.1914029690471906,2.6683944125804477
2014-04-22,0.0018911799468580262,0.010897216721652114,1.1936582583576572,2.697631496892095
2014-04-23,-0.002390712171648118,-0.0057745959891590815,1.1908079734935397,2.682098655973446
2014-04-24,0.003437498454726375,0.00013759218522579886,1.1949084176598372,2.6824677171778992
2014-04-25,0.0005552927346298348,-0.006499371020145972,1.1955721258818341,2.66508989785457
2014-04-28,-0.005760858803277051,-0.003909900753022555,1.1887044046551662,2.6546900053786606
2014-04-29,0.0028821565504912865,0.004438418428744484,1.1921353787688573,2.666498817259582
2014-04-30,-0.005002204943368427,-0.005007257436663082,1.1861869632841462,2.653180343567641
2014-05-01,0.00468690971983849,0.0020904473942486845,1.1917595634276348,2.65873247870465
2014-05-02,0.0007236253195889053,0.005072228754510633,1.1926222629205465,2.6722524372086083
2014-05-06,0.0014310715105271279,0.0004894824346610704,1.194330212471319,2.6735607780164017
2014-05-07,-0.000326594799056975,-0.0035637339827925274,1.1939402141247517,2.6640498758452216
2014-05-08,0.0025585080421613626,0.005431639231108676,1.1969988308437205,2.678559403251126
2014-05-09,-0.0004771449251525173,-0.005230161272480771,1.1964278251632345,2.6645866772508997
2014-05-12,0.0018297259900443821,0.006037700023359349,1.198618964230889,2.68072331737044
2014-05-13,1.6277669312689236e-05,0.0035914754329784415,1.198638475112816,2.6903683789408377
2014-05-14,0.0012493205511578008,-0.004017109514382611,1.200136894601419,2.6795825529550816
2014-05-15,0.0009280977021518372,-0.022671888772821447,1.2012512559336728,2.619514852420157
2014-05-16,0.0016898352232987395,-0.014096885747207466,1.203282888696832,2.5828469099560287
2014-05-19,0.00089784344331677,-0.0012021848413272807,1.2043637334910018,2.5797437162333776
2014-05-20,0.0024572123688337884,0.003951984797909702,1.2073267498428608,2.5899589962026677
2014-05-21,-0.0008211138389749559,0.010495072132014727,1.206335804035735,2.61728394050563
2014-05-22,0.001740388893843639,0.0045974072216949935,1.2084371254991932,2.6293443626883866
2014-05-23,0.0013794341663198881,0.001969363788816736,1.2101052352172132,2.6345276004297333
2014-05-27,0.0022100715975375187,0.008741787904178011,1.212782611934933,2.6576590397020894
2014-05-28,0.0031423365655223632,0.005758481187204012,1.2165995770361349,2.6730072681141173
2014-05-29,0.002417686797799648,0.0012166381105558344,1.2195444922786247,2.6762613297325966
2014-05-30,-0.0012493699603417351,0.003472540767834431,1.218021781437333,2.6855709109005463
2014-06-02,0.00038828507924817675,0.004617629524751976,1.2184948129508608,2.698000558096549
2014-06-03,0.0006070207906689059,-0.007018929765489901,1.2192346891730501,2.6791297854588096
2014-06-04,0.0006055869689055467,0.0009136634006807753,1.2199732654263564,2.681578726873167
2014-06-05,0.002200764947037124,0.000562816599185112,1.2226610963824591,2.6830883886841854
2014-06-06,-0.001039886670567465,0.014732638401168785,1.2213903282476457,2.722909977978364
2014-06-09,0.00017884781102632777,-0.0008936468256059982,1.221608790769451,2.720477745060612
2014-06-10,0.00020692382754818354,-0.0004810991026840128,1.2218615968911068,2.7191692404440286
2014-06-11,-0.001519487852119626,-0.00761656052644355,1.2200064028669968,2.698537195693432
2014-06-12,0.0010376369577597658,0.002384111634812669,1.221272983611167,2.7049784849439646
2014-06-13,0.0016953964291457815,-0.01948667815710614,1.2233452816535653,2.6527777015611864
2014-06-16,0.002576603987341616,-0.006858812756687982,1.2265014223003519,2.6346450513323503
2014-06-17,-0.0005081099964554741,-0.007746390514101975,1.2258783829666755,2.6143149061822024
2014-06-18,0.0011272374901519417,0.0024800119774059937,1.2272610181710357,2.6208064847313404
2014-06-19,0.004227902819877073,0.0038137265790236796,1.2324607427100156,2.630820607506194
2014-06-20,0.004502491470827649,0.006830779393567354,1.238022397949151,2.648852679137812
2014-06-23,0.0009775906568498815,-0.0073793001529995905,1.2392332688499623,2.6293779434903874
2014-06-24,0.0032141986063643105,-0.008205641966343435,1.2432228188640142,2.607890489237064
2014-06-25,0.0037312123251188067,-0.006012701154196165,1.2478702119821412,2.5922570697211973
2014-06-26,0.0017214088267038766,0.01239854124131412,1.2500201567156473,2.624597347755497
2014-06-27,-0.0004785048366290511,0.002215262859422751,1.2494221591085586,2.6304179654997366
2014-06-30,-0.002140369838408333,0.0026810699610440025,1.246750793478809,2.6374797624477666
2014-07-01,-0.0013235706700174981,0.007432484040101883,1.2451017222676255,2.657155819098419
2014-07-02,0.0017858051540413484,0.0035414504686439585,1.247327217899898,2.6665826873601914
2014-07-03,0.0018509013076815812,0.008262903561824686,1.2496380353664442,2.6887076854252006
2014-07-04,-0.00047741857265530893,0.0013217410826840137,1.2490415773506602,2.692263810452915
2014-07-07,0.002809429577400489,-0.009886619819406306,1.2525556055975977,2.665777567156072
2014-07-08,0.0007403811796414077,-0.015204054269693401,1.253483317582305,2.6255534996642305
2014-07-09,-0.0007423442289346331,-0.0065957589368323966,1.252553146771615,2.608292967434731
2014-07-10,-0.0016944275661269152,-0.007079796509065872,1.2504325832696725,2.5898919984074524
2014-07-11,-0.00041437396518979484,0.0007445462146566939,1.2499145439003667,2.5918210107215325
2014-07-14,0.003572331157640667,0.008140777516342013,1.2543876374987804,2.613006565374408
2014-07-15,0.0008492589135101422,-0.008846489430441196,1.2554533898667168,2.5899925770046672
2014-07-16,0.00034934176930616996,0.010289819714014214,1.2558920487916956,2.616780719901956
2014-07-17,0.0008470678170341114,-0.00296590693324994,1.256956325221415,2.6090310898436324
2014-07-18,-0.0006062516542630404,0.00017998924570505892,1.256194524314776,2.6095007296453034
2014-07-21,-0.0008594828902809957,-0.004555007353573615,1.2551153104636183,2.597641464656981
2014-07-22,0.0025424143401137703,0.010572834734970726,1.2583103935188762,2.6252516000637844
2014-07-23,-0.0015214794490202997,0.0047997366694705335,1.2563973558074708,2.6378824044542215
2014-07-24,-0.0012780871346572866,0.0014424410150084555,1.254792596240723,2.641690139783773
2014-07-25,0.002986138472003289,-0.0036195641129843636,1.2585451807667638,2.6321456568105916
2014-07-28,-0.0008234713884375126,-0.004810222870567316,1.257509231415212,2.619514852420157
2014-07-29,0.0005512208257768188,0.00450429627332305,1.2582025877708503,2.6313405366064737
2014-07-30,0.0016900606160851963,-0.0036530079240577606,1.2603308243293183,2.621745764334683
2014-07-31,-0.004310336735118914,-0.008623248500345682,1.2549100651202736,2.5992349965686157
2014-08-01,0.001041917820668317,-0.0060132560419603465,1.2562182596777225,2.583652030160146
2014-08-04,0.00199822022182361,-0.0026068726065826553,1.2587309700454887,2.576925549805776
2014-08-05,-0.0013002231071581884,-0.0006966884815167163,1.2570954024843295,2.575130860699706
2014-08-06,0.0010128009102934046,-0.005827314158850072,1.2583692348126745,2.560168401988737
2014-08-07,-0.0032485020448691677,-0.0014818698754215376,1.2542880522341406,2.5563773751557926
2014-08-08,0.001504403308355789,0.0002165618293759053,1.2561764274123333,2.5569310488668635
2014-08-11,0.001245412269238097,0.014154684789472682,1.2577418595492165,2.5933809618311607
2014-08-12,-0.0005883324334792997,0.0003297889784619201,1.2570021068518893,2.594236371333886
2014-08-13,-0.00042347688757144277,0.003981523568642231,1.256469908206875,2.6045859745111897
2014-08-14,0.0004179170137859038,0.009492692927757673,1.2569951180982553,2.629428232788999
2014-08-15,0.0015441931068350323,-0.0004976999938950399,1.2589376607394214,2.6281198919812057
2014-08-18,0.0026367728314496564,0.008174452313884473,1.2622615736355458,2.6496913801439343
2014-08-19,0.0005227021831951988,0.006241365057855219,1.262921532981918,2.666280787759748
2014-08-20,-0.00014150215500780672,-0.009252909390818687,1.2627428395064493,2.641723720585777
2014-08-21,-0.0015126269359462723,0.0056794276128595556,1.2608342245493516,2.6567698855885684
2014-08-22,0.0034700769407910474,0.0026797243655654057,1.2652170162323744,2.663898844140606
2014-08-26,-0.0007180311436630517,0.007334016082099382,1.264308877086339,2.683507739187246
2014-08-27,0.0025264420571781123,0.0016613026935488051,1.2675071185914237,2.6879695630162974
2014-08-28,-0.0012173693241151707,-0.007120583623521526,1.26596503314136,2.6688976331841197
2014-08-29,-0.00023358798731558774,-0.0015850877216063708,1.2656693534522128,2.664670547351508
2014-09-01,0.0034180431413885965,0.004484500996042584,1.2700028677554236,2.676647099433656
2014-09-02,0.0002726874173642286,0.0005200583561482119,1.2703492287794773,2.6780394741508475
2014-09-03,-0.000944961748990147,0.0016584633511715907,1.2691493643527005,2.682484589483295
2014-09-04,0.002174086736375584,0.0002438070919765778,1.271911606741476,2.6831386779827966
2014-09-05,-0.0006263618351141986,-0.004461116696679923,1.271115179305288,2.671195542893865
2014-09-08,0.004057283556311139,-0.009863475715491177,1.276282930447229,2.6449777822042564
2014-09-09,0.005841996858046672,0.001178923789215247,1.2837607928736738,2.6480978482323034
2014-09-10,0.004601940230005982,-0.007260149194980414,1.2896821978377477,2.628941884490723
2014-09-11,0.0015367954504548736,-0.0032785636703849264,1.2916656992995523,2.6203368449296702
2014-09-12,-0.0010852184161743443,0.005776617809399198,1.2902647202167767,2.6355173331404775
2014-09-15,0.0019083480292913144,-0.003998601942077684,1.2927293452860924,2.624999989761952
2014-09-16,0.0036625583605218236,-0.003591326284251295,1.2974727231041676,2.6155896661879905
2014-09-17,0.0011802451980871442,-0.00105226313152329,1.2990049630868366,2.612838825173182
2014-09-18,0.0015350052300997534,0.009335655232586504,1.3010004736668637,2.6373456030485465
2014-09-19,0.002186911240126748,0.008631567667229945,1.3038487595651793,2.6602085597136704
2014-09-22,-0.003076482307226755,-0.007246018903689588,1.2998436558993,2.641002306673477
2014-09-23,0.0019416688840372548,-0.013485554621164297,1.3023699737227263,2.605625996520539
2014-09-24,-0.0014615229861235832,0.00025099780874704436,1.300467920355625,2.606280085020036
2014-09-25,-0.0044728231929996925,-0.007214927465765797,1.294664146582602,2.587543635590311
2014-09-26,0.0007736112769563695,-0.002739420239185719,1.29566610087787,2.5804649663368857
2014-09-29,0.0009852117522114276,0.000415900161524263,1.296943235368048,2.581538405339447
2014-09-30,-0.0011979093757941723,-0.0006759494390262688,1.2953905450833267,2.579794005531988
2014-10-01,-0.008580652751488638,-0.011036168936009005,1.2843228007812435,2.5514794923270743
2014-10-02,0.0003122584537433614,-0.013615481088670833,1.2847239040538074,2.5169753001734625
2014-10-03,-0.0001408446858199645,0.014876886515279963,1.2845429702612563,2.554699973143546
2014-10-06,0.0011875105099504522,0.00307472215811444,1.2860692846167288,2.562567054104487
2014-10-07,-0.0012733012038657746,-0.011706654163367247,1.2844327731554843,2.5327428790885524
2014-10-08,0.005111757263186065,-0.01103476381538293,1.2910152914972461,2.504948294983922
2014-10-09,-0.0017899487687619647,-0.00821662163613901,1.2887065071850257,2.484450409632545
2014-10-10,0.0019065168735142267,-0.011523624268839683,1.2911657914745602,2.455984864723016
2014-10-13,0.0012370323686695596,-0.006688228064733792,1.292763993662048,2.4396134866070343
2014-10-14,0.0008354296450771381,0.008612408047749653,1.29384445828969,2.460715171159301
2014-10-15,0.001724174426456542,-0.01671027554111504,1.2960771960780642,2.4199375937651766
2014-10-16,0.0004444536766140183,0.003694596092634228,1.2966533703849463,2.4288948222252795
2014-10-17,-0.0008122742503526889,0.018982911821428416,1.295600559883866,2.4754427280650417
2014-10-20,-0.0016361785636636176,-0.00010839812139096239,1.2934824592886354,2.475174409266598
2014-10-21,0.0007035151813390478,0.01806570068684188,1.2943927640045894,2.5202965233959493
2014-10-22,0.0006914171945641891,0.009610879125588667,1.2952880388866992,2.544635561070088
2014-10-23,-0.0005779048039866949,-0.0022503472373376354,1.2945397019610594,2.5389156857318524
2014-10-24,0.0007117665560725013,-0.003070273389074174,1.295461440018671,2.5311324748715265
2014-10-27,0.002279700863363808,-0.003265799036018535,1.298418073421319,2.5228797880183196
2014-10-28,0.0018802864378405647,0.0055032991420453925,1.3008617680183558,2.53680222471994
2014-10-29,-0.002144053467246561,0.007293071525234396,1.2980756387066448,2.5553709339484474
2014-10-30,0.0024337850230632153,0.004205387795330751,1.3012387233275935,2.566139887628807
2014-10-31,-0.0023015348592660503,0.013188669279303511,1.2982473207747254,2.600208020782748
2014-11-03,-0.0031392987644955355,-0.003114253348853069,1.2941781251169513,2.592122910321977
2014-11-04,-0.000498278188674556,-0.0038318205240290837,1.2935334250182835,2.5822093661443417
2014-11-05,0.00031558924387986467,0.008551053890785809,1.293941714676342,2.60438465350796
2014-11-06,-0.002835031282050104,-0.0007216295663177164,1.2902785444926468,2.6025059304924905
2014-11-07,0.002444280287934815,-0.0032666435337151967,1.2934362044357515,2.5940183418340546
2014-11-10,-0.001011156297561597,0.008480232817969835,1.2921289992778837,2.616109759097061
2014-11-11,-0.000526632436736039,0.0022096342323809637,1.2914487013836085,2.621896796039301
2014-11-12,-0.0009632963024769914,-0.0016904368120229663,1.2902052526256762,2.6174683892034607
2014-11-13,0.0008862798583964247,0.0017672183523025353,1.2913492424269521,2.6220981170425244
2014-11-14,0.0033281212647449936,0.0007801009955663574,1.2956541689861112,2.6241444164504304
2014-11-17,9.843639628574752e-05,0.0002876070229405059,1.2957817147908106,2.6248992473559434
2014-11-18,0.0014133580350669654,0.0032410887916540787,1.2976144131134728,2.6334205806251725
2014-11-19,-0.00114312787005083,-0.006229793197098488,1.296131921413489,2.617065911005796
2014-11-20,-0.0001484625806769267,0.00016660744901564328,1.2959395086069425,2.6175019700054647
2014-11-21,-0.002791508504153588,0.005566178235701713,1.2923269270697648,2.63211207600859
2014-11-24,0.00019469806570558657,0.001178280322442049,1.2925785651186503,2.635215269731238
2014-11-25,0.0033986641086950486,0.007704125266773332,1.2969790791943816,2.6555957041799982
2014-11-26,0.002629207283737683,-0.002732400102919641,1.3003935928013102,2.6483494585341365
2014-11-27,0.00029521614049210347,0.006395594944629934,1.3007775466507958,2.665341508156406
2014-11-28,-0.009519481601816256,-0.002388066640625297,1.2884535707254012,2.65898408900649
2014-12-01,0.004767749296748822,-0.008361994373725423,1.2946112618304144,2.636842382444875
2014-12-02,-0.0004715690869786361,0.007175317670096604,1.2940009071032021,2.6558306059852264
2014-12-03,8.667611819631509e-05,-0.0013525463524022285,1.294113070939665,2.652240900155511
2014-12-04,0.001955913515434665,0.0018261283777665227,1.296646721178262,2.6570886574944113
2014-12-05,-0.0002806379151967243,0.010200028680960926,1.2962828840013252,2.6843297316967605
2014-12-08,-0.00044035952526651743,-0.003154423465256073,1.2957121791527957,2.6758755600315407
2014-12-09,0.0033510247486407243,-0.015044443361732718,1.3000614258790208,2.6359198113381392
2014-12-10,0.00021445246008114502,0.0014752859718321076,1.3003402571470144,2.6398114167683007
2014-12-11,0.00024340418605372474,-0.0047132344186398,1.3006568039317417,2.627398641877698
2014-12-12,-0.0022601456202813097,-0.018453800623356997,1.297720449696899,2.579357782723527
2014-12-15,0.00022540013758838736,-0.009356131021737824,1.2980129890327767,2.5553375169552326
2014-12-16,0.0028480491538068605,0.012583010695038865,1.301715063169967,2.5876945034861376
2014-12-17,0.007349832584986152,0.0011143344002206845,1.311317696603831,2.590579667708954
2014-12-18,0.0018948942207321338,0.018520782888328924,1.3138048606408432,2.6390062965641854
2014-12-19,0.004140829484633001,0.009879415518597057,1.3192563816648093,2.6652073487571872
2014-12-22,0.0023216191795777524,0.006436554267587269,1.3223227506765283,2.6824174278792907
2014-12-23,0.00021362925869060313,0.0064016396972323975,1.3226052676813798,2.6996443793067897
2014-12-24,0.001312561240751655,0.0006646269934034166,1.324342407894611,2.701439232221645
2014-12-29,0.0014565856498939308,-0.0033711232665272206,1.3262728316139347,2.692347680553527
2014-12-30,0.004376979485866947,-0.003770198319104523,1.3320906234803205,2.6822161068760635
2014-12-31,-0.0010113271765606218,0.005929776374063778,1.3307441250211602,2.6981682982977726
2015-01-02,0.00025708887350716833,-0.002078600150900556,1.3310862885105168,2.6925657100533624
2015-01-05,0.002707204661822409,-0.00815048150276887,1.3346946936578583,2.6707091945955876
2015-01-06,-0.0026777810075740965,-0.009022029262572673,1.331125454509445,2.6467223458205047
2015-01-07,0.0009074363171145681,0.004615820774237278,1.3323339143067319,2.658967380509883
2015-01-08,-0.0018912789480646142,0.014641482655971316,1.3298164805579287,2.6981850067943776
2015-01-09,0.0019532822158793064,-0.004642259049619568,1.332416525924308,2.6856883618031646
2015-01-12,0.0034574252325876133,-0.004212206891802239,1.3370312293404394,2.6743994790225236
2015-01-13,0.0007937167228433467,0.008823381562873323,1.3380928746532148,2.698101136693764
2015-01-14,-0.0020672181277405183,-0.013324334375889535,1.3353296019339052,2.662389182329583
2015-01-15,-0.0021718760804105806,0.002718072110674541,1.332432578638583,2.669635591784234
2015-01-16,0.00018369736801966528,0.0004523048376103844,1.3326773654790034,2.6708433539948095
2015-01-19,-0.0009169054570161239,0.00904673575084125,1.3314559863603128,2.6951153938737313
2015-01-20,0.003236399232843093,0.0036901193289544665,1.3357720900431183,2.705079063541185
2015-01-21,0.0017600117912392223,0.007825894721525728,1.3381251347578167,2.726331779798067
2015-01-22,0.004131895365208416,0.007697991887342326,1.3436655661591625,2.747400047357123
2015-01-23,0.0015089293634142221,0.004872443121522352,1.345694593030676,2.7608192634550677
2015-01-26,0.0007506437611266847,0.0007045138822565633,1.3467051095028097,2.762764984265756
2015-01-27,-0.006287133489752603,-0.007104477060993375,1.3382647553272766,2.7432065423265133
2015-01-28,0.0016652894742676912,0.004380708965484814,1.340495210199161,2.755250092203871
2015-01-29,-0.005514342996933768,-0.004068929248283837,1.3331236032884775,2.7440619518292406
2015-01-30,0.003283172773477463,-0.003257343848407146,1.3375076712947618,2.735138140362345
2015-02-02,0.001733802216119189,0.003049461699283995,1.3398286565425919,2.743491569621561
2015-02-03,0.001481145291301719,0.01304166096832482,1.341814607826514,2.779505587394977
2015-02-04,0.0023979199701231004,7.837982193947823e-05,1.3450360326867217,2.7797234530860226
2015-02-05,0.004483251103643256,0.0074189101424426696,1.3510797044909322,2.800422659440625
2015-02-06,0.0031979852426663093,-0.0005632248062354961,1.3554073536383366,2.798845836025599
2015-02-09,-0.0001296381246607822,-0.006397198073349486,1.3552316525598849,2.7809982130918116
2015-02-10,0.004898093878199396,0.0047837050681671656,1.3618859878965643,2.7943335590891483
2015-02-11,0.0005164384302317775,-0.0015679541286068854,1.3625894998029646,2.7899556053607073
2015-02-12,-0.0002179179538515618,0.010573675526547532,1.3622925994383628,2.8196122039842075
2015-02-13,0.0013152451763976715,0.002281853864854355,1.364085527019832,2.826053493234739
2015-02-16,-0.002632578456723246,0.0007949472369741528,1.3604991875794972,2.82830094983708
2015-02-17,0.0008716583678354944,0.001570421949937284,1.3616855950766773,2.8327460651695224
2015-02-18,-0.00022121258826164055,0.006751342829840468,1.3613844063963838,2.851935609713106
2015-02-19,0.002827795480234774,0.002801676413351828,1.3652395713076477,2.859937013882059
2015-02-20,0.0008894683229945122,0.0042606862510048416,1.3664544488770853,2.87214830396064
2015-02-23,0.0026851490062181236,0.002647980360238833,1.3701285131800782,2.879763774619745
2015-02-24,0.008237195047258852,0.001972679654768328,1.3814611394315783,2.885450232964764
2015-02-25,0.0008926223505948791,-0.0007909002925536868,1.3826948130415189,2.8831690317516285
2015-02-26,0.00045818311510758777,0.003571629247078434,1.3833284856161527,2.8934850541269284
2015-02-27,-0.0019420702011787871,0.001390353426637958,1.3806445716040707,2.897510818956311
2015-03-02,-6.28964767927219e-05,-0.0013845789200992442,1.3805577366556487,2.8935017626235346
2015-03-03,0.0020847815536995085,-0.0060414587476103065,1.3834389002136283,2.876073490192809
2015-03-04,-0.002029224264306726,-0.0006009492991747578,1.3806344388320102,2.8743456350731638
2015-03-05,0.0016884398725557658,0.01013778423516598,1.3829675261525176,2.903633336301002
2015-03-06,0.00031724097967466446,-0.0022035178438120084,1.38340632972493,2.8972421725402895
2015-03-09,0.001528255731103185,-0.006103488701588944,1.3855221447181691,2.879612742915125
2015-03-10,0.0018018321622930255,-0.01435064124652996,1.3880208735490467,2.838583555219162
2015-03-11,0.002010748908585293,0.0015588606120040538,1.3908146428486208,2.843011962055001
2015-03-12,-0.000100878071234198,0.0065980373884553245,1.3906743472265009,2.861832281585342
2015-03-13,-0.002845167258814559,0.002832869399229665,1.3867232695098999,2.869950972848118
2015-03-16,-0.0007071370029374017,0.0053336568639394955,1.385743012801938,2.885299201260146
2015-03-17,-0.0010408691766819553,0.00011047530107788361,1.384301386015709,2.885617973165992
2015-03-18,0.0008667879310722312,0.009303778204387214,1.3855018019279284,2.9125904009523196
2015-03-19,-0.0014494082059856937,0.004281382174248449,1.383495098864054,2.9250870459435334
2015-03-20,0.002554044876691146,0.005683967861783046,1.3870331236470164,2.941760487468751
2015-03-23,0.0004340787997027661,0.0007751539243372463,1.3876353360148321,2.9440416886818848
2015-03-24,-5.074415969325772e-05,0.001594061392664159,1.3875649234122747,2.948738414316165
2015-03-25,-0.0020459425280727043,-0.004383995020843301,1.3847289474361872,2.935839454936077
2015-03-26,-0.0001448520494487649,-0.013905920625299828,1.3845283811367906,2.8952964517296054
2015-03-27,0.001790697111621833,-0.005693849902783654,1.3870098732471325,2.8788579120096185
2015-03-30,-0.002819760828908727,0.0026476055252349084,1.3831043460512957,2.886490091165326
2015-03-31,-0.0006185641759007357,-0.006851598593533126,1.3822490717995728,2.8667806175214623
2015-04-01,0.0007628209715400281,0.0019173900332631888,1.3833038826442006,2.872282627168655
2015-04-02,0.0007884928062654871,0.008455478390704485,1.3843950379320593,2.8966721179501933
2015-04-07,-0.0016652678969206174,0.014527247952228706,1.3820915677984833,2.9390599357525513
2015-04-08,0.0005695716470539213,0.002280307689346728,1.3828789921951514,2.9457695438015254
2015-04-09,0.002371867745155678,0.008730956616417984,1.3861628912197455,2.97160153479008
2015-04-10,-0.0006482272788017023,0.008968698529505659,1.3852646337897327,2.998372805381972
2015-04-13,0.0006892342161390927,-0.002537402537679867,1.3862197346800451,2.9907743708370544
2015-04-14,0.004484653732927121,0.0016251691079602892,1.3924504109579776,2.9956388366725606
2015-04-15,-0.0032019218461104876,0.0008227412877293006,1.3879990238673716,2.9981044865835242
2015-04-16,-0.0011276606499092683,-0.008044084495274717,1.3864347141570632,2.974084220815233
2015-04-17,0.000982542826305623,-0.008945572908450217,1.3877976150842195,2.947597977518392
2015-04-20,0.002305832091212605,0.001768234338440422,1.391001335562456,2.952814632252952
2015-04-21,0.0010133690184887614,0.006178482768049776,1.3924116476832067,2.971115022683012
2015-04-22,-0.0023896871949379605,-0.004356664469110427,1.3890881919899907,2.958199027188734
2015-04-23,-0.00025198640598494536,0.0027802505998852922,1.3887382047467607,2.9664350055453386
2015-04-24,-0.0006288326710939321,0.0025244857900208473,1.3878651953092156,2.9739331891106113
2015-04-27,0.0024122040831459,0.003114192584062536,1.3912170504542356,2.9832090256677737
2015-04-28,-1.3319762629294052e-05,-0.007070251548968898,1.3911985198967693,2.962191375024909
2015-04-29,-0.002335152754931208,-0.010142268567848944,1.3879536489495488,2.93229987459618
2015-04-30,-0.0037084421208728804,-0.00037759740441778433,1.3828160353352652,2.9311928547916133
2015-05-01,0.0004829537162044969,-0.00036052120017515676,1.3834840327712958,2.9301362880944497
2015-05-05,-0.001494943547174582,-0.0009278915966710599,1.3814173474177474,2.927418700264065
2015-05-06,-0.0007177474900989141,-0.002294618459464104,1.3804261943252316,2.9207090922150942
2015-05-07,0.005799720183250515,0.0020596844942470938,1.3884555414625206,2.926731030962562
2015-05-08,-0.0024501432858817446,0.027579283814754163,1.3850577906278403,3.0085715406634423
2015-05-11,-0.0009252028616135924,-0.003647430139523067,1.3837769238186384,2.9976179744764577
2015-05-12,0.00043849799014159397,-0.010202642880830837,1.3843838402746353,2.967189836450844
2015-05-13,-0.0013094457540808917,0.009693318790102268,1.3825722510807117,2.996091604168837
2015-05-14,-0.0013429959865469889,0.00378873123114154,1.3807167083685008,3.0074645208588793
2015-05-15,0.0016577269301331658,0.005068181453948384,1.3830074578327938,3.022745587666901
2015-05-18,0.0024603965073249122,9.98167804766581e-05,1.3864143940399507,3.023047323458559
2015-05-19,-0.0031036018974729537,0.008503234843638907,1.3821181860041762,3.048862605950501
2015-05-20,-0.00043763794998046007,-0.0022361794429297532,1.3815134509717746,3.042052419304308
2015-05-21,0.001852052746134893,0.0010526072589538416,1.3840744575800878,3.045256191624176
2015-05-22,-0.0005692673934985081,0.002096421167861351,1.383286773343961,3.0516470277673093
2015-05-26,-0.0011609718627577158,-0.005174690879670152,1.3816817481967798,3.0358964849664067
2015-05-27,-0.002156907908419562,0.007634232951653885,1.3787047995633266,3.059161919829194
2015-05-28,0.000291390440973648,-2.7416414209113782e-05,1.379106599500331,3.0590780497285817
2015-05-29,-0.0012230800179132747,-0.004539520344597037,1.3774208728753288,3.0452227746309672
2015-06-01,0.0012506356219904827,0.003617848751641617,1.3791446021393576,3.056259883300981
2015-06-02,0.0025370267082190402,5.5741551285848345e-06,1.382647971020571,3.056276919415165
2015-06-03,0.0020331762826277175,0.002368132596581418,1.3854619978193596,3.0635231650610266
2015-06-04,-0.00017024596209491754,-0.009523100173858268,1.3852261485853545,3.0344874017526076
2015-06-05,-0.0008383818493683887,-0.008833599678853332,1.3840652868158245,3.0078000012613244
2015-06-08,0.0022398516772526716,-0.0029545306090543733,1.3871688622467069,2.9989264790930448
2015-06-09,-0.0006162515447120966,-0.002161342012463763,1.386314280638234,2.992451772849297
2015-06-10,0.0011281152203208356,0.010610601727167435,1.3878790853524245,3.0243725365717453
2015-06-11,-0.0006222691537934371,0.0032890975989570137,1.3870157196591937,3.034336370047987
2015-06-12,-0.0007499486571478684,-0.007791706806768772,1.385975919030069,3.0107855802725707
2015-06-15,-0.0013568297077908092,-0.012355201360636059,1.3840966609337604,2.973815574399208
2015-06-16,0.0008239000236199116,0.0004229534239339472,1.3852374881046288,2.97507362590839
2015-06-17,-0.0018566635437777808,-0.0016928880937658874,1.382667954279021,2.9700414198716594
2015-06-18,-0.0012033563831969649,-0.001542956433201681,1.3810051126665905,2.9654623089487844
2015-06-19,0.0008779478438994217,0.0014752253889600553,1.3822180955175964,2.969840262677221
2015-06-22,-0.0003145308354264107,0.011305564298259796,1.381783413669278,3.0036064962307183
2015-06-23,0.0021211058318918482,0.005085744106743562,1.384717433109261,3.018920980031955
2015-06-24,0.0003961101300252155,-0.0040531215616841365,1.3852660423594056,3.006709689953366
2015-06-25,-0.0013448842316894111,0.0011207013619891626,1.383404272115681,3.010081202474463
2015-06-26,-0.0005762530511022114,-0.006855447757196487,1.3826073108307062,2.9895163193278713
2015-06-29,-0.0010369123641517605,-0.016268795760566945,1.381174411239377,2.941273975361684
2015-06-30,-0.0007044052990048412,-0.00018246738056326706,1.38020184724508,2.9407373377647983
2015-07-01,0.0016500873490511657,0.010530989980052752,1.3824811808849793,2.971869853588521
2015-07-02,0.0020956261241392342,-0.0017568866973576291,1.385381382371384,2.96665319885396
2015-07-03,-0.002727104897525085,-0.004107712683909526,1.3816084489494924,2.9544920342651966
2015-07-06,0.001057671314852441,-0.009709987917226215,1.3830705096278273,2.9259427830638396
2015-07-07,0.0029065784275763918,-0.01329654014871906,1.3870963604262052,2.8872953751782333
2015-07-08,0.00188974034132014,-0.005826537509880936,1.389720090679449,2.8705213550557986
2015-07-09,0.0035810790122244975,0.010642673003044223,1.3947057097489377,2.9012345203764593
2015-07-10,0.0007736866528120143,0.010942500974916669,1.3957851924780134,2.9331556117164896
2015-07-13,-0.0013414765981374717,0.012649598250831673,1.3939140346441052,2.9704945149855155
2015-07-14,0.0002206723683349952,-0.0037622422354886,1.394221666897106,2.959339791604092
2015-07-15,0.0012222868986980408,-0.000300502064364494,1.395926847672203,2.9584506374905732
2015-07-16,0.0002957129055268338,0.007248151568230554,1.3963397022964428,2.9799718363546916
2015-07-17,0.001361816729684117,-0.0005348903343946887,1.3982425564385772,2.9783783044430594
2015-07-20,0.0010715383085118727,0.001435112054991805,1.3997416299162866,2.9826556795742776
2015-07-21,-0.0018610276304224299,-0.001435112054991805,1.3971390945138464,2.9783783044430594
2015-07-22,0.003835060320039489,-0.00622579369549392,1.4025074947063447,2.959893137697585
2015-07-23,-0.0013558295599835337,-0.0015085646482297932,1.4006072221009105,2.955431313868537
2015-07-24,-0.0008428769772842418,-0.00683408999988977,1.3994271799042461,2.935302489721614
2015-07-27,0.00474310715775358,-0.013317538144303143,1.4060805793978932,2.896470633138171
2015-07-28,0.002178052571199576,0.006942693913968512,1.4091464344038416,2.9166499103924943
2015-07-29,0.0013986873225062273,0.00715750226497569,1.4111187686751236,2.9376007270489355
2015-07-30,-0.0023659305736067416,0.00046807475733956494,1.4077841059830491,2.93897606565194
2015-07-31,-0.003564653125120514,0.008886848164232575,1.4027747775336743,2.965210698646947
2015-08-03,-0.0014030206363916983,-0.00041308615057999987,1.4008080355849772,2.9639860641309776
2015-08-04,-0.0003738049838208201,0.0036323547542647106,1.4002845044152756,2.9747718901167333
2015-08-05,-0.0005293551111876347,0.0022923013036884043,1.399543452812778,2.981598785259532
2015-08-06,-0.0011718825975330777,-0.0016496673478023638,1.3979043128233366,2.9766841939342092
2015-08-07,0.004067649347302284,-0.005084526683580393,1.4036020777877953,2.9615875758240167
2015-08-10,-0.0001575459671936878,0.00593504840409409,1.4033809633591958,2.97921700544918
2015-08-11,-0.0003773341707495693,-0.005300941318724384,1.4028515196620222,2.963466135030695
2015-08-12,0.003064672397177215,-0.013041047439433129,1.4071573946696672,2.9250703374469267
2015-08-13,0.0024679038744074198,0.008985742342645153,1.4106344125640944,2.951472710643153
2015-08-14,-0.0005571527443350779,0.0014425321581938988,1.4098486926332139,2.9557333772777707
2015-08-17,-0.0008467053417450143,-0.0006812414602404004,1.4086554714387747,2.9537204948630773
2015-08-18,-0.000655423910359235,0.00045421253513744375,1.4077325074607057,2.955062416472874
2015-08-19,-0.002789180053641615,-0.012468970005057756,1.403811558688014,2.9184445994985633
2015-08-20,0.0007967148076812034,-0.009192236257243636,1.4049304418002018,2.8917404905106783
2015-08-21,-0.006346947464509535,-0.021269460571730292,1.396041660248999,2.83088421445945
2015-08-24,0.0020006462123688513,-0.04003446705548441,1.398837441460902,2.7197899119503153
2015-08-25,-0.002714394040577326,0.030807716620268266,1.3950455940582338,2.804884483269674
2015-08-26,0.004886237987383029,-0.007220220888845219,1.4018787995728232,2.784705533632931
2015-08-27,0.001696862946124651,0.019133497893555784,1.4042596151503781,2.83849968511855
2015-08-28,-0.0024169156665044033,0.010838134826000712,1.4008697362625369,2.8694310437478396
2015-09-01,0.0031890259220290693,-0.01567190063139634,1.4053442770860716,2.8248121502221624
2015-09-02,0.004021805334590536,0.0026862789287651623,1.4110076791130814,2.8324105847670773
2015-09-03,-0.0032164217079982435,0.011862535855421186,1.40647657426216,2.866210235313786
2015-09-04,0.0042337654536446475,-0.016474635938399373,1.4124438893863838,2.8193773021789768
2015-09-07,0.00020469969786703686,0.002050490309978059,1.4127330458179028,2.8251643391212156
2015-09-08,0.00200000943829529,0.009325583061723819,1.4155613526207025,2.851633873921449
2015-09-09,-0.0030377100971060275,0.008959583557471618,1.4112678121739757,2.877298124708779
2015-09-10,-0.0018842273110491895,-0.007795644854052597,1.4086111664672645,2.8549549333351463
2015-09-11,0.00134883987811946,-0.0030421618266149864,1.4105124393494415,2.846282895978876
2015-09-14,0.00038379669553332706,-0.0025196830692593153,1.411053893260137,2.839120192816049
2015-09-15,0.001092622024349224,0.002130672145051804,1.41259648440252,2.8451758761743142
2015-09-16,0.0013926124626298824,0.005889965619504167,1.4145650542806905,2.8619833132899597
2015-09-17,0.0010241811455469403,-0.0010848691157985257,1.4160145672936781,2.858880119567312
2015-09-18,-6.121427522919705e-05,-0.0054598145514201946,1.4159278896412093,2.8433136978466598
2015-09-21,-0.0013831884301651553,-0.0033919449552151093,1.4139707484258872,2.8336856723904433
2015-09-22,0.0007860749928477581,-0.02174022803113651,1.4150826724424186,2.772745526238602
2015-09-23,7.708852285229217e-05,0.007827745933809638,1.4151917632801227,2.794535043901166
2015-09-24,0.0061225124853023175,-0.00876587488941638,1.4238828710789608,2.770145553119625
2015-09-25,-0.0005116037757255907,0.017134174384846546,1.423154593536581,2.818018672072575
2015-09-28,0.00034476294705294895,-0.011115252900571804,1.4236453290972189,2.786869120134661
2015-09-29,0.005392796323186859,-0.010388258168230635,1.4313434970627836,2.758068258631474
2015-09-30,-0.00014685256339439,0.01452079068016765,1.4311333160343311,2.798409777025932
2015-10-01,0.003846824624181836,0.004825550935150247,1.4366492375041302,2.811946280217702
2015-10-02,-0.0005926535248885721,0.0019309055371721229,1.435798054522706,2.8173811282608896
2015-10-05,0.0025602804582094017,0.018533973670239234,1.4394788100962954,2.870085296056128
2015-10-06,0.005420821966259482,0.001314133487410274,1.447303156484355,2.873859450583678
2015-10-07,0.002713634535796018,-0.0059478902958129964,1.4512359419714598,2.8568167840452183
2015-10-08,0.006169988296475323,-0.0016100157730800646,1.4602177310217326,2.8522209646257384
2015-10-09,0.0018678751194940086,0.004816690395164969,1.4629477842960918,2.8659923696227403
2015-10-12,-0.002276669720900709,-0.005805239192607559,1.4596209238904903,2.849402798198133
2015-10-13,-0.0015497388031449851,-0.005253073906519745,1.4573606445805056,2.8344739202891684
2015-10-14,0.002271077214963831,-0.005132095691477545,1.460674184362535,2.819964392883261
2015-10-15,-0.0005350675095413711,0.008175158827119944,1.4598928341206623,2.843112540652223
2015-10-16,-0.001647097433739619,-0.0033568051662040688,1.4574902275867507,2.8335847661756453
2015-10-19,0.0029023551923917975,0.0014552834570764617,1.461726526565052,2.83771143721983
2015-10-20,0.00014811470872068985,0.003934911243787198,1.4619430457982092,2.848899577594463
2015-10-21,0.001412356152400887,0.0030980704165948225,1.4640092888454723,2.857739355151951
2015-10-22,-0.0012614072623656509,0.00045777622648657257,1.4621637411347062,2.8590478597685367
2015-10-23,-0.0002178219392824806,0.011445251301193338,1.461845284477746,2.89195835620172
2015-10-26,-0.003307787791983532,-0.0036026235130268702,1.4570177990423208,2.8815584637258143
2015-10-27,-0.0015172183450783432,-0.007801605498963582,1.4548088610528673,2.8591651468623613
2015-10-28,-0.004067544421130841,0.005779664838035714,1.4489033799318134,2.8757380097903575
2015-10-29,0.000311650761411003,-0.0017280209468619745,1.4493550021439279,2.8707729653576357
2015-10-30,-0.001827236201888832,0.00016352307009626088,1.4467091062891426,2.8712424413505118
2015-11-02,0.0005263353338028155,0.002928498995148132,1.4474707608347832,2.8796631960225247
2015-11-03,-6.236836983890054e-05,0.0012573850563626365,1.4473804872581777,2.8832863188454567
2015-11-04,-0.0005197787504428127,-0.00037822033239720554,1.4466283651225806,2.882196007537497
2015-11-05,0.003238995575876706,-0.00381348299267259,1.4513215845525531,2.8712257328539073
2015-11-06,-0.00018433052692594658,0.002846939545030125,1.4510540863349346,2.8794115857206903
2015-11-09,-0.003528450464677638,-0.00310404830990052,1.4459431360397996,2.8704876104450054
2015-11-10,0.00030742100060826116,-0.004269002164450697,1.4463877176588653,2.858259611869814
2015-11-11,-0.0022435677425988094,0.0036319367174257877,1.4431462863772377,2.868659504345721
2015-11-12,0.001451137810505339,-0.013676509101786749,1.4452420107441597,2.8296933245542712
2015-11-13,0.0022130741154032974,-0.005581831263295811,1.4484439802196571,2.8139424541357894
2015-11-16,0.0014499110297161559,0.004092854092370146,1.450545618348476,2.825483111027058
2015-11-17,-0.000768884584384708,0.014170944515168316,1.4494307448430315,2.865807920924912
2015-11-18,-0.00019822897973551196,0.0002515854554800967,1.449143454140896,2.866529007219625
2015-11-19,0.0002823064384990847,0.0032482318740107985,1.449552614419882,2.8758552968841826
2015-11-20,0.002335357026344058,0.002586396897031662,1.4529417932339501,2.8833030273420617
2015-11-23,0.004027488090989149,-0.004793525550908839,1.4588052986764455,2.8695149138484495
2015-11-24,0.0015588204935023642,-0.009214079900665695,1.461081087584414,2.8431964107528342
2015-11-25,0.003744871199047304,0.009471275808023094,1.4665629060143155,2.870253036257355
2015-11-26,0.006726226205007038,0.0061233309648471845,1.4764605895773286,2.8878824658825195
2015-11-27,0.0018288769471855328,0.0028246596656007483,1.4791633250449898,2.8960512826351126
2015-11-30,-0.0042893436022718775,0.008972009202908637,1.4728322730355112,2.922151592422107
2015-12-01,-0.0004695297422291705,0.005501355556368992,1.4721408968015601,2.93827168785383
2015-12-02,0.0012260107646760757,0.002115704675077268,1.4739468642296998,2.944494783795737
2015-12-03,0.0020690935811951117,-0.009271566646802398,1.4769997554952043,2.9173208711973944
2015-12-04,0.000387326795770709,-0.0014384848584541032,1.477571947883423,2.9131273661667834
2015-12-07,0.0005995987851732145,-0.000622111084776833,1.4784581638888492,2.9113156409465266
2015-12-08,0.0057345700884118955,-0.009505641723414726,1.4869608421536018,2.883772830952522
2015-12-09,0.00013329790481657246,-0.003029263748551614,1.4871590641293988,2.8750503404888543
2015-12-10,-0.0006905809085249268,-0.003483303288476236,1.4861324150047148,2.8650530900193987
2015-12-11,-0.0018282098723720521,-0.011956228291429838,1.4834179351274681,2.831001829170855
2015-12-14,-0.0004781824656232943,-0.00622299076931121,1.4827087602527074,2.813439233532116
2015-12-15,0.003207620644573966,0.013443212101080348,1.4874723633134201,2.851516259210047
2015-12-16,-0.0022021615996599083,0.004478344192820671,1.4842003129085743,2.8643149676104955
2015-12-17,0.0012423782164400704,0.0059206546170536,1.4860453969549543,2.8813238895381645
2015-12-18,-0.005480056707691574,-0.004165334123854336,1.4779240569356957,2.869347173647229
2015-12-21,-0.005778386888200926,-0.0016967601422219758,1.4694086662481778,2.8644827078117228
2015-12-22,-0.0033741162790998126,0.005215592722162654,1.4644590655067504,2.879461711210505
2015-12-23,0.0008997716113396512,0.013062314397373598,1.4657773371826393,2.9173208711973944
2015-12-24,0.0007458123335127619,0.0013330204950321445,1.4668709397593467,2.9212123128187644
2015-12-29,0.0042117750060201775,0.00882115118383986,1.4730620988529435,2.947094756914717
2015-12-30,0.0025925965309625343,-0.0028328572500448956,1.476886109456693,2.9387578723433188
2015-12-31,-0.00011091956021700789,-0.005144487661858932,1.4767223029837804,2.9236782903473135
2016-01-04,-0.0020420912159925158,-0.017805608316875166,1.4737097783123683,2.8720811423566364
2016-01-05,0.0012834491193880167,0.0048242177468686975,1.475602424127075,2.885970162065047
2016-01-06,-0.00011201601534708704,-0.008522115551061304,1.4754371422805674,2.861480092686291
2016-01-07,0.0011327029732506261,-0.015763477342018106,1.4771093211806932,2.8167268759525985
2016-01-08,0.00040672194309445417,-0.0035496043386604725,1.4777102161442668,2.80674633397975
2016-01-11,-0.0007702464478413931,-0.0044562044033114034,1.476572453334475,2.79426672510272
2016-01-12,-0.0016570422417447048,0.0017752917039306482,1.4741277364652536,2.799231769535449
2016-01-13,1.3715130872254521e-05,0.00047330826092562006,1.4741479544587275,2.8005569826486325
2016-01-14,-0.0001825848314432909,-0.017065208203787208,1.4738788219734427,2.7531703758027564
2016-01-15,-0.0013113735365905205,-0.015515872430336586,1.4719472830514846,2.7107822303828133
2016-01-18,-0.0012147841465699047,-0.012565767958690799,1.4701602704644854,2.6769322905374935
2016-01-19,-0.005410149960375418,0.00971528013767653,1.4622279597786925,2.703066181126489
2016-01-20,0.0013568025334306129,-0.02982999743200665,1.4642132609052085,2.623624487350153
2016-01-21,0.0021525245220070928,0.01223856797317957,1.4673684104048434,2.6559311845824456
2016-01-22,6.079202790157043e-06,0.018422652223673452,1.4673773308620928,2.7053139653464124
2016-01-25,0.0009068610760769179,0.0011773820105265287,1.4687086418131714,2.708501029169677
2016-01-26,-0.000763733513992869,0.001979831123716025,1.467587368032812,2.7138687156088577
2016-01-27,0.0033268973185501304,0.006284678726176551,1.4724780113354006,2.7309782161337384
2016-01-28,-0.0006578813650583336,-0.005197464199127921,1.4715096140714692,2.7168208776268896
2016-01-29,0.0010985629697790478,0.017813281437621953,1.4731270483071752,2.765649984679781
2016-02-01,0.0032582926096540875,9.713209214012863e-05,1.4779347554867361,2.7659186310958033
2016-02-02,-0.0012315326562146434,-0.011565018362059476,1.476115750883288,2.7341149906583944
2016-02-03,-0.004626756396655418,-0.019033080900742405,1.4693018980645127,2.6825684595839077
2016-02-04,0.001161695472095188,0.005879221960068293,1.471009771248838,2.698386327797606
2016-02-05,-8.763559159213918e-05,-0.005260406073814394,1.470880864085807,2.6842289892907534
2016-02-08,0.0017036279977882347,-0.03202146636170511,1.4733888336242529,2.599637638575068
2016-02-09,-0.0004689696504986702,-0.011754163871385614,1.4726980209756435,2.569259953656855
2016-02-10,-0.0006554433508365224,0.012689331060352416,1.4717330671208448,2.6020698714928203
2016-02-11,-0.004492441458645675,-0.02174644593881858,1.4651362215401504,2.546094933582497
2016-02-12,0.007382108662201948,0.01649819703550115,1.4759920364356731,2.5884493343916453
2016-02-15,-0.002173332024139564,0.019050995008557337,1.4727876989813884,2.6382345933532796
2016-02-16,0.0014554271762555317,-0.0016417106344910337,1.474932794860102,2.6339069289234462
2016-02-17,0.004933469097444418,0.028502868391065306,1.4822273090593796,2.7100609802793043
2016-02-18,0.00019873097198052806,0.00126805057322521,1.482521902804686,2.713499654404402
2016-02-19,0.00020073849694896755,-0.0011566572178178802,1.4828195318949577,2.7103628798797486
2016-02-22,-0.002076531285986893,0.008056295336974273,1.4797436054795012,2.7322865569415327
2016-02-23,-0.0026569581886211947,-0.003665642174262018,1.4758172070379514,2.722289306472075
2016-02-24,-0.000350504599004288,-0.0069064627080202,1.4753000169636397,2.7035526932335583
2016-02-25,-0.002580764901178267,0.017320793252974198,1.4714975232428118,2.750788268374822
2016-02-26,-0.0025318198793479515,0.010186333500787015,1.4677766688152492,2.7789519136839034
2016-02-29,-0.0002832631223972644,0.002176636431768131,1.4673609606932287,2.7850072694245878
2016-03-01,-0.0010453900970149102,0.011164289627126678,1.4658277975925602,2.8162741084563234
2016-03-02,-0.00022754703409645833,-0.003609950666151107,1.465494290770405,2.8061258262822504
2016-03-03,0.00026047508486969117,0.0009917735195852373,1.4658760652393796,2.8089102480990604
2016-03-04,0.0012961755266844616,0.01102251371632157,1.46777732984043,2.8400427639227837
2016-03-07,0.0015292276561326115,-0.0059118148448202845,1.4700236126273958,2.8233024884111413
2016-03-08,0.002539244548324428,-0.010595784926602292,1.473761105267368,2.7935453111904245
2016-03-09,0.0041196921186011926,-0.003753908164457087,1.4798450707049873,2.7830782571105064
2016-03-10,0.003151099333906189,-0.012518078966875734,1.484515564251512,2.748456614054286
2016-03-11,0.0014045011508404615,0.012741129137081586,1.4866020329508038,2.7836990924255884
2016-03-14,-0.0004640527968491811,0.005875867170498594,1.4859123311610105,2.8001038875347795
2016-03-15,0.0006783265957710883,-0.0034985034703165496,1.4869206069457004,2.7903248303739496
2016-03-16,0.0010477296845546882,0.007068521594241872,1.4884793142135229,2.8101181741184242
2016-03-17,0.0039379329072972355,0.005725852742447302,1.4943524022103902,2.826254650429172
2016-03-18,0.0006835969217951893,0.0030992804155296483,1.4953742861511823,2.8350275940002416
2016-03-21,-0.0033761514234251803,-0.0022805296101058303,1.4903341889794786,2.8285695962531037
2016-03-22,0.003297127453754646,0.00243432898357554,1.495256120407972,2.835463652999909
2016-03-23,-0.0019748445003821835,-0.002327660333998338,1.4923061359209893,2.8288713320447596
2016-03-24,0.002216541639878304,-0.011342094739294595,1.4956175632131752,2.7969672768189184
2016-03-29,-0.003644902863133321,0.004899721011188518,1.4901761052919351,2.810705264822708
2016-03-30,-0.0006616573580272035,0.01296731986161781,1.4891904454276226,2.847389915783444
2016-03-31,-0.0025799006397370715,-0.0028848872221391986,1.4853534337274699,2.8391873544200537
2016-04-01,0.0032867790219664314,-0.004880132960195738,1.4902434941053422,2.8253654963156527
2016-04-04,0.003200965174077762,0.00011281865121048895,1.4950213544335613,2.8256842682214938
2016-04-05,0.0009321882240150069,-0.00714901545827118,1.4964156455047068,2.805555444074573
2016-04-06,0.004547261558458899,0.008365210607250262,1.503235733454958,2.8291229423465922
2016-04-07,0.0013802107544614362,-0.009047056280143906,1.505311948058029,2.803643140257097
2016-04-08,0.0022226360106952347,0.0068865255285164295,1.5086614295613152,2.8230171334985124
2016-04-11,0.000851829358341724,-0.0030289049742169283,1.509947099166629,2.8144794193502554
2016-04-12,0.004299765996342478,0.0009829005430077586,1.5164534963283598,2.817247132670459
2016-04-13,0.00191297413748646,0.01493376291653803,1.5193572091257748,2.8596349504728216
2016-04-14,0.0005938306299556654,-0.0027371782136924594,1.5202597179165582,2.8518183226192813
2016-04-15,-0.0005803635720771972,-0.005343199308450508,1.5193776705350253,2.8366211259118708
2016-04-18,0.0026475877974244948,-0.0012425815950756203,1.5234056862248686,2.833098581686158
2016-04-19,-0.003209702470113196,0.00910594714209445,1.51852384604918,2.859014442775321
2016-04-20,3.3205216521593316e-05,-0.0015442753938259557,1.5185742697994422,2.8546027444360917
2016-04-21,0.0014830068616022536,-0.0022707398517116673,1.5208279965945046,2.8481280381923484
2016-04-22,8.543858016455872e-05,-0.0063750597363601,1.520957939530199,2.8300288049567195
2016-04-25,-0.0013669675321210518,0.005567804917447461,1.5188802597930402,2.845829800865022
2016-04-26,-0.0008254036080888724,-0.0011913009037858302,1.517627087803841,2.8424415798473244
2016-04-27,0.000554007624525588,0.008122434951022939,1.518468097723114,2.865623144609497
2016-04-28,-0.0018062942721353281,-0.0010072690993112587,1.5157277731571313,2.8627381441954696
2016-04-29,-0.0058750462835369865,-0.015643380984350586,1.5068489097420261,2.818303699367622
2016-05-03,0.0011914975621891205,-0.0042646278017723915,1.508645386580925,2.8063102749800803
2016-05-04,-0.002547702671481771,-0.004234823786422481,1.50480669869325,2.7944511738005504
2016-05-05,-0.0013642444166341416,0.00013798032811607186,1.5027551742650025,2.7948367796928175
2016-05-06,0.0021937479095368436,-0.0007744367778705907,1.5060554589598574,2.792673193191092
2016-05-09,0.001298259634906776,0.002297753744560538,1.5080119797313212,2.799097446327435
2016-05-10,-0.001122378062151127,0.002232811860992001,1.5063203696584087,2.8053542868801373
2016-05-11,0.001465119355436502,-0.00021525416279644105,1.50852892629195,2.8047504876792444
2016-05-12,-0.0022492719954964498,-0.003648842358382254,1.505139647557443,2.794535043901166
2016-05-13,-0.0006273703323865587,-0.0005763765635187212,1.504195663741149,2.7929248034929244
2016-05-16,-0.00032553969946596666,0.0029385679567113243,1.5037060680325804,2.8011440733529187
2016-05-17,0.001409985185689036,0.00869294097139317,1.5058277667425068,2.8256003981208853
2016-05-18,-0.000947899026721401,0.0021407402778059748,1.5044010703568846,2.831655753861568
2016-05-19,5.33534094332975e-05,-0.008991061490588592,1.504481337424385,2.8063102749800803
2016-05-20,0.0005225289912010713,0.01141096794955132,1.5052676779648835,2.8385163936151607
2016-05-23,0.0015706204756725252,0.006455830794365625,1.5076337398074584,2.8569006541458304
2016-05-24,0.004203616145357522,0.006087693294928087,1.5139845922585156,2.8743456350731638
2016-05-25,-0.002153639949806803,0.0056389551241888825,1.5107275230932744,2.8905997260953202
2016-05-26,0.0015543361931713378,-0.002312179112188062,1.5130775274357136,2.8839238626571375
2016-05-27,0.003139615327908711,0.002294838100224794,1.5178354739857949,2.8905496006055036
2016-05-31,-0.0003613513434139199,-0.002766167466814906,1.5172871011817806,2.8825649049331568
2016-06-01,-0.000507612079619204,-0.007194944433749129,1.5165171033676,2.8618994431893507
2016-06-02,0.001588461194530916,0.0008671198400982405,1.518927946195359,2.8643821292145004
2016-06-03,0.0010851473260112482,-0.0004920537313015672,1.5205771014209388,2.8629730460007035
2016-06-06,-0.0010733510694652222,0.006651200251429401,1.5189458639647684,2.8820787204436717
2016-06-07,-2.8352139652635527e-06,0.0007911993775433501,1.5189415574343474,2.8843599216568054
2016-06-08,-0.0010542534765455589,-0.0010182322392235932,1.5173410518342894,2.881424468135379
2016-06-09,-0.00028683884054864277,-0.0038671233978533337,1.5169058819010677,2.8703031617471737
2016-06-10,0.0010958757978168031,-0.016742120367013058,1.5185691335367597,2.8226482361028493
2016-06-13,0.00039616226311430674,-0.015161102863910259,1.519170852502701,2.7801765481998775
2016-06-14,0.002379760781102189,-0.020850277707591403,1.5227904208624807,2.722809235572355
2016-06-15,-0.000523251423789832,0.004057723580300987,1.5219938270342335,2.733880088853164
2016-06-16,0.0013885626509851662,-0.016474071009076496,1.5241086787797513,2.6892109060288734
2016-06-17,-0.00010364632919035248,0.024035174384144042,1.5239507186960415,2.7546295845063757
2016-06-20,0.0026495033858633123,0.032182640598014345,1.5279937849788692,2.844722781060459
2016-06-21,-0.0021706378982723714,0.0012493546962346613,1.5246806608581205,2.848279069896962
2016-06-22,-0.0011262599681451553,0.0037150047898570904,1.5229644407020333,2.858880119567312
2016-06-23,0.055700766894991205,0.01687214588100261,1.6102017671289381,2.907524777922377
2016-06-24,0.0024013944360463304,-0.0745612012680148,1.6140731431834716,2.6986210657940437
2016-06-27,-0.006000274309970949,-0.07217190985599942,1.6044172595136583,2.5107186234295558
2016-06-28,0.001634547385823123,0.03513204460360164,1.6070419000162377,2.6004930480777984
2016-06-29,0.001903965227695975,0.03173000149432781,1.6101045665934508,2.6843297316967605
2016-06-30,-0.0021904395445958725,0.016620523809139698,1.6065815897223876,2.7293175226181012
2016-07-01,0.001966103968601666,0.011876778778582064,1.6097434033704876,2.761926283259632
2016-07-04,0.002657452992901722,-0.021411269213320594,1.6140269098833162,2.7034185338343373
2016-07-05,0.00015526137361906864,-0.023987536629485717,1.6142775253733521,2.6393417769666314
2016-07-06,0.002760137849897393,-0.004139553184325351,1.618739308607142,2.6284386638870507
2016-07-07,-0.001050180845814853,0.014514698608996568,1.6170402319159298,2.6668678784640325
2016-07-08,-0.0009392800043864657,0.017396297583717413,1.6155220914509087,2.7136673946056304
2016-07-11,4.600847036447236e-05,0.032151982943261714,1.6155964208610545,2.8023349632580983
2016-07-12,0.00329536845729686,0.006009490014701413,1.6209291882368713,2.8192262704743554
2016-07-13,-0.0006162494803528204,-0.003343434955338509,1.619930599188525,2.809816110709189
2016-07-14,0.0011784091406130393,0.0022063874897941815,1.621840665412482,2.8160224981544886
2016-07-15,-0.004900255018380676,-0.0036221835221894594,1.6139126730092965,2.805840798987204
2016-07-18,0.0011923569536040957,0.00835834230534438,1.6158381807255993,2.82939126114504
2016-07-19,-0.0011787192449922528,0.002285875484602684,1.6139346832301402,2.8358662950063636
2016-07-20,-0.0017851680561849813,0.006638134422711772,1.611056108722957,2.8547537761407074
2016-07-21,-0.001796913965681607,0.0016732081849522018,1.6081637789138632,2.8595343718756023
2016-07-22,0.003934677504642504,-0.003755437851605592,1.6145038496457993,2.84881570749385
2016-07-25,-0.0006623079317747847,0.006309724671208272,1.6134349049646428,2.86684777912547
2016-07-26,-0.0012435294545846015,-0.0012822207122322737,1.6114297981003727,2.8631742031951384
2016-07-27,0.0017155296641132903,0.01146369223708632,1.6141966263300276,2.896185605843126
2016-07-28,0.0001730797189875774,-0.0007879674848041418,1.614476035207811,2.893904404629987
2016-07-29,0.0008957209324206884,0.001772082764500027,1.615922803040824,2.899037189263937
2016-08-01,0.003215015563337049,-0.008349403918954224,1.6211263803105502,2.8749327257774486
2016-08-02,0.002082424782957479,-0.0044558155068372685,1.624505771503976,2.8621510534911843
2016-08-03,0.0013136746069990894,-0.003869658257894315,1.6266412458370205,2.851096908706987
2016-08-04,-0.00010940014828225405,0.014438981106749793,1.6264633007773093,2.8925624830201953
2016-08-05,0.0035816923529256085,0.012740103916947021,1.6322992369691653,2.9296497759873827
2016-08-08,-0.00030082855824074026,0.0052707523224686526,1.6318082685954471,2.945131999989844
2016-08-09,0.0015394816412335984,0.007359988128758488,1.6343223421554778,2.9668881006591894
2016-08-10,-0.0013758768584978122,0.0006951023822789892,1.6320752620728065,2.9689511085637026
2016-08-11,-0.0003523963197895834,0.006077664385708559,1.6315002260830664,2.987050341799324
2016-08-12,0.0003409419805404737,0.0063702407616084145,1.6320565678361398,3.0061393077456904
2016-08-15,-0.0007984433578065305,0.0004407384232187894,1.6307539831992133,3.0074645208588793
2016-08-16,0.001673694272790236,-0.006760418307298011,1.6334856521528907,2.987201373503945
2016-08-17,-0.0019657327673916155,-0.002800378713489593,1.630277809794761,2.9788477804359386
2016-08-18,0.002717625494868197,0.006303794620476921,1.6347143199905028,2.9976851360804684
2016-08-19,5.559404034792114e-05,0.00017342849322687925,1.6348052028906161,2.9982050651807444
2016-08-22,0.0027602341844016583,-0.00011190000871685868,1.6393238815331574,2.9978695847782957
2016-08-23,2.2311194804202402e-05,0.006158246960202618,1.6393604572156477,3.0163881685169796
2016-08-24,-0.0006421193535955264,0.0017889851453194439,1.6383081300345326,3.0217892719493733
2016-08-25,0.0007440799514526462,-0.0073430770738607265,1.639527615909624,2.9996813099985506
2016-08-26,-0.0008543104968328778,0.002674977319866656,1.6381275483888476,3.007716131160715
2016-08-30,0.0011638115398064817,-0.004673358748769729,1.6400351299507434,2.9936927882442963
2016-08-31,0.0006038017033973969,-0.006430513305902608,1.6410256849751503,2.9745035713182917
2016-09-01,0.004507242397376721,0.0065650010307081175,1.6484388794999247,2.9940954302507508
2016-09-02,0.00451314888535436,0.009306927553783595,1.6558953430000631,3.0220913353586116
2016-09-05,0.0013276956843638462,0.0005271554536996348,1.6580953282329989,3.0236848672702408
2016-09-06,0.005153823032920906,-0.0012545094891347475,1.6666629170805218,3.0198940042460847
2016-09-07,0.0013029836039258275,0.0031499282214539903,1.668835966951481,3.029421451105082
2016-09-08,-0.00013930630317115882,0.007331800981550174,1.6686035037744946,3.051714189371317
2016-09-09,-0.0021750567534758397,-0.01656578551372867,1.6649781405693587,3.001576577701839
2016-09-12,0.0026955818323020153,-0.009207238059254053,1.6694722798350743,2.9740671847010423
2016-09-13,0.002501322810097903,-0.003910537560869898,1.673653395909987,2.9624596938233534
2016-09-14,-3.208784709583421e-05,-0.0017001024156115818,1.6735996928373404,2.9574274877866205
2016-09-15,-0.00044958874790407337,0.006845080479457977,1.6728474303639878,2.9777407606313737
2016-09-16,0.00713736575048905,0.0056061702414123005,1.684829864961033,2.9944813637605954
2016-09-19,0.0014381221902675166,0.002120794678930338,1.6872545992908794,3.0008387829105168
2016-09-20,-0.00024321196384074746,0.0005810806254586964,1.6868442886845334,3.0025830189091844
2016-09-21,0.003664111180259981,0.001880955970909426,1.6930364110867198,3.0082360602609923
2016-09-22,-0.0016649323602199956,0.0030009954606118328,1.6902199652253973,3.0172773226305023
2016-09-23,0.0012877350673662154,-0.0036034318929214493,1.692397922761359,3.0064243350407365
2016-09-26,-0.0019575955252373193,-0.011238371542720671,1.6890881328327931,2.972826169306048
2016-09-27,7.009612152235193e-05,-0.005323778892378783,1.6892065355095498,2.9570415542767736
2016-09-28,0.0030654888609463454,0.009237611918869959,1.6943927243687682,2.984484113291142
2016-09-29,-0.00158107066898134,0.0040720924418717885,1.6917158864231405,2.9966619863765134
2016-09-30,-0.0022343913615165386,0.00036377576467572226,1.6879401508666965,2.9977522976844733
2016-10-03,0.0027517409783850504,0.017312897919005366,1.6925913214222867,3.0501039489630792
2016-10-04,0.0030971142899823313,0.008684353321610772,1.6978415963449383,3.076707479353744
2016-10-05,0.0011621355639212798,-0.007749876560557922,1.6998158654079039,3.052955532383889
2016-10-06,-0.00032344920543017825,-0.004659038973912288,1.6992661502241224,3.0387647768838275
2016-10-07,-0.00019599859305930844,-0.006685015005681194,1.6989331290863485,3.0185183380255007
2016-10-10,0.0010627330036637665,-0.0009061424423251196,1.7007396011223535,3.0157843693160915
2016-10-11,0.0017596977394178565,0.005231264985736672,1.7037350234998272,3.0316020737209963
2016-10-12,-0.0010298253462527342,-0.006489063000914896,1.7019813771190586,3.0119935062919336
2016-10-13,-0.001066742517312703,-0.0044205294493178116,1.7001667692521694,2.99870828578442
2016-10-14,-0.0020554360763818634,0.005750566655112976,1.6966757741265128,3.016002235007132
2016-10-17,0.0019827008589885565,-0.010494088810267144,1.7000431117497852,2.9845175302843554
2016-10-18,-0.006965360944637891,0.01128359989680483,1.688242842132268,3.018384342435068
2016-10-19,0.002045035937450374,0.002558610348549095,1.6916988920842657,3.026117100187993
2016-10-20,0.0018324995380973818,-0.005302155037488987,1.6948017716670079,3.010114619467673
2016-10-21,0.004526058676413977,-0.0006076144917201987,1.7024899293323625,3.0082861857508116
2016-10-24,-0.0011093711867363795,-0.004117890330231688,1.700602283302705,2.995923863967611
2016-10-25,-0.00015536669424111733,-0.0032863554597231115,1.7003380868719238,2.9860943536993805
2016-10-26,0.00015259258979330513,-0.00749352348296739,1.7005975656608905,2.9638016154331437
2016-10-27,0.0015788687982089503,-0.004975810007254111,1.7032847068591048,2.949090930832801
2016-10-28,-0.0014670499183550357,0.003605285056528018,1.7007877352078395,2.9597424336105504
2016-10-31,-0.00021368773707641266,-0.005717800254764427,1.7004243365537566,2.942867507273313
2016-11-01,0.003714470984457111,-0.0011918979096918747,1.7067522585788453,2.9393619991617883
2016-11-02,0.0035377705381581387,-0.003418480006782687,1.7128010497439707,2.929331004081542
2016-11-03,0.0019121617396650587,0.006756997482634475,1.7160793356865414,2.949191509430021
2016-11-04,0.005066533316169203,-0.017829656829333018,1.7247959717312948,2.8970744323390654
2016-11-07,0.0021585886792258565,0.010740438149653642,1.7285231180305307,2.9283579798674095
2016-11-08,0.0005335773304856143,-0.0005671563372739996,1.729445664884688,2.9266976139693486
2016-11-09,-0.0006784617981973011,0.008173796638539343,1.7282727000199256,2.9507178797376437
2016-11-10,0.0018405037781349162,0.003886474587456945,1.7314565214729123,2.962208083521516
2016-11-11,-0.0010248165413501461,-0.01222080756548749,1.7296830051087508,2.9262278103588892
2016-11-14,0.0012111555297445594,0.0015694407912807407,1.7317791893914456,2.9308239573959534
2016-11-15,-0.002026438372297339,0.005746786085923716,1.7282733989235783,2.947715264612216
2016-11-16,-0.0021058695417185878,-0.005655239640038445,1.7246377100997963,2.931092276194397
2016-11-17,0.0017029967166254918,0.007235997417886608,1.7275772647730023,2.9523785732532817
2016-11-18,0.003041101686890402,0.0033067905022967636,1.7328389995872724,2.9621576304141173
2016-11-21,-0.002092079848534207,-0.007480090679445439,1.7292175515355896,2.940083085456505
2016-11-22,-0.00279063858762908,0.008606369724478924,1.7243986573332513,2.9654957259419947
2016-11-23,-0.0010053589458131527,-0.003206634175226597,1.72266588889003,2.9560016960762123
2016-11-24,-0.0007054637437270243,-0.0018118484146949498,1.7214510391294766,2.950650718133639
2016-11-25,0.000668939636103396,0.0007274411441997586,1.7226029712047177,2.9527979237563433
2016-11-28,-0.0009073499895818635,-0.00484599396230756,1.7210406762980595,2.9385232981556673
2016-11-29,0.001243043916426486,0.0007873706824526039,1.723181335631797,2.9408379163620175
2016-11-30,-0.0018842699534028175,0.0007811854426389431,1.7199374539509695,2.9431361536893372
2016-12-01,-0.003225459796937751,-0.0027680215965197874,1.7143988019914371,2.935000753929956
2016-12-02,0.0014809063756106577,-0.0035496964055674596,1.7169395469460076,2.924600861454046
2016-12-05,-0.006873325853735856,0.001524455465375496,1.7051789255603609,2.929062685283099
2016-12-06,0.0020892854589499746,-0.0005614241569258382,1.7087452553376286,2.927418700264065
2016-12-07,0.0019140914423412328,0.009886754225727046,1.7120190822104728,2.956504916679885
2016-12-08,0.0001092819722533691,0.0032004558933405036,1.712206185255621,2.965982238049061
2016-12-09,0.0023720366673394572,0.002885754686559494,1.7162724218336471,2.9745536968081137
2016-12-12,-0.0008747949069280017,-0.005195896479925466,1.714771691971251,2.9591383067920747
2016-12-13,0.000307427003088125,0.004208554105883167,1.715298940134503,2.971618243286683
2016-12-14,0.00016359459623158193,-0.001875768601859562,1.71557957672672,2.966049399653066
2016-12-15,0.0031621381159063315,0.004908082113175283,1.7210130624858642,2.9806427971595877
2016-12-16,0.0005355894469887845,0.0008663050261592531,1.7219350658058454,2.983226061781957
2016-12-19,-0.0007599361559238198,-0.0001349777631940441,1.7206270021765604,2.9828234197755057
2016-12-20,-0.00026314389439726206,-0.0007031893993012517,1.7201742892533356,2.9807266672602024
2016-12-21,0.0006500815924595721,-0.001379687252956785,1.7212929064514317,2.976617032330202
2016-12-22,-0.00015581273381552307,0.008204957709287086,1.7210247279913324,3.001140518702174
2016-12-23,0.002316881043628706,0.0010055529931669582,1.7250167603054807,3.0041598423242095
2016-12-28,-0.0011250021475041594,0.005745799538898311,1.7230772039527509,3.02147082766111
2016-12-29,-0.0015385225150831984,0.0009266456126812983,1.7204282491400709,3.024271957974527
2016-12-30,0.0015638359420276546,0.0026477454740696516,1.723120821493725,3.032290070640085
2017-01-03,0.004404854368126162,0.0035009388841977795,1.7307276589772946,3.0429245373036427
2017-01-04,0.003571871976195315,0.0005842369007797998,1.736920650302584,3.044702845530684
2017-01-05,0.0006607558389976668,0.008606777714504688,1.7380687100159566,3.07102102100872
2017-01-06,0.0008921039106449089,0.0018008485991760637,1.739619939735302,3.076556447649125
2017-01-09,-0.00011049984703267184,0.002091479806994201,1.7394277226182429,3.0829977368996557
2017-01-10,-0.0002550776507793103,0.0018319393656014427,1.7389840900638374,3.088650778251468
2017-01-11,0.001283570007995806,-0.0010433322328129435,1.7412176310326688,3.0854299698174086
2017-01-12,-0.0009848891608765468,-0.004937641393976122,1.7395035688803093,3.07023277311
2017-01-13,0.0020184201880125716,0.003730046254569075,1.7430181637722877,3.0817062683972627
2017-01-16,-0.00011857851309575896,-0.0035006509406745323,1.7428114915238149,3.0709371509081107
2017-01-17,-0.0019200555704676414,-0.003649885999838176,1.7394684070922373,3.059749010533475
2017-01-18,0.002364386825296409,0.003928503852296927,1.743586049208124,3.0717928880284164
2017-01-19,0.0011385222176497998,-0.004877409666347532,1.7455722911392633,3.0568469740052664
2017-01-20,1.94977127753697e-05,-0.004008221974070025,1.7456063261382258,3.044618975430071
2017-01-23,0.0013500646373193293,-0.0019191542226888458,1.7479645990620687,3.0387814853804325
2017-01-24,0.00186014213253642,-0.0008449572981739095,1.7512190876262028,3.0362149292546694
2017-01-25,0.0020225381263421203,0.0018049948035638863,1.7547645792358666,3.0417002304052514
2017-01-26,0.0014988860402654729,0.0005126696876907033,1.757396743531997,3.043260017706093
2017-01-27,-0.0009634672177441074,0.002647781832321172,1.7557043647876691,3.051328583479048
2017-01-30,0.0020199620584023946,-0.006010063982309077,1.7592544052567516,3.03304490154559
2017-01-31,-0.003303421441029533,0.003643433555099662,1.7534524349869065,3.0441157548264015
2017-02-01,-6.333519082559879e-05,0.005078522374972749,1.7533413832591114,3.0596146873254675
2017-02-02,0.00259189830099811,0.001041113143205763,1.75789176032131,3.062801751148729
2017-02-03,-0.0001482527919755462,0.00831726985816772,1.757631167277152,3.088382131835442
2017-02-06,0.00019271683786756938,-0.001864619598016759,1.757969925038961,3.0826288395039976
2017-02-07,0.0014720385499691724,0.009870851269933922,1.7605596301435429,3.1132076816166476
2017-02-08,0.00024836581430455506,0.0024969416073830075,1.76099694727478,3.120990892476976
2017-02-09,-0.0002301133263737402,0.0011548679202277867,1.7605917650302134,3.124597306803298
2017-02-10,-0.00100429621404187,0.00470240436183289,1.7588244969649744,3.13932502751783
2017-02-13,-0.000460321673645701,0.002316282064565911,1.7580150582442686,3.146605017774483
2017-02-14,0.001596062087845932,0.00152873778466045,1.7608231998166202,3.151419030502589
2017-02-15,0.001498454500949625,0.0021108361526192,1.7634636910997135,3.158078185444164
2017-02-16,0.00026206560187485927,-0.006474342748285622,1.7639258948345105,3.1376977509954043
2017-02-17,0.00020496283044972108,9.626448894906048e-05,1.7642874711322043,3.1379998144046373
2017-02-20,0.0005906732821650123,0.002066510562599433,1.7653298964395412,3.1444912291449896
2017-02-21,0.0014230405974868538,0.0013859868888275173,1.7678438208341343,3.1488524743768247
2017-02-22,0.0003202850296706557,-0.005052086448801063,1.768410125429344,3.1329843168645173
2017-02-23,0.0018890848173664593,-0.0018273641034625143,1.7717539595468894,3.127264441526282
2017-02-24,0.0001886495284964952,-0.0029490912943774816,1.7720882316251134,3.1180554389555466
2017-02-27,0.0013629503841484565,0.004428384369846938,1.7745051466546404,3.131894005556557
2017-02-28,0.0014815773579455013,0.005320248888846635,1.777136161846478,3.148600864074988
2017-03-01,0.0027578405176604806,0.01124673997254888,1.7820439843442748,3.1842122398419477
2017-03-02,-0.0015874940237469582,-0.0016923973915741186,1.779217244479043,3.178827844906162
2017-03-03,-0.0010512717390864287,-0.0035946731133869037,1.777347786498571,3.1674215112229076
2017-03-06,0.0009261921591820654,-7.944010453009298e-05,1.7789947146508038,3.167169900921072
2017-03-07,-0.0004202472790241949,0.00023830138390579236,1.7782472540327194,3.1679247318265786
2017-03-08,-0.0021776628405303193,0.0023904191381003415,1.7743790444231573,3.175506457874891
2017-03-09,-0.0016060961659735092,-0.0020939662663774783,1.7715315083634118,3.1688640114299194
2017-03-10,0.0028845644951511875,0.0036932689098314597,1.7766489825482288,3.1805891170190224
2017-03-13,-0.0013258353431839513,0.003569246118729552,1.7742949993766046,3.19196170609148
2017-03-14,0.002371425119553846,-0.004112643758213963,1.778507600066988,3.178861261899378
2017-03-15,0.0030130267524871813,0.000680488314984018,1.7838743720992354,3.1810251760186894
2017-03-16,0.00024385037249428175,0.0033165780183903593,1.7843094235709307,3.1915928086958196
2017-03-17,2.8284321553775633e-05,0.0035622810895059587,1.7843598922661514,3.202982433882469
2017-03-20,-0.0004711775881440073,0.002975442632230596,1.7835193399159979,3.212526916855652
2017-03-21,-0.00445354941665078,-0.008589546090927769,1.775594009424936,3.1850509408480723
2017-03-22,-0.000570156389055957,-0.008201839577424153,1.774581931704799,3.1590345011616896
2017-03-23,3.2436589430281655e-05,0.008954704473536523,1.7746394940238859,3.187449756772612
2017-03-24,-0.004092445126878515,-0.0011531772294368636,1.7673917199489868,3.1837761808422838
2017-03-27,0.0005252787859304311,-0.004244966290150032,1.7683203371960234,3.17028980314033
2017-03-28,0.0033387108466081017,0.00281617800174061,1.7742341141883917,3.179230486912616
2017-03-29,-2.4762639427794843e-05,0.0013391564534259714,1.774190180012727,3.1834908259296513
2017-03-30,-0.00023001185200084132,0.0017478629276155289,1.773782142172189,3.189059997180852
2017-03-31,-0.010968773320169805,-0.0021114121602199276,1.754432244262202,3.182333680635268
2017-04-03,0.0002899795846780308,-0.0009282056512009973,1.7549410675663586,3.179381190999658
2017-04-04,-0.0024574126378852194,0.003470792552533908,1.750633747806798,3.1904353357838557
2017-04-05,-0.0016291948207394463,0.0025834588486848276,1.747783946443017,3.198688350254645
2017-04-06,0.0009717779815695059,0.0029741209366278554,1.7494832299281218,3.208215797113638
2017-04-07,0.0012316480989242404,0.0054020442529072454,1.7516393051127577,3.225593616436965
2017-04-10,-0.0012071189640721616,0.0018132763162395094,1.7495261437645078,3.2314478149832144
2017-04-11,0.0009126323480734054,0.002172632231452809,1.7511235467270427,3.238476194938028
2017-04-12,-0.0006167193672224672,0.0060624599287830705,1.7500439278665259,3.258168960085284
2017-04-13,-0.0017103436782927859,0.005206813832485224,1.7470533095193885,3.2751778820129522
2017-04-18,-0.0018239039943537196,-0.011714798594200104,1.7438697561402103,3.2370336947310165
2017-04-19,-0.00014428006431247277,0.006193909464233371,1.743618168649608,3.2571458103813344
2017-04-20,0.000861161185748756,-0.0020104860511480638,1.7451203516572307,3.2506039425335844
2017-04-21,0.004565638386893588,-0.0010532713719033637,1.7531061564008106,3.2471819769050887
2017-04-24,0.0009052374932538416,0.01254599904656395,1.7546938523357625,3.288177747607839
2017-04-25,0.0010277374638216316,-0.0010463161279581357,1.7564981439555778,3.284739073482737
2017-04-26,-0.0021273521222109973,0.004915816953085184,1.7527654257121534,3.300926002900889
2017-04-27,-0.002206272654512512,-0.002146801897659145,1.7489026100627971,3.2938471698386738
2017-04-28,-0.0007650624840896065,-0.0010801600331795669,1.7475651019913747,3.2902912086197484
2017-05-02,-0.0016951522379345784,0.009634626171136418,1.7446052225297222,3.322145138355771
2017-05-03,0.0007494024820004111,-0.006173957320511292,1.7459131240247,3.301697542303007
2017-05-04,-0.000504016282276444,-0.0001320798746782259,1.745033377104761,3.301261483303337
2017-05-05,-0.0011918908499219617,0.0009547302397372448,1.742954726798,3.3044148025158067
2017-05-08,4.996434724389997e-05,0.0015267639099079133,1.7430418145688238,3.3094637170491454
2017-05-09,5.89896240282482e-05,0.004415080134975824,1.7431446389828877,3.32410756766306
2017-05-10,-0.001185063839309792,0.003013106596815973,1.7410801248366854,3.334138562743311
2017-05-11,-0.0003872145952340973,-0.004088558849407065,1.7404060837085797,3.3205345703299534
2017-05-12,0.0008399358017568358,-0.0016532002741858065,1.7418685271812189,3.3150495967969498
2017-05-15,3.0779933716973623e-05,-0.0006073796815773136,1.7419221426041647,3.3130367143822554
2017-05-16,-1.8372233842479742e-05,0.00630383921049571,1.7418901398972066,3.3339875310386935
2017-05-17,-0.0032446140724987295,-0.005160267254739281,1.736247537620143,3.3168275774064084
2017-05-18,0.0021268994999913498,-0.0041555658973582155,1.7399442915582355,3.303072880906011
2017-05-19,-0.0005399263021705012,0.006136103875157062,1.7390051034399119,3.323403189864953
2017-05-22,-0.0004922094994340811,0.005024444667428796,1.738149359228426,3.340143465376597
2017-05-23,-4.751668562032283e-05,0.00037657503687782423,1.738066770093959,3.3414015168857785
2017-05-24,0.0011182397389234947,0.0015249530638676845,1.7400114325219398,3.3465008845265123
2017-05-25,0.0013939804008609009,0.0008567346936985132,1.7424386657208568,3.349369176443935
2017-05-26,0.0020321404068580928,0.0028655783189659445,1.7459831459609265,3.358980821021122
2017-05-30,-0.0012798459148028107,-0.0016493076326113965,1.7437499859194594,3.3534453943807163
2017-05-31,-0.0034281388654906074,-0.0009859435675263484,1.7377824035159342,3.35014071584605
2017-06-01,0.0017369578374012127,0.0019208461417150602,1.7408034812642004,3.3565820050965796
2017-06-02,-0.00015994288360855562,-0.0003898108207547324,1.740525074400803,3.355273828097582
2017-06-05,-0.000546278782481963,-0.0067267129733963316,1.739574522139185,3.332779605019329
2017-06-06,0.002832875212967382,-0.010823966795785012,1.7445095064811267,3.296900238071503
2017-06-07,-0.0007353292408897676,0.002088889046230946,1.7432271891504956,3.3037942948183114
2017-06-08,-0.001962876770393297,0.0024087659783980087,1.7398088050263423,3.3117619543764656
2017-06-09,-0.00031069869491816884,0.001346359115141027,1.7392683326675895,3.3162237782055195
2017-06-12,0.0012228508366631872,-0.00442559953907562,1.7413964993533813,3.3015799275915985
2017-06-13,0.000561729704425761,0.008942444423013285,1.7423749682860545,3.3312365262150956
2017-06-14,0.0014565271381872902,0.005783951587646996,1.744914633809154,3.3505600663491095
2017-06-15,0.0004914970087333099,-0.021301946771886904,1.7457724649256112,3.279941441633656
2017-06-16,-0.0008615405512326651,0.01334541052183269,1.7442690588694858,3.324006989065846
2017-06-19,0.0007459079596665339,0.002867264198389563,1.7455706084020286,3.333551472039024
2017-06-20,-0.00012761412499527657,-0.005125578758271132,1.7453478631492423,3.3165088055005674
2017-06-21,0.0014083572290909726,-0.004516605971401688,1.747807668165096,3.3015632190949913
2017-06-22,0.0012130428148693162,-0.001230229114767667,1.7499291201446394,3.2975040372723967
2017-06-23,0.0007115887530166249,0.0013572367912626504,1.7511747931760069,3.301982569598053
2017-06-26,0.0013718510245965278,-2.5400244854978382e-05,1.7535787926978545,3.301898699497443
2017-06-27,-0.0008526923491012072,-0.008048663318099614,1.7520841667963702,3.2754294923147858
2017-06-28,0.0008646919915870371,-0.0025844247222668315,1.753599835142688,3.266975320649562
2017-06-29,-0.001410203838680801,-0.006697120417587854,1.7511286447742644,3.245169094490398
2017-06-30,-0.002917712828469185,-0.00032058500828391345,1.7460268007403532,3.2441289086722565
2017-07-03,0.001225780435595633,-0.0010242381161127412,1.748168358504383,3.2408078492585632
2017-07-04,0.0013521193762602271,-0.0009787396240277246,1.7505336895594938,3.237637493931906
2017-07-05,-0.003490632344211976,0.007725911556740073,1.7444338723463217,3.2627480710081613
2017-07-06,0.003937736399673067,-0.004229732086278304,1.751316535265021,3.2489766660111603
2017-07-07,-0.0010031273423168228,0.0013414441377790354,1.749560622612684,3.253337911242992
2017-07-10,0.002030812446574155,-0.0019456412176044324,1.75311726231285,3.2470142367038632
2017-07-11,0.0008256795779731707,-0.007362734289792172,1.7545653731896524,3.2231951281300053
2017-07-12,0.001039273228057623,0.0027284578767314827,1.7563897938804642,3.2320014886942854
2017-07-13,5.2647400280642466e-05,0.007775441568526276,1.7564822656711698,3.257229680481942
2017-07-14,0.0007114587415947283,-0.0005099784705233645,1.757732374981405,3.2555689869663085
2017-07-17,0.0005022351333870169,0.0057643160329465815,1.7586153916576506,3.274389306496649
2017-07-18,0.0015058114834386434,0.004742727817287573,1.76126552971276,3.2899557282172998
2017-07-19,-0.0004853129735391728,0.004095936935057054,1.7604109720820682,3.30345881441586
2017-07-20,0.0015346291968607892,0.0035480980718567423,1.7631146241794116,3.315200628501567
2017-07-21,-0.0015852521821579056,-0.0006428515903014187,1.7603218570789645,3.3130701313754702
2017-07-24,-0.00158723101739391,-0.0068533163391872876,1.7575300358455608,3.2904422403243645
2017-07-25,0.0018025124060138294,0.001273638856398307,1.7607008624077074,3.294635745354975
2017-07-26,0.00016896715189423928,0.006161751172271579,1.7609983881530973,3.3149991436895476
2017-07-27,-0.0004538578771862,0.005887756206245598,1.7601993265068494,3.3345746217429766
2017-07-28,0.0009159668190611134,-0.007634994691159136,1.7618123493097697,3.30921210674731
2017-07-31,-0.0006420464665400564,0.0026778719848969956,1.7606815469688577,3.318085628915594
2017-08-01,0.0012877184482571846,0.004161974776689448,1.7629502695028227,3.331924195516602
2017-08-02,0.003149715017005933,-0.0011182078359475156,1.7685118144839131,3.3282004940964516
2017-08-03,0.0011710690365431477,0.0033609843451305466,1.7705840770550567,3.3394053429676913
2017-08-04,0.0014728612575877797,0.003084417743515644,1.7731938231706448,3.3497213653429907
2017-08-07,0.0008135680773344938,0.0009410225187806986,1.7746370240515823,3.352875012173042
2017-08-08,0.0006750294403575656,-0.0019530278129380463,1.7758353606995207,3.3463331443252873
2017-08-09,0.0025021699833349675,-0.003741419824761394,1.7802843663974497,3.3338364993340734
2017-08-10,0.0014935389888478855,-0.00887446228377975,1.7829452771022105,3.304381385522594
2017-08-11,-0.000691791580383391,-0.0078788918878967,1.7817122771099072,3.2784488159368235
2017-08-14,0.0011951447535337892,0.007528546226623689,1.7838429541703404,3.30322391261063
2017-08-15,0.0018099233664429304,0.00011682858215600334,1.7870744967552117,3.303609846120478
2017-08-16,-0.0015899248889125928,0.008312655314920647,1.784235440075979,3.3311860731076988
2017-08-17,-0.0003780914038962052,-0.004344928120382008,1.7835609635084901,3.3167437073058004
2017-08-18,0.00048406078867754853,-0.0074417145034075816,1.784424524426268,3.292153059329824
2017-08-21,-0.005082053984619939,0.0010388910691165876,1.775378987084654,3.295575024958316
2017-08-22,-0.0012507891640790175,0.005294624502713674,1.7731597504733558,3.3130701313754702
2017-08-23,-0.0013194275092974252,-0.0004051207475459506,1.7708217374787185,3.311728209765671
2017-08-24,-0.0002785512526184505,-0.0016677073073303461,1.7703285415589394,3.3062098192394567
2017-08-25,-0.0008629981937905962,-0.001980620960139845,1.7688014102757073,3.2996679513917084
2017-08-29,0.002987165716555518,-0.007316528196575689,1.7740930127197643,3.2756139410126157
2017-08-30,0.0010904811325861683,0.004531894419862681,1.776028682891672,3.2904923658141843
2017-08-31,-0.006634312929708118,0.009487592981706428,1.764284951705181,3.3218597834431427
2017-09-01,-0.0016984642394179275,-0.000879034107800436,1.7612909201540878,3.3189410384183233
2017-09-04,-0.00039451883174446763,-0.00447263461474634,1.760596194768041,3.3041297752207597
2017-09-05,-0.0021340332066478902,0.001466106016920321,1.7568430301382398,3.308977532559657
2017-09-06,0.0011940739180928727,-0.003783737359491113,1.7589420835417673,3.2964808875684453
2017-09-07,-8.001639802922159e-05,0.002256649792444776,1.7588013449626725,3.3039282904087397
2017-09-08,5.0983428516010215e-05,-0.004391011682017165,1.758891016971191,3.2894525076136247
2017-09-11,0.003109172768136738,0.00426923576858762,1.7643682234014924,3.303525976019868
2017-09-12,0.0009262281913980251,-0.001443102154368603,1.7660031880483014,3.29876208878158
2017-09-13,-0.007807756263490868,-0.0038669593335161068,1.752268354485954,3.2860305419851357
2017-09-14,0.00043610088234308437,-0.003379855838385737,1.7530326869123565,3.274942980207723
2017-09-15,4.374756345018973e-06,-0.007490693541878812,1.7530403560200019,3.2505030363187806
2017-09-18,-0.00010998635709146389,0.0030761060257109563,1.7528475561002836,3.260517322902423
2017-09-19,-0.0009771372912519517,0.005008534663332398,1.751135619921891,3.276888701018406
2017-09-20,-0.0009325153679517223,0.00027130414990850227,1.7495034201888915,3.277777855131927
2017-09-21,0.0023147683057353585,-0.006288666771000706,1.7535578059281902,3.257229680481942
2017-09-22,-0.001117507491630252,0.005090434762220042,1.751599286476959,3.273852668899763
2017-09-25,-0.00047765747151955564,0.002507434010682985,1.750762821778375,3.282071938759756
2017-09-26,-0.0019540671267847774,-0.0032353148041188717,1.7473450540628384,3.2714705614718262
2017-09-27,0.002123476031022147,0.0033937171585058934,1.7510594417139118,3.2825918678600328
2017-09-28,0.0012597385589534574,0.005554437435630888,1.753266708809493,3.300875549793489
2017-09-29,-0.0031282960445656303,0.009925967698196203,1.7477905415014419,3.333803082340863
2017-10-02,-0.00031125924985775,0.004132313267968257,1.7472466101848039,3.347607904331079
2017-10-03,0.0013604411036666855,0.003915778273469783,1.7496252539270345,3.360742093133976
2017-10-04,0.0002630110237511786,-0.00029951478244427676,1.7500854851765437,3.3597356519266333
2017-10-05,-0.003083254241295524,0.002946298363152522,1.744697836694879,3.369649032295473
2017-10-06,-0.0009266355011328458,0.0038752998443261077,1.7430818865546605,3.3827327679909773
2017-10-09,-0.0006175348068568336,-0.0031736713698400365,1.7420058051115812,3.372014103609221
2017-10-10,-0.001142351822420955,0.002171546980118677,1.7400169578033995,3.3793445469732766
2017-10-11,0.0005888525207841039,0.0010666243922123897,1.741041872907515,3.3829509612995983
2017-10-12,-0.0003588553334663676,0.004126700603867661,1.740417202835431,3.396940231987644
2017-10-13,0.0007074466779176088,0.00040980686713787406,1.7416488908291874,3.398332606704843
2017-10-16,-0.0031987817470327867,-0.002095057714486259,1.7360866371081431,3.3912203566494123
2017-10-17,0.0005471960558844353,-0.004267846114045071,1.7370368768286455,3.3767779908475104
2017-10-18,0.005963741805077961,0.006377750148393702,1.7474270676807613,3.3983830598122418
2017-10-19,0.00045026191282312165,-0.006352913141251193,1.7482140446943664,3.3768618609481242
2017-10-20,-0.0004298074095158231,0.0007646972683179598,1.747462810799049,3.379445125570496
2017-10-23,-0.00033430999541651145,-0.0007597493444890802,1.7468787141548936,3.376878569444729
2017-10-24,-0.0002804425005765018,-0.0009144233512383693,1.7463888838079262,3.3737920842186835
2017-10-25,-0.00013277374432066634,-0.0019856643703484167,1.7461570246095308,3.3670995122838963
2017-10-26,0.001013801632982884,0.004478486423769468,1.7479281791004837,3.382212838890697
2017-10-27,-0.0005013700891774814,-0.0008583972667661754,1.747052039846813,3.37931080236248
2017-10-30,0.0005679036700179806,0.003330140355345179,1.748044478890169,3.39058314045531
2017-10-31,-0.0030061745228789328,0.0007220166358159474,1.7427974428174438,3.3930320818696686
2017-11-01,0.002059206684269889,0.004946187309592176,1.746389920518628,3.4098562274819235
2017-11-02,0.0011215272732990713,0.0028148176256799218,1.7483496431800953,3.4194678720591116
2017-11-03,0.0005114946836710881,0.004253792820037461,1.7492441434743504,3.4340445610690247
2017-11-06,0.00011166369655528753,-0.001946011187401453,1.7494394814474656,3.427368370013263
2017-11-07,0.0013205633347416258,-0.0061610860852745475,1.7517512531675445,3.4063169747596027
2017-11-08,-0.0031480954929160813,-0.00033985962575933115,1.7462452442110046,3.4051595018476397
2017-11-09,0.00019117826228563984,-0.011309853282684301,1.7465791202562215,3.3668646104786695
2017-11-10,0.0004959668613296012,-0.002544099015986845,1.7474455804705742,3.358309860216227
2017-11-13,-0.003596412552432277,-0.011706087906970808,1.7411723326055706,3.319226393330949
2017-11-14,-0.0015940444375768495,0.0029620286198657197,1.7383990374989773,3.3290726120957896
2017-11-15,-0.0007578282081689338,-0.0077491140803207514,1.7370821287296387,3.3033749443152507
2017-11-16,-0.0023694534736011957,0.007920433068182575,1.732971065855292,3.3296429943034687
2017-11-17,-0.00036710555357345265,-0.002633147255663104,1.732334999311758,3.32088708684659
2017-11-20,-6.405604848992044e-05,0.0037056591257602634,1.7322240363310042,3.3332159916365747
2017-11-21,-0.000412102143313607,0.0036518272179595357,1.7315103301629544,3.345410573218556
2017-11-22,-0.0018666077432600106,0.0034987054497612746,1.728281294182477,3.357135678807653
2017-11-23,0.002902236253990607,-0.0003898441453671353,1.7333044604934025,3.3558271741910706
2017-11-24,0.0003591146994763255,-0.0030687106237810013,1.7339270273836036,3.345544896426567
2017-11-27,0.0018343413691832243,-0.003188866161584869,1.7371105604115802,3.3348933936488203
2017-11-28,-0.0002169752704629559,0.007261746500939026,1.736733691265032,3.359198686712168
2017-11-29,0.00019688617339666276,0.001666445441076192,1.7370756637794393,3.364801274956577
2017-11-30,-0.00023251411226228548,-0.0053333069247880616,1.736671816125502,3.3469035265329703
2017-12-01,0.0019539713868463207,-0.004948851044813907,1.7400685406330763,3.3303811167123705
2017-12-04,0.00037206559364383747,0.004101477892344718,1.7407160807238522,3.3440686516087625
2017-12-05,0.0016919661752223304,-0.0032607473926091757,1.743663806476019,3.3331822470257846
2017-12-06,-0.002524134710043424,-0.0021259060273646213,1.7392681141330952,3.3261037415811505
2017-12-07,-0.0011631375715193022,-0.0009384452859872994,1.737246282104942,3.322983839361894
2017-12-08,0.0005813545767168477,0.009155159324825135,1.7382565318101195,3.353545972977934
2017-12-11,0.0009504278945607703,0.0035998456173302884,1.739909404649659,3.365639975962695
2017-12-12,0.0007786156687751506,0.00041857962755287303,1.7412646529146683,3.3670490591765
2017-12-13,0.00017704201290542486,-0.000578038270665715,1.741572957204422,3.36510333836581
2017-12-14,0.0018910910576329784,-0.0027503271960185316,1.7448695463426813,3.355860918801867
2017-12-15,0.0003393289045724537,0.002112043392250129,1.7454617314815486,3.362956132743109
2017-12-18,0.0010257437384500441,0.01026213756060379,1.7472530464813312,3.3976449374033377
2017-12-19,0.0011368287745962082,0.004241690259012998,1.7492405035061933,3.4120873032052383
2017-12-20,-0.0013804833437182202,0.0004325579708073235,1.746827372153997,3.4135635480230437
2017-12-21,-0.00033469926968313866,0.003551296867485121,1.746242808140306,3.425707676497622
2017-12-22,0.0016027420155413615,0.0028555015416991125,1.7490438289154897,3.4355037697726423
2017-12-27,-0.0007641222355847528,0.0077284500193979255,1.747707856123066,3.462157753270709
2017-12-28,-0.0009069208691370497,0.00011146574724918423,1.746123541927589,3.4625436867805557
2017-12-29,-0.00029605785625514726,0.0040610565633123485,1.745606664851544,3.4766338636834004
2018-01-02,0.0019675075784251427,-0.0021638820650178303,1.7490445401073729,3.4691189716215205
2018-01-03,0.0007938131932941974,0.0030126655256363932,1.75043350595574,3.479586025701432
2018-01-04,0.00023701011191183587,0.0036858318837520443,1.75084842556501,3.4924348595917016
2018-01-05,-0.0029943965854244896,0.0053696554159010645,1.745613532602225,3.511238470625436
2018-01-08,-6.231711455149681e-05,-0.0036373074962341434,1.7455047543931583,3.4984902153323896
2018-01-09,-0.0027981260457094924,0.0008818445489584548,1.7406274389309437,3.501576700558434
2018-01-10,-0.00010831639249438744,-0.005524212439231846,1.7404389106566174,3.482286577417631
2018-01-11,-0.0021797130122030803,-0.001065095402715599,1.7366493848558469,3.4785795844940886
2018-01-12,0.00048113129810845067,0.005841741807429912,1.7374851422671438,3.49896001894285
2018-01-15,0.0011434951172659517,-0.0012759994548829923,1.7394730844281092,3.494498195113794
2018-01-16,-0.001157018837891507,0.002133776481812788,1.737461645162373,3.501962634068277
2018-01-17,0.0017910828627076987,-0.0051817132698257495,1.74057637147343,3.483863400832653
2018-01-18,0.0016281637465496138,-0.005039320495811239,1.743412623134073,3.466351258301315
2018-01-19,0.0027531546524579235,-0.000566297202036381,1.748219121188801,3.464388828994021
2018-01-22,-0.0036984683453494607,9.191510228490074e-05,1.7417653300360962,3.464707273282288
2018-01-23,-0.0015101400263237315,0.0007743235028634388,1.7391370055632362,3.4673911165018767
2018-01-24,-0.0009200184014541085,-0.006440215770671998,1.7375377033220227,3.4451321228464344
2018-01-25,-0.0002556292213831741,-0.0008183487906681108,1.7370935946777903,3.442313956418831
2018-01-26,0.000980831776584392,0.004565227002439443,1.738798227116524,3.4580648268373166
2018-01-29,-0.003072139568309208,-0.0018303484421036131,1.7334645933103436,3.451741152298194
2018-01-30,-0.0033511854524433085,-0.0101102723059725,1.7276651549072422,3.417018930644747
2018-01-31,-0.0018095860103936865,-0.006268756140352494,1.7245416232142647,3.395665471981856
2018-02-01,0.0012934900644419396,-0.0028741500519089414,1.7267737439714035,3.3859198318142387
2018-02-02,-0.0017560096069556702,-0.011109011326437823,1.7237441734439174,3.3485137669412075
2018-02-05,-0.00435025890401427,-0.013719227611696638,1.7162617270948606,3.3028884322081806
2018-02-06,0.005647783002445775,-0.021970914141476783,1.7259822246972163,3.231112334580763
2018-02-07,-0.0029661282984510566,0.022031815704831814,1.7208703250009307,3.303089589402621
2018-02-08,-0.00017652337971687637,-0.01865792780528608,1.7205665779651227,3.242032156156951
2018-02-09,0.004331575492948469,-0.005717937446354071,1.728035506423952,3.223547317029059
2018-02-12,0.0011614566089252778,0.008384204171729692,1.730043710678645,3.250687812634197
2018-02-13,0.0001777251057399225,-0.003059541877046712,1.7303512102044436,3.2407573961511633
2018-02-14,0.0018545559163857337,0.006618840019305239,1.7335632207847562,3.262278595015284
2018-02-15,0.0007435704316689166,0.00647824006687614,1.7348527264969065,3.2834810219735564
2018-02-16,-0.0013489900175333593,0.008079682227124962,1.7325140052974095,3.3101179693574356
2018-02-19,0.002491897703112562,-0.004062239082681884,1.7368366365084125,3.2966987532594847
2018-02-20,-0.0025616936186605294,0.007567903581243485,1.7323930871160567,3.3217424963493127
2018-02-21,-0.002046668894210615,-0.0007072171665463145,1.7288510779684965,3.3193941335321755
2018-02-22,-0.00012441299705866888,-0.0026717678764924813,1.7286359998039553,3.310537319860496
2018-02-23,0.0010314085089934797,0.0032880456807919956,1.7304198494638259,3.3214404329400815
2018-02-26,0.004118649320553267,0.0013928717608102659,1.737561538962861,3.326069996970357
2018-02-27,0.0001191062783959537,0.002372606862978799,1.7377685057765295,3.3339708225420854
2018-02-28,-0.00047786500138315537,-0.009529153122207035,1.73693828540954,3.302351794611298
2018-03-01,0.00342578291505555,-0.00691159827258403,1.7428988629050381,3.279605961231208
2018-03-02,0.003318001778931193,-0.008485251668115978,1.7486914089574643,3.2518954110359797
2018-03-05,-0.0016592634900993797,0.009267526249626457,1.7457922750258208,3.2821725173569747
2018-03-06,-0.0005258669924193852,0.0062816945763870535,1.7448744618377452,3.3028550152149703
2018-03-07,-0.0012994775819565717,0.004251849834384203,1.742608509187459,3.3169281560036263
2018-03-08,0.0013654486051676877,0.009752973980283741,1.7449895767884513,3.3494363380479397
2018-03-09,0.00020089058038311143,0.00584723500326767,1.745340163970947,3.3690786500877965
2018-03-12,-0.0025302900730258975,0.0016118558478659395,1.740929529525483,3.374513498130981
2018-03-13,0.0016964819027087906,-0.012721348837089863,1.7438854916253674,3.3318570339125984
2018-03-14,-0.0005036582081144997,-0.002172179611797276,1.7430073905334722,3.3246274967633416
2018-03-15,0.002195193355137173,0.000418718557892106,1.7468378315162216,3.3260198714805385
2018-03-16,-0.0034891547883095916,-0.001185871592360499,1.7407534647533895,3.3220779767517667
2018-03-19,-0.0022270130792873227,-0.005574720377296671,1.7368810975262454,3.303609846120478
2018-03-20,0.0006543931133672523,0.0014611873116905372,1.7380180725289363,3.3084405673451918
2018-03-21,-2.1804898199752148e-05,-0.002822918939495267,1.737980175634966,3.2991142776806357
2018-03-22,0.004031431229995678,-0.014034345772877543,1.7450008653975089,3.253136754048552
2018-03-23,0.00015598144098480826,-0.0038436552445197947,1.7452730743762357,3.2406568175539436
2018-03-26,0.00013771086411704645,-0.006876790666447974,1.7455134339891136,3.218447949388326
2018-03-27,-0.0011253855465883293,0.010472874486657346,1.743550163324547,3.252331470035644
2018-03-28,-0.0010453877482939852,-0.001677605942209226,1.7417284297201714,3.246879913495855
2018-03-29,-0.002968114713227189,0.0053533437482133905,1.7365664444133722,3.2643081859265775
2018-04-03,-0.0023747351502518897,-0.003216802187159473,1.7324474517311381,3.2538244233500553
2018-04-04,-9.250084583189869e-05,-0.006921557393532396,1.7322872062880275,3.231380653379209
2018-04-05,-0.0026616838385921156,0.016066092193954162,1.7276825362336885,3.283715596161206
2018-04-06,7.39693333618363e-06,-0.002352557282369716,1.7276953158335,3.275999546904883
2018-04-09,0.0019440214445059902,-0.002347780042381231,1.7310572593634181,3.2683172422593567
2018-04-10,0.0002946432358075724,0.009760041494152105,1.7315673788236188,3.300372329189817
2018-04-11,-0.0008635208857115415,-0.0010424480673503211,1.7300727796286712,3.2969336550647146
2018-04-12,0.0014064512282180612,0.0059805742061485034,1.7325077545498344,3.316710290312586
2018-04-13,0.0007179269870690669,0.003312161079856324,1.7337520152128436,3.327713981989388
2018-04-16,-0.0010244178121304056,-0.003382987321334241,1.7319768381833711,3.316475388507356
2018-04-17,-0.00039579769110307324,0.0029241977486567095,1.7312914613939967,3.3261876116817626
2018-04-18,-0.00017640497657431752,0.009166389038808731,1.7309860799005057,3.3568169069018134
2018-04-19,0.0006600366168264373,0.006733188517722866,1.7321289712300287,3.3794952510603133
2018-04-20,-0.0016732020166410023,0.0036465340892757325,1.7292331928290008,3.391841191964491
2018-04-23,0.0017317493634608347,0.004716644654434887,1.7322303857543906,3.4078770896780215
2018-04-24,8.70588980742841e-05,-0.0059785181354410355,1.7323811983876807,3.3875638168332705
2018-04-25,-0.00031185391370574644,-0.008763144432956338,1.7318410327616933,3.3580077968069872
2018-04-26,-0.0003026156195136745,0.005901896633689674,1.7313170299043885,3.3778850106520775
2018-04-27,0.0011215844929433575,0.006632177512290838,1.7332599376013962,3.4003621976161362
2018-04-30,-0.002310515292613177,0.0006657346755858384,1.7292598369359125,3.4026266903326667
2018-05-01,0.0004875274093987265,0.003110801568874777,1.7301031040456034,3.4132280676205964
2018-05-02,-0.0005164711529083647,0.0077347853939251365,1.7292097864070592,3.439731019414044
2018-05-03,0.0009911231335380207,-0.006870241329956173,1.7309244958328303,3.4161802296386248
2018-05-04,0.0004444048048802605,0.002745920795652168,1.7316938979459986,3.4255736809071946
2018-05-08,-0.00040525741053463993,0.008425849635985472,1.7309922583430053,3.4545589911082124
2018-05-09,-0.0009578900788035653,0.0042300335577412085,1.7293349519176664,3.469202841722133
2018-05-10,-0.0020315491774901655,0.0008409764525243446,1.725825289151833,3.472121586746949
2018-05-11,0.0010789116105120883,0.00415568725096449,1.7276883069290492,3.486580661045459
2018-05-14,-0.00033413747118054844,0.0007406420084183907,1.7271111179627847,3.48916392566783
2018-05-15,0.0007784761912771741,-0.0007742821498677444,1.7284561563200502,3.486463373951635
2018-05-16,-0.002351926392195269,0.0021099015792689357,1.7243957314501623,3.493827234308899
2018-05-17,0.0007765471969840808,0.009109157477762864,1.7257353261838615,3.5257984511387455
2018-05-18,-0.00045880132665961917,-0.0014091967210809742,1.724943738131455,3.5208334067060223
2018-05-21,6.27994779117463e-06,0.007021496416021122,1.724954570722087,3.545641920373037
2018-05-22,0.00013392904132973109,0.00253731835456783,1.7251856077050165,3.554649765749332
2018-05-23,-0.0010649355048148626,-0.008839694995744551,1.7233493742076365,3.5233662182209904
2018-05-24,0.0006265297656656303,-0.0007334497538789009,1.724429442199261,3.520782953598617
2018-05-25,0.0015014545719860511,0.005748234355122506,1.7270205393899067,3.5410795179467662
2018-05-29,-0.0010288895658668092,-0.017378491463860612,1.7252445397872957,3.480072537808498
2018-05-30,-0.00045804099235316064,0.0036516446836749594,1.7244544880181008,3.4928037569873625
2018-05-31,-0.002014398011109658,0.0011328116836946123,1.7209842467242298,3.4967626878303246
2018-06-01,0.0007753727656786818,0.006626638139850982,1.7223191685034178,3.520011414196507
2018-06-04,-0.0020681289053431757,0.0059721154209118055,1.7187608712238212,3.5410962264433743
2018-06-05,-0.000616546064766191,-0.002784429608055916,1.717701502580736,3.531250007678535
2018-06-06,-0.0005920525437888587,0.005660396835617476,1.7166848340269623,3.551294961724847
2018-06-07,-0.002080705070361379,-0.0007891666322148438,1.7131166326632523,3.548493503793853
2018-06-08,-0.001127574646074111,0.0002741701040491762,1.7111860544225803,3.549466528007986
2018-06-11,0.000491306535699141,0.007453112980865484,1.7120269778735937,3.5760199329088325
2018-06-12,4.447647918391108e-05,-0.003627844467553487,1.7121031244991918,3.5630701928037665
2018-06-13,0.001968005774845423,-0.00040962077819095555,1.715475871039104,3.5616109841001466
2018-06-14,0.001271386453853628,0.00428131502486373,1.7176582908789901,3.576892050908168
2018-06-15,0.0010289035462408564,-0.015048890766252043,1.7194265050906499,3.5234667968182096
2018-06-18,0.0013973864003539622,-0.000280936872840698,1.721830887839898,3.5224770641074694
2018-06-19,-0.00011076722646352459,-0.00783067276034366,1.7216401759705202,3.495001415717466
2018-06-20,-0.001172202706673388,0.004338839858284871,1.719623247052047,3.510198612424879
2018-06-21,0.0007523731059027264,-0.009473047098516929,1.7209175321670158,3.4771033396762814
2018-06-22,-0.007279403861846737,0.013455282478894048,1.7084357634721303,3.524204919227115
2018-06-25,7.810418420258923e-05,-0.011272295538525157,1.708569204664789,3.4847021018387747
2018-06-26,-0.0016674673991609306,-0.000828341456641013,1.705722595190619,3.48181677380717
2018-06-27,-0.0012212220045516252,0.004177779034227669,1.7036408006490922,3.4963934628170805
2018-06-28,-0.00024827977289511045,-0.007700829812339549,1.7032178736023003,3.4695717391177907
2018-06-29,-0.004126394914347873,0.007072175775315159,1.6962042045666492,3.4941961317045585
2018-07-02,-0.0002657574728044585,-0.010864800289176912,1.6957534855175138,3.456437877932476
2018-07-03,-0.001078427416954706,0.0028736267990137065,1.6939257241974361,3.46638467529453
2018-07-04,0.002839174705148129,-0.0006147108570910831,1.6987419090258105,3.4642545057860117
2018-07-05,0.0006162307955377079,-0.0015215729657853672,1.6997890487105465,3.4589873979440515
2018-07-06,-0.0007196842103675176,-0.00013573563644442288,1.698566177464579,3.45851792195117
2018-07-09,-0.003248310612634641,0.009792592039342907,1.693057658458037,3.4925521466855303
2018-07-10,-0.0029857692714500062,0.0014590042844560003,1.6880101180719354,3.497651514326266
2018-07-11,-0.0014693761835110689,-0.0100882588154807,1.6855316175776507,3.4625436867805557
2018-07-12,0.0031018310478429243,0.006638992221684958,1.690767968821207,3.4856079644489077
2018-07-13,-0.002276704189515079,0.0016011788034244745,1.6869229689276188,3.4911935165791284
2018-07-16,-0.0005302333505717343,-0.00060076372015061,1.6860287432047492,3.489096764063826
2018-07-17,-0.0002442332295107283,0.0033932332843082946,1.6856170092413527,3.5009561928609316
2018-07-18,-0.0020927435124984944,0.005394689410172404,1.6820931337505818,3.5198937994850974
2018-07-19,-0.0024212680423017253,-0.0036761764748174386,1.6780252620928169,3.5069778039908215
2018-07-20,-0.0021471183305312247,0.0008844714039444312,1.6744262084731538,3.510080997713474
2018-07-23,0.0016675717247762478,-0.007449116233809505,1.6772207636866663,3.484031141033879
2018-07-24,0.0015332523574109187,0.00396413097892534,1.6797943388423977,3.4978697076348917
2018-07-25,-0.0013245599054792373,-0.004773339252057696,1.6775708235264233,3.4812129746062803
2018-07-26,0.001262113591334082,0.0007225051146004802,1.6796894451525615,3.483729077624643
2018-07-27,-0.0015321325622574687,0.004817819285975133,1.6771179087295491,3.500553550854476
2018-07-30,0.0010088049630420396,0.0004503483117446194,1.6788106472774498,3.5021303742695062
2018-07-31,-0.002832750528923,-1.91775407625272e-05,1.67406172496015,3.5020632126654974
2018-08-01,0.00044247331574458323,-0.0036661024620947558,1.674802616502635,3.4892477957684442
2018-08-02,-0.001410964618540211,-0.012212821533966078,1.6724411956001466,3.4468933949592913
2018-08-03,0.000987698715477962,0.004190961406631999,1.6740938796633604,3.461369505371985
2018-08-06,0.0022832712901760827,0.00019864998520091603,1.6779206572790668,3.4620571746734887
2018-08-07,0.0025264393671481727,0.0017523528022849177,1.6821651815915306,3.4681292389107785
2018-08-08,0.0040764764891150565,0.00458426433126391,1.6890364842415355,3.484064558027092
2018-08-09,0.00023571117965666188,0.0017124751822308326,1.689434655948637,3.4900360436671662
2018-08-10,0.0020476846958011976,-0.006688563520652835,1.6928976297674003,3.466770608804375
2018-08-13,0.0011486254219082127,-0.004480830311383244,1.6948432522034236,3.451271348687729
2018-08-14,-0.0016648187665395965,-0.003178729045828277,1.6920239927799703,3.44031811011833
2018-08-15,0.00011176753139614614,-0.009277532008285405,1.692213116693466,3.4085480504829193
2018-08-16,0.0007294478920133582,0.00695888007347456,1.6934479483021785,3.432350450560173
2018-08-17,-8.86557831024416e-05,-0.0008751813886114235,1.6932978210031033,3.429347835434741
2018-08-20,-0.0013529519182673253,0.004236616853990682,1.6910084195422534,3.443907488330463
2018-08-21,0.002813902418302737,0.005425811224506916,1.695773453249163,3.462644265377774
2018-08-22,0.0005530371272727483,-1.9396233110313688e-05,1.6967115383022753,3.462577103773768
2018-08-23,0.0008190128439999703,0.0011135858611801552,1.6981017360619082,3.4664351284019292
2018-08-24,0.0013031912663852324,0.0012525307151403098,1.7003161299897978,3.470779665137158
2018-08-28,-0.0002122123888782147,0.007597366846903597,1.699955340125398,3.4972488723198083
2018-08-29,-0.003937593812331861,-0.005400799889708097,1.693274767818625,3.4784118442928644
2018-08-30,0.0037010309745916952,-0.0021772165631386287,1.699553241428786,3.4708468267411625
2018-08-31,-0.0031167445698242827,-0.00013536621821685912,1.6942644143353451,3.470377023130703
2018-09-03,0.0005991867132903647,0.00033347383339332737,1.695279899263372,3.471534496042665
2018-09-04,0.0006459188663436902,-0.007142838803964935,1.6963752662550589,3.446826233355288
2018-09-05,0.0016406816543048767,-0.007821776684014736,1.699160762464643,3.419971092662782
2018-09-06,0.0010838193699919164,-0.005163268748482608,1.701003344144222,3.4023583715342274
2018-09-07,0.0003767508314991865,-0.003650027949650081,1.701644319304892,3.3899623051402274
2018-09-10,-0.0007486718440964072,0.002480945956197189,1.7003708228893006,3.3983830598122418
2018-09-11,0.004655617386709871,-0.0016499645427643372,1.7083055550627761,3.3927804715678285
2018-09-12,0.0014613055941564252,0.007589860228030432,1.7108037363855348,3.418629171052988
2018-09-13,0.0020179439946719606,-0.006739886430873199,1.7142595281358475,3.395665471981856
2018-09-14,0.0016064139531174414,0.006514174181978305,1.717015551625729,3.417857631650874
2018-09-17,0.0005842330308829968,-7.361908854264243e-05,1.7180189819155467,3.417606021349038
2018-09-18,0.001779783680772353,0.004109476291866088,1.721079406702005,3.4316794897552745
2018-09-19,0.0002291917219176254,0.00206056978604785,1.7214739090613946,3.438757995199909
2018-09-20,0.0032686911567706657,0.002474961205823689,1.7271100820407104,3.447279328469139
2018-09-21,-0.0010918120485367106,0.0019007294318313939,1.7252254314733046,3.453837904813495
2018-09-24,-0.0017834260397104457,-0.0049807560032189,1.7221513615174322,3.4366779511812147
2018-09-25,0.0014888033699693764,-0.0013187072972300484,1.724717215820381,3.432148965748153
2018-09-26,-0.0030520691429533255,-0.0012029856312647524,1.7194612844386206,3.4280226223215524
2018-09-27,-0.0012329479914427836,-0.0030531615894311415,1.7173425844934262,3.4175722767382424
2018-09-28,-0.00019353851756502994,-0.003303702012757981,1.7170102447167834,3.406300266262995
2018-10-01,-0.0017501235596046522,0.004628030160649388,1.7140078926453026,3.422101262171297
2018-10-02,0.00045466753902955197,-0.006703339627526006,1.714787373584641,3.399238469314968
2018-10-03,-0.0026410635086259624,0.001730541320037915,1.7102644864722767,3.4051260848544245
2018-10-04,0.001157875873789441,-0.010463457014980193,1.7122459073573109,3.369682449288688
2018-10-05,0.0005525103189891673,-0.008533583523313126,1.713192202284556,3.341049327986722
2018-10-08,-0.0013808517250333524,-0.013745020058129498,1.7108281704410773,3.2954407017503056
2018-10-09,-0.0018826544647225535,-0.004924019568543159,1.7076103021651092,3.2792537723321535
2018-10-10,-0.00019790209800146829,-0.01600498215846713,1.7072723959410199,3.2271871483485977
2018-10-11,-0.0004997514951613779,-0.02161528122450207,1.7064193971699595,3.1581790916589596
2018-10-12,-0.004708157337147498,0.007708726273763844,1.6984041894004744,3.1826187079303203
2018-10-15,0.002135247608192281,-0.009000246052423222,1.7020345773929442,3.1541028737221795
2018-10-16,-0.0002105987133462356,0.018254491358037583,1.701676168842389,3.21220814494981
2018-10-17,0.0021150088165582765,-0.0071219641423461155,1.705279037649015,3.1894121860799025
2018-10-18,0.00026402811417784895,-0.0027701955724648286,1.7057293387009254,3.1805891170190224
2018-10-19,-0.0001226846603545012,-0.008771872177101514,1.7055200847127399,3.1528114052197798
2018-10-22,-0.0003050600070945292,-0.002002533688321151,1.704999878094749,3.1465041115596835
2018-10-23,-0.0002116014668334849,-0.021886960414427392,1.70463913578774,3.0783848813659866
2018-10-24,0.0016934115199237203,0.0029598750180515054,1.7075282368657105,3.087510013836107
2018-10-25,0.0010824720742698365,0.006768123729552045,1.7093775892537217,3.108477538989154
2018-10-26,-0.0001273203088072215,-0.009684365387018445,1.7091599646255011,3.078519204574
2018-10-29,-0.00014997354242872392,0.011587460200574995,1.7089036550713352,3.1143988991394065
2018-10-30,0.0006539876681146519,0.005419634181700772,1.710021622516363,3.1313236233488784
2018-10-31,0.003827981056460759,0.013303234627453975,1.716580097744277,3.173258673654968
2018-11-01,0.00030113278183174384,0.01334773526390265,1.7170970941227197,3.215898429376746
2018-11-02,0.004131029690521313,0.007990090182984133,1.7242051448759217,3.241696675754506
2018-11-05,0.0025041415497939505,-0.01364981367676954,1.7285282091429386,3.197748743033723
2018-11-06,-0.0015954922807851625,-0.0010496650338982505,1.7257725546254525,3.194393939009234
2018-11-07,-0.0012947868435437366,0.005420152843747417,1.7235394930081482,3.2117550498359595
2018-11-08,0.0006179989025038488,0.005723353581599255,1.7246049677204398,3.2301897634740326
2018-11-09,-0.002003228373789016,-0.007845998958666556,1.7211536481603167,3.204944863189765
2018-11-12,-0.0034306286865398946,-0.015560124589711677,1.7152591258208671,3.15546150382858
2018-11-13,-0.0008378371913808999,0.009212343000738699,1.713822619795518,3.1846650073382254
2018-11-14,0.0010891125778349608,-0.003989872862034005,1.7156901823752597,3.1719839136491763
2018-11-15,-0.0008546834831679865,-0.013196104350067017,1.7142244367776518,3.1304010522421444
2018-11-16,0.0029550105008155805,-0.003924679434257783,1.719297479745184,3.118139309056162
2018-11-19,-0.0051196438963287925,-0.0026394336251804873,1.7105177825355136,3.109920039196167
2018-11-20,-0.004292816326014996,-0.009413003199671977,1.7031905822874305,3.0807836972905283
2018-11-21,0.0006874868624729577,0.01182651447224714,1.7043619060257473,3.1174349312580496
2018-11-22,-0.0010016627776417157,-0.002958403772531426,1.7026555648767268,3.108225928687317
2018-11-23,-0.004299542903364175,0.00016188651790471908,1.6953506393994118,3.1087291492909896
2018-11-26,0.00046464672330002706,0.00999144528774032,1.6961385615574018,3.139945535215327
2018-11-27,-0.0011875331124483407,-0.0031139254027579,1.6941255363558634,3.1301831865511005
2018-11-28,-0.003979110432164781,-0.0011367739060563764,1.6873978178051288,3.126626897714598
2018-11-29,0.00067534216304226,-0.0016483381350091975,1.6885377735840923,3.12147740458404
2018-11-30,0.0005349548934853788,-0.006912937065646219,1.6894413067821115,3.099973241834112
2018-12-03,0.00019486272002689126,0.004486458043068353,1.6897705479878533,3.1139123870323395
2018-12-04,0.0010625364143168525,-0.01270163748364439,1.691566944926503,3.0746107268384413
2018-12-05,0.0019522640262369993,-0.0031966629635302723,1.694872555883834,3.064797925066814
2018-12-06,0.0029261030823556394,-0.028749097049196592,1.6998391905926447,2.9779422454433906
2018-12-07,-0.009645551435388623,0.005101441343819957,1.6835221243058853,2.9931728591440123
2018-12-10,0.0009402788147665274,-0.019912070720389252,1.6851058489482416,2.9341620529238335
2018-12-11,-0.0014779023657311553,0.009161950232947191,1.682617266421538,2.961168225320957
2018-12-12,0.0030261520806286334,0.018837680984029603,1.6877168343055542,3.0174784798249377
2018-12-13,-0.0020787933099640273,-0.00951762635836495,1.684212063949991,2.988895484012796
2018-12-14,0.0024203617157488437,-0.008549979167662869,1.6882934035173718,2.963449426534093
2018-12-17,7.716285192372154e-05,-0.014246113704873054,1.6884236820775391,2.921531084724607
2018-12-18,-0.0038299174859709423,0.004468385070003578,1.6819695260256553,2.9346148204201072
2018-12-19,-0.0034900816741456507,0.006239425361611595,1.6761095468575593,2.952982372454176
2018-12-20,0.0011967129452695705,-0.008992546354969377,1.6781165695254527,2.9265465822647303
2018-12-21,-0.0004491057295181306,-0.00022358279029610628,1.6773630869686107,2.92589232995644
2018-12-24,0.0010523581378458558,-0.007527011885573032,1.6791292027934932,2.903951780589263
2018-12-27,0.001984145389559037,-0.01288865657553373,1.6824641466723576,2.866763909024854
2018-12-28,0.004984756003167504,0.021681828038667916,1.6908717574625693,2.9295993228799824
2018-12-31,0.000568980207467804,0.0021162697977352707,1.6918341037779725,2.9358057103252846
2019-01-02,-0.00014307625361836612,0.004822038720423194,1.6915920598084453,2.949996465825348
2019-01-03,9.067753801870272e-05,-0.008439524634953344,1.6917454561664578,2.925204660654939
2019-01-04,-0.0023025308257541284,0.02026475014124607,1.6878546411839996,2.9850879124920344
2019-01-07,0.001525622370966556,0.010080501668587871,1.6904316352435889,3.015331274202235
2019-01-08,0.003812385163341032,0.011042464633453264,1.6968885119594272,3.04881248046068
2019-01-09,-0.0017557836116252215,0.013003828413461704,1.6939117569529243,3.0887176122378897
2019-01-10,-0.0006501888978322835,0.0011886464003403319,1.6928107523039326,3.09239118816822
2019-01-11,0.0034675541633036972,0.005771093917855907,1.6986908541697947,3.110289264209406
2019-01-14,-0.0002081619724710296,-0.0067479427023808825,1.6983372881317509,3.089371864546182
2019-01-15,-0.005525348234234726,0.000662254172159038,1.6889792601851923,3.091418491571671
2019-01-16,0.0008540310258114995,0.003082550217632374,1.6904223169952763,3.100962646927271
2019-01-17,0.0038609383931543515,0.0027334482501508717,1.6969615490824472,3.109450563203286
2019-01-18,0.004279448115123071,0.012181826272334106,1.704239168976813,3.147561005874428
2019-01-21,-0.0002597981496001417,-9.055907117172524e-05,1.7037964683031348,3.147275978579378
2019-01-22,0.0038297092412796774,-0.004337166482439869,1.710334023861176,3.133655277669414
2019-01-23,-0.0021127246248566997,-0.00529723729273357,1.7067243734935147,3.1170994508555987
2019-01-24,-0.0008762684656194379,0.0024025068327748755,1.7052294798052716,3.124597306803298
2019-01-25,-0.001962373129029753,0.0008585718366056483,1.7018864644897886,3.127281150022889
2019-01-28,-0.0016402687633060042,-0.005858293978421969,1.6990972014792587,3.1090141765860397
2019-01-29,-0.0008965151361081767,0.009017922016536062,1.6975746177320812,3.137177821895122
2019-01-30,0.00015394278191107382,0.0066825927961424725,1.697835967207153,3.1582125086521753
2019-01-31,0.0016389959229608357,-0.006190740890756885,1.700620995136519,3.1387212283169346
2019-02-01,-0.00011299696751846462,0.005308707155950998,1.7004288409777935,3.155428086835365
2019-02-04,0.0031475864718169128,0.001986203034322287,1.705789519968457,3.1617016358846715
2019-02-05,-0.003926704775847689,0.007779137848462625,1.6991045217107679,3.1863928624578657
2019-02-06,-0.0024942111323873893,0.004066284022334443,1.6948718770466522,3.1993760195561505
2019-02-07,-0.0020010326026580895,-0.014475038051665834,1.6914837741460702,3.1533984959240677
2019-02-08,-0.0007056846340437256,-0.007818025735629064,1.6902905411105484,3.1288412649413084
2019-02-11,-0.0008217635235010065,0.009545320804388524,1.6889020925660634,3.15885005246386
2019-02-12,-0.0026856625861768264,-0.0003717807656649086,1.6843723567979483,3.157675871055291
2019-02-13,-0.002544946723758704,0.007820621519165627,1.6800911688951723,3.182467676225703
2019-02-14,0.0028544790069240946,-0.003929174384797562,1.6848938051176299,3.169987739731092
2019-02-15,-0.0011536937667789506,0.004698388687589983,1.6829510745105598,3.1849166176400603
2019-02-18,-0.000821854526088585,0.0073516479818458436,1.6815685017674418,3.208417281925659
2019-02-19,-0.0023595432456203053,-0.003057918554260297,1.6776054455070386,3.1986211886506366
2019-02-20,0.00126565629704623,0.006955684065250267,1.679730061636379,3.220947343910084
2019-02-21,-0.0002049479165513935,0.0018158896253819279,1.6793858397348638,3.2268015424563314
2019-02-22,0.0021518914273673173,0.001698374384064394,1.6830035868300721,3.2322865159893324
2019-02-25,0.0009415917128441101,-0.00117349985189108,1.684589035365582,3.2284956529651816
2019-02-26,-0.0038744040989806376,0.0012305626878710285,1.6780748840777513,3.232470964687167
2019-02-27,-0.002107586189909,-0.006084596970895362,1.67454192094635,3.2128623972581005
2019-02-28,-0.0032774018866846104,0.0014399097070025846,1.669062757709745,3.2174919612883808
2019-03-01,4.39294072786243e-05,0.011316481903980602,1.6691360802578983,3.2541094506451045
2019-03-04,-0.00089000722045795,0.000602980711565948,1.6676511979705366,3.256072207569982
2019-03-05,0.003272427667143637,0.0016316887764862287,1.6731174048952737,3.261389440901757
2019-03-06,0.001498741350819156,-0.0043192667237619276,1.675626855173483,3.2473330086097048
2019-03-07,-0.00010693415265925393,-0.009106750924420481,1.675447683015534,3.217894603294831
2019-03-08,0.0020762947632897823,-0.007119895240739638,1.6789300201941395,3.1950648998141338
2019-03-11,-0.0011913886086708171,0.002380674420178863,1.6769309531626269,3.2026803704732374
2019-03-12,0.0024523891651406842,0.002662357825817807,1.6810484872972575,3.2112184122390737
2019-03-13,-0.0008042947613958475,0.0018839122338043524,1.6796969723863102,3.217273767979754
2019-03-14,0.0004665539086758946,0.005355781541823035,1.6804808244145633,3.234551008705864
2019-03-15,-0.0008575446434155132,0.010723776184804024,1.679040354806997,3.269424262063925
2019-03-18,0.0009801726374925592,-0.0002206790730934216,1.6806869110428828,3.2687028481516283
2019-03-19,0.0026996713965531864,0.003309678849854336,1.6852303435511158,3.2795391272447856
2019-03-20,-0.0017161565583118418,-0.008335925394396426,1.6823407046903176,3.252314761539041
2019-03-21,0.0018767129265153566,-0.0021375343631540034,1.685500939737052,3.2453702516848355
2019-03-22,4.60472316476684e-05,-0.018208331904203234,1.6855785541762176,3.1868122129609264
2019-03-25,-0.000639216207847884,-0.010524456446070474,1.6845014493328994,3.1534486214138875
2019-03-26,-0.0010544085736432704,0.005125230069895181,1.682726232628735,3.169652259328643
2019-03-27,4.063315653053939e-06,-0.00013231049073958445,1.6827330700904675,3.169232908825585
2019-03-28,0.00042495840943875397,0.0007883325542934472,1.6834483136230562,3.171732303347343
2019-03-29,0.0008905506136080402,0.010987321567352382,1.6849481773048656,3.2067732969066243
2019-04-01,6.370092774478798e-05,0.006324967901896628,1.6850555134856327,3.227120314362175
2019-04-02,0.0014209589345087737,0.004693006004105271,1.6874516101469748,3.242300802572974
2019-04-03,0.001635553728351051,0.0120383737567753,1.690213786147247,3.2815687181560844
2019-04-04,0.0026598220879063203,-0.0028716990606891812,1.6947154382518064,3.272158558390909
2019-04-05,0.0007146993040557035,0.0015878872535228794,1.695927083125396,3.27735850462887
2019-04-08,-0.0012819274830222708,-0.0010805937475311111,1.6937544204838464,3.2738189242889675
2019-04-09,0.0018080447295197326,-0.004282229721605191,1.6968195743695618,3.2598296536009235
2019-04-10,0.0019342628178718227,0.002620856204755384,1.7001048456456544,3.268384403863361
2019-04-11,-0.0016567214679158331,0.0069758600023028805,1.6972905773232383,3.291263905216299
2019-04-12,7.32327732563807e-05,0.004601753915855156,1.6974148791706665,3.3064443934271073
2019-04-15,-0.0025230981937943275,0.004828111115436684,1.6931375331061167,3.322446874147423
2019-04-16,-0.0013287901229939536,0.005854500368011273,1.6908892027856364,3.3419551905968525
2019-04-17,-0.0025538352553297365,-0.0032829752473180207,1.686576459688393,3.331001624409867
2019-04-18,0.0033424155584357725,-0.0011185177137313929,1.6922231305911581,3.3272779229897176
2019-04-23,0.00018681815448740206,0.00362821402827862,1.6925392981253942,3.339371925974479
2019-04-24,0.0008655821073479873,0.004295523859953576,1.6940049640934431,3.353747130172377
2019-04-25,2.9901619220932922e-05,-0.006150789643827537,1.694055618342156,3.3331822470257846
2019-04-26,0.001543340652847796,-0.0007148217556700587,1.696672141820297,3.3308004672154286
2019-04-29,-0.0004940716559928839,0.002730774786884993,1.695834071256015,3.3399085635713663
2019-04-30,-0.002166791904022491,-0.004348629638297297,1.692163529805696,3.325416072279643
2019-05-01,-0.005469811043164412,-0.0005601404084547568,1.6829329827316064,3.323553893951988
2019-05-02,-0.0007576224899715577,-0.006430337041454237,1.6816584377277184,3.302250888396495
2019-05-03,0.002226788472975502,0.000939279501317003,1.6854073077735436,3.3053540821191496
2019-05-07,0.002190834348715933,-0.012228618392610358,1.6891038037216144,3.2651803039259124
2019-05-08,-0.0028648545582266394,0.00339514411809283,1.6842716919438498,3.276284901817514
2019-05-09,-0.0021068978377403328,-0.012690363197359389,1.6807268391905321,3.234970359208926
2019-05-10,-0.004406219090744372,0.004201617002410174,1.6733374800282887,3.24859106011889
2019-05-13,-0.003080730060575938,-0.012464558581184448,1.668190311541356,3.2083501203216502
2019-05-14,0.0008451873857771813,0.012495518784669812,1.6696008409466103,3.248691638716111
2019-05-15,0.0010570679524563283,0.00012393206300131965,1.6713666556175928,3.2490942807225642
2019-05-16,-0.001095454690288449,0.008272354085267608,1.669536751646942,3.2760834170054958
2019-05-17,-0.0012253255816566191,-0.0016448984520049947,1.6674922783841295,3.270699022069714
2019-05-20,-0.00016200587096172581,-0.008394711904028185,1.667222156726486,3.2433573692701425
2019-05-21,0.0012523868754910255,0.005199680612800961,1.6693114719164732,3.26026571260059
2019-05-22,0.00013685495435143843,-0.006664313593127247,1.6695399410949736,3.2386105181460385
2019-05-23,0.005038636929270553,-0.01440360660478035,1.6779733753615036,3.19229718649393
2019-05-24,0.0023474171841432858,0.005036978166534922,1.681916905641877,3.208417281925659
2019-05-28,-0.0015581152605865507,0.0040488003823817564,1.679298325798531,3.2214338560171534
2019-05-29,-0.0020695996723323327,-0.013567390166132398,1.6758264444751771,3.178022560893255
2019-05-30,-0.0011456677197007655,0.00869216312671739,1.6739076036008274,3.2057668556992818
2019-05-31,-0.006278977974891637,-0.007415608658879691,1.6634301030468444,3.18208207033343
2019-06-03,-0.0029603681080850853,-0.004919836200112826,1.658513019399582,3.1664651955053795
2019-06-04,-0.002736125279239173,0.006915620661301247,1.6539813224736815,3.1884391618657704
2019-06-05,0.0016498053546010493,0.0033613125326557025,1.656712321905202,3.19917453474413
2019-06-06,-0.001360250895188442,-0.00035131740803073797,1.6544603094844545,3.198050806442961
2019-06-07,0.00023686842260335096,0.00871595808182768,1.6548522453049994,3.22604671155082
2019-06-10,0.0013911356434014163,0.004005984224507486,1.6571559712741348,3.2389961240383087
2019-06-11,-0.0007020047934705672,0.0008334145610469079,1.6559930480753604,3.241696675754506
2019-06-12,0.000201573787805362,-0.003919540668332999,1.656326886512049,3.2290155820654567
2019-06-13,0.0002702086824054094,-0.004044470019662683,1.6567745008896084,3.2159822994773584
2019-06-14,0.0014409657103103767,-0.002825732813294124,1.659163577010105,3.2069076201146403
2019-06-17,9.988313507793467e-05,0.0020534509460556905,1.659329307746499,3.2134996134522056
2019-06-18,0.0007326459849576988,0.008016865154420572,1.6605454541495324,3.23936534905155
2019-06-19,-0.001395817899543821,-0.0034390813284694843,1.658229251955921,3.228244042663342
2019-06-20,0.00042469790537860903,0.007175855070583381,1.6589336480130417,3.251492769029523
2019-06-21,0.0005760500526995401,-0.0030742467746041058,1.6598895521262786,3.2415122270566714
2019-06-24,-0.0011237608198834718,-0.0012893641997457905,1.6580252809758926,3.237335430522673
2019-06-25,-0.0020839136373429048,-0.0006841419747001254,1.6545736971322271,3.2351213909135406
2019-06-26,0.0017832167135061582,-0.0013541744264227162,1.6575267928249424,3.230743437185102
2019-06-27,-0.002283718894091286,0.002804914299009198,1.6537457865916716,3.239818116547825
2019-06-28,-0.0018939876089640543,0.007612855367039373,1.6506165768411594,3.2645765047250213
2019-07-01,-0.0005412827450755105,0.00882940475158911,1.6497233683303651,3.2935283979328283
2019-07-02,0.0010686960720853874,0.0012521792494801787,1.6514873636336633,3.2976550689770168
2019-07-03,0.0016363524892126491,0.006666674194965694,1.6541919913506935,3.319712905438015
2019-07-04,0.003057020089332177,0.00034347577193116763,1.6592566269019362,3.3208533422357926
2019-07-05,0.004823092709216651,-0.0072136367048951655,1.6672787055053362,3.296984108172115
2019-07-08,0.002664959907946601,-0.0037618188441363998,1.671727862189812,3.2846047502747275
2019-07-09,-0.00047374173816395397,-0.00584395119753367,1.670936082490995,3.265465658838543
2019-07-10,0.0008880960386932592,-0.002468705237442137,1.6724206933476973,3.2574141291797742
2019-07-11,-0.0031324572683858343,0.0012247678405046258,1.6671901035675127,3.261406149398369
2019-07-12,0.0017202370787902917,0.005570039404190652,1.6700605340036443,3.2796229973453976
2019-07-15,0.0011074741665711427,0.0016505988177470954,1.6719111074436583,3.285040809274396
2019-07-16,0.0008716311796771433,0.0036697102580571794,1.673369032588758,3.2971181037625503
2019-07-17,-0.0015710413346003032,-0.0021339489525491473,1.6707421646698581,3.2900897238077333
2019-07-18,7.58327743288317e-05,-0.004040926370487696,1.6708688664874078,3.276821539414402
2019-07-19,0.00416261545081446,0.00442322933231587,1.6778385470334487,3.291347775316912
2019-07-22,0.00013299778433124225,0.0013394951173939518,1.6780617106824762,3.295759473656147
2019-07-23,0.002767038616704399,0.0052944278505187015,1.6827114022084542,3.313254907690881
2019-07-24,0.0025419143146667394,0.0017956458448935564,1.6869941512937634,3.319209684834346
2019-07-25,0.0009450514920146582,0.0016461043809936626,1.688589201216904,3.3246779498707433
2019-07-26,0.002691780528649555,0.0018902024747440294,1.693140635732844,3.3309682074166522
2019-07-29,0.00407380217821771,0.0014491947810899575,1.7000522244065723,3.3357989286413683
2019-07-30,-0.002398945186689488,-0.00564268796707168,1.6959787802438797,3.3170290622184293
2019-07-31,-0.004084259190878425,-0.005491758704470939,1.689066089542712,3.298862667378798
2019-08-01,0.0009026673828836009,-0.0016386040647802247,1.6905914427489979,3.293461563946406
2019-08-02,0.0023853640792890827,-0.019600836453594894,1.6946289323762185,3.229535511165738
2019-08-05,-0.0005675653212209829,-0.02002967094046504,1.693667392655976,3.165492498908825
2019-08-06,0.002263424739479841,-0.0013363085607878133,1.6975052230145908,3.161265249267423
2019-08-07,0.0040751841308748335,0.005017624068802462,1.7044369838693647,3.177167151390525
2019-08-08,0.0019028226812870632,0.01032608122707046,1.7076833128357822,3.210144809427721
2019-08-09,-0.001644183770656821,-0.002375132140874925,1.7048778746074031,3.2025293387686173
2019-08-12,0.0018817111730581471,-0.009430317454482307,1.708088982594139,3.1724704257562446
2019-08-13,0.0019543359338798257,0.00502090760340046,1.7114304263593638,3.1884391618657704
2019-08-14,0.0009029099021967322,-0.014685200721308078,1.7129763916669083,3.1419584176300193
2019-08-15,-0.0014284417941553393,-0.00483790289899666,1.7105312513827018,3.1267946379158214
2019-08-16,-0.0004913755249751734,0.009673785955143899,1.709690944661053,3.1571893589482243
2019-08-19,0.0009246529434442677,0.014562511283454427,1.7112725465291383,3.203502362982752
2019-08-20,-0.0004254409970525152,-0.004718433969303604,1.7105446558789554,3.188422453369167
2019-08-21,0.0015984427319021767,0.010451303651418442,1.713281049953721,3.221920368124216
2019-08-22,0.0003167514273062881,-0.00013016392334108673,1.7138238201287463,3.2215010176211534
2019-08-23,8.207689049088084e-05,0.0016023783942316072,1.713964491231596,3.2266672192483163
2019-08-27,-0.0010152131796397135,0.005174790208396729,1.7122253348472778,3.2434078223775433
2019-08-28,0.0008526571608473024,-0.0068969750614371605,1.7136858986316152,3.2211150841113083
2019-08-29,0.0014714721869099855,0.004649902521645544,1.7162093959412748,3.23612783212089
2019-08-30,0.0006702932914737932,0.005226675242534284,1.7173601452128116,3.2530863009411535
2019-09-02,0.0022481017006875745,0.004527315721938763,1.7212252884656607,3.267847438648899
2019-09-03,0.0008524536013115958,-0.0008986872249749922,1.7226931787267614,3.2649119851274735
2019-09-04,0.0007532864148805002,0.007931838525887969,1.7239913489809258,3.290911716317248
2019-09-05,-0.0007242053747785831,0.0015534003794357432,1.7227432771646292,3.2960277924545913
2019-09-06,0.000997468882176862,0.0028408226010920856,1.7244625172772912,3.3054045352265478
2019-09-09,-0.0006085480367625906,-0.0013711153884781169,1.7234134182438863,3.300875549793489
2019-09-10,0.00015741606548147973,0.0030646586177915935,1.7236847325574398,3.3110071234709566
2019-09-11,0.001478343137547558,0.012250510346698107,1.7262348145367754,3.3518181178582944
2019-09-12,-0.001334731149653435,-0.0009813348181939574,1.7239322921242204,3.348530475437814
2019-09-13,0.003943895483610623,0.011614197326986542,1.730744725838234,3.387647686933879
2019-09-16,0.0006129913984900205,-0.006731924178701831,1.7318059827055892,3.3649188896679783
2019-09-17,0.0012205577191077652,-0.0009875504964220738,1.7339210423794054,3.361597502636706
2019-09-18,0.0038345538328398462,0.000693374521272716,1.7405826198845387,3.363929156957242
2019-09-19,0.0020694310013067586,0.0017486899866607786,1.7441883651521697,3.369816772496699
2019-09-20,-0.0004930600069182886,0.003969333228493355,1.7433285876031612,3.38321928009804
2019-09-23,-0.0009056738414648172,-0.0062467057651005575,1.7417504152668666,3.3621511763477767
2019-09-24,0.00026907920299630144,-0.006240867174236442,1.7422191471405966,3.341233776684552
2019-09-25,-0.0004260028839240982,-0.0072655742978113835,1.741477114824662,3.3170457707150307
2019-09-26,0.0012089071988762793,0.002207394471014368,1.7435836721050286,3.3243758864615063
2019-09-27,-0.0013477777366329266,0.007660350311168074,1.7412352917526739,3.349939558651615
2019-09-30,0.0006151949141330578,-0.0017190061250342836,1.7423068204141658,3.3441859387025854
2019-10-01,0.0006165180404345807,-0.0032102132594111765,1.743381315189596,3.3334676019384144
2019-10-02,-0.0005010991629448075,-0.020122833872761703,1.7425079271171526,3.267059190750178
2019-10-03,0.0030743231594122272,-0.006629816514857723,1.7478732026625734,3.2454708302820534
2019-10-04,-0.0021684242551067616,0.006809500422068737,1.744087178352052,3.267646281454458
2019-10-07,0.0002590839000961027,-0.0030951306940902867,1.7445391018008438,3.257548124770206
2019-10-08,8.457016963612759e-05,-0.011356547963353947,1.7446866440073667,3.220762895212255
2019-10-09,0.0002426113776240566,-0.001527176334342073,1.745109976188117,3.2158479762693495
2019-10-10,-0.00317336196315735,0.003337889976366526,1.739580888106989,3.2266000576443146
2019-10-11,0.0005824496153950043,0.04104717705561001,1.7405944014577934,3.3617986598311433
2019-10-14,-0.00035108415725867216,-0.005593927726273762,1.7399834135995829,3.3430455019048058
2019-10-15,0.0018807257408506477,0.013312942275653938,1.7432589243974366,3.3878488441283165
2019-10-16,-0.001851332567996081,-0.00044571004823446003,1.740034557984467,3.386339182317301
2019-10-17,0.0003759930551087984,0.001638225899494472,1.7406889219043542,3.3918913174543075
2019-10-18,0.00031791845914193675,0.00036590674711511895,1.7412424070211574,3.3931326604668874
2019-10-21,0.0038804350314584303,0.003961826995695361,1.748012311648187,3.406602329672236
2019-10-22,-0.0008269593843912753,-0.0062681456453628215,1.7465673739977579,3.3853160326133436
2019-10-23,0.00039548150308471667,-4.955057532285423e-05,1.7472582456925487,3.385148292412124
2019-10-24,0.0007339206986820207,-0.001423207092811296,1.7485410653713815,3.3803339520664366
2019-10-25,0.0008418245997637236,-0.0024194955473166857,1.7500136499959247,3.372165135313841
2019-10-28,-0.0013578252937691204,0.005293459541876544,1.7476390497085208,3.390062883737449
2019-10-29,-0.0005807919167193032,-0.002075285240282554,1.7466243297741986,3.3830348314002134
2019-10-30,-0.0050365519888772164,-0.0026413461768317603,1.7378494815710226,3.3741108561245254
2019-10-31,-0.0009143679621220258,-0.004664061229012972,1.7362611739415499,3.3584104388134457
2019-11-01,-0.0013293948080799764,0.006834260221561195,1.7339545309107847,3.3814412994885803
2019-11-04,0.001235114292326715,0.004498983670355727,1.7360974860589984,3.3966886216858105
2019-11-05,0.0016257614111342357,0.002234610243686319,1.7389222619414322,3.404287383848302
2019-11-06,0.0016236601089672708,-0.0038705205055737935,1.74174797402796,3.391136486548801
2019-11-07,0.0004967028619552911,0.010656960947653005,1.7426133201236147,3.427468948610476
2019-11-08,0.003004755739214277,-0.0037067033794979665,1.7478573220254126,3.414787854921433
2019-11-11,-0.0005472159748777983,0.0025706894683121817,1.7469011282231155,3.423577506989107
2019-11-12,-0.003019440414907223,0.0008423310166207898,1.7416344196135165,3.426462507403134
2019-11-13,0.003685432548519189,-0.006748972617113935,1.748064938133816,3.4034152658489703
2019-11-14,0.003124858939439176,-0.002862672617675699,1.7535359380821032,3.393686334177955
2019-11-15,-0.000825326994305912,0.008494920408310236,1.7520892945959954,3.422638227385766
2019-11-18,-0.001371854330634381,0.0017676438639533387,1.749687331258154,3.42869358312645
2019-11-19,0.0009641281248682879,0.004295937676642936,1.7513750674901947,3.4434547208341892
2019-11-20,-0.0017362398919556095,-0.002594844750317904,1.7483368984905703,3.4345310731760876
2019-11-21,-0.001693667991343792,-0.0051609795790970026,1.7453783023944958,3.4168511904435253
2019-11-22,4.73556088965648e-05,0.005673661114967032,1.7454609578038436,3.4362923452889444
2019-11-25,-4.905512821534643e-05,0.01055623862184163,1.745375336092873,3.472758802941054
2019-11-26,0.0010826097981835154,0.007780100078704777,1.7472659197307663,3.4998825900495794
2019-11-27,-0.0011822581005537145,0.004275573148710521,1.7452014210689448,3.514878629562557
2019-11-28,0.0016044768856609518,0.0033016844784050647,1.7480038039879897,3.5265028289368545
2019-11-29,-0.0007437792730545438,-0.010087043900460557,1.7467041583740124,3.491109646478513
2019-12-02,0.0010163381486073691,-0.005415229446029457,1.7484803028733171,3.4722555823373833
2019-12-03,-0.0005870989748326424,-0.00967451764547178,1.747454073158669,3.4388251568039134
2019-12-04,-0.0006330421691105141,0.007996836496882764,1.7463482111073618,3.4664351284019292
2019-12-05,0.0009477251786486115,0.002020689664902875,1.7480040537956825,3.4734467998601417
2019-12-06,0.0013802728163739134,0.010840528276853334,1.7504184421480387,3.511305632229443
2019-12-09,0.0008506524163852849,-0.0004969653253628081,1.751908073314887,3.5095610686131917
2019-12-10,-0.0005558420481185735,-0.006785994799184181,1.750934559728258,3.4858258301399463
2019-12-11,0.003245339033301729,-0.00646904619730293,1.7566261666012348,3.463348643175882
2019-12-12,-0.001959357338529655,0.007041536813424898,1.7531876779446958,3.487822004058035
2019-12-13,9.96582104332358e-05,0.03379930475873216,1.7533624061976412,3.6077228309402387
2019-12-16,-6.182055682801228e-05,0.019015663873975797,1.7532540157077836,3.676982497931709
2019-12-17,0.0014458782276834119,-0.010570850619869177,1.7557908410450056,3.638318381549494
2019-12-18,5.151130452342185e-05,-0.0012501753562990103,1.7558812864511584,3.6337726876198286
2019-12-19,-0.00035141107579686145,0.00013847474954076233,1.7552643587232821,3.634275908223504
2019-12-20,0.0006921419109866466,0.00037845390900770326,1.7564796712866784,3.635651574444094
2019-12-23,-0.0012158615848790657,0.007771571379803888,1.7543453329226888,3.6640163769476164
2019-12-24,0.0008537493767478996,0.006284141149347278,1.7558437436998913,3.6871140716091726
2019-12-27,-0.0019206243442248087,0.003537706433997201,1.752474663865115,3.7001810988080663
2019-12-30,-0.0004974070635528682,-0.005577847392473245,1.7516031873458673,3.6795995071648746
2019-12-31,-0.0005871576549621761,-0.0024144581048854974,1.7505750220030756,3.670725984996589
2020-01-02,-0.0013641471230699856,0.010224762580026692,1.7481886082029243,3.708450821775462
2020-01-03,-0.0001522403595602532,-0.0054472286677622606,1.7479224835985991,3.6883049615143517
2020-01-06,0.00115433666830836,-0.010349735242218827,1.7499413396103627,3.650328842051224
2020-01-07,-0.0014129268141492729,0.0032526350804165105,1.7474705465044045,3.662221360223964
2020-01-08,-0.00026788837164804023,-0.008315581681081596,1.747002482162495,3.6318941284131507
2020-01-09,0.0024946911246687777,-0.00040654954942631605,1.7513661544937345,3.6304178835953462
2020-01-10,0.0054119124634671055,-0.003536256697014295,1.760870088847168,3.617602466698284
2020-01-13,-0.0010651204782404643,0.006935768328240499,1.7589955485388697,3.6427805329961265
2020-01-14,0.001241599608137133,0.0018079694925674517,1.7611808730909684,3.6493725263336936
2020-01-15,-0.0007692441235509495,-0.0019784129819910845,1.7598266159977685,3.6421596976810497
2020-01-16,-0.00014465758643182223,0.00037295914461132895,1.7595720621389772,3.643518327787447
2020-01-17,-0.00019484160575969204,0.007563008077474009,1.7592292576903092,3.671178752492861
2020-01-20,-0.003443823832301251,-0.0017881019247223406,1.7531812022423938,3.664620176148504
2020-01-21,-0.0007946985330248773,-0.004661353466630658,1.7517885051733,3.6475778372276246
2020-01-22,0.0003930447842507935,0.0008090212546054687,1.7524771718379235,3.6505299992456597
2020-01-23,0.0016168863376120127,-0.010271771772792704,1.7553130202384941,3.613224512969845
2020-01-24,0.0008030350504495279,0.010313143458672513,1.7567231642400063,3.6506810309502797
2020-01-27,0.0006026998856906054,-0.021371921939923766,1.7577822602167366,3.573486793776283
2020-01-28,0.001832882530442967,0.006055707943330546,1.7610070230167227,3.595192441338226
2020-01-29,-0.0008266098476867431,0.0016735963662117825,1.7595519587377344,3.6012143800857013
2020-01-30,-0.0013715783271827965,-0.008283297141430168,1.7571402497075774,3.571507655972381
2020-01-31,-0.00322537763488895,-0.00699420739402612,1.7514819388447733,3.546614944587171
2020-02-03,0.0038692969241527144,0.0008226279746601506,1.758272070569841,3.549533689611993
2020-02-04,0.0013173566226627683,0.01309853260552174,1.7605898682743295,3.596333205753587
2020-02-05,0.002290833077942256,0.003729045061430014,1.7646277090249858,3.6097691303481425
2020-02-06,0.0021286493448122636,0.0024551801674377316,1.7683879833745415,3.618642652516425
2020-02-07,0.00020901712049325175,-0.003417502658574989,1.7687576453702385,3.606297039229831
2020-02-10,0.006318695313960744,-0.00027911779333678055,1.7799692701331618,3.6052905980224828
2020-02-11,0.0011468210049080036,0.007079384863844851,1.7820117472342067,3.6309043957024105
2020-02-12,-0.002078027230349542,0.00679108032441178,1.7783125231739803,3.6556460753830042
2020-02-13,-0.0012667867492575573,-0.00550297050739168,1.7760612067035877,3.635584412840085
2020-02-14,0.00015269618964734087,0.005346930590432564,1.7763324251889194,3.655075693175323
2020-02-17,-0.0012374855545372813,0.0016599801846819418,1.7741355990233612,3.661148085030193
2020-02-18,0.002395806731776913,-0.0067947144791400405,1.7783911807747426,3.636355952242199
2020-02-19,0.0012107942522386617,0.007921142515556312,1.7805457507018778,3.6652744284567986
2020-02-20,-0.0018359179790953229,0.0007227674416672158,1.777279813659176,3.6679245270655922
2020-02-21,-0.005549866763542206,-0.003963631613800089,1.7674434679433606,3.653414999659685
2020-02-24,0.003228668278718374,-0.030880223755824332,1.7731591787045609,3.542320860959342
2020-02-25,-0.000548919200933778,-0.019214692011903622,1.7721861246735113,3.4749060085637584
2020-02-26,-0.004268691349108006,-0.004499390739734821,1.7646373322891473,3.4593061698498944
2020-02-27,-0.0031505133470321797,-0.04155870086999869,1.759086567291988,3.3184882709220447
2020-02-28,0.0021874711858333677,-0.023143384856577853,1.7629387301829298,3.2425691213714187
2020-03-02,0.0022942781085903423,-0.0015117376377205005,1.7669880452696516,3.23767091092512
2020-03-03,0.0014623659126955292,0.019546903185837294,1.7695739186409036,3.3015799275915985
2020-03-04,0.0029949249345188013,0.0030488698459993913,1.774881603785301,3.3116613757792503
2020-03-05,-0.001745570558792761,-0.021487656305582803,1.7717861251865419,3.2412606167548343
2020-03-06,-0.005815655357141602,-0.030294182858504826,1.7615119322561354,3.1445416822523886
2020-03-09,0.001528869074190945,-0.06611271982432854,1.764207113137544,2.9433707278769874
2020-03-10,0.005463453495086506,-5.676669905696485e-06,1.7738721548676473,2.9433540193803798
2020-03-11,-0.014409874977074006,-0.011918882701401401,1.7484941648541346,2.908480766022319
2020-03-12,0.005467741882958569,-0.09820138535683576,1.7580806639995465,2.6364399042472075
2020-03-13,-0.011994038128204477,-0.009936358578151783,1.7371201294841057,2.6103730114534294
2020-03-16,0.01010294236240361,-0.08109605397928021,1.7547591067812078,2.4070383067675065
2020-03-17,-0.0050195894918989865,-0.030057358704176806,1.745973006165237,2.3357655935525514
2020-03-18,-0.001847409766682311,-0.06809868965570409,1.7427504561829652,2.1819981183284267
2020-03-19,0.008024756584044975,-0.013817131974750652,1.756791868486826,2.1520564924098786
2020-03-20,-0.01032676884440126,0.05776268739032986,1.738743237369118,2.2800253936386654
2020-03-23,-0.004080944294819511,-0.038594069132072306,1.7316619820064192,2.193706351612129
2020-03-24,-0.002203864820370349,0.08038616359486461,1.7278498353544232,2.377331582654189
2020-03-25,0.0005096624716895257,0.04465330583103899,1.7287306800198858,2.485893073648349
2020-03-26,0.0003016473268956151,0.037142590829434496,1.7292522256659066,2.579961745733209
2020-03-27,0.000849468956843519,-0.04052894712799748,1.7307217958389136,2.477489191281733
2020-03-30,-4.30629580314252e-05,-0.009879526660018456,1.7306472674435733,2.4531332813021995
2020-03-31,-0.003202619393598172,0.03206254737600567,1.725113528900426,2.533061487185605
2020-04-01,0.0028234117565189396,-0.037369014320256966,1.729991117199123,2.44015028801271
2020-04-02,-0.0022350233787109632,-0.007618059932850585,1.7261288643277204,2.4216317042740254
2020-04-03,0.007775765145587629,-0.023662416690736876,1.7396031555590759,2.3650026778641973
2020-04-06,0.005992655348352425,0.04934662215062602,1.7500592964458979,2.484635022139165
2020-04-07,-0.003387207194780797,0.049817063518343474,1.7441415110463045,2.611547192861999
2020-04-08,0.005994685776198336,0.018694975371067457,1.7546284930298954,2.6608292312199557
2020-04-09,0.0032055479208162067,0.03378621689202532,1.7602620632632102,2.752264513192626
2020-04-14,0.0030033575870758505,-0.020025032036862456,1.765556706559836,2.697698494687312
2020-04-15,0.001526080260381014,-0.04677883336817068,1.7682531447655438,2.5744094467874103
2020-04-16,0.012256234510946575,0.0020178226599139037,1.790058623554339,2.579609393025364
2020-04-17,0.0021240562822940397,0.030779159500154307,1.7938648497076417,2.660242140515672
2020-04-20,0.0025811356362392783,-0.002310436566888896,1.7985010389404834,2.6541029146743758
2020-04-21,0.0012507033057076082,-0.027123589000943582,1.8007518373823281,2.5830816479524663
2020-04-22,0.007903103980541474,0.01205742519493036,1.8150397514642518,2.6144154847794203
2020-04-23,-0.004069942049718911,0.013250654722625654,1.807667657032625,2.649288738137478
2020-04-24,0.0035835137574942743,-0.006772253805138462,1.8141570794733464,2.6314076982104795
2020-04-27,0.002977049980571406,0.016770238874620702,1.8195659630350645,2.675909140833542
2020-04-28,0.0007317246569655061,0.02102150743548492,1.8208978715509156,2.732756196743203
2020-04-29,0.0016605222016594973,0.032828305297195826,1.8239240246954787,2.823956740719434
2020-04-30,-0.0014018872038659997,-0.0228789228448516,1.8213688803749637,2.7600811410461654
2020-05-01,0.003955310409073696,-0.018784227157411237,1.82858722565378,2.7087190586695096
2020-05-04,-0.0035404071525272714,-0.012249350007914828,1.8221247290459983,2.675741400632317
2020-05-05,-0.0008578765202657097,0.008825165558663528,1.8205622413305427,2.699459766800166
2020-05-06,-0.0011100723799662318,-0.006896210767292743,1.818542406759131,2.6809077660682705
2020-05-07,-0.004315514478640096,0.016469320038323687,1.8107113703018942,2.725426080996731
2020-05-11,-0.0006095229152033416,0.0014514175067468216,1.8096080365166476,2.7293846842221083
2020-05-12,0.006789935830849015,-0.006071926066173461,1.8219369679232156,2.7128622744015116
2020-05-13,0.0032657539131864385,-0.01840240843362828,1.8278966919049695,2.6633956235369287
2020-05-14,0.00012131144492218116,-0.030274635945765738,1.8281184501444674,2.5839706382571994
2020-05-15,0.0021781520560263472,0.016494621596487846,1.8321047098692007,2.6269457105726386
2020-05-18,-0.003286842789416405,0.03570061917176304,1.8260927553013013,2.722423465871296
2020-05-19,-0.0006762869474266547,0.005536071506460516,1.8248582101065545,2.737536792478096
2020-05-20,0.0015004108005461196,0.002900208300149032,1.8275983021922948,2.7454877435396448
2020-05-21,0.004631274908528843,0.0011296503865150243,1.8360820424550464,2.748590937262299
2020-05-22,0.00010995290856249625,0.000786971510486012,1.8362839361151677,2.750754851381606
2020-05-26,-0.002172656664609889,0.03207374275465469,1.832298652477469,2.840411988936024
2020-05-27,-0.001268980496567777,0.012336877350968223,1.8299749758855457,2.8756708481863518
2020-05-28,-0.0011630685076133515,0.011304559084562626,1.8278478268711753,2.9083634789284982
2020-05-29,0.0032275223596822757,-0.017189900177195128,1.8337567771075924,2.858796249466701
2020-06-01,-0.002225221018415576,0.01366551474031219,1.8296807996417612,2.8981313266538105
2020-06-02,-0.0011174970336992882,0.009149207831807615,1.8276372788024458,2.924768601655268
2020-06-03,0.00022337216354247275,0.026084381906915866,1.8280455676940717,3.002063089808907
2020-06-04,0.002897766859633712,-0.003980601013610752,1.833350500074509,2.9901368270253683
2020-06-05,0.0028365064090096793,0.02237216685699117,1.8385581928532457,3.0577865812261824
2020-06-08,0.008519443187008391,-0.005081673998848402,1.8542885969213432,3.042287321109538
2020-06-09,0.00011457183212448862,-0.021264451664587014,1.8545010583339943,2.9782777258458393
2020-06-10,0.0021820648280013715,-0.008472753675929923,1.8585521180969933,2.9531501126553983
2020-06-11,-0.0010755319445449043,-0.03654631195172797,1.856554260495802,2.847171722474821
2020-06-12,-0.004207062543935538,0.006085100712670766,1.8487600275145877,2.8645498694157276
2020-06-15,0.004531862775105321,0.0006964973281426978,1.857157367688166,2.8665457157162315
2020-06-16,-6.298167860457573e-05,0.02173501685137147,1.8570404044830244,2.929532161275977
2020-06-17,-0.0020804246603601147,0.006716767760734044,1.8531809878350538,2.949275379530634
2020-06-18,-0.0005914421558891367,-0.003652330494251288,1.852085262537363,2.9385232981556673
2020-06-19,-0.002602181713152765,0.009600818656052112,1.847272065258945,2.9668713921625858
2020-06-22,0.00018039445708656397,-0.0064604947152915315,1.8476053329591677,2.947765717719616
2020-06-23,-0.004226221313300048,0.004508037906488127,1.8398134206928682,2.9610843552203447
2020-06-24,0.001805014636856925,-0.02884958997420739,1.8431373097780723,2.8768787742057182
2020-06-25,0.005295404580549448,-0.0022590725182496385,1.85292335519794,2.870387031847787
2020-06-26,0.0025033193737401104,6.425710880719748e-05,1.8575676247507191,2.870571480545618
2020-06-29,-0.0018622737697703829,0.004983704246004805,1.854111544370316,2.884913267750297
2020-06-30,0.005692867531612094,-0.004633159128788478,1.8646968575861678,2.8715779217529627
2020-07-01,0.0046271677343535786,0.004092342482492128,1.873345115760112,2.8833534804494625
2020-07-02,0.006010841859573178,0.010330759838883097,1.8846394070934949,2.913295106368008
2020-07-03,0.004481390938886036,-0.003801595577098027,1.8931041658356957,2.9022409615838085
2020-07-06,8.384849113674138e-05,0.014231848153691828,1.893262906418552,2.9438405314874476
2020-07-07,0.0009605767562940685,-0.01146144351900702,1.8950824045038903,2.910292491242575
2020-07-08,-0.0005259528894034794,-0.009544003562977466,1.8940859425065877,2.8826487750337706
2020-07-09,-0.001789496365927467,-0.011712036684937033,1.8906995135006137,2.8490840262922923
2020-07-10,-0.0007326580920777944,0.01140945041115593,1.8893147845307445,2.8817766570344356
2020-07-13,0.0002976225503877614,0.011867578503348852,1.8898771709006834,2.9161801067820328
2020-07-14,0.0026522591250029834,-0.01217616984093084,1.8948962679030243,2.8808875029209133
2020-07-15,0.00039584408771341066,0.014216066358283541,1.895646499865151,2.922134883925502
2020-07-16,-7.985164354645048e-05,-0.00571638841906541,1.895495135419984,2.90547847851447
2020-07-17,-0.0028479865446808406,0.0015344809626558487,1.890104470692757,2.909940302343523
2020-07-20,0.00037095408910166436,0.002188071233563349,1.8908057427368143,2.9163144299900448
2020-07-21,-0.0018404519039776576,0.006644222067192729,1.8873290060722345,2.9357555848354666
2020-07-22,-0.0016949243201474441,-0.00206486453575927,1.8841328356383777,2.929699901477203
2020-07-23,0.003974344175995145,0.0013617879720371207,1.8916359280601325,2.9336922493133715
2020-07-24,-0.0009982082384106567,-0.012930908961287457,1.8897486236108063,2.896001157145296
2020-07-27,0.0007184642588174758,-0.00621106018098061,1.891106828307361,2.8780696641108943
2020-07-28,0.0011404653270157767,0.006986814352414328,1.8932648003869958,2.8982486137476364
2020-07-29,-0.0008881139579680204,-0.0017667901091211746,1.891584111923554,2.893132537610291
2020-07-30,0.0013815765555253083,-0.013460058064813651,1.8941992863012191,2.854451712731473
2020-07-31,0.006448357643618834,-0.004972080390118094,1.906453227183032,2.840294374224618
2020-08-03,0.0006241875046284282,0.013223725049149593,1.9076435829295417,2.8781030811041086
2020-08-04,0.0006410823546895194,0.008681101495680466,1.9088669316613391,2.903196949683752
2020-08-05,-0.0004200496690290443,0.018921274296948454,1.9080652811167842,2.9586521223025897
2020-08-06,0.0020629416012044282,-0.00904965130208879,1.912005571259842,2.9319981388045244
2020-08-07,0.0020900363607118597,0.008176147785906807,1.9160059113976227,2.956068857680219
2020-08-10,0.00015300144224894216,0.0057712378624152905,1.9162990854928819,2.9731783582051037
2020-08-11,-0.0009254850140986641,0.015245694139517596,1.9145263998302637,3.0188538184279485
2020-08-12,0.0014122298169201002,0.00512101907387752,1.9172320611555045,3.0343530785445947
2020-08-13,-0.002040768765527469,-0.009163116663147619,1.9133234235181706,3.006675945342573
2020-08-14,-0.0026142920993093063,-0.01060015220656041,1.908327969841312,2.97497304731117
2020-08-17,-0.0031960853338987042,0.002044683173807016,1.9022385271774458,2.981062147662646
2020-08-18,0.0004163587259993673,-0.00841371312680117,1.9030307056909426,2.956085566176828
2020-08-19,-0.0033458568334867544,-0.002249569716605393,1.8966740775139586,2.949443119731856
2020-08-20,0.003926954264667245,-0.004960129557938231,1.904136873309931,2.9348497222253394
2020-08-21,0.004002294974735424,0.004635840955574011,1.9117730616951198,2.9484868040143297
2020-08-24,0.00332497870504259,0.0060914462998624685,1.9181402459240924,2.9665021671493434
2020-08-25,0.0032649001112697654,-0.006080001643692157,1.924413016639257,2.948520548625122
2020-08-26,0.00012357979783811314,0.009945836836251942,1.924650849906201,2.97799237093321
2020-08-27,-0.0008328607760194314,0.0004730535806256597,1.923048551044339,2.9794014541470086
2020-08-28,0.005595275608924361,0.0014796378916894781,1.933838696464845,2.983813152486246
2020-09-01,0.0014434238377261455,-0.010380772385859771,1.9366320608570238,2.9529990809507805
2020-09-02,0.002879866584663264,0.005653008979217944,1.9422173413870678,2.9697396840800065
2020-09-03,0.0030912421092547946,-0.013917894934003527,1.9482304946860698,2.928693460269855
2020-09-04,0.0037063456755398573,-0.006054964067029545,1.9554647083218537,2.9110139051548716
2020-09-07,0.005895490985889347,0.016453355752117815,1.9670271826249597,2.959306046993302
2020-09-08,0.002317510916328193,-0.0009640632465028887,1.9715910759870832,2.9564544635724865
2020-09-09,0.0011767315797077391,-0.0017205423003012754,1.9739124750323804,2.951372132045938
2020-09-10,0.00599430966804951,-0.0008869915948643836,1.985780251693731,2.948755450430353
2020-09-11,0.000575810803256367,-0.0013320199289843515,1.9869240146794893,2.9448302641981856
2020-09-14,-0.0003041925894244179,0.006891276808563163,1.9863196990373044,2.9651939901503384
2020-09-15,0.001741305064893069,0.007781898910689478,1.9897815007414323,2.9883588464159083
2020-09-16,-0.0002537193610090138,-0.0011288523307868559,1.9892767186897145,2.9849873338948165
2020-09-17,-0.0008999495982453338,-0.003242147466110623,1.9874872752311654,2.97532523621023
2020-09-18,-0.004675638411926944,-0.009516490895576268,1.978216194384786,2.947144882404537
2020-09-21,0.004196063274676037,-0.040591419829024034,1.9865343542652272,2.8299115178628975
2020-09-22,0.0035804722123495723,-0.0029146900503977946,1.9936598339983878,2.8216752118887185
2020-09-23,-0.0032487315705073154,0.010131821402820762,1.9871934777699354,2.8504092394054825
2020-09-24,0.003386829849684199,-0.011261953265703895,1.9939351740022797,2.8184881480654527
2020-09-25,0.004754377111897297,0.014264538583033115,2.003437665069582,2.8589806981645323
2020-09-28,-0.002176149867051228,0.018957816367931812,1.9990826247899123,2.9136977483744615
2020-09-29,0.002165294132913085,-0.011382797896564156,2.0034159164009764,2.8807197627196897
2020-09-30,0.0033735940862477287,0.008211450500585471,2.0101860418955315,2.904472037307125
2020-10-01,-0.0011871617779789225,0.003930931619168021,2.007801041830534,2.9159117879835947
2020-10-02,0.007166649011229307,0.0007073622233093602,2.022241931768523,2.9179751235056837
2020-10-05,0.00261538896456333,0.010709348558172849,2.0275378033638507,2.9493926666244557
2020-10-06,0.0017219798443614378,0.012114209919953822,2.031032190363448,2.985339522793868
2020-10-07,0.001950536961490151,0.0002472185050539366,2.03499765986089,2.9860776452027715
2020-10-08,-0.0012806990453899632,0.00807873015870797,2.0323931084797655,3.0102990681655037
2020-10-09,0.001554566195824616,0.007118244259556761,2.035555055193789,3.0318035585330176
2020-10-12,-0.0020163644615293326,0.005148655030069449,2.0314547695453613,3.0474535227366983
2020-10-13,0.001972254584007223,-0.01534745600755727,2.0354652690898565,3.001039940104954
2020-10-14,-0.003156640654751842,0.003314627462231101,2.0290501670828873,3.011003773581198
2020-10-15,0.0030753476888500083,-0.00625337767052514,2.035299806806693,2.992233579540672
2020-10-16,0.0008931379820408501,-0.0008748736841024396,2.037118422385425,2.9896168979250883
2020-10-19,-0.00017621527173457914,0.002420871408437719,2.03675948263533,2.9968631435709523
2020-10-20,-0.0004802507051642475,0.0035255844650041723,2.0357815622998054,3.0074474847446897
2020-10-21,0.0004564564697307139,-0.007917752117906574,2.036711020077246,2.9837292823856316
2020-10-22,0.0009614473160182125,0.005974963595820171,2.038670152071187,3.001610322312633
2020-10-23,-0.0027454458108903674,0.011954326270082305,2.0330807698262485,3.0377078825690806
2020-10-26,-0.0009329247148608603,-0.014253753989166285,2.0311849429981232,2.9947162655658266
2020-10-27,-0.0004286142535252764,-0.014988659179095976,2.030314534728029,2.950164206026574
2020-10-28,-0.0007793721959867307,-0.01945135369394002,2.0287327804982542,2.893334022422309
2020-10-29,0.0024200015766155476,-0.004136410461864415,2.033648262363602,2.8813907235245892
2020-10-30,0.001669708387675255,0.0021342800366053183,2.0370466983338247,2.8875469854800713
2020-11-02,0.0017173933998368717,-0.0019712458078107176,2.040548114682765,2.881860527135049
2020-11-03,-0.0035244189413336686,0.017951418300640398,2.033369026744699,2.934061146709035
2020-11-04,0.0026266225356296616,0.01725287217615623,2.0387169400537366,2.9851213294852457
2020-11-05,0.0014884783608776645,0.0074123152265919146,2.0417537856817676,3.0073301976508664
2020-11-06,0.006340467710043512,-0.0005969496898998727,2.0547405873225593,3.0055355085447992
2020-11-09,-0.003388865903182701,0.05073947879545493,2.047789132433302,3.1619699546831184
2020-11-10,-0.0012107422058498221,0.009393231191843654,2.0453112880200783,3.191811002004447
2020-11-11,-0.0007971968860782698,0.01625840509593246,2.0436814219785924,3.2441289086722565
2020-11-12,-0.002964552971422264,-0.001966752261015614,2.0376317918016187,3.237754781025734
2020-11-13,0.002541410628791747,-0.0016695561508850432,2.0428168367683117,3.2323536775933377
2020-11-16,-0.0010087274831931678,0.017393243824118443,2.040757230247428,3.2890665741037783
2020-11-17,0.000711897217558276,-0.004697876378520149,2.0422105568895708,3.273651184087743
2020-11-18,-0.0027562568339734744,0.009368729545835563,2.0365894502511304,3.304465255623208
2020-11-19,0.003013892470323581,-0.009865836057887378,2.0427367708887845,3.272024235182898
2020-11-20,-0.0003006853010970355,2.5632152974353062e-05,2.042122642302114,3.272108105283511
2020-11-23,0.00043929466359536975,0.0038578480809015048,2.0430199329543526,3.284755781979347
2020-11-24,-0.002806249330217206,0.01052530384920658,2.0372947465433144,3.3195114206260006
2020-11-25,-0.0016641182206056288,-0.011189385716113165,2.033907266600138,3.2825751593634256
2020-11-26,0.0003921496442159871,-0.008884775218378493,2.034705019020044,3.2535393960550105
2020-11-27,-0.0024418964637174436,0.0034174066301453365,2.0297425414235173,3.2646770833222396
2020-11-30,0.0010084735920004337,-0.006515574353086251,2.0317905156655036,3.2434749839815447
2020-12-01,0.0008407917266159298,0.025957848661452232,2.033499546690184,3.328770876304132
2020-12-02,-0.0013090887198026814,0.0016615229765299944,2.030839257029396,3.3343063029445372
2020-12-03,-0.003096941809756492,0.01272690656156783,2.0245595949185224,3.377012892652739
2020-12-04,0.0019813998324866838,0.0024952861191458453,2.02857503374196,3.3854500282037794
2020-12-07,0.0017892186854437993,-0.012614720877440533,2.032207847076761,3.3430117572940174
2020-12-08,-0.0004245610626022122,-0.002974822416437206,2.0313452338827216,3.333081668428566
2020-12-09,0.0021574020893141803,0.0006741588855998515,2.035732393065986,3.335329452648486
2020-12-10,-0.0060705812039284525,-0.006448094049304132,2.0234117488366805,3.3138921238849823
2020-12-11,0.0030450624696197427,-0.00680074613101489,2.029582554489818,3.2914316454175276
2020-12-14,0.0008684056202547239,0.007200562467934546,2.0313458208913238,3.315217336998174
2020-12-15,-0.00047081364187640407,0.004462825318526598,2.0303896606717795,3.330045636309921
2020-12-16,0.0013430143411962325,0.012225700788585314,2.0331183350185285,3.371007662401875
2020-12-17,-0.0006307521333131984,0.00987319520636376,2.0318363456427075,3.404455124049526
2020-12-18,-0.004693163881302593,-0.008893351760113077,2.0223229461257897,3.3743123409365428
2020-12-21,0.0002766741440087154,-0.021312950286095145,2.022882548005934,3.303156751006624
2020-12-22,-0.0023926171621868123,0.013046671029812273,2.0180483500032005,3.346534301519729
2020-12-23,0.00046932930949952355,0.017248352999384764,2.018995701534375,3.4047571874587628
2020-12-24,0.006686988957084934,0.012187761802548991,2.0325419448069457,3.4465074614494426
2020-12-29,-0.0028222020731253437,0.016933995066263918,2.0268137875272525,3.5053675635825856
2020-12-30,-0.005253359225905718,-0.008771417068341947,2.0161941254903715,3.47475497685914
2020-12-31,-0.00031715040855806974,-0.011008854441213245,2.0155547900878408,3.4367116957920025
2021-01-04,-0.0033773089758529027,0.0024179491214635362,2.0087591208007987,3.445031544249216
2021-01-05,0.0024230602522744516,0.008701966986430776,2.0136323668829204,3.4751409103689914
2021-01-06,0.0007850072856161286,0.012271449225634612,2.0152137035606756,3.51804865727163
2021-01-07,0.000701947950607668,0.0017483788269849754,2.016628775285171,3.524204919227115
2021-01-08,-0.002488282481068904,0.0025811061329648055,2.0116170710865395,3.5333130155830452
2021-01-11,0.0003792480493841337,-0.013771611139439699,2.012380117619666,3.484987129133829
2021-01-12,0.0007473500634574892,-0.0030417463198801897,2.0138846321577604,3.4744027879600834
2021-01-13,-0.0018759653792102058,-0.004679459530002816,2.0101101957730316,3.4581824415487206
2021-01-14,-0.0006802408539334521,0.0077068224824703435,2.008743301658277,3.4849370036440095
2021-01-15,-0.0005778000486479462,-0.007740833617946308,2.0075829849286704,3.4580648268373166
2021-01-18,-0.0013778815181737772,0.001149011354199203,2.004818678318381,3.4620404661768847
2021-01-19,0.0020327909086989447,-0.0017652016159406259,2.0088982005042655,3.455934657328803
2021-01-20,-0.0025673905826528176,0.013431737968430113,2.003747189340963,3.5026670118663916
2021-01-21,0.0005847537034679748,-0.0042135808729941715,2.004919230575073,3.4879392911518567
2021-01-22,-0.0010057533371487552,-0.009509420641796495,2.0029037900561137,3.4549282161214516
2021-01-25,0.0001779895851633355,-0.012040011089768043,2.003260317798999,3.413580256519648
2021-01-26,-0.00015074505640037318,0.004804072012056793,2.00295835896938,3.43001879623964
2021-01-27,-0.0019801950199818466,-0.008348359511925807,1.9989960351833787,3.4015029620314943
2021-01-28,0.0005378503794384775,0.00442350963922955,2.000071485149058,3.4165828716450846
2021-01-29,-0.00140322802659835,-0.006882383727241148,1.9972668969844523,3.3931493689634897
2021-02-01,0.0060778289486127755,0.008074645466825459,2.009442907923129,3.420658761964288
2021-02-02,0.0037252343293260777,0.01448804966788586,2.0169425138483708,3.4705781803251403
2021-02-03,0.0021394817393470093,0.0030018010051584554,2.0212623449781786,3.4810118174118436
2021-02-04,0.0009425986679502513,0.002738118246872645,2.023168482392294,3.490556300385024
2021-02-05,0.0008074413183372512,0.012303067205953866,2.024802731910439,3.533766110696903
2021-02-08,0.002769453534524337,0.0009346422092608719,2.0304181011560485,3.537070461613992
2021-02-09,0.003312158462499185,0.0012464974540176144,2.03715431720145,3.5414821599532234
2021-02-10,0.0007603882227677772,-0.005533233517313718,2.0387039344328923,3.521940426510584
2021-02-11,-0.001095413940357592,0.001023461129992853,2.036471932429095,3.525546840836907
2021-02-12,0.005067889412452941,0.0009320853261147732,2.046818743075087,3.5288344832573895
2021-02-15,0.0004523452360411299,0.017967168546537238,2.0477448212202845,3.5928106615278748
2021-02-16,0.0019014628201884502,-0.00011672615610258674,2.0516422360835187,3.5923913110248127
2021-02-17,0.001243184364713212,-0.012540737356456333,2.054194391704687,3.5476213857945145
2021-02-18,0.0004304683513081793,-0.010246391387628506,2.0550788477292565,3.511456663934061
2021-02-19,-0.0014733391932516314,0.004865382563822962,2.052053248931633,3.528582872955551
2021-02-22,0.0031043274584150794,-0.002613241864784399,2.0584333920815,3.5193738703848223
2021-02-23,-0.0003320995281196782,0.0036442380031544985,2.0577499008231683,3.53222270427509
2021-02-24,0.0005860850024011822,0.012036850641912622,2.0589562706618363,3.5749964555873026
2021-02-25,-0.003932819423606442,-0.005391565914630192,2.0508746696035827,3.555773494050507
2021-02-26,-0.004279418718904476,-0.013664875051219383,2.042116870662154,3.5075147692052915
2021-03-01,-0.0005139235214100026,0.01476815717618507,2.041067648401945,3.559698680282668
2021-03-02,0.0016667872007795823,-0.002056615156863728,2.044472510636347,3.5523852730328023
2021-03-03,0.0016428634072953626,0.012127579567357216,2.0478340602386407,3.5957294065526932
2021-03-04,-0.0013221760182857258,-0.006557166769489697,2.04512825232611,3.5722287422671
2021-03-05,0.0003458921270258573,-0.015850698657390083,2.0458357684424207,3.5160528109711238
2021-03-08,0.001619210429970839,0.011804243511489787,2.04915109043431,3.557803084961801
2021-03-09,-0.00192996536140624,0.008090669259980032,2.045200113660015,3.5867048526797896
2021-03-10,0.0010182414132161115,0.0011310901709684629,2.047283681721679,3.590764034502387
2021-03-11,0.0006954050484000935,0.005887347363980666,2.048707868265318,3.6119664614606637
2021-03-12,0.00018456096529320112,-0.0012360529839057222,2.0490860146615475,3.607504637631611
2021-03-15,0.002360203106217428,0.0007390563646474391,2.0539279856079853,3.6101717723545943
2021-03-16,-0.0030743487823509646,0.011185930689363133,2.0476231911408678,3.6507816095474936
2021-03-17,0.0021198852564311326,-0.00950541132958449,2.05196852152811,3.6162438365918823
2021-03-18,0.0021427094499441,0.0004637444749668873,2.0563700077392157,3.6179212386041306
2021-03-19,0.0024820840529657033,-0.006899428227058024,2.06148043056826,3.593045563333106
2021-03-22,0.0022516146758891657,0.001660577037263522,2.066127319698446,3.599017048973179
2021-03-23,-0.0018332324095505772,-0.005800730301285029,2.062343097872581,3.578200555524749
2021-03-24,-6.411516702905943e-05,0.0033087839023480115,2.0622108746391925,3.59005965670428
2021-03-25,0.00058410463429268,-0.005843425247473277,2.0634157734271836,3.569142584658636
2021-03-26,0.00040429408454060794,0.00976979032092018,2.064250168877535,3.6041832506003377
2021-03-29,0.0006325916585001926,-0.0023856765946330682,2.0655564094303034,3.5955950833446804
2021-03-30,-0.0030168038283127857,0.0064590186101813885,2.0593344209250226,3.6188942628182614
2021-03-31,-0.0037299406175720197,-0.0025851564821728346,2.051667533229931,3.6095509370395193
2021-04-01,0.002638375640755399,0.009895714546132695,2.057087750012308,3.64544734010153
2021-04-06,-0.0007230421380725845,0.011974419315647467,2.055600926470147,3.6893618558290977
2021-04-07,0.0017312435315976864,0.0075234975947022775,2.059162754583959,3.717223437728945
2021-04-08,-0.0002876548127070189,0.003913723051072182,2.0585705116922988,3.7318001267388623
2021-04-09,0.0006735345362646379,0.00017082623317854484,2.059957497066101,3.7324376705505418
2021-04-12,0.00436390610243245,-0.004400475113063962,2.068966601303578,3.71604925632038
2021-04-13,6.986859968808787e-05,0.005173129945468702,2.0691111621528857,3.73532267096457
2021-04-14,-0.0033105702677492313,0.0038992519823501937,2.062272550357096,3.749916068471093
2021-04-15,0.0015983084913813233,0.005197714005127807,2.0655713336202717,3.7694578019137266
2021-04-16,0.0005740099436760452,0.0022313649514860145,2.066757332460141,3.777878228968157
2021-04-19,0.0014982129062365767,-0.0013906544290769318,2.0698560956935923,3.7726281572403813
2021-04-20,0.000530310830088037,-0.017144144893054047,2.070954053901695,3.708500947265279
2021-04-21,0.0018578997286110717,-0.00103635053759632,2.0748052553416647,3.7046596311337283
2021-04-22,5.3439239171535185e-05,0.012562478175022207,2.074916134318557,3.7514928918861163
2021-04-23,0.0006180526516960825,0.0003308383402913506,2.07619893811673,3.7527342348986914
2021-04-26,0.0018417856163559577,0.00912138992120326,2.080026375034834,3.7871209761496814
2021-04-27,0.00219571603111567,-0.0064074820033308555,2.084598540042712,3.7629326425625846
2021-04-28,0.003642410552840489,0.0002986734472916197,2.092205348913795,3.764056698481337
2021-04-29,-0.00010005147306672304,-0.00209224099855021,2.0919960311581276,3.7561896175203966
2021-04-30,0.0018515042053752467,0.004655802565251221,2.0958729585736213,3.7737184685483456
2021-05-04,0.00012104784318470543,-0.007468698488812819,2.096126674830439,3.74563869333987
2021-05-05,0.004501757454053249,0.0025002479769931085,2.105584200484765,3.7550154361118246
2021-05-06,0.00010991103734022084,0.004701717461308874,2.1058156401471013,3.7727120273409946
2021-05-07,-0.002035729387573459,0.012543618409500468,2.101533129858628,3.8203335359921082
2021-05-10,-0.0005272484807617333,-0.0034351152586715727,2.100425391760916,3.8072327641824204
2021-05-11,-0.002959760285362001,-0.02363234438823092,2.094217827087326,3.7183137490369065
2021-05-12,-0.0010477303263503241,-0.0026786672836696113,2.0920248006106905,3.708366951674847
2021-05-13,0.0018185102524628663,-0.001742984867055597,2.095832630398394,3.7019089539277092
2021-05-14,0.004146491472775692,0.012016648256556905,2.104541024692815,3.7466618430438214
2021-05-17,0.007225634467763663,-0.005476981342939169,2.1198027402477733,3.726197538494448
2021-05-18,-0.0008473190491547117,0.005320272055747921,2.1180073517463667,3.7460747523395357
2021-05-19,8.425517640538215e-05,-0.004402340231720814,2.1181858123474253,3.7296195041229403
2021-05-20,-0.0016842399301201466,0.007058615573265925,2.114621281827787,3.7560385858157788
2021-05-21,-0.00011730392426008559,0.0003304380138953178,2.114373243001353,3.7572799288283543
2021-05-24,0.005813492797841361,0.00375637725480793,2.1267009353773214,3.7714202312210228
2021-05-25,-0.0016933024059112207,-0.001994490228318213,2.123102834762735,3.7639056667767203
2021-05-26,-0.00021232812527984305,0.008926575779142354,2.1226520881728366,3.797654864216025
2021-05-27,-0.004892246606202331,0.000834470966740497,2.1122929111839945,3.8008252195426806
2021-05-28,0.0033643024807452973,0.001102706152360966,2.119411270908678,3.8050187245732894
2021-06-01,0.0016002493093448453,0.008384781009803888,2.12280557247119,3.837057103007143
2021-06-02,0.0016667356859364334,0.0025454256863568503,2.1263466784972547,3.8468364877855525
2021-06-03,0.0018840805215930316,-0.005724226138557498,2.130356663237229,3.8248792299217707
2021-06-04,0.0013968020986668947,0.0013278740634454778,2.133334429085992,3.829961561448318
2021-06-07,-0.0017420045209506447,0.003296857984659951,2.129621385873816,3.8426092381441523
2021-06-08,-0.003911038020001676,-0.0005501580574556186,2.1213086220293302,3.8404957771322437
2021-06-09,0.003728862366229847,-0.005979713138257736,2.1292334560423165,3.8175992396651175
2021-06-10,0.002740348787400658,-0.006621425986359952,2.1350763004210207,3.7924047924882527
2021-06-11,-0.002401180398018819,0.00552673719507446,2.1299557472064614,3.8134224431311137
2021-06-14,0.0005262344266226634,0.00045737515647559235,2.1310768982160813,3.815167006747364
2021-06-15,0.0015748854099375056,-0.004971814103059913,2.1344357443351747,3.7962457810022228
2021-06-16,0.0032991995849863762,-0.0006187927764855772,2.14148930300799,3.793897418185082
2021-06-17,-0.0006925819907763919,-0.003658674707123666,2.140006659568624,3.7800421430874676
2021-06-18,0.002805424067053237,-0.00940281948196997,2.1460187149944154,3.7446656691257365
2021-06-21,-0.0002419721455430093,0.005935548288421799,2.1454995010617606,3.7669584073919693
2021-06-22,0.0018435575572381632,0.009859019649342216,2.1494585010819076,3.804280602164388
2021-06-23,-2.3519549393713956e-05,-0.0008910306837996984,2.1494079473810244,3.8008923811466895
2021-06-24,0.0014712027366080391,-0.00661071408682723,2.152572489506028,3.775848638056858
2021-06-25,0.001645351756110395,0.00601915586638313,2.1561171437336517,3.798644596926765
2021-06-28,0.002094145908705157,-0.004984565600155477,2.160637098699655,3.7797571157924224
2021-06-29,0.003110054427174387,0.00039040315882665766,2.167367257829829,3.7812330329926476
2021-06-30,0.0004508476147783453,-0.00740011755086023,2.1683446304948824,3.7533547425961893
2021-07-01,0.002215727440390938,0.01095603034349324,2.1731544178139837,3.7947027021979953
2021-07-02,-0.0019147404872800389,0.005488282326572502,2.168997372166945,3.8155863572504236
2021-07-05,0.0006894867092119448,0.012034403424463491,2.170493382707796,3.861782074191132
2021-07-06,0.0026456421334515624,-0.005531637912907783,2.1762433342546434,3.840479068635637
2021-07-07,-0.0009619128040379136,0.0032616555795037527,2.1741509844171047,3.8530258391166665
2021-07-08,0.0025319692431860115,-0.01391867402627689,2.1796628428230203,3.799768325227939
2021-07-09,-0.00013015568833485522,0.011263960122892769,2.1793791657668664,3.84281072295617
2021-07-12,0.00032249266784713996,-0.0005851034670492083,2.1800821129098424,3.840562938736251
2021-07-13,-0.0029567211036246968,0.0013486937486728579,2.173645738090602,3.845746176477598
2021-07-14,-0.0006062370991664229,-0.0077414206420645115,2.17232839275588,3.816089577854096
2021-07-15,0.001300486155212376,-0.010992025357662527,2.175155313542484,3.7743727208566336
2021-07-16,-0.0030099804260984107,-0.0015255541039564946,2.168617982180391,3.768619100907606
2021-07-19,0.003047818909190499,-0.023695073159812452,2.1752376196771976,3.680371046566988
2021-07-20,0.001019156566866174,0.008107079644833703,2.1774556574536827,3.7103293809821456
2021-07-21,-0.00038347145072392197,0.01892066339952514,2.176620825451182,3.78119961599943
2021-07-22,0.0006768268176752274,0.005984222784636728,2.1780945194593127,3.803894996272119
2021-07-23,-0.0010006775814648471,0.009047315335815043,2.1759160392633112,3.8384661862209413
2021-07-26,-0.0013543597057111482,0.0021738342941279853,2.1729710609868405,3.846819451671366
2021-07-27,0.003098471449576602,-0.0024535692008189613,2.179714391393476,3.8373925834095943
2021-07-28,0.001524902686997234,0.0056447456648403005,2.1830407792901405,3.8591149394681485
2021-07-29,-0.002348017491919683,0.0019106764828720202,2.1779209744027117,3.866495508322016
2021-07-30,-0.00771191635351301,-0.004421779580374263,2.161189628317078,3.8494364609045313
2021-08-02,0.0005089175380353602,0.011261493114405496,2.1622897755403128,3.893031877108676
2021-08-03,-0.0018024801733591454,0.0034839944881905893,2.158395801550572,3.9066188334078515
2021-08-04,-0.000459793975094147,0.002487275527570887,2.157403612283954,3.9163477650788607
2021-08-05,0.0014192559702770088,0.006761500585396263,2.160467694084852,3.942917878476319
2021-08-06,-0.002304640265646405,-0.002125126352416018,2.1554943263574775,3.9345475769117093
2021-08-09,-0.000759055697821647,-0.00011932858739527319,2.1538588069111384,3.9340781009188275
2021-08-10,0.0004071350944720752,0.005048302339831778,2.1547358969549233,3.9539887317571254
2021-08-11,-0.0026040217374153655,0.007805045458331605,2.1491322170595044,3.9849705434938096
2021-08-12,-0.0005197328292347617,-0.00042102071500949023,2.148015532705829,3.983293141481571
2021-08-13,-0.005232349316698052,0.0017544531647377681,2.136805717510154,3.990287776825594
2021-08-16,-0.0004653670100918598,-0.003191533975487104,2.1358115499665793,3.9775729385257566
2021-08-17,0.0014675888154693255,-0.0008099877280223211,2.1389483443084,3.9743524577092817
2021-08-18,-0.003735369296363932,0.006013091549711191,2.1309734861295078,3.998322597987758
2021-08-19,0.0015865869487744098,-0.009674781743463257,2.1343571443749956,3.959826221806765
2021-08-20,0.0009199992620395831,0.006081382218882325,2.136321654908307,3.9839808107830708
2021-08-23,0.002424306496478324,-0.00043799048693848874,2.141507036312127,3.982236247166825
2021-08-24,0.0016680582424651756,0.00611006278692372,2.1450821757167593,4.006642446444965
2021-08-25,-0.0005094405703712825,0.004194506104077789,2.1439896621386674,4.023483628171405
2021-08-26,0.0005556255972545718,-0.0014184754372976727,2.1451812486825377,4.017780461329781
2021-08-27,0.00053662205162615,0.004469665256539912,2.146332709167228,4.035778788350606
2021-08-31,0.00033805018472174604,0.0017648810537131965,2.1470583999890835,4.042907746902641
2021-09-01,-0.00030067597697343334,0.006146548522229622,2.1464129281508484,4.067834202898644
2021-09-02,-0.0005688705088282488,-0.0010107865898039137,2.1451922443746754,4.063724567968644
2021-09-03,-0.0009875547392417562,-0.0013094005335965164,2.143074795327669,4.058407007019289
2021-09-06,0.001490251541647976,0.0022212003125261504,2.1462708967513047,4.067431560892187
2021-09-07,0.0021732082352657507,-0.006242551258637263,2.150940262253297,4.042119499003918
2021-09-08,0.0013943991560836674,-0.010369989619398723,2.153941623601327,4.0004193505030585
2021-09-09,0.0010089312035193227,-0.002056715655774255,2.1561158991787344,3.9922000806430638
2021-09-10,-0.00037526523110753985,-0.0027896462177920966,2.1553069356449717,3.981078774254863
2021-09-13,-0.0002640658981418084,0.0017722686477288363,2.1547378677222624,3.9881405712028895
2021-09-14,0.002182448588762971,-0.003724945313708261,2.1594456076724198,3.9733125995087217
2021-09-15,0.001829749271425203,-0.010802288889223632,2.1634004687984723,3.9306227182971227
2021-09-16,0.0010177800948185881,0.008498827049615798,2.1656034556206363,3.9641707585419943
2021-09-17,-0.0016783146227203347,0.0011037713331525367,2.1619719399394093,3.9685487122704304
2021-09-20,0.001177451896165134,-0.010930746097461252,2.1645190571592714,3.9254057359449765
2021-09-21,0.005322179464845906,0.008921026878310201,2.176069726138224,3.9605810527122784
2021-09-22,0.0015324062230240884,0.007304445219549649,2.1794069052322484,3.9896168160206944
2021-09-23,-0.0011691997123884227,0.001919543062623319,2.176860232380171,3.9972824121696164
2021-09-24,0.0019657326635034193,-0.009334094097614098,2.181143566208179,3.960144993712605
2021-09-27,0.0001047311343478779,-8.52109067039919e-06,2.1813720118105184,3.9601112491018164
2021-09-28,0.0012099992787312098,-0.020519487793743352,2.184013067887197,3.879679822614736
2021-09-29,0.0014706707472791588,0.00094642805199463,2.1872273950469285,3.8833533985450623
2021-09-30,-0.0048823881406008865,-0.005183781871727078,2.1765745288280556,3.8632750275055456
2021-10-01,-0.004713927474747131,-0.002412672176127728,2.1663384593550696,3.8539654463375936
2021-10-04,-0.00012886279063665574,-0.014065340780589963,2.1660593169216567,3.80013755024118
2021-10-05,-3.3347944166721454e-05,0.003340218009750373,2.165987084500902,3.8128520609234333
2021-10-06,0.0032763683352518063,-0.015253851200212054,2.173095294197068,3.7551327232056515
2021-10-07,0.0002885410027037757,0.007680382252422291,2.173722411762441,3.784084616413462
2021-10-08,0.002265605455675904,-0.0010200598194618493,2.1786527921570586,3.780226591785298
2021-10-11,-0.002579876918041673,-0.0021632712809775967,2.173039380175609,3.7720577750327045
2021-10-12,-0.0015604903141667203,-0.000827451053670103,2.169651017711537,3.7689378728134484
2021-10-13,0.0015077328696815218,0.007378520902253882,2.1729247391952544,3.796849907820698
2021-10-14,-0.0011420704646166269,0.009895503988527565,2.170444522589434,3.834608161592787
2021-10-15,0.00032614765100366454,0.0054008162401579796,2.171152523422239,3.8553742019338086
2021-10-18,6.0107427177166686e-05,-0.0006746038276084221,2.1712830297365913,3.852774228814832
2021-10-19,0.002316198841819353,0.0037112253413180696,2.176317981699332,3.8670993075229094
2021-10-20,-0.00020432354332438973,-0.0037983041550120333,2.1758733541233988,3.852438748412386
2021-10-21,-9.988196564973662e-05,-0.002161966967044293,2.175656034469122,3.8441188999551756
2021-10-22,-0.00030657499600530427,0.0006368589904894861,2.174989134961626,3.846567841369529
2021-10-25,0.0030782923093951612,0.00044040950279722324,2.181694702842718,3.8482622794959607
2021-10-26,-0.0012375076330063198,0.00952220788226299,2.178996508857227,3.8850812536647084
2021-10-27,-0.0018625875180344337,0.0004618371132547594,2.1749417145348873,3.8868759427707795
2021-10-28,-0.002534349846169411,0.0012033319211255389,2.1694366301866275,3.891555959908452
2021-10-29,-0.004244074065274989,-0.004029711055938634,2.1602488909619946,3.8759056680871877
2021-11-01,-0.00020357932446837752,0.0045166130446148145,2.1598091537143134,3.89345122761174
2021-11-02,0.0010501935406461147,-0.003072165378648961,2.1620785627873684,3.8815082563315997
2021-11-03,-0.0012355614173858423,-0.0009944441660909575,2.1594088315819047,3.8776502317034387
2021-11-04,0.001652065698860507,0.01520158286496276,2.1629792653258653,3.9370469714334653
2021-11-05,0.000832054568416156,0.005341282261532854,2.164779731043958,3.958132111297915
2021-11-08,-0.0005209846379836489,-0.002414272397022188,2.1636522077961144,3.9485876283247365
2021-11-09,0.0009979497518002322,-0.007367836909507375,2.1658125017329786,3.919601990506135
2021-11-10,-0.0010241873006505305,0.0028290875922927228,2.1635954396103494,3.9307065883977357
2021-11-11,-0.0021665362544107288,0.005990514175072903,2.1589130058134107,3.954324212159575
2021-11-12,0.0025943030462188517,-0.0007043940879967181,2.164521151870688,3.9515397903427694
2021-11-15,0.0017625321097358825,0.0027172900435381564,2.1683395539426975,3.962291871717733
2021-11-16,-0.0027107992545971527,-0.0034732068450864517,2.1624695804506313,3.9485538837139385
2021-11-17,-0.0019127636340301787,-0.004496114425535325,2.158337240632017,3.930840583988165
2021-11-18,0.0009146052492554956,0.005977634807953436,2.16031217020477,3.9544080822601884
2021-11-19,0.0012698294399093937,-0.003488623404562574,2.163057140651185,3.9406366772631807
2021-11-22,5.73144306064789e-05,-0.002676806279092503,2.1631811185923993,3.9301024615792644
2021-11-23,-0.000279118322905709,-0.008921551806366779,2.162577419362114,3.89519579122799
2021-11-24,-4.8670104038302936e-05,-0.002349711287147116,2.1624721690554156,3.8860539502612634
2021-11-25,-0.00885399131873714,0.004861470960761949,2.1434101711529236,3.9049918845030107
2021-11-26,0.00394617459745709,-0.03239626896193393,2.151885152803003,3.7805119466979313
2021-11-29,-0.0028566313527433607,0.009643710567612374,2.1457467819136387,3.817146472168845
2021-11-30,0.0021539655002024336,-0.01045161747001444,2.150373627698268,3.777458878465095
2021-12-01,-0.0035667486082472974,0.01730086089180638,2.1427174475061173,3.843380777546269
2021-12-02,0.004579855554629509,-0.009996176772787635,2.1525532900869284,3.8051530477813014
2021-12-03,0.0004750587739616578,-0.001707496694061561,2.153576122347288,3.798661305423371
2021-12-06,0.0033804024024624907,0.010332382799065343,2.160868394708523,3.8381139973218867
2021-12-07,-0.0016999711315756,0.015477425474145434,2.157198101398619,3.897980213044797
2021-12-08,0.0001622976184923481,-0.0003571838867095778,2.157548237925486,3.8965881659451815
2021-12-09,-0.002629490089595931,-0.003531875098767401,2.151882438562221,3.8828501779413944
2021-12-10,0.0009556583232362339,-0.009562631224124374,2.1539398858769983,3.8458968805646356
2021-12-13,0.0010149093806425809,-0.012309563005635127,2.1561270493711495,3.7988457541212033
2021-12-14,-0.0037876513834595297,-0.004270116530497248,2.147975838487251,3.7826588247030544
2021-12-15,0.00711489208173428,-0.005192847845810533,2.163312951023373,3.763066965770597
2021-12-16,-0.002552183575696221,0.009498322704072137,2.157798818772652,3.7989800773292117
2021-12-17,-0.0051846086832008035,0.005828986465203911,2.1466404272220463,3.8211889454948373
2021-12-20,0.0020461377203244,-0.010169885603055207,2.1510372458864118,3.7825248291126186
2021-12-21,-0.002417725625477607,0.011919876273479346,2.145842909785671,3.8278818450472034
2021-12-22,0.002622891111383819,0.011350611987499093,2.1514786097629357,3.8715781674661502
2021-12-23,0.002052405950024554,0.008026348387984328,2.1558988517768274,3.9027778448938752
2021-12-24,0.004718902790140811,0.00015469814649549107,2.1660963705103145,3.903381644094768
2021-12-29,-0.00014928035850128064,0.010554170275522523,2.1657730390016985,3.9447967653005778
2021-12-30,0.00018113575796855025,0.0009477389972136763,2.1661653734745343,3.948537175217335
2021-12-31,-0.0005583784960099306,-0.002500993538347984,2.1649561709389493,3.938674247955889
2022-01-04,0.003121191612193403,0.017557242195991307,2.1717239702854947,4.008437135551034
2022-01-05,-0.0002953373301888859,-0.005265610362034323,2.1710826738302558,3.9873857402973756
2022-01-06,0.000942484990802608,-0.015016730445308824,2.1731298512295805,3.927955583574139
2022-01-07,0.0023394707479796524,-0.0027196653845003027,2.178219776492242,3.9172873722997856
2022-01-10,0.002429634397294253,-0.015165827504516116,2.183518488546029,3.8583266915694208
2022-01-11,0.0030567383686204903,0.001147010227862566,2.1902031447061194,3.8627547707876855
2022-01-12,0.0015952328250013884,0.0008247351828210014,2.193699816917603,3.865941834610946
2022-01-13,-0.00013244565446364834,-0.003856014805158736,2.193409290149583,3.851063409809378
2022-01-14,-0.002589962868477266,-0.009413227714603067,2.187735791779221,3.814982558049532
2022-01-17,0.005852712445438256,0.005620938563506428,2.2005775230984934,3.8364867207994657
2022-01-18,-0.0029468067496033644,-0.00961693352114601,2.1941023915667106,3.799768325227939
2022-01-19,0.007308327978713412,0.00010156248459480821,2.2101963497920676,3.8001542587377855
2022-01-20,-0.0018146468148498222,0.002644921092265662,2.20618926085091,3.8102186708112487
2022-01-21,-0.005189284028042465,-0.020090443171904226,2.1947703717108658,3.7344335168510527
2022-01-24,0.0013660821529057608,-0.03709386734032449,2.197770657197025,3.5984466667654957
2022-01-25,0.0010568685729898132,0.008965595611599042,2.200094639791021,3.630853942595013
2022-01-26,-0.0013869571696979058,0.010450769159088935,2.1970453178846086,3.668998129876944
2022-01-27,0.0013058056309987215,-0.0008461456438038084,2.199916105969963,3.665894936154297
2022-01-28,-0.0032495989051139203,-0.009715433998431777,2.1927788638684285,3.6304516282061368
2022-01-31,8.50324653080322e-05,0.013004520007644516,2.192965329188789,3.6779722306424447
2022-02-01,0.002851667631141562,0.01094482032961075,2.1992278625221364,3.718448072244919
2022-02-02,0.002191962731228039,0.0036697453483238718,2.2040537752123885,3.7321188986447007
2022-02-03,0.0024441504139049433,-0.012737279117075673,2.2094474028929367,3.684883323503441
2022-02-04,0.00044657385327918306,-0.011712677303581387,2.2104343046791297,3.6419752489832162
2022-02-07,0.00288033392401095,0.003921041662673375,2.2168102716425766,3.6562836191946877
2022-02-08,0.0011821854422827001,-0.00044973390904701205,2.2194325021499868,3.6546396341756564
2022-02-09,0.0005816962195938631,0.018034897467337885,2.2207239132141834,3.7211486239611147
2022-02-10,-0.0010331220233447396,0.0010723053857564224,2.2184308191586184,3.725140971797285
2022-02-11,-0.01229994451905534,-0.007190005893434659,2.1913113689346977,3.6984532436884248
2022-02-14,0.004131047580003046,-0.019731914527786998,2.200382504207752,3.6261909615715244
2022-02-15,-0.0010332526507080175,0.010793638194494193,2.1981101273245947,3.66554274725524
2022-02-16,0.0006923365922753444,-0.0010805336578094682,2.1996324863312062,3.6615841440298595
2022-02-17,0.0009235348734932435,-0.012506393344359878,2.2016648619816426,3.6160760963906613
2022-02-18,-0.00027229488238653945,-0.009086693224986675,2.2010654415202606,3.5833667571519126
2022-02-21,-0.0020835882050667005,-0.01250141802172422,2.1964841019976546,3.538848442223451
2022-02-22,-0.0028598079605995923,-0.004936916811516312,2.1902115526956485,3.5214204974103067
2022-02-23,-0.006526455782126069,-0.007257185149791567,2.1759637781519374,3.495957403817412
2022-02-24,0.007984803303070734,-0.028574118075958665,2.193407972462782,3.397477197202112
2022-02-25,-0.0018229735127893699,0.031702429086591266,2.1894130902148308,3.5069109700043986
2022-02-28,-0.0056428938221062186,0.008302383672326386,2.177093257060135,3.536147890507256
2022-03-01,-0.002021372655195525,-0.027922750990860834,2.1726969850314464,3.438774703696515
2022-03-02,-0.004162869318032752,0.013334750471436507,2.1636711311745644,3.4849370036440095
2022-03-03,-0.003129145007763623,-0.03407956986042926,2.156911272261183,3.3681727874776684
2022-03-04,0.0011646009964558842,-0.03507051148693385,2.1594246765506186,3.2520965682304133
2022-03-07,0.0021389518994275963,-0.011302639289333172,2.1640485253964465,3.2155462404776927
2022-03-08,0.015614203194533504,0.002490340702513194,2.1981035983167727,3.2235640255256697
2022-03-09,-0.00043812717485006386,0.04335975710602469,2.1971407603353588,3.3664115153648115
2022-03-10,0.004199328727955179,-0.005676476471508707,2.206386676382885,3.347356294029242
2022-03-11,0.002553846181308361,0.012499478257190333,2.212028649870605,3.3894590845365586
2022-03-14,-0.0023042410766268783,0.013014679008541918,2.2069374704978633,3.4338601123711903
2022-03-15,0.0025480933853625383,-0.010489013766909139,2.2125681239371904,3.3980305432956044
2022-03-16,0.0022950038448099172,0.031477352620528976,2.2176518075939677,3.506692776695777
2022-03-17,0.002918884350797128,0.0033523053685549087,2.2241343330191485,3.5184680077746937
2022-03-18,0.005757465874236167,0.00858730747270009,2.2369766446515404,3.5488122756996923
2022-03-21,0.0027193072499121797,-0.007115239621839464,2.243067949770732,3.5236512455160427
2022-03-22,0.0009973654829547101,0.005033344686253827,2.245306224323104,3.54143170684582
2022-03-23,0.003931310660103594,-0.0052713934537145235,2.2541505942098325,3.522812544509917
2022-03-24,-0.0025557812530258546,-0.005174896911626092,2.2483968341876253,3.504629441173682
2022-03-25,0.0036976646145863547,0.0030107982404974365,2.256726041418127,3.5151970738508167
2022-03-28,0.0021686002884734883,0.005415719789732876,2.26162528849684,3.534286039797178
2022-03-29,-0.0026259963396170786,0.01983054505047832,2.255694059868404,3.605072404713859
2022-03-30,0.005142008752805502,-0.010265614125000155,2.2673227302081624,3.5682534305451115
2022-03-31,-0.0012475715132235134,-0.005297844325173884,2.2644958466949965,3.549399366403981
2022-04-01,0.0032476038266310344,0.002732563620678974,2.271861986750249,3.5591115895783862
2022-04-04,-0.0008082608746414316,0.005259984516147398,2.2700264714812883,3.577881783618908
2022-04-05,-0.0015116024791324272,0.00126969223661888,2.26659768597252,3.5824274775485727
2022-04-06,-0.00030909929111756036,-0.012073376527503399,2.265897190501441,3.539435532927738
2022-04-07,-0.00034544458333065275,-0.0029853214620043644,2.2651145837720086,3.5288849363647885
2022-04-08,0.004935958657144166,0.006467362236259433,2.276322734439379,3.551781473831914
2022-04-11,-0.003080909068225097,-0.0027998131920092817,2.2693203834268636,3.5418510573488864
2022-04-12,-0.004101547110556688,-0.005008948314676687,2.2600317209303897,3.5241544661197124
2022-04-13,-0.0021675801763636456,-0.0011953875709824757,2.2551382264109723,3.5199442525925004
2022-04-14,0.0009020363076198804,0.006512125091328258,2.257173360714419,3.542941368656844
2022-04-19,-0.0022620838498413442,-0.007575416542929148,2.25207321596119,3.516203515058165
2022-04-20,-0.002193654418921382,0.005793680485631114,2.247138360262194,3.5366344026143195
2022-04-21,-0.006099683519861263,0.0035839332812717117,2.233473246243461,3.5493322047999762
2022-04-22,-0.0010819229735335198,-0.013220388665880378,2.2310581069605036,3.5027174649737916
2022-04-25,0.0008032899995867508,-0.013625801444598906,2.2328510136419157,3.4553138220137227
2022-04-26,0.000263595614313006,-0.005212775207775522,2.233439660955543,3.4373489119861076
2022-04-27,0.00033639935349484736,-0.0026532612814182954,2.234191115000799,3.4282408156301742
2022-04-28,0.0022213425421272726,0.008855895139650016,2.2391595350101614,3.458735787642214
2022-04-29,-0.0007682115360594451,0.004311803289454019,2.2374400473739713,3.473681374047786
2022-05-03,0.003985884376097016,-0.009114820135138757,2.2463760217508932,3.442163252331797
2022-05-04,0.001072494891870991,-0.014791558674026817,2.2487865409631564,3.3916229986558672
2022-05-05,0.0025469792722093185,-0.006425306467653158,2.254521453922583,3.369900642597314
2022-05-06,0.00044353187347921647,-0.013545825683442203,2.255521627834949,3.3245603351593376
2022-05-09,0.0006777496938655118,-0.026224207681432077,2.257050825075666,3.23850961193124
2022-05-10,0.001245982241190716,0.0040474256609233095,2.259864823052874,3.2516438007341417
2022-05-11,-0.0009699382191855122,0.013435223636580673,2.257673956465181,3.2956251504481338
2022-05-12,-0.000537108807562373,-0.008500276328604173,2.256461665493782,3.2677301515550727
2022-05-13,-0.0016257921206567437,0.022385130310977885,2.2527961084217614,3.3417035802950164
2022-05-16,-0.0013480507356124175,0.00011038592341527931,2.249761270987622,3.3420724776906723
2022-05-17,-0.00022323005820089185,0.007076851954987973,2.2492591126986587,3.365807716163919
2022-05-18,0.0019506532418518186,-0.0058077993438256925,2.2536509193319465,3.346316435828685
2022-05-19,-0.0011684342707375217,-0.013138983116729008,2.2510192141501912,3.302636821906346
2022-05-20,-0.0003727626505377038,0.00743836446719115,2.2501802746338866,3.3272946314863234
2022-05-23,0.00449336792192639,0.015517177594336573,2.2603139125300653,3.3793275108590874
2022-05-24,-0.0028148977993574663,-0.01482167534745571,2.253960306443035,3.3296095773102516
2022-05-25,4.850827422189937e-05,0.004232845671497287,2.254069644819552,3.343733171206314
2022-05-26,0.0027031598225644568,0.01566373883294503,2.2601709980719256,3.396520881484586
2022-05-27,0.0006819074925566047,0.006095396834027156,2.2617127512167374,3.41728724944319
2022-05-30,-0.004919777560087277,0.008524144780636789,2.2506129542304825,3.4465412060602345
2022-05-31,-0.0017888397620004263,-0.006293232246049385,2.2465905670647506,3.4249194285989035
2022-06-01,-0.001626877419860112,-0.0071318266736675184,2.2429386110473923,3.400580390924762
2022-06-06,0.0007225046826831447,0.011471538482688004,2.2445597302594353,3.4398148895146567
2022-06-07,-0.001374843883613289,-0.005251068754066779,2.2414759313996324,3.4217995263796457
2022-06-08,0.0016387203266531735,-0.004342896592429923,2.24515209484934,3.406971227067894
2022-06-09,-0.0014025018044153752,-0.01176703621379005,2.2420054720729743,3.3671162207805065
2022-06-10,0.003402333764679477,-0.020133148780029586,2.249646514308224,3.3000034317941567
2022-06-13,-0.0016517470658703915,-0.026427256088560114,2.245933734409743,3.213935672451874
2022-06-14,-0.004132181007745007,-0.006030570196401186,2.2366722778733785,3.19461213231786
2022-06-15,0.0022242358039747806,0.014129168080728505,2.241652701200251,3.240069726849662
2022-06-16,-0.0030581221486282936,-0.030940736171395145,2.2348079248406965,3.1413546184291263
2022-06-17,0.0027587378963601656,0.01053834313522728,2.240981686133141,3.1746343398755537
2022-06-20,-0.00026892340176186695,0.004475904848952439,2.2403791147412258,3.1888755484830216
2022-06-21,0.002174018833322757,-0.003250863441621732,2.2452550393860133,3.1785257814969294
2022-06-22,-0.00034206411331304536,-0.0030602525669856107,2.244487149553069,3.1688135583225217
2022-06-23,-0.0035730832565949444,-0.010547041585278194,2.2364817206484053,3.1355675814868875
2022-06-24,0.0023390552970356166,0.02277924046341795,2.241719097933466,3.207813155107187
2022-06-27,-0.00045191725765250895,0.010160704916804875,2.240706255264079,3.240572947453336
2022-06-28,0.0028947258716583305,0.0016705734431621266,2.24720188262646,3.2459910869999145
2022-06-29,0.003501059081267124,-0.01628059785199376,2.2550832577145434,3.1935722741173
2022-06-30,-0.005657368726745023,-0.01973245645053545,2.242361440153551,3.1311729192618394
2022-07-01,0.0005872440002027797,-0.0015977346525222202,2.2436786401766193,3.126174130218324
2022-07-04,0.004199652557206497,-0.0023636863006029074,2.253121124614192,3.1187935613644506
2022-07-05,0.001146870677986907,-0.015048347029326337,2.25570664551162,3.072212238531478
2022-07-06,0.0015704007573370503,0.015129019298278479,2.2592517918577406,3.11904517166629
2022-07-07,-0.0009216630278223009,0.014998946783579825,2.2571704822910155,3.1661801682103303
2022-07-08,-0.001416680720742493,0.001984731455859645,2.2539750563689047,3.1724704257562446
2022-07-11,0.0009507879833635228,-0.004026495506234795,2.256119127884498,3.159722170463195
2022-07-12,-0.00024893863044132694,0.0009551099102385052,2.2555575625792392,3.1627414940852336
2022-07-13,-0.0005917924253842394,-0.007645146051261875,2.254223135589524,3.1386540667129297
2022-07-14,-0.0005859620025739703,-0.012406082648857009,2.2529026334065803,3.099956205719926
2022-07-15,0.001731821352942315,0.018926267409428377,2.256807638702999,3.159185532866305
2022-07-18,-0.0030504264178431184,0.009585448831820997,2.2499339023055245,3.189613343274342
2022-07-19,-0.0012365674509602867,0.013964496352743438,2.2471534267522073,3.234467138605249
2022-07-20,-0.0032329464056342506,0.006059682404629285,2.239900231072229,3.2541264867592945
2022-07-21,0.0014118879067706986,0.015822695159478428,2.243064952711238,3.306025042924043
2022-07-22,-9.087395576290306e-05,0.0058482264370489645,2.2428611257873716,3.325416072279643
2022-07-25,-0.0032258586793039996,-0.0011002772306074604,2.2356376300106224,3.3217592048459235
2022-07-26,-0.00015325325643852417,-0.011896940267966727,2.235295037515985,3.2824745807662077
2022-07-27,0.00020532170811162875,0.003585956032132742,2.2357540392311166,3.294266520341732
2022-07-28,-3.548069513659429e-05,0.010943441075660587,2.2356747145309064,3.330515112302803
2022-07-29,-0.00013518587439356484,0.015477590382468875,2.2353725033175667,3.382464449192535
2022-08-01,0.0024452230640800415,-0.004259074113043937,2.2408451759453434,3.3680889173770567
2022-08-02,0.0043676498784937625,-0.010267057642753485,2.2506538078480043,3.3336854676294556
2022-08-03,0.001692698914050238,0.007254514215230046,2.2544667132444594,3.3579576713171697
2022-08-04,0.0025720915814575153,0.006820255869513403,2.260272871883188,3.3809380788849066
2022-08-05,-0.0010968465543936135,-0.005188163004175905,2.2577950585106192,3.3634426448501773
2022-08-08,0.0028546470764305013,0.0033308747011009388,2.264249474730681,3.374664529835601
2022-08-09,0.003961840327647461,-0.010292165753304161,2.27323786313441,3.340110048383383
2022-08-10,-0.0005603145376442843,0.01917968615702037,2.2719644916897535,3.4047906044519793
2022-08-11,0.00016639352547820254,-0.0025947324782524817,2.272342563324751,3.395967535391093
2022-08-12,-0.0011322323869739303,0.004612598654983202,2.269771199445683,3.4116679527021736
2022-08-15,0.002432223473315634,0.002151221080664456,2.275298509337632,3.419015104562837
2022-08-16,-0.0019234452991249696,-0.002279043270664971,2.270926303313269,3.4112318937025066
2022-08-17,-0.0022535618979567544,-0.015331039890069675,2.265814392490203,3.35933300992018
2022-08-18,0.0002999960865218655,0.00546261891563482,2.2664942299099193,3.377733978947455
2022-08-19,-0.0026670882242595534,-0.012437464353622474,2.2604573438713516,3.335983704956777
2022-08-22,0.001779788093404538,-0.019727910130283632,2.26448406122649,3.2708166367811193
2022-08-23,-0.0005403872603090454,-0.00991604235093213,2.2632606934645776,3.2385433565420363
2022-08-24,-0.0003032565721692093,-8.811599956004557e-05,2.262574448844107,3.2382580016294074
2022-08-25,0.007396106574044918,-0.0024530627632408653,2.2793707275668935,3.230324086682044
2022-08-26,0.0007489447623694705,-0.004590519712873942,2.281078489764753,3.2155292043635035
2022-08-30,0.005656122512800604,-0.0010438578177929259,2.2940171058690604,3.2121744003390185
2022-08-31,-0.00047653337138615134,-0.004495719166154544,2.2929241905895665,3.197765779147908
2022-09-01,0.0014181385164066854,-0.030361198441935855,2.296178181458988,3.1021368283358424
2022-09-02,-0.005677666598218915,0.01925252801829913,2.2831781870338106,3.1624394306759944
2022-09-05,0.0027386293633096604,-0.011925579832292144,2.289439535701758,3.124949495702352
2022-09-06,0.00011411045218942214,0.010205643245431162,2.289700799588624,3.1570049102503908
2022-09-07,0.004231805116469075,-0.0004942977838862106,2.299410898279326,3.1554447953319746
2022-09-08,0.0002449254855715105,0.0035447707238294157,2.2999741515848444,3.1666499718207897
2022-09-09,-0.002141835648770707,0.016271927965910038,2.2950532567109616,3.2185989810929416
2022-09-12,0.001329213020005003,0.016841968524611062,2.298105899738363,3.2732655781954754
2022-09-13,0.002488164349283866,-0.017926608089151586,2.303831084555649,3.215109853860443
2022-09-14,0.0012987162861654226,-0.016730012847558484,2.306825051241565,3.161768469871098
2022-09-15,-0.0005120550713570219,0.0019664016353395652,2.305644132148952,3.1679918934305893
2022-09-16,0.0012060992239972157,-0.0047342510260097725,2.3084266454037845,3.153029270910826
2022-09-20,0.00444338923198433,-0.01441410430725476,2.318706705743636,3.1079071567814758
2022-09-21,-0.0013276048989359923,0.010020792030337233,2.3156304218585113,3.139207412806425
2022-09-22,0.0005046740470509912,-0.020677510491124096,2.3167993553753794,3.074962915737497
2022-09-23,-5.1337417107243316e-05,-0.019777862611345398,2.316680419933464,3.0147441834979527
2022-09-26,-0.0035277015655748828,-0.014001906137899311,2.3085222610245757,2.972826169306048
2022-09-27,0.00482344432441769,-0.023908545249199165,2.3196841874468834,2.902593150482862
2022-09-28,-0.0036912630182778902,0.0009761931175802374,2.311137406903605,2.905428025407069
2022-09-29,0.0016895424583608966,-0.0311123204131043,2.315045472171126,2.8164251401609453
2022-09-30,-0.00133339346467087,0.02225738783693032,2.311960662757523,2.879814227727144
2022-10-03,-0.0003669545759664775,0.00676860498105647,2.311112433853127,2.8993726696663846
2022-10-04,-0.0010183744105839094,0.03061151678381968,2.308760054095485,2.989499283213683
2022-10-05,-0.0021277574623217175,-0.014684552007150131,2.3038527952414034,2.945920575506144
2022-10-06,-0.0010636845392142553,0.003989163906378934,2.3014035254985887,2.9576958065850625
2022-10-07,-0.0016292753899088178,-0.015966704219898986,2.297656958295898,2.9108461649536514
2022-10-10,-0.0046060917557381,-0.01322578719351597,2.2870980757817954,2.8726013990744943
2022-10-11,0.0033096970433745916,-0.013000774915116864,2.2946802178964973,2.8354970699931203
2022-10-12,-0.0028808940552407735,-0.017479053328290917,2.288079000567555,2.78636589953099
2022-10-13,-0.0021336920265302398,0.0189687750970009,2.283202149347467,2.8397243196345245
2022-10-14,-0.0007101716822155444,0.006095048047878748,2.2815812594594,2.8570854304612445
2022-10-17,0.0008331434433852555,0.027219970002416716,2.2834829360009397,2.935923325036688
2022-10-18,-0.0026460390703914854,0.0015128983916259386,2.2774487378184975,2.9403684403691375
2022-10-19,-0.0017034494923437494,-0.016200830443201752,2.2735725213290414,2.8931158291136887
2022-10-20,-0.00028985368143293484,0.0081591133704908,2.2729136134617782,2.9168176505937176
2022-10-21,-0.0012007485105946162,-0.010539085639916124,2.270186053710074,2.8862384808634856
2022-10-24,0.0021802313645450126,0.007584522492525281,2.2751409840322405,2.908212447223876
2022-10-25,0.00043010659657423357,0.02809461140389935,2.2761197476488646,2.991076106628709
2022-10-26,0.002221207891373054,0.015265731239445302,2.2811811018730634,3.037087374871583
2022-10-27,-0.0015590470248179444,-0.0013264140401254565,2.2776274041738396,3.033061610042197
2022-10-28,0.002510001868992716,-0.00917826434281288,2.283351433872639,3.0053507322293886
2022-10-31,0.0034707512712155953,-0.0014968655734506342,2.2912901474452765,3.000855491407124
2022-11-01,0.0007332851952228663,0.01695998582203373,2.292970932760538,3.052183992981776
2022-11-02,0.00028678099072357353,0.0012028655457037019,2.29362860753614,3.0558575689121033
2022-11-03,0.0021519906393940875,-0.005957018156037108,2.2985697896116806,3.0377078825690806
2022-11-04,0.00014510078005699188,0.01272951989237292,2.298903338079655,3.0766236092531325
2022-11-07,-0.00047239537895576696,0.011815471625515883,2.297817603234333,3.1131909731200436
2022-11-08,-0.0016184893499817858,0.0074240846260096305,2.2941016178678386,3.1363895739963996
2022-11-09,0.0010985120352084207,-0.0026187136313158277,2.296623100791164,3.128187012633017
2022-11-10,0.002966278522667294,0.038304551513064666,2.303445638340488,3.2503352961175613
2022-11-11,0.0003396089025621857,0.012258638771237784,2.304228041833913,3.2904252042101803
2022-11-14,7.354696806147719e-06,0.00031099876647644464,2.3042449887948524,3.2914486815317154
2022-11-15,-0.00037278814840092944,-0.008516328354716052,2.3033861536637428,3.263536646524463
2022-11-16,-0.00231552481554123,-0.01781302654347172,2.298058776082952,3.2059178874039
2022-11-17,-0.0006132644628103164,0.0005178746292138214,2.2966498903560613,3.2075785809195327
2022-11-18,0.00014596307337248998,0.008373810250585478,2.296985140899023,3.234551008705864
2022-11-21,0.0021831462040377758,0.006734525020068105,2.3020052731375458,3.256407687972426
2022-11-22,0.0004381173742255594,0.0004634898717199576,2.3030140426068457,3.257917349783446
2022-11-23,0.003043850344378266,0.0040130469931281,2.3100347522677156,3.271017793975554
2022-11-24,-0.004834939633000182,0.002038933333436077,2.298892830654616,3.2776939850313127
2022-11-25,0.0016224030306080425,0.0002762338194930436,2.3026255885501965,3.2785995200238642
2022-11-28,-0.0009140658926201619,-0.013044017197158198,2.300521798683989,3.2361111236242808
2022-11-29,-0.0012633659254345422,-0.005520026332641592,2.297617232983809,3.218296917683704
2022-11-30,-0.001062114193650857,-0.0011941975890845669,2.295178196605945,3.2144559291697314
2022-12-01,0.00038910238312997485,0.012760472626951014,2.2960714296802416,3.255736727167533
2022-12-02,0.0033373460601743483,-0.00237794271250813,2.303747015538932,3.2480039694146043
2022-12-05,4.292005727787266e-05,-0.00174198264058667,2.3038458946147253,3.242350928062793
2022-12-06,0.00027425469071771006,-0.011944029385007937,2.3044778218085518,3.203854551881808
2022-12-07,-0.0006286934381843419,-0.008913910384080737,2.3030294670568097,3.1754225877742766
2022-12-08,-0.0030126811769277248,-0.005646988380368256,2.2961016144769375,3.157541547847275
2022-12-09,-0.0010308795422809673,0.0048754733565683495,2.2937358299245356,3.172973646359917
2022-12-12,0.0010893278335044653,-0.005119851353780902,2.29623582161483,3.156770008445163
2022-12-13,0.0003022836291664058,0.014082567703752602,2.296930041032706,3.2015399336754573
2022-12-14,0.0014650567127006897,-0.0025390914505898365,2.300297640067362,3.193421242412684
2022-12-15,-0.002322009347549302,-0.007597882411568335,2.2949625239368663,3.16924994493977
2022-12-16,0.0008430397619614323,-0.016290757333813133,2.296898084359319,3.118038730458939
2022-12-19,-0.0009547511048178186,0.003249415413680623,2.2947061649108846,3.128187012633017
2022-12-20,-0.0015731606795105304,-0.005603056916251958,2.2910990614218196,3.1107086147124687
2022-12-21,0.0010297259392273723,0.01704993051208703,2.293459480638583,3.1642007027888543
2022-12-22,-0.002044538001985456,-0.00540054215330521,2.28877520579511,3.147158363867971
2022-12-23,0.0010802647717312176,0.0036177757928630427,2.291249024969622,3.1585646975512294
2022-12-28,-0.0010963606283735461,0.002937799268417862,2.2887383662939933,3.1678575702225755
2022-12-29,0.0017658319574937928,0.005860319818161486,2.292783464073897,3.1864767325584804
2022-12-30,-0.001529846634378809,-0.007582699246835745,2.289278538690761,3.162406013682785
2023-01-03,0.0015861786290978259,0.01481052443464037,2.292912624777793,3.209591463334228
2023-01-04,-0.0006390097585169643,0.013331600915158504,2.2914478992719203,3.2526669504380945
2023-01-05,-0.001943883441205961,0.0037216211609933936,2.286997918167686,3.2647946980336444
2023-01-06,0.0035220505048162674,0.002119623179025254,2.295067041929244,3.2717221717736633
2023-01-09,-0.0027031497748328925,-0.0012979051423496202,2.2888715094702845,3.2674785412532366
2023-01-10,-0.003788527610653687,-0.004548476071432717,2.280216461854962,3.2526502419414896
2023-01-11,-0.002156278537774125,0.00671758643670195,2.275304977204266,3.2745737551944774
2023-01-12,0.0003885049091753946,0.016228896843324847,2.27618911609281,3.328150040989054
2023-01-13,0.0007179452650325711,0.005613999339198372,2.2778238820570498,3.346886818036361
2023-01-16,-0.0020159850731878842,0.006469345479491295,2.273236448763679,3.3686091740949147
2023-01-17,-0.0011083988104887122,-0.006709981315321301,2.2707181920620925,3.346081534023456
2023-01-18,-0.002131277354802022,-0.002866527334539626,2.2658838153289915,3.3365036340570593
2023-01-19,0.0010545082336158168,-0.016055116497158295,2.2682744687289884,3.2833634072621485
2023-01-20,0.0021029722520423933,0.0065433430525772,2.273049606227737,3.304918023119478
2023-01-23,0.0025143169364662795,0.005017166242270221,2.278771964246317,3.3215410115372968
2023-01-24,0.0020249018914282315,0.002703260213412051,2.2833909288036534,3.3305321484169883
2023-01-25,-0.001971776954244686,-0.002587075861262278,2.2788930270794725,3.3219269450471445
2023-01-26,0.002422619328907576,0.0056143855227528405,2.2844206102868605,3.3406299774836605
2023-01-27,-0.0009365471959710469,0.0060024054247627134,2.282282144113435,3.360742093133976
2023-01-30,-0.0005830569007467517,-0.004913434222322266,2.2809518316214845,3.3442698088032
2023-01-31,-0.0007884049439538642,-0.004206980216004297,2.279154226633957,3.330230085007752
2023-02-01,0.001041445256546474,0.0022640379966798463,2.281529077416115,3.337778394062849
2023-02-02,-0.0006288538371861934,0.03536002363990676,2.280094780130073,3.4579137951326984
2023-02-03,0.002750338766212303,-0.0010288836213199204,2.286374444838675,3.4543578339137735
2023-02-06,0.00167522903589809,-0.008979893848762188,2.290207855719707,3.4234769283918873
2023-02-07,0.0007359900763785767,-0.010857696546782591,2.291894046408053,3.386506922518524
2023-02-08,0.0007275921214035197,0.005670197497641638,2.2935622172597028,3.4057636286661137
2023-02-09,0.00015114799485754457,-0.0013060268325126856,2.2939089107902784,3.401318513333667
2023-02-10,0.0006462583276050406,-0.01226594961861771,2.2953918476551807,3.359852939020459
2023-02-13,-0.0020391509430865173,0.004701855600897531,2.290715966238528,3.375687679539555
2023-02-14,0.0007969331736075256,-0.005296157547471481,2.2925422413963084,3.3578567651023725
2023-02-15,0.0019853446602266832,0.007683407879847337,2.297098249019818,3.3837559176949257
2023-02-16,-0.0012265358714271617,0.00044111457598994264,2.294282502777087,3.3852488710093387
2023-02-17,-0.0011028583909026273,-0.00459890001999419,2.2917536288190523,3.369716193899484
2023-02-20,-0.0005353497144476374,0.0004727861783333509,2.290527067517195,3.371309725811114
2023-02-21,0.001561638818238505,-0.012390863508503713,2.294106837926768,3.329794026008084
2023-02-22,0.0041021646654918476,-0.00863119072628038,2.3035369706908893,3.3011776132027277
2023-02-23,0.0007794423376159474,0.0055838494733926325,2.3053331448482655,3.3196624523306144
2023-02-24,0.0007415967449284559,-0.00476106959577649,2.307043406488311,3.3038948734155293
2023-02-27,0.0017581188183896075,0.009580020580468585,2.3111030305211187,3.3356983500441486
2023-02-28,-0.0004984985189885401,0.0008646108148244736,2.30995123619091,3.3385836780757545
2023-03-01,-0.0021257199334245545,-0.001644353655146702,2.305046142078113,3.3330983769251707
2023-03-02,8.136898327333554e-05,-0.0009516262960058697,2.3052337089700523,3.329928021598517
2023-03-03,0.000868041492923022,0.0037258072136712173,2.3072356162239016,3.3423578326033048
2023-03-06,-0.003300401831338501,0.006916715377428773,2.2996333637155604,3.3655561058620824
2023-03-07,-0.0028233192412416156,-0.005372232901665441,2.2931499213125215,3.3475240342304646
2023-03-08,-0.0019378940451460396,-0.005255138393414072,2.2887103428411026,3.329978474705913
2023-03-09,-0.002303768078315289,-0.008046573198676299,2.283443753841865,3.3032910742146377
2023-03-10,0.0004893120027159333,-0.01717824324777517,2.2845613436809096,3.2470309452004735
2023-03-13,-0.00019004793897739014,-0.02788887627212233,2.284127208760606,3.157725996545109
2023-03-14,-0.0007916373638575593,0.01605099530834231,2.282319723849037,3.2088195963145303
2023-03-15,0.0016042680074726335,-0.02668895409702543,2.285984114911593,3.124312279508246
2023-03-16,0.0012374938481529633,0.00709918688596467,2.2888147572807958,3.1465712731636883
2023-03-17,-0.0013111179864541173,-0.015461144052945741,2.2858158174964145,3.0982958398218643
2023-03-20,0.0010243410147642027,0.0013146619651056568,2.2881584720241905,3.102371730141069
2023-03-21,0.0015687727633280709,0.015238717491962817,2.2917508898201175,3.150009947288789
2023-03-22,-0.00019383415251606362,-0.0011348209462749281,2.291306713278294,3.146437277573258
2023-03-23,-0.00040061709664150386,-0.001483191105752013,2.29038896048131,3.141773968932188
2023-03-24,-0.0017376494330377085,-0.012690933433296081,2.2864125232302075,3.1021538644500284
2023-03-27,0.002444871623361483,0.0019338493441392046,2.2920093472978538,3.1081587670833093
2023-03-28,-0.0008812944692857597,-0.007198174129587898,2.2899903019539556,3.085866028817079
2023-03-29,0.002213288758694318,0.012752252234555783,2.295064324814348,3.1254697524202104
2023-03-30,0.0017361243306201748,0.014645694714186419,2.2990523026399736,3.171581271642726
2023-03-31,0.0005605790841010602,0.0010889927336901195,2.3003414645789375,3.1750369818820103
2023-04-03,-0.00034608276199386476,-0.00258679667779127,2.2995454937951756,3.16683442051862
2023-04-04,0.0015550311973815713,-0.0034169771964922546,2.3031241405103344,3.1560318860362604
2023-04-05,1.3774447534712448e-06,-0.011417556341832835,2.3031273129387837,3.120202644578254
2023-04-06,0.001255722925223711,0.010460414930889783,2.3060212192973597,3.153012562414219
2023-04-11,0.0018363569900675288,0.008428476224697334,2.310259788054232,3.179699962905499
2023-04-12,-0.0007226511222399167,0.002455274361865989,2.308590879317743,3.187516590759035
2023-04-13,-0.0018950667794318534,0.00354060973240955,2.30422008821362,3.1988223458450733
2023-04-14,0.002570028343758639,0.009010084478944691,2.310149615413338,3.2277742390528807
2023-04-17,0.0023944491316655915,0.0022944017956980645,2.3156877789333623,3.2351885525175503
2023-04-18,-0.0029628126650554244,0.00048727894656153126,2.3088369836766045,3.2367653759325754
2023-04-19,-0.0022442883912453014,-0.004956234895399092,2.303661097899548,3.220762895212255
2023-04-20,0.0024942160506547413,-0.0033910008639761458,2.3094140980153064,3.209859782132668
2023-04-21,0.002578471013819034,0.006983310011014154,2.3153765390131396,3.2323536775933377
2023-04-24,0.0022689689100789242,-0.0022391219524120487,2.3206360209393595,3.225124140444088
2023-04-25,-5.197096895200943e-05,-0.0005982992749835603,2.3205154183707095,3.2231951281300053
2023-04-26,0.0021843043145527347,-0.00038520227992577816,2.325589670048443,3.2219537851174325
2023-04-27,0.0002649088230762612,0.0020803003133700315,2.3262058208791863,3.228663393166404
2023-04-28,-0.0012395895771281614,0.009158864903993091,2.3233240668545005,3.2583701172797204
2023-05-02,0.003823064999026961,-0.005725487911950822,2.3322232860835483,3.239767663440422
2023-05-03,0.0004767767747771396,0.002657739824828198,2.333335501098022,3.248389575306875
2023-05-04,0.002775484255112194,-0.006252165184244873,2.3398206325702784,3.228143464066123
2023-05-05,-0.003697618321172118,0.010729485643999226,2.3311848446940773,3.2629662643167836
2023-05-09,-0.005705074951837107,-0.00906292109349316,2.3179231259482784,3.2335278590019114
2023-05-10,-0.0009414977125113538,-0.0001919164668695572,2.315741833629413,3.2329073513044144
2023-05-11,-0.0018141116350457436,-0.000363262711246648,2.3115446276764247,3.231733169895844
2023-05-12,0.0019536729950591822,-0.0040515460951429105,2.3160650442624875,3.218666142696947
2023-05-15,-0.001513563722466245,0.003662189556647988,2.312562183802596,3.2304751183866576
2023-05-16,0.0017731000674082182,0.0007214065428424732,2.3166662253295174,3.232806445089613
2023-05-17,-0.0013116312329316468,-0.002972301225931062,2.3136296054501795,3.223211836626613
2023-05-18,6.284625226500161e-05,0.00429980459684387,2.3137750129691224,3.2371008563350223
2023-05-19,0.0017058936210638319,-0.00047690033307468127,2.31772543554666,3.2355574499132103
2023-05-22,0.0002255853026228152,-0.0008193903309390294,2.3182483393179196,3.2329073513044144
2023-05-23,-0.00229893394001295,-0.0033782409867839647,2.312924960921466,3.2220042382248315
2023-05-24,0.00042475172169119055,-0.014531204575421341,2.3139075884523543,3.1755231663714976
2023-05-25,0.00011503899190995503,-0.004786540828812136,2.3141737933603816,3.1603597142748807
2023-05-26,-0.0011874636927906002,-0.0024818025482193917,2.3114274269298845,3.152526050307154
2023-05-30,0.0005381433642865442,0.0007074601707248718,2.3126716410144668,3.1547571260304705
2023-05-31,0.000788583521799207,-0.0045030357352420225,2.3144960950345443,3.1405830790270093
2023-06-01,0.004470155175161514,0.005587148054974733,2.3248654106897924,3.1581790916589596
2023-06-02,0.0016386168898344326,0.016931659731783455,2.328678097331595,3.2121075663525915
2023-06-05,0.0029565126588699166,-0.0018660991127585902,2.335573051091446,3.206119044598334
2023-06-06,-0.000432139652037065,0.005405567575351711,2.3345639754123497,3.223496863921662
2023-06-07,0.001764502028420715,-0.003382817049400799,2.338686954715384,3.2126107869562666
2023-06-08,0.0011540497054573235,-0.002336712419975129,2.341387473673465,3.205112603390986
2023-06-09,0.003022393897716837,-0.0008324965133432727,2.3484747737972826,3.202445468668007
2023-06-12,0.0018708777341276137,0.005177393528184027,2.3528725955713927,3.219068784703406
2023-06-13,-0.0025885765607726323,-0.00011989698644576663,2.346789880902872,3.218682851193553
2023-06-14,0.0009254998089175443,-0.0006777187205493362,2.3489628398706683,3.216502228577636
2023-06-15,0.002475182884196822,-0.0071228857543417234,2.354784153923947,3.193672852714521
2023-06-16,0.0011045291284078394,-0.000446542316021592,2.3573865185422607,3.192247061004113
2023-06-19,-0.0008676165096889203,-0.00932294843588366,2.3553420980937685,3.1626242069914094
2023-06-20,-0.002062157996297209,-0.005750022491429974,2.350490015152442,3.1444912291449896
2023-06-21,-0.00019959715520594546,-0.009362875988255581,2.3500209108495773,3.11518714703813
2023-06-22,-0.0013909737577248121,-0.013198202395525271,2.3467543657983816,3.0743424080399966
2023-06-23,0.001379538081133997,-0.014603008751132407,2.3499940369241203,3.029773967621718
2023-06-26,0.002299853363166768,-0.004861766243108079,2.3554048983222704,3.015079663900399
2023-06-27,-0.0008597971937450835,0.004446450518239331,2.3533805981690605,3.028515916112537
2023-06-28,-0.0011088265001103674,0.01963449668956585,2.3507725535986466,3.0885669081508547
2023-06-29,-0.0021446411012459496,-0.007747476292287558,2.345736392469905,3.0647307634628094
2023-06-30,0.0017202269759810113,0.00796469287058521,2.3497750642108803,3.0892378689557534
2023-07-03,0.0003828313375356181,0.004928973117355184,2.350674803954916,3.104502227267169
2023-07-04,0.0008320690959932862,0.0014038272198373392,2.3526315417716566,3.1088634724990003
2023-07-05,-0.0026192882319455396,-0.007609623936971843,2.346477384933951,3.0852959742269794
2023-07-06,0.005142972555280193,-0.02626443437246273,2.3585763393532466,3.0053173152361756
2023-07-07,-8.270849868055965e-05,0.004871879459871664,2.3583812731121245,3.0199945828433052
2023-07-10,-0.0004540116428273858,0.0013321493977151988,2.357310783581649,3.024020347672689
2023-07-11,-0.0001929222781390978,0.006198830988772386,2.356856049680559,3.0428239587064256
2023-07-12,-0.00018895814289450501,0.02393388654980022,2.3564107446116758,3.116529068647922
2023-07-13,0.0002498945522365311,0.0028055668231683484,2.3569996724014444,3.1252849761047994
2023-07-14,0.005725096454930144,-0.003489307544459308,2.3705324240612,3.1143988991394065
2023-07-17,0.0003834257683436486,-0.00878529395854244,2.371441521551843,3.0871578249370515
2023-07-18,-0.0011111669045712378,0.01154976728023449,2.3688079176746766,3.1230204833882715
2023-07-19,0.0009130511578948031,0.03713066503151374,2.3709717481803887,3.2411600381576187
2023-07-20,0.0010934276418721567,-0.0005591306018910558,2.3735656520926303,3.239348312937364
2023-07-21,-6.395004668315865e-05,-0.0057747690356730885,2.373413867311747,3.220695733608249
2023-07-24,0.0008302993465208067,-0.002894735432066753,2.3753853296334784,3.211386152440296
2023-07-25,0.0008797849258852652,0.00025592914992600413,2.37747607740899,3.21220814494981
2023-07-26,-0.002066125563913263,0.001909392646236796,2.372568984388677,3.218347370791107
2023-07-27,0.002604237816382192,0.004519020466981161,2.3787557706946343,3.2329240598010203
2023-07-28,-0.0006973587918749655,-0.0077766278364315156,2.377097502715297,3.207880316711189
2023-07-31,-0.0033354622953884845,0.001029644867601931,2.369181991904997,3.2111849952458584
2023-08-01,0.0012127193382344525,-0.004088076068610391,2.372056887590834,3.1980842234361733
2023-08-02,-0.00012985153972722055,-0.013348042649759861,2.3717488923489207,3.155679697137206
2023-08-03,0.00013288251998452806,0.0011049513346197415,2.3720640772593256,3.159168496752124
2023-08-04,0.0015647213815076486,0.005343138759602795,2.375778601979573,3.1760935485791735
2023-08-07,-0.0005145117364062134,-0.003857546018300795,2.374556550412647,3.1638652223864034
2023-08-08,-0.00010993469984639146,-0.0010714857678433276,2.374295518599499,3.160477001368704
2023-08-09,0.0016222589858647675,0.005066316491889822,2.3781503667752837,3.176529607578842
2023-08-10,0.002347225004488363,0.002984450951055706,2.3837389770776785,3.1860239650622035
2023-08-11,0.000851458550033036,-0.010271780550967335,2.3857694963395772,3.1534653299104938
2023-08-14,-8.840871394088135e-05,-0.002039282225279493,2.385558582850079,3.1470410767741512
2023-08-15,-0.0007460143796327327,-0.005430069363754342,2.3837795855051236,3.1299987378532683
2023-08-16,0.002292975172031081,-0.004242687560779501,2.389251804343625,3.116747261956544
2023-08-17,0.0014565908205061186,-0.01216690850810842,2.3927345024069666,3.0790558421708876
2023-08-18,-0.0010214638542596537,-0.01423786931010973,2.3902916584507223,3.035527259953165
2023-08-21,0.0021341348068752374,-0.01097920837286459,2.3953983102811143,3.0023818617147473
2023-08-22,0.0021972230815947734,0.006976045445359347,2.400667321214491,3.023399839975191
2023-08-23,8.103154997954852e-05,0.011155688224917526,2.400861858890252,3.057316777615726
2023-08-24,0.0012852956145806907,-0.0017517537430062902,2.4039496600522607,3.051965799673154
2023-08-25,0.0029930865469604074,-0.0035016448479616713,2.4111556681626745,3.0412975883987983
2023-08-29,0.0011006967327457145,0.018448791151541855,2.4138110804624904,3.0979266148086233
2023-08-30,0.00021715990679366384,0.005179183271469157,2.414335320371626,3.1140129656295557
2023-08-31,0.001605362459375074,0.002216788528849989,2.4182143164235392,3.1209237308729665
2023-09-01,-0.0003704338273235457,-0.0037045822064722955,2.417318693933693,3.1093834015992785
2023-09-04,0.0008039523061308333,-0.000690795270447353,2.4192628842857755,3.1072361959765775
2023-09-05,0.0023100596148612116,-0.0017667856576828456,2.4248579857933836,3.1017512224435717
2023-09-06,-0.0004919781860073815,-0.0021438112175040658,2.4236653019714756,3.0951087759986065
2023-09-07,0.0018582840901006919,-0.0036866662162289288,2.428173347959654,3.083719150811953
2023-09-08,0.00042368491057662047,0.004304216689599016,2.429202346337599,3.097020752198496
2023-09-11,0.0010652790411933171,0.003201312027384162,2.4317915035265623,3.106951168681525
2023-09-12,-0.0015600802565438891,0.0010738191275283526,2.4280006713839297,3.110289264209406
2023-09-13,0.000517698915583931,0.0010348923861869253,2.429257970121558,3.113509745025885
2023-09-14,-0.00025132123116193507,0.018056464529214722,2.428647522730105,3.170239350032929
2023-09-15,0.00432874885464447,-0.005831796599528261,2.439183314859823,3.1518049640124355
2023-09-18,0.0014799015233592794,-0.018287739254425617,2.442795738319427,3.094689425495541
2023-09-19,-0.0026204295813460473,-0.0012258143687020606,2.4364029436977064,3.0908982348538063
2023-09-20,0.002639348648362572,0.015385769220831236,2.442841954172887,3.1388218069141534
2023-09-21,-0.0015139907286872596,-0.003951748402522881,2.4391463123922366,3.1264424490167664
2023-09-22,0.00019218197945302415,-0.0017075308906715492,2.4396151174052223,3.1211085071883815
2023-09-25,-0.000856231638944647,-0.01034526403673297,2.4375271357803805,3.0889862586539176
2023-09-26,0.0006143178333645121,-0.004277409792267761,2.439025012208195,3.075801616743614
2023-09-27,0.005239150962798632,-0.006373647621350287,2.451836965020708,3.056259883300981
2023-09-28,0.001233320054624012,-0.006690756519875052,2.4548627302052424,3.035879448852218
2023-09-29,0.005294277283257433,0.009934694778031883,2.4678939191170093,3.066190299784007
2023-10-02,-0.0011130079883460977,-0.016664869727069487,2.4651486615008684,3.0155160505176473
2023-10-03,-0.0009515621542463263,-0.01680023510122375,2.462804035035814,2.9652778602509553
2023-10-04,8.792936730176587e-05,-0.010514552621669893,2.4630205973573576,2.934262631521053
2023-10-05,-0.00028761950412249833,0.006103795394171385,2.4623122864613993,2.952227541548663
2023-10-06,-0.0016135146182727153,0.007488977318907075,2.4583425130973704,2.9744197012176783
2023-10-09,0.003279053925341481,-0.009075484623672025,2.4664167815108695,2.947547524410991
2023-10-10,-0.0017134241185928533,0.02226326328749373,2.462194381924589,3.0139054824918285
2023-10-11,0.0003875806403263925,-0.005105482536301054,2.463148865757523,2.998557254079799
2023-10-12,-0.001240065272227865,-0.00226815258413815,2.4600962934743866,2.9917637759302114
2023-10-13,0.0025136766544097385,-0.02162176029951013,2.4662879587569235,2.9277708891631207
2023-10-16,-0.00022142412920081228,0.003728598036301989,2.465741923548214,2.9387077468534994
2023-10-17,0.00017461901574157752,0.009662382572811268,2.4661725265706202,2.967240289558247
2023-10-18,-0.0021709216392968387,-0.016299907798060786,2.460824466476548,2.9192665920080785
2023-10-19,-0.00029152224037600654,-0.011000636276376596,2.4601071859715984,2.887328792171444
2023-10-20,-0.0005877772553316906,-0.010535719155020828,2.4586616158002585,2.857068394347056
2023-10-23,0.0005313864332841,0.0015429437118434919,2.4599684624164606,2.861480092686291
2023-10-24,0.003229703095067281,-0.0038117216904662854,2.467926273940235,2.850593688103314
2023-10-25,-0.004790158571083289,-0.00728785884304628,2.456132784638982,2.8298944817487115
2023-10-26,-0.0011029186746320616,-0.005205938721186243,2.4534253632306924,2.8152005056449707
2023-10-27,0.0010254947395845074,0.004939168494217938,2.4559426285352077,2.8291396508432016
2023-10-30,-4.50209422069829e-05,0.008936506734428917,2.4558320621729846,2.854535582832083
2023-10-31,-0.0024062827883683567,0.0038415681820467285,2.4499297399268376,2.865522566012281
2023-11-01,-0.001951522831441561,0.005999655059481412,2.4451533082775474,2.882766389745174
2023-11-02,0.0008249401847969656,0.033270430205257995,2.4471712457239416,2.980290608260534
2023-11-03,0.002551835928033687,0.012111662975756943,2.4534239998390395,3.016606361825603
2023-11-06,0.0006708487683726506,-0.013226735163470948,2.4550704284982,2.9769692212292567
2023-11-07,0.0007425009111586341,0.0007997487873137032,2.4568939974453423,2.9793510010396136
2023-11-08,-0.0013506021492565318,0.004751837884272803,2.4535779509657223,2.9935420841572538
2023-11-09,0.003111202667319067,0.0106788739290824,2.4612234163603315,3.0256810411883275
2023-11-10,0.0010456670631080857,-0.010297980797387751,2.4637983826658703,2.994682520955032
2023-11-13,0.0003001408193834239,0.0033885988876427575,2.4645379801173797,3.004847511625713
2023-11-14,0.004887900738194929,0.0341544213266598,2.4766138860016578,3.1092490783912683
2023-11-15,0.0028917824476267003,0.0075458881294530045,2.483786079780721,3.1327998681666855
2023-11-16,-0.002021118432536636,-0.017554734049499032,2.4787711235697576,3.078284302768769
2023-11-17,0.0006886188651468847,0.011722989356691471,2.480478639974359,3.114583347837234
2023-11-20,-0.0006127437058053807,0.0016788670636955771,2.4789592078591025,3.1198167110684056
2023-11-21,-0.0007348994244034093,-0.013614416983518396,2.4771380914148025,3.077630050460477
2023-11-22,-0.0016623263242928144,0.007201091925011838,2.47302370023437,3.099872335619312
2023-11-23,-0.0003606522700298942,3.255120262224409e-05,2.47213195943688,3.099973241834112
2023-11-24,-0.0009847123504675755,-0.00122912022247057,2.469698818732897,3.0961653426957687
2023-11-27,-0.0027410820844469353,-0.0010570052188096923,2.462938441154679,3.0928944087718957
2023-11-28,-0.0011957627151532777,-0.002802378980458542,2.4599951113097815,3.0842390799122357
2023-11-29,-0.002991250703775581,0.004373931000580811,2.4526476437390667,3.097758874607403
2023-11-30,-0.003878880688099874,-0.012757262686411863,2.443152543245068,3.0584909590242955
2023-12-01,0.004091474340081455,0.009562775029817061,2.4531691164876075,3.0878789112317677
2023-12-04,0.006959184056772833,-0.0025781051810334077,2.470300713720238,3.0799282877877987
2023-12-05,0.00332131859201397,0.00684959670225993,2.4785190096433296,3.1010969701352793
2023-12-06,0.005940726654516347,0.009646317890208422,2.4932870365601847,3.1311558831476534
2023-12-07,0.003705738031028774,-0.0025747358767009842,2.5025436458453445,3.123104353488883
2023-12-08,0.001676203438351943,0.004464059962829836,2.506741935720118,3.137077243297905
2023-12-11,0.00199071967203769,0.0025846363418349227,2.511737126566973,3.1451959345606815
2023-12-12,0.004032952145841878,-0.004720398006599069,2.5218872960177317,3.1303843437455363
2023-12-13,0.005040047365750302,0.0018042331429111158,2.5346298119087165,3.136037385097346
2023-12-14,0.001482517673490702,0.029575689506348368,2.538390232156627,3.230173054977421
2023-12-15,0.00305657188389308,-0.0024957117929744754,2.5461608740835495,3.222121525318657
2023-12-18,-0.003499143369912912,0.0006036810086573752,2.5372670615794517,3.224067246129339
2023-12-19,0.005505264577026831,0.004951167797862865,2.5512739083782447,3.240069726849662
2023-12-20,-0.0016464840488731743,0.01607937113416824,2.547076732823275,3.2925891183294893
2023-12-21,-0.0012945089995235778,-0.002964260422631426,2.5437816522860084,3.2828434781618734
2023-12-22,0.0012324596685583293,0.0030610707030636064,2.5469186933192596,3.2929078902353326
2023-12-27,-0.0021587492607833113,0.004564006492586259,2.5414264647778393,3.3079710913523113
2023-12-28,-0.0011249028849952718,-8.121513696046634e-05,2.5385692141816256,3.3077024449362913
2023-12-29,0.0019112484677752343,-0.0015021830566421812,2.5434256901903973,3.302737400503563
2024-01-02,0.001977700446299713,-0.00907110692642199,2.5484608016429484,3.2729133892964213
2024-01-03,-0.00042040938201509627,-0.00954739371759139,2.5473896299933227,3.24181429046591
2024-01-04,-0.000527266387483867,0.002361809372096957,2.5460468311030713,3.249479886614828
2024-01-05,-0.0008683370054990314,-0.008382047066957554,2.543836964015431,3.222356427123887
2024-01-08,-0.0034849898835381393,0.009501648258892104,2.5349871476475867,3.2531200455519445
2024-01-09,-0.00025096790792336805,-0.005159300896536934,2.534351027052795,3.2363794424227224
2024-01-10,0.000681637683105201,-0.0007207111179479142,2.5360791251165207,3.2340477881021927
2024-01-11,-0.004695758633663262,-0.00897157308336638,2.5241982264167153,3.2051630564983906
2024-01-12,0.0034004959375529276,0.004683368325942183,2.5327963629100454,3.2202092215011806
2024-01-15,-0.0005152231353393192,0.0001667346477898235,2.53149174374062,3.220746186715646
2024-01-16,-0.00011963808657521784,-0.00039068501619610174,2.53118889902846,3.2194881352064644
2024-01-17,-0.00015713664249992088,-0.017284731816868515,2.5307911877516593,3.1643183175002547
2024-01-18,0.003531266515678898,0.004421816373790577,2.5397438838058184,3.1783413327990955
2024-01-19,0.0026434031005676054,-0.004050815894915516,2.5464663318184084,3.165492498908825
2024-01-22,-0.0030934898673410736,0.010762441815257873,2.5386010359023756,3.1997449169518104
2024-01-23,-0.0031073879675031506,-0.004360601931413299,2.5307248610921413,3.185822480250185
2024-01-24,-0.0016101097433149152,0.009385783554616722,2.5266533949688754,3.2158646847659544
2024-01-25,0.0008147274906374959,0.0026774679331875717,2.5287127677489636,3.224486596632404
2024-01-26,-0.00010178150340835039,0.0059594115231185185,2.528455404659397,3.243760011276599
2024-01-29,0.0010626593018812614,-0.0013868740407314561,2.531143719442926,3.2392644428367525
2024-01-30,0.0007146853447021319,0.001981381328031162,2.5329533373412163,3.245689023590678
2024-01-31,-0.0013237429102300733,0.0004391913782413326,2.5296025765811607,3.247114815301086
2024-02-01,0.0016392137227611914,-0.011785301380154323,2.5337525362439863,3.2090712066163687
2024-02-02,0.0016780260956145816,0.002161686726289247,2.538007808349963,3.216015716470571
2024-02-05,-0.00036303002369236743,-0.008064728933758758,2.5370866025379675,3.190183725482021
2024-02-06,-0.0016695163562228089,0.007996982663177832,2.5328544287825525,3.2157978507795275
2024-02-07,-0.0009329698603828154,-0.003490500405440855,2.530492453936761,3.204592674290711
2024-02-08,-0.0024915032401733334,-9.426397580369894e-05,2.524195571397539,3.2042906108814737
2024-02-09,-0.0020416713494965004,-0.002117041927858665,2.519047250996385,3.197514168846075
2024-02-12,0.0009753858747927604,0.007400800254217188,2.5215054927752036,3.221266115815924
2024-02-13,0.0021297622596814433,-0.01469297334067221,2.526881422705583,3.1742821509764974
2024-02-14,0.0004381593647032158,0.0042238114088331,2.5279888420597993,3.1877180755710546
2024-02-15,0.002382331365607307,0.005023130157185918,2.534018528674125,3.203770681781193
2024-02-16,-0.002324108483076002,0.004820963400167244,2.528136033142094,3.2192532334012314
2024-02-19,-0.0002719926884611173,0.0013017851649621548,2.5274484921329465,3.22344673843184
2024-02-20,0.005717960029309173,-0.005599314395725585,2.5419417379992644,3.2054480837934376
2024-02-21,-0.005795115279439396,0.0004917988579506982,2.5272534937350164,3.207024907208463
2024-02-22,-0.0008151640721748646,0.007529508639800397,2.5251942069279867,3.231263366285379
2024-02-23,-0.00249478265993382,-0.004364919826288727,2.518902248005983,3.2171898978791407
2024-02-26,0.0003934089770722452,-0.0027514522076703685,2.5198934017143158,3.2083501203216502
2024-02-27,0.004847839414823142,0.0019220821731469329,2.5321390988722454,3.21452276315616
2024-02-28,0.005720318634323122,-0.007863331738739987,2.546665248836963,3.189345024475901
2024-02-29,0.0015488719494725664,0.0021698148051001453,2.5506127635137847,3.196272825833495
2024-03-01,-0.0025926920567792893,0.015595497144573756,2.544008375333876,3.24651101610019
2024-03-04,0.007444017636700495,-0.005455517889272343,2.5630166798486522,3.228847841864237
2024-03-05,-0.005281617242254291,0.0011370891148665407,2.5495154921980836,3.2325214177945636
2024-03-06,0.002743808965373819,0.010437745962804001,2.5565204814443367,3.266438355435097
2024-03-07,0.0017005692398618347,0.005673785151328659,2.5608717202789917,3.285024100777789
2024-03-08,0.0015512122079913962,0.0009085322805475471,2.5648472584090474,3.288010007406614
2024-03-11,-0.0002576032434403149,-0.00366459340846248,2.5641866305299477,3.2759828384082765
2024-03-12,-4.849523578156501e-05,0.0017955928133392973,2.564062282709875,3.281870453947739
2024-03-13,-0.0014848919405953756,-6.63868138257584e-05,2.5602577526481594,3.281652588256697
2024-03-14,0.0015176977211720274,-0.0039897921983644835,2.564146400154268,3.2685855610578027
2024-03-15,-0.0002194141552904732,0.0013795463267847197,2.5635838518556238,3.273097837994251
2024-03-18,0.0003303745976986973,-0.0013538872081753084,2.5644309347589793,3.268669431158411
2024-03-19,-0.002079301714956062,-0.0027595178612358495,2.559104248931096,3.259661913399698
2024-03-20,0.0019101940175925052,0.0026517651864974567,2.5639973064145334,3.2683172422593567
2024-03-21,0.0026890900585528044,0.01309876209397487,2.5709014047921115,3.311409765477412
2024-03-22,-0.0006097128551838182,-0.0008615097897113344,2.5693343709250915,3.3085581820565944
2024-03-25,-0.0007840926754077764,-0.0056333131015957605,2.567320564272873,3.289972436713907
2024-03-26,-0.0014962490492052343,0.008331859750851933,2.563482085695655,3.3174985382113045
2024-03-27,0.0022425278707013385,0.0016721919389137696,2.5692372163274455,3.3230506733483174
2024-03-28,-0.0025502869034181256,0.0037283961685865563,2.562693272317022,3.3354634482389223
2024-04-02,-0.0007890836667662915,-0.008626562000243254,2.560671890537463,3.3068136184403483
2024-04-03,0.0019497212566738295,0.0020117429347656923,2.5656693572041864,3.3134727733819243
2024-04-04,0.0030355786674987565,0.006036317647007294,2.573469481328294,3.333534435924838
2024-04-05,0.0006087887628688991,-0.0074395382194598625,2.575036657621368,3.3088265008550377
2024-04-08,-0.004266453510161618,0.006503185776960407,2.564073786354379,3.330414533705585
2024-04-09,0.0017739134431683744,-0.004603936586397239,2.56862626797364,3.315116758400953
2024-04-10,-4.7713295292598976e-05,0.0019411200522263528,2.5685037132737873,3.3215580476514837
2024-04-11,0.0028658197018805705,-0.0007527597969883004,2.575875139363622,3.319058653129728
2024-04-12,0.0015733584678561704,-0.003325962680579053,2.579931104232919,3.308037925338736
2024-04-15,0.00016062402254760002,-0.0011313431840296317,2.5803455364277683,3.3042975154219825
2024-04-16,0.002479894431636763,-0.01815467510481028,2.5867524619211992,3.2448503225845524
2024-04-17,-0.0009017622476043721,-0.00022750090156797853,2.5844208776324837,3.244112200175652
2024-04-18,0.0023234257141126076,0.005702378523489315,2.5904325687100695,3.26266420090755
2024-04-19,-0.0024274524586107736,-0.0030584668040862795,2.584152042725423,3.252700695048888
2024-04-22,0.0004465224742708619,0.010674421289138536,2.585306182344896,3.2876073654001616
2024-04-23,-0.0005297880564839236,0.010167773159416527,2.583936880758976,3.3212055311348494
2024-04-24,0.00012966423148117086,-0.0040638040555887045,2.5842719466713784,3.307736189547084
2024-04-25,-0.00018873424911995445,-0.005971340710306805,2.5837842520697865,3.2880434243998256
2024-04-26,0.0004422778883564951,0.011271772361277854,2.584927255456691,3.325315166064847
2024-04-29,0.0010017527255420486,0.013059974771115535,2.587518010811638,3.3690285245979803
2024-04-30,-0.003695930705207329,-0.00596255403844026,2.5779723744165657,3.349000279048276
2024-05-01,0.0026400840294835627,-0.0019452919625848608,2.5847874303123923,3.3424918281937352
2024-05-02,0.0012051133557714924,0.006288396372738703,2.587904269861761,3.3635769680581853
2024-05-03,0.0011447480681394734,0.005579733229184924,2.590868464579602,3.3823972875885255
2024-05-07,0.00026355561663777487,0.012253199902147571,2.591551392506204,3.4240974360893874
2024-05-08,-0.0005740284277249382,0.0038577335945291225,2.5900641952225913,3.4373322034895053
2024-05-09,-0.0017800613277917483,0.0019160229686434604,2.5854578231408993,3.4439245244446526
2024-05-10,-0.0006450047624059651,0.005541964176805081,2.5837907282318486,3.4630636158808334
2024-05-13,-0.002843895801426355,-0.004130483304219723,2.5764531352483844,3.448788990280161
2024-05-14,0.00019746495834142803,0.0028266611167335753,2.5769619446937697,3.4585513389443863
2024-05-15,-0.0028969087237333746,0.007590471353870143,2.569507523757152,3.484903259033214
2024-05-16,-0.0010338704739000385,0.0022693753456479726,2.5668523585808214,3.4928207931015547
2024-05-17,0.0009856678847203735,-0.0035071315210597476,2.5693836698266543,3.4805924669087784
2024-05-20,-0.0009675517482517059,0.0059294215098084635,2.56689886044966,3.5012916732633848
2024-05-21,-0.0008429484700032998,-0.0043162577768711685,2.564736008696949,3.486211763649794
2024-05-22,-0.0009729488625005579,-0.003533124826825329,2.562241865248441,3.4739162758530178
2024-05-23,-0.002690247470918826,-0.0038121071278123253,2.5553580642664175,3.460698544567085
2024-05-24,-0.0014448733919214356,0.0067436094923643,2.551668561466608,3.4841150111344894
2024-05-28,0.0021623452409392932,-0.0031632436057904556,2.5571921196045513,3.4731113194576926
2024-05-29,-0.001560819652428558,-0.013076974312394185,2.5532039171312935,3.427989205328336
2024-05-30,0.001717338380551564,0.011414163441557434,2.557592399387502,3.467340991012057
2024-05-31,-0.0008804325797957208,0.0028597985119418468,2.5553416026960063,3.4772710798775037
2024-06-03,-3.683807455441589e-05,0.00818635061022377,2.5552474705653676,3.50585407568965
2024-06-04,-7.892321160963612e-05,-0.008770194493669337,2.5550458101864804,3.4752414889662075
2024-06-05,-0.0006998072899953578,-0.002155018975658507,2.5532583959979256,3.4677603415151186
2024-06-06,0.000586625830002648,0.002053671559314907,2.5547566427358412,3.4748893000671495
2024-06-07,0.0021864146849134695,-0.007777841070140568,2.5603485110197473,3.447966997770645
2024-06-10,-0.001253093149120526,-0.005336434814603663,2.5571421651857884,3.429616154233183
2024-06-11,0.0018992922156989287,-0.008798231665153367,2.5620035405193513,3.3995739497174196
2024-06-12,0.00018235601142074938,0.011309035220183006,2.5624707798669033,3.4382380660996277
2024-06-13,-0.0016338400837930189,-0.014813502893183284,2.5582875307038657,3.387681103927092
2024-06-14,9.459043450349972e-05,-0.0037503198326689358,2.558529531678288,3.3750000102380455
2024-06-17,0.00020938357431268383,0.0019512782230073356,2.559065301825392,3.3815920035756184
2024-06-18,0.0011581313901363635,0.012334573002700466,2.562030752540169,3.423560798492502
2024-06-19,-0.0008225879865948764,-0.0014121147329504424,2.559924123384548,3.4187297496502085
2024-06-20,-0.0015172932600975371,0.0057534497304931875,2.5560429129775746,3.438455931790677
2024-06-21,-0.0028555508201885188,-0.0027502370062499892,2.548754413833477,3.4290123550322886
2024-06-24,0.003278716312907207,0.005862678357781093,2.5571247710226075,3.4491745961724267
2024-06-25,0.0006525858352679527,-0.009734681709632653,2.5587940590448075,3.4157608791355667
2024-06-26,-0.0013185951406136983,-0.0032119246653170563,2.5554222691341577,3.4048073129485847
2024-06-27,0.002190909575818608,0.0016589348868674136,2.561027105857113,3.410460354300393
2024-06-28,0.002295398422816729,-0.002255208296896072,2.566912435440732,3.402777722037283
2024-07-01,-0.0016041030568661688,-0.003154946504274392,2.562798144112205,3.392059057655531
2024-07-02,-0.0010273512088857383,-0.001365756344267055,2.5601666023309915,3.387429493625256
2024-07-03,0.001324367950568177,0.01644773400247246,2.563559451121426,3.443605752538811
2024-07-04,-0.0006642843257599635,0.003932964635255942,2.561857084250308,3.4571760003413767
2024-07-05,-0.00025744604185697653,0.008522332785107167,2.561197629174856,3.486765109743288
2024-07-08,-0.0050579793039871755,0.0005579686329681977,2.5482758511642514,3.4887111581715544
2024-07-09,0.0016182385600096284,-0.0073981308230113285,2.552402907788606,3.4629964542768317
2024-07-10,0.004856960511903366,0.013605296646872489,2.5648299823979146,3.5104335142301077
2024-07-11,-0.0024347132064571515,0.012399022104299107,2.5585929527376976,3.5542304152462743
2024-07-12,-0.0009280012763574771,0.0006605051095238679,2.556219676583847,3.5565787780634133
2024-07-15,0.0006408435134983574,-0.0006322072327993311,2.5578583383894764,3.554330993843489
2024-07-16,0.0030332572373628396,0.0011461741639280376,2.5656287595919776,3.558407211780275
2024-07-17,-0.0022265486210685604,-0.005696458580141339,2.5599226172741476,3.5381945175327383
2024-07-18,-0.0033294592522243732,0.006657561061775397,2.5514136322509278,3.5618288497911874
2024-07-19,-7.574110145785215e-05,-0.007872027779676216,2.5512203926903276,3.53390010628733
2024-07-22,-0.0005246047973892878,0.0033644219644983764,2.5498823612326724,3.545809660574264
2024-07-23,-0.00020984510372559165,-0.002235331079491587,2.549347337042158,3.537892454123504
2024-07-24,0.001986678121807049,-0.006693246630506522,2.5544171039515637,3.5142915388582687
2024-07-25,0.003026845099606988,-0.0031743815984182078,2.5621606421783234,3.5031535239734537
2024-07-26,-0.0018687950040357653,0.022344327207518333,2.5573769604231744,3.582310190454747
2024-07-29,-0.0002907138734631335,-0.004891119058859417,2.5566336035184225,3.564831464916618
2024-07-30,0.001658937747236198,0.008452765934196194,2.5608784194783607,3.5950918627410076
2024-07-31,-0.0033306092630590207,0.00781722383383432,2.552363322195288,3.623305633539913
2024-08-01,6.916710818457845e-05,-0.0065722639611873745,2.552539867890828,3.5995703950666673
2024-08-02,-0.0030960139438229494,-0.02993199000314206,2.5446493896856643,3.4934245923024427
2024-08-05,-0.0017472005957025875,-0.02872368239791001,2.540207258533294,3.3945079990698943
2024-08-06,0.0011603741700348283,0.006452525320263192,2.5431565602384616,3.416481965430286
2024-08-07,-0.0017315418311095719,0.01017507369257764,2.5387567885649944,3.4514223803923496
2024-08-08,0.0021691877420128985,-0.0032810567332504093,2.544269805893773,3.440116625306313
2024-08-09,0.0009629314909648447,0.005669299943045658,2.546720943360708,3.4596750672455525
2024-08-12,-0.0030772576226129225,0.0025180149067498547,2.5388960726713803,3.468397557709221
2024-08-13,0.0002247880205139392,0.003230243893371565,2.5394668502434237,3.479619442694647
2024-08-14,-0.00020733068882778814,0.00998661276700652,2.5389403954091145,3.5145431491601085
2024-08-15,0.0007423358701035996,0.00674962131020429,2.540825841667293,3.5383452216197773
2024-08-16,0.00043780148100581616,-0.00214976335345618,2.54193846251951,3.5307467870748623
2024-08-19,-0.0009118911317988936,0.005146131773242857,2.539621547925447,3.548963307404309
2024-08-20,0.0010857512521932548,-0.008129410935694636,2.542380442666886,3.5202292798875483
2024-08-21,0.0006007224826653782,0.009532147248282996,2.543908166581394,3.5539450603336458
2024-08-22,-0.001045381455485892,-0.003901461400179329,2.5412502016952483,3.5401064937326363
2024-08-23,0.002786090166159978,0.004010048491418061,2.5483402260292407,3.554330993843489
2024-08-27,-0.0010076315516859156,-0.0012939485025711406,2.5457737312707627,3.54973484680643
2024-08-28,0.0023043767678150614,-0.004508720548527023,2.5516469175312433,3.533766110696903
2024-08-29,0.0010372989383598146,-0.001700830912653828,2.5542951114167685,3.527760880446039
2024-08-30,0.0004122637130716056,0.002630749287245493,2.555348371699261,3.537053753117382
2024-09-02,0.0011166869917491465,-0.005039590384113168,2.558203489825269,3.5192732917875986
2024-09-03,-0.0006752541831501833,-0.00822709088355289,2.5564766353158963,3.4904386856736154
2024-09-04,-0.0010905296098993004,0.0,2.5536902414467226,3.4904386856736154
2024-09-05,0.0020533657713588268,-0.002217869082365098,2.558939288841988,3.482705927920689
2024-09-06,0.0025461710936232505,-0.013016314561886233,2.565463087919415,3.4376676838919527
2024-09-09,0.0038655343012446186,0.007626760530529353,2.575399165235824,3.463986186987567
2024-09-10,0.0010828237974898484,0.0002517354819993045,2.578189379122346,3.464858304986904
2024-09-11,0.00044102345330639006,-0.005767873317173766,2.579326671873559,3.4449309656519973
2024-09-12,-0.0012385829378038428,0.007688035810225813,2.5761339395068323,3.471517787546057
2024-09-13,0.00024361697167666978,0.009598238863572917,2.576761605907798,3.5049986661869266
2024-09-16,0.0001570213272581477,0.00163534854138625,2.577166244202775,3.510735250021763
2024-09-17,-0.0006733437247841146,0.0007164316415106953,2.5754315095863927,3.5132513530401326
2024-09-18,0.002986366159127943,-0.005232136814271371,2.5831341868745494,3.4949175456168544
2024-09-19,-0.0009252922504914183,0.01559146006218981,2.58074513828398,3.5498354254036437
2024-09-20,-0.0036944489851777275,-0.01575945830910186,2.5712282975926355,3.4943304549125744
2024-09-23,0.0011629043199208378,0.000638187026947179,2.5742201293572844,3.4965612030183046
2024-09-24,0.0023341066714195505,-0.0036044561894978955,2.580235651438957,3.4839806879264827
2024-09-25,0.0010595031193332933,-0.0007079611016820309,2.582970867889585,3.481515038015517
2024-09-26,0.002682438462354107,0.01221109921656982,2.5899088294600747,3.5242887893277244
2024-09-27,0.001347049683106301,0.0108968543511061,2.593399916133778,3.56290245260254
2024-09-30,-0.001856795405805428,-0.008861895703162759,2.5885889709367746,3.531467873369578
2024-10-01,-0.0010742252793111409,-0.00660030680390733,2.5858097362557846,3.5082358555000073
2024-10-02,-0.00039632679355043886,-0.006278348980210069,2.584785113630395,3.4862789252538002
2024-10-03,0.0004581825383318133,-0.002104869128315201,2.5859696883898122,3.4789484818897494
2024-10-04,0.0003663139111867665,0.007684919401970802,2.586917138582075,3.5057869140856477
2024-10-07,0.0018014595424418777,-0.0022465487358740432,2.5915815652734286,3.497919833124709
2024-10-08,-0.00024630613190019027,-0.01070292098134118,2.590943321447493,3.460681508452904
2024-10-09,0.00036618989710876054,0.009224893837375348,2.5918922724533195,3.4927536314975445
2024-10-10,-0.002352888615060738,-0.0054899151558576165,2.5858010074781523,3.47363124855797
2024-10-11,-0.00103281119898408,0.0027246461645891173,2.583131741900251,3.483108569927147
2024-10-14,-0.00021460404722612023,0.0025154504555082724,2.582577450852599,3.491881185880633
2024-10-15,-0.0018406796403406941,-0.001095792068575463,2.5778281254534283,3.488056905863263
2024-10-16,-0.0003941851696813859,0.008862031988959629,2.5768121840840523,3.5191055515863767
2024-10-17,-0.0027487773177214173,0.0057699416500476275,2.5697388271956263,3.5394692775385326
2024-10-18,0.0015033927389311982,0.002305262201231173,2.5736050593938873,3.547638094291122
2024-10-21,-0.003399972826620446,-0.011556094405117179,2.5648697304808605,3.5068772253936076
2024-10-22,0.001217644185964677,0.002059409255686262,2.5679947313794163,3.514106762542859
2024-10-23,-0.001872114497343376,-0.005734815918520653,2.563191648576998,3.494011683006726
2024-10-24,-0.0012212749056198773,-0.0018885305525238039,2.5600631976764294,3.4874193620515794
2024-10-25,0.0007635216560107745,0.0014083361696179963,2.562018607772594,3.4923342809944833
2024-10-28,0.0013004511431004145,0.0007297668671011337,2.5653525551476974,3.4948838010060626
2024-10-29,0.0030110899668103815,-0.010241747982906446,2.5730887037624854,3.45927275285668
2024-10-30,-0.0025052467825443293,0.003451318865863584,2.5666505495160834,3.4712324326334274
2024-10-31,-0.002969172688531997,-0.014853076878639015,2.5590410233924796,3.420054962763393
2024-11-01,-0.0020647256962094333,0.004438573744147689,2.5537627565955154,3.4352688679674084
2024-11-04,-0.0014543196334417898,-0.0008987781802360928,2.550051468633049,3.432182710358945
2024-11-05,-0.002686364919366196,-0.004472105060033371,2.543210292886545,3.4168678989401338
2024-11-06,-0.0014634250058319308,0.003758231826431313,2.539491217306682,3.4297334413270053
2024-11-07,-0.00025905103993821544,0.00918660442219732,2.538833444667946,3.461386213868589
2024-11-08,0.0015250478704002747,-0.005710371564818573,2.5427082410800557,3.44167674022473
2024-11-11,-0.0017084714394508943,0.00997062712248109,2.5383678054822063,3.476164060072939
2024-11-12,0.0007457201966556612,-0.014371565546735354,2.540261423588175,3.4265634136179313
2024-11-13,-0.003159431122208025,-0.003363896692089696,2.5322483076973907,3.415056173719875
2024-11-14,-0.0002769279512342772,0.008003641496760139,2.5315471544504704,3.442498732734247
2024-11-15,0.0007290392317601436,-0.0022537496154075853,2.533393424563014,3.43474893886713
2024-11-18,0.0036321202312708614,-0.003973347307574926,2.542611744963918,3.4211285655747474
2024-11-19,-0.0002518611609922363,0.0015775041240164711,2.5419714404551823,3.4265296690071394
2024-11-20,-0.0010185605286411564,-0.008988899460957711,2.539383606837323,3.3958669567938733
2024-11-21,0.00021679265456429664,0.005178008024024905,2.5399341862290337,3.4134963864190397
2024-11-22,0.002660124643122515,0.011326276439181271,2.5466997223448447,3.452378368492297
2024-11-25,0.001920983917249915,0.008110255313560799,2.5515965934529947,3.480491888311563
2024-11-26,0.0016579589099061675,-0.008742083967771208,2.555830544648284,3.4501977458763773
2024-11-27,0.004962020273539072,0.0015982588693770339,2.5685441441098975,3.4557164640201736
2024-11-28,0.0006798470884524186,0.007794237868058218,2.570290955082729,3.4827563810280924
2024-11-29,-0.002116994973277117,0.00042368870978570783,2.564855417583763,3.4842322982283167
2024-12-02,0.00110648472265248,-0.00012036388650393803,2.567694961585454,3.4838129477252537
2024-12-03,0.00316006479191707,0.005933491854671402,2.5758218780582953,3.504545571073072
2024-12-04,-0.0005294768303544676,0.005370210657931196,2.574458401051339,3.5234163437108075
2024-12-05,-0.0013920431093639317,-0.00019519022158043242,2.5708771371889623,3.5227286744093034
2024-12-06,-0.0012003568943030661,0.0027532234938885125,2.5677930184848203,3.532440897583712
2024-12-09,-0.0035159728590944484,-0.00046067966370344493,2.5587805809512965,3.530813948678871
2024-12-10,-0.0015608710404240802,-0.0035885163165154665,2.554789769824688,3.5181662719830333
2024-12-11,0.0006925864670141555,-1.90901281733602e-05,2.556559795522504,3.51809911037903
2024-12-12,-0.002445141649736914,-0.0011688235572400174,2.5503162809358915,3.5139894754490366
2024-12-13,0.0017861725749893401,-0.002858670931876972,2.5548756566381767,3.503958480368782
2024-12-16,-0.00032460600859220384,-0.0036544501240172167,2.5540464632366873,3.491176808082522
2024-12-17,0.0015450215615026466,-0.013062390000696311,2.557995570033469,3.4458702452553385
2024-12-18,-0.0007614917818551875,0.002872756986082692,2.5560484188927535,3.45578362562418
2024-12-19,0.0017042682602037792,-0.009882650659722714,2.560408325254341,3.4217995263796457
2024-12-20,-0.0027322486354172757,0.002511565728429588,2.5534222013613475,3.4304044021319067
2024-12-23,0.002550509954935021,-0.0015463553321950485,2.559943042305049,3.4251038772967304
2024-12-24,1.9782254691095126e-05,0.007435904538867888,2.5599936842512108,3.450667549486837
2024-12-27,0.0006038904113745663,-0.004033146212815808,2.561540106778181,3.4367785297784277
2024-12-30,0.0015724331321780223,-0.004113130040876101,2.5655711257347904,3.42267164437898
2024-12-31,0.004230682604779844,0.010627196388821147,2.576448235443363,3.459239008245889
2025-01-02,-0.0012568489766483656,0.0008530497659915426,2.573212063231132,3.4621911702639188
2025-01-03,0.0023862904324559063,-0.002367060767575424,2.5793598268157027,3.4540056450147225
2025-01-06,-0.0008124288950737428,0.0010338209170388524,2.577265131372373,3.4575783147302483
2025-01-07,-0.0006763992322743221,-0.012806765877428461,2.575522460653155,3.413580256519648
2025-01-08,-0.0027086742329461306,-0.019761213120942145,2.5685556489987924,3.3467859118215615
2025-01-09,0.0022931804853935298,0.002647847731651609,2.5744525694560156,3.3556594339898473
2025-01-10,0.0006099438476633074,-0.013649232700364777,2.576023319947958,3.310168422464835
2025-01-13,0.0015443272492322315,-0.0007857590300464068,2.5800046163766277,3.307568449345859
2025-01-14,0.0018336943124472166,0.002426277150478384,2.5847398963689208,3.3156032705080185
2025-01-15,0.0006883663920871844,0.028296164021675452,2.5865197569736975,3.410762090092049
2025-01-16,0.0024363629834796936,0.009500484560168942,2.5928291408192816,3.4433203976261786
2025-01-17,-0.001266375677673594,0.0033897176798109996,2.589547723251219,3.4550120862220655
2025-01-20,0.0004115274884345662,-0.005389016229541355,2.5906136126282964,3.4364430493759803
2025-01-21,-0.00026290213012191224,0.005306421237074588,2.5899326243117753,3.454726731309437
2025-01-22,-0.0012279463863304218,-0.0007479326898103267,2.586754277723889,3.4521437943046482
2025-01-23,0.002804023220886802,-0.002914813194289323,2.5940177755344864,3.4420960907277913
2025-01-24,-0.001995096735033665,-0.0001121279409534992,2.5888476183367164,3.441710157217943
2025-01-27,0.00010172045986190043,-0.00726872034832482,2.5891109705008906,3.4167840288395173
2025-01-28,0.003015301512066611,0.010693983450824618,2.5969297027186697,3.4535191329076547
2025-01-29,-0.0013584698757602876,-0.001399856445724268,2.5934042471028538,3.448688084065362
2025-01-30,-0.001963410104740815,0.01186531914307487,2.588317326488247,3.4898515949693336
2025-01-31,-0.003660208730728132,0.006964382247000245,2.578860861686907,3.5142410857508724
2025-02-03,-0.0017101124174405936,-0.011458888547071666,2.5744544884751215,3.474201630765647
2025-02-04,0.0021512728739149843,-0.0028284731230687754,2.5799988041109767,3.464388828994021
2025-02-05,0.001264543289530211,0.005292608308490543,2.583263387954483,3.482773089524695
2025-02-06,0.0018373396245614558,0.010072886526485192,2.5880140831216316,3.5180319487750227
2025-02-07,0.0031651703539881575,-0.007912691638273017,2.596218566016664,3.490304690083188
2025-02-10,-0.0019756073600317825,0.008541927146296757,2.5910945207267906,3.5202463160017348
2025-02-11,0.0032621424187452555,-0.003178619700110019,2.59956084173837,3.50907455650613
2025-02-12,0.0008100242814240469,-0.0018755523166671395,2.6016674022085997,3.502499271665163
2025-02-13,0.0021233656625065053,0.0017034695796471766,2.607197562634279,3.508470757305239
2025-02-14,0.002493794411671699,-0.0001482034951560962,2.6137074911840434,3.50795082820496
2025-02-17,0.0018048249340172553,0.0012281088921017869,2.6184290351328228,3.512261620329391
2025-02-18,0.001509455093027058,-0.002730714340009044,2.6223844206630367,3.502683720362994
2025-02-19,0.0029302844684614597,-0.008357891107269921,2.630080022646158,3.473530669960749
2025-02-20,0.0014521475280030883,-0.004598198660865194,2.633902061259818,3.4575953508444384
2025-02-21,-0.0019372230678140613,5.334452401051237e-05,2.628804544536053,3.4577797995422705
2025-02-24,0.004557598660724863,-0.006301984565258323,2.6408129245095764,3.436057443483711
2025-02-25,-0.000594584460007517,-0.001763852259969667,2.639243204894566,3.43000208774303
2025-02-26,0.003016682128182501,0.007192258171437871,2.647216983833881,3.45476047592023
2025-02-27,0.0032436040371313047,-0.008836854509127079,2.655817448239909,3.424365754887828
2025-02-28,-0.005343003006693393,-0.004334638349289932,2.641665248918188,3.409554491690264
2025-03-03,-0.0025591272101872136,0.002746362529462587,2.6349135344324255,3.418931234462223
2025-03-04,0.0037195278592226586,-0.021412709819145448,2.6447324182160195,3.3465008845265123
2025-03-05,0.0008104057803789385,0.008842731303342788,2.6468765933639142,3.3762243171364372
2025-03-06,0.00036462572873963085,0.001558842990604603,2.6478418886457065,3.3814914249783987
2025-03-07,0.0002121957691414971,-0.0014892701151492105,2.6484038091082964,3.3764592189416653
2025-03-10,0.0017939104939762667,-0.0126938257821827,2.653159072476923,3.333869916327289
2025-03-11,0.0008952592248386035,-0.005296970122369515,2.6555354011678967,3.316257195198733
2025-03-12,0.0006964647495447623,0.005865395606004853,2.6573855321667037,3.3357655116481584
2025-03-13,0.0008095834952900241,-0.010001341357977367,2.659537778728262,3.302569660302337
2025-03-14,-0.00012489161179082614,0.01547246161416993,2.6592056455092163,3.3540659020782186
2025-03-17,0.0013353729924508117,0.001614091134594986,2.662759048941047,3.3594840416247957
2025-03-18,-8.826497658878066e-05,0.0034840742612480824,2.6625240309480125,3.3712091472138934
2025-03-19,0.003252730012097023,0.0012232466136765652,2.671198603143806,3.375335490640498
2025-03-20,-0.0011043851312159683,-0.0012133341976472423,2.668250199510208,3.3712425642071038
2025-03-21,-0.0006879221384695808,-0.009322853362887074,2.6664152823394236,3.3399590166787667
2025-03-24,0.0022171615472274704,0.0005472921702462941,2.672333714407879,3.341787450395628
2025-03-25,0.001196318821861765,0.0029470459435554375,2.6755325905850973,3.3516503776570716
2025-03-26,-0.00055425421889633,0.0028985238963841198,2.674050076241838,3.3613793093280835
2025-03-27,-4.450989083674354e-05,-0.006232203005831494,2.673931057213634,3.340495654275647
2025-03-28,-0.0010081277203495625,-0.0024987240016702827,2.6712367515228705,3.3321590973218345
2025-03-31,0.0036952530347561033,-0.019802123898370994,2.6811259074492653,3.266824288944946
2025-04-01,0.002067616643341967,0.005907927279112712,2.686675182908605,3.28618157368975
2025-04-02,-0.00283665594618928,0.0029917693471386286,2.6790648088850375,3.2960277924545913
2025-04-03,0.0001104533200560202,-0.022599957442343666,2.6793607368306356,3.222373135620493
2025-04-04,-0.005988439915607571,-0.044988523687196746,2.663363493119229,3.080615957089305
2025-04-07,0.003494330680282505,-0.03322703733995702,2.6726864451382437,2.9799380917438993
2025-04-08,-0.005070469862742025,0.0323444907182342,2.659168968006624,3.0778983692589215
2025-04-09,0.01574441038420666,-0.02531052082949259,2.7013673380508543,3.000972778500948
2025-04-10,0.002697382091526021,0.034435438275044916,2.708663794172178,3.106112467675404
2025-04-11,0.0044637579131511455,-0.00013501726606435227,2.7207816390596826,3.1056931171723465
2025-04-14,-0.0005690256871201001,0.024730925077552257,2.7192338848157362,3.1834574089364414
2025-04-15,-0.001503852779771005,0.01513375957538976,2.715147630711619,3.2320014886942854
2025-04-16,-0.0031010364202085023,-0.00010897522497010925,2.706740900547637,3.231649299795232
2025-04-17,-0.0014536655498317561,-0.000820483116847015,2.7028090630289427,3.228998873568852
2025-04-22,0.005967481862220442,-0.0006132155756475299,2.7189862476105002,3.2270194081473744
2025-04-23,-0.0027049765488965866,0.012649557922776111,2.7116413918836524,3.2680990489507318
2025-04-24,0.0018024718019664003,0.0010926980888452675,2.7165334566094406,3.271672046283846
2025-04-25,0.0006405835266103098,0.005384200764304126,2.7182741806712847,3.2893348929022204
2025-04-28,0.0031600763545043768,0.0062833016876009395,2.7268777213978534,3.310067843867616
2025-04-29,0.0010510259071123756,0.003864073669632262,2.7297452471865475,3.3228829331470897
2025-04-30,-0.003345588828890607,0.003773865856352643,2.7206279019302375,3.335446739742311
2025-05-01,-0.00033603147451569717,0.012514051155759987,2.7197138389103164,3.377448951652406
2025-05-02,0.0010793829276081759,0.005225953368032776,2.722651036491308,3.395145542881579
2025-05-06,-0.0017102542665623484,0.005518206794546288,2.717998590506608,3.413932445418706
2025-05-07,0.0022224201967009,-0.0007618673490572547,2.7240458427474876,3.4113324722997294
2025-05-08,5.582884808552234e-06,0.0058929734569925785,2.724061050824093,3.431494713439864
2025-05-09,0.0006869891606699469,0.002304655736947936,2.7259330942021407,3.4394122475081987
2025-05-12,0.0032049603874524145,0.005980791713696476,2.734683616836832,3.460044292258797
2025-05-13,-0.0013267441039325777,0.006393261668634409,2.7310577972713,3.4822361243102304
2025-05-14,0.0026361687025681885,0.002881262250816974,2.738266824292217,3.4922838278870874
2025-05-15,-0.0028780780630685344,0.0012097221950657655,2.7303972087305697,3.4965110775284867
2025-05-16,0.000602840052297546,0.006098002507732403,2.732043697761577,3.5178979531845904
2025-05-19,0.0020408077541000922,-0.0005342362907398979,2.7376249669360964,3.516019066360331
2025-05-20,0.004277665220740393,0.006434107971799108,2.749360692902562,3.5387144466330214
2025-05-21,0.0005908646679573838,-0.006978139163040353,2.750985673019861,3.514106762542859
2025-05-22,-0.0005581422346563056,-0.007185763199146322,2.749450660146421,3.4889457323592077
2025-05-23,-0.0007066166233530037,-0.004384661862035344,2.747508538853278,3.473681374047786
2025-05-27,-0.0011280291707780532,0.011040462759282832,2.7444110164507567,3.5122449118327843
2025-05-28,0.001657188680609097,0.00036288150694296917,2.7489627938574532,3.51351967183857
2025-05-29,-0.0030350612282822433,0.0024509185048220417,2.740632171832643,3.52214158370502
2025-05-30,-0.004470707194078565,0.0014467560824904524,2.7284069559084343,3.5272409513457545
2025-06-02,-0.0022568934941112674,4.755450936677619e-05,2.722256175439354,3.527408691546984
2025-06-03,0.001429135592370512,-0.000532702550813724,2.7261494299628883,3.525530132340299
2025-06-04,8.141673827323699e-05,0.004803374316484366,2.72637139319316,3.542505309657177
2025-06-05,-0.002710962592118238,-0.0023513397885661647,2.7189903117722953,3.53418546119996
2025-06-06,-0.0007300707587156983,0.004163267086882527,2.7170059808915528,3.5489298904110984
2025-06-09,-0.0011757890345749761,0.006059863505095464,2.7138132324194935,3.570501214765038
2025-06-10,-0.0016648494799402862,0.004855247376385208,2.7092989007549138,3.5878790340883615
2025-06-11,-0.0020405393854738252,0.0018216642900181768,2.703776106297025,3.5944209019361115
2025-06-12,-0.0016658061590716143,-0.0019526147393396087,2.699275888692148,3.587409230477905
2025-06-13,-0.0017514493563996153,-0.0100282061026018,2.6945523813735557,3.5516137336306906
2025-06-16,-0.002541798529039612,0.005214625874010892,2.6877120691247556,3.570182442859193
2025-06-17,0.0006345011674228725,-0.002205982915558735,2.689417966710085,3.5623153618982526
2025-06-18,-0.003360785816004267,0.002501972805251995,2.68039458028199,3.5712393371739393
2025-06-19,0.0002615417035936162,-0.010211553446479726,2.6810957069297525,3.53495700060208
2025-06-20,0.0009660372716458966,0.0035289278140524516,2.6836869967512493,3.5474536455932943
2025-06-23,0.00423814550051954,-0.0013011747893845182,2.6950849888349926,3.5428407900596204
2025-06-24,6.733126009828027e-05,0.009668520940428138,2.695266458412582,3.5772609483038256
2025-06-25,-0.0008570819321704494,-0.0013231555492403402,2.6929573839030643,3.572530805676334
2025-06-26,0.0025552643758071517,0.008262290067282407,2.6998474011305444,3.6021703681856447
2025-06-27,-0.0019306853417821088,0.011173854382729331,2.694639873993896,3.642646209788112
2025-06-30,-0.00046310383831947056,-0.0041391133001997815,2.693392264833953,3.6276000447853223
2025-07-01,0.002707689018936499,0.00539082629953036,2.7006950158207355,3.6472086122143863
2025-07-02,0.0007386718843878553,-0.013459840343395868,2.7026906802770987,3.5984466667654957
2025-07-03,0.001134594666397011,0.011590862339158292,2.7057588789596503,3.6403984255681916
2025-07-04,-0.0001340775333185681,-0.0067175085099933085,2.70539612180274,3.616025970900844
2025-07-07,-0.0007693866728192553,-0.000872511107900209,2.703315426614142,3.6128723240707883
2025-07-08,-0.0007469798478973402,0.002003665752258854,2.7012968584766717,3.620118569716652
2025-07-09,0.0016989224069074542,-0.000639580840624987,2.7058900528728937,3.6178039515103015
2025-07-10,0.0006243825962416285,0.005861838740583991,2.70758009108957,3.639073212455004
2025-07-11,0.0007709515149985976,-0.0037590529855862087,2.7096683089166937,3.6254194221694065
2025-07-14,0.00025100817687251305,0.005145598999360956,2.7103485431874548,3.6441224546059217
2025-07-15,-0.002871697185376729,-0.001580124415568207,2.7025764078553416,3.6383688346568914
2025-07-16,0.001710049601854053,-0.004093084803360014,2.7072019013500466,3.623507118351932
2025-07-17,-3.253827493756786e-05,0.007586222469454285,2.707113815103364,3.651100381453336
2025-07-18,-0.0009977157816953735,0.006041529578020288,2.704414231859532,3.6732253795183443
2025-07-21,0.003528743780236894,0.005201429907382149,2.713974274309396,3.692381179451136
2025-07-22,-2.701174345916816e-05,-0.0035588165642881364,2.713900966122639,3.6792640267624224
2025-07-23,0.002608102997753079,0.003604244266108836,2.7209883376479724,3.6925489196523613
2025-07-24,-0.0037464025014109447,0.006425375210678652,2.710813491568678,3.716351319729616
2025-07-25,0.0032766961229430346,-0.001689520081654905,2.71971057218083,3.710077770680308
2025-07-28,0.0015695641456381863,-0.007542580349033656,2.723982684181309,3.6821994802838502
2025-07-29,-0.0002207800009525352,-0.0072557882958630415,2.7233813496654604,3.6555789137789994
2025-07-30,-0.0042131434892569266,-0.0007574071469242938,2.7119314901506844,3.6528112004587943
2025-07-31,-0.0005628586842396771,0.008514167777212478,2.7104054854631734,3.684044622497318
2025-08-01,0.0003079661531764209,-0.012070110673500167,2.7112403271589742,3.639845079474701
2025-08-04,0.0024873634634293646,0.00735557169466361,2.717992561438421,3.666716928663809
2025-08-05,-0.0002956097995189508,0.0019286140500511806,2.717189214946638,3.6737954341084453
2025-08-06,0.0002838647604310597,0.0011043805524586503,2.7179606386970137,3.6778549435486245
2025-08-07,-0.0013429216318546996,0.0005562292114049683,2.714313080301493,3.6799012429565305
2025-08-08,0.0012121448009672407,0.0009340110694040504,2.717605215659264,3.6833399170816294
2025-08-11,-0.00038759023715188433,-0.0031517747492699755,2.7165521025106125,3.671749134700539
2025-08-12,0.0012213006958524907,-0.0021403359516511955,2.7198718562798843,3.6638987622362094
2025-08-13,-0.0012351930899003325,0.0004073936869026795,2.716514363360498,3.6653917155506237
2025-08-14,-0.0009287846882269552,-0.002286214957377908,2.7139924777401245,3.6570214139860093
2025-08-15,0.0011032564181950276,-0.0019972504996808027,2.7169883596692315,3.6497247152327477
2025-08-18,0.00035144753377052513,-0.0003953134710830142,2.7179434063420893,3.648282215025739
2025-08-19,-0.00020051531162164446,0.003841014435987944,2.717398471708691,3.662322266438763
2025-08-20,0.0001311555396275088,0.002406248666240174,2.717754896944692,3.6711453354996486
2025-08-21,0.000957139459559836,-0.0031164255046984835,2.7203574126845407,3.659722293319788
2025-08-22,0.0018563198810076606,0.011819180187822909,2.7254119562065044,3.703233839423323
2025-08-26,-0.0002762618885299519,-0.009832026096342261,2.7246591327454643,3.6670019559588574
2025-08-27,-0.0012901388227537288,-0.002574038995163619,2.721146210785299,3.65757508769708
2025-08-28,0.0007917867450085072,-0.0027830302114253413,2.7233016314903935,3.6474100970264014
2025-08-29,-0.0012528726569666702,-0.006399138476284705,2.719891817816814,3.6241443345460342
2025-09-01,0.0033855523472950777,0.0012951153311835384,2.7291157592028448,3.6288410601803203
2025-09-02,0.0009106520810462572,-0.022002580841032682,2.731602166102359,3.549869170014442
2025-09-03,0.00010872779589721606,0.007072221715031191,2.7318991833318695,3.575063617191309
2025-09-04,-0.0010240704190758814,0.007553572848273404,2.7291029582004143,3.6021703681856447
2025-09-05,0.0016840167248698395,0.0046829500115137535,2.7337026851474344,3.619078711516096
2025-09-08,0.00041619261873513893,0.00503930793655627,2.7348406688205853,3.637362393449546
2025-09-09,0.00157204379158524,-0.004057230542425572,2.7391433392220184,3.622634672735016
2025-09-10,0.0021442340891764345,-0.0029027820041331864,2.745023005182447,3.61213420166189
2025-09-11,0.0016290361605040518,0.007388834387203502,2.749498391212426,3.638922508367965
2025-09-12,0.00024503689504833776,-0.003157973629239308,2.7501722023120676,3.6274490130807053
2025-09-15,-0.0002186809419745979,0.000979812370401234,2.7495708578179605,3.63100497429963
2025-09-16,0.0031307568975930955,-0.007172242053249178,2.758192584970117,3.6050556962172524
2025-09-17,-0.00033017947455339473,0.005933459473226321,2.757282036722138,3.6265097334773633
2025-09-18,0.001269494913880303,0.004900102401231621,2.76078461502616,3.6443236118003615
2025-09-19,0.0025299948418491904,-0.006284069176588858,2.76777822903488,3.6214942359372415
2025-09-22,-0.0005615378048086897,0.0003241731239480572,2.76622445321671,3.6226684173458104
2025-09-23,0.0032583511156973376,0.004550470554374186,2.7752524840097843,3.639190827166406
2025-09-24,-0.0004457974690365612,-0.00022589784246562772,2.7740155592059335,3.6383688346568914
2025-09-25,0.0018804479552803782,-0.00474600017407667,2.7792368587445995,3.6211420470381843
2025-09-26,-0.0001953759968915265,0.004330985873183479,2.7786939156134793,3.6368591728458735
2025-09-29,-0.0006896237252138745,0.00849642293173325,2.7767783229591543,3.667891110072383
2025-09-30,-0.002749468197441713,0.006795489936463284,2.7691541452888115,3.692901108551418
2025-10-01,3.519821305894108e-05,0.0015476856886706969,2.7692516162818026,3.698620983889651
2025-10-02,-0.00018380812175369367,-0.0001087800758501345,2.7687426521208565,3.698218669500774
2025-10-03,0.00022223292511528716,0.0067939764774482825,2.7693580262749955,3.7234298251742497
2025-10-06,0.0004903752787602958,-0.0044201589086227955,2.770716384014425,3.707007993950865
2025-10-07,-0.0012121800194572724,-0.004394244925830293,2.7673598117700506,3.690754230546295
2025-10-08,0.0004891600494743222,0.0017709325914694318,2.7687138247700234,3.697296098394045
2025-10-09,0.0009777271552709635,0.0004989272989615046,2.7714221952696114,3.6991412406075126
2025-10-10,0.0019181428695425403,-0.011447042356413917,2.7767432806614845,3.6570384501002
2025-10-13,0.00037840263117023474,0.011968382147703238,2.7777942064489722,3.7010702529215878
2025-10-14,-0.0013603763665249998,-0.00163753792900323,2.7740179300204244,3.6950145695633236
2025-10-15,0.003256052928569695,-0.00032687172260814634,2.783065000101894,3.6938069711615453
2025-10-16,-0.0017286731211582764,-0.001345057918900494,2.7782581463782274,3.688841926728816
2025-10-17,-0.0015945355670065559,-0.009521636538936562,2.7738316449943294,3.653884803270144
2025-10-20,-0.0019785815121846893,0.0039173961646312705,2.768348818881495,3.6682265904748315
2025-10-21,-0.0001245276664549646,0.001818350884766673,2.7680041043268413,3.6749027815305895
2025-10-22,-0.0019973906877599743,0.014568170113179235,2.7624808366032245,3.728831256224219
2025-10-23,0.0008649895469458335,0.0059025093735805,2.7648713874021986,3.750905801181827
2025-10-24,0.0005018963185114456,0.007467092592628788,2.7662594144663935,3.779018993383514
2025-10-27,0.0008702094093272683,-0.0007770784463136948,2.768667687136296,3.776083539862091
2025-10-28,0.00197973229227367,-0.0012179143849539997,2.774154337220265,3.7714873928250285
2025-10-29,-0.003267935090828833,-0.001593453071214057,2.7651033779429013,3.765482490191742
2025-10-30,0.00021486603907724112,-0.007691554176011195,2.7656975685867677,3.736631175581153
2025-10-31,-0.002205635783362538,-0.004738239506439257,2.759604169443409,3.7189680013451962
2025-11-03,-0.0028479458622604086,-0.0028048685539090457,2.751756146843786,3.708551400372681
2025-11-04,-0.0012403378745783145,-0.005142373074667361,2.7483451553015517,3.689529596030325
2025-11-05,0.0026359708924103796,0.004486313447271684,2.7555992697501535,3.7061191674549248
2025-11-06,-0.001028213727701213,-0.008609279162905992,2.752767380895946,3.6743491078195194
2025-11-07,0.0009801543308379174,-0.006025862046570296,2.755466840493513,3.6522745628619058
2025-11-10,-0.0003876242169399285,0.008911481502922314,2.7543989617983553,3.6849671936040496
2025-11-11,0.0004984353485150132,0.0082324587215723,2.7557721938100865,3.7154287486228776
2025-11-12,0.0009724335453426514,-0.0006593448609280017,2.7584533025234186,3.712979807208517
2025-11-13,0.000680047917052642,-0.006335767601362008,2.7603298209349862,3.689529596030325
2025-11-14,0.00010886354721923542,-0.008029256452767086,2.7606303365880915,3.66002402911144
2025-11-17,-0.0022195294140185074,-0.006054111176506893,2.75450983118831,3.6379327756572257
2025-11-18,0.0006777853941068565,-0.012205353336346647,2.756377430564106,3.5938003942386163
2025-11-19,-0.001429696448500406,-0.000588349457876447,2.7524394632606133,3.5916866056091217
2025-11-20,0.0009516049694489825,-0.0012991140552465197,2.755059944965917,3.587023624585636
2025-11-21,0.00030724318789812817,-0.0009825067631794582,2.7559065484161707,3.583501080359924
2025-11-24,0.001194857946298099,0.002253617260057794,2.7592014333225023,3.5915860270119073
2025-11-25,-0.0013816097164555986,0.009565751030242708,2.7553919260446804,3.626107091470908
2025-11-26,-0.0010511463846976524,0.012325753050655308,2.752497127478258,3.6710781738956446
2025-11-27,-0.0022508697806793,0.009368602075094046,2.746308582290097,3.705632655347858
2025-11-28,-0.0035212908439497836,0.003330536988819688,2.73665503746903,3.7179949771310605
2025-12-01,0.0013799285812711199,-0.006540571550690544,2.7404340327444436,3.6937565180541414
2025-12-02,0.0018439599646615204,-0.0017589479470441205,2.745491945247546,3.687265103313792
2025-12-03,0.005758054702569653,0.0008866962055140704,2.761346239195332,3.6905360372376657
2025-12-04,0.002924010343833066,0.003153896766015407,2.769432260205001,3.7021939812227638
2025-12-05,0.000449960452143458,-0.00031720856729222646,2.7706786755947705,3.701019799814189
2025-12-08,0.004148724614563356,-0.006488518521500453,2.7821973357682372,3.6770834041465053
2025-12-09,0.00042237537710605586,-0.000556744728836378,2.783372715625397,3.6750367771210244
2025-12-10,-0.0030572151368427817,-0.0035710797675498895,2.7748763406684334,3.661936332928915
2025-12-11,0.0020281823121828806,0.0009660308542454032,2.78051000690099,3.6654755856512313
2025-12-12,-0.0032104307308436584,0.0011205456828715654,2.7715976859767455,3.6695852205812307
2025-12-15,-0.0016123541327175295,0.007858730053238006,2.7671324896997085,3.6985371137890386
2025-12-16,-0.004392626110356323,-0.00037192931716312216,2.7550041683666087,3.697161775186033
2025-12-17,-0.00011895268286894701,0.005601124862554485,2.754676472719991,3.717928143144635
2025-12-18,-0.0008921410962967559,0.0072285044357691675,2.7522200085509225,3.744900570930963
2025-12-19,0.00269886217695797,-0.0005779965331473846,2.759657903446559,3.742736656811656
2025-12-22,-0.006016309396543771,0.001343622744975903,2.7431047919206577,3.7477688628483845
2025-12-23,0.0026661231612050617,0.00030879551335516453,2.7504280050962286,3.748926335760348
2025-12-24,0.000502026076204804,-0.001571714952611103,2.751809138328952,3.743038720220894
2025-12-29,0.0006150504668394323,0.004159032872232515,2.7535021604177765,3.758638558934756
2025-12-30,-0.0003018531774486386,0.006711795195746717,2.752671132472066,3.783950620823031
2025-12-31,0.0004856570107191903,-0.003908614509224861,2.754008311184581,3.769189483115283
2026-01-02,0.0005978096083219899,-0.0027273509721315037,2.7556551760211714,3.7589235862298094
2026-01-05,0.0008804450479311792,0.008208421666337173,2.7580824473574204,3.78990539796649
2026-01-06,0.0015691415633711319,0.008725251190250916,2.762413666420003,3.823117957808913
2026-01-07,0.0037307108152490123,0.00389293825928938,2.772738680807462,3.8380301272212773
2026-01-08,-0.0017960537230276522,0.0005024785233853635,2.767763162663264,3.8399591395353547
2026-01-09,0.0009586199332482566,0.00629232760294407,2.7704176677289576,3.8641975986122774
2026-01-12,0.0015629264273825509,4.323914618353797e-06,2.7747510121839203,3.8642143071088855
2026-01-13,0.0013538892729986498,-0.004563980074458129,2.7785102620443585,3.8466182944769343
2026-01-14,0.0015646878706418012,0.001102687702053018,2.782861166365768,3.8508622526149434
2026-01-15,0.002304110600471445,0.013958620115047893,2.789280578957117,3.9049918845030107
2026-01-16,0.0012819697723499804,0.0013479051977771661,2.792858645342388,3.9102589923449673
2026-01-19,0.0005891194484998314,-0.00859918464477083,2.7945044574296247,3.876778113704103
2026-01-20,0.0016683241924005138,-0.00668122254770509,2.7991704879652892,3.8509628312121613
2026-01-21,0.00315386459411227,0.004927333830330838,2.808012628788311,3.869984635554519
2026-01-22,0.0010566388927676742,0.01290222073595615,2.8109812522485726,3.9202395343178145
2026-01-23,0.0038561251166803006,-0.0022875238159443256,2.821841673772395,3.911282142048922
2026-01-26,0.001424996888859574,0.001465601529236693,2.8258656557783643,3.9170187258837625
2026-01-27,4.228394671144237e-05,0.00223719477787121,2.8259851470574304,3.925791669454828
2026-01-28,-4.732850688492912e-05,-0.000572732370963891,2.825851400564977,3.923543885234907
2026-01-29,0.0005505163569636271,-0.005237981874564923,2.8274075062748594,3.90304616369232
2026-01-30,0.0009137395441869457,-0.0006448589808609739,2.829992201009934,3.9005300606739537
2026-02-02,-0.0006806252616238355,0.007399394025400241,2.828066692177037,3.929498662378371
2026-02-03,0.00032592761357722906,-0.005809493451190306,2.828988587432455,3.906736448119257
2026-02-04,0.003790555778358875,0.0018359303230646162,2.8397323760703364,3.913915532161114
2026-02-05,-0.0028237380308933427,-0.009897395845074541,2.831725026411893,3.875369030490301
2026-02-06,0.0005850616425547261,0.004512945030558768,2.833382244847307,3.8928978815182482
2026-02-09,0.002558247071368977,0.005675872076050581,2.840640016305261,3.9150562965764664
2026-02-10,-0.0005748982426896205,0.005524590539002006,2.839007406688939,3.9367452356418107
2026-02-11,0.0012613348417588963,-0.002252315314716924,2.842590604978369,3.9278884219701338
2026-02-12,-1.9850266483958023e-05,-0.00477297225799056,2.842534179357389,3.9091853895336146
2026-02-13,0.005117358239707534,0.00523411252676631,2.8571177278574478,3.9297001471903843
2026-02-16,0.0007774453376187063,-0.0022135770311582093,2.8593398443891425,3.921011073719935
2026-02-17,-0.0017124768107700129,0.007683642486055575,2.8544474814361718,3.9512547630477144
2026-02-18,-0.00014135272079410889,0.0055289524548083335,2.854044026033738,3.9731615678041012
2026-02-19,0.00032608278965843765,-0.004777860489143748,2.8549748324232795,3.9542236335623575
2026-02-20,-0.00012094078155847461,0.007526680414260412,2.8546295704142657,3.984098097876899
2026-02-23,0.0010273328338398762,-0.008664230109907578,2.85756373202262,3.9497280651225126
2026-02-24,0.001678628981622036,-0.0019426766401444695,2.8623645495884658,3.9420624689735866
2026-02-25,0.0007466022511894332,0.005766093357209456,2.864502395365843,3.9648584278434953
2026-02-26,-0.00031009039082319743,0.003467347931358944,2.8636142784039342,3.978629832840498
2026-02-27,-0.006617200407880203,0.0016091948227412445,2.8447277258006065,3.98503737748024
2026-03-02,0.0036005361976919623,-0.01414156509374287,2.8549887324276364,3.929079311875311
2026-03-03,0.003664665166891559,-0.031634693646850565,2.865470504549175,3.8067295435787463
2026-03-04,-0.00012119134690332306,0.008883410445010398,2.8651232553614405,3.8406969343266772
2026-03-05,-0.00017742780256084772,-0.008619060646733345,2.8646149479334446,3.807735984786091
2026-03-06,-0.00023264523163228428,-0.008813947938039135,2.8639485864412624,3.7743222677492367
2026-03-09,0.0014972747954338913,-0.01806813836690324,2.8682399163234917,3.706739675152423
2026-03-10,0.002309329880735317,0.017681448850581205,2.8748712825263443,3.7728630590456143
2026-03-11,-0.0012912191495797465,-0.004947239469544229,2.8711615892027136,3.7542438967097116
2026-03-12,0.00100865239154354,-0.009544474812326342,2.8740590542280327,3.7185820678353516
2026-03-13,-0.004870927543210954,-0.004412306127198562,2.860093760398786,3.7022106897193683
2026-03-16,0.0035911385831968717,-0.002204384739989962,2.8703832178291324,3.694058581463379
2026-03-17,-0.000340073802085448,0.007423827424474894,2.869407241656173,3.7215846829607795
2026-03-18,0.0005868501385346092,-0.004779997408277836,2.8710916478921265,3.7038379662417924
2026-03-19,0.0037635840953004276,-0.023868741977214114,2.8819176021702106,3.616478738397115
2026-03-20,0.0015585248938541935,-0.010162783846423551,2.886412644402967,3.5799113745302042
2026-03-23,0.0008813781393743452,-0.00447540977139127,2.8889577868606584,3.5639256023064907
2026-03-24,0.0010699699547772122,-0.005233230252818188,2.8920505391741873,3.5453234760847785
2026-03-25,0.00023958901620595358,0.015944428316190695,2.8927435257303546,3.602304691393654
2026-03-26,0.0015846324062340504,-0.008388811469677293,2.897331094709414,3.572212033770494
2026-03-27,0.0005955746745046158,-0.015679060883650564,2.8990571856900926,3.5166399016754077
2026-03-30,-0.005107142857142856,-0.0004914576944425875,2.8842890301315243,3.5149120465557697
