,strategy_log,benchmark_log,strategy_eq,benchmark_eq
2002-01-03,0.0,0.017442914703778456,1.0,1.017595930727555
2002-01-04,0.0,0.012091736582206636,1.0,1.0299751248161548
2002-01-07,0.0,0.0015785127264305032,1.0,1.0316022375297902
2002-01-08,0.0,-0.00850764822084571,1.0,1.0228629566651217
2002-01-09,0.0,-0.003696618991211764,1.0,1.0190888021375726
2002-01-10,0.0,-0.005992804214089986,1.0,1.012999865594887
2002-01-11,0.0,0.00357032679521474,1.0,1.0166230703222119
2002-01-14,0.0,-0.00846713034570179,1.0,1.0080515296587682
2002-01-15,0.0,-0.0006658233042724504,1.0,1.0073805688538715
2002-01-16,0.0,-0.01324167429944545,1.0,0.9941290929571472
2002-01-17,0.0,0.0032511807433461826,1.0,0.9973664460790188
2002-01-18,0.0,0.0003027330610958501,1.0,0.997668427583861
2002-01-21,0.0,-0.002761242704831801,1.0,0.9949174227602646
2002-01-22,0.0,0.0013478680899741136,1.0,0.9962593443700599
2002-01-23,0.0,-0.0034237327190709266,1.0,0.9928542510469635
2002-01-24,0.0,0.002075864629096813,1.0,0.9949174227602646
2002-01-25,0.0,-0.005358811781446704,1.0,0.989600107524089
2002-01-28,0.0,0.0003727874785930396,1.0,0.9899690868241466
2002-01-29,0.0,-0.006885967368404522,1.0,0.9831756086745592
2002-01-30,0.0,-0.012031830943893596,1.0,0.9714170860922487
2002-01-31,0.00048564543328522805,0.009965375424371814,1.000485763378121,0.9811460177632614
2002-02-01,-0.0001802455883488682,0.0009568711213692183,1.0003054464842167,0.9820852973666019
2002-02-04,0.0025580393647890243,-0.004536475136333706,1.0028675427676073,0.9776401820341558
2002-02-05,0.0006734783530955839,-0.010261276368222383,1.0035431798366161,0.9676596400613076
2002-02-06,-0.0011986369145903378,-0.002169179499539098,1.0023410165584519,0.9655628875460021
2002-02-07,-0.0017767703453843511,0.0004515940264333551,1.0005616679792673,0.965999028450065
2002-02-08,0.002559047909128574,0.0055239502790698225,1.0031254322223109,0.9713499244882428
2002-02-11,0.002787637175177336,0.005236042039282296,1.005925683197021,0.9764492921289794
2002-02-12,-0.0013946403367041788,0.0010130066533129423,1.0045237564825118,0.9774389429353242
2002-02-13,-0.0008554980538108426,-0.0023711040084730683,1.003664755852908,0.9751240790157915
2002-02-14,-0.005571931617530446,0.0008426068718438984,0.9980879556693041,0.9759460715253055
2002-02-15,0.001793442236075078,0.002454755787798746,0.9998795748668703,0.9783447236410555
2002-02-18,-0.0034480089777672493,-0.0022657788806839108,0.9964379179577576,0.9761305202231366
2002-02-19,0.0005182139306451405,-0.007520451033043329,0.9969544197855288,0.9688171129732703
2002-02-20,-0.003076791478574135,-0.008520012301298507,0.9938917129934152,0.9605978431132777
2002-02-21,0.0010734337251216061,0.0019537900142285736,0.9949591626930167,0.9624764842243528
2002-02-22,0.00014701992548202692,-0.008804889002540506,0.9951054522684512,0.9540391848645258
2002-02-25,-0.0015824392443738917,0.00842145101629832,0.9935320036202773,0.962107504924297
2002-02-26,0.002061180837530976,0.009146063284266148,0.9955819646920867,0.9709473643861832
2002-02-27,-0.00015328214697425636,0.008635160789157936,0.9954293714462588,0.9793679552494045
2002-02-28,-0.003273715768714388,-0.0007881873543027496,0.992175946915545,0.9785963339428924
2002-03-01,0.0006677762827301926,0.006219886537985886,0.992838719748551,0.9847020608865806
2002-03-04,0.0023032009117153105,0.016572881569441478,0.9951280621888305,1.0011573910075693
2002-03-05,-0.0012931262290073384,-0.0006871921915312384,0.9938420676462303,1.0004696398016693
2002-03-06,-0.0005536131070167799,0.0015580862573028043,0.9932920159232471,1.002029672815694
2002-03-07,0.002868348633266298,0.016733147693932082,0.9961452137463876,1.018937852337351
2002-03-08,0.0020808378814004707,0.004566035975377858,0.9982201885369001,1.0236009971696287
2002-03-11,0.0011143768552105146,0.0026839702921677144,0.9993332020544796,1.026352001993225
2002-03-12,0.0014066665569820122,-0.005736591959387027,1.000739919808544,1.0204810949503718
2002-03-13,0.0019276191024637267,-0.0004439394828459342,1.0026708256221393,1.0200281636453088
2002-03-14,0.0005141047816017297,-0.001777570504582826,1.003186436015492,1.018216602233843
2002-03-15,-0.001767919978133756,-0.0003460282949863114,1.0014144495001829,1.017864331430393
2002-03-18,0.0011080280314025022,0.004423205594831003,1.0025246597397275,1.0223765264624496
2002-03-19,0.0007702912428815563,8.20310898284049e-05,1.0032971932055812,1.0224603965630612
2002-03-20,0.002162343043683554,0.0026542048240223437,1.0054690131757222,1.0251778205846545
2002-03-21,0.002679515386916401,0.0022717279120065825,1.0081667956282616,1.0275093930007937
2002-03-22,0.0001492335818241742,0.000832241023589475,1.0083172591970788,1.0283648844079167
2002-03-25,-0.0005102826853525498,-0.003185782577906693,1.0078028636131104,1.0250939504840424
2002-03-26,0.0011680218791900532,-0.0014246619197972876,1.0089806871356366,1.0236345779716318
2002-03-27,-0.001322539803905107,0.003876164205172117,1.0076471520365275,1.0276100535024082
2002-03-28,-0.0030969886385657534,0.008015163405781678,1.0045313076128035,1.0358796126610097
2002-04-02,0.002565935008196795,0.0036529583321573966,1.0071121794204554,1.0396705575895606
2002-04-03,-0.003409415371435988,-0.003102562933520403,1.0036843624216056,1.0364499129642946
2002-04-04,-0.0006521257763672256,-0.0051110339795563675,1.0030300473485847,1.0311660966257266
2002-04-05,0.0036269510309051307,0.006146265222493952,1.006674593512814,1.0375234338712518
2002-04-08,-0.002666620071397013,-0.00748100521295747,1.0039937508194463,1.0297906761183238
2002-04-09,0.000523794654896984,0.0023428199575512565,1.0045197751320105,1.0322061186350768
2002-04-10,0.0034909851955973134,0.0020292708574629614,1.0080326669547273,1.0343028711503803
2002-04-11,-0.0020829218215905206,-0.0029234562593423163,1.0059351989051697,1.0312835475283422
2002-04-12,-0.0005620176772021528,-0.0012369348119189993,1.005370004380799,1.0300087056181575
2002-04-15,-0.0006232569786794743,0.0010905532963949582,1.0047435957364705,1.0311325977281198
2002-04-16,0.0011195703897461657,0.002015130861741099,1.0058691068424348,1.033212559842422
2002-04-17,-0.0006124673245072365,0.0039049731771978458,1.005253233502163,1.037255115072808
2002-04-18,0.0008029330763373278,-0.0027367962712006033,1.0060607087043292,1.034420240148601
2002-04-19,-8.97622281369971e-05,0.0026397464858884945,1.0059704065063988,1.0371544545711955
2002-04-22,0.0006723481989465393,0.0006143580932924664,1.0066469963238915,1.0377918345740897
2002-04-23,0.0001556067094205683,-0.0010187677756015034,1.0068036495383672,1.036735104068134
2002-04-24,-0.0016012232172572265,0.0008733043268644991,1.005192822150782,1.037640884773867
2002-04-25,-0.00041350437883940524,-0.008001504043267715,1.0047772564422859,1.0293713256152643
2002-04-26,0.0012657475529711845,-0.0037223187620334386,1.0060498560209057,1.0255467998847108
2002-04-29,-0.0006005016718150535,-0.001522250109804446,1.0054459027560574,1.0239868487750832
2002-04-30,-0.007199996250331832,0.003123919552447063,0.9982326947226982,1.0271907029993472
2002-05-01,0.0026402550076104914,-0.0012255003226009364,1.0008717659711714,1.0259326514901645
2002-05-02,-0.0009852067213610735,0.00793087946628468,0.9998861859598615,1.0341015501471538
2002-05-03,-0.0037234232662027925,0.0008593839130597303,0.9961701090284262,1.0349906223562795
2002-05-07,0.0025118373746385227,-0.00715659646681388,0.9986754715541336,1.0276100535024082
2002-05-08,0.0036807915830534364,0.008484634976692718,1.0023581612728665,1.0363660428636818
2002-05-09,-0.006816717060441554,-0.0008419487835258366,0.9955486050718516,1.0354938429599527
2002-05-10,-0.005204734100720143,-0.0021730959050412224,0.9903805002704291,1.0332460587400307
2002-05-13,0.0009771563506444836,-0.0024543243455052988,0.9913487298446199,1.0307132472250593
2002-05-14,-6.357878056640221e-06,0.0016260958885609966,0.9913424269903204,1.0323906492373012
2002-05-15,-0.002589395167974017,0.0009743898345835333,0.9887787702926327,1.0333970904446486
2002-05-16,-0.005335002899516281,0.0,0.9835176791329747,1.0333970904446486
2002-05-17,-0.0012794685372711236,0.0018000587670119472,0.9822601038922094,1.0352589411547224
2002-05-20,-0.0014574225089931704,0.00037264079792720395,0.9808295786002037,1.0356447927601757
2002-05-21,-0.00018975129108051532,0.00021050320940929623,0.9806434825778729,1.0358628222600095
2002-05-22,0.00115317606778568,-0.008652100975927723,0.9817749894609495,1.0269390926975106
2002-05-23,0.0003863618050370333,-0.0029936458052386428,0.9821543831049049,1.0238693978724676
2002-05-24,-0.0006883973167403187,0.0010152604953450606,0.9814785033265548,1.0249094198818165
2002-05-27,0.003317193325293757,0.00035994683083195866,0.9847396632252122,1.025278399181874
2002-05-28,-0.003422173435705196,-0.007669620595326165,0.9813754730130706,1.017444980927332
2002-05-29,0.0006922671447857142,-0.003815648284446027,0.9820550822181571,1.0135701658981715
2002-05-30,-2.4676152529141558e-05,-0.005759241145646854,0.9820308491761466,1.0077495481539285
2002-05-31,-0.006518360480369108,0.006834376674921927,0.9756504356076459,1.0146604772061287
2002-06-05,-0.0013443772234715723,-0.007716920011505479,0.9743396746599436,1.0068605578491967
2002-06-06,7.321943576609456e-05,0.0008659631901046794,0.9744110178729898,1.007732839657321
2002-06-07,-0.0009171101376800576,-0.00756894409671105,0.9735177853091586,1.0001341593992203
2002-06-10,-0.00035389259634825606,-0.00033549167167379323,0.9731733255270026,0.9997986789967725
2002-06-11,-0.0031950012754211263,0.0012910586212981912,0.9700689973177886,1.0010903113079581
2002-06-12,0.0009665020991699515,-0.009647482152274733,0.9710070242695252,0.9914787486351658
2002-06-13,-0.0027380755424122713,-0.008989992087625964,0.9683519702129081,0.982605308371276
2002-06-14,-0.002471414414477684,-0.029116097107566574,0.9659617260539823,0.9544081641645831
2002-06-17,0.002847691004503842,0.009219591772295033,0.9687164069504114,0.9632481055308648
2002-06-18,-0.006312377851449394,-0.005377918736353848,0.9626207622059126,0.9580817400949114
2002-06-19,0.002489830526166177,-0.015118026777097171,0.9650205110089655,0.9437063720882274
2002-06-20,-0.000702573308170029,-0.013690876457769008,0.9643427514718531,0.9308742466945632
2002-06-21,0.011444698367964887,0.001008608699413216,0.9754427603551884,0.9318136082022996
2002-06-24,-0.0008872468737798041,-0.01042299886253062,0.97457768563968,0.9221517562308972
2002-06-25,-0.00516204340544865,0.006888452870605022,0.9695598356465798,0.9285258838774225
2002-06-26,0.008563343235887054,-0.023875964853065312,0.97789816032041,0.9066189972166427
2002-06-27,0.0031799917339874603,0.006123821648316152,0.9810128180551277,0.91218800465905
2002-06-28,-0.0014974948592600453,0.0106999839211106,0.9795448558105038,0.9220008064306744
2002-07-01,0.0017126297167621841,0.00025465270930880024,0.9812238908116874,0.9222356263315098
2002-07-02,-0.0016698137419289914,-0.01830033673259912,0.9795867968762655,0.9055118955076833
2002-07-03,-0.0014636990868568452,-0.022044306891372045,0.978154025405127,0.8857689229662126
2002-07-04,0.002087869466070983,0.006041629865709552,0.980198416796407,0.8911366094053924
2002-07-05,0.0005350169256611477,0.014055726098625598,0.9807229798524434,0.9037506233948271
2002-07-08,-0.0005748568212294023,0.0003711401602295439,0.9801593665717292,0.9040861037972757
2002-07-09,0.0003146287820433019,-0.011588580237310353,0.9804678014381408,0.89366950282476
2002-07-10,0.0018313481296596487,-0.016350140104099964,0.9822650244807257,0.879176683915459
2002-07-11,-0.0035714763553106555,-0.034195621779643304,0.9787631453327664,0.8496209096023642
2002-07-12,-0.0005399104110827232,0.0002961003547365948,0.9782348435512667,0.8498725199042007
2002-07-15,-0.003915156189547579,-0.030703853830765127,0.9744123889847237,0.8241746883148711
2002-07-16,0.0001283223020529696,-0.018259044168264182,0.9745374358486063,0.8092626008069058
2002-07-17,-0.0006947195803328475,0.009715342798548576,0.9738606407287861,0.8171631806654518
2002-07-18,-0.0048533720580789174,0.016449842568574624,0.96914558392443,0.830716556162622
2002-07-19,-0.0012150319351638813,-0.016983710644861816,0.9679687561765662,0.8167270397613888
2002-07-22,-0.0008914574030337666,-0.019096797095645712,0.9671062377692969,0.8012781508477477
2002-07-23,0.0010984273199345271,-0.012767227633707634,0.9681691173232443,0.791113078272672
2002-07-24,-0.00532058489440938,-0.0280817440685599,0.9630315708382252,0.7692062735162876
2002-07-25,0.0009505365101153502,0.014741239799667127,0.9639474027035573,0.7806293156961495
2002-07-26,0.0013984405792694921,-0.005624021584518246,0.9652963688724541,0.7762513619677103
2002-07-29,-0.0019971054009687854,0.023639478753278098,0.9633704940082911,0.7948201531006094
2002-07-30,-0.0007992026074775287,0.0033709791590528226,0.962600873379884,0.7975039963201991
2002-07-31,-0.0034027569879126526,0.006122936997188688,0.959330943075659,0.8024020429577089
2002-08-01,0.00034799677347343953,-0.011775726714747137,0.9596648452436114,0.7930085916891446
2002-08-02,0.0018762711387168588,-0.01026921045937712,0.9614671269514309,0.7849066908273709
2002-08-05,0.0011431930840641762,-0.01946453665795822,0.9625668980270874,0.769776573819571
2002-08-06,0.001339077894844083,-0.0033832853754489634,0.9638567134714853,0.7671766007005938
2002-08-07,0.00010159517808081865,0.010764834551455493,0.9639546416403655,0.7754797406611998
2002-08-08,-0.0005732727742844283,0.01058591711970891,0.9634021910562373,0.7837325094188003
2002-08-09,0.002441626822477884,0.010771583038424737,0.9657573337064637,0.7922201799816316
2002-08-12,0.002249434090447117,-0.004541390294381387,0.9679321863527901,0.7886305560563098
2002-08-13,0.001537916439934291,0.004583777614417528,0.9694219304322521,0.7922537607836346
2002-08-14,-0.005122585412986082,-0.0024165658069090767,0.9644686813446164,0.7903415388705561
2002-08-15,0.0015380833444669784,0.01545812519403178,0.965953255966731,0.8026536532595446
2002-08-16,0.0019281147493414922,0.005003032993283085,0.9678175213679898,0.8066794180889288
2002-08-19,-0.0012256425595199654,0.012501841522023938,0.9666320496546459,0.8168277002630024
2002-08-20,-0.0003181580281890644,0.0007594673549284892,0.9663245568259932,0.817448289864896
2002-08-21,-0.000947978610203537,0.008032067494250228,0.9654089358787139,0.82404052891565
2002-08-22,-0.0011029668372217762,0.0118378101306984,0.9643447088495315,0.8338533306872746
2002-08-23,0.0005507394789086083,0.001266483495916404,0.9648759578284366,0.8349100611932297
2002-08-27,-0.0007509287482037898,0.006847598147667,0.9641516767090446,0.8406468088368613
2002-08-28,0.0007718877899761582,-0.015280979046966792,0.9648961809158694,0.8278985535438099
2002-08-29,0.0011959371267109941,-0.014530907779331415,0.9660508263861205,0.8159554184548784
2002-08-30,-0.0041870648547872105,-0.0011519044027092917,0.9620143652823376,0.8150160569471426
2002-09-02,-0.003475528676528422,-0.0014622543926723353,0.9586766602730642,0.8138251670419662
2002-09-03,-0.0015270776715873013,-0.014449398262526003,0.9572138037829083,0.8021504326558723
2002-09-04,-0.007643077198668172,-0.009539069043405846,0.9499256322927991,0.7945350439011652
2002-09-05,-0.00012091821794645973,-0.012961806023710665,0.9498107759224144,0.784302891626479
2002-09-06,0.0016945444288698295,0.008073042080170012,0.9514216369335473,0.7906602288720039
2002-09-09,0.0007268371440244296,-0.004422590382709757,0.9521134168941293,0.7871711835439001
2002-09-10,-0.006539245821016157,0.010197592880917483,0.9459076259220948,0.7952395036036708
2002-09-11,-0.0009328655527206316,0.005595087990078795,0.9450256327363087,0.7997014093371169
2002-09-12,-0.0009607436961818539,-0.009864923432708395,0.9441181413200591,0.7918512006815756
2002-09-13,0.0033171225058243503,-0.010798063378922862,0.9472550968112136,0.783346739717742
2002-09-16,0.004497408786381507,-0.0022724081567169208,0.9515248844999219,0.7815686772038853
2002-09-17,-0.00284555262074373,-0.0010091597429333632,0.9488211190489664,0.7807803474007674
2002-09-18,-0.0015215014363301775,-0.022948071114374358,0.947378584041341,0.7630669657705974
2002-09-19,-0.0044261696007309136,-0.0143024260908593,0.9431945921119229,0.752230932390625
2002-09-20,-0.001187920729514081,-0.000914700216798181,0.94207481693774,0.7515431811847257
2002-09-23,-0.003912974097490776,-0.015542920035805707,0.9383957054095707,0.7399523168992433
2002-09-24,-0.0005897822317854815,-0.024438752501110272,0.9378424194712822,0.7220879854688501
2002-09-25,0.0011813973658651056,0.006990976410298444,0.938951038766258,0.7271537723075837
2002-09-26,0.003189588554153063,0.01037281980368121,0.9419506875320313,0.7347356621646819
2002-09-27,-0.0035927415953399926,0.006734862629677707,0.9385725740941715,0.7397007065974074
2002-09-30,-0.015638618441080013,-0.028218756207554208,0.9240087714220109,0.7191190330498154
2002-10-01,0.002446088157394548,-0.004324608953163889,0.9262717449231095,0.7160158393271644
2002-10-02,0.005014462967295038,-0.004319840898805438,0.9309281652522543,0.7129294360055154
2002-10-03,8.831264665050344e-05,-0.005544493651921556,0.931010381612688,0.7089875412767431
2002-10-04,0.0010361014308951186,-0.010297303260488277,0.9319755026965846,0.7017243414210922
2002-10-07,-0.005631674378082476,-0.007750906807229896,0.9267416715862313,0.6963063656833028
2002-10-08,0.0007921624018867229,0.0032468731538841666,0.927476092346575,0.6985708583998314
2002-10-09,0.0006192997647877604,-0.008100747625958249,0.9280506559676056,0.6929347712578146
2002-10-10,0.0023806818777604506,-0.010145690211396996,0.9302626813655523,0.6859400130571984
2002-10-11,0.0012604279042178943,0.024064328117789913,0.9314359496621193,0.7026469125278259
2002-10-14,-0.0010580007999984207,-0.003946759906636288,0.9304510108071533,0.6998791992076236
2002-10-15,-0.0039882656531152905,0.03186630300556281,0.9267475151701308,0.7225409167739129
2002-10-16,-0.017925904566767615,0.001786029244897236,0.9102827415303583,0.7238325490850984
2002-10-17,-0.017059325611585543,0.012939582929295312,0.8948856373551695,0.7332594992512712
2002-10-18,-0.0007561777632244543,4.5795565030815055e-05,0.8942092005210511,0.7332930800532738
2002-10-21,0.0029940961985792823,0.005861574633097888,0.8968905610115789,0.7376039540821029
2002-10-22,-0.0007344646233507445,0.003654673547359266,0.8962320684728373,0.7403045877026931
2002-10-23,-0.0010610093457776545,-0.004906223981958391,0.8952816621563533,0.7366813829753688
2002-10-24,-0.0006229391662172852,0.003545802918512919,0.8947241298165948,0.7392981464953481
2002-10-25,5.5280095880087235e-05,-0.003409171767765784,0.8947735916193913,0.7367820434769822
2002-10-28,0.0016483643138044876,0.009110588866390046,0.8962497207418022,0.7435252323279595
2002-10-29,-0.00565012027307076,-0.015024568503156033,0.8912000809945173,0.73243758864615
2002-10-30,-0.001044624516512271,0.004911769541333655,0.8902695976282762,0.7360440029724741
2002-10-31,-0.013544675091697808,0.006745700461738835,0.8782924813663489,0.7410259197105948
2002-11-01,0.0002985744704596335,-0.0009058586626355947,0.8785547562312226,0.7403549589056976
2002-11-04,0.0008043563224493747,0.021761093865046988,0.8792617115879044,0.7566424669210668
2002-11-05,0.002291518234016572,-0.006628242273128748,0.8812788661229973,0.7516438416863386
2002-11-06,-0.008903256587924731,0.00793544614246322,0.8734674394201141,0.757632199631807
2002-11-07,0.00017850984500126978,-2.216192377346715e-05,0.8736233758750207,0.7576154092308048
2002-11-08,-0.0015945434841951418,-0.005750884922870014,0.8722314554471242,0.7532709543999739
2002-11-11,-0.0008192754981848438,-0.01007125428481892,0.8715171502332644,0.7457226453448775
2002-11-12,-0.00666705020000879,0.003794196886522272,0.8657260279450487,0.7485574383646898
2002-11-13,-4.741860808549312e-05,-0.0076706514340276755,0.8656849773951079,0.7428374811220605
2002-11-14,-0.0035046720331045737,-0.0005420690660322691,0.8626563457456597,0.7424349210200015
2002-11-15,-0.0076785587514984766,0.005227879335064856,0.8560577545687049,0.7463264445457686
2002-11-18,0.005499468971169524,0.012196929885101682,0.8607785867644466,0.7554850759134983
2002-11-19,-0.0006429924535498274,-0.008719289674509412,0.8602252905306941,0.7489264176647468
2002-11-20,0.007750407679820697,-0.004579521992285507,0.8669182904644931,0.7455045339406484
2002-11-21,-0.0030881068174894084,0.013764987255212802,0.8642452835711478,0.7558373467169481
2002-11-22,0.0027991421524971817,0.004340344615386016,0.8666678179017164,0.7591250710418243
2002-11-25,0.0023050874475111253,-0.006339678836868146,0.8686678672686754,0.7543276849059292
2002-11-26,0.002572782171472899,-0.009787525057246782,0.870905637884332,0.7469806968540595
2002-11-27,-0.006025887985918962,0.008140649946339451,0.865673438221014,0.7530864237977473
2002-11-28,-0.008881948253264452,0.018515143436617976,0.8580186167260836,0.7671598102995915
2002-11-29,0.0019490489926652912,-0.003350924510586495,0.8596925678231354,0.764593417982617
2002-12-02,0.0025774469502731277,0.0034602439968942633,0.8619112378341087,0.7672436804002041
2002-12-03,0.0032805191609718435,-0.01127889177836039,0.8647433971013234,0.7586386408391528
2002-12-04,0.0017949529570157666,-0.00950850087179056,0.8662969646922667,0.751459311084113
2002-12-05,0.0031401958148427516,-0.0023689498414398713,0.8690215824729647,0.749681248570256
2002-12-06,0.0005229223629219578,-0.005271966766240865,0.8694761321290337,0.7457393538414833
2002-12-09,0.00277565363153829,-0.005978518031239943,0.8718928491458124,0.741294238509039
2002-12-10,-0.0007746787739146234,-0.0051952663116860975,0.8712176738182147,0.7374530042818794
2002-12-11,0.0011282321239467715,0.0007276478976123713,0.8722011642832103,0.7379898056875551
2002-12-12,0.0010738178400123573,-0.016708478017823936,0.8731382524944714,0.7257615613991797
2002-12-13,0.0010073740495443859,-0.007004434108479174,0.8740182724919326,0.7206957745604454
2002-12-16,0.008968365226275275,0.005778663460002775,0.8818920422204909,0.7248724891900535
2002-12-17,0.0019876067437475755,-0.009626391637437948,0.8836466399383541,0.7179280612402437
2002-12-18,-0.0011555762395029402,-0.006610632845308828,0.8826261086415482,0.7131977548039588
2002-12-19,0.0014177873463507482,0.0020911351232513198,0.8838783722819441,0.714690708118372
2002-12-20,0.0004678167521086005,0.0022974045324168912,0.8842919621259099,0.7163345293286122
2002-12-23,0.0017744429786330335,0.004112850761810449,0.8858624807749765,0.7192867732510394
2002-12-24,0.0006051688814635249,0.0012351699263071225,0.8863987394287564,0.7201757635557705
2002-12-27,0.000851837913095478,-0.00371021030797003,0.8871541291702546,0.7175087107371834
2002-12-30,-0.0012007122270325465,0.005757838383631864,0.8860895516136429,0.7216519264691825
2002-12-31,-0.0006043458436890319,0.003966741703163024,0.8855542088583672,0.7245202183866023
2003-01-02,-0.0002370109386071054,0.0055641221901794324,0.8853443476948163,0.7285627736169883
2003-01-03,-0.0026686754464785075,0.007728997895961598,0.8829848008052263,0.7342156511600081
2003-01-06,-1.5495156663391163e-05,-0.00432725406151846,0.8829711189234082,0.7310453777377465
2003-01-07,-0.0014918669978032603,-0.001170915493080571,0.8816548255625212,0.7301898863306228
2003-01-08,-0.0005025095542411197,-0.00548243638865209,0.8812118968863996,0.726197620398846
2003-01-09,-0.0007469019310974335,0.003366718613701636,0.8805539637552585,0.7286466437176009
2003-01-10,0.001458976783368236,0.008344630977049405,0.8818396091802402,0.7347523706612878
2003-01-13,-0.0013958394010970669,0.0007987130092228512,0.8806095613826044,0.7353394613655732
2003-01-14,-0.002485724248625936,-0.0016894373076610236,0.8784233271557157,0.7340982002573929
2003-01-15,0.0015503423739178382,-0.008375162435967809,0.8797862402800403,0.7279756829127041
2003-01-16,0.00027614718650920806,0.0022096120952159737,0.880029224323159,0.7295860052253362
2003-01-17,-0.006555931882685997,-0.006412007405584674,0.8742786833478073,0.7249228603930572
2003-01-20,0.0022510881066709347,-0.0021311062023947613,0.8762489785157949,0.7233796177800357
2003-01-21,-0.0001117423673553167,-0.0009511995294779751,0.8761510698509177,0.7226918665741364
2003-01-22,-0.0070860412099328415,-0.008976197936300778,0.8699645720393833,0.7162338688269985
2003-01-23,-0.0003458681008156124,-0.005448128161441801,0.8696637310737209,0.7123423453012308
2003-01-24,-0.002504397746676874,-0.005951741602840954,0.8674884721789271,0.7081152594686185
2003-01-27,0.012045854607873132,-0.029179127652673387,0.8780013030854803,0.687751615420861
2003-01-28,-0.0018619053215572945,-0.010863420027231285,0.8763680687226335,0.6803207163161827
2003-01-29,0.004511800147470581,-0.017359745656909453,0.8803309995577361,0.668612442080283
2003-01-30,0.0006504064705238869,0.00889163588855979,0.8809037587790118,0.6745840096247492
2003-01-31,-0.008346424591116753,-0.0012939029703922245,0.8735819599101005,0.6737117278166246
2003-02-03,-0.0010701894426360299,0.013699219411448027,0.8726475618000046,0.6830045595357724
2003-02-04,0.0007759015291678058,-0.006084574740359727,0.8733249131226115,0.6788613847559696
2003-02-05,0.004193133782092002,0.006035467200923961,0.8769945696221166,0.6829710196859667
2003-02-06,0.0016559409860995792,-0.0034937162643675634,0.8784480239597139,0.6805890760668234
2003-02-07,-0.004840213722276764,0.0011331128417779723,0.8742064211926981,0.6813606973733343
2003-02-10,0.0028327401415631933,0.0014514086151962147,0.8766863316266204,0.6823503481796791
2003-02-11,0.0008306355239634827,0.005173569609116413,0.8774148409580212,0.6858896828063922
2003-02-12,-0.0014509874357772803,-0.011387667880104146,0.876142646240305,0.6781233032992648
2003-02-13,0.0004249602861047863,-0.003915948573814276,0.8765150511929731,0.6754729999294797
2003-02-14,-0.005219862702399816,-0.0007452676036248107,0.8719516834072991,0.6749697793258075
2003-02-17,0.0005578366716238157,0.00989152231908541,0.8724382257251445,0.6816793873747817
2003-02-18,0.00013094183592660716,0.0028012959523682213,0.8725524718677902,0.6835916502400581
2003-02-19,-0.00018675967860720243,0.0007358712959781855,0.8723895294645853,0.6840948708437309
2003-02-20,0.0030206998185444388,-0.0016196562206332032,0.8750287404832437,0.6829877691347708
2003-02-21,0.002628183009230874,-0.001277912047068952,0.8773315008639272,0.6821155282788434
2003-02-24,0.001966677489221002,0.005297659704986302,0.879058626770397,0.685738733006169
2003-02-25,-0.0022752873372201723,-0.016798435698749614,0.8770607894970461,0.6743156089219107
2003-02-26,0.0008356579303181874,-0.00488757092232639,0.877794018622858,0.671027884597035
2003-02-27,-0.0018377083917171433,-0.0005250487145875837,0.8761823705118325,0.670675654745782
2003-02-28,-0.0006089094894894372,0.009781197236607753,0.8756490171503454,0.6772678528443389
2003-03-03,0.003154489118772692,0.009220266462202531,0.8784156037363051,0.6835413199892503
2003-03-04,0.0003911322799714219,-0.005536772065131146,0.8787592476348867,0.6797671654617028
2003-03-05,-0.0013720429146304686,-0.013064638234981274,0.8775543789902607,0.670944014496423
2003-03-06,0.002223786686908504,-0.0032302679934943512,0.8795080441975269,0.6687801822815078
2003-03-07,0.004579652918265132,-0.015825619976498118,0.8835451229326028,0.6582796293039832
2003-03-10,-0.00457742227840638,-0.006672875228430186,0.8795100060654145,0.653901634623346
2003-03-11,-0.006761099804641356,-0.0132729694289484,0.8735836081948083,0.6452797637090958
2003-03-12,-0.019242499442478977,-0.01174035969910392,0.8569343762474007,0.6377482450550018
2003-03-13,0.0022780321138936516,0.004723178552245244,0.8588887254659694,0.6407675686770395
2003-03-14,-0.005037488698892462,0.018235865412085772,0.8545729626475419,0.652559713013552
2003-03-17,-0.000708490269710709,0.010712765243177103,0.85396772044817,0.6595880110639737
2003-03-18,-0.005283511571927289,0.021510534166301554,0.8494676706162319,0.673929798268656
2003-03-19,0.003985936480990954,0.004123229303143461,0.8528603518080079,0.6767143019898586
2003-03-20,-0.003343358479987371,0.004328422134493692,0.8500136952668598,0.6796497555112848
2003-03-21,0.008943926066699328,0.010752011685026375,0.8576502544168397,0.6869967845153517
2003-03-24,0.005382357521038959,-0.014956504262421788,0.8622788799987973,0.6767981720904712
2003-03-25,-0.002446631515363525,-0.0027796977513787624,0.8601717800156649,0.6749194900271981
2003-03-26,0.0012495965254937813,0.004389385923865063,0.8612473195385718,0.6778884833984288
2003-03-27,-0.0005637397349357411,-0.006006160895697832,0.860761937030499,0.6738291787192398
2003-03-28,0.002810885135800541,-0.0001991806249357353,0.8631848436255305,0.6736949783678211
2003-03-31,0.0006760333956468941,-0.01416756168072375,0.8637685826977595,0.6642176569986443
2003-04-01,0.002554037498537676,0.0018922436062300818,0.8659774996756745,0.6654757085078273
2003-04-02,0.0032428946660211584,0.014265219958094377,0.8687903318844863,0.6750368999776154
2003-04-03,-1.8644707010592385e-05,0.004066937370923895,0.8687741336943003,0.6777878228968163
2003-04-04,0.0026893461212934037,0.004962078355527311,0.8711137125996589,0.6811594173223045
2003-04-07,-0.005246843067944287,0.024591666746115237,0.8665550853143036,0.6981179270947684
2003-04-08,0.001171226530491142,-0.006484348832653808,0.867570612210288,0.6936057320627126
2003-04-09,-0.003115681317283669,-0.0027850111843825687,0.8648717452503463,0.6916767197486319
2003-04-10,0.0025097280698591897,0.001575089681669084,0.867045064225284,0.6927670310565907
2003-04-11,0.0005568961644625538,0.005818414882099887,0.8675280527707189,0.6968095862869762
2003-04-14,0.0013352698623918145,0.005329818458577051,0.8686872105563653,0.7005333696115205
2003-04-15,0.008006941046271598,0.011427880060146833,0.8756706585574885,0.7085848992702884
2003-04-16,-0.0013205347062168946,0.008180870567310095,0.8745150682281433,0.7144055170145318
2003-04-17,-0.0032528218733939786,0.00035213334479777814,0.8716750480296612,0.7146571273163688
2003-04-22,-0.00011376427394266183,0.005197173137702293,0.8715758881912387,0.7183809925453079
2003-04-23,-0.0015236070408796197,0.017498330832577125,0.8702489601464773,0.7310620862343522
2003-04-24,-0.005935880781357318,-0.00496829299718371,0.865098567250746,0.7274389634114231
2003-04-25,-0.02030089010970802,-0.008917359409467807,0.8477133609549239,0.7209809656642855
2003-04-28,0.004255810751783355,0.005475561099336446,0.851328756353398,0.724939568889664
2003-04-29,0.001349426790264856,0.007905247117784953,0.852478337647998,0.7306931069342956
2003-04-30,0.009434191817735964,0.007592532506050631,0.8605588383697619,0.7362620324723074
2003-05-01,-0.0012666426844301342,-0.003286076489120049,0.8594695078545251,0.7338465899555563
2003-05-02,-0.0009310573970482733,0.009554430364101307,0.8586696648193668,0.7408916784069793
2003-05-06,0.0007509387886526012,0.020260190837175784,0.8593147153437362,0.756055376216782
2003-05-07,0.0008675601704719049,0.01153666051337865,0.8600605460443939,0.7648282378834526
2003-05-08,-0.002012507542364,-0.009874075959375617,0.8583314082436336,0.7573134277259638
2003-05-09,-0.005642825740662984,0.002013586251546684,0.8535016332840015,0.7588398799379846
2003-05-12,0.0009550484295708421,0.009000226600067052,0.8543171580493409,0.765700437787182
2003-05-13,-0.0008368762639591005,0.009831484924838207,0.853602499380025,0.77326553724328
2003-05-14,0.003108496859501647,0.000845626527318899,0.8562600484200968,0.7739197076471757
2003-05-15,0.0034661198996373153,0.012642490204976653,0.8592330979096751,0.7837660902208036
2003-05-16,0.0005447679499291783,0.016429284286136436,0.8597013080843038,0.7967491654146895
2003-05-19,0.0003002078026072483,-0.016386439765238237,0.8599594358689513,0.7837996710228069
2003-05-20,0.0006914631811826051,0.002500713470245941,0.8605542717860326,0.7857621822344947
2003-05-21,0.0023067333926489503,-0.010558428168975453,0.8625416323351873,0.7775094134768936
2003-05-22,0.0008234913582250518,0.009575942068677179,0.863252220456957,0.7849905609279825
2003-05-23,-0.0018337810637824446,-0.00019231354241355803,0.8616706554469991,0.7848396111277599
2003-05-27,-0.0018674098058100285,-0.00036333665356380607,0.8600630646981712,0.7845545019283161
2003-05-28,-0.003834940709668591,0.014623566700301183,0.8567710901366336,0.7961117854117944
2003-05-29,0.0008064634188502175,0.00818369499378413,0.8574623233688511,0.8026536532595446
2003-05-30,-0.00511659947713751,0.006353724621343204,0.8530862369811069,0.8077697293968871
2003-06-02,0.004375658977071485,0.013264039482002943,0.8568272301183968,0.8185553915738564
2003-06-03,0.003870594177795987,-0.0075490082274054515,0.8601500871738089,0.8123993753315587
2003-06-04,-0.001386555915984754,0.0048814644244590255,0.8589582674351013,0.8163747689579389
2003-06-05,-0.0016052398751356116,0.010770082199629272,0.8575805394609212,0.8252147103242213
2003-06-06,0.0015219579238419842,0.026279821209893584,0.858886734693244,0.8471886766846112
2003-06-09,0.0013845385008857322,-0.00615679873745556,0.8600767200454997,0.8419887304466561
2003-06-10,0.00028046065899712267,-0.007398405960277188,0.8603179715583895,0.8357823430013555
2003-06-11,-0.004286192229546345,0.003005953989127619,0.8566383747167426,0.8382984460197206
2003-06-12,0.004058361822319765,0.00947951820558579,0.8601219872910205,0.8462828959788783
2003-06-13,0.004769562687327415,-0.0013884207416783312,0.8642341919414696,0.8451087145703083
2003-06-16,-0.004694558393987898,-0.0006155078601768338,0.8601865025522937,0.8445887035656339
2003-06-17,-0.00026176278254306314,0.010824758476152496,0.8599613672071923,0.8537808338309704
2003-06-18,0.0005372744210885798,-0.000982820399114459,0.8604235265950084,0.8529421328248481
2003-06-19,0.00022828804330042455,-0.007124791815664722,0.8606199734206821,0.84688669517977
2003-06-20,0.002986804178227193,-0.0010899616050945582,0.8631943193729728,0.8459641240730366
2003-06-23,-0.0003842357042246106,-0.007782992136602829,0.8628627130073683,0.8394055477286809
2003-06-24,-0.006007841404655932,-0.014411346659125357,0.8576943116871013,0.8273953329401369
2003-06-25,-0.0007070290536396994,0.0030767416646995116,0.8570881112155228,0.8299449348561106
2003-06-26,-0.0011072888078078544,-0.003989455817499987,0.856139592381727,0.8266405020346274
2003-06-27,-0.002418892583857636,0.006190110947789762,0.8540711853067627,0.8317733685729719
2003-06-30,-0.005097178815139843,0.0009473210986516989,0.8497289078382292,0.8325616983760902
2003-07-01,-0.0018983797051965788,-0.007685500322706318,0.8481173299020837,0.826187570729564
2003-07-02,-0.00044333340858970853,0.008128686010794084,0.8477414144894219,0.8329307595805417
2003-07-03,-0.0007614332932271183,0.004380556525205748,0.8470961616420578,0.8365874632054735
2003-07-04,-0.005776463593506977,-4.0043115376420246e-05,0.8422170470849301,0.8365539643078664
2003-07-07,8.011506358480058e-05,0.012830374927933264,0.8422845240601345,0.8473564168858364
2003-07-08,-0.0012764919914256755,0.015186148077081185,0.841210040541373,0.860322701678721
2003-07-09,-0.0031577385264917554,0.0025119825318569156,0.8385579087606039,0.8624865338936356
2003-07-10,0.0011972262365175053,-0.00017503231090820748,0.8395624535034835,0.8623355840934126
2003-07-11,-0.0014788317766993757,-0.004816128250427099,0.8383217994541382,0.8581924502658088
2003-07-14,-0.0010863375918438694,0.01270189356407947,0.8374115934543394,0.8691626430450026
2003-07-15,0.00045473565084062104,0.005024429331728086,0.8377924809553097,0.8735406786778361
2003-07-16,0.005387969719909154,-0.0015758699468850779,0.8423186639931738,0.8721651762660388
2003-07-17,0.0015288556627841505,-0.007354625515743507,0.8436074325720279,0.8657742582185126
2003-07-18,-7.733739810949401e-05,0.0027667918383702528,0.8435421926909408,0.8681729922386576
2003-07-21,-0.0014484843859575718,-0.0016049916702307598,0.842321219489718,0.8667806994258574
2003-07-22,-0.00023484493032036556,-0.0006001137929274591,0.8421234278477109,0.8662606884211832
2003-07-23,-0.002418595533923619,0.004848536762356304,0.8400891329460395,0.8704709838527938
2003-07-24,-0.002216944709862882,0.00677935257710871,0.8382287647156464,0.876392262098651
2003-07-25,0.0009733891491154283,0.001071183148814825,0.8390450847337666,0.8773315417019909
2003-07-28,0.0002632843632551961,0.004958719555324009,0.8392660212679343,0.8816927869338247
2003-07-29,-0.0001499810728628073,0.0031721405271110115,0.8391401566885355,0.8844940810560299
2003-07-30,-0.0005249056060709814,0.0037857323275165555,0.8386998028982077,0.887848885080516
2003-07-31,-0.004877493281639795,0.0061402067656413095,0.8346190103535172,0.8933172320213085
2003-08-01,-0.002353023804921956,0.00365487200464365,0.8326574406692513,0.8965881659451845
2003-08-04,-0.0012100525159947418,-0.0005801569583656629,0.8316504907921908,0.8960681549405101
2003-08-05,-0.0017768287899588492,0.0024492814100245397,0.8301741022901935,0.8982655679574275
2003-08-06,-0.0008293806268703169,-0.011097577463086594,0.8294858574207572,0.8883521056841897
2003-08-07,-0.00029935785921429193,-0.0006989215514074942,0.8292375814737634,0.8877314341779008
2003-08-08,-0.0008218840096781599,0.005370734197418514,0.8285563243608384,0.892512029912796
2003-08-11,-0.0007616675302634217,0.0046314541906991025,0.8279254801888376,0.8966552456447949
2003-08-12,-0.0011694422753622986,0.003697170631939528,0.8269578350443038,0.8999764688672789
2003-08-13,0.0014077968899415222,0.009294472471095716,0.82812284356787,0.9083802693294989
2003-08-14,-0.0014986326167238675,0.006387246474467645,0.8268827211399039,0.914200887073741
2003-08-15,0.0010361818085293313,0.011565655167675715,0.8277399660274152,0.9248355994504868
2003-08-18,0.0004810067917248618,0.0036028069494769,0.8281382103442887,0.9281736130739728
2003-08-19,-0.0009990109823493519,0.00786650837797076,0.8273113042901389,0.9355038926292348
2003-08-20,-0.0008982554484856691,-0.007252264273867937,0.8265685010669328,0.9287439133772557
2003-08-21,0.000476128499295769,0.006803902141081508,0.8269621475926391,0.9350845421261736
2003-08-22,-0.0012321458191837196,0.004153045107464948,0.8259438371221859,0.9389760656519418
2003-08-26,0.0009703491272663568,-0.006254091054330502,0.826745679974548,0.9331219490100904
2003-08-27,-3.9530031660037164e-05,0.0022086887101551156,0.8267129993375814,0.9351852026277876
2003-08-28,0.0009418874372124635,-0.0010049705657095842,0.8274920367510203,0.9342458411200527
2003-08-29,-0.0051047210749741835,0.004228353495355108,0.8232786838566563,0.938204526249826
2003-09-01,0.001097772006470856,0.009360262196846492,0.8241829523988528,0.9470275953107105
2003-09-02,0.000575688161888731,0.007323713180699798,0.8246575613680541,0.9539888136615214
2003-09-03,-0.00014692123627659676,0.01597775177358507,0.8245364105596642,0.9693538324745518
2003-09-04,0.0013246964564386414,-0.012397161616414465,0.8256293947972779,0.9574107792900148
2003-09-05,0.002600139084451472,0.0009281051034157883,0.8277789394023936,0.9582997695947455
2003-09-08,0.0018136484379229576,0.004540699383900559,0.8292816016213845,0.9626610148265792
2003-09-09,0.00045504639370746037,-0.005030895597867513,0.8296590490951131,0.9578301297930752
2003-09-10,-0.0009962949125981576,-0.012121839181888916,0.8288328756298573,0.9462895548062032
2003-09-11,-0.0006768672258293622,-0.0055280851190229185,0.8282720556423998,0.9410728181672471
2003-09-12,0.0010811910726316288,0.0026700860538273474,0.8291680602834962,0.943588921185611
2003-09-15,0.00039369345333667004,0.0036553554420581946,0.8294945625872383,0.9470443857117123
2003-09-16,-0.002713319575504426,0.003818502676214308,0.8272469294052935,0.9506675904390368
2003-09-17,-0.0026927672978368897,0.003926960409275537,0.8250223424183055,0.9544081641645831
2003-09-18,0.002376614796946705,0.003456390350743632,0.8269854345580113,0.9577126788904603
2003-09-19,-0.0032359843598623915,0.0015400701057401989,0.8243136478873757,0.9591887598994763
2003-09-22,0.002041727798083185,-0.009399969388148577,0.8259983912850615,0.9502146591339735
2003-09-23,0.001203203043032191,-0.007637410866960792,0.826992833200794,0.9429851219847196
2003-09-24,0.0026060408982511146,0.002008015902379867,0.8291508210276212,0.9448805534967964
2003-09-25,0.0017911536367066733,-0.012792302344523776,0.8306372883843782,0.9328703387082542
2003-09-26,-0.0010010292864039267,-0.011519999083990484,0.8298062121675415,0.9221853370328998
2003-09-29,-0.0007944487594316267,0.0008362926623775024,0.8291472354479943,0.922956876435016
2003-09-30,-0.005309221337611333,-0.008120408776763455,0.8247567745310496,0.9154924374805318
2003-10-01,0.0017840365696156636,0.003493487264124795,0.8262294840710792,0.9186962917047967
2003-10-02,0.00010652248522048194,0.009485841673916084,0.8263175007768807,0.9274523629704656
2003-10-03,-0.0004968096337426936,0.011401343074430415,0.8259070802408444,0.9380870753472105
2003-10-06,-0.004875601010576973,0.006416562430574757,0.8218900874303698,0.9441257225912879
2003-10-07,-0.0015172013408679145,0.0018106003128135484,0.8206440601638134,0.945836705405534
2003-10-08,0.0002373264221866956,0.00719199903024581,0.8208388437952377,0.9526636824527279
2003-10-09,0.0006182310926775313,0.008573192336685409,0.8213464687891585,0.9608661619117199
2003-10-10,-0.00024349207659268805,0.004737150880513852,0.8211465017780503,0.9654287281467817
2003-10-13,-0.0013535731740641186,0.005423508648934927,0.8200357717980056,0.9706789636833456
2003-10-14,0.0008387360965261566,0.0008118973683490793,0.820723853919574,0.9714673753908586
2003-10-15,5.212496660253956e-06,0.010152911388390251,0.8207281319510712,0.9813808376640958
2003-10-16,0.0002521180314888174,-0.002584284908383694,0.8209350783984555,0.9788479442447292
2003-10-17,0.0010387054984647324,-0.0006685298756945457,0.8217882311888115,0.978193773840833
2003-10-20,5.0231102978773486e-05,-0.003280651081102093,0.8218295115548495,0.974989919616569
2003-10-21,0.0015150534223798663,0.0019250612026890934,0.8230755708537972,0.9768686426320392
2003-10-22,-0.0034002666465554245,-0.019121556163774756,0.820281647177275,0.9583668492943569
2003-10-23,0.004807174375618669,-0.014580472917140597,0.8242343772117011,0.9444947837957387
2003-10-24,0.0020509808904536357,0.0006036329732559409,0.8259266009346784,0.9450650840990231
2003-10-27,0.0016049479536529299,0.0034196807965454212,0.827253234446818,0.9483024372208949
2003-10-28,0.001372577188457714,0.005222145509934606,0.8283894829815192,0.9532675635580148
2003-10-29,0.0002753363329753952,0.003092187274509328,0.8286176001070639,0.9562198074804426
2003-10-30,-0.00017140910472188066,0.002155308967260794,0.8284755796782177,0.9582829791937442
2003-10-31,-0.0060966796686388195,0.002010964838181195,0.8234399952258098,0.9602119915078245
2003-11-03,-0.0010333958911928284,0.007622383910597108,0.82258949524538,0.9675590614640883
2003-11-04,-0.0008428275692624165,-0.00034678872803262095,0.8218964862251794,0.9672235810616399
2003-11-05,-4.6532434057556236e-05,-0.006577076002825422,0.821858242270931,0.9608829523127219
2003-11-06,0.00044338430853805606,0.004997650088956362,0.8222227221157475,0.9656971288496181
2003-11-07,-0.0008973997671403707,0.012617445927817883,0.8214851906161774,0.9779589539399992
2003-11-10,-0.0012124069511846728,-0.003935625380702135,0.8204898197799667,0.974117637808444
2003-11-11,-0.0006203733171247239,-0.008473454872319763,0.8199809676442662,0.9658983679484516
2003-11-12,-0.0017608057841976448,0.005403673731763092,0.8185384108174216,0.9711318949884084
2003-11-13,-0.00010348166851835048,-0.0016595674694688256,0.8184537114794139,0.9695215726757757
2003-11-14,-0.0012099243448146526,-8.651043034646477e-05,0.8174640432413709,0.9694377025751648
2003-11-17,0.0010183685010959074,-0.01522058842342311,0.8182969469032314,0.9547940157700353
2003-11-18,0.0015421416473808992,0.0034549104771617323,0.8195598502426071,0.9580984485915182
2003-11-19,0.004609048655464423,-0.005090141577390739,0.8233459599479015,0.9532339827560115
2003-11-20,0.0007242776856216062,-0.008500092596543496,0.8239425070610418,0.9451657446006363
2003-11-21,0.00018944714655914398,-0.00047932319443866334,0.8240986154046065,0.9447128132955721
2003-11-24,-0.002399039028680431,0.00897941579098216,0.8221239402712114,0.9532339827560115
2003-11-25,-5.149776602522617e-05,0.0027413818977990445,0.8220816038150174,0.9558507462759919
2003-11-26,0.00041973492015483997,0.0020686669838365646,0.8224267325975895,0.9578301297930752
2003-11-27,3.566198608368528e-05,-0.00014016129517990805,0.8224560624912601,0.9576958884894584
2003-11-28,-0.001374483299230061,0.0005603563992711003,0.8213263869069765,0.9582326898951342
2003-12-01,-0.00023759059047790868,0.00704717924870657,0.8211312706655456,0.9650093776437196
2003-12-02,0.0007812525185330813,0.004716860070537621,0.821773032195063,0.9695719438787813
2003-12-03,0.0007228316969810798,0.0034195996006793905,0.822367250524507,0.9728931671012641
2003-12-04,0.0014100538340071377,0.0020668281556641688,0.8235276505400525,0.9749060495159576
2003-12-05,-0.0008492658999501557,-0.005503745240098112,0.822828553490444,0.9695551534777784
2003-12-08,-9.512311573579477e-05,-0.0027545909226152077,0.8227502871972455,0.9668881006591912
2003-12-09,0.0007428229987376882,0.0018891796398090577,0.823361672080057,0.9687164524716573
2003-12-10,-0.005696541953233546,-0.011406603406543425,0.8186846917273228,0.9577294692914621
2003-12-11,-0.001718617363572112,-0.005056952274005155,0.8172788943607304,0.9528985023535627
2003-12-12,0.001007259067179479,0.0019872322423672983,0.8181025206703882,0.9547940157700353
2003-12-15,-0.0006727844856989889,0.0038925051289435686,0.8175522990977931,0.9585177990945792
2003-12-16,0.0008296674223243392,-0.008788484266750274,0.8182308770644924,0.9501307890333608
2003-12-17,0.0006652742572784553,-0.0031119482942632004,0.8187754061140097,0.9471786270153287
2003-12-18,-0.0030881954903760806,0.0054924610458950696,0.8162507678918495,0.95239528174989
2003-12-19,-0.0014514780796767391,0.006355504447805416,0.8150668572127887,0.958467509795971
2003-12-22,-0.0002048979720740442,0.0003499562590381089,0.8148998687750214,0.9588029901984182
2003-12-23,0.0031584337987811796,0.005861044089352063,0.8174777449457857,0.9644390773404358
2003-12-24,-0.003355794347094942,0.0007475646347199216,0.8147390555597134,0.9651603274439431
2003-12-29,0.002054954291273758,0.0038162027220316475,0.8164150285123296,0.9688506118708785
2003-12-30,0.0004535838341352565,0.005077188243523878,0.816785425167825,0.9737821574059953
2003-12-31,-0.004916691505216092,-0.0005169027478117982,0.8127793994726579,0.973278936802323
2004-01-02,-0.0015900804962443948,0.0054656719262453635,0.8114880417552516,0.9786131243438951
2004-01-05,-0.0022285142074072095,0.0005997412624267895,0.8096816426656661,0.9792002150481791
2004-01-06,0.00020949593031777057,-5.144249138311352e-05,0.8098512854437729,0.9791498438451753
2004-01-07,0.002408774950111562,0.0011984661470911817,0.8118043862792933,0.980324025253746
2004-01-08,0.0005499298342498321,0.012126151964919174,0.8122509445074751,0.99228395074368
2004-01-09,-0.0019170070136826664,0.003071838488457601,0.8106953452736961,0.9953367732633259
2004-01-12,0.005057232413650333,-0.002260786621169686,0.8148056045594622,0.9930890709477986
2004-01-13,0.0012892896333442255,0.007270344261469219,0.8158568024822894,1.0003354804024485
2004-01-14,0.0013208241884396703,0.008764883134807278,0.816935117857059,1.0091418409667279
2004-01-15,0.0002669618693929899,0.0037826349022118677,0.8171532374968128,1.0129662847928853
2004-01-16,-0.0060285353577319975,0.011393915197031035,0.8122418195150851,1.0245739394793671
2004-01-19,-0.002052367511325308,0.0047854086156728926,0.8105765102911993,1.029488694613484
2004-01-20,-0.0027644389771554812,-0.001581676297163881,0.8083388154027293,1.027861663804244
2004-01-21,-0.00016081430340224328,-0.0011920695903917533,0.8082088334109793,1.0266371111926689
2004-01-22,0.0014634431669808877,-0.008433591055942102,0.8093924669847153,1.0180152812306162
2004-01-23,0.0024794429625014302,-0.003896210741185513,0.8114017994240832,1.014056596100843
2004-01-26,0.00383396200343457,-0.0014898445281694705,0.8145186542260788,1.012546934289824
2004-01-27,-0.0027020613535604305,0.002316577834857725,0.8123207456279502,1.0148952971069642
2004-01-28,-0.0016203062634158275,-0.0033939587609008726,0.8110056029905635,1.0114566229818647
2004-01-29,0.00290708552067951,-0.010737536324601393,0.8133666959229173,1.000654170403896
2004-01-30,-0.005582868401689369,0.009741999549017777,0.8088384288184999,1.010450181774519
2004-02-02,-0.001118984152497689,0.005545775107146156,0.80793385762952,1.0160694785155355
2004-02-03,0.0016170310303678787,-0.0021650021220693816,0.8092413686057968,1.0138720654986175
2004-02-04,-0.001680268251177741,-0.00554117536272436,0.8078827677531731,1.0082695591586028
2004-02-05,-0.001159159993640011,0.005872010901548208,0.8069468449161936,1.014207545901065
2004-02-06,-0.001435276059372468,0.007923818311633468,0.80578948419325,1.0222758659608358
2004-02-09,-0.000547588667541659,0.006395248772399498,0.805348363790571,1.0288345242095875
2004-02-10,0.0004976430728818411,-0.002497581951375949,0.8057492395633207,1.0262681318926128
2004-02-11,-0.0005444811278478458,0.0026932415097817852,0.8053106437230151,1.029035845212814
2004-02-12,-0.0007075667643771618,0.005899690289854931,0.8047410342186592,1.0351247817555014
2004-02-13,0.0013033970934380086,0.004204404641040327,0.8057906152054443,1.0394860269873345
2004-02-16,0.0022064637558494573,0.0013706916074678333,0.8075705259248223,1.0409118186977409
2004-02-17,0.0007555951291564182,0.006329119413887696,0.808180952869432,1.0475207662451023
2004-02-18,-0.0022813729031971645,0.004903998536597953,0.8063392922987055,1.0526704231844475
2004-02-19,0.0010312345221712802,0.0035154048500931623,0.8071712461095243,1.0563774980123841
2004-02-20,0.002959588882673731,0.001602413476037512,0.8095636797195713,1.0580716085212352
2004-02-23,-0.00389494153849928,-0.0013484467564062186,0.80641660932155,1.0566458168108268
2004-02-24,0.0003442035602324043,-0.007345121152608769,0.8066942285655342,1.048913059057901
2004-02-25,0.0011998451404985106,-0.0013442777868490907,0.8076627176177995,1.0475039758440998
2004-02-26,0.0013609613819331307,0.0023991183505742697,0.8087626637084021,1.0500200788624663
2004-02-27,-0.0009842300590237347,0.0016121854601518493,0.8079670467834374,1.0517142712757097
2004-03-01,0.00027769209697695615,0.0083543095830656,0.8081914440021721,1.0605374222409902
2004-03-02,-0.0032944015145128422,0.0049068972030905655,0.8055333177566708,1.0657541588799473
2004-03-03,0.0004092622700519906,-0.005634737761120334,0.805863059621748,1.05976580093448
2004-03-04,-0.0017295384451213292,0.003160608884105187,0.804470493074452,1.0631206049589668
2004-03-05,-0.0005386676489239344,0.003056260301878666,0.8040372675380849,1.0663747484818398
2004-03-08,0.00012452654394287796,0.00494269856580587,0.8041373977545182,1.0716585648204082
2004-03-09,0.0017767836316088669,-0.004628149067052334,0.8055674459873422,1.0667102288842882
2004-03-10,-0.00025081505180129843,-0.009114692784656597,0.8053654228829242,1.0570316684162806
2004-03-11,-0.0011671257375348914,-0.01998707321978266,0.8044260084837564,1.0361144325618463
2004-03-12,-0.003717666154077774,0.013012142748326738,0.8014409732587927,1.0496845984600178
2004-03-15,-0.001562586688974799,-0.013595145103531436,0.8001896301826111,1.035510551456559
2004-03-16,0.00010822207113879851,-0.0022541549797931992,0.8002762330477795,1.0331789790404193
2004-03-17,0.00024078995092273762,0.008036619284816027,0.8004689547244501,1.0415156998030282
2004-03-18,0.002053372436803363,-0.003194010510673806,0.8021143042922113,1.038194394676148
2004-03-19,0.005871718064335624,0.008190301325436522,0.8068379477221723,1.0467324364419834
2004-03-22,0.0003986514754811132,-0.017409767298325107,0.8071596589815794,1.0286667840083625
2004-03-23,0.001914436859417887,0.0003423951317014229,0.8087063952762482,1.0290190548118126
2004-03-24,0.0007098669467976548,0.0023120167819055126,0.8092806730221984,1.0314009165265619
2004-03-25,-8.692374586029153e-05,0.011175304395873553,0.8092103303719146,1.0429917808120448
2004-03-26,0.001892914493649359,-0.0023347003637965713,0.8107435470008669,1.0405595478942915
2004-03-29,0.003010003118886515,0.005481947981445856,0.81318756401011,1.0462795051369198
2004-03-30,0.004950780335430484,0.0022579855292654827,0.817223459182868,1.0486446583550626
2004-03-31,-0.003994785365609328,0.0012468716646196754,0.8139653389460523,1.0499529991628553
2004-04-01,0.00029804613652767203,0.005544287191273867,0.8142079743270655,1.0557904073081001
2004-04-02,-0.0037216185507970502,0.006019152498458524,0.8111834344084717,1.0621645349546252
2004-04-05,-4.195749159143609e-05,-0.0011693752813943803,0.8111493999003496,1.0609231919420479
2004-04-06,-7.381122401409852e-06,-0.0026121870154636184,0.8111434127294392,1.058155478621847
2004-04-07,0.002059186568322644,0.0023434140089406696,0.8128154292560881,1.0606380827426043
2004-04-08,0.0,0.002858446114156976,0.8128154292560881,1.0636741967656445
2004-04-13,0.0012744767040154458,0.001134741480958823,0.8138520039902063,1.0648818770718216
2004-04-14,-0.0010546818606036535,-0.013351879430288704,0.8129941015309872,1.050758201271369
2004-04-15,-0.001156614319248918,0.0008297228711686699,0.8120543244962453,1.0516304011750979
2004-04-16,-0.0007803737955382631,-0.0017560949246266944,0.8114208657802932,1.0497852589616308
2004-04-19,0.0007595763167135988,0.004416316367203521,0.8120374359892468,1.0544316952973039
2004-04-20,-0.0012459899560438338,0.00932623901444174,0.8110262755787485,1.0643115767685387
2004-04-21,0.0015376640367842274,-0.007832008706733617,0.812274320806817,1.0560084368079323
2004-04-22,-0.0002617280501059625,0.0029025905988433465,0.8120617536512882,1.059078049728581
2004-04-23,-0.00014023703693358724,0.008343629591596624,0.8119478805019522,1.0679515718968646
2004-04-26,0.0002086206413062432,0.0006123593502422864,0.8121172872597485,1.0686057423007616
2004-04-27,-0.0005299193152302412,-0.0013194118134354227,0.8116870446300053,1.067196740991356
2004-04-28,7.283041892631309e-05,-0.008032613612870776,0.8117461622902586,1.0586586992255207
2004-04-29,-0.0017527461408370752,-0.00972815208867317,0.8103246234992081,1.0484098384542275
2004-04-30,-0.003500000000000001,-0.006339852027702264,0.8074934447698981,1.041784100505866
2004-05-04,0.0,0.0029100240600747895,0.8074934447698981,1.0448201326245103
2004-05-05,0.0,-0.0016067358310269952,0.8074934447698981,1.0431427306122674
2004-05-06,0.0,-0.008186066013827542,0.8074934447698981,1.03463835155283
2004-05-07,0.0,-0.008891424070730736,0.8074934447698981,1.0254797201851003
2004-05-10,0.0,-0.02830222731016896,0.8074934447698981,0.9968632254753457
2004-05-11,0.0,0.009762268484356795,0.8074934447698981,1.0066425283493636
2004-05-12,0.0,-0.0053800725897819035,0.8074934447698981,1.0012412611081816
2004-05-13,0.0,0.006961837618094435,0.8074934447698981,1.0082360602609945
2004-05-14,0.0,-0.0049199974226556975,0.8074934447698981,1.0032877243248768
2004-05-17,0.0,-0.016554413499633824,0.8074934447698981,0.9868156038028858
2004-05-18,0.0,0.010265032056599566,0.8074934447698981,0.9969974667789636
2004-05-19,0.0,0.013917506561989867,0.8074934447698981,1.0109701927791943
2004-05-20,0.0,-0.008062931325333977,0.8074934447698981,1.0028515834208143
2004-05-21,0.0,0.002572525718898433,0.8074934447698981,1.0054347661387906
2004-05-24,0.0,0.0013171006010530562,0.8074934447698981,1.0067598973475826
2004-05-25,0.0,-0.003053659656705676,0.8074934447698981,1.003690284426935
2004-05-26,0.0,0.00833804376915026,0.8074934447698981,1.0120940848891546
2004-05-27,0.0,-0.00029841747903702753,0.8074934447698981,1.0117921033843145
2004-05-28,0.0,0.0035911164011714902,0.8074934447698981,1.0154320985126404
2004-06-01,0.0,-0.004486741483843204,0.8074934447698981,1.0108863226785814
2004-06-02,0.0,0.003924950583320097,0.8074934447698981,1.0148617982093566
2004-06-03,0.0,-0.0008764364519908696,0.8074934447698981,1.0139727260002305
2004-06-04,0.0,0.008549086156932617,0.8074934447698981,1.0226784260628965
2004-06-07,0.0,0.005169677189906352,0.8074934447698981,1.0279790328024643
2004-06-08,0.0,0.003209418355790916,0.8074934447698981,1.0312835475283422
2004-06-09,0.0,0.0023231893292852135,0.8074934447698981,1.0336821996440921
2004-06-10,0.0,0.0007299684931201256,0.8074934447698981,1.034437030549603
2004-06-11,0.0,-0.0012655858719110569,0.8074934447698981,1.0331286897418102
2004-06-14,0.0,-0.009756700356682302,0.8074934447698981,1.023097776565957
2004-06-15,0.0,0.0002295722346143947,0.8074934447698981,1.0233326783711867
2004-06-16,0.0,0.0048890896611410994,0.8074934447698981,1.0283480940069158
2004-06-17,0.0,0.0019065926828165658,0.8074934447698981,1.030310605218603
2004-06-18,0.0,-0.0012869751028627974,0.8074934447698981,1.0289854740098099
2004-06-21,0.0,0.005527211219924055,0.8074934447698981,1.0346886408514384
2004-06-22,0.0,-0.0008757971895594352,0.8074934447698981,1.033782860145706
2004-06-23,0.0,0.004080612391055283,0.8074934447698981,1.0380099459783183
2004-06-24,0.0,0.0009206366268834643,0.8074934447698981,1.038966015982659
2004-06-25,0.0,0.005104917936346709,0.8074934447698981,1.0442834131232304
2004-06-28,0.0,0.004327553928410666,0.8074934447698981,1.0488123985562872
2004-06-29,0.0,0.0008153438077993513,0.8074934447698981,1.0496678899634109
2004-06-30,-0.0012048472536272908,0.0032227774270445764,0.8065211243770456,1.0530561928855062
2004-07-01,0.0008795009350962661,-0.006055331716309453,0.8072307724824522,1.0466988556399819
2004-07-02,-0.0005326397226508098,-0.0030013256471068672,0.8068009237950873,1.0435620811153272
2004-07-05,-0.0011820423074170876,-0.00434937391875323,0.8058478143882951,1.039033095682271
2004-07-06,0.003055910671794882,-0.00921198969483683,0.8083141799011081,1.0295054850144858
2004-07-07,0.0007885472692770849,-0.002790055210979858,0.8089518252140812,1.0266371111926689
2004-07-08,0.0017476088252810788,-0.005274934298205025,0.8103667926076795,1.0212359258558825
2004-07-09,0.0016165948528514497,0.0003941114587782124,0.8116778868621103,1.0216384859579422
2004-07-12,-0.002186975828044126,-0.0003941114587782124,0.8099047066013094,1.0212359258558825
2004-07-13,0.00016156501813966448,0.0034760490928889,0.8100355694410667,1.024791968979202
2004-07-14,-0.0026766411168657714,-0.006173483397052593,0.8078702940550835,1.0184849210322862
2004-07-15,-0.0012777675470572502,-0.004754491927869253,0.8068386828311384,1.0136540359987838
2004-07-16,0.0007063138852426507,0.005100309415183801,0.8074087655009253,1.0188371918357366
2004-07-19,-0.0013281810679983044,-0.001713695679896432,0.8063370923100145,1.0170927101238825
2004-07-20,0.0006337750696492954,-0.0029564402370603204,0.806848290632119,1.014090176902845
2004-07-21,7.117554368281284e-05,0.004752451962547255,0.8069057205416525,1.0189210619363491
2004-07-22,0.0025143490893601112,-0.012623746059292174,0.8089371159536997,1.00613930774569
2004-07-23,0.0018200860372904301,-0.0011844058139782732,0.8104107918050912,1.004948335936118
2004-07-26,-0.003834228950085514,-0.010605048685246032,0.8073094407302214,0.9943471224569805
2004-07-27,-1.776384043627728e-05,0.003452257133481851,0.8072950999415076,0.9977857965820803
2004-07-28,-0.0004808634714114202,0.002451450725807547,0.8069069945376307,1.000234819900835
2004-07-29,-0.002207179277113074,0.00866599780784405,0.8051279701758126,1.0089405199634995
2004-07-30,-0.003971601457750247,0.0014287777759562914,0.8019366642482928,1.0103831020749074
2004-08-02,0.0002783208421522349,-0.0009633267518083244,0.8021598909989267,1.0094102416695652
2004-08-03,0.0016576754345037845,0.0014778615190760291,0.8034907144767272,1.010903113079583
2004-08-04,0.0009329921818491966,-0.01248935849205246,0.8042407148493598,0.9983560968853639
2004-08-05,0.005312464963385699,0.0008397293481721135,0.8085245843473895,0.9991947978914858
2004-08-06,0.0003832436780119646,-0.011905807616988895,0.8088345056667577,0.9873691137051693
2004-08-09,-0.0008044403639337812,-0.008856167781292612,0.8081841081807262,0.9786634136425036
2004-08-10,-0.003069968290076448,0.006934644080347496,0.8057068131503096,0.9854736821930917
2004-08-11,-0.00112593673307694,-0.0028124619041491883,0.8048001487724411,0.9827059688728901
2004-08-12,0.00012434851121495756,0.0019099603572225732,0.8049002306951566,0.9845846918883605
2004-08-13,-0.00766321890387378,-0.002114845271050214,0.7987556776290056,0.9825046478696621
2004-08-16,-0.0014241575364696607,0.0041401371306175605,0.7976189333545061,0.9865807839020511
2004-08-17,0.0022528569235129516,0.004495456913996776,0.7994178803150371,0.9910258992344959
2004-08-18,-0.0015676014115495887,0.0013531572687455196,0.7981656934388189,0.9923678208442916
2004-08-19,-0.002090882966714005,0.006771985612170184,0.796498565877464,0.9991109277908727
2004-08-20,-0.0017595584341160053,0.0004868265171058539,0.7950983123833066,0.9995974398979403
2004-08-23,-0.0015155091985320493,0.009586055293237195,0.7938942461943,1.0092257110673402
2004-08-24,0.0011244696261418093,0.00333520542918464,0.7947874582613166,1.0125973054928274
2004-08-25,-0.0004514551373261369,-6.632827385821827e-05,0.794428728361523,1.012530143888822
2004-08-26,-0.001256837840023064,0.006160316968779611,0.7934308874679661,1.0187869025371277
2004-08-27,0.0,0.0020559724668149926,0.7934308874679661,1.0208836550524312
2004-08-31,-0.003500000000000003,0.0001971030352674319,0.7906587334612466,1.021084894151264
2004-09-01,0.0,0.0035094149867038738,0.7906587334612466,1.0246745999809819
2004-09-02,0.0,0.004051532929658208,0.7906587334612466,1.0288345242095875
2004-09-03,0.0,0.0036454061756874268,0.7906587334612466,1.032591888336135
2004-09-06,0.0,0.006848003163447913,0.7906587334612466,1.0396873479905606
2004-09-07,0.0,0.0031089378656172784,0.7906587334612466,1.042924701112433
2004-09-08,0.0,0.002489861131291349,0.7906587334612466,1.045524674231411
2004-09-09,0.0,-0.001718175895025098,0.7906587334612466,1.0437298213165525
2004-09-10,0.0,0.003913773642043594,0.7906587334612466,1.0478227477499418
2004-09-13,0.0,0.004169439224428473,0.7906587334612466,1.0522007014783825
2004-09-14,0.0,-0.003417371755604748,0.7906587334612466,1.0486110775530608
2004-09-15,0.0,-0.00019192855723559887,0.7906587334612466,1.0484098384542275
2004-09-16,0.0,0.0014229259250253534,0.7906587334612466,1.0499027098642448
2004-09-17,0.0,0.0058939891895963825,0.7906587334612466,1.0561090973095468
2004-09-20,0.0,-0.0028948955022958245,0.7906587334612466,1.0530561928855062
2004-09-21,0.0,-0.0002230138215200128,0.7906587334612466,1.0528213729846705
2004-09-22,0.0,-0.0012275826643239895,0.7906587334612466,1.0515297406734847
2004-09-23,0.0,-0.010197235928146142,0.7906587334612466,1.0408615293991321
2004-09-24,0.0,0.002784073575954338,0.7906587334612466,1.0437634021185556
2004-09-27,0.0,0.0006907705535148523,0.7906587334612466,1.0444846522220625
2004-09-28,0.0,0.0011075625103948994,0.7906587334612466,1.0456421251340264
2004-09-29,0.0,0.004657249945578812,0.7906587334612466,1.050523299466138
2004-09-30,-0.00016692354923478593,0.0010054809803214937,0.7905267649138594,1.0515801118764894
2004-10-01,-0.00018313958885163208,0.010141238284873566,0.7903820014235245,1.0622986943538473
2004-10-04,-0.003472503451384561,0.010680170625573027,0.7876421570084133,1.0737050280371034
2004-10-05,0.0028474519129431095,-0.0014695845979275646,0.7898881263023597,1.0721282865264734
2004-10-06,0.00014263330609276753,-0.0033066841226414567,0.7900007986924844,1.0685889518997593
2004-10-07,-0.0023501663697918173,0.0021325800427209884,0.7881463453737563,1.0708702350172903
2004-10-08,-0.002284949187488792,-0.0007208151023583298,0.7863475269093014,1.0700986137107789
2004-10-11,-0.00084116781890779,-0.0011763323318589869,0.7856863547925265,1.068840562201596
2004-10-12,0.0034818453762362326,-0.0093182485865686,0.7884267612613775,1.0589270999283575
2004-10-13,0.0035957444380025827,-0.00661150492838658,0.7912668454513774,1.0519490911765454
2004-10-14,-0.0015228801308604853,-0.002746374243725924,0.7900627579673898,1.0490640088581238
2004-10-15,0.000713248459320262,0.0031449362497593114,0.7906264700217557,1.0523684416796073
2004-10-18,-0.0006202749917097084,-0.0033368600230350154,0.790136216256411,1.0488626878548972
2004-10-19,-4.7520925433324054e-05,0.005868065358248131,0.7900986691443399,1.0550355764025894
2004-10-20,0.0008111534098887199,-0.007196299950400942,0.7907398203748134,1.047470476946493
2004-10-21,0.0020625626967103066,0.003213627378666928,0.7923724539568928,1.0508420713719813
2004-10-22,0.0016023771789765052,0.0035851183325696923,0.7936431512906793,1.0546162258995295
2004-10-25,0.0015300298359429468,-0.007279276218644881,0.7948583784210596,1.04696725634282
2004-10-26,-0.00025760072362486004,0.005655583919111251,0.7946536486979936,1.052905243085283
2004-10-27,-0.0018350505247507448,0.007222540226587526,0.7931967562474128,1.0605374222409902
2004-10-28,-0.0007666143020589599,0.0006324610851979884,0.792588913290048,1.0612083830458874
2004-10-29,-0.002559313181100907,-0.0007432138076151062,0.790563023585994,1.0604199713383753
2004-11-01,-0.00034930079151892276,0.006213122663776716,0.7902869275192044,1.0670290007901309
2004-11-02,-0.000672846993592779,0.006533927980274967,0.7897553641863968,1.0740237180385503
2004-11-03,-0.0005939046263947744,0.006987959578594882,0.7892864640766414,1.081555236692645
2004-11-04,-0.0019150477186174633,0.002927005167657981,0.7877763892284771,1.0847255920193002
2004-11-05,0.0036180650318202896,0.007610090217635701,0.7906317778111838,1.0930119415789055
2004-11-08,0.0010187898008247615,-0.0064201283315945545,0.7914376758532731,1.0860171424260916
2004-11-09,-0.00022783936989033936,-0.0004634707934556559,0.7912573757324121,1.085513921822419
2004-11-10,0.0010790400594061678,0.003747996272444709,0.7921116349451973,1.0895900578548066
2004-11-11,-0.0008512470060248584,0.006139037160522776,0.7914376391966437,1.0962996659037814
2004-11-12,0.00030296157300699404,0.007104711906073646,0.7916774507137545,1.1041162937573195
2004-11-15,-0.0005390916898298181,0.00154844058380732,0.7912507789969707,1.105827276571566
2004-11-16,-0.0015601265899384841,-0.005246960822846702,0.7900172900669792,1.1000402396293274
2004-11-17,-0.0004598999903064193,0.006262780738317986,0.7896540446576181,1.1069511686815285
2004-11-18,0.0009686726578540815,0.000772463305725779,0.7904193315362384,1.107806578184256
2004-11-19,0.0017447708890762897,-0.0007118665340506425,0.7917996359834116,1.1070182483811386
2004-11-22,-0.00026372588594648997,-0.008934300182568577,0.7915908454558633,1.0971718658075116
2004-11-23,0.001503232619495124,0.00437820695746538,0.7927816854665747,1.1019860423444081
2004-11-24,0.00031115620543495056,0.002037605778392404,0.7930284027893852,1.1042337446599355
2004-11-25,-0.0006894560418376114,0.0020334623822613196,0.7924818330053042,1.1064814469754625
2004-11-26,-0.0007534993983395295,-0.00036388621846228375,0.7918849233347204,1.1060788868734026
2004-11-29,-0.0017853746807690056,-0.0006522910527770875,0.7904723733831912,1.1053576367698974
2004-11-30,-0.009910828962863438,-0.0018683379720005888,0.7826768308444633,1.1032943831522004
2004-12-01,-0.0008628760745054976,0.0025358090212161954,0.7820017690222903,1.1060956772744048
2004-12-02,0.0015707007087507178,0.00398045168746286,0.7832310248989516,1.1105072118048471
2004-12-03,7.8547893532045e-05,0.005362927185467825,0.7832925484623479,1.1164787793493138
2004-12-06,7.221132562370007e-06,-0.0030846806237416757,0.7832982047420978,1.1130401052242134
2004-12-07,0.002392731173333495,0.003910661522963821,0.785174670818783,1.1174013504560478
2004-12-08,0.0012795859948548666,-0.0005856105032044923,0.7861800124044102,1.1167471800521507
2004-12-09,0.0002301170179564659,-0.0024814467916911553,0.7863609466216644,1.1139794667319503
2004-12-10,0.0009557043327712402,0.005091577163078398,0.7871128344194566,1.1196658431725757
2004-12-13,-0.0011781500216464554,0.008042464247292713,0.7861860434731355,1.1287070236376902
2004-12-14,0.0008381764152609521,-0.001963570679150095,0.7868452823134109,1.1264929021241654
2004-12-15,0.0038926979720418347,0.006264078600180412,0.7899142026628903,1.1335714894731956
2004-12-16,-0.0021657683758468126,0.005268830446906847,0.7882052826935255,1.1395598474186643
2004-12-17,-0.0011491939543207264,-0.0038640554401485616,0.7873000022189443,1.135165021384827
2004-12-20,-0.0010405130329647068,0.0033192480776822464,0.7864812323500134,1.1389391759123748
2004-12-21,-0.0011307820443493093,0.003088056142246387,0.7855923961289843,1.1424617201380878
2004-12-22,-0.0010885404264443022,0.004775040987860635,0.7847377123104292,1.1479300670788795
2004-12-23,-0.0014354491752753135,0.00430139547028574,0.7836120693034324,1.1528784030149997
2004-12-24,0.0,-0.0010335759542314804,0.7836120693034324,1.151687431205427
2004-12-29,0.0005645869144239731,0.004417891388836637,0.7840546113387117,1.1567867169417674
2004-12-30,-0.000836124911806796,0.0038786527282876904,0.783399317737783,1.1612822034772181
2004-12-31,-0.003499999999999997,0.0019768846224579306,0.7806622128533759,1.1635801950913554
2005-01-04,0.0,0.006695345284974508,0.7806622128533759,1.1713969048492896
2005-01-05,0.0,-0.009770621127168866,0.7806622128533759,1.1600073615670337
2005-01-06,0.0,0.0007805357832975091,0.7806622128533759,1.1609131422727654
2005-01-07,0.0,0.0062082170400188375,0.7806622128533759,1.1681427613264141
2005-01-10,0.0,-0.0009768992806460375,0.7806622128533759,1.167002160719848
2005-01-11,0.0,-0.0006902129645158794,0.7806622128533759,1.1661969586113343
2005-01-12,0.0,0.003403125704229737,0.7806622128533759,1.1701724341421096
2005-01-13,0.0,0.006315888981223594,0.7806622128533759,1.1775865018935874
2005-01-14,0.0,0.004193295576529366,0.7806622128533759,1.1825348378297074
2005-01-17,0.0,0.0036105979295832924,0.7806622128533759,1.1868122129609289
2005-01-18,0.0,-0.002589785833652769,0.7806622128533759,1.1837426000402802
2005-01-19,0.0,0.004496014179997232,0.7806622128533759,1.1890767056774574
2005-01-20,0.0,0.00035260683560345285,0.7806622128533759,1.1894960561805183
2005-01-21,0.0,-9.867606408775487e-05,0.7806622128533759,1.1893786871822971
2005-01-24,0.0,-0.002852935387851474,0.7806622128533759,1.1859903023558076
2005-01-25,0.0,0.0039664525391369665,0.7806622128533759,1.190703818391091
2005-01-26,0.0,0.0016469061625912218,0.7806622128533759,1.192666411507174
2005-01-27,0.0,-0.0004642709139499601,0.7806622128533759,1.1921128197004967
2005-01-28,0.0,-8.44423027857033e-05,0.7806622128533759,1.192012159198883
2005-01-31,0.0,0.008393868253614656,0.7806622128533759,1.2020598627757375
2005-02-01,0.0,0.00822702695115396,0.7806622128533759,1.2119900335455833
2005-02-02,0.0,0.004487935068432591,0.7806622128533759,1.2174415900853743
2005-02-03,0.0,0.0011842277435398785,0.7806622128533759,1.218884172196783
2005-02-04,0.0,0.003969254078198148,0.7806622128533759,1.223731847631287
2005-02-07,0.0,0.0034892587333956726,0.7806622128533759,1.2280092227625088
2005-02-08,0.0,0.005109246636443743,0.7806622128533759,1.234299480308423
2005-02-09,0.0,-0.0014823852211911515,0.7806622128533759,1.2324711284959546
2005-02-10,0.0,-0.00031305405755333027,0.7806622128533759,1.2320853587948972
2005-02-11,0.0,0.0033027960412947976,0.7806622128533759,1.2361614129228922
2005-02-14,0.0,8.142658587750873e-05,0.7806622128533759,1.236262073424505
2005-02-15,0.0,-0.0009231125872801726,0.7806622128533759,1.235121390913543
2005-02-16,0.0,-0.008633827138927685,0.7806622128533759,1.2245034689377992
2005-02-17,0.0,0.00015068695522479914,0.7806622128533759,1.2246879995400237
2005-02-18,0.0,-0.0007673153876304184,0.7806622128533759,1.2237486380322893
2005-02-21,0.0,-0.008410306776680088,0.7806622128533759,1.2134996953566022
2005-02-22,0.0,-0.005433248766122389,0.7806622128533759,1.2069243286112437
2005-02-23,0.0,-0.0027556685683265414,0.7806622128533759,1.2036030234843649
2005-02-24,0.0,0.0012117687074209016,0.7806622128533759,1.2050623959967752
2005-02-25,0.0,0.008399929688952312,0.7806622128533759,1.2152274685718496
2005-02-28,-0.005482398284939436,0.0012828468535257542,0.7763940223273563,1.2167874196814776
2005-03-01,-0.0012915306481133342,0.0036876785946056145,0.775391932906403,1.2212828243125322
2005-03-02,-0.00023313060080970712,-0.002750730751515107,0.7752111863888121,1.2179280202880451
2005-03-03,-0.00029817083088937954,0.0015138381840014148,0.7749800754822297,1.2197731625015145
2005-03-04,-0.0013931598679896404,0.005827482522610339,0.7739011560706944,1.226902121053549
2005-03-07,0.005521833809088241,-0.0020939569409161862,0.7781863297595162,1.2243357287365755
2005-03-08,0.0007407386456133114,-0.0043112257861395165,0.7787629759931652,1.2190687027990095
2005-03-09,0.0021992953333576687,-0.0020109503020808717,0.7804775905528403,1.2166196794802544
2005-03-10,1.2973032797620413e-05,-0.002982534839397033,0.7804877157798977,1.2129964747529287
2005-03-11,-0.001208147780078237,0.004855878670101177,0.7795453406575318,1.2189009625977847
2005-03-14,-0.0016214163431844688,-0.0012668956958208355,0.7782823972571602,1.2173577199847616
2005-03-15,-0.003054831183861887,0.0008126196102740124,0.7759085036883152,1.2183473707911063
2005-03-16,0.0018956229565767972,-0.008142307200751375,0.7773807286109341,1.2084674893198721
2005-03-17,0.0002443049240289678,-0.0013472659308781942,0.7775706697516123,1.206840458510632
2005-03-18,-0.0017247111302792096,0.003911849794819844,0.7762307407902589,1.211570683042522
2005-03-21,-0.0019846353382622847,0.000775024976736205,0.7746917335206982,1.2125100445502566
2005-03-22,-0.0017954322210361664,-0.003950519744350345,0.7733020749131907,1.2077294488153625
2005-03-23,-0.0020806203285976908,-0.01576248019397397,0.7716947995407084,1.1888418857766208
2005-03-24,0.0,0.007954297746163519,0.7716947995407084,1.1983359975468002
2005-03-29,-0.001263258079900117,-0.0033370012264271054,0.7707205653341469,1.194343813519418
2005-03-30,0.0002534454756917971,-0.005153575509019959,0.7709159257300119,1.188204505773726
2005-03-31,-0.003500000000000004,0.006599091355932174,0.7682224363459821,1.1960715048302695
2005-04-01,0.0,0.007001600433673261,0.7682224363459821,1.2044753052924901
2005-04-04,0.0,-0.0062305633506483105,0.7682224363459821,1.196994075937005
2005-04-05,0.0,0.003818346104928594,0.7682224363459821,1.2015733506686708
2005-04-06,0.0,0.007537891172315625,0.7682224363459821,1.2106649023367893
2005-04-07,0.0,0.0030435106843871296,0.7682224363459821,1.2143551867637261
2005-04-08,0.0,0.0035299317549206677,0.7682224363459821,1.2186493522959487
2005-04-11,0.0,-0.003198485571278553,0.7682224363459821,1.2147577468657844
2005-04-12,0.0,-0.002059577122137668,0.7682224363459821,1.2122584342484215
2005-04-13,0.0,0.0023633456337233127,0.7682224363459821,1.2151268080702355
2005-04-14,0.0,-0.011202642969974974,0.7682224363459821,1.2015901410696725
2005-04-15,0.0,-0.012813081869214926,0.7682224363459821,1.1862922838606484
2005-04-18,0.0,-0.02009539309908348,0.7682224363459821,1.1626912047866245
2005-04-19,0.0,0.00970534331711903,0.7682224363459821,1.1740304587702686
2005-04-20,0.0,-0.002489115209835191,0.7682224363459821,1.1711117956498451
2005-04-21,0.0,-0.0016198701787732972,0.7682224363459821,1.169216282233373
2005-04-22,0.0,0.006078698370220792,0.7682224363459821,1.1763452407854074
2005-04-25,0.0,0.0005559495250260227,0.7682224363459821,1.176999411189302
2005-04-26,0.0,-0.009033325715883223,0.7682224363459821,1.1664150700155624
2005-04-27,0.0,-0.018139572785731417,0.7682224363459821,1.1454475448625183
2005-04-28,0.0,-0.013252508771801175,0.7682224363459821,1.1303676352489327
2005-04-29,0.002299437696914757,-0.001470170013030625,0.7699909484882376,1.1287070236376902
2005-05-03,0.0005125893379047756,0.008582600640144378,0.7703857388127271,1.138435955308702
2005-05-04,-0.0004899536022341859,-0.006341048474196143,0.7700083779970804,1.131239917057056
2005-05-05,-6.693975104870881e-05,0.006900837102621793,0.7699568355530902,1.1390734172159915
2005-05-06,-0.0034321423499679956,-0.001458997514086846,0.7673187637986554,1.137412723700356
2005-05-09,0.0017592616919478053,0.0013558812825156252,0.7686698664283963,1.1389559663133766
2005-05-10,-0.0018141516149020327,-0.0066642922962074636,0.7672766468867368,1.131390866857279
2005-05-11,0.0026983912508925503,-0.00022241498601083265,0.769349855383571,1.1311392565554423
2005-05-12,-0.00297052459004939,0.009416669956870294,0.7670678737391178,1.1418411305361935
2005-05-13,-4.5564003245872646e-05,-0.0017938566421484836,0.7670329238522633,1.1397946673194999
2005-05-16,0.0012892768052330881,0.0015440611868839937,0.768022479378257,1.1415559394323553
2005-05-17,0.0008470946948101112,0.00369607715343534,0.7686733427785799,1.1457830252649663
2005-05-18,0.002004385321389968,0.0038428423588001692,0.7702156054717967,1.1501945597954089
2005-05-19,-0.0008117007087305948,0.01074851655159037,0.7695906745816947,1.1626241250870126
2005-05-20,-0.00042833359654452155,0.0004615383776283011,0.7692611036283787,1.1631608445882933
2005-05-23,-0.0034588279623513764,0.007571196338867381,0.7666049580361868,1.172000785954575
2005-05-24,0.0012894508203701925,0.002101725037846336,0.7675940950129176,1.1744665996743322
2005-05-25,0.0027319097663314968,0.002510465532894912,0.7696939598322671,1.1774187616923633
2005-05-26,-0.0012270573099181648,0.010360304290500721,0.768750080447935,1.1896805867827425
2005-05-27,0.0008259976398671477,0.0018312701702871692,0.7693853285206194,1.1918612093986596
2005-05-31,-0.0020928332184975214,0.0012517709500539098,0.7677768171074258,1.193354080808677
2005-06-01,0.00044626035832247496,0.004753788531672853,0.7681195219270402,1.1990405391536993
2005-06-02,0.0007174556533765275,0.002975313089388365,0.768670811359728,1.2026133726780213
2005-06-03,0.0014250454466839732,0.004911526283548184,0.7697669830611965,1.2085345690194815
2005-06-06,-0.0010480557870310298,-0.0019867331122078724,0.7689606469363628,1.2061359169037325
2005-06-07,0.00014062370485303335,0.0073161663479552885,0.769068788634886,1.2149925667666195
2005-06-08,0.0014324881551164006,-0.0022113812768207453,0.7701712600151474,1.2123087235470307
2005-06-09,0.00166976601735857,-0.0011075271737386316,0.7714583400748952,1.2109668019372344
2005-06-10,0.0007892970393471937,0.00620023260491287,0.7720674902272775,1.2184984024957257
2005-06-13,0.0005530321949343553,0.0059704126503667965,0.7724945864941428,1.2257951012489834
2005-06-14,-0.000294166359124124,-0.0024525294875719084,0.7722673779943778,1.2227924861235524
2005-06-15,2.7813654148061578e-05,-0.004275307659970196,0.7722888578708547,1.2175758313889908
2005-06-16,0.0002505250111872107,0.008122611873597307,0.7724823597831348,1.2275060021588367
2005-06-17,-0.0013690368941236524,0.005043356267163901,0.7714255265194617,1.2337123896041364
2005-06-20,0.0009366622622456116,-0.002613877967574396,0.7721484302037331,1.2304918268832659
2005-06-21,0.001608219428413918,-0.004412886744416866,0.7733912133769703,1.2250737692410816
2005-06-22,0.0015194008977129168,0.005502849628340911,0.7745671978505532,1.231833748493062
2005-06-23,0.0009691823739664951,0.005161161441357365,0.7753182586248044,1.2382078761395874
2005-06-24,0.0010744433338454448,-0.007192225779036221,0.7761517418444541,1.229334353971301
2005-06-27,-0.003816100181269212,-0.008550795302422642,0.7731955132614602,1.2188673817957822
2005-06-28,0.0017283707025214459,0.006037008701891722,0.7745330372695955,1.2262479506496526
2005-06-29,0.0010779191637476158,0.002554760133001821,0.7753683714038779,1.229384725174307
2005-06-30,-0.0016616630070268668,0.005388587773515141,0.7740810403157277,1.2360272535236692
2005-07-01,-0.0015741632802633296,0.010462535003863849,0.772863468945613,1.2490271191185567
2005-07-04,-0.00028387161820947227,-0.0015725332235732026,0.7726441060789475,1.2470645260024735
2005-07-05,-0.0005267300453478182,-0.003651840795539485,0.772237238378043,1.2425187501684156
2005-07-06,-0.0002489521826879312,0.012010101377345705,0.7720450121605569,1.2575314981779961
2005-07-07,-0.00437159876868742,-0.014646075172874973,0.7686773076258367,1.239247816244541
2005-07-08,-0.00023685331559273595,0.017549763090004333,0.7684952654164061,1.2611882837073245
2005-07-11,-0.00017855835797463276,0.006456257863789006,0.7683580564139737,1.2693571823643135
2005-07-12,0.0013824341815898513,-0.003998748338529978,0.7694209954071749,1.264291477429973
2005-07-13,0.0006569881250901951,0.0005968605159551998,0.7699266619546223,1.2650463083354828
2005-07-14,0.0020343695740407106,-0.004385272421686182,0.7714945716430743,1.2595108816950793
2005-07-15,0.0017840017430897407,-0.005060311959740105,0.7728721477373833,1.2531534625451617
2005-07-18,-0.0016695990428121587,-0.004803482401745995,0.7715828377541643,1.2471483961030858
2005-07-19,0.0002789354547509087,-0.0026801050665739012,0.771798089583179,1.2438103824796014
2005-07-20,0.0008806113263974532,0.0026263171581959455,0.7724780430659864,1.247081316403477
2005-07-21,-0.0013964868305027735,0.004402074574473502,0.771400040535352,1.252583162241876
2005-07-22,-7.792897135360096e-05,0.003795971049230573,0.7713399284659572,1.2573469675757705
2005-07-25,-0.0010037764015834215,0.0004134924688035113,0.7705660641065317,1.257866978580444
2005-07-26,0.0005774471643034849,-0.0007470682122896477,0.7710111537906787,1.2569276170727077
2005-07-27,-0.0009446807970636467,0.008107649822020946,0.7702831382846465,1.2671597693473937
2005-07-28,-0.0015652522338806042,0.003013641880063034,0.7690783939920436,1.2709842950779466
2005-07-29,-0.0004669771453790824,0.0036885341235723956,0.7687193358015538,1.275681020712229
2005-08-01,0.0010043690883611356,0.0016685007533308038,0.7694918015955051,1.2778112721251413
2005-08-02,-0.0004762360478871256,0.0024649022718588043,0.7691254291078491,1.2809648370507967
2005-08-03,0.000348130182661914,0.005067905920965288,0.7693932314963168,1.2874731240965431
2005-08-04,0.0008311385668226567,0.00132806416401543,0.7700329697027866,1.2891841069107897
2005-08-05,-0.001435139414995909,-0.0006638116127213323,0.7689286576475373,1.288328615503666
2005-08-08,-0.0025864141043006046,-0.0008597012067852461,0.7669424593950128,1.287221513794706
2005-08-09,0.0014362039055836617,0.003707007927660655,0.768044736508431,1.2920021095296015
2005-08-10,0.0013474885547903352,0.004171826392934008,0.7690803655929107,1.2974033767707829
2005-08-11,-0.00019796999120527388,-0.005094054815954152,0.7689281258296478,1.2908111377200289
2005-08-12,0.0011889826535692546,0.0013635392138411362,0.7698429117576329,1.2925724098328837
2005-08-15,-0.0006187242647112999,0.00010385053262851329,0.7693667385932487,1.2927066511365004
2005-08-16,9.556915734717955e-05,-0.0012464746992080222,0.7694402698377505,1.2910963288238673
2005-08-17,0.0017134706977215827,-0.005536932362181446,0.770759813370507,1.2839673702718324
2005-08-18,-0.0025589146034946057,-0.004543613187289353,0.7687900261617678,1.27814675252759
2005-08-19,-0.0013951689277297734,0.005914415321068844,0.7677181820809585,1.2857286423846892
2005-08-22,-0.000324888542057278,0.0034773384747435188,0.7674687997529955,1.2902073385191375
2005-08-23,-0.0008991729937666928,0.002039042849418138,0.7667790226956244,1.292840810535723
2005-08-24,-3.3723358247292985e-05,-0.0003763199081685542,0.766753164767956,1.2923543803330506
2005-08-25,-0.0024521927895660017,-0.0033022082300337985,0.7648752416417448,1.2880937956028313
2005-08-26,0.0031471526387652016,0.0027828963066465207,0.7672862126336946,1.291683419528154
2005-08-30,-0.0013114846888252758,0.0028399220900432454,0.7662805880886144,1.2953569135540886
2005-08-31,-0.007772403926953594,0.003464453528440714,0.7603478315931326,1.2998524000895368
2005-09-01,0.0014487408177273607,0.006341770074875797,0.7614501768459087,1.3081219592481406
2005-09-02,0.0008968171231534929,-0.0007953659487682785,0.7621333647044277,1.3070819372387918
2005-09-05,-0.0069788568769729754,-0.0005391013272184608,0.7568330615718152,1.3063774775362849
2005-09-06,0.002156674310772968,0.0009368633774737845,0.7584670653669092,1.3076019482434653
2005-09-07,0.0013511429689675553,0.00701791913373917,0.7594925554453177,1.3168108689098037
2005-09-08,-0.003100975955095289,-0.00556935837922623,0.7571410351810679,1.309497461659937
2005-09-09,-0.0003502531879868878,0.005671297438727407,0.7568758905563258,1.316945110213421
2005-09-12,0.0003478159998856267,0.006386284798260533,0.7571391898881947,1.3253824095732467
2005-09-13,-0.0006793279661845468,-0.008656094382548218,0.7566250187274074,1.313959285488989
2005-09-14,0.0004505811323905859,0.003797090920077295,0.7569660165029534,1.3189579926281123
2005-09-15,-0.0007966592936504253,0.00044501802504903765,0.7563632126374612,1.319545083332398
2005-09-16,0.0013518231594926312,0.004439321805518759,0.7573863733556576,1.3254159903752507
2005-09-19,-0.0009077441507695424,0.00361299766780121,0.7566991722539494,1.3302133765111468
2005-09-20,-0.0005120555315327694,-5.049062107076452e-05,0.7563117994437498,1.33014621490714
2005-09-21,0.0024055899010028466,-0.010228902035834153,0.7581333655626015,1.316609629810972
2005-09-22,-0.00038647563460669277,-0.0014662104734597392,0.7578404221004306,1.3146806174968926
2005-09-23,0.0012010838516586905,0.003858500815576704,0.7587511988436783,1.3197631128322325
2005-09-26,0.001655940033694663,0.0035397694696470694,0.7600086862039379,1.324443048065513
2005-09-27,-0.0014748048283324613,-0.0004940431469364626,0.7588886478459504,1.3237888776616167
2005-09-28,-0.001564707301679479,0.005522073146023487,0.7577021377500881,1.331119157216879
2005-09-29,-0.001120239426083515,-0.001324027489911117,0.756853805198655,1.3293578851040235
2005-09-30,-0.0023630425693090557,0.003275345854031997,0.7550674388992831,1.333719130335855
2005-10-03,-0.0014236551609759385,0.00211066158983364,0.7539932480631034,1.3365371329546671
2005-10-04,0.0004237172893870268,0.00145479511057367,0.7543127957325442,1.3384829356697483
2005-10-05,0.002212220654211854,-0.011697931676422968,0.7559833492141618,1.3229166777578865
2005-10-06,-0.0030483829595696235,-0.013968612038931738,0.7536823314282799,1.304565834220426
2005-10-07,0.0004399409238810847,-0.004419999737162783,0.7540139800770387,1.2988123780801881
2005-10-10,-0.0008252081699197116,0.0033908356875151924,0.7533920182397349,1.3032239126106315
2005-10-11,0.0012556590878689692,0.005020019708137369,0.754338615951802,1.3097825708593833
2005-10-12,0.003348940923181291,-0.006694673617197111,0.7568690862454391,1.3010432899947153
2005-10-13,-0.0029852609797655274,-0.017414123255997893,0.754613003668598,1.2785828934316525
2005-10-14,0.0008031900731875838,0.0005770666723989848,0.7552193448132404,1.2793209339361595
2005-10-17,0.0006305847311559431,-9.17474101598259e-05,0.7556957247839357,1.2792035649379407
2005-10-18,-0.001330474421044891,-0.0025734422682361924,0.7546909595074838,1.2759158406130644
2005-10-19,0.0019052547575078866,-0.024621951838364353,0.7561302086813292,1.2448839033865577
2005-10-20,0.003901520550174848,0.008733575844495078,0.7590860285757149,1.2558038068671424
2005-10-21,-0.000987912267869644,-0.004887300698957375,0.7583364884766068,1.2496812895224534
2005-10-24,-0.0007282316082916,0.013359803474454424,0.7577844449081619,1.2664888085424963
2005-10-25,-0.0019437400715385934,-0.0019488014342723403,0.7563129394923207,1.2640230767271365
2005-10-26,-0.002929326170008589,0.012894872416714165,0.7541006939822141,1.2804280356451192
2005-10-27,0.0012484570556361482,-0.012987795055380502,0.7550427442465658,1.2639056258245203
2005-10-28,0.0002038654307134984,-0.004535892148178178,0.7551966870521037,1.2581856685818917
2005-10-31,-0.0022292153744967553,0.027651206436127396,0.7535150660306631,1.2934614820420114
2005-11-01,-0.0007019417966644448,0.00852266869805085,0.7529863279048049,1.304532335322819
2005-11-02,0.0005129656625299187,0.012293732969212101,0.7533726831203822,1.3206688935379645
2005-11-03,-0.0012958910708321864,0.011717786706435973,0.7523970264962091,1.3362352333542222
2005-11-04,-0.0017517663416626579,-0.002325041707072373,0.7510801564706745,1.3331320396315711
2005-11-07,-0.0030083954099033587,0.007933093544234993,0.7488240057737756,1.343749961607315
2005-11-08,0.0008619410626057701,-0.0002746269609321672,0.7494697261795056,1.3433809823072569
2005-11-09,-0.0022809458296410975,-0.002437821111669791,0.7477621744899119,1.340110048383382
2005-11-10,-0.0019910303936391278,0.001975692392733208,0.7462748384302806,1.3427603108009696
2005-11-11,0.0008224972390030972,0.0048476816179867654,0.7468888999217499,1.349285388247718
2005-11-14,-0.0002729966170322001,0.005615834743439407,0.7466850296079915,1.3568840685058192
2005-11-15,-0.00017958116373496596,0.0009637598938727621,0.7465509510807803,1.35819240931361
2005-11-16,-0.0029313074871344944,-0.00443116966406798,0.7443657849499512,1.3521873428715356
2005-11-17,-0.0036147472811163383,0.005147203813283596,0.7416799479880922,1.3591652697189542
2005-11-18,0.0021785559766449966,0.009959140824921775,0.7432975005962342,1.3727690164191289
2005-11-21,0.0005075464467458775,0.005520030673904941,0.7436748543557161,1.3803676966772283
2005-11-22,0.0014320728872312472,0.002015127768403957,0.7447406138920816,1.383152118494037
2005-11-23,0.000884516714792784,0.007334384723973741,0.7453996408304585,1.3933339814701138
2005-11-24,-0.0017772249346707208,-0.0020245369696656468,0.7440760744884097,1.3905159788513013
2005-11-25,-0.0012855115170835743,0.003516277635535303,0.743120170669392,1.3954140254888103
2005-11-28,-0.0007896959472734848,-0.00030056565272751357,0.7425335633334801,1.39499467498575
2005-11-29,0.0011609854323871374,0.0037325769781340057,0.7433961346030206,1.4002113297203123
2005-11-30,-0.004087195677623209,-0.0023507223744356764,0.7403639299628816,1.3969236872998296
2005-12-01,-0.0018155293139386639,0.008691714908904302,0.7390209969810241,1.4091182688818087
2005-12-02,0.0009628041158324773,0.0115277563224776,0.7397328720817506,1.4254562300045763
2005-12-05,0.0008875451820854973,-0.0025922012865660093,0.7403897098718871,1.4217659455776424
2005-12-06,0.00017600469223067757,0.0014030255192629681,0.740520033403344,1.4237621194957282
2005-12-07,-0.0024967205169513116,0.001894975114330677,0.7386734679808517,1.4264626712119235
2005-12-08,8.22533825192988e-05,-0.007116016739256992,0.7387342288710305,1.4163479698398527
2005-12-09,-0.0008610483629643293,0.004124671462351515,0.7380984167443736,1.4222020045773074
2005-12-12,0.004196023334358659,0.0015086368506622705,0.7412020017279585,1.424349210200012
2005-12-13,0.001082826023292212,0.0029985381178683213,0.7420050292350235,1.428626585331235
2005-12-14,-0.000599537719783322,-0.0027748763459705117,0.7415603025602577,1.424667818297064
2005-12-15,0.0013138511347609947,0.0028100768763437145,0.7425352427281476,1.4286768746298437
2005-12-16,-0.0016169182559851183,0.006739975125698905,0.7413355940667448,1.4383386446968498
2005-12-19,-0.001345731056557836,0.0022715237057688853,0.7403386267099029,1.4416095786207237
2005-12-20,-0.0014299397635421564,0.0002093964951868088,0.7392807436039004,1.4419114782211708
2005-12-21,0.002386388753328429,0.007867943110388964,0.7410470615784205,1.4533011034078194
2005-12-22,-0.001456513677792945,0.007245158482485081,0.7399685020563656,1.463868736084954
2005-12-23,-0.0009764525575539583,0.003751383159809052,0.7392463105702668,1.469370581923356
2005-12-28,0.0028951196327835146,-0.001610878001081062,0.7413896181463331,1.4670055106096076
2005-12-29,-0.002185475695578508,0.008641041841912056,0.7397710984168976,1.4797368935972615
2005-12-30,-0.0038732717939240395,-0.003099453045306788,0.7369113058396745,1.4751576188655962
2006-01-03,0.0012723826520701787,0.011194400148086814,0.7378495357685022,1.491763898786807
2006-01-04,0.0006683354902510938,0.007215357125373245,0.7383428316249239,1.502566433269172
2006-01-05,-0.00016400185982886348,-0.006653294102214602,0.7382217519562628,1.4926025997929298
2006-01-06,-0.0017455904313632032,0.001931109684210952,0.7369342431882459,1.4954877640157447
2006-01-09,0.00019275584131745122,-0.0020546925423943208,0.7370763052594944,1.4924181510950987
2006-01-10,0.003356142367644005,-0.006099192713259427,0.7395541940236467,1.4833433079235874
2006-01-11,0.0001642971625766333,0.009554955902645546,0.7396757106614426,1.4975845165310506
2006-01-12,-0.00184302168177772,0.0012201771699729136,0.7383137277567448,1.4994129502479132
2006-01-13,0.0015794647482359355,-0.0019484889195826582,0.7394807896868407,1.4964942052230907
2006-01-16,-0.001554696679251389,0.0028318107342020227,0.7383320145885499,1.5007379995523114
2006-01-17,0.0024463077532961073,-0.007314227651166405,0.7401404129679815,1.4898013056707236
2006-01-18,0.002235378459930458,-0.003925887337144829,0.7417967574931732,1.4839639794298733
2006-01-19,0.0008601345432312982,0.012223201690007457,0.7424350769893201,1.5022140805613255
2006-01-20,-0.0007990446317062837,0.0015175163679046477,0.7418420751756705,1.5044954455832507
2006-01-23,-0.0008564377049339797,-0.0061285171228924185,0.7412070056389497,1.4953033153179145
2006-01-24,0.0024347814481389613,0.0016364159648230014,0.7430138814867859,1.497752256732274
2006-01-25,0.0005647240589306626,0.014366039846484213,0.7434335978025773,1.51942432349222
2006-01-26,0.00011513481299404719,0.002590974883052155,0.7435191978185102,1.5233662182209928
2006-01-27,-0.008352990362420822,0.013800432397170326,0.7373344556311415,1.5445350643772624
2006-01-30,-0.0012985461147347404,-0.00416823144645484,0.7363776142243212,1.538110483623339
2006-01-31,-0.003729083194174413,0.00032711453964395787,0.7336367145362921,1.5386137042270118
2006-02-01,0.0032148989900473027,0.01122042097813214,0.7359990778138756,1.5559748150537334
2006-02-02,0.0036825394791942094,-0.0044730085706987666,0.7387144200835453,1.5490304690083194
2006-02-03,0.001890177467043618,0.0008118245217918485,0.7401120418954804,1.5502885205175014
2006-02-06,0.003801104230927304,0.004910991477297344,0.7429306384051669,1.5579206996732098
2006-02-07,-0.0008390382070036226,-0.004770363351134677,0.7423075526473235,1.550506550017334
2006-02-08,0.00027127533034351726,-0.0003029403143575138,0.742508949689674,1.5500369102156646
2006-02-09,-0.0005644176577312911,0.01375670531460571,0.7420899827747304,1.5715076559723815
2006-02-10,-0.0009180330358580326,-0.0047075524343043185,0.7414090322703178,1.5641270871185096
2006-02-13,0.0033710372167775828,0.000868241713394724,0.7439125670946648,1.5654857172249126
2006-02-14,0.005317573096856927,-0.001340260024651485,0.7478789128684297,1.5633889647096078
2006-02-15,0.0008984350949315816,0.0015330886724083115,0.7485511354594763,1.565787616825358
2006-02-16,0.0006941117632868629,0.003667850370719705,0.7490708939724015,1.5715412367743842
2006-02-17,-0.00037724176036454547,0.01102877830818727,0.7487883664436632,1.58896934539632
2006-02-20,0.003990579325434035,-0.0016904746154633443,0.7517824358804057,1.5862855021767315
2006-02-21,9.785784867103072e-05,0.00022209972926745536,0.751856007291961,1.5866378548845779
2006-02-22,8.014813631740782e-05,0.0014789932256054072,0.7519162695646467,1.5889862177017187
2006-02-23,0.000367055884385293,-0.0006125429177803454,0.7521923155150013,1.5880131934875843
2006-02-24,0.0003309725851892802,0.0012246078293696172,0.7524413117534182,1.5899590781070605
2006-02-27,0.00040212648035160164,0.0029390564734370628,0.7527439491749671,1.5946389314359468
2006-02-28,-0.0022473765575575406,-0.006151442669651175,0.7510541495889591,1.5848597104663245
2006-03-01,0.003840324227836789,0.005867471309809247,0.7539439864396487,1.5941861639396735
2006-03-02,-0.0024357384318568058,-0.0005683903779925004,0.7521098107892912,1.5932803013295451
2006-03-03,-0.0022574766414991316,-0.002762162084907871,0.7504138554695956,1.58888547529571
2006-03-06,-0.0007086406605158103,0.007750489265646365,0.7498822700731543,1.6012479608877026
2006-03-07,-0.0008960359375950736,-0.009229576335386014,0.7492106495532004,1.5865371124785679
2006-03-08,0.0023792710665289617,-0.016394488149174435,0.7509953470720816,1.56073870229202
2006-03-09,-0.00488594179855209,0.008198831192645528,0.747334976974756,1.5735875361822895
2006-03-10,0.0009280140588876451,0.005209674328011005,0.7480288362458698,1.5818068060422845
2006-03-13,-0.001871034032449202,0.01700188681666326,0.7466305573576146,1.6089304293420192
2006-03-14,-0.0038457361454895442,0.005582938909341806,0.7437647273808813,1.6179381109095246
2006-03-15,-0.0024289282488891848,0.008619630647483945,0.7419603684403163,1.6319444177117588
2006-03-16,0.0007461803374593423,0.008790562995404372,0.7425142112860437,1.646353366520449
2006-03-17,-0.0020937320311392306,0.003153485560916991,0.7409612118479573,1.6515533127584021
2006-03-20,-0.0017225821571182597,-0.0031433368211875035,0.7396859439774917,1.6463700750170536
2006-03-21,6.466107618918044e-05,-0.0004994003418463677,0.7397337744130382,1.6455480825075381
2006-03-22,-0.0007974937622462874,0.004931703694358802,0.739144076513673,1.6536834822669197
2006-03-23,-0.0014869908025904035,-0.0008118037014650525,0.7380457928413393,1.6523415606571255
2006-03-24,0.0015581130258704873,0.008018119471708829,0.7391966479531956,1.6656434896612495
2006-03-27,0.003173707864076018,-0.007520771866333931,0.7415463688594813,1.653163553166639
2006-03-28,-0.001137807084062396,-0.004005819973382785,0.7407031119706368,1.6465545237148855
2006-03-29,0.0009145853857246767,0.0004787105441792505,0.7413808580931127,1.6473429354223963
2006-03-30,0.0030587307153402505,0.0034864824941553962,0.7436520141522132,1.653096391562635
2006-03-31,-0.004024427381215915,-0.00048715630488516126,0.7406652546538484,1.652291271358517
2006-04-03,-7.7969731580664e-05,0.0031118294679135516,0.7406075074340488,1.6574409282978628
2006-04-04,-0.0013689715062672192,0.0011429357799848106,0.7395943305224368,1.6593363598099387
2006-04-05,-9.814322038467597e-05,0.004307219010968311,0.7395217479148648,1.666498899163976
2006-04-06,-0.000260523365034528,0.0019708406507952247,0.7393291103149693,1.669786541584459
2006-04-07,0.0007070794498774623,-0.0031693835409676296,0.7398520595971267,1.6645027252458908
2006-04-10,-0.0007765363729077211,-0.0044641240431904095,0.7392777605731783,1.657088739398807
2006-04-11,0.000640255697351654,-0.013770043809882893,0.7397512389287437,1.6344269399281228
2006-04-12,-0.0010876932360403993,-0.004556827471510871,0.7389470539423779,1.6269960817756401
2006-04-13,-0.001305283850370726,0.007753768082405799,0.737983147509194,1.639660466968079
2006-04-18,0.0014741508880829375,0.0010429541758529837,0.7390718482789317,1.6413714497823257
2006-04-19,-0.002620220689611385,0.008811127806348296,0.7371378517862706,1.65589768568484
2006-04-20,0.003639312438984135,0.0018014725706763102,0.7398254142129016,1.6588834285048744
2006-04-21,-0.0026852187825182616,0.0061692698963575765,0.7378414859476694,1.6691491615815632
2006-04-24,4.908657895809365e-05,-0.00016076476165238773,0.7378777049509542,1.668880842783121
2006-04-25,0.0003376689644553368,0.0017774764589404413,0.7381269054227444,1.6718498771065498
2006-04-26,-0.001353159031226302,0.0030753830996061993,0.7371287777994853,1.6769993702371044
2006-04-27,-0.001996554756477115,-0.007227786326337693,0.7356585280375075,1.664922075748952
2006-04-28,-0.0015041741609075057,-0.0047362948650082615,0.7345528012996555,1.6570551585968045
2006-05-02,-0.0012006837290019024,0.004615466779219091,0.7336713649720635,1.6647209185545153
2006-05-03,0.0012806113662058056,-0.0028354805317540865,0.7346115147158461,1.660007320614837
2006-05-04,-0.0010563198702348054,0.006074678449758508,0.7338359396757276,1.6701220219869066
2006-05-05,-0.0009083576129705489,0.01508172634515148,0.7331696568705942,1.695501245479185
2006-05-08,-0.003726366633588124,0.0024109866153736448,0.7304426819341994,1.699594008103785
2006-05-09,-0.0025762534131186193,0.0003059632747479668,0.7285632984053626,1.700114101012854
2006-05-10,0.00011161342577449887,-0.0026477768136476953,0.7286446203892194,1.6956185325730078
2006-05-11,-0.003184088036470161,-0.0032896599970051454,0.7263282415047808,1.6900496889393917
2006-05-12,-0.000703086748915864,-0.026511124969673006,0.7258177492240239,1.6458332736113765
2006-05-15,-0.0009541715529600582,-0.026280483119219156,0.7251255248779896,1.603143392399779
2006-05-16,-0.0002797085477451009,-0.0015811526501536832,0.7249227294336249,1.6006105808848077
2006-05-17,-0.0013671230324165248,-0.02830440637085907,0.7239323480143726,1.5559413980605203
2006-05-18,-0.0048190365617811586,-0.015328406543998696,0.7204520840558766,1.5322731573824888
2006-05-19,-0.0016225482954260245,0.006307495680053066,0.719284063596009,1.5419685082514976
2006-05-22,0.003039036675317476,-0.040402362670564074,0.7214733191742957,1.4809110750058327
2006-05-23,-0.0034531040757804585,0.044928383631626545,0.7189862931663696,1.5489633074043114
2006-05-24,-0.0011366413638660027,-0.01971814202150135,0.718169527878045,1.5187197818853189
2006-05-25,-0.0013395300966823512,0.014963692837914877,0.7172081622138042,1.5416163193524433
2006-05-26,0.002383923579620903,0.03396320764626637,0.7189199712634837,1.5948738332411776
2006-05-30,-0.0011566104278626162,-0.029078795460710793,0.7180889416093459,1.5491646284075393
2006-05-31,-0.0020265244393749575,0.0067661000073790944,0.7166351903482816,1.5596819717860644
2006-06-01,-0.001196394621331106,0.0013112428314219216,0.7157783245381225,1.5617284350027614
2006-06-02,-0.002058880866533294,0.014639249436008583,0.7143061382891503,1.584759131869105
2006-06-05,-0.0013994136492894592,-0.010191773329777831,0.7133072276370764,1.5686896533535701
2006-06-06,0.0029170269953771285,-0.030034132985143458,0.7153910018112732,1.5222759069130327
2006-06-07,-0.0031911152396293403,0.0037065604356936177,0.7131117453023698,1.5279287844560514
2006-06-08,0.002166045894620717,-0.03294464919188478,0.714658052151915,1.478411844292865
2006-06-09,-0.0036480426424976547,0.023657933070278858,0.7120556987370307,1.5138050267512024
2006-06-12,-0.0039016620914939333,-0.0048317588884891904,0.7092829107685924,1.5065083279979439
2006-06-13,0.0019026354704137132,-0.02931932998062514,0.7106337022175497,1.4629797457802243
2006-06-14,0.00023044674462631637,0.006912772533306466,0.7107974843116479,1.4731280279542966
2006-06-15,0.00041002802458558704,0.035745206726257805,0.7110889909588839,1.5267377307420849
2006-06-16,-0.0004503983902259278,-0.0008793335407712988,0.7107687897365191,1.5253958091322901
2006-06-19,-0.0001565544824959613,0.0022297808919766737,0.7106575244062381,1.5288009024553866
2006-06-20,-6.612547285430779e-05,0.0005704032841489237,0.7106105333950677,1.5296731842635105
2006-06-21,0.0007756670482510441,-0.0028771841415302646,0.7111619443979881,1.5252783582296743
2006-06-22,0.0006913410877133592,0.01090470651955222,0.7116537698601545,1.5420020890535013
2006-06-23,-0.003289579810271906,0.0002610822970012805,0.7093165742902294,1.542404731059955
2006-06-26,-0.0027102781277352833,0.00020654448757717603,0.7073967319218808,1.5427233391570088
2006-06-27,0.0015619316286723836,0.0002174362197422397,0.7085025005942153,1.5430588195594568
2006-06-28,-0.0030796226373791587,-0.00020649957756901927,0.7063239365541182,1.5427402114624045
2006-06-29,-0.0011591764938318867,0.011491562303767466,0.7055056568067843,1.5605709620907953
2006-06-30,-0.0006649192578945416,0.012731019005535416,0.7050367084326999,1.5805656268384982
2006-07-03,0.0017087757898256813,0.007833186739954812,0.7062424880010775,1.5929951102257056
2006-07-04,0.0011268030367804585,0.0009261783340939189,0.707038732702486,1.5944711912347234
2006-07-05,-0.0008662088569053294,-0.008897318560725509,0.7064265546653402,1.580347597338665
2006-07-06,-0.0031074165502884762,0.004268352613882698,0.704234800208485,1.5871074946862478
2006-07-07,-0.0014169728435300842,-0.0031863794801658685,0.7032376252728676,1.5820584163441198
2006-07-10,-0.0008201197583207239,-0.004409810907070266,0.7026611226345018,1.5750971979933097
2006-07-11,0.000756803332539403,-0.007461105126013834,0.7031931001895598,1.5633889647096078
2006-07-12,-0.0013023703510246806,0.004400097616347409,0.7022778784530191,1.5702831852652013
2006-07-13,-0.0003508546703476351,-0.01998169681763784,0.7020315241992795,1.5392176672366922
2006-07-14,0.0018256558805775063,-0.010968654976089454,0.7033143628344232,1.5224267748088616
2006-07-17,0.002037962677972489,-0.006521810588839827,0.7047491527843543,1.512530102936625
2006-07-18,0.0005508064385417661,-0.005370865218464971,0.7051374400810195,1.504428283979247
2006-07-19,0.0017967962311232414,0.02375456908672291,0.7064055673177242,1.540593169648492
2006-07-20,-0.004913182176880651,0.002479372718074302,0.7029433802172856,1.544417613474649
2006-07-21,-0.0005205240613471624,-0.010152149593196214,0.7025775764871989,1.528817774760782
2006-07-24,0.0008645399861478498,0.011920916787531155,0.7031852455346886,1.5471517459928479
2006-07-25,0.00018029348244895935,0.0027068011329696162,0.703312036680878,1.5513452510234569
2006-07-26,0.0013387984565887104,0.004003394791983084,0.704254260333137,1.5575683469653647
2006-07-27,-0.0022069830282934657,0.008194171873428857,0.7027016970036197,1.570383763862421
2006-07-28,0.0028146038583361293,0.000800790155704334,0.7046823099241158,1.5716418153716032
2006-07-31,0.00013390192486723018,-0.0014846802920498448,0.7047766745594968,1.569310161051069
2006-08-01,0.0012767663211493124,-0.001165694177158727,0.7056770843656481,1.5674818911429964
2006-08-02,-0.00021370105024892455,0.0052618290404282675,0.7055262965439144,1.5757514503015995
2006-08-03,-0.0006925012630313415,-0.013902904961078377,0.7050378878238021,1.5539955134410441
2006-08-04,0.00029898259905231203,0.010180807639089906,0.7052487133989527,1.5698972517553529
2006-08-07,0.0013794450098099497,-0.007851927576021822,0.7062222365237601,1.5576188000727644
2006-08-08,0.00296552923166826,0.0014741837702452187,0.7083196676697822,1.5599167097825055
2006-08-09,-0.0005756569627449671,0.0031671588351791513,0.7079120358605402,1.564865045718624
2006-08-10,0.0019134009571294933,-0.007272482731575991,0.7092678521239387,1.5535258736393736
2006-08-11,0.004051792867557689,-0.000810132095832472,0.7121474884537461,1.5522678221301915
2006-08-14,-0.0025069244458516414,0.005377818593526484,0.7103644244430987,1.5606381236948021
2006-08-15,-0.0011123628979219473,0.005968803720037386,0.7095746807355765,1.5699811218559652
2006-08-16,-0.0011160284146135805,0.009400566096688934,0.7087832169597654,1.5848094211677157
2006-08-17,0.0007487383685907495,0.004077156490453149,0.7093141088740874,1.5912841274114586
2006-08-18,-0.00010696846189610159,0.002779048838805309,0.7092382386927906,1.5957125342472982
2006-08-21,0.0033388766674934327,-0.0009780672075958563,0.7116102554317059,1.5941525831376704
2006-08-22,-0.00201440480445081,-0.0011160392431133204,0.7101782271408459,1.5923744387194165
2006-08-23,0.00035867459375161863,-0.004106069900885245,0.710432995714733,1.5858494431770647
2006-08-24,0.0012901734388332847,0.0006027456033841361,0.7113501690249735,1.5868055950858007
2006-08-25,-0.0007351398490211501,0.003345302304545328,0.7108274193397202,1.5921228284175826
2006-08-29,-0.0018671782483081652,0.004226400789576701,0.7095014161714076,1.5988660172685576
2006-08-30,-0.0022382188211220733,0.0052005993561810016,0.7079151725904458,1.6072027380311664
2006-08-31,-0.0010003133906680587,0.002053955078038072,0.7072073896252543,1.6105072527570448
2006-09-01,0.0005793550227602708,0.010454205656717619,0.707617232489364,1.6274321407753087
2006-09-04,0.00041978374940924475,0.005929571738658268,0.7079143410606771,1.637110783147713
2006-09-05,0.00031412493247809066,0.00012296579300219435,0.7081367495354577,1.63731210415094
2006-09-06,-0.0010626983586380047,-0.006176149215578519,0.7073846134916888,1.6272309835808711
2006-09-07,0.0024479448461301994,-0.012948334794161909,0.7091183732188252,1.6062968754210396
2006-09-08,-0.0014858646426328262,0.003148742721123199,0.7080655017066049,1.6113626622597734
2006-09-11,-8.311746552603467e-05,-0.008698727873541756,0.7080066515424487,1.5974066447561495
2006-09-12,0.0005865766735963007,0.008615466055690746,0.7084220735555146,1.6112285028605517
2006-09-13,-0.0025933629051671423,0.006609745062895911,0.7065872582281002,1.6219135864403014
2006-09-14,-0.0008380223288529532,0.005970168188850877,0.7059953703706818,1.6316256458059157
2006-09-15,0.0014427724246650262,0.005996113056093932,0.7070146961737556,1.6414384475775419
2006-09-18,-0.00019634145333989746,0.0014194865725762895,0.7068758935075806,1.6437701018980762
2006-09-19,-0.00012556038353215586,-0.006223705390855372,0.7067871434711431,1.6335715304253933
2006-09-20,-0.00015554232975366138,0.005366111309269783,0.7066772167015622,1.6423610186842748
2006-09-21,0.0005401565413342376,0.006302207455146203,0.7070590361346241,1.6527442026635806
2006-09-22,0.001365503100304595,-0.007027578955467462,0.7080251869313948,1.641170128779098
2006-09-25,0.000850110851538991,-0.0028864384664721854,0.7086273427392971,1.6364398223428154
2006-09-26,0.002150669822674377,0.009091634358680878,0.7101530061919575,1.651385572557177
2006-09-27,0.0008959333685791646,0.0067723525785936545,0.7107895410708421,1.6626072937338146
2006-09-28,-0.00018389511236789505,0.006676786053226635,0.7106588423661119,1.6737453086186267
2006-09-29,-0.004654836633493504,0.0018622893367190585,0.7073585287223034,1.6768652108378848
2006-10-02,0.0003461386467594588,0.002707258210287833,0.7076034152261056,1.6814110685763384
2006-10-03,-0.0017789556461952907,-0.006003680032376835,0.7063457391419864,1.6713466565028776
2006-10-04,-8.997709275935617e-05,0.004236319969070479,0.7062821870650539,1.6784420342529103
2006-10-05,0.002245884868848359,0.01215814639412649,0.7078701981196261,1.6989733365974975
2006-10-06,0.0009801549042358034,0.0047475338812006385,0.7085643607037323,1.707058447058268
2006-10-09,-9.402873907089234e-05,-0.002410339103287029,0.7084977384225983,1.70294881212827
2006-10-10,0.0002713969168869541,0.009040714640477177,0.7086900486194445,1.718414491442916
2006-10-11,-0.003289841377773682,0.00025372439814397296,0.7063624016674617,1.7188505504425835
2006-10-12,-0.002253833405058742,0.009730896634819075,0.7047721712209235,1.7356581513670222
2006-10-13,-0.0011053721149544265,0.005041709069580236,0.7039935661189222,1.7444309311292978
2006-10-16,-0.0006350090431455445,-0.0020598351923677427,0.7035466657460266,1.740841389108371
2006-10-17,-0.0007777508516692961,-0.01539022186664063,0.7029996944588176,1.71425456721431
2006-10-18,0.0006564180219326593,0.01189602472537743,0.7034613076166963,1.7347691610622897
2006-10-19,-0.001313213440208363,-0.00019340489374641834,0.7025381190773385,1.7344336806598415
2006-10-20,-0.0020203534774038095,0.0015944728331565017,0.7011201766002755,1.7372013939800415
2006-10-23,-0.00013987507046752702,0.000453737176311364,0.7010221142245681,1.737989805687555
2006-10-24,-0.002102428724437548,0.003891523823996934,0.6995498134412081,1.7447664115317454
2006-10-25,0.0011057326061834326,0.0022855708081763737,0.7003237562876451,1.7487587593679177
2006-10-26,0.0005976395296308176,0.003791182176039243,0.7007424225412322,1.7554012058128867
2006-10-27,0.0014350720836500256,-0.010537908819850728,0.7017487603405848,1.7370000729768142
2006-10-30,-0.0002921338398662818,-0.004519986657392394,0.701543785722074,1.7291665728178809
2006-10-31,-0.0018536661912385835,0.006150708584321762,0.7002445622601301,1.739834947901024
2006-11-01,-0.0009050716883684465,0.003532077939317091,0.6996110774497214,1.7459910460477157
2006-11-02,7.922962603952057e-05,-0.001471052422472141,0.6996665095696649,1.7434244899219502
2006-11-03,0.0008583725134181841,-0.0008662926433711249,0.7002673419021271,1.7419148281109305
2006-11-06,0.00042547252147890897,0.010613201273796946,0.7005653498063872,1.7605005734536232
2006-11-07,0.0008106417361917678,0.006126742375348826,0.7011334875648474,1.7713198164325943
2006-11-08,-0.00010634797485724377,0.00022719357364486825,0.7010589274030716,1.7717222946302564
2006-11-09,-0.0022620013725779976,0.0027041396196896272,0.6994749233321186,1.7765197626705493
2006-11-10,0.0005827111498655497,0.005902647818791351,0.6998826339462194,1.787036942240283
2006-11-13,0.0003829600928793809,0.005541443427736326,0.7001507123931172,1.7969671949145225
2006-11-14,0.002717009110911022,0.0005039793513414992,0.7020556149045852,1.7978730575246489
2006-11-15,0.0016271755225788082,0.007343610027737313,0.7031989125373495,1.8111245334213737
2006-11-16,-0.002925113107773763,0.0030332016662963923,0.7011449816355175,1.8166263792597757
2006-11-17,-0.00032407543739926015,-0.011048810230406048,0.7009177945837736,1.7966652953140783
2006-11-20,0.00040725748834881105,0.0013901630135997323,0.7012033067388701,1.7991646898358347
2006-11-21,7.664895435046529e-05,0.002448989167064042,0.7012570552989779,1.803576224366279
2006-11-22,-0.00022399914886979692,-0.006016837150568222,0.7010999919071418,1.7927569813873088
2006-11-23,-0.0033990743349849783,-0.002107442821898786,0.6987209464850755,1.7889828268597598
2006-11-24,0.0002822242778108086,-0.007057059371684105,0.698918170328958,1.7764023117679342
2006-11-27,0.002495975101382275,-0.009163553325278073,0.7006648315847127,1.7601985100443864
2006-11-28,0.0006980550650041091,0.0003430632473566675,0.701154104969285,1.7608024730540668
2006-11-29,0.00033388445152809703,0.01596187755630929,0.7013882485093279,1.789133694755587
2006-11-30,-0.00013238114155785484,0.0007310948076337809,0.7012954040778765,1.790442199372168
2006-12-01,-0.0008427506589876784,0.002339423050610634,0.7007046358840522,1.7946357044027783
2006-12-04,-0.0038865274518283515,0.004941550517454374,0.697986613337019,1.8035259350676702
2006-12-05,-0.0002183075248293752,0.00761601186609262,0.6978342542382713,1.8173140485612775
2006-12-06,0.00280820156707793,0.0024062171875343097,0.6997966676211206,1.8216921660985088
2006-12-07,0.0014776801519537398,0.0028595389344818756,0.7008315076602597,1.82690882083307
2006-12-08,0.0014331903824782181,0.004827073418992356,0.7018366527468615,1.8357487621993505
2006-12-11,-0.004374331064023277,0.004066975337490675,0.6987732918369994,1.8432299096504423
2006-12-12,0.0005762648711713691,-0.005173179918127602,0.6991760863850253,1.833719171288054
2006-12-13,-0.000457853576586209,0.004435816085653244,0.6988560393861328,1.84187127954404
2006-12-14,0.0021619213814460833,0.006227968944125806,0.7003685455708556,1.8533781918245145
2006-12-15,-0.0017098256535426652,0.0033341096682768523,0.699172060646507,1.8595678707732102
2006-12-18,0.003877452914920544,0.00015335242209069122,0.701888330091353,1.8598530618770497
2006-12-19,-0.002511541721694777,-0.0029264701033007157,0.7001277201145348,1.8544182138338636
2006-12-20,-0.0029475928134501143,-0.0006515011951133687,0.6980670671531226,1.8532104516232928
2006-12-21,0.0004027343717563941,0.001655093755468684,0.698348259373942,1.856280228352729
2006-12-22,-0.0005443163768511838,0.0015439900379163873,0.6979682404142735,1.8591485202701488
2006-12-27,9.51508122121542e-05,0.006457187869306935,0.698034655818937,1.871192233956301
2006-12-28,-0.0005486642897893718,0.0031058185398524785,0.6976517741766008,1.8770128517005435
2006-12-29,0.0016090540104320428,-0.0010908713980715135,0.6987752371756546,1.874966388483847
2007-01-02,0.00219775058685015,0.011987463310134672,0.700312659680013,1.897577734847133
2007-01-03,-0.0010546988360918292,0.0002917366394949994,0.6995744301063174,1.8981314085582048
2007-01-04,-0.0014881466995232658,-0.006205198360543562,0.6985341349749518,1.8863895944725
2007-01-05,0.0031900981960722267,-0.0053406561154520915,0.7007660856368915,1.8763418908956464
2007-01-08,0.001053897056110306,-0.002685526634154556,0.7015050102584142,1.8713096848589141
2007-01-09,0.00016503223954242855,-0.0004931298152062169,0.7016207907548019,1.8703871137521815
2007-01-10,-0.0011250715143992923,-0.005801288952422823,0.700831861073587,1.8595678707732102
2007-01-11,0.0006151909521013163,0.0033679816042617716,0.7012631391390439,1.8658414198225184
2007-01-12,0.00020871591181009447,-0.0010524077772604556,0.7014095191899397,1.8638788267064332
2007-01-15,-0.0005247350113371493,0.00845072431847882,0.7010415616064919,1.8796966949201335
2007-01-16,-0.0007942266808596212,-0.007299465921017045,0.7004849967424613,1.866025868520349
2007-01-17,-5.2276531094211224e-05,-0.002691414971787154,0.7004483787738867,1.8610103709802255
2007-01-18,-0.0016098361615168215,0.0025476130578852008,0.6993216787889771,1.865757549721906
2007-01-19,-0.001979130616445353,0.004019619375910111,0.6979389985474663,1.8732722779749986
2007-01-22,0.0008376593029624181,-9.855566980121466e-05,0.6985238785733977,1.8730876654683768
2007-01-23,-0.002240722370590903,-0.005783840544230756,0.6969604327704298,1.8622852947948025
2007-01-24,-2.2081746205832985e-05,0.008127392517053522,0.6969450428369568,1.8774824915022146
2007-01-25,0.0007521754501572374,-0.0019406456558552776,0.6974694649922978,1.873842496373887
2007-01-26,0.0010561490167992956,-0.004710704847941116,0.6982064858153966,1.8650361358096073
2007-01-29,-0.00025359017116181827,-0.0012508867717251348,0.6980294499613774,1.8627046452978637
2007-01-30,0.0020202177152533114,0.0023655487995046798,0.699441046808343,1.8671161798283065
2007-01-31,-0.0042331196186304355,-0.0027618911262425883,0.696486487105314,1.86196652288896
2007-02-01,0.000138051702082747,0.010859463613586584,0.6965826448875566,1.8822966680391118
2007-02-02,-0.0002658857197727351,0.010795663040036985,0.6963974581299875,1.9027273917864782
2007-02-05,0.00011755963554953178,0.005556124312322552,0.6964793311737513,1.9133286052656162
2007-02-06,-0.0004085855213044627,0.006370790394758075,0.6961948179310997,1.9255569314583867
2007-02-07,0.0011111157198671416,0.001966774546012573,0.6969688008500586,1.9293477944825437
2007-02-08,-0.001028047173687183,-0.00523884307436262,0.6962526522245553,1.9192666739124749
2007-02-09,0.0017018407888814205,0.0070455741227934965,0.6974385722247645,1.9328367579062504
2007-02-12,-0.0006697273070861107,-0.005918825262286376,0.6969716349457068,1.9214304242229954
2007-02-13,-0.003884188528728282,0.0018229342066522491,0.6942697164936983,1.9249362599521003
2007-02-14,0.00234899961880618,0.005700116174400804,0.6959024727141921,1.9359399516289029
2007-02-15,-0.0009259181652644287,0.0028811189325335107,0.6952584221885075,1.9415256675679138
2007-02-16,0.0010745641187984076,-0.0015735785314365813,0.6960059234893944,1.938472926952663
2007-02-19,-0.0008030937954101233,0.006872871184635088,0.6954471898384657,1.951841689943212
2007-02-20,-0.00031288855740863535,-0.004237117715780059,0.695229626408812,1.9435890030900078
2007-02-21,0.0002821320990594778,-0.0037959906959379452,0.6954258006748665,1.93622514273274
2007-02-22,0.002323244249895796,0.003580206521082374,0.6970433228895626,1.943169652586946
2007-02-23,4.021708159700438e-05,0.0013456989584614831,0.6970713565014672,1.9457863342025283
2007-02-26,0.0010463135819855256,0.0010684282190513983,0.6978010934296427,1.947866378221227
2007-02-27,-0.00028849246145048416,-0.03786652601317364,0.697599812110064,1.8754864813929188
2007-02-28,-0.0018745405209141036,-0.008803585147401094,0.6962933578781426,1.8590479416729329
2007-03-01,0.009875314976596085,-0.008972815334646,0.7032035380484619,1.8424416617517205
2007-03-02,-0.002303587894073509,0.005646789289585286,0.701585511240135,1.8528749712208417
2007-03-05,0.0032784393190741536,-0.017184427508002642,0.7038893912677722,1.8213063963974514
2007-03-06,0.0015933694997964857,0.0141834315650744,0.7050118411562819,1.847322836083831
2007-03-07,0.003192610842659702,0.01545249803322335,0.707266266440963,1.8760902805938087
2007-03-08,-0.0009234535357375119,0.015903955996970254,0.7066134403801696,1.90616606591158
2007-03-09,0.0004009540059653359,0.004109866496255776,0.7068968166763933,1.9140162745671192
2007-03-12,-0.0005387521778819407,0.0006483438328128699,0.7065160770482322,1.9152576175796985
2007-03-13,-0.0028724933899712327,-0.013854474384016768,0.7044895263072658,1.8889056974908682
2007-03-14,0.0033976356798226964,-0.028536120585449964,0.7068871959553378,1.8357654706959596
2007-03-15,-0.0006938308749662155,0.024852873249118446,0.7063969059025227,1.8819611876366613
2007-03-16,0.00016220980576791243,0.004420022126243595,0.7065114997012918,1.890297908399272
2007-03-19,0.0010771650935332015,0.014929002257662916,0.7072729392513781,1.9187298725068003
2007-03-20,-0.0002371019371974507,0.0017992501469343836,0.7071052633462808,1.9221852551285044
2007-03-21,0.0013544746092627158,0.013297733278191615,0.7080636683926854,1.9479166675198356
2007-03-22,0.002287852905690343,0.008181532967189042,0.7096854684263795,1.9639189844313676
2007-03-23,-0.0019561008319532273,-0.0005211092318972987,0.7082986089518666,1.9628958347274137
2007-03-26,0.001674513783277837,-0.003973049665830786,0.7094856583231263,1.955112623867086
2007-03-27,-0.0017269148750967938,-0.0011846649538984622,0.7082614943038562,1.9527978418519505
2007-03-28,0.002492596224732033,-0.00508943029498532,0.7100291062869727,1.9428844614831053
2007-03-29,-0.002473087452080265,0.007140306536733476,0.7082753117511068,1.9568068981847286
2007-03-30,0.0015528854494694915,0.002020947754843405,0.7093760366055533,1.9607655014101073
2007-04-02,0.000635570117271389,0.006021595506753741,0.7098270381226899,1.9726080579018215
2007-04-03,0.0019532227646536617,0.01062369751351433,0.7112148433576913,1.9936761616520842
2007-04-04,0.0005993915063281647,0.0003112716721531683,0.7116412672786457,1.9942968331583708
2007-04-05,-0.003075584785061446,0.0022432340844442678,0.7094559165629302,1.9987755292928189
2007-04-10,-0.0011095591621891965,0.006290999854529744,0.7086691698022918,2.0113894613778593
2007-04-11,-0.0007370835326776779,-0.0029899970128770548,0.7081470138870177,2.005384394935784
2007-04-12,-0.001485908347077406,-0.00508173918538013,0.7070955537083151,1.9952194042651066
2007-04-13,-0.0003995223458423945,0.0025608853243213048,0.7068131096590744,2.000335480402447
2007-04-16,-0.001199652388659737,0.007576980758773999,0.7059656880310576,2.015549549415255
2007-04-17,0.0014731913608455258,-0.00745963832964236,0.707006477036169,2.0005702183988894
2007-04-18,-0.0005240571903784642,-0.004369534682490794,0.7066360622759708,1.9918477279352205
2007-04-19,-0.0014251437760917289,-0.006386850129224797,0.7056297215502932,1.979166634246176
2007-04-20,0.00026547355690536645,0.008574004072739783,0.7058170724495858,1.996208973167056
2007-04-23,0.0007614701021680325,0.0019895322719456487,0.7063547357291324,2.0001844486978286
2007-04-24,0.0015566387252036581,-0.009047575169626398,0.7074551311013245,1.982169249371607
2007-04-25,0.001505640368702285,0.00736055213905118,0.7085211063920949,1.9968129361767357
2007-04-26,0.0006885708406777666,0.0030782192894864835,0.709009141370006,2.0029690343234283
2007-04-27,-0.0024487139712921113,-0.0031370402009525122,0.707275104726107,1.9966954852741212
2007-04-30,0.0022226692115848937,0.002173499691336289,0.7088488916814983,2.001040022009348
2007-05-01,0.0011642194696079595,-0.0015100166798411863,0.7096746279380499,1.9980206983873088
2007-05-02,-0.005340366304627437,0.009017717356558208,0.7058948072644579,2.0161197678141454
2007-05-03,0.00019049675518441838,0.0022272487819599007,0.7060292907436697,2.0206151724451997
2007-05-04,-0.00490396756433473,0.013579866376286276,0.7025754217549477,2.048242016348608
2007-05-08,0.004109296939108646,-0.008462625661678658,0.7054684528759702,2.0309816479278946
2007-05-09,0.003012496150126493,-0.0042044987450591265,0.7075968782011988,2.0224603146586673
2007-05-10,-0.002002791183249419,0.0004395432190005266,0.7061811276118766,2.0233494687721887
2007-05-11,0.0028141210132146635,-0.002373868007124358,0.7081712056090482,2.018552000731897
2007-05-14,-0.0012783342412680699,0.00031571116026185564,0.7072665044866501,2.019189380734793
2007-05-15,-0.003972059152445539,0.004525580781310268,0.7044627720760426,2.0283480940069167
2007-05-16,-0.0002151974363933213,0.0008596404836449523,0.7043111898041005,2.030092493814373
2007-05-17,0.0023873564366164515,0.003381976590155489,0.7059946403551499,2.0369698420645723
2007-05-18,-9.724894088870807e-05,0.004863167730169593,0.7059259864624156,2.046900094738812
2007-05-21,-0.0009282826183685347,-0.00010652259635612893,0.7052709916964907,2.0466820652389788
2007-05-22,0.0019302342156256715,-0.002067471592251735,0.7066336445924919,2.042454979406366
2007-05-23,-0.0011886501138241381,0.00359891279558866,0.7057942034301681,2.0498188397636334
2007-05-24,0.0014031222281195048,-0.007367393982537607,0.7067852140574107,2.0347725109520503
2007-05-25,0.0028339964421915066,-0.006027808098632903,0.7087910818079609,2.022544184759277
2007-05-29,-0.002257688829242334,0.004063900374536189,0.7071926571519935,2.030780326924668
2007-05-30,0.0015401139720936225,-0.0069209016153699565,0.7082826535881542,2.016774020122435
2007-05-31,-0.002815919130356455,0.00728422232545789,0.7062909924086804,2.031518285524782
2007-06-01,-0.00042560700112948273,0.007043084152138945,0.7059904539776435,2.045876945034862
2007-06-04,0.0007894825355419337,-0.005038606030630888,0.706548041185038,2.035594503461566
2007-06-05,-0.0007066160620065787,-0.005718661759997801,0.7060489593409472,2.023986848775081
2007-06-06,0.00022886975247993793,-0.02380124579952181,0.7062105710848249,1.9763822124293684
2007-06-07,-0.002154571563934969,-0.013337169390895909,0.7046906278714157,1.950197868732973
2007-06-08,0.002627392945192548,-0.0036794854407471433,0.7065445614951852,1.9430353293789322
2007-06-11,-0.000190574577307607,0.004470498678712076,0.7064099248935934,1.9517411113459926
2007-06-12,-0.00045204923366004535,-0.004651772182054259,0.7060906649944285,1.9426831404798803
2007-06-13,0.0013469142306061104,0.001397821996771853,0.7070423493339205,1.945400564501471
2007-06-14,-0.000985505456967954,0.018072085818198858,0.7063458984747729,1.980877617060422
2007-06-15,0.0022042721662520097,0.01599437809611537,0.7079045943423675,2.0128152530882657
2007-06-18,0.000142128116617692,-0.004351231875753925,0.7080052146394237,2.0040760541279927
2007-06-19,0.0011840404784470007,-0.010965937659303648,0.7088440179630559,1.9822195386702195
2007-06-20,-0.0007681530612842944,-0.0016684691924666595,0.7082997263370875,1.97891502394434
2007-06-21,0.00025136488296484334,-0.015409527674744794,0.70847779039349,1.9486546261199504
2007-06-22,-0.0016796285518552538,-0.002413149462670461,0.707288809670899,1.9439579004856686
2007-06-25,-0.0001840446288250373,-0.0010100118485372178,0.7071586489425099,1.9419954711783736
2007-06-26,-0.0010765123346613416,-0.003487059818445104,0.7063977935429504,1.9352354100220002
2007-06-27,0.0003334654154515187,-0.01266528498308972,0.7066333920564432,1.9108796638512566
2007-06-28,-0.0004129628500319009,0.011112614536392229,0.7063416389626725,1.9322329587053588
2007-06-29,-0.00048285095144274485,0.0007289007155506511,0.7060006635570301,1.9336418781103715
2007-07-02,0.00013463339568658896,0.0005810618961348268,0.7060957212225463,1.9347657702203302
2007-07-03,-0.0005879541155829152,0.018323743177591112,0.7056806913584723,1.9705447223797283
2007-07-04,-0.00015293038648491765,0.007344729915489623,0.7055727795893125,1.9850711220910326
2007-07-05,-0.00044025119676283737,-0.0026568861612208394,0.7052622186961136,1.9798040142490725
2007-07-06,0.0022982086529162752,0.005449927183326153,0.7068849223712818,1.9906232572280425
2007-07-09,0.002731613862106552,-0.00064906884363225,0.7088184987137995,1.989331624916857
2007-07-10,0.0013414714980912136,-0.010808991771201093,0.7097699965880947,1.9679447492607507
2007-07-11,-0.002256928633436938,-0.005581456892802095,0.708169902687714,1.9569913468825584
2007-07-12,0.001224460806930289,0.012114768032597922,0.7090375600760287,1.98084403625842
2007-07-13,0.0005719492082814504,0.009599000781374656,0.7094432095415432,1.9999497107013886
2007-07-16,-7.15225452994978e-05,-0.0004698438766990165,0.7093924701719773,1.999010267289259
2007-07-17,-0.001958870586789902,-0.009806835880208808,0.7080042222705701,1.9795021146486247
2007-07-18,0.003376726117191093,-0.006375675101587319,0.7103989995970715,1.9669215995568
2007-07-19,-6.569232665266987e-05,0.01306456670777223,0.7103523333667596,1.9927871713473533
2007-07-20,0.0011994690342576352,-0.005130882932091296,0.71120489019959,1.982588599874669
2007-07-23,-0.00178283459867924,-0.0031523477386894427,0.709938059125279,1.9763486316273664
2007-07-24,-0.0013006880813226493,-0.01696509893565512,0.7090152514258851,1.9431024909829397
2007-07-25,0.0016668131460996429,-0.014617680925164578,0.7101980328317049,1.9149054286806415
2007-07-26,-0.002479277822656903,-0.034080083321606836,0.7084394355256753,1.850744801712325
2007-07-27,0.0015156583764668208,-0.0044418832094912375,0.7095140018223439,1.8425422403489398
2007-07-30,-0.0006570940747522123,0.007907132586103316,0.7090479375166091,1.8571692186574602
2007-07-31,0.0006915967122305801,0.023723494668054457,0.7095384823490536,1.9017545313811373
2007-08-01,-0.003105664886656606,-0.013193565092960213,0.7073383118632168,1.8768284030027134
2007-08-02,0.0024128286480568518,0.003933624311136086,0.7090470586335382,1.8842256803531896
2007-08-03,0.0003458394098438129,-0.004210775372850861,0.7092923174574866,1.8763083100936448
2007-08-06,-0.0028595506481168768,-0.01685894110576669,0.707266957341432,1.8449408924646877
2007-08-07,-0.0007080852748490155,0.02126556619514197,0.7067663292881449,1.8845947415576412
2007-08-08,0.0027328919973986935,0.019374591529503604,0.708700487051821,1.9214640050249991
2007-08-09,0.0008248363098224912,-0.021432798466944902,0.7092852900965668,1.8807198446240854
2007-08-10,-0.004657620057297352,-0.02919449522998896,0.7059893901861094,1.8266069212326232
2007-08-13,0.003828424610225851,0.02524460459415323,0.7086973977358628,1.873305858777
2007-08-14,0.00363001527913712,-0.015275670347326908,0.711274655029561,1.8449073116626848
2007-08-15,0.00247200817285835,-0.009978081575038544,0.7130351068190627,1.8265902127360192
2007-08-16,-0.0037008567681291733,-0.039982918500721,0.7104011429858221,1.7549985638064316
2007-08-17,0.002097325011290384,0.021146251335030897,0.7118926486103482,1.7925053710854715
2007-08-20,0.0008827690163221685,0.001645592645779459,0.7125213628473844,1.7954575331035045
2007-08-21,-0.005147687947530608,-0.006044126442457554,0.7088629494792915,1.7846382901245315
2007-08-22,-0.0021893618021218957,0.025189303089680593,0.7073126896738018,1.83016304626034
2007-08-23,0.0023996682289269895,0.0032027259102171968,0.7090120435904664,1.8360339533031926
2007-08-24,-0.003172892559661006,0.0021719914791358264,0.7067659896808154,1.8400261373305737
2007-08-28,0.0023199551989902018,-0.016146817279370396,0.7084075585599028,1.8105541512136953
2007-08-29,-0.0026397637739345716,0.009047552465252906,0.7065399959961218,1.8270095632390793
2007-08-30,-0.0018029579759723385,0.01888063267582396,0.7052672817449154,1.8618323634897402
2007-08-31,-0.0025165678576411056,0.018716508773980678,0.7034946601693883,1.8970075164482463
2007-09-03,0.0013817676575408843,0.004341021661165456,0.7044673982322912,1.905260367110242
2007-09-04,0.0038450579323425155,0.013328115435307097,0.7071813304595901,1.9308238754915585
2007-09-05,-0.0017747934779418068,-0.018421020143597033,0.7059273427603237,1.895581724737839
2007-09-06,0.00041589439819130327,0.0026599763270134247,0.7062209950476457,1.900630639271174
2007-09-07,0.00021393488503721803,-0.019886085211307858,0.7063720965173936,1.8632078659015356
2007-09-10,-0.002067389483047748,-0.012036861337133331,0.7049132587864277,1.8409151276353042
2007-09-11,-0.0016514587762668468,0.021409654807001743,0.703750084330392,1.8807534254260903
2007-09-12,0.002482727697236571,0.0006598066060501395,0.705499474888293,1.8819947684386635
2007-09-13,0.00088434841848898,-0.004224692976581679,0.7061236581902336,1.874060689682512
2007-09-14,6.134793734749423e-05,-0.01974179983905522,0.7061669787489756,1.837426164211594
2007-09-17,0.00322509430180789,-0.019236254870588,0.7084481103032377,1.8024187514543148
2007-09-18,-0.004439870122050982,0.0053369102168154825,0.7053096650055669,1.812063813024716
2007-09-19,0.002179093375033727,0.030404683638248997,0.7068482764040458,1.868005170133039
2007-09-20,-0.0005725250027520446,-0.011061011111120678,0.7064437039176353,1.8474569954830553
2007-09-21,0.004638978067683361,0.0073185201813821266,0.709728493909774,1.861027243285619
2007-09-24,-0.00031821269647049446,-0.0048700501146417,0.7095026852214663,1.851985980916111
2007-09-25,-0.0027166757633578864,-0.017137498927297656,0.7075778122841652,1.8205179846899375
2007-09-26,-0.0027269765845997747,0.003320652413174585,0.7056508926847102,1.8265733404306213
2007-09-27,-0.000429626509263151,0.013699112180757922,0.7053477914697482,1.851767951416277
2007-09-28,-0.0016625247564918439,-0.0001902087108405226,0.7041761075511304,1.8514157625172225
2007-10-01,-0.0038717349668754225,0.003987509960172275,0.701454995404407,1.8588130398677012
2007-10-02,0.0006142113715149379,0.013436410615334182,0.7018859693801998,1.8839573615547485
2007-10-03,0.00020360835745290482,0.01140257413160306,0.7020288937793518,1.9055622667106853
2007-10-04,0.002588294267685801,0.000906246204818828,0.7038483047105861,1.9072899580215412
2007-10-05,0.0013754225960521537,0.0017486474923540385,0.7048170596440677,1.9106280535494211
2007-10-08,0.0005845041174633327,-0.00543158359367979,0.7052291485395838,1.9002784503721206
2007-10-09,-0.00023782249145437736,0.008709620181321043,0.7050614491285682,1.9169014387899368
2007-10-10,0.00214228802669636,0.007349655954213219,0.7065735128888776,1.9310419049913912
2007-10-11,0.0026797464275082165,0.009578701398492484,0.708469489970128,1.949627650334084
2007-10-12,-0.002581438382420172,-0.004017435792796675,0.7066429781640825,1.9418108586717555
2007-10-15,0.0034181451866643186,-0.011852609008705883,0.709062519274215,1.9189311935100275
2007-10-16,0.0006339014265772356,-0.006463222556845949,0.7095121375084796,1.9065687079180325
2007-10-17,-0.0011153662003514568,0.015001879590997191,0.7087212128188917,1.935386441726619
2007-10-18,0.0012700646800384123,-0.011015588151952471,0.7096219064477967,1.9141840147683458
2007-10-19,0.0026228459991542133,-0.009889588071256838,0.7114855784199237,1.895346822932607
2007-10-22,-0.0005814452585778072,-0.010802110002023468,0.7110720087495185,1.8749832607892434
2007-10-23,0.0026785094756839154,0.016080500804205755,0.7129791749039228,1.9053776542040666
2007-10-24,0.0019274678333600942,-0.007120891909616844,0.7143547445866952,1.8918578595088977
2007-10-25,0.0003132375344630866,0.017751685445887233,0.7145785423547223,1.9257413801562189
2007-10-26,-0.001068892385639309,0.0025314918516858853,0.7138151428604953,1.9306225544883326
2007-10-29,-0.0013304023345153872,0.0037463791225160747,0.7128661129637959,1.9378689639429802
2007-10-30,-0.004840818083171517,-0.006399858347723608,0.7094235968130176,1.92550647835099
2007-10-31,-0.001895756767145863,0.01615067175502638,0.7080799762199047,1.9568571874833363
2007-11-01,0.0014087418629757649,-0.012047264490281151,0.7090781810661354,1.933423848610535
2007-11-02,-0.0005189887006841397,-0.007279374681674611,0.708710272980588,1.919400833311698
2007-11-05,0.0021755056036901733,-0.011275703910749613,0.7102537544684109,1.8978797982563687
2007-11-06,-0.0005465877913136878,0.001810210901957987,0.7098656445152274,1.9013184723814673
2007-11-07,0.0005473416501051312,-0.017838099907123706,0.7102542898996497,1.867703270532592
2007-11-08,-0.001670105711461016,-0.009248255752574153,0.7090690801417789,1.8505098999070944
2007-11-09,0.0013468916042423046,-0.015796738319673764,0.7100247627886398,1.8215075535918868
2007-11-12,0.00239161018102339,0.0032362965774002106,0.7117248974594287,1.827412041436743
2007-11-13,-0.0006021601183880902,0.0023746043040624443,0.7112964541196068,1.8317565781719716
2007-11-14,-6.166428530475542e-05,0.013705776459975283,0.7112525938844427,1.8570350592582403
2007-11-15,0.00027295537453266824,-0.015410547891187676,0.7114467606008126,1.8286365121439225
2007-11-16,-0.0008042136585866668,-0.012497916512423046,0.7108748354044323,1.8059245871834204
2007-11-19,-0.002129291512429114,-0.034173210238456875,0.7093627860192552,1.745252923638811
2007-11-20,0.0003213560289971577,0.009127365640640761,0.7095907806590526,1.761255404359133
2007-11-21,-0.0007865281982164939,-0.02771410515739703,0.7090328869292055,1.7131139666077404
2007-11-22,-0.0016639885867718634,0.00993782437276991,0.7078540453591722,1.730223467132627
2007-11-23,-0.0034957561663283452,0.02075280858625561,0.7053838802781693,1.7665056398956964
2007-11-26,-0.00010968627479975555,-0.007462809069734178,0.7053065135911472,1.7533716149015866
2007-11-27,-0.003143383159192559,-0.015561177426313577,0.7030929458427091,1.72629828090046
2007-11-28,-0.0006195437015108435,0.02873348082545668,0.7026574839443025,1.776620341267768
2007-11-29,-0.002981005525767843,0.006887447804006186,0.7005659770475798,1.7888989567591487
2007-11-30,0.00391667214508595,0.007854861818822556,0.7033152447712803,1.8030058421586002
2007-12-03,0.0008380618819304798,-0.017720823987088963,0.7039049135238432,1.7713365249291981
2007-12-04,-0.0034520691097069513,-0.027953330116305963,0.7014791744341029,1.722507417876305
2007-12-05,-0.0017870753017904823,0.023349947761234446,0.7002266977951148,1.7632011251698176
2007-12-06,-0.0020538553449495974,-0.0014947373895388694,0.6987900093293486,1.7605675712488384
2007-12-07,0.0012450308488324087,0.012977846145078686,0.699660566270489,1.7835648511219722
2007-12-10,0.002052344531812811,-0.0002446090829781866,0.7010979853428376,1.7831286283135128
2007-12-11,0.004094980232252873,0.0016543307037313326,0.7039748540738305,1.786080954140336
2007-12-12,0.007779661192721209,-0.0004603272404288816,0.7094728986588906,1.785258961630821
2007-12-13,-0.0029147100541258688,-0.029395215023971133,0.7074080016179894,1.7335446903551104
2007-12-14,0.0032101440950055207,0.007605422624132885,0.709682532069134,1.7467792939464364
2007-12-17,0.0016619412451231391,-0.02658512302066285,0.7108629633721572,1.7009528020189753
2007-12-18,-0.004891987582068648,0.004604565814561923,0.7073939227528919,1.7088030106745187
2007-12-19,-0.002521066025098053,0.004378279692625497,0.7056127820978516,1.7163010304310036
2007-12-20,0.0013888135112682903,0.016026228768497575,0.7065934274725031,1.7440284529316312
2007-12-21,-0.0006675372471031995,0.012843666416902266,0.7061219074372094,1.7665726376909126
2007-12-24,-0.004473013634649495,0.005218290438339324,0.7029704679877903,1.7758152210636464
2007-12-27,0.0031055437487856204,0.0020381804059823594,0.7051569669069665,1.7794383438865782
2007-12-28,7.571714807593204e-05,0.003951347258778881,0.7052103614028605,1.7864834323380008
2007-12-31,0.001472720892659614,0.0007039576918845825,0.7062497045791705,1.7877414838471848
2008-01-02,-0.005844099082634217,-0.0006663640929875925,0.7021343483162188,1.7865505939420074
2008-01-03,-0.0013703732472059747,-0.010362670512868988,0.7011728211653567,1.7681327526093313
2008-01-04,-0.001981404553669969,-0.026493708979137054,0.6997848896256074,1.721903454866622
2008-01-07,0.0008842844533284598,-0.01691727317859737,0.7004039722063867,1.6930185594540323
2008-01-08,-0.00269592416279277,0.006763888262895534,0.6985182791987733,1.7045087632378986
2008-01-09,0.004821128525465502,-0.019637274225349444,0.7018940565898396,1.6713633649994826
2008-01-10,-0.002518065290725916,-0.016535028965009246,0.7001288648948488,1.6439545505959061
2008-01-11,-0.006585738154017955,0.0029749997677832596,0.6955331492170398,1.6488525972334163
2008-01-14,-0.0019224634888238277,0.020321503545185138,0.6941972966077649,1.682702537078732
2008-01-15,-0.0018735980301436337,-0.026853605531366398,0.6928978676042432,1.6381172243550575
2008-01-16,0.0010638284826023667,-0.014325162350200316,0.6936353843174221,1.6148182086902683
2008-01-17,-0.004255505974425198,0.0037014188556572236,0.6906898865321796,1.6208064028269473
2008-01-18,-0.001439432039987566,0.0018094687382479435,0.6896964005791048,1.6237418563483716
2008-01-21,-6.341111417949613e-05,-0.04430339226621527,0.6896526675484932,1.5533748419347546
2008-01-22,0.002911097962994198,0.0373267241955908,0.6916632390896453,1.6124529735677302
2008-01-23,0.0034353575889695823,-0.012467082091454529,0.6940434357194812,1.5924751811254263
2008-01-24,0.00268410487248545,0.03748238352545741,0.6959088234151946,1.6532977125658614
2008-01-25,-0.0012616831211169663,-0.012023723135792252,0.6950313606552307,1.6335379496233908
2008-01-28,0.0008503197802609932,-0.010114127190503197,0.6956226109093657,1.617099409903405
2008-01-29,-0.002281917717134005,0.027107127917986418,0.6940370670773868,1.6615338547312524
2008-01-30,-0.0038001216497896787,0.00031287220983067243,0.691404646719707,1.6620537838315328
2008-01-31,-0.0012545634152362145,-0.002698312989304341,0.6905377796283765,1.6575750876970836
2008-02-01,0.0018969029783486291,0.03037843112340255,0.6918489059457783,1.7087022682685076
2008-02-04,0.00017490971331120676,0.007384366337387149,0.6919699276231969,1.7213666534609477
2008-02-05,-0.00012918680016978156,-0.03035240604322631,0.6918805400164073,1.669903992487073
2008-02-06,-0.0008288844556674999,-0.005115853732791109,0.6913072886040224,1.661382823026635
2008-02-07,-0.0006863302010066965,-0.014266543588309588,0.6908329863162879,1.6378489055566154
2008-02-08,0.004154679586896991,0.004424743369281003,0.6937091466475971,1.6451120235078716
2008-02-11,-6.958654968098471e-05,-0.007378632142698294,0.6936608755011305,1.6330180205231113
2008-02-12,7.514827891977278e-05,0.03082828687807826,0.6937130048807705,1.6841452010945384
2008-02-13,0.0017596252657658038,-0.004402075990425303,0.6949347544067762,1.676747759935268
2008-02-14,0.0008419906507372923,0.009270586312029039,0.6955201293784024,1.692364470954531
2008-02-15,0.0002167527608857707,-0.019142911265575435,0.695670901626257,1.6602758032220708
2008-02-18,-0.001465117833636143,0.018627356432695308,0.6946524080706675,1.6914921891464074
2008-02-19,-0.0020666125818703403,0.012280454714593603,0.6932183130339502,1.7123925526954435
2008-02-20,-0.004030799228708212,-0.00828207348029153,0.6904297131112658,1.698268958799385
2008-02-21,-0.0005093578016938724,0.005643619909227127,0.6900781268995627,1.7078804395677831
2008-02-22,0.002451242315192544,-0.012919878426600917,0.691771750497899,1.6859567625060017
2008-02-25,-0.0021875048197495684,0.022070805985800135,0.6902601503785644,1.7235808568788669
2008-02-26,0.002056239685621025,0.010513629304984562,0.6916809509458216,1.741797541017107
2008-02-27,0.004237817580610167,0.0035759921548752516,0.6946183884058253,1.7480373454556206
2008-02-28,0.0005551013043695366,-0.018429800304408772,0.6950040790180456,1.7161164179243842
2008-02-29,-0.0024468613655229845,-0.016050575620335295,0.6933055792323962,1.6887916374302088
2008-03-03,0.00011970702375206253,-0.005378016716921508,0.6933885777474903,1.6797336665640936
2008-03-04,0.0017445322662936148,-0.0069545323254320834,0.6945992722351979,1.6680924310756093
2008-03-05,-0.0017753824582827102,0.01987258266167302,0.6933671869067012,1.7015733097164736
2008-03-06,-0.0007069901599112711,-0.015227567197769076,0.692877156372147,1.6758587696305387
2008-03-07,0.0031450684261090356,-0.013817610995053187,0.695059732816886,1.6528616535661949
2008-03-10,0.00452797436296105,-0.018746323117005304,0.6982140814834065,1.6221651967421384
2008-03-11,0.0059742066402404094,0.010502280743795112,0.7023978415653538,1.639291405763629
2008-03-12,-0.0027941064270891975,0.021921573283869122,0.7004380065107643,1.675624031634099
2008-03-13,-0.0005481707380815258,-0.01898913471233321,0.700054152110242,1.6441055823005242
2008-03-14,-0.0035902443353652944,-0.009780921598283143,0.6975452930595785,1.6281031015802048
2008-03-17,0.012746395374569501,-0.034100105670024305,0.7064933879846034,1.5735205383870756
2008-03-18,0.0011180880402484545,0.02326492834799687,0.7072837515579155,1.6105575420556542
2008-03-19,-0.0007593873520187972,-0.005252514769988892,0.706746853105442,1.602120242695826
2008-03-20,0.006704872243091002,-0.010821365153647733,0.7115014220404468,1.584876582771722
2008-03-25,-0.002920061624271187,0.0359857171747624,0.7094268244928071,1.6429481093885605
2008-03-26,0.0019170024307682983,-0.003938483154566796,0.7107881018088944,1.6364901116414234
2008-03-27,0.00036237731823396424,0.022890780682827128,0.711045721970093,1.6743826886215205
2008-03-28,-0.0023036210761324736,-0.0020759054869525784,0.7094096272535224,1.67091043369442
2008-03-31,0.0026824959332690775,0.005196676504981568,0.7113151703568082,1.6796162156614791
2008-04-01,0.000958236065112145,0.031748073528763854,0.7119971048816531,1.733796300656948
2008-04-02,0.0020390647750300386,0.003457552082208437,0.713450394270202,1.7398013670990207
2008-04-03,0.0019065529401685265,-0.018959924311719334,0.7148119227176712,1.7071256086622724
2008-04-04,0.0017031799300032738,-0.0011896970825233666,0.716030413398055,1.7050958539421863
2008-04-07,0.00030781023627281365,0.007780729922941987,0.7162508488131796,1.718414491442916
2008-04-08,-0.0007211521562243148,-0.013344517678193668,0.7157345091712609,1.6956354048784055
2008-04-09,0.004802737099559493,-0.003657038403435564,0.7191802617503769,1.6894457259297098
2008-04-10,3.164089050868989e-05,-0.005855171397822545,0.7192030176143008,1.6795826348594765
2008-04-11,0.0017179371776015907,-0.008182754365627432,0.7204396251193731,1.6658950999630846
2008-04-14,-0.001289114089312106,-0.008686996356949805,0.7195114946097232,1.651486151154398
2008-04-15,-8.25833365647869e-05,0.005944431316493137,0.7194520774032709,1.6613325337280234
2008-04-16,0.0043521120872604055,0.018704846962402044,0.7225900369083134,1.692699951356978
2008-04-17,-0.000902329520059588,-0.0001783697848427579,0.7219383166645366,1.692398051756535
2008-04-18,0.001622403867637295,0.014923591077028675,0.7231105428366992,1.7178441092352366
2008-04-21,-0.0006362277530248426,-0.010138004741328643,0.7226506261622317,1.7005165792105181
2008-04-22,-0.0018410096250633726,-0.00675004763018805,0.7213214432985502,1.6890766647252582
2008-04-23,0.0009009099213252855,0.0017959340762896403,0.7219715817574033,1.6921128606526947
2008-04-24,0.0005696664401944971,-0.011295029525305367,0.7223829819076085,1.673107928615733
2008-04-25,-0.0009444649107340058,0.0044614405234888466,0.7217010386155326,1.6805890760668227
2008-04-28,-0.00040568251182301744,0.009783307490756954,0.7214083165055368,1.6971114858874206
2008-04-29,0.0004742661271286379,-0.01094173940522225,0.7217505371793065,1.6786433552561377
2008-04-30,-0.0013584143344614191,0.011416033106128154,0.7207707665216132,1.6979166060915398
2008-05-01,-0.00017808527563251215,-0.0048823145082455,0.7206424192897046,1.6896470469329365
2008-05-02,-0.0012060915215809619,0.021391696267935245,0.7197737825107323,1.7261808299978436
2008-05-06,0.0003396149398483775,0.0037051997960180216,0.7200182699540284,1.7325885384463733
2008-05-07,-0.001072819093777135,0.011512487734110621,0.7192462348072238,1.7526502009892906
2008-05-08,0.0005739655118768979,0.009638923124420273,0.7196591758361685,1.7696255421149538
2008-05-09,-0.0052228440427092016,-0.010720974279221807,0.7159103065983862,1.7507547694772116
2008-05-12,0.0013491869520373785,0.008946837431432542,0.7168768553237244,1.7664887675902983
2008-05-13,-0.001158074568026729,-0.015213275724352826,0.7160471389985846,1.739818075595627
2008-05-14,0.0012894826642466338,-0.009376533282482669,0.7169710649363239,1.7235808568788669
2008-05-15,0.0002771865555711518,0.006170580196151576,0.7171698272221018,1.7342492319620102
2008-05-16,0.00010255258930563392,0.01109984012133225,0.7172433786162338,1.7536063528980255
2008-05-19,0.0009180358574445381,0.009804186921646973,0.7179021360915439,1.770883593624137
2008-05-20,0.00176145772245495,-0.029510590873062625,0.7191678047367811,1.7193873518482572
2008-05-21,0.0021042092595366,-0.008277828197195802,0.7206826775364051,1.7052133048448002
2008-05-22,-0.001164418078308174,0.0020734932755797075,0.7198439899841947,1.708752721375907
2008-05-23,0.0018963324661399306,-0.010787519178608207,0.721210348638635,1.6904185863350543
2008-05-27,0.0014198655707936547,-0.0043158227357320555,0.7222350977127722,1.6831387598871916
2008-05-28,0.001962420416249724,0.0022994420081268174,0.7236538182215995,1.6870134930119587
2008-05-29,0.0008740568267892217,0.004058489917424524,0.724286609289038,1.6938741327655484
2008-05-30,-0.003002188976265518,-0.0048542485815037395,0.72211542479881,1.685671571402162
2008-06-02,0.000895845964371357,-0.012113715562620087,0.722762618837727,1.6653750070540145
2008-06-03,0.0012767826637863494,0.005885027967741152,0.7236860189846996,1.6752046811310368
2008-06-04,-0.0003687898242174508,-0.0010018133266243012,0.7234191801517171,1.6735272791187923
2008-06-05,0.005035882386690872,0.0033321326778015248,0.7270714224721881,1.6791129950578079
2008-06-06,0.0007501718964362376,-0.017728337588414078,0.7276170556537798,1.6496074281389266
2008-06-09,0.00279514718126325,-0.009501696146429595,0.7296536974467154,1.634007589425062
2008-06-10,-0.0011734159249175194,-0.011854846736763847,0.7287980123139203,1.6147510470862625
2008-06-11,0.0011480602219105318,-0.02135563214139502,0.7296351967988144,1.5806326246337141
2008-06-12,0.003308354259703555,0.013816788785746326,0.7320530859217051,1.6026234632994993
2008-06-13,0.006942022786370223,0.010215339854452665,0.7371526954478929,1.619078711516093
2008-06-16,0.0011140049009183638,-0.001742014030218897,0.7379743447390429,1.6162607088972816
2008-06-17,0.0017647321569931058,0.009132618082984933,0.739277821601725,1.6310890082090315
2008-06-18,0.005155588369330128,-0.019638569744559575,0.743099075682924,1.599369237872231
2008-06-19,0.006873521036560309,-0.009293395938618332,0.748224377066471,1.5845745193624852
2008-06-20,-0.0016067665383671134,-0.009092083832255682,0.7470231205020761,1.5702327321578016
2008-06-23,0.00038254167199953037,-0.004335800825495895,0.7473089426415693,1.5634392540082174
2008-06-24,-0.0006089141021989253,-0.013860806555701544,0.7468540342018334,1.5419182189528895
2008-06-25,0.0019507539246729393,0.013925240885432899,0.7483123846191383,1.563539996414225
2008-06-26,0.001980387481189473,-0.023215128437014343,0.7497958014829282,1.5276603018488195
2008-06-27,-0.0013122388595330934,-0.0002745427566637204,0.7488125355764698,1.5272409513457597
2008-06-30,0.004177217881149072,0.00449301062433527,0.7519470308667408,1.534118299595956
2008-07-01,-0.0022205257744004254,-0.02490912938332457,0.7502791655579872,1.4963767543204758
2008-07-02,0.0005159338329435432,-0.029878735440775017,0.7506663598383769,1.452328243002477
2008-07-03,0.0004675930200004403,-0.00020789445128066575,0.7510174482654385,1.452026343402032
2008-07-04,-0.00040094862688502776,-0.016352229851667843,0.7507163892094305,1.428475553626617
2008-07-07,-0.0011866435125503561,0.012486304938953197,0.7498260848178466,1.4464237551576213
2008-07-08,0.0022709934781353887,-0.016710855846802986,0.7515308700115422,1.4224536148791442
2008-07-09,0.0008153966709732558,0.020368730241754562,0.7521439156848174,1.4517242799927954
2008-07-10,0.0038913852353693154,-0.01568627683345447,0.7550764996194524,1.429129805934907
2008-07-11,0.003203734664868888,-0.021449399495779176,0.7574994435382156,1.39880224650651
2008-07-14,-0.0036090928548326304,0.0127022091980038,0.7547704852031978,1.4166834502423005
2008-07-15,0.0004470809452920652,-0.01989905906379974,0.7551080041487236,1.3887714152350532
2008-07-16,0.0045509096728661574,0.016198008000881003,0.7585522637816627,1.4114499232023423
2008-07-17,-0.002326456669754285,0.03562844788734587,0.7567895760116213,1.4626442653777743
2008-07-18,-0.0007119958623974113,0.027709808756641863,0.7562509367420159,1.5037406146777434
2008-07-21,-0.00463634516088058,0.008972731664201206,0.7527528118943624,1.5172939901749125
2008-07-22,0.0005278036128090701,-0.006978067264324039,0.7531502224161613,1.506743065994383
2008-07-23,-0.0018136999583330193,0.02280482287710761,0.7517854718872483,1.5414988684498276
2008-07-24,-0.0057306567873667644,-0.020069872901137487,0.747489568301258,1.5108695732297772
2008-07-25,-0.003099254570242433,-0.015608795483155191,0.7451764940948904,1.48746981515898
2008-07-28,-0.0029644503422461108,-0.017174735373679084,0.742970726441625,1.4621410447741026
2008-07-29,0.002425569216569432,0.0016850199502549401,0.7447750407244618,1.4646068584938587
2008-07-30,0.003697444523135472,0.01758497465283959,0.7475339023455976,1.4905897173782356
2008-07-31,-0.001533913841360722,-0.0033364861448355043,0.7463881287295644,1.4856246729455111
2008-08-01,0.001186994963934065,-0.0018986482350289435,0.7472746137020205,1.4828066703267002
2008-08-04,-0.0005742507018290283,-0.00595668683318884,0.7468456139191454,1.474000309762423
2008-08-05,-0.003183918082958067,0.032281611958737244,0.7444715001612711,1.5223597770136468
2008-08-06,-0.0011081224966904006,0.006129440967189481,0.7436469914564899,1.5317196474802057
2008-08-07,-7.655432571298734e-06,-0.004698069499925239,0.743641298538881,1.5245403996295621
2008-08-08,0.0015847793372981145,0.012378121771883244,0.7448207402337309,1.5435286231699161
2008-08-11,-0.0013169176480940978,0.01960669918270419,0.7438405182337402,1.574090756785964
2008-08-12,-0.0008875281463084739,-0.009948989447737588,0.7431806317146891,1.5585077903774947
2008-08-13,-0.0015449233261730353,-0.019749911633279993,0.7420333610719727,1.528029363053272
2008-08-14,-0.0002371604046527218,0.0027297239684198615,0.741857401006,1.5322061595872738
2008-08-15,-0.0005914884689944234,0.006601476012109586,0.7414187306546834,1.5423544417613477
2008-08-18,-0.0013192629429640184,-0.007740720581990601,0.740441249317336,1.530461595971025
2008-08-19,-0.004578134975187961,-0.028504163735297183,0.737059157081336,1.4874529428535819
2008-08-20,-0.00012639932510930658,0.003343697286622316,0.7369659991889865,1.4924348595917054
2008-08-21,-0.0021329834222008526,0.00468703130486503,0.7353957381956651,1.4994463672411251
2008-08-22,-0.002043859708997652,0.026886431026625246,0.733894227437565,1.5403079785446525
2008-08-26,0.0007787758938401333,-0.005361421692889223,0.7344659891787549,1.5320718363792631
2008-08-27,0.002115377672983877,0.00038312710432109043,0.7360213065957181,1.5326589270835462
2008-08-28,-0.00017193128558651077,0.014623765384197185,0.7358947723841626,1.5552368564536208
2008-08-29,-0.00039461469739551823,0.01180485034389811,0.7356044347807537,1.5737049870849056
2008-09-01,-0.005406648833163202,0.002948195778285978,0.7316380121111775,1.578351423420578
2008-09-02,0.0059429540693708306,0.014150914615610688,0.7359990490983082,1.600845318881249
2008-09-03,-0.001902254031340455,-0.018389632331263783,0.7346003227283185,1.5716753961736072
2008-09-04,0.004991258499075834,-0.023727220219686984,0.7382760685001746,1.5348228412028584
2008-09-05,-4.754567922925961e-05,-0.02022503335156678,0.7382409674974961,1.5040928035767966
2008-09-08,0.0024079744245044414,0.0332545336418999,0.7400207748716763,1.5549516653497801
2008-09-09,0.0013834488055929446,-0.014319928675730509,0.7410452642296756,1.532843539590168
2008-09-10,0.0012299358822868507,-0.018889953396517,0.7419572631256657,1.5041599651808035
2008-09-11,0.001811735192126438,-0.010346385798571944,0.7433027116405128,1.4886775773695518
2008-09-12,0.0033291159679126104,0.011405241530134447,0.7457813761583852,1.5057534970924353
2008-09-15,0.0033507205189706227,-0.03034423129100894,0.748284472364131,1.4607488338656984
2008-09-16,0.0014165496074218446,-0.034973715598217936,0.749345205552916,1.4105440605922157
2008-09-17,-0.0027992577895373967,-0.011878888662682385,0.7472505282878417,1.3938874913723962
2008-09-18,0.017237073429073782,0.003243908583156596,0.7602425914085391,1.3984164768054528
2008-09-19,0.04538457813058002,0.07462110074880357,0.7955408196809269,1.5067599382997812
2008-09-22,0.0029304673229791868,-0.02590402826682947,0.7978755453048577,1.468229981316787
2008-09-23,-1.4684635210655394e-05,-0.03468587300598358,0.7978638288795573,1.4181762397479234
2008-09-24,-0.002005246238897532,-0.005598308862856172,0.7962655184760756,1.410259033297166
2008-09-25,-0.004631289358677387,0.003241855546157524,0.7925863087722801,1.4148383080288336
2008-09-26,0.0008238775247695407,-0.019187714137300915,0.7932395718859647,1.3879495865343279
2008-09-29,-0.0027714598502608942,-0.05995340807140792,0.7910441838809297,1.3071825977404037
2008-09-30,0.0009944466854265805,0.012154946489651763,0.7918312264186771,1.323168288059723
2008-10-01,0.0034140811527965807,0.0033158759792559778,0.794539222513849,1.3275630321891647
2008-10-02,-0.0007553113344351839,0.0064358433429951845,0.7939393246167914,1.3361345728526073
2008-10-03,-0.004481550450174301,0.0037591673865478015,0.7903892064378051,1.3411667788893387
2008-10-06,-0.0026817045227108998,-0.06734154648085955,0.7882724556468417,1.2538244233500573
2008-10-07,0.005328373563561218,-0.005849957562558572,0.7924838758062523,1.2465110161001933
2008-10-08,0.0028547653025165582,-0.03148137472545365,0.7947494635997672,1.2078803986155866
2008-10-09,0.011706361406151543,-0.002990204142038877,0.804107756959512,1.2042739842892622
2008-10-10,-0.0011118660540408239,-0.05748949627154332,0.803214193694144,1.1369933731972948
2008-10-13,0.001696381804833307,0.03651728508267915,0.8045779080007477,1.1792806943068326
2008-10-14,0.004095045138246282,0.009076246647646613,0.8078794462115141,1.1900328575861945
2008-10-15,-0.004482945864792498,-0.05615315460291548,0.8042658721690467,1.125050320012757
2008-10-16,0.0013715132062828575,-0.05586210526785074,0.8053696902115726,1.0639258070674815
2008-10-17,0.00029041093580742597,-0.004947069576312302,0.8056036123421062,1.0586754896265216
2008-10-20,0.008001541019875012,0.01386235579555617,0.8120755408625737,1.0734534177352661
2008-10-21,0.0031323593558856026,0.0067899435992302415,0.8146232413543157,1.0807669068895271
2008-10-22,-0.002970369480570412,-0.03321620903166789,0.8122070995334832,1.045457594531801
2008-10-23,-0.0033605171695270082,-0.01681090933318785,0.8094822446554225,1.0280294040054687
2008-10-24,-0.0021708651983949976,-0.056228810662959816,0.8077268738478511,0.9718196461943083
2008-10-27,0.003962398229105012,-0.01827209151870335,0.8109337586639109,0.9542237154667512
2008-10-28,-0.0025926673406975057,0.0018615406455815275,0.8088340003559493,0.9560016960762149
2008-10-29,-0.0019153961730484239,0.04959784071493267,0.8072862455620334,1.00461285553367
2008-10-30,0.001945494598848621,0.03843945457521336,0.8088583453524649,1.0439814316183886
2008-10-31,-0.0013377356140647813,0.009403301781109263,0.8077770301553324,1.0538446045930185
2008-11-03,0.002709948694261852,0.025319016523544846,0.8099690332299183,1.0808675673911399
2008-11-04,0.006248437158207096,0.050682432360657614,0.8150459186157507,1.1370605348013008
2008-11-05,0.01234384441066205,-0.003132372798994254,0.8251690693828985,1.1335044097735858
2008-11-06,0.006820016007538601,-0.03562526075740102,0.8308159697327452,1.093833852184025
2008-11-07,-0.003576852352493616,0.00985772363522841,0.8278495720228731,1.1046698855639971
2008-11-10,0.0019174714992672246,0.010723396311226097,0.8294384728320904,1.1165794398509266
2008-11-11,0.0006148264992468851,-0.03860799006846527,0.8299485903855081,1.0742921187413883
2008-11-12,0.00951934142506915,-0.02422739172638444,0.8378868780722558,1.048577578655452
2008-11-13,-0.00721046449753128,-0.015200088302904646,0.8318670534321609,1.0327596285373581
2008-11-14,0.0062889173977001035,-0.004737625302977833,0.8371150815278359,1.0278783723008516
2008-11-17,-0.006686566113429902,-0.02491699311467066,0.8315363283272703,1.002583182717975
2008-11-18,0.00044709668095694655,-0.008569320690742899,0.831908188582309,0.9940284324555336
2008-11-19,0.003876430557967554,-0.03772603230425453,0.835139281413388,0.9572262486877897
2008-11-20,0.002105405072523124,-0.022667607496767772,0.8368994401661299,0.9357722933320729
2008-11-21,-0.007416859704356104,-0.015754367104086953,0.83071523646667,0.9211453150235516
2008-11-24,0.007531222485868063,0.052861779191045954,0.8369951557870011,0.9711486853894102
2008-11-25,6.917878943223977e-05,0.007468226334189865,0.8370530601014912,0.978428593741668
2008-11-26,0.0010343254889738462,-0.0003429355314814586,0.8379192933235013,0.9780931133392194
2008-11-27,0.009247641302690186,0.03465244348126362,0.8457040100444311,1.012580515091826
2008-11-28,0.002922674325141924,0.00934881910848162,0.8481793429752296,1.0220913353586112
2008-12-01,0.00869610051391801,-0.04410418293581131,0.8555873595397698,0.9779924528376054
2008-12-02,0.013322598091333406,0.005132252087316047,0.8670622741762637,0.9830246588743362
2008-12-03,0.011888907865704273,-0.001964251302696951,0.8774322191824703,0.9810956465602575
2008-12-04,0.00235361001646596,-0.008085412109728907,0.8794997846092207,0.9731950667017103
2008-12-05,-0.012303538451688701,-0.020249106486202706,0.8687451210663486,0.9536869140610755
2008-12-08,0.0032675564552681743,0.04527041163009571,0.871588437613518,0.9978528762816912
2008-12-09,0.00788475340105329,0.033522740745830504,0.8784878618965016,1.0318706382326273
2008-12-10,0.0025148012833459414,0.01817057156249291,0.8806998645067374,1.0507917001689768
2008-12-11,0.009055540812468501,0.008899683823187843,0.8887112972548241,1.060185151437541
2008-12-12,0.003736900927944283,-0.023597538432488463,0.8920385362355123,1.0354602621579492
2008-12-15,-0.011755538378818991,0.005154343340922907,0.8816135387708948,1.040811158196128
2008-12-16,0.005075546008378671,0.007418177131695458,0.8860995837819852,1.04856078825445
2008-12-17,-0.0019287244028188743,0.009013676393928804,0.8843921889677282,1.0580549000246275
2008-12-18,0.0019232958528887867,0.013213503283633798,0.8860947735592078,1.0721282865264734
2008-12-19,0.00040362278426226317,-0.016802875209599222,0.8864524937859927,1.0542639550960797
2008-12-22,0.005022335849131045,-0.008564694068045497,0.890915754539612,1.0452730639295746
2008-12-23,0.006535218984732531,0.009041899554368626,0.8967571507039886,1.054767175699751
2008-12-24,0.009171892736943923,0.004395425517792262,0.9050199459124092,1.05941353013103
2008-12-29,-0.0020171750274782913,0.005494912650876316,0.9031962023015794,1.0652509382762734
2008-12-30,0.0027837471627472988,0.01571687828284496,0.9057139749624876,1.0821256189003226
2008-12-31,0.0038872881677833914,-0.014096328868284047,0.9092415981825961,1.0669786295871262
2009-01-02,-0.0036977184252454235,0.041012560268580245,0.9058856872027427,1.1116478943158103
2009-01-05,0.0010976106558060353,0.017648748079194476,0.9068805428681689,1.1314412380602836
2009-01-06,0.005243909555933103,0.019642122774209625,0.9116486332039353,1.153884844222345
2009-01-07,-0.0032954158174752714,-0.017110252552544836,0.9086493165901232,1.1343095299777048
2009-01-08,0.003781614972411321,-0.010405457408893426,0.912091983768599,1.122567715892
2009-01-09,-0.0017331541540907282,-0.00575444832987948,0.9105125568485413,1.116126508545864
2009-01-12,-0.012571195355474116,0.004812653745347006,0.8991379714882225,1.1215109853860437
2009-01-13,0.0031153371557505645,-0.02096306690564198,0.9019434571668209,1.0982453867144684
2009-01-14,0.0011773680102138695,-0.02845845079724718,0.9030060019206708,1.067431560892191
2009-01-15,-0.002784720954699889,-0.025238851638446747,0.9004948801942916,1.040827948597129
2009-01-16,0.0028940222052214757,0.007162058669651472,0.9031047070001054,1.0483091779526135
2009-01-19,-0.0028080727081024265,-0.005471305076589772,0.900572280602618,1.0425892207099838
2009-01-20,0.005345823233153715,-0.01187945312246974,0.9053994719834341,1.0302771063209963
2009-01-21,-0.0024078063575497448,0.002828886292729038,0.9032220678144347,1.0331957694414207
2009-01-22,-0.0024467375036520854,0.0012331216327439165,0.9010148218838302,1.0344706113516047
2009-01-23,0.00876822277175277,-0.012892664832053313,0.9089498578058827,1.0212191354548814
2009-01-26,0.0029522094095733747,0.02723694103991292,0.911637233024304,1.0494162796615734
2009-01-27,-0.006418693335987425,0.00038353027087723035,0.9058044526318535,1.049818839763633
2009-01-28,-0.0019044892760484273,0.02605327897361498,0.9040809994356093,1.0775294718632595
2009-01-29,0.00233150833225588,-0.023818855198308952,0.9061913309906618,1.052167202580775
2009-01-30,0.0034430331099693876,-0.0034815329956696672,0.9093167551291038,1.048510417051447
2009-02-02,0.0007662965458954416,-0.03225455285085843,0.9100138284660185,1.0152307775094132
2009-02-03,-0.0017240054199724763,0.012870343824877395,0.9084463112857977,1.0283815929045241
2009-02-04,0.0012169044298281518,0.03067873155453782,0.9095524765384545,1.0604199713383753
2009-02-05,0.002936329643991646,0.010918127905727104,0.9122271473739536,1.0720612068268625
2009-02-06,0.003128838197825989,0.026327670745088128,0.9150858283607662,1.1006609111356147
2009-02-09,0.0009651963786310677,0.014824722329835893,0.9159694922744392,1.1170994508556022
2009-02-10,-8.214755946148048e-05,-0.02493401822531638,0.9158942507066057,1.0895900578548066
2009-02-11,0.0002530794000066747,9.230439892782272e-05,0.9161260740076577,1.0896906364520267
2009-02-12,0.0018066067319012793,0.0008616728668524587,0.9177826494798654,1.0906299979597607
2009-02-13,-0.0035449909466840892,0.00376104775721231,0.9145348783572659,1.0947396328897585
2009-02-16,-0.0001616965699873644,-0.009932097533061679,0.9143870131592715,1.0839203899107868
2009-02-17,-0.003030808715083583,-0.030833031963064528,0.9116198764800079,1.0510098115732063
2009-02-18,-0.0002197660131943636,-0.0031811385376769863,0.9114195554268909,1.0476717160453246
2009-02-19,-0.002122441983552498,-0.004476993124102435,0.9094871717093976,1.0429917808120448
2009-02-20,-0.0037785466319703678,-0.03420718457473271,0.9060571164128848,1.0079172883551524
2009-02-23,-0.0014007617518631468,-0.01500686321974598,0.9047888347468126,0.9929045403455716
2009-02-24,0.003280244778603442,-0.002283279855728182,0.907761636691144,0.9906400476290436
2009-02-25,0.001849881132647427,0.02283333055356529,0.9094424419814792,1.013519876599562
2009-02-26,0.0009863377931229032,0.013414570611583798,0.9103399019592636,1.0272074114959535
2009-02-27,0.0039023789915048233,-0.012273270184742557,0.9138993338768819,1.0146772676071312
2009-03-02,-0.0034721409451364898,-0.03167459260908956,0.9107316490864302,0.9830414492753377
2009-03-03,-0.005189523539825658,-0.0016735785933779113,0.9060176280959781,0.9813976280650984
2009-03-04,0.0039772565253681155,0.03901884265764721,0.9096282680805458,1.0204475141483695
2009-03-05,-0.001899344692340738,-0.024645782109333325,0.9079022101659309,0.9956051739661633
2009-03-06,-0.004765082908439817,-0.017642984141456708,0.9035862719299723,0.978193773840833
2009-03-09,-0.0009159496862624293,-0.010654037971198349,0.9027590112900856,0.9678273802625317
2009-03-10,-0.0013521520733857358,0.03156020019821604,0.9015391687133913,0.9988593174890371
2009-03-11,-0.0033518106888033774,0.012002045440349107,0.8985224386696471,1.0109199034805836
2009-03-12,-0.007264504952920551,0.005807123797445968,0.8920187695334504,1.0168075190200436
2009-03-13,-0.0016940552084024653,0.016475785909419116,0.8905089197364692,1.0336989900450937
2009-03-16,-0.000997160218391459,0.017341629872518638,0.8896213822496644,1.051781350975322
2009-03-17,-0.0052754797773673975,-0.009373491665517264,0.8849405602847704,1.041968549203696
2009-03-18,0.0012228822506129956,-0.003240960530263237,0.8860234003467926,1.038597036682603
2009-03-19,0.0012321144221601361,0.011226042058998686,0.8871157553717288,1.050322060367307
2009-03-20,-0.0016611125593918045,0.0017232818509942405,0.8856433794784507,1.0521336217787718
2009-03-23,0.00042607445975294375,0.01876303378975308,0.8860208099039182,1.0720612068268625
2009-03-24,0.0009909091440584417,0.0019382727267203137,0.8868992111623224,1.0741411689411648
2009-03-25,-0.0005697072473913249,-0.005088193009783026,0.8863940821555079,1.068689612401373
2009-03-26,-0.0006212796987758288,0.0017250576419058916,0.8858435545406731,1.0705347546148412
2009-03-27,-0.0020863903182722927,-0.004806206622756548,0.8839972658341615,1.065401888076498
2009-03-30,-0.001704052430002025,-0.020230050631788288,0.8824921708897575,1.0440653017190011
2009-03-31,-0.0030880419906703285,0.02375055696572481,0.879771201405887,1.0691592522030433
2009-04-01,0.0029154446329169885,0.025878547163760146,0.8823398682167215,1.0971886562085127
2009-04-02,0.0013742686584132344,0.04119741612910843,0.8835532738253579,1.1433340019462115
2009-04-03,0.0011981341000994246,0.01602387535071159,0.8846125235668855,1.1618022144818918
2009-04-06,0.006608843752490367,-0.005893599273852246,0.8904781506738547,1.1549751555303034
2009-04-07,0.0038812883681507647,-0.02432959664998613,0.8939410691074445,1.1272141522276715
2009-04-08,-0.003159868692609996,-0.00023813812290640612,0.8911207909111741,1.1269457515248347
2009-04-09,-0.0017779740957418414,0.03804128082674829,0.8895378088962744,1.1706420739437797
2009-04-14,-0.0015708761474384678,0.02452873175517034,0.8881415521303823,1.1997114999585976
2009-04-15,-7.340355642507994e-05,-0.006002190661673623,0.8880763617744782,1.1925321702035567
2009-04-16,5.172219261402795e-05,0.016101686588434916,0.8881222962190227,1.2118893730439688
2009-04-17,-0.0026093387261844018,0.011409088576142423,0.8858079051461937,1.2257951012489834
2009-04-20,-0.0037929519706194717,-0.04063556361877474,0.8824544420893119,1.1769827026926964
2009-04-21,0.002239520746520245,-0.004198862299364947,0.8844329317276073,1.1720510752531839
2009-04-22,0.004313619075809804,0.02441579339371991,0.8882562787960909,1.2010198407663881
2009-04-23,-0.001480078403825005,0.0029982939171873113,0.8869425623023108,1.2046262550927134
2009-04-24,0.0007832275561169251,0.025882267399488512,0.8876375122742569,1.2362117022215007
2009-04-27,-0.000895122286657321,-0.012273429853218332,0.8868433236555416,1.221131874512311
2009-04-28,0.0010199927333770476,-0.017277720040896227,0.8877483588875288,1.2002147205622704
2009-04-29,-0.0026552644228247184,0.027948764287467398,0.885394278989161,1.234232400608811
2009-04-30,0.0015098231411608846,0.022974074185402316,0.8867320774260161,1.2629159750181755
2009-05-01,7.511680079234657e-06,0.005602526556138798,0.8867387382987149,1.270011352768209
2009-05-05,0.0024040710464221828,0.03446580542910738,0.8888730857587003,1.3145463761932759
2009-05-06,0.0065000237105419904,0.004379990529749023,0.8946696002238295,1.3203167046389097
2009-05-07,-0.0016290337288424293,-0.011101693736417673,0.8932133397396642,1.305740015628997
2009-05-08,-0.0016228141694945048,0.002809455120752702,0.8917649959897872,1.3094135915593264
2009-05-11,-0.0028302110990915566,-0.02540259468915096,0.8892446809944221,1.2765700110169609
2009-05-12,-0.0008662388607168446,0.0017723169041978792,0.8884747162299057,1.2788345037334876
2009-05-13,2.398299817130958e-05,-0.033707495286142475,0.8884960247729207,1.236446604026732
2009-05-14,-0.0019261739689253909,0.007783770296041936,0.8867862740258193,1.2461083740937375
2009-05-15,-0.0027725243020431433,0.005918818291547723,0.8843310426973848,1.2535057333486102
2009-05-18,0.0027177225453388723,0.01378143281888633,0.8867376779117698,1.2709004249773337
2009-05-19,-0.0007530558018943882,0.015934936789982146,0.886070166326941,1.2913143583237015
2009-05-20,0.001718886388498043,0.00462669329242793,0.8875945300037622,1.2973027162691693
2009-05-21,-0.002856284056327688,-0.029071217559801354,0.8850629251117187,1.260131471296973
2009-05-22,-0.0029995626614168305,0.003866125600865189,0.8824121010525223,1.26501272753348
2009-05-26,-0.0040533745409948325,-0.0015260594143668982,0.8788425934702326,1.2630837152194008
2009-05-27,0.0005071891573190141,0.007686201747000965,0.8792884459608478,1.2728294372914155
2009-05-28,0.0016442840923852424,-0.009241220961401453,0.8807354352698955,1.2611211221033174
2009-05-29,0.005135671489623742,0.007117210749674641,0.8852702377955739,1.2701288036708236
2009-06-01,0.0014582652165159088,0.024344684787486415,0.8865621383284336,1.3014291416001673
2009-06-02,0.001954220538716643,0.001738492563809757,0.8882963702519093,1.303693634316697
2009-06-03,0.0007275680988797126,-0.010853699396404792,0.8889429015224986,1.2896202478148528
2009-06-04,-0.003134684188319463,-0.003661660055703564,0.8861607091901419,1.2849067317795677
2009-06-05,0.001938574592204868,0.011319319110937087,0.8878802640297317,1.2995336281836944
2009-06-08,-0.001424426801919034,-0.007696718760476173,0.8866164439080699,1.2895698766118469
2009-06-09,-0.0032383602460769115,0.0004941992017961638,0.8837499044114854,1.2902073385191375
2009-06-10,-0.0017114150105680063,0.0049670118008098285,0.8822387350472981,1.2966317554642726
2009-06-11,0.0066707845739808055,0.003151549003273857,0.8881436328451889,1.3007245999932677
2009-06-12,0.003750013849330734,-0.008157602735408886,0.8914804363879577,1.2901569673161328
2009-06-15,0.002392648852083363,-0.0260668307642824,0.8936159898266822,1.2569611978747117
2009-06-16,0.001979036718804521,-0.0013220054244200696,0.8953862398001315,1.2553005862634687
2009-06-17,-0.0016745279531816455,-0.023593812150709326,0.8938881451634251,1.2260299211498196
2009-06-18,0.0045704067497894,-0.009264148092555047,0.8979829278590121,1.214724247968178
2009-06-19,-0.0015463064979497887,0.012705935119528888,0.8965954440367043,1.2302569250780357
2009-06-22,0.0021008166843839294,-0.02198708808404959,0.8984810066218651,1.2035023629827515
2009-06-23,-0.0011487323587788534,0.0025334714145106574,0.8974494850003749,1.2065552674067928
2009-06-24,-0.0009050613303217281,0.0176249270104627,0.8966376056313148,1.2280092227625088
2009-06-25,-0.0009439320027123529,0.0030550483781439652,0.8957916400303395,1.2317665868890557
2009-06-26,-0.0002944111373012617,0.005838600273387229,0.8955279478136806,1.2389794155417035
2009-06-29,-0.0005449831917542336,0.012231509929900852,0.8950400330991114,1.2542270653565128
2009-06-30,0.0034585707166816435,-0.008407373878156932,0.8981409516298345,1.2437265123789896
2009-07-01,0.0005569086302661763,0.012344938510322478,0.8986412733808121,1.2591754012926308
2009-07-02,0.003041309947747288,-0.017835681297325934,0.9013784802624295,1.2369162438284023
2009-07-03,0.0011041392729586163,0.0004067520902122368,0.9023742772904236,1.237419464432075
2009-07-06,-0.002310278094173773,-0.007702093953463773,0.9002919480708267,1.2279253526618976
2009-07-07,-0.0028327162210127037,-0.00025956900683787865,0.8977452851554822,1.227606662660449
2009-07-08,0.00018574892566627942,-0.01676893329780249,0.8979120558659826,1.2071926474096877
2009-07-09,0.0012277563582597467,0.005155677885843701,0.8990151501286617,1.2134326156569903
2009-07-10,0.004528956992699002,-0.006880138385554346,0.903095985067026,1.205112685295385
2009-07-13,0.0024101976249259107,0.013053991479536009,0.9052752500399904,1.2209473439100844
2009-07-14,0.0023882894907494927,0.01801290288699775,0.9074398932743267,1.2431394216747036
2009-07-15,0.001558156078848914,0.02151793690967807,0.9088549283967199,1.270179092969432
2009-07-16,0.0013527987713612749,-0.002406351270744622,0.9100852582339147,1.2671262704497872
2009-07-17,-0.0001501684088463807,0.0035150942900230575,0.9099486024397195,1.2715881761832337
2009-07-20,0.003249343771645175,-1.3204362991459107e-05,0.9129101471963557,1.2715713857822333
2009-07-21,-0.0052486274719371825,0.021145196042708037,0.9081311744132486,1.2987452983805774
2009-07-22,-0.0019449319264759363,0.0066294886265065855,0.9063666376069243,1.3073839187436331
2009-07-23,-0.0032454444670732083,0.011874167295854221,0.903429843197096,1.3230005478584994
2009-07-24,-0.003552977540629149,0.006470514274221628,0.9002256727981075,1.3315887970185494
2009-07-27,0.00010106604767939876,-0.007777318261863897,0.9003166596466399,1.3212727746432504
2009-07-28,-0.002690650448328782,-0.018670297913130796,0.8978974782679463,1.2968330764675002
2009-07-29,-0.002739231102957688,0.004053227063492315,0.8954412951306371,1.3021001024050658
2009-07-30,-0.0015829316761354138,0.021915613232955877,0.8940249939901564,1.330951417015655
2009-07-31,0.0018627289581418273,0.008208586242242077,0.8956918722249713,1.3419216097948479
2009-08-03,0.0008269554402261844,0.019582038668358948,0.8964328758377301,1.3684581423902997
2009-08-04,0.001958449279799182,0.010280115615554308,0.8981902144253557,1.3825986085917545
2009-08-05,-0.0005375084031087047,0.0028590705461688515,0.8977075593647081,1.386557211817134
2009-08-06,0.002837905361376866,0.013398664156154538,0.900258786819177,1.405260244253649
2009-08-07,0.001979976462675435,0.0052265289902315715,0.9020430438379431,1.4126241046109147
2009-08-10,-0.0006613604245985887,-5.937360844932016e-05,0.9014466654997176,1.4125402345103015
2009-08-11,0.0012227073570539558,-0.014147799415475504,0.9025495450817037,1.3926966014672173
2009-08-12,0.0012868162842299324,0.005908318026941473,0.903711708118431,1.400949452129215
2009-08-13,0.001519456060948966,0.015657593761075006,0.9050859020999804,1.423057577888826
2009-08-14,0.002344300466367007,0.003776540195424616,0.9072101844075017,1.4284419728246116
2009-08-17,0.0019174198105684262,-0.028793131807514527,0.9089513559323705,1.3878991334269286
2009-08-18,0.004033186507073747,0.009670209043754596,0.912624728996605,1.4013855111288813
2009-08-19,0.0011250419321164225,0.0018893869669192043,0.9136520478650567,1.404035773546468
2009-08-20,0.002870179066789557,0.019063817616006062,0.9162781597500382,1.4310588182489858
2009-08-21,0.0007494467995390318,0.01712972732754281,0.9169651188718544,1.4557836256241834
2009-08-24,0.0011922369916262236,0.017486963473217543,0.9180590105661016,1.4814647487169064
2009-08-25,-0.0019244557298199153,0.003266820716449459,0.9162939455823631,1.4863123422470157
2009-08-26,0.000722373433754573,-0.008796203776755718,0.9169560911155396,1.4732957681555212
2009-08-27,0.0034885642031576157,-0.009368410836749774,0.920160537519517,1.4595577801517319
2009-08-28,-0.004073632958801503,0.013265965789379663,0.9164197656652614,1.4790492242957587
2009-09-01,0.0006809975094160035,-0.022688079183470933,0.9170440577898233,1.4458702452553391
2009-09-02,-0.0011645362270481555,-0.011645654412914652,0.9159767483436044,1.429129805934907
2009-09-03,0.0005411437846087317,0.009915514862637309,0.9164725576077682,1.443370850733581
2009-09-04,0.001211075762443908,0.016264899396517762,0.9175831476778477,1.4670390914116116
2009-09-07,0.0005840614829728759,0.02155894985745732,0.9181192291888731,1.4990103082414579
2009-09-08,0.0038135219732418914,0.010995092433910614,0.9216271816189471,1.5155830073606669
2009-09-09,-0.003644483942439335,0.011203899634182335,0.9182744393732596,1.5326589270835462
2009-09-10,-0.002023448667263951,-0.0012483754588394902,0.9164182367813852,1.5307467870748641
2009-09-11,0.0004946480456163593,0.008967223404235725,0.9168716534027541,1.5445350643772624
2009-09-14,-0.0006987903595742362,-0.009252237869070257,0.9162311761361216,1.530310564266407
2009-09-15,-0.00012387354771333002,0.004494994403707153,0.9161176863591438,1.5372047848220007
2009-09-16,-0.0015179808275187757,0.01526879447693652,0.914728092230955,1.5608561531946348
2009-09-17,-0.002836923499219674,0.0063097823800397634,0.9121367560598993,1.570735952761477
2009-09-18,0.004696225489744169,-0.006127084536840854,0.9164304300832916,1.5611413442984736
2009-09-21,-0.0023435096134539917,-0.009305124739123372,0.9142852811306958,1.5466821061911786
2009-09-22,0.0025134982751399194,0.0030320444474440933,0.9165862261070334,1.5513788318254595
2009-09-23,0.0038688738052649863,-0.0034334172133512197,0.920139251218517,1.5460614346848898
2009-09-24,-0.001319217857330299,-0.013544718267752387,0.9189261874107258,1.5252616497330682
2009-09-25,-0.006767789836726198,-0.003591574439662182,0.9127280854820956,1.5197933846966702
2009-09-28,-0.0011114097332300058,0.011958583672054601,0.9117142341106014,1.5380770666301262
2009-09-29,3.2596147911098704e-06,0.0050257618702964635,0.9117172059526476,1.545826532879659
2009-09-30,-0.002246710455743037,-0.007985684262477477,0.9096711406921215,1.5335312088916713
2009-10-01,0.004507688252674093,-0.008568373983461441,0.9137809104282444,1.5204474731961706
2009-10-02,0.0015456615972124482,-0.018292322862430765,0.9151943985955382,1.4928877908967686
2009-10-05,0.0024499215187172127,0.009226963267442656,0.9174393018420051,1.506726357497778
2009-10-06,-0.003212549562274706,0.024055691553039438,0.9144967117534528,1.5434111722673012
2009-10-07,-0.0014455982298206952,0.0027350507087628984,0.9131756720021822,1.5476382580999144
2009-10-08,-0.000630028703182377,0.01580695003103294,0.912600526315943,1.5722960676798932
2009-10-09,0.0024755513148860455,0.00041592197391082664,0.9148625144274635,1.5729501561793955
2009-10-12,-0.0021819750441728738,0.008791058268309726,0.9128684835061215,1.5868390120790141
2009-10-13,-0.004100065147620067,-0.00756544381683355,0.9091333256802471,1.5748791684934762
2009-10-14,-0.00046595880196196595,0.016112255326344638,0.9087098056840872,1.6004595491801894
2009-10-15,-0.0009642479422208054,-0.0058970143689975885,0.90783400643555,1.5910493894150186
2009-10-16,0.0033686064614372457,-0.006239642776575849,0.9108972985516215,1.581152717542783
2009-10-19,0.0006299546292707551,0.01269196233748815,0.9114713033011265,1.6013485394849203
2009-10-20,-0.00016962070375961568,-0.006336397322160181,0.9113167120085164,1.5912338381128512
2009-10-21,0.0020818088442292595,-0.006907391853328448,0.9132158753610986,1.5802804357346567
2009-10-22,-0.0021313096467887823,-0.010896602168189773,0.9112716022163807,1.5631542267131677
2009-10-23,-0.0017969928812123532,0.0005149286733274749,0.9096355240849908,1.5639593469172848
2009-10-26,0.0006453835091807811,-0.014868137119737668,0.9102227773329977,1.540878196943541
2009-10-27,0.0014043568992373402,-0.004888843518335406,0.9115019529695191,1.5333634686904485
2009-10-28,0.0026823644256038287,-0.032441625684922926,0.9139502154802113,1.484416910734939
2009-10-29,-0.00222264986166886,0.012677131598570313,0.9119210800243785,1.5033548449766856
2009-10-30,-0.0008546683944671133,-0.008583616881990608,0.911142022864222,1.4905058472776247
2009-11-02,-0.001021340559888157,0.003606061702996044,0.9102119116214736,1.4958904060221998
2009-11-03,0.0028211733342315567,-0.01824139271827896,0.9127834028006666,1.4688506528230767
2009-11-04,-0.0005605132157606514,0.026605091496717748,0.9122719190003761,1.5084540488086309
2009-11-05,0.002196343533716332,0.0030644868472204934,0.9142777835080891,1.5130837766476979
2009-11-06,0.001119492244657302,0.006882804449501734,0.9153018835252469,1.5235339584222154
2009-11-09,0.0018964830153035078,0.01311448363367873,0.9170393850515296,1.543645910263742
2009-11-10,0.0049713225020565225,-0.008906563179065685,0.9216096342606325,1.5299583753673514
2009-11-11,-0.0009332882780447486,0.011511127086876627,0.9207499080406494,1.547671675093127
2009-11-12,0.0006445722202763891,0.007482910473035176,0.9213435891678207,1.5592962020850065
2009-11-13,0.003681783624479595,0.008334431652984975,0.9247420292284494,1.5723463569785026
2009-11-16,-0.001177293487888938,0.015833490473609046,0.9236539770634975,1.5974402255581508
2009-11-17,0.0006886362822656097,-0.012904045406617826,0.924290257762205,1.5769592125121739
2009-11-18,0.002182019952183045,0.003175335938252033,0.9263092795180458,1.5819745462435086
2009-11-19,0.0018392562891296526,-0.02080632360043566,0.9280145674361129,1.549399530212771
2009-11-20,-0.0002003932704759937,-0.007530887421909327,0.9278286181940056,1.5377750032208908
2009-11-23,-0.0017310827450698818,0.01111863847411243,0.9262238594684792,1.5549683738463858
2009-11-24,0.0015577328992565885,-0.009636188551169766,0.9276677931859985,1.5400563682428143
2009-11-25,-0.0016245714154093686,-0.001133434147604362,0.9261619541089412,1.5383118046265662
2009-11-26,-0.0028963379808060333,-0.0321666404439096,0.9234833569986627,1.4896168569728947
2009-11-27,-0.0012729699179002628,0.016860604865229334,0.9223085383785478,1.5149456273577704
2009-11-30,0.0006954235630273371,-0.012601864485086267,0.9229501565408539,1.4959742761228132
2009-12-01,0.001070361495271616,0.024007491811273596,0.9239385757390284,1.532323446681099
2009-12-02,0.0016782353557348746,0.003704135151101795,0.9254904639759769,1.5380099050261202
2009-12-03,0.00033562426228401013,0.0007413332466210676,0.9258011331613416,1.5391505056326868
2009-12-04,0.00037860472023400443,0.0021990445865505137,0.9261517122016065,1.5425388904591781
2009-12-07,-0.004066760834016018,-0.0024715375228456793,0.92239292292099,1.5387311551296265
2009-12-08,0.0037577847691140256,-0.015545407890694918,0.9258655976936118,1.5149959166563796
2009-12-09,0.0018307437769383352,-0.012511770278209156,0.927562172898263,1.4961587248206438
2009-12-10,-0.0015687992436510798,0.004374029965996229,0.9261081548923655,1.5027173011649992
2009-12-11,0.005268317649776908,0.004688452613981653,0.9310000615749088,1.5097792619218189
2009-12-14,-0.0007100235302022629,0.0041133865549003445,0.9303392642431587,1.5160023578637278
2009-12-15,0.0017647311993763603,-0.0012067086934468563,0.9319825124880358,1.514174087955656
2009-12-16,0.0010089943484487,0.012604537683616357,0.9329233521471186,1.5333803409958453
2009-12-17,0.0005785248439360138,-0.009231443054478206,0.9334632276344572,1.5192901640929972
2009-12-18,0.0002523447775794514,-0.006457617350989153,0.9336988119279962,1.509510779314585
2009-12-21,-0.0009267048968102637,0.011127884867155657,0.9328339494648704,1.526402250339636
2009-12-22,0.0007028520054333957,0.0053484056227066645,0.9334898241414038,1.5345879393976274
2009-12-23,0.0006693889268150723,0.00499382613888244,0.9341149010794285,1.542270571660735
2009-12-24,0.002909690855926259,0.0019123364009274724,0.9368368447523924,1.5452227336787665
2009-12-29,0.0002811495575728981,0.011376679786872401,0.9371002730464514,1.562902616411332
2009-12-30,0.001020135767339876,-0.0011061539692693856,0.9380567303277644,1.5611747612916866
2009-12-31,0.006934359253085374,-2.1405259483131545e-05,0.9445841583048167,1.5611413442984736
2010-01-04,-0.0005505838807595435,0.02159824815781164,0.9440642286388142,1.5952260221402321
2010-01-05,0.003629158278136394,0.0049299422167568,0.9474966117127289,1.6031098115977755
2010-01-06,0.0007145793739228649,0.0033844570016281494,0.9481739152130556,1.6085446596409627
2010-01-07,0.00012500114803041357,0.004256052480272388,0.9482924454490432,1.6154052993945536
2010-01-08,-0.00048590573984938295,0.006076699643212891,0.9478317766366177,1.62525151815939
2010-01-11,5.895808400386226e-05,0.003842376157393801,0.9478876606295165,1.6315083587120922
2010-01-12,-0.0026662379742610843,-0.01271626281086391,0.9453637327447778,1.610893022458103
2010-01-13,-0.0023279721791758337,-0.0035466578667797677,0.9431655119669164,1.6051898556164734
2010-01-14,0.0018153756256613072,-0.00015676028771416384,0.9448792667319674,1.6049382453146381
2010-01-15,0.0015521735843395021,-0.003119388318660654,0.9463470221811154,1.5999396200799094
2010-01-18,0.0020514020293804984,0.003547767430719162,0.9482903529777842,1.605625914616141
2010-01-19,-0.0023689087502151715,-0.001746095725293273,0.9460465983371497,1.6028247843027283
2010-01-20,0.0028421796542771284,-0.008734751276982422,0.94873925742878,1.58888547529571
2010-01-21,0.0014198352479781245,-0.0057384010634571325,0.95008726761735,1.5797939236275906
2010-01-22,-0.001188411173461311,-0.009912894288950369,0.9489588439412108,1.5642109572191236
2010-01-25,0.0009028717599967437,-0.003448286694531788,0.9498160189841451,1.5588263984745463
2010-01-26,0.0008380624309612089,-2.143750672622957e-05,0.950612357750173,1.5587929814813337
2010-01-27,0.0023076726731722087,-0.005135416604435505,0.9528085930323612,1.5508084496177794
2010-01-28,0.0013990199238855798,-0.003412954179049521,0.9541425241181756,1.5455246332792143
2010-01-29,-0.00013436107227516453,0.0025472750355657325,0.9540143331176647,1.5494665280079847
2010-02-01,0.0010459695653891891,0.008064973798450836,0.9550127251278548,1.562013462297809
2010-02-02,-0.0013119914204824544,0.017954092476330175,0.9537605782086555,1.590311267006115
2010-02-03,-0.0006175499424604688,-0.006667185365227368,0.9531717652478795,1.5797436343289828
2010-02-04,-0.0019017147389705585,-0.02081441593639788,0.9513608269429443,1.5472020352914557
2010-02-05,0.003322579334716904,-0.020581504058510447,0.9545270558770098,1.5156837497666755
2010-02-08,0.0030717570470130268,-0.002826065827088442,0.9574636390133789,1.5114063746354542
2010-02-09,0.0026875283974356653,0.0010648249705020874,0.9600403106208971,1.513016615043692
2010-02-10,0.00533142224169985,0.004899265525992291,0.9651723592889432,1.5204474731961706
2010-02-11,0.0049019975157705425,0.006992100391491007,0.9699152471111661,1.531115848279315
2010-02-12,0.0007160209704201214,-0.008239505498712774,0.970609975457979,1.518552041684095
2010-02-15,0.0011181745009494432,0.0022067756941890337,0.9716958937928544,1.5219068457085827
2010-02-16,0.0017546034237990605,0.011321081804997135,0.9734023313578005,1.5392343757333
2010-02-17,-0.000427581533678414,0.01660028656378998,0.9729862114650032,1.564999368926634
2010-02-18,-0.0015956777132955027,0.005920276063861252,0.9714348770960295,1.5742920777891907
2010-02-19,0.0037799139667603725,0.0048999747774676194,0.975113765917129,1.5820249993509072
2010-02-22,0.001054996456930802,0.0010914799784096374,0.9761430503355156,1.583752690661759
2010-02-23,-0.0010939631832208613,-0.00571440173059834,0.9750757696662103,1.574728300597649
2010-02-24,0.00013938559228855122,-0.003061830025661294,0.9752116906523851,1.569914124060751
2010-02-25,0.001666278243848625,-0.014236664505366647,0.9768380192573624,1.547722128200527
2010-02-26,-0.0004926092582980121,0.012654102077522822,0.9763569383074121,1.567431601844388
2010-03-01,0.001152947868698736,0.014385923203036555,0.9774832761381546,1.5901435268048907
2010-03-02,0.0006757832097610984,0.012464494590314956,0.9781440661742491,1.6100879022539831
2010-03-03,0.0012254954794453498,0.0014054523158950616,0.9793435121132654,1.6123523949705134
2010-03-04,-0.0017853042178485657,0.005508986504263902,0.9775966458182331,1.6212593341320114
2010-03-05,0.0018355575920773522,0.011255303039387599,0.9793927286659168,1.6396101776694711
2010-03-08,-0.0011138101354507316,0.001196271820841588,0.9783024783967532,1.6415727707855523
2010-03-09,0.0034091916656073286,-0.001196271820841588,0.9816433907219371,1.6396101776694711
2010-03-10,0.0002512471559354995,0.00922609491176729,0.9818900568177787,1.65480737437688
2010-03-11,-0.0015129944367722184,-0.0011054341662859457,0.980405585905589,1.6529791044688094
2010-03-12,-0.0020016143203504923,0.008809838627387379,0.9784451547131955,1.6676059189685406
2010-03-15,-0.0008147660900166597,-0.006316642155343999,0.9776482754593746,1.6571054478954137
2010-03-16,0.0018812087513475823,0.005149185994744343,0.9794891669586067,1.6656601981578558
2010-03-17,0.002113729354083411,0.007874253891541727,0.981561731611527,1.6788278039539668
2010-03-18,0.0007820578387298286,-0.00042970760683935794,0.9823296699048719,1.6781065538504605
2010-03-19,0.001058850805843899,0.0015580915432344966,0.9833703613387045,1.680723235466044
2010-03-22,0.0011952016004697862,-0.002788312024062378,0.9845463898239979,1.6760433821371583
2010-03-23,-0.00045096846472110225,0.0038157292076430593,0.9841024905499424,1.6824509267768983
2010-03-24,5.676634421369691e-06,0.005071811856581121,0.9841080769558704,1.6910056770393382
2010-03-25,0.004304274553707571,0.010832858624270969,0.9883530775798456,1.7094236821808069
2010-03-26,-0.002645120690004575,0.003203531481538846,0.9857422189456801,1.714908655713809
2010-03-29,0.0018032620510155923,-0.0013800756500383926,0.9875213741405972,1.7125435844000616
2010-03-30,0.0001331202400281777,-0.002294651919131141,0.9876528419732763,1.7086183981678977
2010-03-31,4.856830439474522e-05,-0.002044066995736671,0.9877008117620378,1.7051294347441879
2010-04-01,0.0008833454577943508,0.014085859781548749,0.9885736782523342,1.7293176045224985
2010-04-06,0.00036500452381509464,0.012003904352567929,0.9889345779780303,1.75020125957493
2010-04-07,0.002675263537288208,-0.0013331088796917356,0.9915837806729085,1.7478696052543965
2010-04-08,0.0011199140940245226,-0.0039038886997975197,0.9926948913824317,1.7410594186082018
2010-04-09,0.00010527738816199585,0.008041170765594075,0.9927994052092131,1.755116014709047
2010-04-12,-0.0011871682503932905,0.0017665234499677496,0.9916214846096516,1.758219208431698
2010-04-13,-0.0008369795346068209,-0.0060188992104066585,0.9907918649567239,1.747668448059959
2010-04-14,0.001353988566816202,0.007334582475596818,0.9921342944259584,1.7605339904468358
2010-04-15,0.00154188343179257,0.004145572934831421,0.9936652298152986,1.7678475615054894
2010-04-16,0.002266742968855739,-0.008710246199166605,0.995920168205737,1.7525160415900694
2010-04-19,0.001438972317919488,-0.0054609505327665175,0.9973543013501257,1.7429717224256756
2010-04-20,-5.0533640646600615e-05,0.0092631089580415,0.9973039026796888,1.7591920688370397
2010-04-21,0.003292939056690451,-0.0017559378303531048,1.000593376698513,1.7561057474197874
2010-04-22,-0.00036336874830793247,-0.003214631585734651,1.0002298583852538,1.7504695783733737
2010-04-23,0.0028192684757110606,0.01577250029415289,1.003053753682535,1.7782977432800102
2010-04-26,0.0011387513294696802,0.008322542448864212,1.0041966330822856,1.7931594595849727
2010-04-27,4.591949369876433e-05,-0.020794504362743993,1.0042427463419914,1.7562566153156147
2010-04-28,0.002681986661277817,-0.016476735482923388,1.006939727008826,1.7275563324096432
2010-04-29,-0.0013157656189797132,0.009085699462620056,1.0056157015802287,1.743323911324733
2010-04-30,-0.0002637501687767713,-0.002601282838769592,1.0053505052435392,1.7387949258916757
2010-05-04,-0.00109037448566833,-0.020919554276932928,1.0042548941252218,1.7027979442324448
2010-05-05,-0.00023736689619990729,-0.016818215593435326,1.00401654554716,1.6743993971181272
2010-05-06,-0.0014986928669514714,-0.007985982944042291,1.0025129600998706,1.6610809234261876
2010-05-07,0.004682255206303364,-0.042368622469100004,1.0072179881017211,1.592173281524982
2010-05-10,0.0017459246127668165,0.0526261138250117,1.008978050798868,1.6782071324476788
2010-05-11,-0.0020972732425231394,-0.002792498327957915,1.0068641656029005,1.6735272791187923
2010-05-12,-0.0018373834374304076,0.020830159491795897,1.0050158685964172,1.708752721375907
2010-05-13,-0.004533285396971864,0.009681127879868967,1.00047015612635,1.7253757097937246
2010-05-14,-0.004584899407247368,-0.02591123343929347,0.9958936006409176,1.6812433283751143
2010-05-17,-0.002235551090985952,-0.009110646267510347,0.9936697163451707,1.6659956785603034
2010-05-18,-0.003246176703607012,0.006143013587800894,0.9904493186787866,1.676261411636991
2010-05-19,0.0012618517932993976,-0.03281456651663284,0.9916999077908509,1.6221483244367412
2010-05-20,-0.0003678049062120555,-0.024812571992157473,0.9913352227698566,1.5823938967465692
2010-05-21,0.004623299381637176,0.0014089439845665908,0.9959290734831103,1.5846249724698849
2010-05-24,-0.001845487829661486,0.003244391733311147,0.994092793436201,1.58977446560044
2010-05-25,0.004680241557070847,-0.03088039005528387,0.9987562924779401,1.5414318706546144
2010-05-26,0.004952548286605319,0.02188212423113889,1.0037149501032687,1.5755334208017668
2010-05-27,-0.0028301485010506014,0.026745250591522662,1.0008783037004343,1.6182400105099721
2010-05-28,0.006048946298132827,-0.0010578702550940733,1.0069509107311398,1.6165290276957256
2010-06-01,-3.036267489972468e-05,-0.0016200152766145948,1.0069203374721427,1.6139123460801421
2010-06-02,-0.006926590436684321,0.004034917991857512,0.9999699118566427,1.6204375054312847
2010-06-03,-0.00282763541603323,0.014469751416925192,0.9971463553943524,1.6440552930019154
2010-06-04,0.00317982247148011,-0.020752124643863112,1.0003221503387112,1.6102892232572106
2010-06-07,-4.682205257900622e-07,-0.01281103103866954,1.0003216819674576,1.589791337905836
2010-06-08,0.0004992754928390291,-0.012902445379387117,1.0008212427670742,1.5694109034570765
2010-06-09,5.4622396636958676e-05,0.013904296230057511,1.0008759115150148,1.5913848698174695
2010-06-10,-0.0021949521887468745,0.01282948308225329,0.998681445996861,1.6119330444674513
2010-06-11,-0.004743300161022091,0.005489697384332359,0.9939556170064514,1.6208064028269473
2010-06-14,0.0013127515164640116,0.01365020488093549,0.9952612905749456,1.6430824325965732
2010-06-15,-0.003506309555278661,0.008629928300466716,0.9917777072315759,1.6573234773952454
2010-06-16,0.003435870920006593,-0.0020566872888423404,0.9951911881968853,1.6539183840721488
2010-06-17,-0.003434943518189207,0.00038530149080173715,0.9917786270084505,1.6545557640750435
2010-06-18,-0.006103792731006577,0.008972420662555436,0.9857434532962009,1.6694679334874072
2010-06-21,0.002097479221393804,0.004521158487047927,0.9878131995732128,1.6770329510391093
2010-06-22,0.0018918505870937916,-0.00592880219606684,0.9896837634105002,1.6671195706702635
2010-06-23,-0.007080031554496357,-0.010671811932622788,0.9827015175635131,1.6494229794410942
2010-06-24,-0.0008970818523317632,-0.013813842847151037,0.9818203491650314,1.6267947607724123
2010-06-25,-0.0020243443570985647,-0.00955231959460967,0.9798348170599251,1.6113290814577708
2010-06-28,0.004462692114827501,0.00403104605376825,0.9842172897116221,1.617837532312307
2010-06-29,-0.0018583219707214705,-0.02941797004042712,0.9823899954745597,1.5709372737647043
2010-06-30,-0.0024628893493286582,8.539721675937528e-05,0.9799734546756421,1.5710714331639253
2010-07-01,-0.0022566422798566666,-0.024469162374646913,0.9777644984940543,1.5330951498920036
2010-07-02,0.0004767248665332029,0.014845999068510807,0.9782307342683635,1.556025268161131
2010-07-05,0.0014225626532705323,0.002691385851868233,0.9796233190619285,1.5602187731917396
2010-07-06,-0.0023391578450061585,0.021242571803103516,0.977334503484086,1.5937163603292124
2010-07-07,0.0019055485516797008,0.006462594127592425,0.9791986373664429,1.6040492550099066
2010-07-08,0.0027519922101404432,0.016233196262900762,0.9818970957538306,1.6303005965015183
2010-07-09,-0.00039732411385077896,0.002733072276656756,0.9815070418544088,1.6347624203305713
2010-07-12,0.002372083574406787,0.0029098781418817055,0.9838380221335797,1.6395263075688593
2010-07-13,0.00534682448441743,0.016659800149479764,0.9891125196995495,1.6670692813716552
2010-07-14,-0.004924009218965666,-0.004315906795167024,0.9842540918221792,1.6598898697122213
2010-07-15,0.0034082048045510653,-0.004364944339757315,0.9876143543255365,1.6526603325629665
2010-07-16,-0.0005030346708842106,-0.007866454129658251,0.9871176749977824,1.6397107562666882
2010-07-19,0.0004038074084142865,-0.005004656701627752,0.9875163609186699,1.6315250672086994
2010-07-20,0.0006033076969051047,-0.0036255635782200812,0.9881123168943692,1.6256205793638445
2010-07-21,-0.0023665362992474426,0.01586717458426712,0.9857766780058718,1.6516203105536196
2010-07-22,-0.00048701076604643984,0.015809331068185273,0.9852967110347931,1.677938813649236
2010-07-23,-0.01101857347222463,0.009006424870262819,0.9744997396805889,1.69311930186004
2010-07-26,0.0010072379529437112,0.004389079149360597,0.9754817872983188,1.7005668685091273
2010-07-27,0.0008969514868739636,-0.0031316401646499514,0.976357139653466,1.695249635177348
2010-07-28,0.006517369433297285,-0.008615750603347294,0.9827412008766752,1.6807065269694392
2010-07-29,-0.00010512577577594866,0.005424545019344862,0.982637894875703,1.689848367936164
2010-07-30,0.0036476964029697545,-0.012535810600688535,0.9862288048833953,1.6687969726825085
2010-08-02,0.00425507220324641,0.021134655633241906,0.9904342204854683,1.7044417654426833
2010-08-03,0.002149491398994846,-0.0024929489493477064,0.9925654400221285,1.7001979711134647
2010-08-04,0.0011733275092254756,-0.0009377020703276173,0.9937307278560614,1.6986044392018353
2010-08-05,0.0034024024486556136,0.003912703648843774,0.9971175581303742,1.7052635941434082
2010-08-06,0.0022615757440441653,-0.007533624056563326,0.9993751669281968,1.6924650495517501
2010-08-09,-0.0020573509909313226,0.012058109908963388,0.9973212150126883,1.7129965157051275
2010-08-10,-0.0015854297301469188,-0.013049701315145157,0.995741285072791,1.6907876475395043
2010-08-11,-0.0010106346552620326,-0.02260519814950257,0.9947354627674715,1.6529958129654172
2010-08-12,0.004113620786474723,-0.006740428718115865,0.9988358551917171,1.641891378882607
2010-08-13,0.004610957902699638,-0.0006131646763769538,1.003452079701388,1.6408849376752597
2010-08-16,0.002236420475322692,-0.0008283291834541018,1.0056987317713821,1.6395263075688593
2010-08-17,0.0003228163077415912,0.013989813831907227,1.00602344013043,1.6626241660392107
2010-08-18,0.004192200029000255,-0.0025355805318412195,1.0102497441917129,1.658413788703204
2010-08-19,0.00041033146504043796,-0.005242934532466492,1.0106643665097779,1.649741587538149
2010-08-20,0.0007280631899057217,-0.007542216144157621,1.0114004619618688,1.6373456849529429
2010-08-23,-0.0018460953207007377,0.0066369438825386595,1.009535042702359,1.6482487980325247
2010-08-24,0.0004829078489370124,-0.012833602601196148,1.0100226728289885,1.6272309835808711
2010-08-25,0.003340578232268933,-0.008000330518715515,1.0134023745199185,1.6142645349791962
2010-08-26,-0.003200140233340761,0.005626601508415874,1.0101645283527525,1.6233729589527097
2010-08-27,-0.0013428988343285914,0.010484323020239827,1.0088088900314356,1.6404824594775964
2010-08-31,-0.00043693910580331393,0.004610997075520373,1.008368198261844,1.648064185525904
2010-09-01,0.005555989444932534,0.023716366654012333,1.0139862738603227,1.6876174560216404
2010-09-02,0.0006437240961078611,0.007929949913135559,1.014639211391193,1.701053380616193
2010-09-03,-0.0033894486592944335,0.006202949398904423,1.0112059655685646,1.7116377217899343
2010-09-06,0.00211108504614741,0.0035511574651607702,1.01334296225827,1.7177268221414108
2010-09-07,-0.0006209455441138596,-0.005788034332882219,1.0127139267797969,1.7078132779637776
2010-09-08,-0.0005106312635393215,0.003470970307471788,1.012196935394977,1.7137513466106353
2010-09-09,0.0037154454696075034,0.01061229660584928,1.01596469302761,1.732035028544092
2010-09-10,0.0004277678954323666,0.007342897243159285,1.0163993830727744,1.7447999923337467
2010-09-13,-0.002116900840486239,0.010186553188175296,1.0142500421379417,1.7626643237641413
2010-09-14,0.001522196495249384,-0.0034221402301408688,1.015795105644181,1.7566425488254624
2010-09-15,-0.003895775080066863,0.0020889717334835467,1.0118454947782423,1.7603159609469998
2010-09-16,0.00021309751307371436,-0.004986559765756127,1.0120611395126566,1.7515598896813327
2010-09-17,0.0005206237065178789,-0.00010531093531085389,1.0125881797172402,1.7513754409835003
2010-09-20,0.001687151474300117,0.0102148844599661,1.014298011324384,1.7693572233165105
2010-09-21,-0.0005371511447350408,-0.0002939877580594441,1.0137533262886904,1.7688371304074415
2010-09-22,-0.0030705298117704523,-0.0092219929518631,1.0106453405019262,1.7525999116906796
2010-09-23,7.566232441857007e-05,-0.0021365807121025426,1.0107218111704892,1.7488593379651352
2010-09-24,0.001642296460557981,0.010779975605885284,1.0123830797979876,1.7678139807034872
2010-09-27,0.002924401144021588,0.0022462839542463087,1.0153480272695767,1.7717894562342629
2010-09-28,0.002159203758853965,-0.0009755866861720364,1.0175427391089538,1.7700617649234114
2010-09-29,0.00246621424202901,0.0009566334634190099,1.0200553145051292,1.7717558754322607
2010-09-30,-0.0013552522339470318,-0.0029107595201001146,1.0186738186105457,1.7666062184929145
2010-10-01,0.0013319910897871034,0.005746970355385628,1.0200315871273715,1.7767880814689923
2010-10-04,-0.00023672796242109068,-0.002713159974401691,1.019790145707241,1.7719739049320924
2010-10-05,0.0014288741712262228,0.011127038373402343,1.021248339045815,1.791800829478571
2010-10-06,0.0022278608522128965,0.011004588643803714,1.023526074537527,1.8116277540250474
2010-10-07,0.0007726653960598294,-0.003208841400743623,1.024317223324572,1.8058238447774095
2010-10-08,0.0020235565890001526,-0.0037876519771007366,1.0263920857838482,1.7989969496346114
2010-10-11,0.002024509414712226,0.007422284578446181,1.0284721310498697,1.8123992934271649
2010-10-12,-0.001508324437362339,-0.004749915853464515,1.0269220307224418,1.8038109623627196
2010-10-13,0.0024344601413275766,0.013705712733569797,1.0294250770214983,1.8287036737479296
2010-10-14,0.0008275943651967889,-0.0017718682895626614,1.0302773760449224,1.8254663206260555
2010-10-15,-0.002069354679499873,-0.0045312051879022874,1.0281475711565031,1.8172134699640603
2010-10-18,0.0024930098067789943,0.0038325512509338466,1.0307139508098424,1.8241913968114774
2010-10-19,-0.003326799025896762,-0.004506596126722329,1.0272906700830926,1.8159889992568803
2010-10-20,-5.660512303027015e-05,0.0005263799954668968,1.0272325218140852,1.8169451511656185
2010-10-21,-0.0011956814719362387,0.006698386585359373,1.0260050129214442,1.829156605052992
2010-10-22,0.0015748728503498306,-0.0009174564916687444,1.0276221133901984,1.8274792030407494
2010-10-25,-0.0008784556871735336,0.007625893253356608,1.0267197892843225,1.8414686375375868
2010-10-26,-0.0021153991949728074,-0.0034125454578006753,1.0245501626908566,1.8351952522970696
2010-10-27,0.002134667203696685,-0.01041909376104222,1.0267395723207686,1.816173447954713
2010-10-28,-0.0033054344306085396,0.0019837523759473896,1.0233513548374573,1.8197798622810346
2010-10-29,-0.00019783543706923187,-0.0004886346621297832,1.02314891969998,1.818890871976305
2010-11-01,0.00012712984137599245,0.002928322715552767,1.0232790007282604,1.8242249776134818
2010-11-02,0.0004433023151643905,0.004788402913455059,1.0237327232390319,1.8329810488791505
2010-11-03,0.001988054192015405,-0.0046964556526880585,1.0257699837921632,1.824392717814704
2010-11-04,-0.00233666567341813,0.012808056819460845,1.0233759004576959,1.847909926788116
2010-11-05,0.0010869263777740295,0.005747532397032629,1.0244888394500857,1.8585614295658652
2010-11-08,-0.0011180583477604943,-0.002928506874027903,1.0233440412458006,1.8531265815226785
2010-11-09,-0.0005244078437239834,0.005353397537689375,1.0228075322907904,1.863073706502317
2010-11-10,-0.0006588453540756405,-0.010171424226111725,1.0221338822399981,1.8442196423611814
2010-11-11,-0.0027697074734510125,-0.00871496657803661,1.0193067873077575,1.8282171616408627
2010-11-12,0.0004703955548764126,-0.0029955190150321442,1.0197863774792615,1.8227488966044632
2010-11-15,-0.0017740917397690193,0.00520432339878063,1.0179787867806114,1.8322597987756448
2010-11-16,-0.0033033787858518693,-0.018992386954815643,1.0146215653917907,1.7977891874240368
2010-11-17,0.002008204959796505,-0.00041995436347619375,1.0166611807491037,1.7970343565185276
2010-11-18,0.0022822694082483617,0.012172209490559638,1.0189841252447571,1.819041903680921
2010-11-19,0.004106206642519103,-0.0015966393581745564,1.0231768869102047,1.8161398671527083
2010-11-22,-0.0005565644345918051,-0.002820980806092166,1.0226075814869255,1.8110237910153666
2010-11-23,-0.0022871573086226684,-0.01655815169220709,1.0202713897205133,1.781283486100047
2010-11-24,-0.0036088420343753486,0.010472949418179667,1.0165960273328705,1.8000368078351698
2010-11-25,-0.001487976657414913,0.009635603691949157,1.0150844810258788,1.8174650802658976
2010-11-26,0.0003582192371303066,-0.002365472902903676,1.0154481689504111,1.813170996638069
2010-11-29,0.0028684837597357307,-0.011144892438871068,1.0183651471841213,1.7930755894843597
2010-11-30,0.0030367526165231773,-0.00768170848825811,1.021462370579853,1.7793544737859648
2010-12-01,0.0038143849271596204,0.01881729547059585,1.0253660616068883,1.8131541243326745
2010-12-02,0.00016618786284351673,0.02444595668016447,1.0255364791615713,1.8580246281601898
2010-12-03,0.0009214308013876255,0.0004874218811234954,1.0264818755532052,1.8589304907703155
2010-12-06,0.00011304750349295871,0.006224850401238768,1.0265979233259492,1.870538145456798
2010-12-07,0.0032877969277003015,0.013184575942455368,1.029978723470982,1.895363695238005
2010-12-08,0.0027594103883419345,-0.007167615270210703,1.032824782376648,1.8818270282374419
2010-12-09,-0.0020070576950528907,0.003976519368748654,1.0307539223125182,1.8893250479939279
2010-12-10,-0.0001872982016744579,0.0015613289903768646,1.0305608820351129,1.8922772100119585
2010-12-13,-0.0006667190854394567,0.006952127064264957,1.029874016425002,1.9054783966100748
2010-12-14,-0.0011033675033313853,0.004400596431564097,1.0287383135667858,1.9138821151678975
2010-12-15,0.0009658773629830802,-0.0032480957541221045,1.0297324286356282,1.9076757277225984
2010-12-16,0.0014912079566197253,-0.0038587124731375155,1.0312691193043133,1.9003287396707298
2010-12-17,0.0017066680406065708,0.008595646620982222,1.0330306561032017,1.916733698588714
2010-12-20,0.0033876703367570924,0.000551166453785612,1.0365361578033876,1.917790429094668
2010-12-21,0.002067006023684267,0.006416868421986521,1.0386809001193569,1.930136206190054
2010-12-22,0.0033066342343483247,0.003773278356971943,1.0421211225863802,1.9374329049433145
2010-12-23,0.0020469765032227927,0.0016436416132297182,1.0442565048308423,1.9406199687665788
2010-12-24,-0.001750595749986177,-0.006616923969568589,1.042430033004946,1.9278214241749165
2010-12-29,-0.0007970027528928991,0.011763925284398624,1.0415995443937591,1.9506340915414302
2010-12-30,0.0020870144191452627,-0.005129697302709957,1.043775647651464,1.9406535495685793
2010-12-31,0.004851919197601175,-0.000916680640109746,1.0488522684721946,1.9388754051503265
2011-01-04,0.0012512159255383538,0.014071534496054028,1.0501654304873396,1.9663512173491187
2011-01-05,-0.00038765289009890907,0.0016194888200153912,1.0497584097196149,1.9695382811723834
2011-01-06,0.0007362556068682062,-0.0021057806660280676,1.0505315848269554,1.965395229249173
2011-01-07,0.001219283752413751,-0.0036338335489976004,1.051813262125101,1.9582662706971377
2011-01-10,-0.0018021767102612126,-0.008524943141575037,1.0499194157960048,1.9416431184705298
2011-01-11,-0.0023380110310770993,0.01372787619376048,1.0474675599699963,1.9684815506664277
2011-01-12,-6.713475978761103e-05,0.0025531277324670754,1.0473972408474275,1.9735137567031582
2011-01-13,0.0016765816493542623,0.0001444988657777202,1.0491547607421303,1.973798947806998
2011-01-14,-9.845546191067031e-05,-0.0020927474069338814,1.049051470810358,1.9696726043803938
2011-01-17,-0.00029546334602551416,-7.668152312589882e-05,1.0487415603384864,1.969521572675775
2011-01-18,0.0007650945135159241,0.0075344458636372735,1.0495442537814161,1.9844168697827411
2011-01-19,0.00046270092981902584,-0.008667805557237784,1.0500299912504503,1.967290660761251
2011-01-20,0.0008900623530139898,-0.019214491370803444,1.050964999461275,1.9298510150862145
2011-01-21,-0.001112608097577314,0.0024047720411921603,1.049796337544517,1.9344974514218884
2011-01-24,0.0005660388407355675,0.003522899699557769,1.0503907312555223,1.9413245103734795
2011-01-25,7.722605745173148e-05,-0.006223273064499324,1.0504718519227554,1.929280632878537
2011-01-26,0.0013601355366104223,0.009578742188375955,1.0519016081294603,1.9478495059158305
2011-01-27,-0.002766368257798109,0.00043914350823115456,1.0489956821942414,1.948705079227348
2011-01-28,0.003287772868645678,-0.006164951221444781,1.052450217489393,1.9367283633364136
2011-01-31,0.001991678662506384,-0.00647335811066263,1.0545484489387176,1.9242317183451987
2011-02-01,0.0015267170684545087,0.011871889868407592,1.05615967568595,1.9472121259129365
2011-02-02,0.00035359439882792125,-0.0001550539884185298,1.0565331938646165,1.9469102263124902
2011-02-03,-0.0003056718819647624,-0.002665839225706179,1.0562102907286086,1.9417269885711435
2011-02-04,-0.0004626821610053094,0.007804791822614732,1.055721714105378,1.9569410575839492
2011-02-07,-0.00043114367658068746,0.012318247199788246,1.0552666444713594,1.981196225157475
2011-02-08,-0.0072645633612546685,0.0016412083192527405,1.0476283710220484,1.984450450584742
2011-02-09,0.00016496444321969974,-0.002869621278009049,1.0478012067084548,1.9787639922397229
2011-02-10,-0.0016533069685704571,-0.006378060968879495,1.0460703009252985,1.966183477147895
2011-02-11,0.000894436145917953,0.006479796579306196,1.047006362574899,1.9789653132429477
2011-02-14,-0.0007349599969434227,0.0030552701431894036,1.0462371374913197,1.9850208327924217
2011-02-15,0.0025514228310455807,-0.007140602027529752,1.0489099390841654,1.970897075087575
2011-02-16,-0.0014180631591046875,0.0048902427442918395,1.0474235726721346,1.98055884515458
2011-02-17,-9.798063977300864e-05,0.0017347085884598101,1.0473209504679475,1.9839975192796797
2011-02-18,4.493570947890788e-05,4.227239556264806e-05,1.0473680136353094,1.9840813893802927
2011-02-21,-0.0017987129176680679,-0.008541367038338521,1.04548579255479,1.9672067906606387
2011-02-22,-0.0006738036624517308,-0.006441380760387361,1.044781577676651,1.9545759862702032
2011-02-23,-0.004778360227972667,-0.011262594775104162,1.039801143569494,1.9326858900104218
2011-02-24,-0.0005629104184215127,-0.009785718205824523,1.0392159933817118,1.9138654066712915
2011-02-25,-0.0030940518387277943,0.017316771435144318,1.0360055743891008,1.947295996013549
2011-02-28,-0.003285346879160461,0.001058945079511986,1.0326075216558672,1.9493591677268505
2011-03-01,0.0007559357528941237,-0.004069795015716693,1.033388401710585,1.9414417974673042
2011-03-02,0.0015329612774239746,-0.0026559305111657494,1.0349737609516478,1.9362923043367486
2011-03-03,0.001650910502021658,0.009398321993154823,1.036683821192727,1.9545759862702032
2011-03-04,0.0019200884155652596,0.006040523188007185,1.03867625800369,1.9664183789531238
2011-03-07,-0.0006679378821005594,0.0021218103739144567,1.0379827184301924,1.9705951754871278
2011-03-08,0.00044722838825048497,-0.0003746384296636762,1.0384470375890031,1.9698570530782238
2011-03-09,0.0023922818958350186,-0.0011331665651344025,1.0409342695305783,1.967626141163697
2011-03-10,0.002993349123560348,-0.018464125526239883,1.0440548173284245,1.9316289956956787
2011-03-11,-0.0007553707708779802,-0.009256262238224622,1.0432664666222458,1.9138318258692908
2011-03-14,0.00246860146173462,-0.005255012635711154,1.045845057193462,1.9038009945978325
2011-03-15,0.0018056924657598188,-0.01764419612016077,1.047735237762413,1.8705045646547962
2011-03-16,0.0001399051303787918,-0.010647322898266864,1.047881831551827,1.850694348604927
2011-03-17,-0.0017307028864640994,0.018258733179981945,1.0460698279135467,1.8847960625608693
2011-03-18,6.675378736173979e-05,0.009689070946647504,1.0461396593671357,1.9031467422895407
2011-03-21,-0.0016867321401978154,0.014472877257409422,1.0443765893120134,1.9308910370955659
2011-03-22,0.0015283568175379686,-0.006064689263014955,1.0459739897803697,1.9192162208050765
2011-03-23,-4.860968226640271e-05,0.0005068619314236855,1.045923146552814,1.920189245019208
2011-03-24,0.0006491695373862681,0.013716459572830075,1.046602348432736,1.946708905309262
2011-03-25,-0.00043962295382745894,0.002048635082838146,1.0461423391395661,1.9507010893366452
2011-03-28,0.004775237140761901,0.0006963244634441423,1.0511498634344485,1.9520598832518363
2011-03-29,-0.0024149272218026373,-8.593353616959121e-05,1.0486144756357247,1.9518921430506113
2011-03-30,-0.0033572674857556342,0.0034315944813432253,1.0450998993390805,1.9586017510995857
2011-03-31,0.001991200936494109,-0.00725453914855656,1.0471829764616705,1.9444444125927332
2011-04-01,0.004280669987916957,0.010016966884011325,1.0516752292670297,1.9640197268373738
2011-04-04,0.00238246431158717,0.004932804432538518,1.054183795065803,1.9737317862029902
2011-04-05,0.00040495156065546045,-0.0024590759023386255,1.0546107748860702,1.9688841926728806
2011-04-06,-0.003527450857369648,0.003716149386207235,1.0508972407092616,1.9762144722281447
2011-04-07,-0.00015038827223920795,-0.010409294693436877,1.050739209972213,1.9557501676787707
2011-04-08,-0.0013499226081261269,0.005712916041902716,1.0493217503031056,1.9669551803588023
2011-04-11,0.0015035171940512109,-0.0031175422642970574,1.050900610220869,1.9608326630141124
2011-04-12,0.0012944841276219322,-0.012750263098503467,1.0522618652519369,1.9359902409275114
2011-04-13,0.004670383278159256,0.006408357684515309,1.057187825579077,1.9484365966201176
2011-04-14,-0.0004961636326803301,-0.001085284517998275,1.0566634175339706,1.946323135608206
2011-04-15,-0.000675395382474682,0.006528559655757604,1.0559499928899132,1.9590713909012565
2011-04-18,-0.00034007082655156985,-0.016262800425597135,1.0555909561554535,1.9274690714670721
2011-04-19,-6.38531500827134e-05,0.0072577042938828384,1.0555235554995992,1.9415089590713102
2011-04-20,-0.0020647666666428147,0.015576375119824348,1.0533463940849896,1.9719873863955328
2011-04-21,0.0016837386024182068,0.0046081887007769495,1.055121448014487,1.9810956465602572
2011-04-26,0.001538875481003602,0.00497472633964513,1.0567463985178858,1.9909756099358877
2011-04-27,0.0004246271588264527,0.0021544510996491795,1.0571952170222079,1.995269693563713
2011-04-28,0.0006202957888766774,0.009946201530388166,1.0578511941922522,2.0152140690128073
2011-05-03,-0.0006289637290005361,7.486164924408456e-05,1.0571860533570825,2.015364936908633
2011-05-04,-0.002652966173881845,-0.008836425973832718,1.0543850915892563,1.9976347648774608
2011-05-05,0.0006911493511783111,-0.005337831942799909,1.0551140810524784,1.9870001344051123
2011-05-06,0.0020312618679077746,0.005178326555137502,1.0572594722396065,1.9973161567804107
2011-05-09,-0.00024138086635921443,-0.0009326930999744576,1.0570043008302177,1.9954541422615442
2011-05-10,0.0008804570034465199,0.013285535850238617,1.0579353574870873,2.022141706561613
2011-05-11,0.00040305935145702884,-0.0030988807946599195,1.0583618541721243,2.0158850298177056
2011-05-12,-1.4151273489020392e-06,-0.004236052300576887,1.058360356456379,2.007363696548476
2011-05-13,0.0009641111008081261,0.002678811948054971,1.0593812254611883,2.0127482552930513
2011-05-16,0.0009570125805300849,-0.004644459824060476,1.0603955519056998,2.0034218018197003
2011-05-17,0.0006876047597194052,-0.009049802814116603,1.0611249356695116,1.9853730216914762
2011-05-18,0.0010326484406298591,0.004341693333545393,1.0622212706465222,1.9940116420545304
2011-05-19,-0.0004679814215328281,0.008293588628982107,1.0617242871249002,2.010617921975743
2011-05-20,0.0005746854970072881,0.00047543823255224993,1.0623346200324688,2.011574073884481
2011-05-23,0.0014480007121859297,-0.016521379895428012,1.0638739955583165,1.9786131243438958
2011-05-24,0.002002335584008498,0.00533511670459319,1.066006362461138,1.9891974655176337
2011-05-25,3.6987400887166606e-05,-0.0028373274713668906,1.0660457919950082,1.9835614602800122
2011-05-26,-0.0025594397310609108,0.001335221277978249,1.0633208007528288,1.9862117226975975
2011-05-27,0.0028628496190204328,0.009899307359553688,1.0663692899030672,2.005971485640071
2011-05-31,0.004151805566389239,0.008493115188313638,1.0708058513540475,2.023080986164953
2011-06-01,0.00438117820066405,-0.004237540995555733,1.075507534542466,2.014526235902513
2011-06-02,0.0023718041871499305,-0.003904413712362498,1.0780614553189538,2.0066760272469724
2011-06-03,0.0011831327934415745,0.0008105211683275826,1.0793377000146887,2.0083031399606033
2011-06-06,0.0008378609808347161,0.002019241284262563,1.0802424139179876,2.012362485591993
2011-06-07,0.002453048309165237,0.0009913824583556163,1.08289555355436,2.0143584957012868
2011-06-08,-0.00048258399244228566,-0.01154963804785325,1.0823730915707623,1.9912272202377228
2011-06-09,-0.0010026972295147922,0.00342262238876323,1.081288342998621,1.9980541153805222
2011-06-10,-0.0011030914212250586,-0.010600296024902534,1.0800962407233654,1.9769860116302589
2011-06-13,0.0004346788801916188,-0.0005516539148189281,1.0805658378023544,1.9758957003223019
2011-06-14,-0.002093723456042694,0.006928730879360856,1.0783057985361677,1.9896336883260939
2011-06-15,0.0011728011736137454,-0.00829641384258828,1.0795711787168456,1.9731951486061048
2011-06-16,-0.00020351576603417146,-0.011241692175113727,1.0793514913171036,1.9511373121451019
2011-06-17,0.0010762196213188317,0.0025671688252568714,1.0805137358733763,1.9561526458764353
2011-06-20,-0.005112679491686107,-0.010689941458105423,1.0750035134589204,1.9353528609246151
2011-06-21,0.0006973764828161177,0.010098141228564117,1.075753457094285,1.954995336773261
2011-06-22,0.0008577341691316546,-0.0016057806510048067,1.0766765634253226,1.9518585622486078
2011-06-23,0.0006557028455663231,-0.015808106349680884,1.0773827748188225,1.9212459755251647
2011-06-24,-0.0006494287425508282,0.006492026053743771,1.0766833186261873,1.9337593290129842
2011-06-27,-0.003187769479347075,0.0018026130194801482,1.073256565156064,1.9372482924366932
2011-06-28,-0.002154675393281513,0.004949225731630591,1.0709465352204914,1.946859937013881
2011-06-29,0.00017277384561105897,0.016475045353738338,1.0711315827570522,1.979200215048178
2011-06-30,-0.0008979938964742995,0.011359719983706995,1.070170144880696,2.0018115614114658
2011-07-01,-0.0004277845673925653,0.008867871192318688,1.0697124405146439,2.0196423120398537
2011-07-04,0.002766446201748641,0.005136160753234975,1.0726758395847567,2.0300422045157642
2011-07-05,0.000642796891357659,0.003555028393064319,1.0733655739356753,2.037271905473811
2011-07-06,-0.0004137858906966953,-0.0011286518106512489,1.0729215222831114,2.034973831955279
2011-07-07,0.0007284330111694422,0.002971224587566823,1.0737033584614062,2.0410291876959596
2011-07-08,0.00024110409698109559,-0.007713891547551199,1.0739622639504065,2.025345478881483
2011-07-11,-0.0035184492096099924,-0.01621451214099956,1.0701902220319397,1.992770299041956
2011-07-12,5.090557262261888e-05,-0.008631314004494683,1.0702447020646642,1.9756440900204648
2011-07-13,0.004245503095356021,0.005520495178851448,1.0747980881280852,1.9865807839020504
2011-07-14,0.0010183578015254674,-0.006488903366300036,1.0758931746465061,1.9737317862029902
2011-07-15,0.00570439544314952,-0.0016841298885506006,1.082048032952131,1.970410562980508
2011-07-18,-0.0026791561557385607,-0.018819353905545455,1.0791529372423088,1.9336754589123715
2011-07-19,0.0002065965558766123,0.005588252135099836,1.0793759095542699,1.944511574196739
2011-07-20,-0.004242069794171186,0.009367294038407081,1.07480681966269,1.9628119646268032
2011-07-21,-0.002908278794309272,0.00044430544464368893,1.0716855227818667,1.9636842464349273
2011-07-22,0.008086679788998739,0.00965703168406229,1.080387036196312,1.9827394677704988
2011-07-25,-0.0015639343419023728,-0.0028890037144222447,1.0786987023736048,1.9770195924322633
2011-07-26,-0.000685023925005956,0.00022907179669928723,1.077960020990702,1.9774725237373247
2011-07-27,-0.00021781227221025277,-0.011826529936795893,1.0777252536377118,1.9542236335623575
2011-07-28,0.001328672110563013,-0.0029829253900466313,1.0791581488382156,1.9484030158181143
2011-07-29,0.0011137770093943991,-0.0054817837899818755,1.0803607599698872,1.9377515130403675
2011-08-01,0.003185438061714325,-0.009489015472922802,1.0838076692985101,1.9194511226103044
2011-08-02,-0.0018710851221024694,-0.022482821458515545,1.0817816688939512,1.8767779498953137
2011-08-03,0.004898101700890987,-0.01749116023372288,1.0870933434679477,1.8442363508577886
2011-08-04,0.005994242764538084,-0.03932768189851643,1.0936292141040536,1.773114505538662
2011-08-05,-0.001917853232510498,-0.024661631834922204,1.091533803767631,1.7299214037233897
2011-08-08,0.003428966587193542,-0.04472590610796523,1.0952830610749715,1.6542538644745994
2011-08-09,-0.0004891936801728917,0.02290539934969793,1.09474738655847,1.6925825004543633
2011-08-10,0.003935185194743876,-0.019969134393928556,1.099063907851026,1.6591183303101058
2011-08-11,-0.0020552230799348614,0.024833178431006075,1.0968074059429656,1.7008353511163614
2011-08-12,0.00023135647795544936,0.028429122394690864,1.0970611887974218,1.749882487669089
2011-08-15,-0.0038572949358891395,0.009511679579791377,1.0928376511813782,1.7666062184929145
2011-08-16,-0.00010307111000865251,-0.011372999414481555,1.0927250169963765,1.7466284260506082
2011-08-17,0.001676862290007298,-0.004167034719506191,1.0945589035285899,1.739365308099353
2011-08-18,-0.009158484660530798,-0.05035272683655023,1.0845801674009272,1.6539519648741534
2011-08-19,-0.006198622030704126,-0.010306329161043237,1.077878058261427,1.6369933322450962
2011-08-22,0.002670576496796165,0.009758483281249397,1.080760461195895,1.6530461022640262
2011-08-23,-0.0016397068105280732,0.006805926759204439,1.078989783000397,1.6643349850446676
2011-08-24,0.0022568127744147276,0.011971872143782036,1.0814276107518448,1.684379939090976
2011-08-25,0.00031308955519123295,-0.0020135797811704492,1.081766247450507,1.680991718073277
2011-08-26,0.0027897272750068663,-0.0024278335725949063,1.0847882936385977,1.6769155001364926
2011-08-30,-0.00019365829658488142,0.024319077998852023,1.0845782357258817,1.7181964619430803
2011-08-31,-0.004750495821559024,0.027224833851356323,1.079438169945826,1.7656166495909635
2011-09-01,0.0012430012387584892,0.004823981035336544,1.0807807471679445,1.774154527548012
2011-09-02,0.0010122891906716369,-0.018685692536518417,1.0818753637765952,1.7413110289100393
2011-09-05,-0.0005529983688535313,-0.02901732497160836,1.081277253857271,1.6915088976430108
2011-09-06,-0.006362780506849474,-0.001280002376416789,1.0744191654170954,1.6893451473324923
2011-09-07,0.00037667211567238106,0.024529817325907644,1.0748239453871298,1.7312969061351866
2011-09-08,0.0028916701291592274,0.004234653819001011,1.0779364797265443,1.7386438941870574
2011-09-09,0.007880315396179352,-0.02083269051740899,1.0864645168428309,1.7027979442324448
2011-09-12,-0.006384201003672162,-0.01664790567837926,1.0795504030139562,1.6746845882219674
2011-09-13,0.003140014795653086,0.0027306785681506796,1.0829455348445847,1.6792638629536343
2011-09-14,-0.0006214090008314585,0.009622896588233232,1.0822727917877657,1.695501245479185
2011-09-15,-0.0009686698129348693,0.021163595172792427,1.081224934400845,1.731766545936857
2011-09-16,-0.004928033613160541,0.010032763608323947,1.0759097290928106,1.7492283991695867
2011-09-19,0.0008968947597103275,-0.01928687027483278,1.076875139761924,1.7158145183239386
2011-09-20,0.0021565406683891793,0.0077516369458496825,1.0791999706908193,1.7291665728178809
2011-09-21,0.005143341731576186,-0.004140996282609777,1.0847649639999448,1.7220209057692377
2011-09-22,-0.004446255147875766,-0.0374852438290727,1.0799525287801173,1.65866539900504
2011-09-23,0.005007673586964541,-0.007389451443087225,1.085374142038703,1.646453945117666
2011-09-26,-0.01474704277559144,0.0024116579305584196,1.0694855261351017,1.6504294206484427
2011-09-27,0.002761781746486391,0.028840533525309908,1.0724432942142428,1.6987217262956582
2011-09-28,0.0011879458467154965,-0.00876731705752043,1.0737180557953918,1.6838935907927017
2011-09-29,0.00028241481195219096,-0.005313602537567519,1.07402133250111,1.6749697793258074
2011-09-30,-0.00022745558912444248,-0.01677398024241583,1.0737770681268954,1.6471081974259583
2011-10-03,-0.00034007198936911284,-0.007031278968073096,1.0734119687067605,1.6355675405346888
2011-10-04,0.0030675983065385198,-0.03386752058327147,1.0767098211012844,1.581102428244172
2011-10-05,0.004366016608928484,0.014942012633277102,1.0814210311901626,1.604904664512634
2011-10-06,0.003619348443926982,0.03297926541724472,1.0853421624062496,1.6587156883036502
2011-10-07,-0.000779954315903668,0.0069937092364984466,1.0844959751390508,1.6703569237921374
2011-10-10,-0.004897919107950876,0.018190623034405107,1.07919718868661,1.7010197998141914
2011-10-11,-0.0008836640145021767,0.001409132629401455,1.0782439621944184,1.7034184519299411
2011-10-12,0.0002665690519537472,0.016107756169619236,1.0785314269781006,1.7310788766353544
2011-10-13,-0.0028210898321344327,-0.00871030542893969,1.075493080674815,1.7160661286257746
2011-10-14,0.00021735322221143718,0.010501336234209901,1.0757268679676562,1.7341820703580038
2011-10-17,-0.002443083194137702,-0.00855802353718893,1.073101985443817,1.719404224153656
2011-10-18,-0.003996909763723987,-0.006999778671353596,1.068821453788667,1.7074107997661148
2011-10-19,0.0003584637893941406,0.005183509825869237,1.069204656255179,1.7162841581256072
2011-10-20,-0.009701929928679841,-0.011866706830371498,1.0588814660094743,1.6960378830760687
2011-10-21,0.0012404816326650383,0.015154966845040363,1.0601958040567905,1.7219370356686279
2011-10-24,-0.0041298182967462295,0.019639265499426628,1.0558264166252787,1.7560888751143884
2011-10-25,0.003496092271746627,-0.003895132930500367,1.0595241432311155,1.7492619799715903
2011-10-26,0.00408318197047399,-0.0005755174804615848,1.0638592175356623,1.7482555387642431
2011-10-27,0.0014542037891613917,0.029393666511348115,1.065407411062552,1.8004058690396232
2011-10-28,-0.0039092330864455484,0.00370120998460699,1.0612506153959724,1.8070818962865947
2011-10-31,0.002023265769070271,-0.027612178908913876,1.0633999810742878,1.7578670195326402
2011-11-01,-0.0010195302120445577,-0.030233915574511272,1.0623163651495449,1.705515204445247
2011-11-02,0.002112429812681389,0.008237408950796166,1.0645628057985168,1.719622253653487
2011-11-03,-0.002220035401963939,0.015006283714482649,1.0622020601211086,1.7456219848432648
2011-11-04,-0.0006978217407455584,-0.0018178264281125678,1.061461090992743,1.7424516295166068
2011-11-07,0.0014025923734571014,-0.008274538209487758,1.0629509327998263,1.728093133815319
2011-11-08,-0.0008455104910206524,0.011302353201147142,1.062052576473072,1.747735445855173
2011-11-09,-0.0003185026734886592,-0.014539888658694267,1.061714363751767,1.722507417876305
2011-11-10,-0.000938967758242809,-0.007968247249991123,1.0607179160850673,1.7088365914765198
2011-11-11,0.0010089291497024043,0.019624710656769295,1.06178864536438,1.7427032398184439
2011-11-14,0.0033395599493744573,-0.0040024937126279525,1.0653404796799197,1.7357420214676333
2011-11-15,5.0010120622492535e-05,-0.008511369644381261,1.0653937588180495,1.7210311730584984
2011-11-16,-0.00020420577226996456,0.0015095666116184958,1.0651762214747051,1.7236311461774747
2011-11-17,-0.002140448486460262,-0.012268872363984329,1.062898704966558,1.7026133317258239
2011-11-18,0.0020909831345557912,-0.010487938296021682,1.065123533461196,1.6848497427014388
2011-11-21,-0.008484468465794473,-0.027913764926744022,1.0561247553362438,1.6384695770629043
2011-11-22,0.0012575091180244673,-0.006656157413244657,1.057453677236432,1.627599880976533
2011-11-23,0.00022590735419982118,-0.013937596481472525,1.057692590783993,1.6050724047138603
2011-11-24,0.0032420585095856826,0.003453250897861082,1.0611272567339909,1.6106247036596613
2011-11-25,0.0021092239245937786,0.003991171970584517,1.0633677737763683,1.6170658291014013
2011-11-28,-0.00031299035854088077,0.02744076641495674,1.0630350019954895,1.6620537838315328
2011-11-29,-0.0001462717993720755,0.012347097122761497,1.062879521324448,1.682702537078732
2011-11-30,-0.0015594575395220201,0.027888139276599944,1.0612232975822646,1.7302904649278403
2011-12-01,-0.0002313376714426585,-0.010868030234968629,1.0609778250503379,1.7115874324913247
2011-12-02,-0.0048843589812757465,0.010092182325120547,1.0558082637556867,1.7289485433180471
2011-12-05,0.0024140208031081687,0.005900692424377851,1.0583600857048945,1.7391806955927307
2011-12-06,-0.005737751192197814,-0.005415716945442739,1.0523048671425057,1.7297872443241695
2011-12-07,-0.0034718884431802657,-0.003117604503993121,1.0486577169484403,1.724402849388382
2011-12-08,0.002494701451470161,-0.01906153447995429,1.0512770707714292,1.69184437804546
2011-12-09,0.00595108965250761,0.004402308347883022,1.0575519675869471,1.699308816999946
2011-12-12,0.0016151850784473887,-0.02290452631521056,1.0592614899705455,1.6608293131243517
2011-12-13,0.004496657834822594,0.006021486520722874,1.0640353516158052,1.6708601443958087
2011-12-14,-0.0032176950870301726,-0.02200521191059579,1.0606171126670656,1.6344941015321282
2011-12-15,-0.0024294705256828622,0.008491950924167213,1.0580435021740822,1.6484332467303555
2011-12-16,0.0035327924645405357,-0.0024553242640052986,1.0617879605885239,1.6443907734043641
2011-12-19,0.002438085126700025,-0.005605673862561389,1.064379848360553,1.6351986431390293
2011-12-20,0.00033921878174309806,0.012234563441801072,1.0647409672417165,1.6553274672859515
2011-12-21,-0.0027254811755195343,-0.0025772298447588327,1.061842986768218,1.6510668006513367
2011-12-22,-0.0008476167744553887,0.006137745314697796,1.0609433321758208,1.661231791322015
2011-12-23,0.0018209664287484875,0.008105575078101168,1.0628770344356333,1.6747517498259743
2011-12-28,-0.0006898496333379268,0.002900379025572164,1.062144061952612,1.6796162156614791
2011-12-29,-0.002165935176368221,0.004295042291163398,1.0598460163737333,1.6868457528107332
2011-12-30,-0.005046418113076821,0.004623265654556619,1.0545110627647003,1.6946625444730634
2012-01-03,0.000492557668392809,0.025322718381429965,1.0550305982151513,1.7381239650867755
2012-01-04,-0.004534975730922449,-0.00854832216248802,1.0502568925578513,1.7233292465770316
2012-01-05,-0.00035833536171998013,-0.012655440525151107,1.049880615795019,1.701657179817086
2012-01-06,-0.0029713307318016127,0.009936157983126748,1.0467657032659927,1.7186493932481461
2012-01-09,-0.00019372424574698075,0.0005073151057715108,1.046562939010464,1.7195215112474789
2012-01-10,0.0017215599395339518,0.009379312875251955,1.0483662116160308,1.7357253129710273
2012-01-11,0.002256671839272336,0.002403384727310609,1.0507347015701787,1.739901945696238
2012-01-12,-0.0008037011252118141,0.00901200415601977,1.0498905641707548,1.7556528161147213
2012-01-13,-0.005171544910475711,-0.000841112694789814,1.0444750233930595,1.754176735105705
2012-01-16,0.0007700425339918343,0.001996477046986911,1.0452796233350952,1.7576824070260195
2012-01-17,0.001078847449131789,0.010782854726254953,1.046407929115829,1.7767377921703824
2012-01-18,-0.0022685954746406193,0.0064836666363561335,1.044036743470668,1.788294993749464
2012-01-19,0.00017037792483185713,0.01371277315170083,1.0442146394388114,1.8129863841314486
2012-01-20,-0.00022333696528960495,0.0016271079736434046,1.0439814537505894,1.8159387099582707
2012-01-23,0.001894082085602375,0.003844402250217982,1.045960714168966,1.8229333453022962
2012-01-24,-0.0012413332952687772,-0.012099406441162586,1.0446631338403785,1.8010098320493053
2012-01-25,0.0049672132055995745,0.0010704994279855384,1.0498651073140841,1.802938844363384
2012-01-26,-0.0003766636945539253,0.014812842427692985,1.049469735709719,1.829844274354497
2012-01-27,0.001191911043791212,-0.0049716011492453305,1.0507213560397066,1.820769594991776
2012-01-30,-0.0034823299559258608,-0.014896627217085623,1.0470687610478528,1.7938472926952655
2012-01-31,-0.003534516037550458,0.007007258890771695,1.0433744124327888,1.8064613885890952
2012-02-01,-1.3827169370971622e-05,0.0230937281276411,1.043359985617812,1.8486647576936284
2012-02-02,0.00327701218085695,0.005925608201508226,1.0467846973459483,1.859651740873822
2012-02-03,-0.0016262827318100977,0.013323572465042233,1.0450837129843749,1.8845947415576412
2012-02-06,-0.002760333989922068,0.0002224901963572279,1.0422029107065087,1.8850140920607021
2012-02-07,0.001114836568913075,-0.003923077085309146,1.0433654445207907,1.877633523206833
2012-02-08,0.0007951889643979418,-0.0028449091325395415,1.044195447168845,1.8722994175696552
2012-02-09,-0.0013893583439644323,0.0064920388529490225,1.0427456928589218,1.8844939991516334
2012-02-10,-0.0006244386266698533,-0.005981573426158349,1.042094765423775,1.8732554056696027
2012-02-13,0.00026775448611315097,0.009624370625830991,1.0423738283306776,1.8913713474018337
2012-02-14,-0.000371777349444197,-0.002655213676662882,1.0419863693803446,1.886356013670497
2012-02-15,-0.00011182889798875685,0.0038341259317959953,1.0418698517080802,1.8936024231251474
2012-02-16,0.0020603501894030916,-0.007602638134434514,1.0440186813650196,1.8792606359204669
2012-02-17,-0.00445582180882126,0.009664468075250454,1.0393770689344046,1.897510737051918
2012-02-20,-0.002065770289411765,0.009501927708697622,1.0372321708620225,1.9156266787841476
2012-02-21,-0.0011201505480758261,-0.003570243309901855,1.036070965161368,1.9087996198325585
2012-02-22,0.0017647151287688882,0.006106384620885308,1.0379009494936704,1.9204911446196562
2012-02-23,-0.004007020998505624,0.004922706100717988,1.033750379858059,1.9299684659888305
2012-02-24,-0.004202721875336831,0.0018495278954411276,1.0294149312467213,1.9335412995131513
2012-02-27,-2.2122828443184132e-06,-0.004774142973731799,1.0294126538922483,1.9243322969424168
2012-02-28,-0.0015364621427481741,0.00496499795421812,1.0278322147736283,1.9339103607176036
2012-02-29,-0.005129202499688566,-0.006936903674864325,1.0225737525956367,1.9205414339182634
2012-03-01,-0.002075721234373979,0.007474541032921778,1.0204533759603882,1.9349503827269505
2012-03-02,-0.0008923947923772594,0.00026003518409112303,1.0195431348894204,1.9354536033306258
2012-03-05,0.0001076651716796031,-0.010831238117903652,1.0196529100854497,1.9146033652714052
2012-03-06,-0.0002057065870048746,-0.023939224199923004,1.0194431823373156,1.8693135109408279
2012-03-07,-0.0006481525301005137,0.012750271252620848,1.0187826417480415,1.8933003597159135
2012-03-08,0.0019004563927376324,0.01506267349792445,1.0207206346846014,1.9220343872326777
2012-03-09,-0.00776422206203124,0.006055739122992065,1.0128262196675406,1.933709039714376
2012-03-12,-0.0005870358512827512,0.003109351672375027,1.0122318288469068,1.9397309784618477
2012-03-13,0.0037963140750087916,0.015973507578255663,1.0160818821678228,1.9709640728827884
2012-03-14,7.3189169560749535e-06,1.7037609360670558e-05,1.016089318813953,1.9709976536847935
2012-03-15,-0.0011680786942059398,-0.004349761297534727,1.0149031394395331,1.9624429034223516
2012-03-16,-0.00571769978514734,0.00796869432940106,1.009116786056951,1.9781434845422252
2012-03-19,-0.003493218181831961,-0.00062772628722918,1.0055978707001751,1.9769021415296486
2012-03-20,0.00017347329950888384,-0.013006866356079172,1.0057723302123809,1.9513553416449345
2012-03-21,-0.00163586018377954,0.0020265880164949124,1.004128372312683,1.9553139448703134
2012-03-22,0.0012098073341317865,-0.009057054770410744,1.0053439093164493,1.9376845152451503
2012-03-23,-0.0001721224389750097,0.0012976678188358903,1.0051708819621414,1.9402006182635176
2012-03-26,0.0036697626868926426,0.014419984059040658,1.0088663972434213,1.9683809720692083
2012-03-27,0.0013011991991149206,-0.0020473106010641118,1.0101799878276978,1.9643552072398238
2012-03-28,0.0017752194575951599,-0.010386180982854043,1.0119748716827675,1.9440586428916764
2012-03-29,0.0021142076290400938,-0.013787826442172246,1.0141166599716525,1.917438240195612
2012-03-30,-0.000838239328012302,0.009395006721975463,1.0132669436866297,1.9355374734312358
2012-04-02,0.00025942403452395733,0.01001984917850507,1.0135298435850124,1.955028753766476
2012-04-03,0.00032595274262611307,-0.0013994915199155855,1.0138602602644484,1.9522946212482761
2012-04-04,0.0012889055890736778,-0.024906343434237144,1.0151678729340565,1.9042706343995002
2012-04-05,-1.5550643125537334e-05,0.002472133071917071,1.0151520865434964,1.9089840685303885
2012-04-10,0.0012906821085482,-0.02170903632245924,1.0164631710937324,1.8679884616364302
2012-04-11,-0.00030402083099142694,0.00874381337081509,1.0161541920861916,1.884393420554416
2012-04-12,0.0003224352045379181,0.01593958289728903,1.016481888798598,1.9146705268754125
2012-04-13,-0.0015733924705417532,-0.009099967080741678,1.0148838213716254,1.897326124545298
2012-04-16,-0.0006873278370123838,-0.004936461733946018,1.0141865031404311,1.8879831263841322
2012-04-17,-0.000756699259498419,0.015069650579086158,1.0134193592497236,1.9166498284881015
2012-04-18,0.0010283955230875972,0.0004987418556368084,1.0144620912603528,1.9176059803968366
2012-04-19,0.0011084935963136728,-0.0007875738757547879,1.0155872394868086,1.9160963185858202
2012-04-20,-0.0003810608520023764,0.00191538330554053,1.0152003126740596,1.9197698945161494
2012-04-23,-0.0018580235926850038,-0.02327471480341714,1.013315797820491,1.8756037684867428
2012-04-24,-0.0019153506569400125,0.008069999592155597,1.011376800264348,1.8908011290029427
2012-04-25,-0.000716994068034306,0.005511636980353174,1.0106519090004333,1.9012513107774631
2012-04-26,-0.0011106771392556639,0.002370507691592749,1.0095300241706082,1.9057635877139154
2012-04-27,0.000995887810340291,0.010358595641474011,1.0105359036042503,1.9256072207569963
2012-04-30,2.6094528234772707e-06,-0.0054242848485976936,1.0105385405534577,1.9151904559756916
2012-05-01,0.0016735672847093485,0.0075301519572228415,1.0122311607567034,1.9296665663883867
2012-05-02,0.0027177051570856045,-0.0024369239858330616,1.0149858481209908,1.9249698407541016
2012-05-03,-0.0022710720569883726,0.0006445707390287936,1.0126833576735854,1.9262110199578901
2012-05-04,-0.0020246607736237516,-0.028898374337098076,1.0106350916248599,1.871343265660917
2012-05-08,-4.916285537428806e-05,-0.025758749194576325,1.0105854071393399,1.8237553378118103
2012-05-09,0.0016078558494370732,-0.0077837031622109976,1.0122115897808668,1.8096148716103553
2012-05-10,0.0021624490417542276,0.014283608183454533,1.0144028141148407,1.835648183602133
2012-05-11,-0.001232620297717327,0.006648536535355021,1.0131532109174493,1.847893218291513
2012-05-14,0.0010480382827786402,-0.018580541982267107,1.0142155908790045,1.81387537443618
2012-05-15,0.000873991649698564,-0.008460227655088914,1.0151023943093738,1.7985943076281579
2012-05-16,0.001466527160180393,-0.0044116939403355815,1.0165921616661344,1.7906769373686104
2012-05-17,-0.006411599981007943,-0.007748641219004426,1.0100950301432017,1.7768552430729974
2012-05-18,-0.0032160142495446364,-0.015315545555537824,1.006851768116666,1.7498490706758754
2012-05-21,0.003534450531448528,0.00034499835564716363,1.0104167322670659,1.750452869876766
2012-05-22,0.0018697400164366669,0.013704711284537652,1.0123077161378744,1.774607458853073
2012-05-23,0.0017082906966970404,-0.019451613789884803,1.0140385099200968,1.7404220386053084
2012-05-24,-0.0071847788623614845,0.009286221294731334,1.0067789777636906,1.7566592573220672
2012-05-25,0.0024650090139463005,-0.005265689524581063,1.0092637582639123,1.7474335462547281
2012-05-29,-0.0018707456773856771,0.022814353543935795,1.007377447404866,1.7877583561525787
2012-05-30,-0.0025703963764076884,-0.015421560071462892,1.0047914130548568,1.760399831047613
2012-05-31,0.003941889388889467,0.0060229499153443555,1.008760006403201,1.7710346253287532
2012-06-01,0.004663657077381771,-0.02023518053429285,1.0134755043323704,1.7355575727698036
2012-06-06,0.007661695050678824,0.022656864564739365,1.0212702670048284,1.7753287089565797
2012-06-07,-0.0030830551697470145,0.015125288618909494,1.0181264831481647,1.8023851706523117
2012-06-08,0.0016026983660571614,-0.004299521195175515,1.0197595410992388,1.794652412899384
2012-06-11,0.00014798919711960293,-0.003820711886088901,1.0199104656623081,1.787808645451188
2012-06-12,0.003946004225988875,-0.009142640591351281,1.023942987611754,1.7715378459324254
2012-06-13,-0.0008319935791800438,-0.002142256778739693,1.023091427915836,1.7677468190994836
2012-06-14,0.0023187398201753298,0.003410192317632621,1.0254664632297774,1.773785466343558
2012-06-15,0.004804647094246005,0.014560753243328506,1.0304053229305594,1.799802069838732
2012-06-18,0.0005549561731236445,-0.0007738348965755648,1.030977311424932,1.798409858930328
2012-06-19,-0.0012078751078914772,0.013847749762206263,1.0297327713694493,1.823487019013368
2012-06-20,-0.0031840384118482644,0.013876306889763157,1.0264592769031151,1.8489666572940722
2012-06-21,-0.004101466124841511,-0.007110498548231092,1.0222579107205279,1.8358662131019665
2012-06-22,-0.0012230285094366063,-0.01109865048223746,1.0210084243861723,1.8156032295558229
2012-06-25,0.0006891446380937002,-0.014189385877623195,1.0217122893718202,1.7900228488691086
2012-06-26,0.0006255114506196983,-0.0005624086028319653,1.0223515820296558,1.7890164076617638
2012-06-27,0.00013297448515588802,0.008086890075073683,1.0224875377440448,1.8035426435642763
2012-06-28,0.005332480396810532,-0.005942116791638696,1.0279544957637183,1.792857559984525
2012-06-29,0.00024411503880678032,0.02255371275990825,1.0282054655468462,1.833752588281267
2012-07-02,-0.000630660275257416,0.014655971461436934,1.02755722163725,1.8608259222823944
2012-07-03,0.002463368789049547,0.008643280398112907,1.030091594291655,1.876979270898542
2012-07-04,-0.0031749834026784237,-0.002559136055090505,1.026826257015393,1.8721819666670405
2012-07-05,-0.0005871904693264339,-0.0027184359078269438,1.0262234914100479,1.867099471331702
2012-07-06,-0.0038974014254343856,-0.005432149136840536,1.0222316704290944,1.8569846061508397
2012-07-09,-0.005686370398728347,-0.007916990917099298,1.0164353780688653,1.8423409193457112
2012-07-10,-0.0020528702222452812,0.007456240418573401,1.0143509084532367,1.8561291966481113
2012-07-11,-0.001345194165945807,-0.008868470589446176,1.0129873268755774,1.839740946226733
2012-07-12,-0.004161794067075843,-0.003992367453431456,1.0087802428097246,1.8324106666714726
2012-07-13,-0.0004090761683316034,0.01089784487055745,1.0083676592481123,1.8524892015197845
2012-07-16,-0.0019090342597212586,0.0028482191274701307,1.006444487125017,1.8577730178583514
2012-07-17,0.0016478539502682013,-0.0050781624324383046,1.0081043278608108,1.8483628580931828
2012-07-18,-0.000790043964829701,0.00601678355861246,1.0073081956517993,1.8595175814746012
2012-07-19,-0.0037724916400764482,0.014045232571071153,1.003515292750251,1.8858192122648212
2012-07-20,0.003582570181735871,-0.00656807452280006,1.0071169043760169,1.8734735989782252
2012-07-23,-0.0028599770865400647,-0.024654784177593925,1.0042406880229602,1.8278482642452019
2012-07-24,0.0006748728787020915,-0.0010099712195419386,1.00491865157087,1.8260031220317339
2012-07-25,0.0015190416355861385,-0.0011489341041528434,1.0064463248488835,1.82390636951643
2012-07-26,-0.00346066514552218,0.015160274329623746,1.00296937088839,1.851767951416277
2012-07-27,0.002003344480740245,0.012557268319929094,1.0049806780397714,1.875167709487076
2012-07-30,0.0018923963259240017,0.005343991376118851,1.0068843004184176,1.8852154130639311
2012-07-31,-0.0017189380975712468,-0.009135031314663422,1.0051550153273945,1.868072331737042
2012-08-01,-0.0008360928185619531,0.0044349148422675455,1.0043149636670545,1.8763754716976493
2012-08-02,0.00025419229908060304,-0.009846153435256966,1.0045702852456848,1.8579910473581842
2012-08-03,-0.0007574085110877208,0.02006529179143257,1.0038097032336586,1.8956487225330518
2012-08-06,0.0002392597476791427,0.011026470204376082,1.004049903223921,1.9166667007934968
2012-08-07,0.0007853754694740255,0.0030147745651820657,1.0048387691254559,1.9224537377357382
2012-08-08,-0.0016798805784382811,-0.0021399910482031714,1.003152177026026,1.9183441028057402
2012-08-09,-0.0026554840783130384,0.0024104052564286604,1.000491856174932,1.922973666836018
2012-08-10,0.0006403046682826822,0.0005929683227794413,1.0011326809206635,1.9241142674425844
2012-08-13,-0.0035427769089184163,-0.0029684493832817793,0.9975921665054536,1.918411100600956
2012-08-14,0.004289379385310163,0.0058846520819049175,1.0018804081522041,1.9297335641836006
2012-08-15,-7.416230479583116e-05,-0.0005390911922749098,1.0018061091471324,1.9286935421742522
2012-08-16,-0.0021994551841513464,0.0003652280365713523,0.9996051029014525,1.9293980837811504
2012-08-17,-0.0036121298174147634,0.01001719485306829,0.9960009128236457,1.9488223663211741
2012-08-20,-0.0003938515681771343,-0.004727920501091276,0.9956087135414452,1.9396302360558364
2012-08-21,-0.0009483595925239755,0.006568213310677251,0.9946649660442863,1.9524120721508909
2012-08-22,-0.000773151374116965,-0.01254449182465045,0.9938962366693826,1.9280730344767547
2012-08-23,-0.0009896020515369158,-0.0024302535076845544,0.992913161421429,1.9233930173390776
2012-08-24,0.0039727973512575085,-0.0015186505494781954,0.9968656502191173,1.9204742723142594
2012-08-28,-0.0007015500555779737,-0.006475525902356338,0.9961665443243654,1.9080783697290515
2012-08-29,0.0003844320118202239,0.0010982784304260917,0.9965495762532582,1.910175122244357
2012-08-30,0.0015660903304130726,-0.005441669800765325,0.998111485634762,1.899808810570448
2012-08-31,0.002233126691475739,0.007415536421792268,1.0003428856065142,1.9139492767719044
2012-09-03,0.002421020580665423,0.008108820980675446,1.002767670362815,1.9295322431803748
2012-09-04,-0.00553538642800536,-0.006480061973114459,0.9972322981558156,1.9170691789911618
2012-09-05,0.0005376158078212235,0.0015125581688995027,0.9977685701446067,1.919971051710584
2012-09-06,-0.002077319736977459,0.019920717668968635,0.9956980371250368,1.9586017510995857
2012-09-07,0.004625974260963316,0.011207523691179944,1.000314780852244,1.9806762960571962
2012-09-10,-0.0031819461045533475,0.0028330427625338217,0.9971368917491956,1.9862955927982107
2012-09-11,0.0032829950955360603,-0.005173143957421189,1.0004158667587426,1.9760467320269197
2012-09-12,0.002310126522404135,0.0026025675415350946,1.0027296254947038,1.981196225157475
2012-09-13,0.004264993263529289,0.0029927310996296086,1.0070153934818091,1.9871342938043328
2012-09-14,-0.0011274749227402968,0.022502649135402564,1.0058806486971965,2.0323569865309046
2012-09-17,-0.00022249197481837338,-0.002909389063006529,1.0056568732202833,2.0264526624948385
2012-09-18,0.011277185120930285,-0.012259378486838557,1.0170620401665567,2.0017612721128533
2012-09-19,0.001110338282320931,0.0033880046410157405,1.0181919502603811,2.008554750262441
2012-09-20,-0.0019531245762961402,-0.003781941231158825,1.0162052353213868,2.0009728604053425
2012-09-21,-0.0019892325792753756,0.0017588680777116394,1.0141857760131041,2.0044954046310557
2012-09-24,0.0011089136013994391,-0.003932440800765491,1.0153110442117654,1.9966283236701161
2012-09-25,-0.00042344825766443546,0.002374775602620005,1.0148812035331725,2.001375502411797
2012-09-26,0.0002914722876213253,-0.016350657139470925,1.0151770563935907,1.9689177734748837
2012-09-27,0.0012177596791391172,0.001404715771931464,1.0164140511083317,1.9716854867950864
2012-09-28,-0.0036252015674469286,-0.0017285723911566464,1.0127360161342422,1.9682802296631978
2012-10-01,-0.002537132996170997,0.011304472022656498,1.010169826929506,1.9906568380300431
2012-10-02,-0.003903849657783048,0.0022641625185446657,1.006233963304836,1.9951691149664954
2012-10-03,0.001556018250284814,-0.0018260705603552196,1.0078009004910695,1.9915291198381706
2012-10-04,-0.0015090253656781798,0.0068577807197733875,1.0062812502524272,2.0052335270399557
2012-10-05,-0.003118155730349529,0.008910859062117638,1.0031483955084632,2.023181728570964
2012-10-08,-0.0007545163324866091,-0.007222595988213953,1.002391789131973,2.0086217480576583
2012-10-09,-0.003237839472414023,-0.00525821814280647,0.9991514541034926,1.998087696182527
2012-10-10,-0.0021008029491074946,-0.0070345403519862515,0.9970546370529982,1.9840813893802927
2012-10-11,-0.0031909393575323126,0.005909021425885896,0.9938781668272059,1.9958400757713934
2012-10-12,0.0011707838655668913,-0.005063948558623466,0.9950424647869041,1.985758791392536
2012-10-15,0.002434721201021192,0.0014687594963351813,0.9974680674066781,1.988677536417355
2012-10-16,-0.0008396635317266037,0.010872101502171105,0.9966308813728929,2.010416600972517
2012-10-17,0.002903964062654781,0.005043502938065103,0.9995292680045982,2.0205817554519876
2012-10-18,-0.002691393095073091,0.0021063326793715476,0.9968427586823527,2.024842258277812
2012-10-19,0.001254677557310643,0.00024849248425873327,0.9980942598708884,2.025345478881483
2012-10-22,0.0008126565580511016,-0.0028447707871990247,0.9989056973820762,2.0195920227412443
2012-10-23,0.00080637211514978,-0.012444251589155186,0.9997115119316367,1.9946154412554233
2012-10-24,0.0037045549134754434,-0.0023911481807008528,1.0034218664879988,1.9898517178259245
2012-10-25,0.0030459898933029705,0.009188271700439898,1.0064829389832493,2.0082192698599917
2012-10-26,0.0012127914579966315,-0.003874773432244183,1.0077043333929123,2.0004529313050634
2012-10-29,0.001612055561028134,-0.00043613724951541144,1.0093301188435884,1.9995806494969401
2012-10-30,0.000282898385100645,0.0028146288215040727,1.0096156970971515,2.0052166547345602
2012-10-31,-0.0008884133836755104,-0.0016157701602086405,1.0087191393154171,2.0019793016126894
2012-11-01,-0.00036500424651175376,0.013052260976092356,1.008351019732722,2.02828093240291
2012-11-02,-0.001886755937090848,0.002395448182772597,1.0064503011194894,2.033145398238415
2012-11-05,-0.0036530284294533314,-0.007477877067010752,1.002780416733764,2.0179984908296165
2012-11-06,-0.0006853611473164709,0.004238509852150685,1.00209338545601,2.026569949588662
2012-11-07,-0.0016003214256840063,-0.010007179795785248,1.000490996451437,2.0063908361431313
2012-11-08,-0.0016995149005839408,-0.005499415241265737,0.9987920911614148,1.9953871444663298
2012-11-09,0.0027106205877745837,-0.004490662095312459,1.0015031101786784,1.9864466245028303
2012-11-12,0.0044696361933797175,-0.0033072077589988425,1.0059894834870438,1.9798878843496839
2012-11-13,0.0022953808991780303,-0.000516905108860044,1.0083012647264429,1.9788647346457293
2012-11-14,0.00259628338467402,-0.006676358572923036,1.0109225018115322,1.9656971288496194
2012-11-15,-0.0031231183549019718,-0.003008283115677912,1.0077701962646621,1.9597926410047624
2012-11-16,-0.0007315562576187838,-0.009157218822384294,1.0070332252720808,1.941928309574369
2012-11-19,0.0014520375120986861,0.014390201589822738,1.00849653742607,1.970075082578059
2012-11-20,0.0003467114658323869,0.006450102246533973,1.0088462553609534,1.9828233378711109
2012-11-21,-0.0014783733808239915,-0.0031774168191560648,1.0073559058296622,1.9765330803251964
2012-11-22,0.0003241357818773716,0.006631480477020446,1.0076824788479681,1.9896839776247024
2012-11-23,0.001325832183704182,0.0022904858431544994,1.0090193827686644,1.9942465438597625
2012-11-26,-0.0010776393154644846,-0.0038176202480677546,1.0079326094917054,1.9866477816972667
2012-11-27,0.00017440161544700827,0.0019907041454363394,1.008108409896554,1.9906065487314355
2012-11-28,0.0013412811531841686,0.0019698306931719145,1.0094614739239034,1.9945315711548095
2012-11-29,0.0002750230982461235,0.011372691642105082,1.0097391373261966,2.017344238521323
2012-11-30,-0.0020596686891440922,0.000631781674092835,1.0076615495465597,2.0186191623359018
2012-12-03,0.001979896711361862,-0.0005651997126481234,1.0096585916508545,2.017478561729335
2012-12-04,0.001764034454709457,0.0021510524061909564,1.0114412360548226,2.0218229346557726
2012-12-05,-0.0006836866554293256,0.004123120700572969,1.0107499635128139,2.0301763639149866
2012-12-06,-0.0023298086871559173,0.0038017542117128045,1.0083978505178641,2.037909285476705
2012-12-07,-0.0006748085171195504,0.0031556692939549436,1.0077176046033716,2.044350410918444
2012-12-10,0.0008644913851355945,-0.0007715252201112577,1.0085891444562696,2.0427737513122093
2012-12-11,0.0021460555185924234,0.0010176467640548026,1.0107559569740887,2.0448536315221166
2012-12-12,-0.0017109154059002697,0.0027606271190041554,1.0090281175507227,2.050506509065136
2012-12-13,0.0005455673274992396,-0.001039470349819993,1.0095787605169342,2.048376175747828
2012-12-14,0.0015306764155622009,0.002666083751771353,1.0111252822255081,2.053844604593017
2012-12-17,0.0033533491724577202,-0.0020930225066386754,1.014521629740829,2.0495503571563987
2012-12-18,-0.0005379348101803299,0.0060950337063925275,1.0139760300022134,2.0620805829496174
2012-12-19,-0.0015651437041166918,0.008835651133793476,1.0123902531108089,2.080381137188469
2012-12-20,-0.00041872880754627404,0.0016434444430188933,1.011966424888088,2.0838029390081707
2012-12-21,0.0008666797642908043,-0.004873838673777442,1.0128438558816013,2.073671529139495
2012-12-24,9.215483081258919e-05,0.0026980502669715634,1.0129371986367064,2.079273953575114
2012-12-27,0.0012001011102570898,0.00015329748754489003,1.0141535554229884,2.0795927254809565
2012-12-28,-0.0017224971860650535,-0.0030697915970083756,1.01240818240913,2.073218597834432
2012-12-31,0.0032899395112374035,0.0012371127620696143,1.0157444291056397,2.075784990151406
2013-01-02,-0.0010559767369968092,0.018962535212807552,1.0146723927401193,2.11552270934497
2013-01-03,-0.00368602948691032,0.003119117586104281,1.0109391650015764,2.1221315749879377
2013-01-04,0.0005919845404888891,0.003440407525205913,1.0115378025332316,2.129445146046593
2013-01-07,0.0025399773922803637,0.0021324094777401825,1.014110351408031,2.1339908399762564
2013-01-08,0.00018565170122249823,-0.006862037416453859,1.0142986401975236,2.1193974424697397
2013-01-09,-0.0014059037173305004,0.0058475007326563855,1.012873635912915,2.131826925856947
2013-01-10,0.0020979839581512397,0.0017059973565434206,1.0150008592126194,2.135466920985272
2013-01-11,0.0007222190922571115,0.005249026962600212,1.0157341769879742,2.146705514467304
2013-01-14,-0.0004455579093808568,-0.0030285539936425465,1.0152817093993305,2.140213935918164
2013-01-15,-0.0008397403430364832,0.0012297532027147895,1.0144294942581975,2.1428474898391467
2013-01-16,-0.0011028510701148082,-0.0008771259192084102,1.0133113462935703,2.140968766823674
2013-01-17,-0.0007459781216642196,0.006559653883110528,1.0125557200741564,2.155058943726519
2013-01-18,0.0006848637301826053,0.007637561249007163,1.0132494202795648,2.1715813535471176
2013-01-21,0.00016882028755874057,0.003762448542364183,1.0134204917778287,2.179767206413901
2013-01-22,0.0015286807864420943,-0.002835957763238639,1.0149708729292157,2.1735942359618123
2013-01-23,-0.0006726491563137269,-0.001830586105482368,1.0142883831916631,2.1696189242398267
2013-01-24,-0.002163304652411692,0.010153620664588914,1.0120965400804154,2.19176063080144
2013-01-25,-0.004924496822689175,0.005320055959646908,1.0071247257738938,2.2034519917797475
2013-01-28,0.0017190824384720111,-0.0002740617658396616,1.0088575452063082,2.202848192578854
2013-01-29,0.0012923273720854677,-0.0018978889920315822,1.0101621622410941,2.198671396044853
2013-01-30,0.001456573379280173,-0.004672286290807293,1.0116346096588966,2.188422535273562
2013-01-31,-0.0029057725300264737,-0.0012271351771921957,1.0086992963414911,2.185738692053971
2013-02-01,0.002409935913937482,0.01865005086783711,1.0111331285139562,2.2268853306525456
2013-02-04,0.0014682261979802498,-0.007469928690669647,1.012618791040322,2.21031263153334
2013-02-05,0.008068418870231733,0.00498110820088371,1.0208220728568724,2.2213499040121425
2013-02-06,0.0007037676259540274,0.00743295028251012,1.0215407472438292,2.2379226031313513
2013-02-07,0.0017534243762682995,-0.0030702639404687204,1.023333512971641,2.2310621271865516
2013-02-08,0.0002650157015360226,0.005593027728549416,1.0236047483597173,2.243575480674372
2013-02-11,-0.00010064412329342727,-0.00012712263697167714,1.0235017337412144,2.2432902895705307
2013-02-12,0.002356117705831279,0.007627740346688228,1.0259160674082928,2.260466951699422
2013-02-13,-5.7446749886011744e-05,0.009380031106985598,1.0258571335573596,2.281769957254913
2013-02-14,-0.0013019331828252585,-0.00756363485572642,1.024522405166468,2.264576586629416
2013-02-15,-0.0006085717086454162,0.004279588465090356,1.0238990994981454,2.274288809803826
2013-02-18,0.00048319760137301854,-0.004390701633965932,1.0243939646362663,2.264324976327582
2013-02-19,-0.0009351695901464394,0.011490146298978487,1.0234364303504655,2.290492447718582
2013-02-20,0.0004207813254998218,0.006198282251645537,1.0238671639041557,2.304733656326047
2013-02-21,5.3028847060271203e-05,-0.013570672116987481,1.023921459839013,2.273668138297535
2013-02-22,-0.0010692777633070187,0.008389842836947992,1.0228271885348823,2.292824102039117
2013-02-25,-0.0044332106220820655,0.0012282984536291508,1.018302816335484,2.2956421046579276
2013-02-26,0.002350304651012689,-0.010998703487036465,1.0206989529033086,2.270531363772883
2013-02-27,0.0021523688191583653,0.006590234259819638,1.022898239492173,2.2855441117824635
2013-02-28,-0.002446934316963627,0.00574472389813252,1.020398334486218,2.2987117175785765
2013-03-01,-0.002936028182453071,0.0033946700945062247,1.0174068099679618,2.306528345432112
2013-03-04,0.004854286149906233,-0.005549646548024256,1.0223576003091648,2.293763381642456
2013-03-05,0.0012806951270162284,0.013567985798276894,1.0236677674892345,2.3250972184694088
2013-03-06,0.00031580033691315436,0.004462911381061474,1.0239910931655865,2.3354971109453198
2013-03-07,-0.0004205577551204564,0.00215955241652388,1.023560536313539,2.340546189287446
2013-03-08,0.002612440220811501,0.0046760378354786525,1.0262380228910672,2.3515163001622437
2013-03-11,-0.0017737786696002244,-0.0004351967944113966,1.0244193172436202,2.350493150458291
2013-03-12,0.0012537540086165412,0.0005208064012123259,1.0257044925476162,2.3517176211654696
2013-03-13,0.0004327174204095687,-0.003451012427680311,1.0261484287922802,2.3436158022080944
2013-03-14,0.0019102985788510322,0.008005532114042424,1.028110552201584,2.3624529940438284
2013-03-15,-0.0035271684085380344,0.0015324526705864372,1.0244906209478915,2.3660761168667603
2013-03-18,-7.222970249010302e-05,-0.0011207364796828045,1.0244166249675224,2.3634258544491726
2013-03-19,0.000352216178414258,-0.0038327564946047943,1.024777504626369,2.354384755888455
2013-03-20,0.001496178838309265,-0.00037056111274225145,1.026311902623437,2.35351247408033
2013-03-21,-0.004180954245501084,-0.003562854071434529,1.0220298971889434,2.3451421725157178
2013-03-22,0.003124188501990117,-0.0016608110079179284,1.0252279042296513,2.341250567085555
2013-03-25,0.0017763641358712334,0.000265067421125309,1.0270507008057368,2.3418712385918443
2013-03-26,-0.0028189696861408943,0.0019177380167612057,1.0241595529576701,2.3463666432228965
2013-03-27,-0.0005387793530678598,-0.009026773111729725,1.0236079055577485,2.325281830976027
2013-03-28,0.0023963940203460526,0.004361981803981507,1.026063814909752,2.3354468216467072
2013-04-02,-0.00047060425792312807,0.009578343422480984,1.0255810585120726,2.3579240086107727
2013-04-03,0.00011289769945269524,-0.006910054479797978,1.0256968507903987,2.341686789894011
2013-04-04,0.0013411103906020706,-0.014764452340529033,1.0270733463045087,2.3073670464382365
2013-04-05,0.002714880902970873,-0.020224028871110633,1.0298655166082666,2.2611714933063207
2013-04-08,-0.002204242451348725,0.0032217595974870505,1.0275979433760871,2.2684681920595815
2013-04-09,-0.0005093597380821354,0.0055010543101676745,1.027074659637943,2.280981545547401
2013-04-10,0.0009734732008388926,0.01431067863416935,1.0280749761060024,2.3138586249873736
2013-04-11,-0.0014192045131203538,0.01252068112717275,1.0266169623146835,2.34301183919841
2013-04-12,-0.005685679774652034,-0.004398215225368318,1.0207965093114808,2.332729397625115
2013-04-15,-3.425658526195059e-05,-0.01195021518759809,1.020761540907777,2.3050186836210953
2013-04-16,0.0018366309793357732,-0.0059851573742921715,1.022638025854033,2.291263987120696
2013-04-17,-0.0029215997081489865,-0.00944439805987507,1.0196546471374628,2.2697262435687646
2013-04-18,0.0005076494909875563,0.0016097805538244359,1.0201724057088835,2.273382947193697
2013-04-19,-0.0012918883062306092,0.004689069925042588,1.0188553078624456,2.284068030773445
2013-04-22,-3.7723521229639885e-05,-0.0018523976108344442,1.0188168737775487,2.2798409449408323
2013-04-23,0.0008893530527017832,0.016491307377194175,1.019723364709877,2.3177502304175395
2013-04-24,0.002754417200317805,0.005600327164254182,1.0225359800650233,2.3307668045090346
2013-04-25,-0.00020036244567605042,0.007956689225897762,1.0223311227788046,2.349385966844936
2013-04-26,0.00011409831404482208,-0.002222902074271005,1.022447775691133,2.3441693121103735
2013-04-29,-0.0024054819178615356,0.0012728786114823976,1.0199912518011733,2.3471550549304094
2013-04-30,-0.000246947629879543,-0.0030705298677524695,1.0197393984776137,2.3399590985831598
2013-05-01,1.9162660683572606e-07,0.005682787755826979,1.0197395938868332,2.353294444580496
2013-05-02,0.0017770072258555152,-0.007095996329480769,1.0215532895115094,2.3366545838572836
2013-05-03,-0.0015918219190777453,0.012555271683915237,1.0199284521627099,2.366176859272767
2013-05-07,-0.0007640022311062615,-0.0003403199587417305,1.0191495221397149,2.3653717390686517
2013-05-08,0.0023446333212664852,0.006495897576726861,1.021541857547383,2.3807869652758917
2013-05-09,-0.003696058608383303,0.006201959588047146,1.0177731479470649,2.395598392282246
2013-05-10,0.0006868925812290045,0.002384882652076925,1.0184724889303334,2.40131843142927
2013-05-13,-0.0017462190511699392,-0.0011042792022220027,1.0166955647680116,2.3986681690116822
2013-05-14,0.002538397496432857,0.005425837166622927,1.0192796205370787,2.411718323905179
2013-05-15,0.002413936284399699,0.0068136969838317185,1.0217430687042726,2.428207152923776
2013-05-16,-0.0007388209836272725,0.006232266018885824,1.0209884622790943,2.4433876411345814
2013-05-17,-0.0021781226304916504,0.008653597526681267,1.0187670443425139,2.4646234850860678
2013-05-20,-0.0012134830787362903,0.0018903100243630178,1.0175315375579297,2.4692867937271363
2013-05-21,0.0005997492279080384,0.005730454086053882,1.0181419843511506,2.4834775492272043
2013-05-22,-0.0040475355199014965,0.001255475069747547,1.0140293471423978,2.4865974514464613
2013-05-23,-0.00039839391468554967,-0.02157465200417441,1.0136254444827069,2.4335245500643494
2013-05-24,0.0018491474442695794,-0.007937579142518913,1.0155015214196754,2.4142847162221557
2013-05-28,-0.00214004931673208,0.015812648969417253,1.0133306218272415,2.4527643839065396
2013-05-29,0.001225453710986448,-0.016048929964668446,1.0145731727870595,2.4137143340144784
2013-05-30,0.0017705506240343356,0.003683413833387661,1.016371117157339,2.4226214369847625
2013-05-31,-0.004445625950859706,-0.006376424890135013,1.011862740047479,2.4072229192741275
2013-06-03,0.0024631249267025937,-0.008207345918439302,1.0143581563843447,2.3875468626234757
2013-06-04,-0.000985018672960717,0.0018110264487294359,1.0133594865941795,2.391874690862097
2013-06-05,-0.0011409073882722818,-0.018580461325955255,1.0122039965478526,2.347842888040706
2013-06-06,0.000792362701624182,-0.011258489368735525,1.013006347075489,2.321557965747092
2013-06-07,0.0023984707547504485,0.011836993647937888,1.0154389292457715,2.349201518147107
2013-06-10,0.000408282854746011,0.0014413167703910545,1.0158536001963836,2.3525899029735937
2013-06-11,-0.003424243616220673,-0.015745230293482848,1.0123810188662514,2.3158379266000644
2013-06-12,-0.003148013255356864,-0.0030176812643141204,1.009199041081291,2.3088599997526464
2013-06-13,-0.0006695207211657566,-0.006311393727026271,1.0085235875518048,2.2943337638501355
2013-06-14,0.002179913337095504,0.010509072685129794,1.0107244795764663,2.3185722229270542
2013-06-17,0.005886504269526573,0.006130607781344111,1.0166916592243604,2.332830140031125
2013-06-18,-9.633419068539022e-05,0.006236176842755015,1.0165937217736307,2.347423537537643
2013-06-19,-0.005143342952397299,0.0011426613505225447,1.0113784550689604,2.350107380757234
2013-06-20,0.0012387999688128933,-0.024786475143393716,1.0126321270316256,2.2925724917372774
2013-06-21,-0.0005709241257177782,-0.009003342163005357,1.01205415592435,2.2720243170872956
2013-06-24,0.0037182415399739793,-0.020338484741612817,1.015824222392957,2.2262815314516575
2013-06-25,0.0015272792739038721,0.013946641086324263,1.0173768550237623,2.2575482066746004
2013-06-26,0.0010873288792159147,0.011120380030735788,1.0184836798915486,2.2827931069588665
2013-06-27,0.004476811628947093,0.01411829398684894,1.0230534608656499,2.315250835895778
2013-06-28,0.0013711000166601083,-0.0003187888851687859,1.0244571315494375,2.3145128772956665
2013-07-01,0.0017119564730762246,0.016709636848242226,1.0262124596611353,2.35351247408033
2013-07-02,0.003036232107703346,-0.0014835494295954987,1.0293330138466008,2.350023510656621
2013-07-03,-0.000640011039629976,-0.003031048095600397,1.02867444012399,2.3429112606011913
2013-07-04,0.0008473314531129653,0.024854124340702555,1.029546437715441,2.4018719413315526
2013-07-05,-7.143545250877037e-05,-0.003680177154933517,1.0294728942266216,2.3930488722706693
2013-07-08,0.002374235433237813,0.014391527352895395,1.0319200091135583,2.427737513122109
2013-07-09,-0.0031400597883809054,0.010132789543940035,1.0286848006204192,2.452462320497303
2013-07-10,0.00024734843223888953,-0.006133391071369232,1.0289392756638247,2.4374664447931202
2013-07-11,-0.002405809829788829,0.007527736848944144,1.0264668187632664,2.4558842861257975
2013-07-12,-0.0017450051601085774,0.003980890988019681,1.0246771907770043,2.4656803794008164
2013-07-15,0.0009156917543137637,0.004249608148494843,1.025615908954087,2.476180850473942
2013-07-16,-0.0011467564116171283,-0.005420422327052421,1.0244404514451704,2.4627952151779957
2013-07-17,-0.0006577279605314182,0.0028632879218903895,1.0237668698573603,2.469857012126029
2013-07-18,-0.0007008350961092274,0.006464934378367815,1.0230496294677063,2.4858762013429514
2013-07-19,-0.003471379016397472,-0.0003306538669090031,1.0195043934403625,2.4850543726422267
2013-07-22,-0.0021612104777984646,0.0023394450994125293,1.0173034091149922,2.4908748265776826
2013-07-23,-0.0006079068750923664,-0.0018468324827392024,1.0166851713130807,2.4862788433494076
2013-07-24,0.0013798881743337967,0.0008698981337396106,1.018089051534094,2.4884425936599253
2013-07-25,0.0012607483458090616,-0.004540035413665322,1.0193734150811875,2.477170583184683
2013-07-26,0.00015281821428848484,-0.0028684835814623,1.0195292058097005,2.4700750416258606
2013-07-29,0.0015214534672351554,0.0008010577253525497,1.0210815526671313,2.4720545070473388
2013-07-30,-0.00042159408743259444,0.006256932444342667,1.0206511614533107,2.4875704756605925
2013-07-31,-0.0040816225754296805,0.0028953518798431332,1.0164937389176858,2.4947833043132395
2013-08-01,0.0010113424301995805,0.012581122181206439,1.0175222821829408,2.5263687514420266
2013-08-02,-0.0007710748874452463,0.004689793330594938,1.0167379987132361,2.538244724926953
2013-08-05,-0.0014350357000052012,0.0042995064381639025,1.0152799897851719,2.5491814188085407
2013-08-06,0.0015462614480981243,-0.005416994898345351,1.0168510924471084,2.5354098500027487
2013-08-07,-0.0003511090950297914,-0.009639365968334701,1.0164941294504037,2.5110875208252166
2013-08-08,0.001016570137951204,0.007725579272401362,1.0175279924358904,2.5305622564726358
2013-08-09,0.0003370716706897917,0.0025950440592961144,1.017871030107167,2.5371377051223907
2013-08-12,-0.0008964808606423658,-0.0032116786095581773,1.0169589371081178,2.52900230536301
2013-08-13,-0.0008459500098790943,0.001583912551609501,1.0160990044665208,2.533011197886999
2013-08-14,-0.0009734082685616023,-0.0009606753416395719,1.0151104065266603,2.5305789649692447
2013-08-15,0.00048503388419880906,-0.026415844380565545,1.0156028888956916,2.4646067765894633
2013-08-16,-0.003526026759674488,0.009591073890884871,1.0120281519450005,2.488358723559317
2013-08-19,-0.002293878632292473,0.0020606601369070887,1.0097093427421913,2.493491672002056
2013-08-20,0.0017100445536614634,-0.006147302630189699,1.0114374678688862,2.4782104413852415
2013-08-21,-0.0002652964492185221,-0.002100471062167486,1.0111691726905068,2.473010495147287
2013-08-22,0.004249195180900878,0.007467083583541978,1.015474969472983,2.4915457873825795
2013-08-23,0.0019123175862989206,0.006676376264424633,1.017418738074636,2.5082359374043994
2013-08-27,0.0008338658867547323,-0.012455932316713714,1.0182674826732654,2.4771872916812914
2013-08-28,0.00011651298244315703,-0.009675598637883809,1.0183861309664954,2.4533346023054277
2013-08-29,-0.0012508463846701073,0.007492814839823225,1.0171130827162647,2.4717860244401075
2013-08-30,0.0004379679361013007,-0.007533812369828752,1.0175586431973636,2.453234023708207
2013-09-02,0.0014215543127268958,0.016969482719543905,1.019006186712148,2.495219363312906
2013-09-03,-0.0004679805822279707,-0.0009415879903382773,1.0185294231703377,2.492871000495766
2013-09-04,0.00032533873113355376,-0.0006731060732718674,1.0188608441496112,2.491193598483522
2013-09-05,-0.0006853651833130692,0.00843483823429736,1.0181627916381584,2.5122952830357876
2013-09-06,0.0005948449230716167,0.004729306542271772,1.018768620774954,2.524204837322716
2013-09-09,0.0006520325575513411,0.002959445423584839,1.0194331076943215,2.531686148582599
2013-09-10,0.004555191521324386,0.011711512040490035,1.024087413321836,2.561510323598531
2013-09-11,0.0011165531977620244,-0.0016319300149891802,1.0252314999959256,2.5573335270645297
2013-09-12,-0.0032840409088367604,-0.0035285122864578966,1.021870120284171,2.5483258454970206
2013-09-13,0.002228649126948929,0.001841366861375704,1.0241500498734644,2.553022571131304
2013-09-16,0.0006379999033147947,0.0047129187850529775,1.0248036659876014,2.565083157122854
2013-09-17,0.0009972424010529471,-0.009177493109985946,1.0258261534052444,2.541649818250053
2013-09-18,0.0006469467167561492,-0.004173053647802405,1.0264900229881215,2.5310654770763117
2013-09-19,-0.0001769706493142131,0.003169389205288198,1.0263083804554112,2.539100134429682
2013-09-20,-0.0009895382515639985,-0.006947451938343008,1.0252933113627258,2.5215209941031294
2013-09-23,0.0008948327450101296,-0.007438265491451546,1.0262111880027627,2.5028348339720115
2013-09-24,-0.0002416385515387827,0.00949175531441071,1.0259632457751275,2.5267042318444752
2013-09-25,0.0005782697227435629,-0.002286348904050328,1.0265567008288143,2.520933903398844
2013-09-26,-9.012869452604548e-05,-0.0012916497415602635,1.0264641827828396,2.5176798417803647
2013-09-27,-0.0020816091773845197,-0.005645712259253699,1.024329707861735,2.503505794776905
2013-09-30,-0.000850293762814361,-0.0011195750176078434,1.0234590968900685,2.5007045006547006
2013-10-01,0.0006279278175398788,0.0038963044057496177,1.0241019571409142,2.510467013127718
2013-10-02,0.0016364025407118036,-0.005030577963156091,1.0257791721106742,2.4978696257304938
2013-10-03,0.001815521804012892,-0.002575271639008392,1.0276431881326074,2.4914452087853607
2013-10-04,0.000612272900287082,-0.0009295239551363466,1.0282725788676488,2.4891304267702195
2013-10-07,0.0005166552268877985,-0.004606542033796401,1.028803978533573,2.477690512284964
2013-10-08,0.0012842491390221424,-0.007024846101211679,1.0301260679215967,2.4603461099548474
2013-10-09,-0.0021914585057740974,-0.002020065778216562,1.027871061167367,2.4553810655221224
2013-10-10,0.0021122617785622674,0.017512085591663507,1.0300444885388544,2.498758616035225
2013-10-11,0.0015141092841473658,0.004901852471050461,1.0316052697605274,2.511037231526607
2013-10-14,-0.001290145667451315,0.005834765405630549,1.0302752068631562,2.5257313714391345
2013-10-15,0.0006533335752002111,0.004704207216349232,1.030948540179177,2.5376409257260644
2013-10-16,-0.00093978948255853,0.005813113667555214,1.029980120710549,2.5524354804270177
2013-10-17,0.0013814787938264076,0.0010050270153154628,1.0314039997082394,2.5550020365527826
2013-10-18,0.0012848898198237373,0.010403991663906709,1.0327300919663696,2.5817230178460644
2013-10-21,-0.0009934681155454406,0.008462442221441435,1.0317046170207111,2.6036634034044557
2013-10-22,0.0012344632913491166,-0.000612221901223009,1.0329790049286476,2.6020698714928203
2013-10-23,0.001920177828848879,-0.0011287592910136368,1.0349644138706633,2.599134417971395
2013-10-24,0.000905407939543095,0.0020566375023811645,1.035901903209228,2.6044853959139687
2013-10-25,0.002127745605467065,-0.0022761124161512214,1.038108385515541,2.5985640357637165
2013-10-28,0.0023471916010894957,-0.004062036210914499,1.040547886667354,2.588029983888585
2013-10-29,0.002064458186744175,0.006891847599879597,1.04269827319848,2.6059278961209826
2013-10-30,-0.0008918155041055091,0.0030528487485703693,1.041768793236262,2.6138955556791372
2013-10-31,-0.0009661155172071404,-0.006631708301895856,1.0407628102659001,2.5966183149530297
2013-11-01,0.0013229602222628622,-0.0015709881807577375,1.0421406092503631,2.592542260825039
2013-11-04,0.0014166593251122303,0.0008213785226338643,1.0436180137048479,2.5946725941423465
2013-11-05,0.0013653085491129396,-0.006537886905036316,1.0450438474309678,2.5777642508118963
2013-11-06,-0.0010772748902554289,0.0023528479498402532,1.0439186541149852,2.5838364788579784
2013-11-07,-0.0003276488044700166,-0.0009287608542205561,1.0435766714441665,2.581437826742224
2013-11-08,0.0012518724913882125,-0.003091293156936459,1.044883914451858,2.5734701671840674
2013-11-11,-6.403872028746833e-06,0.005097167930562918,1.04487722317041,2.5866210644835763
2013-11-12,0.0011525582699874954,-0.003332358675713465,1.0460821993243226,2.5780158611137347
2013-11-13,0.0029674634179901512,-0.012393391008435728,1.049191020358059,2.546262673783721
2013-11-14,-0.007294737185631992,0.005131843525617796,1.041565295253001,2.5593632817846195
2013-11-15,0.0019071218963352056,-0.0007409255530816949,1.0435535825845585,2.5574676864637507
2013-11-18,8.379359157461349e-05,0.0028752187620852965,1.043641029350932,2.564831546821015
2013-11-19,0.0005910707021512234,-0.0016298150912739118,1.0442580773284702,2.5606547502870103
2013-11-20,-0.002208933030506388,-0.005702200834958759,1.0419539269629143,2.546094933582497
2013-11-21,-0.0010466338500313894,-0.0019981874393213417,1.0408639532139927,2.5410124382471584
2013-11-22,-2.7637865293714562e-05,0.0025843854456688575,1.0408351863537937,2.5475878868969115
2013-11-25,0.0016078006693190235,0.007360415362276385,1.0425099878757849,2.56640837023604
2013-11-26,-0.002428920519545535,0.0004050982705852135,1.0399808867106621,2.567448228436597
2013-11-27,-0.0011108841478995584,0.006551076187339078,1.0388262298932174,2.5843229909650423
2013-11-28,0.002645440907328386,0.0016278103615512407,1.0415780215436479,2.5885332044922587
2013-11-29,-0.0028074891414151936,0.0022525321739408355,1.0386579035759997,2.5943705307331073
2013-12-02,-0.00020190647189492652,-0.008558092269979056,1.038448212992838,2.5722624049734963
2013-12-03,-0.000898182825375942,-0.011919636977008707,1.0375159153924083,2.541783977649272
2013-12-04,-0.004458228034680823,-0.0016577743508019438,1.0329007282744833,2.5375737641220586
2013-12-05,0.0013589191763010574,0.001961335193964686,1.0343053110224172,2.5425556808601772
2013-12-06,-0.0022270444174505057,0.010461159302048273,1.0320044301864542,2.569293370650066
2013-12-09,-0.0001079400791946909,0.004865061534381709,1.0318930415582872,2.5818235964432867
2013-12-10,0.001397623847861239,0.001233662265564206,1.0333362481766806,2.585010660266545
2013-12-11,-7.573723168926352e-05,-0.0009543444298376613,1.0332579891134392,2.5825448465467926
2013-12-12,-0.0006633362091992248,-0.012062484484253844,1.0325728189500292,2.551580070924292
2013-12-13,-0.0009190930115087861,0.0014452293532105642,1.0316242244783087,2.555270355351226
2013-12-16,-0.0010032089613971858,0.009870033604114425,1.0305898087658294,2.580615834232711
2013-12-17,0.003162743040200152,-0.002342744483522452,1.0338544594150219,2.5745771869886327
2013-12-18,-0.00212684361221167,0.001178604027824548,1.031657949306791,2.5776133829160703
2013-12-19,-0.0015026037429813114,0.014426839830033344,1.0301089402755188,2.6150697370877083
2013-12-20,-0.0003874152235967574,0.002984612128763331,1.0297099376849224,2.6228863649412477
2013-12-23,-0.0001837207375121766,0.006698959448604214,1.0295207759927423,2.640515958375202
2013-12-24,0.000235511678038178,0.0026201567697281547,1.0297632687120841,2.6474435959240115
2013-12-27,0.00142664942655656,0.006007365287233668,1.031233428340722,2.6633956235369287
2013-12-30,0.0007750797216539154,0.0014223689935892736,1.0320330262953707,2.6671866503698736
2013-12-31,0.001760550486403513,0.0021799283464609687,1.0338515728936275,2.6730072681141173
2014-01-02,0.0018117704069331407,-0.001023452427308058,1.0357263724188692,2.6702729717871314
2014-01-03,-0.00016352237229710757,0.006349530522671287,1.0355570218320829,2.6872818937147946
2014-01-06,-0.00036951217594732,0.0017960706087922773,1.0351744415920097,2.6921127787482964
2014-01-07,-0.0020941769147392,0.0012391857136275775,1.0330088715085772,2.6954508742761805
2014-01-08,7.341350675933527e-05,-0.004209429660463115,1.033084711096139,2.6841284106935355
2014-01-09,0.0016102038199921505,-0.0032988474607673623,1.034749528031911,2.675288469327253
2014-01-10,0.0018957611295228154,0.01510264598732114,1.0367130265399676,2.7159990489261605
2014-01-13,0.0009772280462271722,0.003889460430064773,1.0377266267640113,2.726583390099903
2014-01-14,-0.0007515854924797117,-0.0011572387813512108,1.0369469795086594,2.7234299070786445
2014-01-15,-0.003534489001956918,0.003498455095391151,1.0332883712780474,2.7329743900518246
2014-01-16,0.0003219959606682467,-0.005119613540989221,1.0336211395319461,2.7190183725482036
2014-01-17,0.0020834671148240854,-0.0013952359331863562,1.0357769001336918,2.7152273457152547
2014-01-20,-0.00040912253358169797,0.0024680554367169094,1.0353532271370782,2.72193695376423
2014-01-21,-0.0022365361641120017,-0.005121795898601178,1.0330402097396456,2.7080313893680055
2014-01-22,0.0016973591827100921,0.00018580798431422352,1.0347951389770507,2.7085346099716787
2014-01-23,0.003021199264222159,-0.010402498423935924,1.0379261886704716,2.680505124061816
2014-01-24,0.000287721100582527,-0.017466899403201452,1.0382248649014658,2.6340915414300663
2014-01-27,0.0001917576779707223,-0.011219535972688988,1.0384239715802779,2.6047034254138044
2014-01-28,-0.0018337925824465995,0.012008824982538968,1.0365214623405707,2.6361714216399754
2014-01-29,0.0005072440146425716,-0.0017513641448871908,1.0370473650176082,2.6315585661063077
2014-01-30,0.0028459481104948932,0.0008601438670350348,1.0400029517349125,2.6338230588228333
2014-01-31,-0.0031913696224065958,-0.0017465098295286197,1.0366892084099193,2.629227075594562
2014-02-03,0.00031957988282488585,-0.007440989817236954,1.0370205663705179,2.6097356314505338
2014-02-04,0.0007986981754358116,-0.0011512061740539536,1.037849163660291,2.6067330163251023
2014-02-05,0.00019011984188597737,0.0013568768936984554,1.0380464981371929,2.6102724328562097
2014-02-06,0.00289222011991292,0.014577005766145845,1.0410531028900518,2.648601068835975
2014-02-07,0.0016209081049280856,0.004751183712565776,1.0427419226432406,2.661215000921016
2014-02-10,0.0017482304492033867,0.0028701475664885123,1.0445664702231856,2.6688640523821188
2014-02-11,0.001593938237706597,0.010478673478065303,1.0462327723004095,2.696977244583807
2014-02-12,0.0020132819474901974,5.5998795007283775e-05,1.04834125562727,2.697128276288423
2014-02-13,0.0011078739622862642,-0.0031019629451662922,1.04950332920464,2.688774847029208
2014-02-14,0.001798803116855692,0.005052855725601546,1.0513928780180113,2.7023952203215953
2014-02-17,0.000555508000459454,0.008289297556267172,1.0519770974276308,2.724889279591055
2014-02-18,0.0018852314211490338,0.00597786248985166,1.053962188295936,2.7412270769050338
2014-02-19,-9.324155219504445e-05,0.000318157901311622,1.0538639198069688,2.7420993587131575
2014-02-20,0.002187218570001437,0.001314337794038778,1.0561714731844944,2.74570577303948
2014-02-21,0.0017987897334371039,0.005610823553688249,1.0580730133099099,2.7611547438575155
2014-02-24,0.0024619888937312253,0.0047515187995355035,1.0606811866469004,2.7743056411570235
2014-02-25,0.0015444322462063857,-0.0006895286369985598,1.0623206025320104,2.7723933373395484
2014-02-26,-0.002130785838186814,-0.003406176249262316,1.0600594347242143,2.7629661414601943
2014-02-27,-5.966859730082959e-05,0.0031096402636769938,1.059996184351738,2.771571344830033
2014-02-28,-0.00044768631897153027,0.012211045290481337,1.0595217447698209,2.8056226056785807
2014-03-03,0.0011230262678315096,-0.021220839180692508,1.0607122838987688,2.7467122142468257
2014-03-04,0.001499582285658078,0.019599316603443384,1.062304102483059,2.801076911748913
2014-03-05,0.0012168792986094862,-0.005073059663384782,1.0635975852007546,2.786902864745457
2014-03-06,-0.001321009298500085,0.003448903479638332,1.062193490516096,2.79653121781925
2014-03-07,-0.00035596888797421815,-0.006758760933765373,1.0618154499697916,2.7776938621747234
2014-03-10,5.493480627062966e-06,-0.0065615798744627085,1.0618212830484175,2.7595274673350954
2014-03-11,0.0006768142304545174,0.001840164366674557,1.062540182056081,2.7646101264792238
2014-03-12,-0.00010039542633235901,-0.009436723290537685,1.0624335132361284,2.738643976091453
2014-03-13,-0.0025239158293019585,-0.008642777045125172,1.059755401560381,2.7150764778194287
2014-03-14,0.00043438930277614707,-0.003794354083947127,1.060215847969635,2.704794036246136
2014-03-17,0.0030471921000775537,0.010640924518687811,1.0634514565827935,2.733729220957335
2014-03-18,0.0018885631379419556,0.003479147175788455,1.0654617494877205,2.743256831625122
2014-03-19,0.001970806935208789,-0.0009421216629927898,1.0675636394221149,2.7406735670027498
2014-03-20,-0.00019409393146434684,-0.007457871374324299,1.0673564519058212,2.7203100048593876
2014-03-21,0.0003530233924677851,-0.0035395469739096797,1.0677333202191968,2.7106983602821995
2014-03-24,-0.0006752318922495476,-0.008744704880625065,1.0670125959843455,2.6870974450169633
2014-03-25,-0.0028436608782227936,0.008311445390463135,1.0639826840713178,2.7095241788736275
2014-03-26,-0.0010311115345752301,0.0061594208957505,1.062886164667237,2.726264782002851
2014-03-27,-0.0013216680279915958,-0.003124330884169524,1.061482309925321,2.7177603210390204
2014-03-28,-0.00021898899440806312,-0.0012660613756239059,1.061249882432149,2.71432164691392
2014-03-31,-0.0032189318168403193,0.005669333627658091,1.0578392836074215,2.7297537454265615
2014-04-01,0.0008047215943240971,0.008194298519455856,1.0586908923302725,2.752214060085228
2014-04-02,0.003516740271366022,0.0005118506750250162,1.0624205875670738,2.753623143299029
2014-04-03,-0.0005388990481624311,-0.004083642924488373,1.061848204365919,2.742401258313604
2014-04-04,-0.0015120855425073364,0.005161230901462588,1.060243812342442,2.756592013813665
2014-04-07,0.0016552868550397106,-0.010453777958437271,1.0620002733104708,2.7279253117096984
2014-04-08,0.0005147070450475616,-0.015385717163717061,1.0625470330314555,2.686275452507449
2014-04-09,0.0007674311241703436,0.009273437521780892,1.0633627776693748,2.71130232329188
2014-04-10,0.0015107256848034892,-0.0009408332668066066,1.06497044119339,2.7087526394715105
2014-04-11,0.0009590566057815402,-0.015608666296133222,1.0659922980609435,2.6668008806688186
2014-04-14,0.0031414772378584,-0.012404908011802718,1.069346354188126,2.6339238012288444
2014-04-15,0.00036269668222825287,-0.007151837393898575,1.0697342729071067,2.615153607188324
2014-04-16,-0.00019910613628858567,0.00992461036595671,1.0695213034516389,2.64123720847871
2014-04-17,0.00022338697785579396,0.010229500973483852,1.0697602472708445,2.6683944125804477
2014-04-22,0.002598143480198067,0.010897216721652114,1.0725432516394733,2.697631496892095
2014-04-23,0.00038764850395656917,-0.0057745959891590815,1.072959102023082,2.682098655973446
2014-04-24,0.001318917610614037,0.00013759218522579886,1.0743751803182322,2.6824677171778992
2014-04-25,-0.0002546013969857403,-0.006499371020145972,1.074101677714986,2.66508989785457
2014-04-28,-0.004202964732105328,-0.003909900753022555,1.0695967399237924,2.6546900053786606
2014-04-29,0.000808406363740042,0.004438418428744484,1.070461758331066,2.666498817259582
2014-04-30,-0.0019048261320132492,-0.005007257436663082,1.068424655579699,2.653180343567641
2014-05-01,-0.0008135267443895805,0.0020904473942486845,1.0675558170076453,2.65873247870465
2014-05-02,0.0010417013771075348,0.005072228754510633,1.0686684707982388,2.6722524372086083
2014-05-06,-0.00014465168860732116,0.0004894824346610704,1.0685138972793062,2.6735607780164017
2014-05-07,-0.0010700312868268703,-0.0035637339827925274,1.0673711654672362,2.6640498758452216
2014-05-08,0.0005202602468660311,0.005431639231108676,1.0679266207313975,2.678559403251126
2014-05-09,0.0009318117263769816,-0.005230161272480771,1.068922191049518,2.6645866772508997
2014-05-12,-0.0010685067195625134,0.006037700023359349,1.0677806504861822,2.68072331737044
2014-05-13,0.002922046489072255,0.0035914754329784415,1.0709053181758672,2.6903683789408377
2014-05-14,0.0013857078005554456,-0.004017109514382611,1.072390308672756,2.6795825529550816
2014-05-15,6.103837383390851e-05,-0.022671888772821447,1.0724557676310464,2.619514852420157
2014-05-16,-0.0013751786108988676,-0.014096885747207466,1.0709819630028272,2.5828469099560287
2014-05-19,0.001838673159113503,-0.0012021848413272807,1.0729529602466774,2.5797437162333776
2014-05-20,0.002483201397735747,0.003951984797909702,1.0756206293462836,2.5899589962026677
2014-05-21,-0.0016213963271291376,0.010495072132014727,1.0738780351081885,2.61728394050563
2014-05-22,0.0013275231057011025,0.0045974072216949935,1.0753045796884433,2.6293443626883866
2014-05-23,0.0011470173461288998,0.001969363788816736,1.076538680325833,2.6345276004297333
2014-05-27,0.0016175929476251014,0.008741787904178011,1.0782814909020015,2.6576590397020894
2014-05-28,0.0028717030596677657,0.005758481187204012,1.0813824455380183,2.6730072681141173
2014-05-29,0.0012277661771921801,0.0012166381105558344,1.0827109457061628,2.6762613297325966
2014-05-30,-0.0002126121563433771,0.003472540767834431,1.0824807726669599,2.6855709109005463
2014-06-02,0.0009315764153184062,0.004617629524751976,1.0834896560778455,2.698000558096549
2014-06-03,0.0012528583407095586,-0.007018929765489901,1.0848479658377181,2.6791297854588096
2014-06-04,-0.002203205058455386,0.0009136634006807753,1.0824604543661758,2.681578726873167
2014-06-05,0.0016260410577606317,0.000562816599185112,1.084222011302198,2.6830883886841854
2014-06-06,-0.0012754469787111657,0.014732638401168785,1.0828400251260244,2.722909977978364
2014-06-09,-0.0008175816660768887,-0.0008936468256059982,1.0819550767822523,2.720477745060612
2014-06-10,0.0006251371250034657,-0.0004810991026840128,1.0826316585244837,2.7191692404440286
2014-06-11,-0.00205027780780675,-0.00761656052644355,1.080414236803025,2.698537195693432
2014-06-12,-0.0008862667859612729,0.002384111634812669,1.0794571257403878,2.7049784849439646
2014-06-13,0.0004908663241391935,-0.01948667815710614,1.0799871249605084,2.6527777015611864
2014-06-16,0.0016757843000586733,-0.006858812756687982,1.081798467714765,2.6346450513323503
2014-06-17,-0.00014498158896897426,-0.007746390514101975,1.0816416382229408,2.6143149061822024
2014-06-18,0.00021552637336190808,0.0024800119774059937,1.081874785646311,2.6208064847313404
2014-06-19,0.0016887829376758682,0.0038137265790236796,1.0837033809406844,2.630820607506194
2014-06-20,0.001593672465452354,0.006830779393567354,1.0854318261015135,2.648852679137812
2014-06-23,0.002204693250694562,-0.0073793001529995905,1.087827510226533,2.6293779434903874
2014-06-24,0.0011411282490611328,-0.008205641966343435,1.0890695694682206,2.607890489237064
2014-06-25,0.003166234241031182,-0.006012701154196165,1.0925232835785723,2.5922570697211973
2014-06-26,0.0013620878202311565,0.01239854124131412,1.0940124101668187,2.624597347755497
2014-06-27,-0.0013048632178743543,0.002215262859422751,1.0925858045778933,2.6304179654997366
2014-06-30,-0.0034041509338224004,0.0026810699610440025,1.0888728009888742,2.6374797624477666
2014-07-01,0.000613244164383275,0.007432484040101883,1.0895407506670245,2.657155819098419
2014-07-02,0.0016436831666036228,0.0035414504686439585,1.091333083067995,2.6665826873601914
2014-07-03,0.00023125903131959204,0.008262903561824686,1.0915854928845323,2.6887076854252006
2014-07-04,-0.0015395677046804912,0.0013217410826840137,1.0899062161246176,2.692263810452915
2014-07-07,0.0008431447437627316,-0.009886619819406306,1.0908255523342214,2.665777567156072
2014-07-08,-0.00015666153734129147,-0.015204054269693401,1.0906546753114996,2.6255534996642305
2014-07-09,0.00020775898533620808,-0.0065957589368323966,1.0908812921602227,2.608292967434731
2014-07-10,-0.0014305559430501532,-0.007079796509065872,1.089321841151465,2.5898919984074524
2014-07-11,-0.0014190953834222475,0.0007445462146566939,1.087777085892394,2.5918210107215325
2014-07-14,0.002759936185389428,0.008140777516342013,1.0907834279812068,2.613006565374408
2014-07-15,-0.0013182560243597341,-0.008846489430441196,1.0893464435208087,2.5899925770046672
2014-07-16,-0.0009194739118028824,0.010289819714014214,1.0883452782282947,2.616780719901956
2014-07-17,0.0007108551127565808,-0.00296590693324994,1.0891192090775286,2.6090310898436324
2014-07-18,0.0005289794979797209,0.00017998924570505892,1.0896954832151506,2.6095007296453034
2014-07-21,0.0008968651401284355,-0.004555007353573615,1.0906732314960372,2.597641464656981
2014-07-22,-0.00022066233378121095,0.010572834734970726,1.0904325875468868,2.6252516000637844
2014-07-23,-0.0004199010070588144,0.0047997366694705335,1.089974809922615,2.6378824044542215
2014-07-24,-0.001392421302126313,0.0014424410150084555,1.0884581619300284,2.641690139783773
2014-07-25,-0.001488819916933867,-0.0036195641129843636,1.08683884947123,2.6321456568105916
2014-07-28,-0.000920387614793841,-0.004810222870567316,1.0858389966515583,2.619514852420157
2014-07-29,-0.00040737749295722625,0.00450429627332305,1.0853967403720906,2.6313405366064737
2014-07-30,-0.002262791743663649,-0.0036530079240577606,1.0829434902332231,2.621745764334683
2014-07-31,-0.0027041572973932997,-0.008623248500345682,1.0800189966189233,2.5992349965686157
2014-08-01,0.0029569287657091655,-0.0060132560419603465,1.0832172620487466,2.583652030160146
2014-08-04,0.0008038630784380401,-0.0026068726065826553,1.0840883704906823,2.576925549805776
2014-08-05,-0.0006565158911903077,-0.0006966884815167163,1.0833768828250352,2.575130860699706
2014-08-06,0.0013844628913922625,-0.005827314158850072,1.084877816670563,2.560168401988737
2014-08-07,-0.003316043132177677,-0.0014818698754215376,1.0812862731849882,2.5563773751557926
2014-08-08,0.003288964270921641,0.0002165618293759053,1.0848484398124334,2.5569310488668635
2014-08-11,-0.0008415154406513645,0.014154684789472682,1.0839359071085957,2.5933809618311607
2014-08-12,-8.209403327115271e-05,0.0003297889784619201,1.083846926090629,2.594236371333886
2014-08-13,-0.0007196452398075279,0.003981523568642231,1.0830672213986228,2.6045859745111897
2014-08-14,-0.000656473318007663,0.009492692927757673,1.0823564499929235,2.629428232788999
2014-08-15,0.0011553419945087822,-0.0004976999938950399,1.0836076645037838,2.6281198919812057
2014-08-18,0.0032488318380401475,0.008174452313884473,1.0871338484719941,2.6496913801439343
2014-08-19,0.00028690069556614476,0.006241365057855219,1.0874457926756589,2.666280787759748
2014-08-20,0.0007700804148427329,-0.009252909390818687,1.0882835359062288,2.641723720585777
2014-08-21,-0.0011396021387556957,0.0056794276128595556,1.0870440320658956,2.6567698855885684
2014-08-22,-0.001683499708993734,0.0026797243655654057,1.0852155333246554,2.663898844140606
2014-08-26,0.0002205042377645567,0.007334016082099382,1.08545485433332,2.683507739187246
2014-08-27,0.002021160806028678,0.0016613026935488051,1.0876509517269963,2.6879695630162974
2014-08-28,0.00023658709807616103,-0.007120583623521526,1.0879083063515769,2.6688976331841197
2014-08-29,-0.0020238210935283546,-0.0015850877216063708,1.0857088010267308,2.664670547351508
2014-09-01,0.003273564150606802,0.004484500996042584,1.089268762137194,2.676647099433656
2014-09-02,0.000943642032837466,0.0005200583561482119,1.090297127054074,2.6780394741508475
2014-09-03,-0.0009161445297101322,0.0016584633511715907,1.089298714720196,2.682484589483295
2014-09-04,0.00011854402757964402,0.0002438070919765778,1.0894278522311656,2.6831386779827966
2014-09-05,-0.0028233655242824287,-0.004461116696679923,1.086356337237108,2.671195542893865
2014-09-08,-0.00032318911704865726,-0.009863475715491177,1.0860052954211787,2.6449777822042564
2014-09-09,0.0007567809611602859,0.001178923789215247,1.0868274746180144,2.6480978482323034
2014-09-10,0.0016110250589806054,-0.007260149194980414,1.0885797920490619,2.628941884490723
2014-09-11,0.0012289100600412345,-0.0032785636703849264,1.089918381040944,2.6203368449296702
2014-09-12,0.0003312267569360876,0.005776617809399198,1.0902794509663303,2.6355173331404775
2014-09-15,0.001906515456488098,-0.003998601942077684,1.0923600683258474,2.624999989761952
2014-09-16,0.0016136274801256637,-0.003591326284251295,1.0941241534556352,2.6155896661879905
2014-09-17,0.0013560651161030654,-0.00105226313152329,1.0956088635070553,2.612838825173182
2014-09-18,0.0019316806854029868,0.009335655232586504,1.0977272753763756,2.6373456030485465
2014-09-19,-0.0017597934892705032,0.008631567667229945,1.0957972008285848,2.6602085597136704
2014-09-22,-0.0032339069358344745,-0.007246018903689588,1.0922592184967546,2.641002306673477
2014-09-23,0.0010271640719252968,-0.013485554621164297,1.0933817243233583,2.605625996520539
2014-09-24,-0.0007009351575837248,0.00025099780874704436,1.0926156031641152,2.606280085020036
2014-09-25,-0.002397502019790422,-0.007214927465765797,1.0899991927265928,2.587543635590311
2014-09-26,5.0986650633506317e-05,-0.002739420239185719,1.0900547695514493,2.5804649663368857
2014-09-29,0.0008429927878347549,0.000415900161524263,1.0909740652859226,2.581538405339447
2014-09-30,0.00047813668152058876,-0.0006759494390262688,1.0914958247313482,2.579794005531988
2014-10-01,-0.002035935780447408,-0.011036168936009005,1.0892758699370828,2.5514794923270743
2014-10-02,-0.0024042792497857507,-0.013615481088670833,1.0866600923556358,2.5169753001734625
2014-10-03,-0.0009690215343152324,0.014876886515279963,1.0856076053493064,2.554699973143546
2014-10-06,0.0019517039140850069,0.00307472215811444,1.0877284589277219,2.562567054104487
2014-10-07,0.0009060781259930796,-0.011706654163367247,1.0887144725265954,2.5327428790885524
2014-10-08,-0.0008866772941853322,-0.01103476381538293,1.0877495619693136,2.504948294983922
2014-10-09,-0.00032966223870117784,-0.00821662163613901,1.0873910311138577,2.484450409632545
2014-10-10,0.0028687894723124904,-0.011523624268839683,1.0905150059267181,2.455984864723016
2014-10-13,0.002552105956459995,-0.006688228064733792,1.0933016701876634,2.4396134866070343
2014-10-14,0.00179739107175048,0.008612408047749653,1.0952685279251437,2.460715171159301
2014-10-15,0.0009344456859073512,-0.01671027554111504,1.096292475213028,2.4199375937651766
2014-10-16,0.0007721653214961273,0.003694596092634228,1.0971393211550624,2.4288948222252795
2014-10-17,-0.001235755791431008,0.018982911821428416,1.0957843622565204,2.4754427280650417
2014-10-20,-0.001104835779666316,-0.00010839812139096239,1.0945743690312875,2.475174409266598
2014-10-21,-0.00301544080475062,0.01806570068684188,1.0912787162352844,2.5202965233959493
2014-10-22,-0.00011809543652805884,0.009610879125588667,1.0911498488083942,2.544635561070088
2014-10-23,0.0009230574761061724,-0.0022503472373376354,1.092157507825937,2.5389156857318524
2014-10-24,-0.0007279135619946408,-0.003070273389074174,1.0913628008382434,2.5311324748715265
2014-10-27,0.004201990086685576,-0.003265799036018535,1.095958344961917,2.5228797880183196
2014-10-28,0.001092901918241136,0.0055032991420453925,1.0971567747032327,2.53680222471994
2014-10-29,5.404863296008453e-05,0.007293071525234396,1.0972160761296144,2.5553709339484474
2014-10-30,-0.00010317470136272412,0.004205387795330751,1.0971028770283715,2.566139887628807
2014-10-31,-5.342507628441169e-05,0.013188669279303511,1.0970442657891435,2.600208020782748
2014-11-03,-9.095756619490717e-05,-0.003114253348853069,1.096944485850658,2.592122910321977
2014-11-04,-0.0003401789430403353,-0.0038318205240290837,1.0965713918978386,2.5822093661443417
2014-11-05,0.004589176744576193,0.008551053890785809,1.101615316707209,2.60438465350796
2014-11-06,-0.0008409056782588175,-0.0007216295663177164,1.1006893515113925,2.6025059304924905
2014-11-07,0.0027361771646208033,-0.0032666435337151967,1.1037051565873035,2.5940183418340546
2014-11-10,-0.001192068588443667,0.008480232817969835,1.10239024822542,2.616109759097061
2014-11-11,0.00034100903262117955,0.0022096342323809637,1.1027662373617406,2.621896796039301
2014-11-12,-0.0017484174609924755,-0.0016904368120229663,1.1008398261931538,2.6174683892034607
2014-11-13,-0.00013845431609409728,0.0017672183523025353,1.1006874207187305,2.6220981170425244
2014-11-14,0.004976491977361754,0.0007801009955663574,1.1061786349967153,2.6241444164504304
2014-11-17,0.00013952601166821702,0.0002876070229405059,1.1063329864576206,2.6248992473559434
2014-11-18,-0.0008481347949814801,0.0032410887916540787,1.1053950647552087,2.6334205806251725
2014-11-19,0.0005663966377920251,-0.006229793197098488,1.1060213341450136,2.617065911005796
2014-11-20,0.0007015152179940748,0.00016660744901564328,1.1067974971555936,2.6175019700054647
2014-11-21,-0.0036030416537681876,0.005566178235701713,1.102816835222814,2.63211207600859
2014-11-24,-0.0006944849692860805,0.001178280322442049,1.1020512113947687,2.635215269731238
2014-11-25,0.0016537242200857245,0.007704125266773332,1.1038752079527805,2.6555957041799982
2014-11-26,0.00024371737042990502,-0.002732400102919641,1.1041442743024852,2.6483494585341365
2014-11-27,-0.0006219360035802847,0.006395594944629934,1.1034577807248138,2.665341508156406
2014-11-28,-0.007836798128623128,-0.002388066640625297,1.094844001164436,2.65898408900649
2014-12-01,0.0030466551577201942,-0.008361994373725423,1.0981846996816067,2.636842382444875
2014-12-02,-0.000471949563323222,0.007175317670096604,1.0976665341757537,2.6558306059852264
2014-12-03,-0.002166872521231703,-0.0013525463524022285,1.0952906058219523,2.652240900155511
2014-12-04,0.003188096650775421,0.0018261283777665227,1.0987880702990516,2.6570886574944113
2014-12-05,-0.002126747601537353,0.010200028680960926,1.096453708584904,2.6843297316967605
2014-12-08,-0.005345473854213686,-0.003154423465256073,1.0906082811620101,2.6758755600315407
2014-12-09,0.00029515997151892566,-0.015044443361732718,1.0909302325824648,2.6359198113381392
2014-12-10,-0.0018003518612496857,0.0014752859718321076,1.088967941245198,2.6398114167683007
2014-12-11,-0.0017925881495391418,-0.0047132344186398,1.0870176188032017,2.627398641877698
2014-12-12,-0.0011719789637234586,-0.018453800623356997,1.0857444032574195,2.579357782723527
2014-12-15,-7.448214132152323e-05,-0.009356131021737824,1.0856635377008943,2.5553375169552326
2014-12-16,0.0014123394775620633,0.012583010695038865,1.087197946472523,2.5876945034861376
2014-12-17,0.00566463937331019,0.0011143344002206845,1.093374006829179,2.590579667708954
2014-12-18,0.00388944182488911,0.018520782888328924,1.0976349023026386,2.6390062965641854
2014-12-19,0.0010107577116665063,0.009879415518597057,1.0987449061226946,2.6652073487571872
2014-12-22,-0.0017561054639911484,0.006436554267587269,1.0968170874114407,2.6824174278792907
2014-12-23,-0.005229869379104983,0.0064016396972323975,1.0910958510114146,2.6996443793067897
2014-12-24,0.00222931681117872,0.0006646269934034166,1.093530962643819,2.701439232221645
2014-12-29,-0.0006534924427834634,-0.0033711232665272206,1.092816581870423,2.692347680553527
2014-12-30,-0.0005915448010933951,-0.003770198319104523,1.0921703230672317,2.6822161068760635
2014-12-31,0.0025472762440968437,0.005929776374063778,1.0949559289332853,2.6981682982977726
2015-01-02,-0.0029208042224120796,-0.002078600150900556,1.0917624430765172,2.6925657100533624
2015-01-05,0.0021436648932660935,-0.00815048150276887,1.0941053261784666,2.6707091945955876
2015-01-06,-0.0010043896915939866,-0.009022029262572673,1.0930069697486078,2.6467223458205047
2015-01-07,0.0032536500968313644,0.004615820774237278,1.096569023677728,2.658967380509883
2015-01-08,-0.002102785226708709,0.014641482655971316,1.0942655971890236,2.6981850067943776
2015-01-09,-0.00011010529381778194,-0.004642259049619568,1.094145119386674,2.6856883618031646
2015-01-12,0.0008144854024698474,-0.004212206891802239,1.0950366476336841,2.6743994790225236
2015-01-13,0.0063444643405596475,0.008823381562873323,1.102006154110695,2.698101136693764
2015-01-14,0.002036801860423873,-0.013324334375889535,1.104253009718659,2.662389182329583
2015-01-15,-0.0035740832088798054,0.002718072110674541,1.1003133620862717,2.669635591784234
2015-01-16,0.0019192742639627526,0.0004523048376103844,1.1024271930662393,2.6708433539948095
2015-01-19,0.0029488562733519562,0.00904673575084125,1.1056828903428677,2.6951153938737313
2015-01-20,-0.0007722041717173966,0.0036901193289544665,1.1048294069764673,2.705079063541185
2015-01-21,0.001717256805593267,0.007825894721525728,1.106728312782425,2.726331779798067
2015-01-22,0.0065536825855257615,0.007697991887342326,1.1140052782678924,2.747400047357123
2015-01-23,-0.0016045453077632328,0.004872443121522352,1.1122192395989965,2.7608192634550677
2015-01-26,-0.008099245570287116,0.0007045138822565633,1.103247484118784,2.762764984265756
2015-01-27,0.001471221973439634,-0.007104477060993375,1.1048718006316491,2.7432065423265133
2015-01-28,0.0007083631312650889,0.004380708965484814,1.1056547283458165,2.755250092203871
2015-01-29,-0.003423030580924895,-0.004068929248283837,1.1018765085688234,2.7440619518292406
2015-01-30,0.002448692241864921,-0.003257343848407146,1.1045779712022932,2.735138140362345
2015-02-02,0.0030323160341185337,0.003049461699283995,1.1079324840965437,2.743491569621561
2015-02-03,-0.0015456837257354643,0.01304166096832482,1.1062212937069196,2.779505587394977
2015-02-04,0.001508616607721563,7.837982193947823e-05,1.1078914169935283,2.7797234530860226
2015-02-05,0.0014372993608061492,0.0074189101424426696,1.109484933524834,2.800422659440625
2015-02-06,-0.00023941636717254942,-0.0005632248062354961,1.1092193364680267,2.798845836025599
2015-02-09,0.0005149355196762426,-0.006397198073349486,1.1097906599882483,2.7809982130918116
2015-02-10,0.0031789753408342416,0.0047837050681671656,1.1133242707847777,2.7943335590891483
2015-02-11,0.0015663489728378992,-0.0015679541286068854,1.1150694915683304,2.7899556053607073
2015-02-12,-0.0008137380618307011,0.010573675526547532,1.1141624861639141,2.8196122039842075
2015-02-13,0.0016775499802287744,0.002281853864854355,1.1160331180210774,2.826053493234739
2015-02-16,-0.003706485763075868,0.0007949472369741528,1.1119042137473836,2.82830094983708
2015-02-17,0.0005612279823978084,0.001570421949937284,1.112528420650691,2.8327460651695224
2015-02-18,-0.003172122453853012,0.006751342829840468,1.1090049356844314,2.851935609713106
2015-02-19,-0.0025811071730181337,0.002801676413351828,1.1061461660725203,2.859937013882059
2015-02-20,0.0036811489870495627,0.0042606862510048416,1.1102255587307577,2.87214830396064
2015-02-23,0.002197422906010261,0.002647980360238833,1.1126678762237907,2.879763774619745
2015-02-24,0.00016057281496001234,0.001972679654768328,1.1128465547818671,2.885450232964764
2015-02-25,0.00246835661886021,-0.0007909002925536868,1.1155968498993045,2.8831690317516285
2015-02-26,-0.0005555207731097654,0.003571629247078434,1.1149772847813495,2.8934850541269284
2015-02-27,0.0015232512567846398,0.001390353426637958,1.1166769695264938,2.897510818956311
2015-03-02,0.0007275709486654187,-0.0013845789200992442,1.1174897268820316,2.8935017626235346
2015-03-03,0.0022687707907965114,-0.0060414587476103065,1.1200279331487697,2.876073490192809
2015-03-04,-0.0008073275939876438,-0.0006009492991747578,1.119124068598791,2.8743456350731638
2015-03-05,0.0017401345912816564,0.01013778423516598,1.1210731904778584,2.903633336301002
2015-03-06,5.590453397164079e-05,-0.0022035178438120084,1.1211358653040073,2.8972421725402895
2015-03-09,0.0006302780823105193,-0.006103488701588944,1.1218427153998625,2.879612742915125
2015-03-10,0.0036064413872638344,-0.01435064124652996,1.1258958797554262,2.838583555219162
2015-03-11,0.003168583560392318,0.0015588606120040538,1.1294690328583086,2.843011962055001
2015-03-12,-0.0012255036850053525,0.0065980373884553245,1.1280857122018517,2.861832281585342
2015-03-13,-0.0032016313924130664,0.002832869399229665,1.1244797730964589,2.869950972848118
2015-03-16,0.0004186906985474252,0.0053336568639394955,1.1249506808936371,2.885299201260146
2015-03-17,-0.001264065481958519,0.00011047530107788361,1.1235295679481525,2.885617973165992
2015-03-18,0.0006123284566424428,0.009303778204387214,1.1242177477490214,2.9125904009523196
2015-03-19,-0.0012280535773952995,0.004281382174248449,1.1228379955003716,2.9250870459435334
2015-03-20,-0.0019012159820811392,0.005683967861783046,1.120705265990171,2.941760487468751
2015-03-23,-0.001724090645527179,0.0007751539243372463,1.1187747332096454,2.9440416886818848
2015-03-24,4.245903326239225e-05,0.001594061392664159,1.1188222363117166,2.948738414316165
2015-03-25,0.0015101020557415424,-0.004383995020843301,1.1205130483988728,2.935839454936077
2015-03-26,0.0010650039439451225,-0.013905920625299828,1.121707034901972,2.8952964517296054
2015-03-27,0.000117666672472853,-0.005693849902783654,1.12183903020183,2.8788579120096185
2015-03-30,0.0002430830831282911,0.0026476055252349084,1.1221117634391402,2.886490091165326
2015-03-31,0.0007550434383380373,-0.006851598593533126,1.1229593264964035,2.8667806175214623
2015-04-01,0.0009403741750736687,0.0019173900332631888,1.1240158251208547,2.872282627168655
2015-04-02,0.004184878206449927,0.008455478390704485,1.1287295507555792,2.8966721179501933
2015-04-07,0.0012085028156133028,0.014527247952228706,1.130094448170801,2.9390599357525513
2015-04-08,0.0017812873319075415,0.002280307689346728,1.1321092650463265,2.9457695438015254
2015-04-09,0.0020230569601395946,0.008730956616417984,1.1344019048631508,2.97160153479008
2015-04-10,0.0008801706157682576,0.008968698529505659,1.1354008116259855,2.998372805381972
2015-04-13,-0.0003975242785443022,-0.002537402537679867,1.134949551936769,2.9907743708370544
2015-04-14,0.0023579186052372705,0.0016251691079602892,1.1376288281175153,2.9956388366725606
2015-04-15,-0.0005043176651596528,0.0008227412877293006,1.1370552464489414,2.9981044865835242
2015-04-16,-0.00021222111671387474,-0.008044084495274717,1.1368139649181983,2.974084220815233
2015-04-17,-0.0007150303740868866,-0.008945572908450217,1.136001398942892,2.947597977518392
2015-04-20,0.0021390053308905804,0.001768234338440422,1.1384339126435514,2.952814632252952
2015-04-21,4.1518336860759425e-05,0.006178482768049776,1.138481179507444,2.971115022683012
2015-04-22,-0.0012657004358897273,-0.004356664469110427,1.137041114919726,2.958199027188734
2015-04-23,-0.0008939098693280793,0.0027802505998852922,1.1360251568004143,2.9664350055453386
2015-04-24,0.0026922501842311444,0.0025244857900208473,1.1390877415103715,2.9739331891106113
2015-04-27,0.001483049113897402,0.003114192584062536,1.1407783178700965,2.9832090256677737
2015-04-28,0.0014456267481203493,-0.007070251548968898,1.1424286501148933,2.962191375024909
2015-04-29,0.00016024690993334575,-0.010142268567848944,1.1426117354449308,2.93229987459618
2015-04-30,-0.004765891893197918,-0.00037759740441778433,1.137179127332276,2.9311928547916133
2015-05-01,0.001678434911409247,-0.00036052120017515676,1.1390894111752008,2.9301362880944497
2015-05-05,-0.001478028934650781,-0.0009278915966710599,1.137407047663574,2.927418700264065
2015-05-06,-0.0018801874162976317,-0.002294618459464104,1.1352705184124594,2.9207090922150942
2015-05-07,0.004262153342551191,0.0020596844942470938,1.1401195417471266,2.926731030962562
2015-05-08,-0.001944654379246345,0.027579283814754163,1.1379045576746722,3.0085715406634423
2015-05-11,0.00017186189567076438,-0.003647430139523067,1.1381001369148747,2.9976179744764577
2015-05-12,0.00031113313024886557,-0.010202642880830837,1.1384542926649461,2.967189836450844
2015-05-13,-0.00155341711676751,0.009693318790102268,1.136687171173803,2.996091604168837
2015-05-14,-0.0022233069095370776,0.00378873123114154,1.1341627740268208,3.0074645208588793
2015-05-15,0.0010946545418101489,0.005068181453948384,1.1354049702223743,3.022745587666901
2015-05-18,-0.0001459801442485391,9.98167804766581e-05,1.135239235738307,3.023047323458559
2015-05-19,-0.00398073344108345,0.008503234843638907,1.130729133661731,3.048862605950501
2015-05-20,-0.001294863172863151,-0.0022361794429297532,1.1292659416692228,3.042052419304308
2015-05-21,0.0008043836136205322,0.0010526072589538416,1.1301746701222617,3.045256191624176
2015-05-22,0.0025406852952987633,0.002096421167861351,1.133049739063885,3.0516470277673093
2015-05-26,-0.0014720807730097473,-0.005174690879670152,1.1313830253977,3.0358964849664067
2015-05-27,-0.0014318664989652586,0.007634232951653885,1.1297641951970838,3.059161919829194
2015-05-28,-0.001409976082473437,-2.7416414209113782e-05,1.1281723771794028,3.0590780497285817
2015-05-29,0.00026488931599377534,-0.004539520344597037,1.1284712575720808,3.0452227746309672
2015-06-01,0.0016282909256450312,0.003617848751641617,1.1303102338685334,3.056259883300981
2015-06-02,0.0028357004774598737,5.5741551285848345e-06,1.1335200039608178,3.056276919415165
2015-06-03,0.001967485436421744,0.002368132596581418,1.13575238342742,3.0635231650610266
2015-06-04,-0.0014680315773325844,-0.009523100173858268,1.13408628630533,3.0344874017526076
2015-06-05,0.002021572780721663,-0.008833599678853332,1.1363812432023352,3.0078000012613244
2015-06-08,-0.0010187805136268485,-0.0029545306090543733,1.1352241096683413,2.9989264790930448
2015-06-09,0.000956383152908615,-0.002161342012463763,1.1363103382241544,2.992451772849297
2015-06-10,-0.0010780199829629063,0.010610601727167435,1.1350860330040142,3.0243725365717453
2015-06-11,0.0012292674193134735,0.0032890975989570137,1.1364822152473613,3.034336370047987
2015-06-12,0.002986654304314119,-0.007791706806768772,1.1398815685670367,3.0107855802725707
2015-06-15,0.0029788439693894777,-0.012355201360636059,1.1432821603048773,2.973815574399208
2015-06-16,-0.0010434863859182767,0.0004229534239339472,1.1420897831581904,2.97507362590839
2015-06-17,-0.0007646680245816946,-0.0016928880937658874,1.1412167974344798,2.9700414198716594
2015-06-18,-0.0006051366882622655,-0.001542956433201681,1.1405264141902736,2.9654623089487844
2015-06-19,-0.002108048250166594,0.0014752253889600553,1.1381246618728784,2.969840262677221
2015-06-22,-0.00023553432400858247,0.011305564298259796,1.137856626017068,3.0036064962307183
2015-06-23,0.0016030245074207482,0.005085744106743562,1.1396821008240228,3.018920980031955
2015-06-24,0.0014942996910640143,-0.0040531215616841365,1.1413864004852918,3.006709689953366
2015-06-25,-0.0014289648896831882,0.0011207013619891626,1.1397565641602145,3.010081202474463
2015-06-26,-0.001561145114828221,-0.006855447757196487,1.1379786269380818,2.9895163193278713
2015-06-29,0.0011142004677478215,-0.016268795760566945,1.139247269886541,2.941273975361684
2015-06-30,0.0034890398549173502,-0.00018246738056326706,1.1432290913433023,2.9407373377647983
2015-07-01,-0.002117744948076419,0.010530989980052752,1.1408105855037627,2.971869853588521
2015-07-02,0.0019988694302777517,-0.0017568866973576291,1.1430931974704934,2.96665319885396
2015-07-03,-0.0013012986659100792,-0.004107712683909526,1.1416066592424934,2.9544920342651966
2015-07-06,0.0017800485793838506,-0.009709987917226215,1.143640584260109,2.9259427830638396
2015-07-07,0.00024031753737448333,-0.01329654014871906,1.1439154541756675,2.8872953751782333
2015-07-08,0.0022249553518624587,-0.005826537509880936,1.146463448523206,2.8705213550557986
2015-07-09,0.0053449215651912435,0.010642673003044223,1.1526076111392627,2.9012345203764593
2015-07-10,0.0019975119188867445,0.010942500974916669,1.154912259595387,2.9331556117164896
2015-07-13,-0.0012533052859272763,0.012649598250831673,1.15346570862999,2.9704945149855155
2015-07-14,0.00020678938953059309,-0.0037622422354886,1.1537042577635868,2.959339791604092
2015-07-15,0.0018063118062483041,-0.000300502064364494,1.1557900906504575,2.9584506374905732
2015-07-16,0.002558522855137942,0.007248151568230554,1.1587509921650456,2.9799718363546916
2015-07-17,0.0004939577013306081,-0.0005348903343946887,1.159323507529096,2.9783783044430594
2015-07-20,-0.0019760307010556538,0.001435112054991805,1.1570349105993505,2.9826556795742776
2015-07-21,-0.0036175621508034318,-0.001435112054991805,1.152856826695168,2.9783783044430594
2015-07-22,0.004961943641149209,-0.00622579369549392,1.1585914529757877,2.959893137697585
2015-07-23,-0.004612044117253474,-0.0015085646482297932,1.1532602813301247,2.955431313868537
2015-07-24,-0.0028546814085672547,-0.00683408999988977,1.1499727852552752,2.935302489721614
2015-07-27,0.003875731890248602,-0.013317538144303143,1.1544384196628819,2.896470633138171
2015-07-28,0.0020387776314459757,0.006942693913968512,1.1567944637987164,2.9166499103924943
2015-07-29,0.0022726836436795916,0.00715750226497569,1.1594264813944768,2.9376007270489355
2015-07-30,0.002008488442448559,0.00046807475733956494,1.1617575162268652,2.93897606565194
2015-07-31,-0.0016641586900100393,0.008886848164232575,1.159825775168204,2.965210698646947
2015-08-03,0.001585650962150846,-0.00041308615057999987,1.161666312864074,2.9639860641309776
2015-08-04,-0.0019497100155646786,0.0036323547542647106,1.1594036069461158,2.9747718901167333
2015-08-05,-0.000559742522118626,0.0022923013036884043,1.1587548210404792,2.981598785259532
2015-08-06,-0.0022402880288559983,-0.0016496673478023638,1.1561617821480323,2.9766841939342092
2015-08-07,0.00019008905433824886,-0.005084526683580393,1.1563815767374739,2.9615875758240167
2015-08-10,0.0012913546532770164,0.00593504840409409,1.1578758400718603,2.97921700544918
2015-08-11,0.0013285731995811916,-0.005300941318724384,1.159415185221352,2.963466135030695
2015-08-12,0.0004389092711425619,-0.013041047439433129,1.1599241749872415,2.9250703374469267
2015-08-13,0.0031044603791439513,0.008985742342645153,1.1635307089055789,2.951472710643153
2015-08-14,-0.0006291566708674776,0.0014425321581938988,1.1627988960349265,2.9557333772777707
2015-08-17,-0.0006206491500470655,-0.0006812414602404004,1.1620774298002887,2.9537204948630773
2015-08-18,-0.0004072389336864168,0.00045421253513744375,1.1616042829753592,2.955062416472874
2015-08-19,0.0001695368243191085,-0.012468970005057756,1.1618012343713957,2.9184445994985633
2015-08-20,0.0031327061679805902,-0.009192236257243636,1.1654465230923166,2.8917404905106783
2015-08-21,0.0008299512160248354,-0.021269460571730292,1.1664141883533035,2.83088421445945
2015-08-24,-0.00038399964241303227,-0.04003446705548441,1.1659663717082889,2.7197899119503153
2015-08-25,-0.0005504079719097295,0.030807716620268266,1.1653247911040587,2.804884483269674
2015-08-26,-0.003932671277213845,-0.007220220888845219,1.1607509513684147,2.784705533632931
2015-08-27,-0.0012266363662900592,0.019133497893555784,1.1593280049365988,2.83849968511855
2015-08-28,-0.0005860687373320734,0.010838134826000712,1.1586487580987024,2.8694310437478396
2015-09-01,0.000606000481504533,-0.01567190063139634,1.1593511125960925,2.8248121502221624
2015-09-02,-0.0022145388549433195,0.0026862789287651623,1.1567865252479914,2.8324105847670773
2015-09-03,0.00321448442508718,0.011862535855421186,1.160510980411071,2.866210235313786
2015-09-04,0.00012577928600137527,-0.016474635938399373,1.1606569578338592,2.8193773021789768
2015-09-07,0.00014845292552814878,0.002050490309978059,1.1608292735448535,2.8251643391212156
2015-09-08,-0.0020127027053097536,0.009325583061723819,1.1584952189924755,2.851633873921449
2015-09-09,-0.00020212103852206812,0.008959583557471618,1.1582610863980485,2.877298124708779
2015-09-10,-0.0007814127391461683,-0.007795644854052597,1.1573563599582986,2.8549549333351463
2015-09-11,-0.001485972040987007,-0.0030421618266149864,1.1556378379200165,2.846282895978876
2015-09-14,-0.0019415572260518964,-0.0025196830692593153,1.153396277687994,2.839120192816049
2015-09-15,0.0009979103842193977,0.002130672145051804,1.1545478382921985,2.8451758761743142
2015-09-16,0.0027459407196760853,0.005889965619504167,1.1577225149563357,2.8619833132899597
2015-09-17,0.0016132434330069865,-0.0010848691157985257,1.1595917105291846,2.858880119567312
2015-09-18,0.0018761136962932288,-0.0054598145514201946,1.1617692784632119,2.8433136978466598
2015-09-21,-0.003643523899667057,-0.0033919449552151093,1.1575440463725402,2.8336856723904433
2015-09-22,7.811416309485078e-05,-0.02174022803113651,1.1576344704886241,2.772745526238602
2015-09-23,-0.0012450714160081597,0.007827745933809638,1.1561940298110711,2.794535043901166
2015-09-24,-0.001200799173886497,-0.00876587488941638,1.1548065062105428,2.770145553119625
2015-09-25,-0.0009405065926960925,0.017134174384846546,1.1537209136616602,2.818018672072575
2015-09-28,0.0004513829593670231,-0.011115252900571804,1.1542418011729814,2.786869120134661
2015-09-29,-0.001143533749913204,-0.010388258168230635,1.1529226411135562,2.758068258631474
2015-09-30,0.0026751829811628093,0.01452079068016765,1.1560110493283322,2.798409777025932
2015-10-01,0.0008082342928579244,0.004825550935150247,1.1569457547809399,2.811946280217702
2015-10-02,-0.002325320854225075,0.0019309055371721229,1.154258610137688,2.8173811282608896
2015-10-05,0.003409439049332909,0.018533973670239234,1.158200700856475,2.870085296056128
2015-10-06,0.0032203293688627694,0.001314133487410274,1.1619365006128008,2.873859450583678
2015-10-07,0.0023952533433295336,-0.0059478902958129964,1.1647229687169325,2.8568167840452183
2015-10-08,0.0016433320654431543,-0.0016100157730800646,1.166638568871266,2.8522209646257384
2015-10-09,-0.002108169875534952,0.004816690395164969,1.164181687256581,2.8659923696227403
2015-10-12,0.00041114222807466053,-0.005805239192607559,1.1646604299182821,2.849402798198133
2015-10-13,0.000989081466557847,-0.005253073906519745,1.1658129438354683,2.8344739202891684
2015-10-14,0.0001895487565874921,-0.005132095691477545,1.1660339431737992,2.819964392883261
2015-10-15,0.0013020792505830804,0.008175158827119944,1.167553200658858,2.843112540652223
2015-10-16,-0.0002997768504461952,-0.0033568051662040688,1.1672032476941556,2.8335847661756453
2015-10-19,0.0024710444027146944,0.0014552834570764617,1.1700910251899976,2.83771143721983
2015-10-20,0.0012182410678986616,0.003934911243787198,1.1715173467554156,2.848899577594463
2015-10-21,-0.0013220187627836558,0.0030980704165948225,1.1699696021412087,2.857739355151951
2015-10-22,-0.00024099991936209572,0.00045777622648657257,1.1696876735351869,2.8590478597685367
2015-10-23,0.0002645204381947886,0.011445251301193338,1.1699971207568944,2.89195835620172
2015-10-26,0.002687086501930159,-0.0036026235130268702,1.173145231956706,2.8815584637258143
2015-10-27,0.0017444306669262394,-0.007801605498963582,1.1751934884774236,2.8591651468623613
2015-10-28,0.0010163161339461963,0.005779664838035714,1.1763884637137205,2.8757380097903575
2015-10-29,0.0009974541178188736,-0.0017280209468619745,1.177562442628724,2.8707729653576357
2015-10-30,-0.00017999428423690934,0.00016352307009626088,1.1773505071938741,2.8712424413505118
2015-11-02,-0.0012315000333630497,0.002928498995148132,1.1759014924189872,2.8796631960225247
2015-11-03,-0.00025657003903105423,0.0012573850563626365,1.1755998300276012,2.8832863188454567
2015-11-04,9.885795440695141e-05,-0.00037822033239720554,1.175716053166695,2.882196007537497
2015-11-05,0.0025719802786449853,-0.00381348299267259,1.1787438637341583,2.8712257328539073
2015-11-06,-0.000845677448554187,0.002846939545030125,1.1777474480135128,2.8794115857206903
2015-11-09,-0.0001810629166916118,-0.00310404830990052,1.1775342209297908,2.8704876104450054
2015-11-10,-0.0033267561348246403,-0.004269002164450697,1.1736233605825632,2.858259611869814
2015-11-11,0.00033481692600386965,0.0036319367174257877,1.1740163753387645,2.868659504345721
2015-11-12,0.0014503712380808408,-0.013676509101786749,1.175720370336552,2.8296933245542712
2015-11-13,0.002452727998817489,-0.005581831263295811,1.1786076319939598,2.8139424541357894
2015-11-16,0.00017897069210353093,0.004092854092370146,1.1788185870944035,2.825483111027058
2015-11-17,0.00011967604545575308,0.014170944515168316,1.178959671883283,2.865807920924912
2015-11-18,0.00012083033069608374,0.0002515854554800967,1.179102134577048,2.866529007219625
2015-11-19,-0.0019106594762557843,0.0032482318740107985,1.1768514227667768,2.8758552968841826
2015-11-20,0.0027046985996875034,0.002586396897031662,1.180038759611673,2.8833030273420617
2015-11-23,-0.000440662560230531,-0.004793525550908839,1.1795188752658874,2.8695149138484495
2015-11-24,0.00621702543367022,-0.009214079900665695,1.1868748164565381,2.8431964107528342
2015-11-25,0.0013539513503884606,0.009471275808023094,1.1884828755882824,2.870253036257355
2015-11-26,0.00027471684522753124,0.0061233309648471845,1.18880941670559,2.8878824658825195
2015-11-27,0.00034303720426154087,0.0028246596656007483,1.1892172925185862,2.8960512826351126
2015-11-30,0.004038327697647497,0.008972009202908637,1.1940294516474743,2.922151592422107
2015-12-01,-0.0009388363532623495,0.005501355556368992,1.1929089794437207,2.93827168785383
2015-12-02,-0.00036901843244358315,0.002115704675077268,1.1924688552540421,2.944494783795737
2015-12-03,6.122791882187223e-05,-0.009271566646802398,1.192541869875553,2.9173208711973944
2015-12-04,-0.0008307623450755766,-0.0014384848584541032,1.1915515624071682,2.9131273661667834
2015-12-07,0.0002389992572085825,-0.000622111084776833,1.1918363763793174,2.9113156409465266
2015-12-08,0.001544466515877049,-0.009505641723414726,1.1936785499765683,2.883772830952522
2015-12-09,0.0016056006609563237,-0.003029263748551614,1.1955966604930701,2.8750503404888543
2015-12-10,-0.0014162185385649066,-0.003483303288476236,1.193904632761159,2.8650530900193987
2015-12-11,-0.00015471283048074536,-0.011956228291429838,1.1937199346840501,2.831001829170855
2015-12-14,-0.0025803980199712606,-0.00622299076931121,1.1906436328766885,2.813439233532116
2015-12-15,0.0002930779505208286,0.013443212101080348,1.1909926354123885,2.851516259210047
2015-12-16,-0.0022896070207097225,0.004478344192820671,1.1882688497020857,2.8643149676104955
2015-12-17,-0.0006816328033073734,0.0059206546170536,1.1874591626609543,2.8813238895381645
2015-12-18,0.0013212612580077525,-0.004165334123854336,1.1890291433970086,2.869347173647229
2015-12-21,-0.005500214098957148,-0.0016967601422219758,1.1825071810750354,2.8644827078117228
2015-12-22,0.003257632038509602,0.005215592722162654,1.1863656356542884,2.879461711210505
2015-12-23,-0.00028178280846366045,0.013062314397373598,1.1860313853088211,2.9173208711973944
2015-12-24,-0.0018410120009134108,0.0013330204950321445,1.183849895985168,2.9212123128187644
2015-12-29,0.004431926130487061,0.00882115118383986,1.1891082750404547,2.947094756914717
2015-12-30,0.0001972533945453957,-0.0028328572500448956,1.1893428538191582,2.9387578723433188
2015-12-31,0.00019124315585678257,-0.005144487661858932,1.1895703292507847,2.9236782903473135
2016-01-04,-0.0029128947685775073,-0.017805608316875166,1.1861102778911388,2.8720811423566364
2016-01-05,-0.001015391672272108,0.0048242177468686975,1.1849065226375266,2.885970162065047
2016-01-06,-0.0036613445064247315,-0.008522115551061304,1.1805761040649638,2.861480092686291
2016-01-07,0.0008586330084419736,-0.015763477342018106,1.1815902209917208,2.8167268759525985
2016-01-08,-0.003486441066255462,-0.0035496043386604725,1.1774778492581972,2.80674633397975
2016-01-11,0.0011576828515475176,-0.0044562044033114034,1.1788417845222612,2.79426672510272
2016-01-12,4.8889400543852195e-05,0.0017752917039306482,1.1788994187992836,2.799231769535449
2016-01-13,-0.000908823901407429,0.00047330826092562006,1.1778284935450691,2.8005569826486325
2016-01-14,0.0032676806055788278,-0.017065208203787208,1.1816835559962493,2.7531703758027564
2016-01-15,-0.005071349308515445,-0.015515872430336586,1.1757059958705616,2.7107822303828133
2016-01-18,-0.0014541244352161556,-0.012565767958690799,1.1739976154532183,2.6769322905374935
2016-01-19,-0.006195938782284209,0.00971528013767653,1.1667460863112717,2.703066181126489
2016-01-20,0.003484755474717811,-0.02982999743200665,1.1708190035618653,2.623624487350153
2016-01-21,0.002376307961626091,0.01223856797317957,1.1736045384151883,2.6559311845824456
2016-01-22,-0.003201303428691967,0.018422652223673452,1.1698534815215882,2.7053139653464124
2016-01-25,-0.0021553970014400576,0.0011773820105265287,1.167334698299428,2.708501029169677
2016-01-26,0.00024721494254021736,0.001979831123716025,1.1676233165536958,2.7138687156088577
2016-01-27,-0.0013554169453202764,0.006284678726176551,1.1660417721928298,2.7309782161337384
2016-01-28,-0.0005474671799802953,-0.005197464199127921,1.1654035773033862,2.7168208776268896
2016-01-29,0.0016020470886377205,0.017813281437621953,1.1672721050465689,2.765649984679781
2016-02-01,0.0033011289121009446,9.713209214012863e-05,1.1711317878910832,2.7659186310958033
2016-02-02,-0.001459321887762626,-0.011565018362059476,1.16942397606623,2.7341149906583944
2016-02-03,-0.0016856305706746575,-0.019033080900742405,1.167454419700653,2.6825684595839077
2016-02-04,-0.0014730551136690872,0.005879221960068293,1.1657359610006641,2.698386327797606
2016-02-05,0.0028761829455144017,-0.005260406073814394,1.1690936572503203,2.6842289892907534
2016-02-08,0.0011863890804463388,-0.03202146636170511,1.1704814802855663,2.599637638575068
2016-02-09,0.00031549586876408503,-0.011754163871385614,1.170850820616672,2.569259953656855
2016-02-10,0.002545131609735447,0.012689331060352416,1.1738345854769794,2.6020698714928203
2016-02-11,-0.0031466517213796516,-0.02174644593881858,1.1701467420802654,2.546094933582497
2016-02-12,0.0012490400012440893,0.01649819703550115,1.1716092153221052,2.5884493343916453
2016-02-15,-0.000330654925527233,0.019050995008557337,1.1712218810047947,2.6382345933532796
2016-02-16,0.0005349151184128825,-0.0016417106344910337,1.17184855288915,2.6339069289234462
2016-02-17,-0.0006271246935394486,0.028502868391065306,1.1711138881118341,2.7100609802793043
2016-02-18,0.004101722099819394,0.00126805057322521,1.175927336794023,2.713499654404402
2016-02-19,-0.00112658102140212,-0.0011566572178178802,1.1746033053282403,2.7103628798797486
2016-02-22,-0.0017604947819187073,0.008056295336974273,1.1725372415192825,2.7322865569415327
2016-02-23,-0.00017210158190383222,-0.003665642174262018,1.1723354633688434,2.722289306472075
2016-02-24,-0.00139643727445025,-0.0069064627080202,1.1706995129465567,2.7035526932335583
2016-02-25,-0.0017240773790001863,0.017320793252974198,1.168682875317866,2.750788268374822
2016-02-26,-0.0003069122105692711,0.010186333500787015,1.1683242473096203,2.7789519136839034
2016-02-29,0.0002486677965443376,0.002176636431768131,1.1686148080509005,2.7850072694245878
2016-03-01,-0.0032240101336416475,0.011164289627126678,1.1648532489779175,2.8162741084563234
2016-03-02,0.00016192882112847195,-0.003609950666151107,1.165041887563912,2.8061258262822504
2016-03-03,-0.0015800252316233209,0.0009917735195852373,1.1632025454717771,2.8089102480990604
2016-03-04,0.0006314695576219302,0.01102251371632157,1.1639373044331334,2.8400427639227837
2016-03-07,0.0016341219069983788,-0.0059118148448202845,1.1658408747900906,2.8233024884111413
2016-03-08,0.0005557844288104183,-0.010595784926602292,1.1664890110901174,2.7935453111904245
2016-03-09,0.0006037117311595411,-0.003753908164457087,1.1671934468070388,2.7830782571105064
2016-03-10,-0.002373380594188921,-0.012518078966875734,1.1644265372942126,2.748456614054286
2016-03-11,0.00014331131012332342,0.012741129137081586,1.1645934247449587,2.7836990924255884
2016-03-14,-0.0005759654379739366,0.005875867170498594,1.1639228523148233,2.8001038875347795
2016-03-15,-0.0010124016758286932,-0.0034985034703165496,1.1627450911528878,2.7903248303739496
2016-03-16,-0.0014502607575344363,0.007068521594241872,1.1610600297607214,2.8101181741184242
2016-03-17,0.0011102335078939866,0.005725852742447302,1.1623497933473317,2.826254650429172
2016-03-18,-0.00025239453239458585,0.0030992804155296483,1.1620564596342307,2.8350275940002416
2016-03-21,0.0017071719972249148,-0.0022805296101058303,1.1640419842150709,2.8285695962531037
2016-03-22,0.002476089777871221,0.00243432898357554,1.16692782800292,2.835463652999909
2016-03-23,-0.0007841393987469904,-0.002327660333998338,1.1660131525808741,2.8288713320447596
2016-03-24,-0.001574357721486935,-0.011342094739294595,1.164178875054117,2.7969672768189184
2016-03-29,-0.0003062538349800527,0.004899721011188518,1.1638223953984461,2.810705264822708
2016-03-30,-0.00039181439870241016,0.01296731986161781,1.1633664823488779,2.847389915783444
2016-03-31,-0.001755943555492477,-0.0028848872221391986,1.1613254689481132,2.8391873544200537
2016-04-01,0.001100712604459183,-0.004880132960195738,1.1626044583003825,2.8253654963156527
2016-04-04,0.0035988780560768704,0.00011281865121048895,1.1667960679952156,2.8256842682214938
2016-04-05,0.001178410341744355,-0.00714901545827118,1.1681718430029906,2.805555444074573
2016-04-06,-0.0009018816672104986,0.008365210607250262,1.167118765180806,2.8291229423465922
2016-04-07,0.0012194544363841285,-0.009047056280143906,1.168542881482784,2.803643140257097
2016-04-08,-0.001230722142895707,0.0068865255285164295,1.1671056145031848,2.8230171334985124
2016-04-11,-0.0008066015592595377,-0.0030289049742169283,1.1661646048556493,2.8144794193502554
2016-04-12,-0.0016288340361039128,0.0009829005430077586,1.1642666623918219,2.817247132670459
2016-04-13,0.0006740592589674103,0.01493376291653803,1.1650517116706574,2.8596349504728216
2016-04-14,-0.0019807889394990916,-0.0027371782136924594,1.162746274172571,2.8518183226192813
2016-04-15,0.00026747773101970035,-0.005343199308450508,1.1630573245054023,2.8366211259118708
2016-04-18,0.00036126315288295273,-0.0012425815950756203,1.1634775701665026,2.833098581686158
2016-04-19,0.0028201434214967444,0.00910594714209445,1.1667633748245378,2.859014442775321
2016-04-20,-0.0005014803253748456,-0.0015442753938259557,1.1661784126334693,2.8546027444360917
2016-04-21,0.0025236113235558065,-0.0022707398517116673,1.1691251102767826,2.8481280381923484
2016-04-22,0.0027069912632500985,-0.0063750597363601,1.1722942091622353,2.8300288049567195
2016-04-25,-0.001429809427407728,0.005567804917447461,1.170619249572137,2.845829800865022
2016-04-26,-0.000171490703821435,-0.0011913009037858302,1.1704185164655436,2.8424415798473244
2016-04-27,0.0003425173110781875,0.008122434951022939,1.170819473732122,2.865623144609497
2016-04-28,0.0014936273642458158,-0.0010072690993112587,1.1725695483910235,2.8627381441954696
2016-04-29,-0.004426148278103143,-0.015643380984350586,1.1673910505573264,2.818303699367622
2016-05-03,0.0015810767542752382,-0.0042646278017723915,1.169238245304047,2.8063102749800803
2016-05-04,-0.001140713013117059,-0.004234823786422481,1.1679052404547285,2.7944511738005504
2016-05-05,-0.00033366834158708757,0.00013798032811607186,1.1675156124568942,2.7948367796928175
2016-05-06,-0.0019178495076750805,-0.0007744367778705907,1.1652786389892322,2.792673193191092
2016-05-09,0.0037888350889892283,0.002297753744560538,1.1697020621038206,2.799097446327435
2016-05-10,-0.0008426964634823804,0.002232811860992001,1.1687167735206674,2.8053542868801373
2016-05-11,-0.003073255015125795,-0.00021525416279644105,1.1651305223899668,2.8047504876792444
2016-05-12,-0.002209418016217036,-0.003648842358382254,1.1625591037379401,2.794535043901166
2016-05-13,0.002135519923953599,-0.0005763765635187212,1.165044424648393,2.7929248034929244
2016-05-16,0.0018383527309885855,0.0029385679567113243,1.1671881571126477,2.8011440733529187
2016-05-17,0.0002609052808138794,0.00869294097139317,1.1674927223961595,2.8256003981208853
2016-05-18,-0.0004197437395491312,0.0021407402778059748,1.167002777467816,2.831655753861568
2016-05-19,-0.00034435803674699684,-0.008991061490588592,1.1666009798675758,2.8063102749800803
2016-05-20,0.0002756857359394714,0.01141096794955132,1.166922639453701,2.8385163936151607
2016-05-23,0.00012181272200554618,0.006455830794365625,1.1670647941347312,2.8569006541458304
2016-05-24,-0.0006675287334557837,0.006087693294928087,1.1662860048118855,2.8743456350731638
2016-05-25,-0.0007283209474207011,0.0056389551241888825,1.1654368835378377,2.8905997260953202
2016-05-26,0.00022653606053168578,-0.002312179112188062,1.1657009269247778,2.8839238626571375
2016-05-27,0.001024760233982667,0.002294838100224794,1.1668961031593548,2.8905496006055036
2016-05-31,0.00045196475466048255,-0.002766167466814906,1.1674236182704725,2.8825649049331568
2016-06-01,9.340880548051184e-05,-0.007194944433749129,1.1675326710093086,2.8618994431893507
2016-06-02,0.0010134967082307206,0.0008671198400982405,1.168716561361277,2.8643821292145004
2016-06-03,-0.0008910732761738691,-0.0004920537313015672,1.1676756131154853,2.8629730460007035
2016-06-06,-0.0008299326271598837,0.006651200251429401,1.1667069230555667,2.8820787204436717
2016-06-07,-7.339347157160489e-05,0.0007911993775433501,1.166621297526393,2.8843599216568054
2016-06-08,-0.001247416370299049,-0.0010182322392235932,1.1651669423037627,2.881424468135379
2016-06-09,0.0024923002308798138,-0.0038671233978533337,1.168074509903736,2.8703031617471737
2016-06-10,0.001472990389546886,-0.016742120367013058,1.1697963402395462,2.8226482361028493
2016-06-13,0.0012661950190579897,-0.015161102863910259,1.171278468672671,2.7801765481998775
2016-06-14,0.0011941353102697524,-0.020850277707591403,1.172677969080396,2.722809235572355
2016-06-15,-0.00033113261340163237,0.004057723580300987,1.1722897214440906,2.733880088853164
2016-06-16,0.0019964633469021116,-0.016474071009076496,1.174632492755266,2.6892109060288734
2016-06-17,-0.00036993919470900793,0.024035174384144042,1.174198030524076,2.7546295845063757
2016-06-20,-0.0008724460158519071,0.032182640598014345,1.1731740528780839,2.844722781060459
2016-06-21,0.0016552824281008908,0.0012493546962346613,1.175117595385028,2.848279069896962
2016-06-22,1.9089796223337608e-05,0.0037150047898570904,1.175140028354582,2.858880119567312
2016-06-23,-0.0194437991816208,0.01687214588100261,1.1525115463710423,2.907524777922377
2016-06-24,0.0003294001572892065,-0.0745612012680148,1.152891246388884,2.6986210657940437
2016-06-27,0.003416687438663719,-0.07217190985599942,1.1568370523829243,2.5107186234295558
2016-06-28,-3.226371437800091e-05,0.03513204460360164,1.156799729124781,2.6004930480777984
2016-06-29,-7.8984326235582e-05,0.03173000149432781,1.1567083636858528,2.6843297316967605
2016-06-30,-0.000451750320659449,0.016620523809139698,1.1561859383234454,2.7293175226181012
2016-07-01,0.001966103968601666,0.011876778778582064,1.1584613562063082,2.761926283259632
2016-07-04,0.002657452992901722,-0.021411269213320594,1.1615440069901413,2.7034185338343373
2016-07-05,0.00015526137361906864,-0.023987536629485717,1.1617243639090546,2.6393417769666314
2016-07-06,0.002760137849897393,-0.004139553184325351,1.1649353125890074,2.6284386638870507
2016-07-07,-0.001050180845814853,0.014514698608996568,1.1637125620041135,2.6668678784640325
2016-07-08,-0.0009392800043864657,0.017396297583717413,1.1626200232439996,2.7136673946056304
2016-07-11,4.600847036447236e-05,0.032151982943261714,1.162673514843408,2.8023349632580983
2016-07-12,0.00329536845729686,0.006009490014701413,1.1665112724099782,2.8192262704743554
2016-07-13,-0.0006162494803528204,-0.003343434955338509,1.1657926318981935,2.809816110709189
2016-07-14,0.0011784091406130393,0.0022063874897941815,1.1671672223475884,2.8160224981544886
2016-07-15,-0.004900255018380676,-0.0036221835221894594,1.1614617957484437,2.805840798987204
2016-07-18,0.0011923569536040957,0.00835834230534438,1.162847498759087,2.82939126114504
2016-07-19,-0.0011787192449922528,0.002285875484602684,1.1614776355339869,2.8358662950063636
2016-07-20,-0.0017851680561849813,0.006638134422711772,1.1594060523732483,2.8547537761407074
2016-07-21,-0.001796913965681607,0.0016732081849522018,1.1573245701281756,2.8595343718756023
2016-07-22,0.003934677504642504,-0.003755437851605592,1.1618872395096336,2.84881570749385
2016-07-25,-0.0006623079317747847,0.006309724671208272,1.1611179671507912,2.86684777912547
2016-07-26,-0.0012435294545846015,-0.0012822207122322737,1.159674980142764,2.8631742031951384
2016-07-27,0.0017155296641132903,0.01146369223708632,1.161666144434293,2.896185605843126
2016-07-28,0.0001730797189875774,-0.0007879674848041418,1.1618672226849107,2.893904404629987
2016-07-29,-0.0009877769398867055,0.001772082764500027,1.16072012366738,2.899037189263937
2016-08-01,-0.0019303992379311667,-0.008349403918954224,1.1584816317119175,2.8749327257774486
2016-08-02,0.00041394573730351965,-0.0044558155068372685,1.1589612795123414,2.8621510534911843
2016-08-03,-0.00042309312220405296,-0.003869658257894315,1.1584710346829998,2.851096908706987
2016-08-04,-0.00299799384759136,0.014438981106749793,1.155003146599415,2.8925624830201953
2016-08-05,-0.0008227077708446095,0.012740103916947021,1.1540533073090151,2.9296497759873827
2016-08-08,-0.0006189977336356547,0.0052707523224686526,1.1533391719741752,2.945131999989844
2016-08-09,0.0010204444187940117,0.007359988128758488,1.1545166911894684,2.9668881006591894
2016-08-10,0.001588281105946696,0.0006951023822789892,1.1563518452210366,2.9689511085637026
2016-08-11,-0.0009039109476120237,0.006077664385708559,1.155307078388075,2.987050341799324
2016-08-12,-0.00026245672677013506,0.0063702407616084145,1.155003900061203,3.0061393077456904
2016-08-15,-0.002022539342961374,0.0004407384232187894,1.152670220007442,3.0074645208588793
2016-08-16,-0.00032807494583997105,-0.006760418307298011,1.1522921198134333,2.987201373503945
2016-08-17,-4.075678025730264e-06,-0.002800378713489593,1.1522874234513316,2.9788477804359386
2016-08-18,0.002359543763653564,0.006303794620476921,1.155009506229073,2.9976851360804684
2016-08-19,-0.000594531920559817,0.00017342849322687925,1.1543230202981902,2.9982050651807444
2016-08-22,0.0012218164335128815,-0.00011190000871685868,1.1557342530921209,2.9978695847782957
2016-08-23,0.0007897008145256994,0.006158246960202618,1.1566472978418043,3.0163881685169796
2016-08-24,0.0023312292950170236,0.0017889851453194439,1.1593468533253584,3.0217892719493733
2016-08-25,0.0003023580301700711,-0.0073430770738607265,1.1596974441555192,2.9996813099985506
2016-08-26,-0.0018972275803725322,0.002674977319866656,1.1574993200097976,3.007716131160715
2016-08-30,0.0010032009104263234,-0.004673358748769729,1.1586611070369146,2.9936927882442963
2016-08-31,-0.00039451758116222733,-0.006430513305902608,1.1582040850171182,2.9745035713182917
2016-09-01,0.0016223181071604495,0.0065650010307081175,1.1600845854485355,2.9940954302507508
2016-09-02,-0.002146262134809073,0.009306927553783595,1.1575974098497692,3.0220913353586116
2016-09-05,0.0007804304423712705,0.0005271554536996348,1.1585011867300492,3.0236848672702408
2016-09-06,0.005934426352605382,-0.0012545094891347475,1.1653966668247613,3.0198940042460847
2016-09-07,-0.001899981662356526,0.0031499282214539903,1.1631845366972309,3.029421451105082
2016-09-08,-0.0011605208366333882,0.007331800981550174,1.1618354197960983,3.051714189371317
2016-09-09,-0.004799055953424588,-0.01656578551372867,1.1562730643109471,3.001576577701839
2016-09-12,-0.0013036228203753893,-0.009207238059254053,1.1547667024349146,2.9740671847010423
2016-09-13,-0.00013421900201607902,-0.003910537560869898,1.1546117212014984,2.9624596938233534
2016-09-14,-0.00077098318701885,-0.0017001024156115818,1.1537218780480503,2.9574274877866205
2016-09-15,-0.0020614880017510106,0.006845080479457977,1.1513459440602247,2.9777407606313737
2016-09-16,0.0029686264552064153,0.0056061702414123005,1.1547689383707593,2.9944813637605954
2016-09-19,0.0010350188341316383,0.002120794678930338,1.155964764715684,3.0008387829105168
2016-09-20,-0.00010027488958063921,0.0005810806254586964,1.1558488562879925,3.0025830189091844
2016-09-21,0.003157964754877843,0.001880955970909426,1.1595047558007423,3.0082360602609923
2016-09-22,-0.0015462432730995615,0.0030009954606118328,1.1577132647693715,3.0172773226305023
2016-09-23,-0.0010701591480177857,-0.0036034318929214493,1.1564749900219982,3.0064243350407365
2016-09-26,-0.0008999058218604667,-0.011238371542720671,1.1554347395795583,2.972826169306048
2016-09-27,0.001002175643073656,-0.005323778892378783,1.1565932685605247,2.9570415542767736
2016-09-28,0.0025424109190478844,0.009237611918869959,1.1595375451098866,2.984484113291142
2016-09-29,-0.004021848255310206,0.0040720924418717885,1.1548834264101706,2.9966619863765134
2016-09-30,0.0032786270176747563,0.00036377576467572226,1.1586760723526046,2.9977522976844733
2016-10-03,0.0005222405096573437,0.017312897919005366,1.1592813379685132,3.0501039489630792
2016-10-04,0.0038732472658047634,0.008684353321610772,1.1637802282740077,3.076707479353744
2016-10-05,-0.0005883361949515566,-0.007749876560557922,1.1630957356183917,3.052955532383889
2016-10-06,0.002546546937000095,-0.004659038973912288,1.1660613879851807,3.0387647768838275
2016-10-07,0.0005274324241622844,-0.006685015005681194,1.1666765687886578,3.0185183380255007
2016-10-10,-0.0005063868505723897,-0.0009061424423251196,1.1660859286741674,3.0157843693160915
2016-10-11,-0.0005733572287271677,0.005231264985736672,1.165417536509695,3.0316020737209963
2016-10-12,0.0009674968829219387,-0.006489063000914896,1.1665456199641884,3.0119935062919336
2016-10-13,0.0011477970228339536,-0.0044205294493178116,1.167885346273634,2.99870828578442
2016-10-14,-0.000843964521422034,0.005750566655112976,1.1669001082877233,3.016002235007132
2016-10-17,-0.0008579674938823,-0.010494088810267144,1.165899375285785,2.9845175302843554
2016-10-18,0.0022834085570469786,0.01128359989680483,1.1685646416839703,3.018384342435068
2016-10-19,-9.250814686358988e-05,0.002558610348549095,1.1684565449344697,3.026117100187993
2016-10-20,0.0009926036201707426,-0.005302155037488987,1.1696169349393697,3.010114619467673
2016-10-21,-0.0012421789250643802,-0.0006076144917201987,1.1681649634232987,3.0082861857508116
2016-10-24,0.0022126817928570176,-0.004117890330231688,1.170752602524133,2.995923863967611
2016-10-25,-3.9775010280352664e-05,-0.0032863554597231115,1.170706036753415,2.9860943536993805
2016-10-26,-0.00389629634329043,-0.00749352348296739,1.166153493890791,2.9638016154331437
2016-10-27,-0.0016286756847831859,-0.004975810007254111,1.1642557538715717,2.949090930832801
2016-10-28,0.0007009343627418504,0.003605285056528018,1.1650721068079695,2.9597424336105504
2016-10-31,-0.0013373687455447598,-0.005717800254764427,1.1635150172195716,2.942867507273313
2016-11-01,0.0004569427737081995,-0.0011918979096918747,1.1640467984863416,2.9393619991617883
2016-11-02,0.0018335087081547694,-0.003418480006782687,1.1661830462440377,2.929331004081542
2016-11-03,0.0036303106687965237,0.006756997482634475,1.1704243469601443,2.949191509430021
2016-11-04,0.0010194724404790816,-0.017829656829333018,1.1716181707573683,2.8970744323390654
2016-11-07,0.003671262410706496,0.010740438149653642,1.175927393811645,2.9283579798674095
2016-11-08,0.006077573229600397,-0.0005671563372739996,1.18309594027797,2.9266976139693486
2016-11-09,-0.0014501931173358947,0.008173796638539343,1.1813814661479927,2.9507178797376437
2016-11-10,-0.00030830530688990047,0.003886474587456945,1.1810172961131795,2.962208083521516
2016-11-11,0.002404790828167339,-0.01222080756548749,1.183860813336506,2.9262278103588892
2016-11-14,0.00273429302724814,0.0015694407912807407,1.18710226522377,2.9308239573959534
2016-11-15,-0.0010312333493408396,0.005746786085923716,1.1858787167692098,2.947715264612216
2016-11-16,-0.0003953256677169184,-0.005655239640038445,1.185410001127438,2.931092276194397
2016-11-17,-0.0013556472570192333,0.007235997417886608,1.1838040920800064,2.9523785732532817
2016-11-18,0.002919258113290944,0.0033067905022967636,1.187264970921857,2.9621576304141173
2016-11-21,-0.0016863194776651415,-0.007480090679445439,1.1852645500246484,2.940083085456505
2016-11-22,-0.003664536258152343,0.008606369724478924,1.1809290537489479,2.9654957259419947
2016-11-23,-5.367804806726863e-05,-0.003206634175226597,1.180865665483731,2.9560016960762123
2016-11-24,0.0016433853101444863,-0.0018118484146949498,1.1828078782364808,2.950650718133639
2016-11-25,-0.0010192934682289037,0.0007274411441997586,1.1816028641278598,2.9527979237563433
2016-11-28,-0.0002503050206828551,-0.00484599396230756,1.181307140010675,2.9385232981556673
2016-11-29,-0.00048441776543814256,0.0007873706824526039,1.1807350324263413,2.9408379163620175
2016-11-30,-0.000979447201918403,0.0007811854426389431,1.1795791309672554,2.9431361536893372
2016-12-01,-0.0009605052294561401,-0.0027680215965197874,1.178446682991569,2.935000753929956
2016-12-02,0.0026813024298779258,-0.0035496964055674596,1.18161069488694,2.924600861454046
2016-12-05,-0.002454764119360615,0.001524455465375496,1.178713676553162,2.929062685283099
2016-12-06,-0.00040008972974816685,-0.0005614241569258382,1.1782421796436844,2.927418700264065
2016-12-07,0.0007861456100748332,0.009886754225727046,1.1791688137477592,2.956504916679885
2016-12-08,0.0013170777278433679,0.0032004558933405036,1.1807228939272554,2.965982238049061
2016-12-09,-0.0010971573861057696,0.002885754686559494,1.1794281654735597,2.9745536968081137
2016-12-12,-0.0015346103895703565,-0.005195896479925466,1.17761959084072,2.9591383067920747
2016-12-13,0.0005252582769890797,0.004208554105883167,1.1782383077568193,2.971618243286683
2016-12-14,-0.00011072392573238644,-0.001875768601859562,1.1781078558081453,2.966049399653066
2016-12-15,-0.0010120328411135251,0.004908082113175283,1.1769161750794215,2.9806427971595877
2016-12-16,-0.0016890264886888873,0.0008663050261592531,1.1749300102993874,2.983226061781957
2016-12-19,-0.001734348654471342,-0.0001349777631940441,1.1728940380701192,2.9828234197755057
2016-12-20,-0.0012702951118777341,-0.0007031893993012517,1.171405062426273,2.9807266672602024
2016-12-21,0.0005366474106452609,-0.001379687252956785,1.17203386262675,2.976617032330202
2016-12-22,0.0016698421154192156,0.008204957709287086,1.1739926090747748,3.001140518702174
2016-12-23,-0.0009358151584103705,0.0010055529931669582,1.1728944828970427,3.0041598423242095
2016-12-28,-0.00015206050550942135,0.005745799538898311,1.172716145528443,3.02147082766111
2016-12-29,-0.002469993057913086,0.0009266456126812983,1.1698231191384652,3.024271957974527
2016-12-30,0.0046002305034232,0.0026477454740696516,1.1752169721061014,3.032290070640085
2017-01-03,0.00196546064781316,0.0035009388841977795,1.1775290862577923,3.0429245373036427
2017-01-04,0.00021165674605265982,0.0005842369007797998,1.1777783446102474,3.044702845530684
2017-01-05,0.0003217312990596487,0.008606777714504688,1.178157333730125,3.07102102100872
2017-01-06,-0.0018262604963355297,0.0018008485991760637,1.1760076750488975,3.076556447649125
2017-01-09,-0.0019849653891111864,0.002091479806994201,1.1736756557710695,3.0829977368996557
2017-01-10,-0.00408140978565025,0.0018319393656014427,1.168895166668005,3.088650778251468
2017-01-11,-0.0027024475041669965,-0.0010433322328129435,1.1657405533505567,3.0854299698174086
2017-01-12,0.00134504896859185,-0.004937641393976122,1.1673095864561145,3.07023277311
2017-01-13,-0.0006811154303841854,0.003730046254569075,1.166514784591378,3.0817062683972627
2017-01-16,-0.0006603396620750422,-0.0035006509406745323,1.1657447428852366,3.0709371509081107
2017-01-17,0.0013302111592383566,-0.003649885999838176,1.1672964613788652,3.059749010533475
2017-01-18,0.0008971810600088945,0.003928503852296927,1.1683442075941792,3.0717928880284164
2017-01-19,0.003062639278734327,-0.004877409666347532,1.1719279094472803,3.0568469740052664
2017-01-20,-0.0017186330138707552,-0.004008221974070025,1.1699155252225417,3.044618975430071
2017-01-23,-0.0012733834065574228,-0.0019191542226888458,1.1684267223152833,3.0387814853804325
2017-01-24,0.002550336109838899,-0.0008449572981739095,1.171410406258145,3.0362149292546694
2017-01-25,0.004599721459773161,0.0018049948035638863,1.1768109788850625,3.0417002304052514
2017-01-26,0.001959579713452561,0.0005126696876907033,1.1791192947316547,3.043260017706093
2017-01-27,-0.0010652198724445169,0.002647781832321172,1.1778639421588808,3.051328583479048
2017-01-30,0.00041170450327456546,-0.006010063982309077,1.1783489738861344,3.03304490154559
2017-01-31,-0.0007569264338174145,0.003643433555099662,1.177457387874617,3.0441157548264015
2017-02-01,0.001030080381482578,0.005078522374972749,1.178670888524204,3.0596146873254675
2017-02-02,0.0012838934771682103,0.001041113143205763,1.180185148255798,3.062801751148729
2017-02-03,0.0012189536999684123,0.00831726985816772,1.1816246164532187,3.088382131835442
2017-02-06,-0.0011218170213727124,-0.001864619598016759,1.1802997930892465,3.0826288395039976
2017-02-07,0.0020884460766189975,0.009870851269933922,1.1827673613561105,3.1132076816166476
2017-02-08,-0.0006889352066881582,0.0024969416073830075,1.1819527919045558,3.120990892476976
2017-02-09,0.003142881704593647,0.0011548679202277867,1.1856733733209914,3.124597306803298
2017-02-10,-0.0006010192129340791,0.00470240436183289,1.1849609749473606,3.13932502751783
2017-02-13,0.0002510534869642619,0.002316282064565911,1.1852585008779362,3.146605017774483
2017-02-14,0.00031760950362295936,0.00152873778466045,1.1856350100303423,3.151419030502589
2017-02-15,0.0008249369883554579,0.0021108361526192,1.1866134877405436,3.158078185444164
2017-02-16,0.002039225504800129,-0.006474342748285622,1.1890357291379068,3.1376977509954043
2017-02-17,0.00014937001050181013,9.626448894906048e-05,1.1892133486824414,3.1379998144046373
2017-02-20,-0.0003189039803653443,0.002066510562599433,1.1888341642769646,3.1444912291449896
2017-02-21,-0.0002485084041688072,0.0013859868888275173,1.1885387657020132,3.1488524743768247
2017-02-22,-0.0021703441698943536,-0.005052086448801063,1.185962024739996,3.1329843168645173
2017-02-23,-0.0009033524465721155,-0.0018273641034625143,1.184891166797299,3.127264441526282
2017-02-24,-0.0009637759922143873,-0.0029490912943774816,1.1837497472620775,3.1180554389555466
2017-02-27,0.005740995075179276,0.004428384369846938,1.190565193734475,3.131894005556557
2017-02-28,0.000651776905383511,0.005320248888846635,1.1913414295709206,3.148600864074988
2017-03-01,0.0009511481946976131,0.01124673997254888,1.1924751108849245,3.1842122398419477
2017-03-02,-2.0667902405919342e-07,-0.0016923973915741186,1.192474864425358,3.178827844906162
2017-03-03,7.716452160116797e-05,-0.0035946731133869037,1.1925668847280984,3.1674215112229076
2017-03-06,0.0024502369389091372,-7.944010453009298e-05,1.1954925389705071,3.167169900921072
2017-03-07,0.0016895601328118712,0.00023830138390579236,1.1975141027993526,3.1679247318265786
2017-03-08,-0.0019332553558626263,0.0023904191381003415,1.1952012386452575,3.175506457874891
2017-03-09,-0.0019668534814974836,-0.0020939662663774783,1.1928527632385453,3.1688640114299194
2017-03-10,0.0004968349530840195,0.0036932689098314597,1.1934455614344428,3.1805891170190224
2017-03-13,-0.000877432210950923,0.003569246118729552,1.192398853131768,3.19196170609148
2017-03-14,-0.00014865560233433847,-0.004112643758213963,1.192221609536486,3.178861261899378
2017-03-15,0.002723464143550728,0.000680488314984018,1.1954730078649023,3.1810251760186894
2017-03-16,0.002628259376323487,0.0033165780183903593,1.1986191536394657,3.1915928086958196
2017-03-17,-0.0014443217564057153,0.0035622810895059587,1.1968892115154741,3.202982433882469
2017-03-20,0.00079546522497268,0.002975442632230596,1.1978416740365627,3.212526916855652
2017-03-21,-0.0013305017440985688,-0.008589546090927769,1.1962490033606092,3.1850509408480723
2017-03-22,-0.0007930318939674155,-0.008201839577424153,1.1953007158086524,3.1590345011616896
2017-03-23,0.0017807334770754558,0.008954704473536523,1.197431124090176,3.187449756772612
2017-03-24,-0.00028513366160904513,-0.0011531772294368636,1.1970897448409101,3.1837761808422838
2017-03-27,0.0020370990298250883,-0.004244966290150032,1.1995308207112236,3.17028980314033
2017-03-28,0.002445355688989799,0.00281617800174061,1.2024676896088198,3.179230486912616
2017-03-29,0.0010790054004855428,0.0013391564534259714,1.2037658589797484,3.1834908259296513
2017-03-30,-0.0006493655824564475,0.0017478629276155289,1.202984428606045,3.189059997180852
2017-03-31,-0.009693817783226649,-0.0021114121602199276,1.191379256847388,3.182333680635268
2017-04-03,0.003105679915154407,-0.0009282056512009973,1.1950850510033424,3.179381190999658
2017-04-04,0.0011954977948259917,0.003470792552533908,1.1965146269036002,3.1904353357838557
2017-04-05,0.0021110408215935087,0.0025834588486848276,1.19904318613146,3.198688350254645
2017-04-06,0.0021107116467928492,0.0029741209366278554,1.2015766933604568,3.208215797113638
2017-04-07,0.001043672866465964,0.0054020442529072454,1.2028314009905583,3.225593616436965
2017-04-10,-0.0002252601541930478,0.0018132763162395094,1.2025604815185296,3.2314478149832144
2017-04-11,0.001645842850430759,0.002172632231452809,1.2045413367302964,3.238476194938028
2017-04-12,-0.0006744383114514847,0.0060624599287830705,1.2037292217965747,3.258168960085284
2017-04-13,0.0002232633617442182,0.005206813832485224,1.2039980004323572,3.2751778820129522
2017-04-18,0.000312075477955746,-0.011714798594200104,1.2043737973192463,3.2370336947310165
2017-04-19,-0.0010930223392407049,0.006193909464233371,1.2030581090233172,3.2571458103813344
2017-04-20,-0.0014416355687975797,-0.0020104860511480638,1.2013249872271963,3.2506039425335844
2017-04-21,-0.0001070270362649266,-0.0010532713719033637,1.2011964198544374,3.2471819769050887
2017-04-24,-0.0003874423965479816,0.01254599904656395,1.2007311155799265,3.288177747607839
2017-04-25,-0.0009455856541607777,-0.0010463161279581357,1.1995962580995654,3.284739073482737
2017-04-26,-0.001936666806928385,0.004915816953085184,1.197275288043057,3.300926002900889
2017-04-27,-0.002433856468053791,-0.002146801897659145,1.1943648350882972,3.2938471698386738
2017-04-28,-0.002035651659214101,-0.0010801600331795669,1.1919359973026107,3.2902912086197484
2017-05-02,-0.0013678268718438013,0.009634626171136418,1.1903067497343047,3.322145138355771
2017-05-03,0.0020726764847832854,-0.006173957320511292,1.192776429083171,3.301697542303007
2017-05-04,-0.00029118824235679203,-0.0001320798746782259,1.1924291571744638,3.301261483303337
2017-05-05,-0.0021750525023799595,0.0009547302397372448,1.1898383797121241,3.3044148025158067
2017-05-08,0.000580848302979238,0.0015267639099079133,1.1905296960713299,3.3094637170491454
2017-05-09,-0.0008176167791090717,0.004415080134975824,1.1895566968402471,3.32410756766306
2017-05-10,-0.0007224562660157385,0.003013106596815973,1.1886976045165165,3.334138562743311
2017-05-11,0.0006076853872161387,-0.004088558849407065,1.1894201782071003,3.3205345703299534
2017-05-12,-0.0017220110157617876,-0.0016532002741858065,1.1873737460529088,3.3150495967969498
2017-05-15,0.0003418697622835315,-0.0006073796815773136,1.1877797426282357,3.3130367143822554
2017-05-16,-0.0003980108183416572,0.00630383921049571,1.1873070875080278,3.3339875310386935
2017-05-17,-0.004444631852358583,-0.005160267254739281,1.182041654731583,3.3168275774064084
2017-05-18,0.0026820197614959573,-0.0041555658973582155,1.1852161689605147,3.303072880906011
2017-05-19,6.25160629231196e-05,0.006136103875157062,1.1852902663252245,3.323403189864953
2017-05-22,-0.0017918382511332319,0.005024444667428796,1.1831683195477702,3.340143465376597
2017-05-23,-0.00022000350511081784,0.00037657503687782423,1.1829080470018196,3.3414015168857785
2017-05-24,-0.0014460134976884771,0.0015249530638676845,1.181198782107218,3.3465008845265123
2017-05-25,-0.00021111014329174525,0.0008567346936985132,1.1809494453827531,3.349369176443935
2017-05-26,0.00021286871757402988,0.0028655783189659445,1.1812008593348449,3.358980821021122
2017-05-30,-0.0006734909862830564,-0.0016493076326113965,1.1804055990334756,3.3534453943807163
2017-05-31,-0.0010922137959073269,-0.0009859435675263484,1.1791170475683845,3.35014071584605
2017-06-01,0.0010736070845341276,0.0019208461417150602,1.1803836357715238,3.3565820050965796
2017-06-02,0.0007391258172224492,-0.0003898108207547324,1.181256410296308,3.355273828097582
2017-06-05,-0.000650691706832026,-0.0067267129733963316,1.180488026564058,3.332779605019329
2017-06-06,0.0004997093832868595,-0.010823966795785012,1.1810780749218621,3.296900238071503
2017-06-07,0.0003960417458730935,0.002088889046230946,1.181545923782391,3.3037942948183114
2017-06-08,-0.0023391684959974436,0.0024087659783980087,1.1787853187997768,3.3117619543764656
2017-06-09,0.0007718174889078261,0.001346359115141027,1.1796954771173658,3.3162237782055195
2017-06-12,-0.0017275134940558014,-0.00442559953907562,1.1776592965328687,3.3015799275915985
2017-06-13,0.0013734244794224373,0.008942444423013285,1.1792778338541152,3.3312365262150956
2017-06-14,-0.0004502951569440103,0.005783951587646996,1.1787469302974602,3.3505600663491095
2017-06-15,-0.00228923442506551,-0.021301946771886904,1.176051588557831,3.279941441633656
2017-06-16,-0.0001203351442190144,0.01334541052183269,1.1759100767349067,3.324006989065846
2017-06-19,-0.0012607696976361799,0.002867264198389563,1.1744284591285625,3.333551472039024
2017-06-20,-0.0026632013410357704,-0.005125578758271132,1.171304880886344,3.3165088055005674
2017-06-21,-0.000956036439855536,-0.004516605971401688,1.1701856058571452,3.3015632190949913
2017-06-22,-0.0004795761500968657,-0.001230229114767667,1.1696245472952953,3.2975040372723967
2017-06-23,0.0005833075894699013,0.0013572367912626504,1.1703069971903144,3.301982569598053
2017-06-26,0.0024116029061604597,-2.5400244854978382e-05,1.1731327188356118,3.301898699497443
2017-06-27,-0.00045648134307940116,-0.008048663318099614,1.1725973278438035,3.2754294923147858
2017-06-28,-0.00229569140336573,-0.0025844247222668315,1.1699084937861692,3.266975320649562
2017-06-29,0.0010937623232732101,-0.006697120417587854,1.1711887956636908,3.245169094490398
2017-06-30,-0.002042599343066008,-0.00032058500828391345,1.1687989677604202,3.2441289086722565
2017-07-03,0.00046329950141086175,-0.0010242381161127412,1.169340597198069,3.2408078492585632
2017-07-04,-0.0006560940335494244,-0.0009787396240277246,1.168573651430843,3.237637493931906
2017-07-05,-0.0023337001155542074,0.007725911556740073,1.165849730608875,3.2627480710081613
2017-07-06,-0.0025055294701413384,-0.004229732086278304,1.1629323161112939,3.2489766660111603
2017-07-07,0.0024799137976529804,0.0013414441377790354,1.1658198669664954,3.253337911242992
2017-07-10,0.0027120115919965896,-0.0019456412176044324,1.1689858751448277,3.2470142367038632
2017-07-11,0.0008169279126257886,-0.007362734289792172,1.1699412425157028,3.2231951281300053
2017-07-12,-0.0003126164653409779,0.0027284578767314827,1.1695755567824797,3.2320014886942854
2017-07-13,-0.0001581989885860742,0.007775441568526276,1.1693905457469869,3.257229680481942
2017-07-14,0.00048584190997332427,-0.0005099784705233645,1.1699588227184439,3.2555689869663085
2017-07-17,0.0001485796287345419,0.0057643160329465815,1.1701326676805484,3.274389306496649
2017-07-18,0.002563321615698661,0.004742727817287573,1.1731359415748477,3.2899557282172998
2017-07-19,0.0005388233962761247,0.004095936935057054,1.1737682249964332,3.30345881441586
2017-07-20,-4.432046867061104e-05,0.0035480980718567423,1.1737162041913924,3.315200628501567
2017-07-21,-0.002362887242151287,-0.0006428515903014187,1.170946119134759,3.3130701313754702
2017-07-24,0.0005667538962639766,-0.0068533163391872876,1.1716099455054156,3.2904422403243645
2017-07-25,0.0007062194730735355,0.001273638856398307,1.172437651500423,3.294635745354975
2017-07-26,-0.0020440387996994097,0.006161751172271579,1.1700435910602927,3.3149991436895476
2017-07-27,-0.0015602748394556716,0.005887756206245598,1.1682194249544051,3.3345746217429766
2017-07-28,0.00011571052114186468,-0.007634994691159136,1.1683546080537772,3.30921210674731
2017-07-31,0.002140040558466441,0.0026778719848969956,1.170857611610983,3.318085628915594
2017-08-01,0.00113139833885205,0.004161974776689448,1.1721830676357754,3.331924195516602
2017-08-02,0.0024976986588878185,-0.0011182078359475156,1.1751144870890278,3.3282004940964516
2017-08-03,0.0023750098172904723,0.0033609843451305466,1.1779087123751053,3.3394053429676913
2017-08-04,0.00078894001586308,0.003084417743515644,1.1788383783704637,3.3497213653429907
2017-08-07,0.0011290863433116108,0.0009410225187806986,1.1801701403801206,3.352875012173042
2017-08-08,-0.00033785718182451183,-0.0019530278129380463,1.1797714787715543,3.3463331443252873
2017-08-09,0.0025620877846723763,-0.003741419824761394,1.1827980323584082,3.3338364993340734
2017-08-10,0.0013698880746510912,-0.00887446228377975,1.1844194436000581,3.304381385522594
2017-08-11,-0.0008640009544707866,-0.0078788918878967,1.1833965460261666,3.2784488159368235
2017-08-14,0.0007047128839793386,0.007528546226623689,1.18423079473739,3.30322391261063
2017-08-15,0.0007605361808534596,0.00011682858215600334,1.1851317876787049,3.303609846120478
2017-08-16,-0.0007282875388246393,0.008312655314920647,1.1842689851881607,3.3311860731076988
2017-08-17,-0.0033635206045452073,-0.004344928120382008,1.1802923635286497,3.3167437073058004
2017-08-18,-0.0010626402125926777,-0.0074417145034075816,1.1790388035601245,3.292153059329824
2017-08-21,-0.0031787482832525095,0.0010388910691165876,1.1752968864445543,3.295575024958316
2017-08-22,-0.00011847043638974283,0.005294624502713674,1.1751576567569935,3.3130701313754702
2017-08-23,0.0015284851841723041,-0.0004051207475459506,1.1769552412650872,3.311728209765671
2017-08-24,0.0007790655639535616,-0.0016677073073303461,1.1778725238291057,3.3062098192394567
2017-08-25,0.0001866398084879063,-0.001980620960139845,1.1780923822479048,3.2996679513917084
2017-08-29,0.0035412848291177584,-0.007316528196575689,1.1822717387066,3.2756139410126157
2017-08-30,0.00028444526828934,0.004531894419862681,1.18260807814132,3.2904923658141843
2017-08-31,-0.00342224474182746,0.009487592981706428,1.1785678211815351,3.3218597834431427
2017-09-01,-0.0009141077932352957,-0.000879034107800436,1.1774909754028797,3.3189410384183233
2017-09-04,0.000833517642640659,-0.00447263461474634,1.1784728440505021,3.3041297752207597
2017-09-05,-0.002700181290331735,0.001466106016920321,1.1752950459720624,3.308977532559657
2017-09-06,0.002045407540228538,-0.003783737359491113,1.1777014635344245,3.2964808875684453
2017-09-07,-0.0001470936580049596,0.002256649792444776,1.1775282438581856,3.3039282904087397
2017-09-08,-0.002870440742235693,-0.004391011682017165,1.174153065254432,3.2894525076136247
2017-09-11,0.0017277042956144913,0.00426923576858762,1.1761834079598468,3.303525976019868
2017-09-12,0.001062212014234648,-0.001443102154368603,1.1774334278822824,3.29876208878158
2017-09-13,-0.0015002932740341413,-0.0038669593335161068,1.1756682568979844,3.2860305419851357
2017-09-14,0.0005240162450651723,-0.003379855838385737,1.1762844876067562,3.274942980207723
2017-09-15,0.0018074582486182881,-0.007490693541878812,1.1784124952697714,3.2505030363187806
2017-09-18,0.002336309147606251,0.0030761060257109563,1.1811688497564643,3.260517322902423
2017-09-19,4.5357622304053984e-05,0.005008534663332398,1.1812224259820647,3.276888701018406
2017-09-20,0.00025224527201159127,0.00027130414990850227,1.1815204213365924,3.277777855131927
2017-09-21,0.00036578481683579667,-0.006288666771000706,1.1819526826199864,3.257229680481942
2017-09-22,-0.0029946145165336275,0.005090434762220042,1.1784184843805727,3.273852668899763
2017-09-25,0.00047899293518032817,0.002507434010682985,1.1789830737156337,3.282071938759756
2017-09-26,0.002066364103366788,-0.0032353148041188717,1.181421800798936,3.2714705614718262
2017-09-27,0.0014485931993058177,0.0033937171585058934,1.1831344405447426,3.2825918678600328
2017-09-28,-0.0008043609421983546,0.005554437435630888,1.1821831560507345,3.300875549793489
2017-09-29,-0.002684863400745809,0.009925967698196203,1.179013412829946,3.333803082340863
2017-10-02,-0.0004788549454806775,0.004132313267968257,1.178448971579952,3.347607904331079
2017-10-03,0.0002548454515310108,0.003915778273469783,1.1787493322113654,3.360742093133976
2017-10-04,0.0006088260272056549,-0.00029951478244427676,1.1794672039917045,3.3597356519266333
2017-10-05,0.0002761668723831989,0.002946298363152522,1.179792978742536,3.369649032295473
2017-10-06,0.0006449480052207199,0.0038752998443261077,1.180554129295631,3.3827327679909773
2017-10-09,0.0004468887027700286,-0.0031736713698400365,1.181081823500529,3.372014103609221
2017-10-10,-0.00019050549997037222,0.002171546980118677,1.1808568423479908,3.3793445469732766
2017-10-11,-0.00030131724806268866,0.0010666243922123897,1.1805010834147416,3.3829509612995983
2017-10-12,0.0012181038819755715,0.004126700603867661,1.1819399325230568,3.396940231987644
2017-10-13,0.00013057991528007913,0.00040980686713787406,1.182094280216447,3.398332606704843
2017-10-16,-0.0019164898309301575,-0.002095057714486259,1.1798309780397607,3.3912203566494123
2017-10-17,-0.0003227412475325759,-0.004267846114045071,1.1794502593581464,3.3767779908475104
2017-10-18,0.0051368459806258315,0.006377750148393702,1.1855245015487286,3.3983830598122418
2017-10-19,-0.0005691925379566979,-0.006352913141251193,1.1848499018556509,3.3768618609481242
2017-10-20,0.0031603928493856397,0.0007646972683179598,1.1886004164411057,3.379445125570496
2017-10-23,-0.00014715271757987795,-0.0007597493444890802,1.1884255235280092,3.376878569444729
2017-10-24,-0.0019627731822142074,-0.0009144233512383693,1.1860952014763102,3.3737920842186835
2017-10-25,0.000893986705506602,-0.0019856643703484167,1.1871560289300633,3.3670995122838963
2017-10-26,0.0005074009833373956,0.004478486423769468,1.1877585459124453,3.382212838890697
2017-10-27,-0.0014104184570969914,-0.0008583972667661754,1.1860844901737855,3.37931080236248
2017-10-30,-0.0006365045404583312,0.003330140355345179,1.1853297822234212,3.39058314045531
2017-10-31,-0.00400537568681739,0.0007220166358159474,1.180591586594214,3.3930320818696686
2017-11-01,0.00332487137468635,0.004946187309592176,1.1845234345879598,3.4098562274819235
2017-11-02,0.0014320397277482928,0.0028148176256799218,1.186220934358199,3.4194678720591116
2017-11-03,-0.0018248572512158325,0.004253792820037461,1.184058224403234,3.4340445610690247
2017-11-06,0.00034972291143740906,-0.001946011187401453,1.184472389110006,3.427368370013263
2017-11-07,-0.0003063032826904703,-0.0061610860852745475,1.1841096368878998,3.4063169747596027
2017-11-08,-0.0011054420953573543,-0.00033985962575933115,1.1828013954755525,3.4051595018476397
2017-11-09,0.0006216206045532248,-0.011309853282684301,1.1835368777658641,3.3668646104786695
2017-11-10,-0.0018384139289157155,-0.002544099015986845,1.18136304589804,3.358309860216227
2017-11-13,-0.002039277118056889,-0.011706087906970808,1.1789563740398898,3.319226393330949
2017-11-14,-0.0019409876873762173,0.0029620286198657197,1.1766702536174545,3.3290726120957896
2017-11-15,-0.00015745012476379842,-0.0077491140803207514,1.1764850013235977,3.3033749443152507
2017-11-16,-0.0013588247540567353,0.007920433068182575,1.1748874500229598,3.3296429943034687
2017-11-17,-0.001310472756307308,-0.002633147255663104,1.1733488004273642,3.32088708684659
2017-11-20,-0.002057526698018833,0.0037056591257602634,1.1709370858787482,3.3332159916365747
2017-11-21,0.0012332645947306727,0.0036518272179595357,1.172382051959031,3.345410573218556
2017-11-22,0.0008329249775222796,0.0034987054497612746,1.1733589650444824,3.357135678807653
2017-11-23,0.00024109501832722763,-0.0003898441453671353,1.1736418901502104,3.3558271741910706
2017-11-24,-0.0009503557714028917,-0.0030687106237810013,1.172527042641137,3.345544896426567
2017-11-27,-0.0026732713833705953,-0.003188866161584869,1.1693967455827807,3.3348933936488203
2017-11-28,0.002612748443305929,0.007261746500939026,1.1724560800046662,3.359198686712168
2017-11-29,-6.991127902849107e-05,0.001666445441076192,1.1723741149656821,3.364801274956577
2017-11-30,-0.001505828291751994,-0.0053333069247880616,1.170610049378122,3.3469035265329703
2017-12-01,0.0024040649512439066,-0.004948851044813907,1.1734276574687972,3.3303811167123705
2017-12-04,-0.0007435054364332374,0.004101477892344718,1.1725555318814418,3.3440686516087625
2017-12-05,-0.0005450242387219175,-0.0032607473926091757,1.1719166348183272,3.3331822470257846
2017-12-06,-0.0028185094590487338,-0.0021259060273646213,1.1686182271779866,3.3261037415811505
2017-12-07,-0.0009340045338732598,-0.0009384452859872994,1.1675272420272853,3.322983839361894
2017-12-08,-0.0012976334128565019,0.009155159324825135,1.166013202214387,3.353545972977934
2017-12-11,0.00010132091661621201,0.0035998456173302884,1.1661313497261279,3.365639975962695
2017-12-12,0.001100536645535347,0.00041857962755287303,1.1674154264671597,3.3670490591765
2017-12-13,-0.0006261249406893637,-0.000578038270665715,1.1666847073371112,3.36510333836581
2017-12-14,0.00042428629471420325,-0.0027503271960185316,1.1671798206961657,3.355860918801867
2017-12-15,0.000939265767281097,0.002112043392250129,1.1682766277620367,3.362956132743109
2017-12-18,-0.0008316898988066946,0.01026213756060379,1.1673053878329187,3.3976449374033377
2017-12-19,0.0005395999529004587,0.004241690259012998,1.167935435736836,3.4120873032052383
2017-12-20,3.560260175180445e-05,0.0004325579708073235,1.1679770180172406,3.4135635480230437
2017-12-21,-0.00223232558733073,0.003551296867485121,1.1653726210470405,3.425707676497622
2017-12-22,0.002227722118442288,0.0028555015416991125,1.1679716412837515,3.4355037697726423
2017-12-27,0.0014047561327690354,0.0077284500193979255,1.1696135095520077,3.462157753270709
2017-12-28,-0.0006145317559901266,0.00011146574724918423,1.1688949657147691,3.4625436867805557
2017-12-29,-9.500212522728455e-05,0.0040610565633123485,1.1687839234835662,3.4766338636834004
2018-01-02,-0.00047384637778584855,-0.0021638820650178303,1.1682302306480417,3.4691189716215205
2018-01-03,0.0015198331134691273,0.0030126655256363932,1.170007095563774,3.479586025701432
2018-01-04,0.0011391380450521467,0.0036858318837520443,1.1713406545690046,3.4924348595917016
2018-01-05,0.0010495848473088608,0.0053696554159010645,1.1725707213879013,3.511238470625436
2018-01-08,0.0006117189619815719,-0.0036373074962341434,1.1732882245652139,3.4984902153323896
2018-01-09,-0.0018003521321017118,0.0008818445489584548,1.171177792938627,3.501576700558434
2018-01-10,-0.0005831334082970774,-0.005524212439231846,1.1704950391281341,3.482286577417631
2018-01-11,-0.0009534836876795903,-0.001065095402715599,1.1693795230994966,3.4785795844940886
2018-01-12,-7.081646968315144e-05,0.005841741807429912,1.1692967147020845,3.49896001894285
2018-01-15,0.0005278182274183793,-0.0012759994548829923,1.169914053728428,3.494498195113794
2018-01-16,-0.004453803464582825,0.002133776481812788,1.1647150726766495,3.501962634068277
2018-01-17,0.0002556528613857096,-0.0051817132698257495,1.1650128734828706,3.483863400832653
2018-01-18,-0.0015262994422820613,-0.005039320495811239,1.1632360712948515,3.466351258301315
2018-01-19,0.003657586799849898,-0.000566297202036381,1.1674984985412709,3.464388828994021
2018-01-22,0.0004643963161662932,9.191510228490074e-05,1.1680408064562757,3.464707273282288
2018-01-23,0.0006218025305004976,0.0007743235028634388,1.168767323036974,3.4673911165018767
2018-01-24,-0.0004098053813389282,-0.006440215770671998,1.1682884540267109,3.4451321228464344
2018-01-25,-0.0002526658990064021,-0.0008183487906681108,1.1679933046628352,3.442313956418831
2018-01-26,0.0006904844879732059,0.004565227002439443,1.1688000644172563,3.4580648268373166
2018-01-29,-0.0023842997755276337,-0.0018303484421036131,1.166016614294414,3.451741152298194
2018-01-30,0.0009466644199419159,-0.0101102723059725,1.1671209633777457,3.417018930644747
2018-01-31,0.002018764519082468,-0.006268756140352494,1.1694794856176023,3.395665471981856
2018-02-01,-0.00021420852752194113,-0.0028741500519089414,1.1692289999680598,3.3859198318142387
2018-02-02,-0.002445657256618254,-0.011109011326437823,1.1663729604500803,3.3485137669412075
2018-02-05,-0.0074746766012261726,-0.013719227611696638,1.157687201832631,3.3028884322081806
2018-02-06,0.00277988452434879,-0.021970914141476783,1.160909915880133,3.231112334580763
2018-02-07,-0.0025772165747284656,0.022031815704831814,1.1579218517013288,3.303089589402621
2018-02-08,-0.0011017786015589648,-0.01865792780528608,1.1566467807347856,3.242032156156951
2018-02-09,0.0002922353046453249,-0.005717937446354071,1.1569848431536018,3.223547317029059
2018-02-12,0.0027422727006547938,0.008384204171729692,1.1601619653808164,3.250687812634197
2018-02-13,0.0019331436941115933,-0.003059541877046712,1.1624068943543682,3.2407573961511633
2018-02-14,0.004509823580900657,0.006618840019305239,1.1676609829784914,3.262278595015284
2018-02-15,0.0009172474900268376,0.00647824006687614,1.1687325084362223,3.2834810219735564
2018-02-16,0.001299286065776401,0.008079682227124962,1.1702520132209884,3.3101179693574356
2018-02-19,0.0025303752472178014,-0.004062239082681884,1.173216939554366,3.2966987532594847
2018-02-20,-0.0009807689301779628,0.007567903581243485,1.172066848910468,3.3217424963493127
2018-02-21,-0.0014107497246609584,-0.0007072171665463145,1.170414521710195,3.3193941335321755
2018-02-22,0.0010387502395178471,-0.0026717678764924813,1.1716309217334897,3.310537319860496
2018-02-23,-0.0013900906481906592,0.0032880456807919956,1.1700033800233942,3.3214404329400815
2018-02-26,0.0018969988060317535,0.0013928717608102659,1.1722249815598609,3.326069996970357
2018-02-27,-0.0029467619283676935,0.002372606862978799,1.1687757980699027,3.3339708225420854
2018-02-28,0.000836755093072847,-0.009529153122207035,1.1697541864502425,3.302351794611298
2018-03-01,0.0012317588384019064,-0.00691159827258403,1.1711959292656,3.279605961231208
2018-03-02,0.003918863350094199,-0.008485251668115978,1.175794691142815,3.2518954110359797
2018-03-05,-0.00038831226429267035,0.009267526249626457,1.1753382042794138,3.2821725173569747
2018-03-06,0.0013240078162312647,0.0062816945763870535,1.176895391885397,3.3028550152149703
2018-03-07,-0.003915760786947909,0.004251849834384203,1.1722959620699593,3.3169281560036263
2018-03-08,0.0007360822412071826,0.009752973980283741,1.1731591859719943,3.3494363380479397
2018-03-09,0.0013584027245907332,0.00584723500326767,1.1747538914875357,3.3690786500877965
2018-03-12,0.0009212823892093313,0.0016118558478659395,1.1758366702553382,3.374513498130981
2018-03-13,0.00033297041007580006,-0.012721348837089863,1.1762282542629412,3.3318570339125984
2018-03-14,-0.002291318402784739,-0.002172179611797276,1.1735362261426532,3.3246274967633416
2018-03-15,0.0009461079606385263,0.000418718557892106,1.1746470435020182,3.3260198714805385
2018-03-16,0.003036549957757813,-0.001185871592360499,1.1782193389141835,3.3220779767517667
2018-03-19,-0.0018571977583693455,-0.005574720377296671,1.1760331832891189,3.303609846120478
2018-03-20,0.0013167581561488583,0.0014611873116905372,1.177582754556525,3.3084405673451918
2018-03-21,0.0005210019291516767,-0.002822918939495267,1.1781964372944482,3.2991142776806357
2018-03-22,0.004519972843778244,-0.014034345772877543,1.1835339067169701,3.253136754048552
2018-03-23,0.0021656704096301815,-0.0038436552445197947,1.1860998285451543,3.2406568175539436
2018-03-26,0.0009475830234326816,-0.006876790666447974,1.1872242892825937,3.218447949388326
2018-03-27,0.0003318096014478145,0.010472874486657346,1.1876182870633583,3.252331470035644
2018-03-28,0.0005369290362447003,-0.001677605942209226,1.1882561250271957,3.246879913495855
2018-03-29,0.004027396085039112,0.0053533437482133905,1.193051352752322,3.2643081859265775
2018-04-03,-0.0027510949333834998,-0.003216802187159473,1.1897736659016134,3.2538244233500553
2018-04-04,-0.0028096734613104507,-0.006921557393532396,1.1864354822066738,3.231380653379209
2018-04-05,0.00030221109497890184,0.016066092193954162,1.1867940903578251,3.283715596161206
2018-04-06,0.0004858503460526706,-0.002352557282369716,1.18737083477171,3.275999546904883
2018-04-09,-6.134862224818692e-05,-0.002347780042381231,1.1872979934412797,3.2683172422593567
2018-04-10,0.0015617092018330113,0.009760041494152105,1.1891536562686578,3.300372329189817
2018-04-11,0.0006069572693909616,-0.0010424480673503211,1.1898756408094708,3.2969336550647146
2018-04-12,0.0006360316275699126,0.0059805742061485034,1.190632680074838,3.316710290312586
2018-04-13,-0.0002993522696466221,0.003312161079856324,1.190276314821777,3.327713981989388
2018-04-16,-0.0013109496086022897,-0.003382987321334241,1.188716944903751,3.316475388507356
2018-04-17,0.0013126523829137416,0.0029241977486567095,1.190278341595435,3.3261876116817626
2018-04-18,0.0009682067806390339,0.009166389038808731,1.1914313352346748,3.3568169069018134
2018-04-19,0.0009558386106892217,0.006733188517722866,1.1925706957425137,3.3794952510603133
2018-04-20,-0.0025917429169513575,0.0036465340892757325,1.189483860957843,3.391841191964491
2018-04-23,7.699409515740896e-05,0.004716644654434887,1.1895754477171965,3.4078770896780215
2018-04-24,-0.0003829889369384135,-0.0059785181354410355,1.1891199407137065,3.3875638168332705
2018-04-25,0.000161430942139806,-0.008763144432956338,1.1893119169610895,3.3580077968069872
2018-04-26,0.0008382720860741508,0.005901896633689674,1.1903093019242952,3.3778850106520775
2018-04-27,0.0024066259615531087,0.006632177512290838,1.1931773810050823,3.4003621976161362
2018-04-30,0.00043167220541135256,0.0006657346755858384,1.1936925537014549,3.4026266903326667
2018-05-01,-0.0004683110726706002,0.003110801568874777,1.1931336651382576,3.4132280676205964
2018-05-02,0.0009195091319940719,0.0077347853939251365,1.1942312669891695,3.439731019414044
2018-05-03,-0.0007612138399272935,-0.006870241329956173,1.1933225475294575,3.4161802296386248
2018-05-04,-0.0003721802140231331,0.002745920795652168,1.19287849912646,3.4255736809071946
2018-05-08,0.0031152080965293227,0.008425849635985472,1.1966003580577484,3.4545589911082124
2018-05-09,-0.00225464557806568,0.0042300335577412085,1.193905487482353,3.469202841722133
2018-05-10,-0.00327725127413134,0.0008409764525243446,1.1899991637008855,3.472121586746949
2018-05-11,0.00047141512498392933,0.00415568725096449,1.190560279554231,3.486580661045459
2018-05-14,0.0016918114888983724,0.0007406420084183907,1.1925761879010255,3.48916392566783
2018-05-15,0.0013937890804911757,-0.0007742821498677444,1.1942395464856153,3.486463373951635
2018-05-16,-0.004337113322552468,0.0021099015792689357,1.1890712101699807,3.493827234308899
2018-05-17,0.0013226992349727033,0.009109157477762864,1.1906450343685775,3.5257984511387455
2018-05-18,-0.0024408286654199855,-0.0014091967210809742,1.1877424176744298,3.5208334067060223
2018-05-21,0.0006648017128028207,0.007021496416021122,1.1885322933943427,3.545641920373037
2018-05-22,0.0007090908512082138,0.00253731835456783,1.1893753696434561,3.554649765749332
2018-05-23,-0.0018763811251057288,-0.008839694995744551,1.1871457406202734,3.5233662182209904
2018-05-24,-0.002512013792647271,-0.0007334497538789009,1.18416735658303,3.520782953598617
2018-05-25,0.002596890339547363,0.005748234355122506,1.1872465057276411,3.5410795179467662
2018-05-29,-0.0005247548117405883,-0.017378491463860612,1.1866236558470669,3.480072537808498
2018-05-30,-0.00037397027479128055,0.0036516446836749594,1.1861799768389671,3.4928037569873625
2018-05-31,0.0009211307607882965,0.0011328116836946123,1.18727310708412,3.4967626878303246
2018-06-01,0.0012916094972636035,0.006626638139850982,1.1888075910687936,3.520011414196507
2018-06-04,-0.0008287984523092657,0.0059721154209118055,1.1878227173644997,3.5410962264433743
2018-06-05,0.00042979448792613726,-0.002784429608055916,1.1883333467460426,3.531250007678535
2018-06-06,0.0003174811403408606,0.005660396835617476,1.1887106800670098,3.551294961724847
2018-06-07,-0.001817312483681971,-0.0007891666322148438,1.1865523830526954,3.548493503793853
2018-06-08,-0.0010210131908645398,0.0002741701040491762,1.1853415156789182,3.549466528007986
2018-06-11,-0.0005880098099232602,0.007453112980865484,1.1846447281186268,3.5760199329088325
2018-06-12,-0.0016517874817661348,-0.003627844467553487,1.1826895619903877,3.5630701928037665
2018-06-13,0.0013157707190833432,-0.00040962077819095555,1.184246734502163,3.5616109841001466
2018-06-14,-0.0021088794244022045,0.00428131502486373,1.1817519324732986,3.576892050908168
2018-06-15,0.0012837204476844398,-0.015048890766252043,1.1832699457369724,3.5234667968182096
2018-06-18,0.004291092561356407,-0.000280936872840698,1.1883583762544003,3.5224770641074694
2018-06-19,-0.0017359749938795697,-0.00783067276034366,1.186297205417601,3.495001415717466
2018-06-20,-0.0014029081854666711,0.004338839858284871,1.1846341062182337,3.510198612424879
2018-06-21,-0.002909978734042442,-0.009473047098516929,1.1811918570265632,3.4771033396762814
2018-06-22,-0.004797972048476691,0.013455282478894048,1.175538105629276,3.524204919227115
2018-06-25,-0.0014127724324232136,-0.011272295538525157,1.173878510391616,3.4847021018387747
2018-06-26,-0.002808951416376142,-0.000828341456641013,1.1705857694269304,3.48181677380717
2018-06-27,-0.003163722293287952,0.004177779034227669,1.1668882132365759,3.4963934628170805
2018-06-28,0.00035967957883214444,-0.007700829812339549,1.167307994586521,3.4695717391177907
2018-06-29,0.0005038779716954453,0.007072175775315159,1.16789632358174,3.4941961317045585
2018-07-02,-0.0007012495236881121,-0.010864800289176912,1.1670776239310308,3.456437877932476
2018-07-03,-0.0010604041968048257,0.0028736267990137065,1.1658407058530829,3.46638467529453
2018-07-04,0.0044793900719175,-0.0006147108570910831,1.1710746748791634,3.4642545057860117
2018-07-05,4.4813335693396576e-05,-0.0015215729657853672,1.1711271558176048,3.4589873979440515
2018-07-06,-0.004430871405020876,-0.00013573563644442288,1.1659495211787583,3.45851792195117
2018-07-09,-0.0034657566321274697,0.009792592039342907,1.1619156181937766,3.4925521466855303
2018-07-10,-0.0022966635939994187,0.0014590042844560003,1.1592501509066315,3.497651514326266
2018-07-11,-1.954034737430138e-05,-0.0100882588154807,1.159227498977303,3.4625436867805557
2018-07-12,-0.00020369079354024423,0.006638992221684958,1.1589913990546492,3.4856079644489077
2018-07-13,-0.0007949115510809657,0.0016011788034244745,1.1580704694812085,3.4911935165791284
2018-07-16,-4.115157374878927e-05,-0.00060076372015061,1.1580228140394322,3.489096764063826
2018-07-17,-0.0011352917903849138,0.0033932332843082946,1.1567088662437752,3.5009561928609316
2018-07-18,-0.0018166316676973765,0.005394689410172404,1.1546094597885384,3.5198937994850974
2018-07-19,-0.002092977817372961,-0.0036761764748174386,1.152195414953855,3.5069778039908215
2018-07-20,0.00011144671847719095,0.0008844714039444312,1.152323830507509,3.510080997713474
2018-07-23,-0.0016037652576206016,-0.007449116233809505,1.1504772547154556,3.484031141033879
2018-07-24,0.000501435908216914,0.00396413097892534,1.1510542899835678,3.4978697076348917
2018-07-25,-0.0017970468283858,-0.004773339252057696,1.1489876490039257,3.4812129746062803
2018-07-26,0.0008274930612038908,0.0007225051146004802,1.1499388218010542,3.483729077624643
2018-07-27,0.0016553648630156228,0.004817819285975133,1.1518439665410671,3.500553550854476
2018-07-30,-0.0004180402670127941,0.0004503483117446194,1.1513625500144948,3.5021303742695062
2018-07-31,-0.0030202533043756927,-1.91775407625272e-05,1.147890389509798,3.5020632126654974
2018-08-01,-0.009455152941642024,-0.0036661024620947558,1.1370880596344535,3.4892477957684442
2018-08-02,-0.001368023460758272,-0.012212821533966078,1.1355335600303254,3.4468933949592913
2018-08-03,-0.0003212714692518955,0.004190961406631999,1.1351688040910852,3.461369505371985
2018-08-06,-0.001958043709588889,0.00019864998520091603,1.1329482686171204,3.4620571746734887
2018-08-07,0.0019062444809377949,0.0017523528022849177,1.135110004745538,3.4681292389107785
2018-08-08,0.0013246707107670713,0.00458426433126391,1.1366146480807782,3.484064558027092
2018-08-09,6.878976917403545e-05,0.0017124751822308326,1.1366928382293697,3.4900360436671662
2018-08-10,0.0028306125458972295,-0.006688563520652835,1.1399149333381289,3.466770608804375
2018-08-13,-0.00047846666551930425,-0.004480830311383244,1.1393696525007535,3.451271348687729
2018-08-14,0.0003195196776300712,-0.003178729045828277,1.13973376169175,3.44031811011833
2018-08-15,-0.0017021859374858877,-0.009277532008285405,1.1377953731270285,3.4085480504829193
2018-08-16,0.0027065329912734893,0.00695888007347456,1.1408790249620329,3.432350450560173
2018-08-17,0.0003461955539616889,-0.0008751813886114235,1.1412740605839253,3.429347835434741
2018-08-20,0.0012335876510677912,0.004236616853990682,1.1426827908890564,3.443907488330463
2018-08-21,-0.0010555640774785658,0.005425811224506916,1.1414772523565613,3.462644265377774
2018-08-22,0.0010921093003380927,-1.9396233110313688e-05,1.1427245512493736,3.462577103773768
2018-08-23,-0.0005977135533221465,0.0011135858611801552,1.1420417333824533,3.4664351284019292
2018-08-24,-0.002359855973143054,0.0012525307151403098,1.1393498568460507,3.470779665137158
2018-08-28,-0.0008160791529912528,0.007597366846903597,1.1384204364717927,3.4972488723198083
2018-08-29,-0.00012041011425243167,-0.005400799889708097,1.1382833673893875,3.4784118442928644
2018-08-30,7.69166257975984e-05,-0.0021772165631386287,1.1383709236724322,3.4708468267411625
2018-08-31,-0.0026588682298376333,-0.00013536621821685912,1.1353481657280435,3.470377023130703
2018-09-03,-7.013267880921157e-05,0.00033347383339332737,1.135268543511892,3.471534496042665
2018-09-04,-0.0022417468683272952,-0.007142838803964935,1.1327264092850942,3.446826233355288
2018-09-05,-0.0008284213113903123,-0.007821776684014736,1.1317884231651572,3.419971092662782
2018-09-06,0.0014612770456610149,-0.005163268748482608,1.1334434885685054,3.4023583715342274
2018-09-07,0.0021939678201426064,-0.003650027949650081,1.1359329570166203,3.3899623051402274
2018-09-10,-0.00036320280611936123,0.002480945956197189,1.1355204578940223,3.3983830598122418
2018-09-11,0.0007752624951599608,-0.0016499645427643372,1.1364011256477455,3.3927804715678285
2018-09-12,0.0013546942041011197,0.007589860228030432,1.1379416448968471,3.418629171052988
2018-09-13,0.001412470436080788,-0.006739886430873199,1.1395500895010613,3.395665471981856
2018-09-14,0.00025962833186179773,0.006514174181978305,1.1398459873999482,3.417857631650874
2018-09-17,0.0008655786096079957,-7.361908854264243e-05,1.1408330408294294,3.417606021349038
2018-09-18,0.0018620158552312318,0.004109476291866088,1.1429592689605506,3.4316794897552745
2018-09-19,-0.001049143927656516,0.00206056978604785,1.141760768993376,3.438757995199909
2018-09-20,0.001130175213057906,0.002474961205823689,1.143051888171752,3.447279328469139
2018-09-21,-0.00017191201994796914,0.0019007294318313939,1.142855400702514,3.453837904813495
2018-09-24,-0.0016504622478937603,-0.0049807560032189,1.1409707167365477,3.4366779511812147
2018-09-25,0.00026445209121853217,-0.0013187072972300484,1.1412724887289663,3.432148965748153
2018-09-26,-0.0013333331384671912,-0.0012029856312647524,1.1397518063131384,3.4280226223215524
2018-09-27,-0.0008125596024199607,-0.0030531615894311415,1.138826066198988,3.4175722767382424
2018-09-28,0.0002019876836522349,-0.003303702012757981,1.1390561182712426,3.406300266262995
2018-10-01,0.0005628008978577091,0.004628030160649388,1.139697360506243,3.422101262171297
2018-10-02,0.00026498693748086327,-0.006703339627526006,1.1399994054366716,3.399238469314968
2018-10-03,-0.00017028701658268702,0.001730541320037915,1.1398052948667379,3.4051260848544245
2018-10-04,-0.0013566556017591941,-0.010463457014980193,1.138260020068406,3.369682449288688
2018-10-05,-0.0008345913173562949,-0.008533583523313126,1.1373104344518374,3.341049327986722
2018-10-08,-0.0007622147849588039,-0.013745020058129498,1.1364438899120934,3.2954407017503056
2018-10-09,-8.908085769436026e-05,-0.004924019568543159,1.1363426590245926,3.2792537723321535
2018-10-10,1.720293131395197e-05,-0.01600498215846713,1.136362207617451,3.2271871483485977
2018-10-11,2.4791338879304094e-05,-0.02161528122450207,1.1363903799072428,3.1581790916589596
2018-10-12,-0.007361236957213423,0.007708726273763844,1.1280558548874167,3.1826187079303203
2018-10-15,-0.0015333458909198988,-0.009000246052423222,1.1263274805141075,3.1541028737221795
2018-10-16,0.0004413371606716664,0.018254491358037583,1.1268246803946655,3.21220814494981
2018-10-17,0.0009748164310888757,-0.0071219641423461155,1.1279236631742788,3.1894121860799025
2018-10-18,0.0023745591823547078,-0.0027701955724648286,1.1306051671005715,3.1805891170190224
2018-10-19,0.0010901460956579644,-0.008771872177101514,1.1318383639694631,3.1528114052197798
2018-10-22,9.107693218172487e-05,-0.002002533688321151,1.1319414530298255,3.1465041115596835
2018-10-23,-0.0014153109736121726,-0.021886960414427392,1.1303405370340878,3.0783848813659866
2018-10-24,0.0012127718739685456,0.0029598750180515054,1.1317122138428126,3.087510013836107
2018-10-25,-0.00021993064812434338,0.006768123729552045,1.1314633430102967,3.108477538989154
2018-10-26,-0.003176819782650205,-0.009684365387018445,1.1278745913057777,3.078519204574
2018-10-29,-0.0011314032978814149,0.011587460200574995,1.1265992318825526,3.1143988991394065
2018-10-30,0.0010383275729693407,0.005419634181700772,1.1277696184458703,3.1313236233488784
2018-10-31,0.005826746430122588,0.013303234627453975,1.1343600277201158,3.173258673654968
2018-11-01,0.00030113278183174384,0.01334773526390265,1.1347016721484489,3.215898429376746
2018-11-02,0.004131029690521313,0.007990090182984133,1.1393988538646027,3.241696675754506
2018-11-05,0.0025041415497939505,-0.01364981367676954,1.1422556452885588,3.197748743033723
2018-11-06,-0.0015954922807851625,-0.0010496650338982505,1.1404346383114008,3.194393939009234
2018-11-07,-0.0012947868435437366,0.005420152843747417,1.1389589740872643,3.2117550498359595
2018-11-08,0.0006179989025038488,0.005723353581599255,1.1396630670251695,3.2301897634740326
2018-11-09,-0.002003228373789016,-0.007845998958666556,1.1373823467971784,3.204944863189765
2018-11-12,-0.0034306286865398946,-0.015560124589711677,1.1334870956911207,3.15546150382858
2018-11-13,-0.0008378371913808999,0.009212343000738699,1.1325378157729413,3.1846650073382254
2018-11-14,0.0010891125778349608,-0.003989872862034005,1.1337719488859308,3.1719839136491763
2018-11-15,-0.0008546834831679865,-0.013196104350067017,1.1328033467106415,3.1304010522421444
2018-11-16,0.0029550105008155805,-0.003924679434257783,1.1361557432395524,3.118139309056162
2018-11-19,-0.0051196438963287925,-0.0026394336251804873,1.1303538947949483,3.109920039196167
2018-11-20,-0.004292816326014996,-0.009413003199671977,1.1255118934881356,3.0807836972905283
2018-11-21,0.0006874868624729577,0.01182651447224714,1.1262859341693787,3.1174349312580496
2018-11-22,-0.0010016627776417157,-0.002958403772531426,1.1251583403008218,3.108225928687317
2018-11-23,-0.004299542903364175,0.00016188651790471908,1.1203310587321789,3.1087291492909896
2018-11-26,0.00046464672330002706,0.00999144528774032,1.1208517378441838,3.139945535215327
2018-11-27,-0.0011875331124483407,-0.0031139254027579,1.1195214793107084,3.1301831865511005
2018-11-28,-0.003979110432164781,-0.0011367739060563764,1.115075630840408,3.126626897714598
2018-11-29,0.00067534216304226,-0.0016483381350091975,1.1158289427719188,3.12147740458404
2018-11-30,0.0005349548934853788,-0.006912937065646219,1.1164260206157652,3.099973241834112
2018-12-03,0.00019486272002689126,0.004486458043068353,1.1166435916244022,3.1139123870323395
2018-12-04,0.0010625364143168525,-0.01270163748364439,1.1178306966617964,3.0746107268384413
2018-12-05,0.0019522640262369993,-0.0031966629635302723,1.120015128918769,3.064797925066814
2018-12-06,0.0029261030823556394,-0.028749097049196592,1.1232972081490744,2.9779422454433906
2018-12-07,-0.009645551435388623,0.005101441343819957,1.1125144734606773,2.9931728591440123
2018-12-10,0.0009402788147665274,-0.019912070720389252,1.113561039205885,2.9341620529238335
2018-12-11,-0.0014779023657311553,0.009161950232947191,1.111916520230228,2.961168225320957
2018-12-12,0.0030261520806286334,0.018837680984029603,1.115286445102289,3.0174784798249377
2018-12-13,-0.0020787933099640273,-0.00951762635836495,1.112970403221742,2.988895484012796
2018-12-14,0.0024203617157488437,-0.008549979167662869,1.1156674567824079,2.963449426534093
2018-12-17,7.716285192372154e-05,-0.014246113704873054,1.115753548186658,2.921531084724607
2018-12-18,-0.0038299174859709423,0.004468385070003578,1.1114884768115758,2.9346148204201072
2018-12-19,-0.0034900816741456507,0.006239425361611595,1.107616052716542,2.952982372454176
2018-12-20,0.0011967129452695705,-0.008992546354969377,1.1089423446222784,2.9265465822647303
2018-12-21,-0.0004491057295181306,-0.00022358279029610628,1.1084444240794564,2.92589232995644
2018-12-24,0.0010523581378458558,-0.007527011885573032,1.1096115185824764,2.903951780589263
2018-12-27,0.001984145389559037,-0.01288865657553373,1.1118153347841466,2.866763909024854
2018-12-28,0.004984756003167504,0.021681828038667916,1.1173712990071838,2.9295993228799824
2018-12-31,0.000568980207467804,0.0021162697977352707,1.1180072420630607,2.9358057103252846
2019-01-02,-0.00014307625361836612,0.004822038720423194,1.1178472932180616,2.949996465825348
2019-01-03,9.067753801870272e-05,-0.008439524634953344,1.1179486614543332,2.925204660654939
2019-01-04,-0.0023025308257541284,0.02026475014124607,1.1153775114117837,2.9850879124920344
2019-01-07,0.001525622370966556,0.010080501668587871,1.1170804549893723,3.015331274202235
2019-01-08,0.003812385163341032,0.011042464633453264,1.1213473242487728,3.04881248046068
2019-01-09,-0.0017557836116252215,0.013003828413461704,1.1193802084141375,3.0887176122378897
2019-01-10,-0.0006501888978322835,0.0011886464003403319,1.1186526363854328,3.09239118816822
2019-01-11,0.0034675541633036972,0.005771093917855907,1.1225383580737602,3.110289264209406
2019-01-14,-0.0002081619724710296,-0.0067479427023808825,1.122304712593865,3.089371864546182
2019-01-15,-0.005525348234234726,0.000662254172159038,1.1161206884083268,3.091418491571671
2019-01-16,0.0008540310258114995,0.003082550217632374,1.1170742972525862,3.100962646927271
2019-01-17,0.0038609383931543515,0.0027334482501508717,1.1213955890474865,3.109450563203286
2019-01-18,0.004279448115123071,0.012181826272334106,1.1262048263886146,3.147561005874428
2019-01-21,-0.0002597981496001417,-9.055907117172524e-05,1.1259122784619986,3.147275978579378
2019-01-22,0.0038297092412796774,-0.004337166482439869,1.130232462363575,3.133655277669414
2019-01-23,-0.0021127246248566997,-0.00529723729273357,1.1278471130888743,3.1170994508555987
2019-01-24,-0.0008762684656194379,0.0024025068327748755,1.1268592491098717,3.124597306803298
2019-01-25,-0.001962373129029753,0.0008585718366056483,1.1246500990964683,3.127281150022889
2019-01-28,-0.0016402687633060042,-0.005858293978421969,1.122806882767617,3.1090141765860397
2019-01-29,-0.0008965151361081767,0.009017922016536062,1.1218007204895362,3.137177821895122
2019-01-30,0.00015394278191107382,0.0066825927961424725,1.1219734269063104,3.1582125086521753
2019-01-31,0.0016389959229608357,-0.006190740890756885,1.1238138445852224,3.1387212283169346
2019-02-01,-0.00011299696751846462,0.005308707155950998,1.123686864203063,3.155428086835365
2019-02-04,0.0031475864718169128,0.001986203034322287,1.1272293379719474,3.1617016358846715
2019-02-05,-0.003926704775847689,0.007779137848462625,1.1228117201638028,3.1863928624578657
2019-02-06,-0.0024942111323873893,0.004066284022334443,1.1200146803257989,3.1993760195561505
2019-02-07,-0.0020010326026580895,-0.014475038051665834,1.1177757352831101,3.1533984959240677
2019-02-08,-0.0007056846340437256,-0.007818025735629064,1.1169872163779744,3.1288412649413084
2019-02-11,-0.0008217635235010065,0.009545320804388524,1.1160696940721526,3.15885005246386
2019-02-12,-0.0026856625861768264,-0.0003717807656649086,1.113076328834937,3.157675871055291
2019-02-13,-0.002544946723758704,0.007820621519165627,1.110247210383401,3.182467676225703
2019-02-14,0.0028544790069240946,-0.003929174384797562,1.1134209152198928,3.169987739731092
2019-02-15,-0.0011536937667789506,0.004698388687589983,1.1121371091521277,3.1849166176400603
2019-02-18,-0.000821854526088585,0.0073516479818458436,1.1112234697261147,3.208417281925659
2019-02-19,-0.0023595432456203053,-0.003057918554260297,1.1086045807996296,3.1986211886506366
2019-02-20,0.00126565629704623,0.006955684065250267,1.1100085814719782,3.220947343910084
2019-02-21,-0.0002049479165513935,0.0018158896253819279,1.1097811108364641,3.2268015424563314
2019-02-22,0.0021518914273673173,0.001698374384064394,1.1121718106357905,3.2322865159893324
2019-02-25,0.0009415917128441101,-0.00117349985189108,1.1132195155736802,3.2284956529651816
2019-02-26,-0.0038744040989806376,0.0012305626878710285,1.1089147978123903,3.232470964687167
2019-02-27,-0.002107586189909,-0.006084596970895362,1.1065801254245786,3.2128623972581005
2019-02-28,-0.0037209864502529034,0.0014399097070025846,1.10247020698923,3.2174919612883808
2019-03-01,0.0008779511613490505,0.011316481903980602,1.1034385470032295,3.2541094506451045
2019-03-04,0.0017990067532975944,0.000602980711565948,1.105425427070601,3.256072207569982
2019-03-05,0.0007466204165574181,0.0016316887764862287,1.1062510684454332,3.261389440901757
2019-03-06,0.001481614798624926,-0.0043192667237619276,1.1078913212107675,3.2473330086097048
2019-03-07,0.002997477078180011,-0.009106750924420481,1.1112171821569854,3.217894603294831
2019-03-08,-0.0012907275878585576,-0.007119895240739638,1.1097838287172814,3.1950648998141338
2019-03-11,0.0011731892196506857,0.002380674420178863,1.111086579178251,3.2026803704732374
2019-03-12,0.0025747636898002667,0.002662357825817807,1.1139510506446255,3.2112184122390737
2019-03-13,-0.0005850505615829078,0.0018839122338043524,1.1132995235635963,3.217273767979754
2019-03-14,0.0011258857511982526,0.005355781541823035,1.1145536775185438,3.234551008705864
2019-03-15,-0.0012079941965359338,0.010723776184804024,1.1132081160232383,3.269424262063925
2019-03-18,-0.0015206480892918676,-0.0002206790730934216,1.1115166046513412,3.2687028481516283
2019-03-19,-0.00014949185774924654,0.003309678849854336,1.111350454388558,3.2795391272447856
2019-03-20,-5.805519953707816e-05,-0.008335925394396426,1.1112859365889878,3.252314761539041
2019-03-21,-0.004014099901091486,-0.0021375343631540034,1.106834064927388,3.2453702516848355
2019-03-22,-0.00048410839805435285,-0.018208331904203234,1.1062983669397137,3.1868122129609264
2019-03-25,-0.0026818721970067756,-0.010524456446070474,1.1033353910450785,3.1534486214138875
2019-03-26,0.0012594876242854119,0.005125230069895181,1.1047259037985229,3.169652259328643
2019-03-27,0.00022339860676709,-0.00013231049073958445,1.1049727255950872,3.169232908825585
2019-03-28,-0.003549547576207172,0.0007883325542934472,1.1010575250412216,3.171732303347343
2019-03-29,0.0006431501955977055,0.010987321567352382,1.1017658981745582,3.2067732969066243
2019-04-01,0.00026453711992896554,0.006324967901896628,1.1020573947062238,3.227120314362175
2019-04-02,0.0018252517093672012,0.004693006004105271,1.1040707637434015,3.242300802572974
2019-04-03,-0.0009642649073744441,0.0120383737567753,1.1030066601719823,3.2815687181560844
2019-04-04,0.0008211246364971069,-0.0028716990606891812,1.1039127380654006,3.272158558390909
2019-04-05,0.0013643198193417543,0.0015878872535228794,1.1054198559543948,3.27735850462887
2019-04-08,-0.0012372617418376331,-0.0010805937475311111,1.1040530080066573,3.2738189242889675
2019-04-09,-0.005439063537797878,-0.004282229721605191,1.0980642948066879,3.2598296536009235
2019-04-10,0.00041310617846862714,0.002620856204755384,1.0985180056601542,3.268384403863361
2019-04-11,-0.0013563871820870457,0.0069758600023028805,1.0970289999803817,3.291263905216299
2019-04-12,-0.0002929595467691127,0.004601753915855156,1.0967076619335774,3.3064443934271073
2019-04-15,-0.0030355141210627575,0.004828111115436684,1.0933836379523592,3.322446874147423
2019-04-16,0.000651248491686916,0.005854500368011273,1.0940959343132008,3.3419551905968525
2019-04-17,-2.4247586029300418e-05,-0.0032829752473180207,1.094069405449541,3.331001624409867
2019-04-18,0.0021428891700353008,-0.0011185177137313929,1.0964163886941272,3.3272779229897176
2019-04-23,-0.0031929587986056105,0.00362821402827862,1.0929211593700068,3.339371925974479
2019-04-24,-0.0012175976901729444,0.004295523859953576,1.0915912309140312,3.353747130172377
2019-04-25,-0.0006601198755361575,-0.006150789643827537,1.0908708876291615,3.3331822470257846
2019-04-26,-0.0010879690981222788,-0.0007148217556700587,1.0896846991985636,3.3308004672154286
2019-04-29,-0.0012747915614763055,0.002730774786884993,1.0882964633830081,3.3399085635713663
2019-04-30,-0.0017572480558330711,-0.004348629638297297,1.0863857358413684,3.325416072279643
2019-05-01,-0.0022026531507149338,-0.0005601404084547568,1.083995438341998,3.323553893951988
2019-05-02,-8.290471015679195e-06,-0.006430337041454237,1.0839864515464877,3.302250888396495
2019-05-03,-0.00038846069771573065,0.000939279501317003,1.0835654471903227,3.3053540821191496
2019-05-07,0.0025386200296870646,-0.012228618392610358,1.086319702662921,3.2651803039259124
2019-05-08,-0.001880431938508378,0.00339514411809283,1.084278871821719,3.276284901817514
2019-05-09,0.0006272195937888269,-0.012690363197359389,1.0849591660999047,3.234970359208926
2019-05-10,-0.0024469570985497517,0.004201617002410174,1.0823075630692702,3.24859106011889
2019-05-13,0.0010557401347641763,-0.012464558581184448,1.083450801977174,3.2083501203216502
2019-05-14,-0.0008530168765638967,0.012495518784669812,1.0825269942259785,3.248691638716111
2019-05-15,0.0006599667572480287,0.00012393206300131965,1.0832416618584915,3.2490942807225642
2019-05-16,-0.0009363378600467753,0.008272354085267608,1.0822278563852064,3.2760834170054958
2019-05-17,0.001187673271495458,-0.0016448984520049947,1.0835139530640505,3.270699022069714
2019-05-20,-0.0019781126245082587,-0.008394711904028185,1.0813727588944682,3.2433573692701425
2019-05-21,0.0004385989162894493,0.005199680612800961,1.0818471518411354,3.26026571260059
2019-05-22,-0.0014954337410298744,-0.006664313593127247,1.080230530184195,3.2386105181460385
2019-05-23,0.0017761669984372353,-0.01440360660478035,1.0821509049508937,3.19229718649393
2019-05-24,0.0008110041726025589,0.005036978166534922,1.0830288898267704,3.208417281925659
2019-05-28,-0.0009847953945329403,0.0040488003823817564,1.0819628529641747,3.2214338560171534
2019-05-29,-0.0012940045418016724,-0.013567390166132398,1.0805636935729168,3.178022560893255
2019-05-30,-0.0005011384460776997,0.00869216312671739,1.0800223172262124,3.2057668556992818
2019-05-31,-0.0043937008155171,-0.007415608658879691,1.0752874317424341,3.18208207033343
2019-06-03,-0.0006135380095402241,-0.004919836200112826,1.0746279043751221,3.1664651955053795
2019-06-04,-0.0015899957530660456,0.006915620661301247,1.072920608227534,3.1884391618657704
2019-06-05,0.002439564699798821,0.0033613125326557025,1.075541262797512,3.19917453474413
2019-06-06,0.0005655085725794811,-0.00035131740803073797,1.076149662613229,3.198050806442961
2019-06-07,0.0004936688281436025,0.00871595808182768,1.0766810553112915,3.22604671155082
2019-06-10,0.0004886763599077401,0.004005984224507486,1.0772073324693126,3.2389961240383087
2019-06-11,-0.0007521392901287615,0.0008334145610469079,1.0763974271299421,3.241696675754506
2019-06-12,0.00012154960502475608,-0.003919540668332999,1.0765282707638943,3.2290155820654567
2019-06-13,0.00029399863060356954,-0.004044470019662683,1.0768448151308303,3.2159822994773584
2019-06-14,0.0013154196485408434,-0.002825732813294124,1.0782622500155459,3.2069076201146403
2019-06-17,-0.00019103037157537278,0.0020534509460556905,1.078056288850315,3.2134996134522056
2019-06-18,0.0005958977090455714,0.008016865154420572,1.078698891566791,3.23936534905155
2019-06-19,0.0011137779513734868,-0.0034390813284694843,1.0799009919205564,3.228244042663342
2019-06-20,-0.0001881102194795823,0.007175855070583381,1.079697870613146,3.251492769029523
2019-06-21,0.0017680129539566392,-0.0030742467746041058,1.0816084789271811,3.2415122270566714
2019-06-24,-0.003556313435492839,-0.0012893641997457905,1.0777687718094824,3.237335430522673
2019-06-25,-0.0007153474188519682,-0.0006841419747001254,1.0769980683936644,3.2351213909135406
2019-06-26,-0.0008861675137574117,-0.0013541744264227162,1.076044090447636,3.230743437185102
2019-06-27,0.0001849505213681222,0.002804914299009198,1.0762431237682704,3.239818116547825
2019-06-28,-0.0013483807693884008,0.007612855367039373,1.0747929161727336,3.2645765047250213
2019-07-01,-0.0037147981607522093,0.00882940475158911,1.0708076841737202,3.2935283979328283
2019-07-02,0.003096316386224803,0.0012521792494801787,1.0741283818650516,3.2976550689770168
2019-07-03,0.0017135819915892949,0.006666674194965694,1.0759705668335873,3.319712905438015
2019-07-04,-0.0015423439601928656,0.00034347577193116763,1.0743123292435732,3.3208533422357926
2019-07-05,0.0034860488873871324,-0.0072136367048951655,1.0780639699457584,3.296984108172115
2019-07-08,0.0016115855731244472,-0.0037618188441363998,1.0798027630172087,3.2846047502747275
2019-07-09,-0.0026102463429073346,-0.00584395119753367,1.0769878871619214,3.265465658838543
2019-07-10,0.0012041984422363576,-0.002468705237442137,1.0782855754782594,3.2574141291797742
2019-07-11,0.0002491338420280398,0.0012247678405046258,1.0785542463725983,3.261406149398369
2019-07-12,0.001147290560144342,0.005570039404190652,1.0797923715869409,3.2796229973453976
2019-07-15,-0.000459514823521646,0.0016505988177470954,1.079296304969582,3.285040809274396
2019-07-16,-0.001402444263674458,0.0036697102580571794,1.07778371296878,3.2971181037625503
2019-07-17,-0.0009944125880663392,-0.0021339489525491473,1.0767124839874571,3.2900897238077333
2019-07-18,0.002921093490360752,-0.004040926370487696,1.0798622599707866,3.276821539414402
2019-07-19,0.0005374488348680347,0.00442322933231587,1.0804427866719515,3.291347775316912
2019-07-22,8.392292375065166e-05,0.0013394951173939518,1.0805334643944708,3.295759473656147
2019-07-23,-0.001801444799327788,0.0052944278505187015,1.0785886952276196,3.313254907690881
2019-07-24,-0.00012663875183140414,0.0017956458448935564,1.0784521127500162,3.319209684834346
2019-07-25,0.0007967378368888865,0.0016461043809936626,1.0793116987403868,3.3246779498707433
2019-07-26,0.0033016739768236226,0.0018902024747440294,1.0828811233846898,3.3309682074166522
2019-07-29,-0.00034354839918724353,0.0014491947810899575,1.082509165204718,3.3357989286413683
2019-07-30,0.0015301947781471833,-0.00564268796707168,1.0841668830687587,3.3170290622184293
2019-07-31,-0.001865583872920469,-0.005491758704470939,1.0821461643123893,3.298862667378798
2019-08-01,0.00107933517381653,-0.0016386040647802247,1.0833147932884708,3.293461563946406
2019-08-02,-0.0013768871165559032,-0.019600836453594894,1.0818242175191923,3.229535511165738
2019-08-05,-0.00020139378990220887,-0.02002967094046504,1.0816063667776479,3.165492498908825
2019-08-06,-0.0013818559437857622,-0.0013363085607878133,1.0801127747930315,3.161265249267423
2019-08-07,0.0013910619012595068,0.005017624068802462,1.0816163240456966,3.177167151390525
2019-08-08,-0.000666245448986691,0.01032608122707046,1.080895942094497,3.210144809427721
2019-08-09,-0.0020084032940171346,-0.002375132140874925,1.0787272456614208,3.2025293387686173
2019-08-12,0.0020385261856465022,-0.009430317454482307,1.0809285022962245,3.1724704257562446
2019-08-13,-0.00039564673853520677,0.00502090760340046,1.0805009210508416,3.1884391618657704
2019-08-14,0.0037365046900852644,-0.014685200721308078,1.0845457699023406,3.1419584176300193
2019-08-15,-0.0018710049452162591,-0.00483790289899666,1.082518476532905,3.1267946379158214
2019-08-16,-0.0020198415479712223,0.009673785955143899,1.080334167459289,3.1571893589482243
2019-08-19,-0.00035255936355885393,0.014562511283454427,1.0799533526666336,3.203502362982752
2019-08-20,0.0023879388726838397,-0.004718433969303604,1.0825352967936177,3.188422453369167
2019-08-21,0.002334550677188238,0.010451303651418442,1.085065482578143,3.221920368124216
2019-08-22,-0.0009474880910422538,-0.00013016392334108673,1.0840378828515267,3.2215010176211534
2019-08-23,-0.0013251295003577064,0.0016023783942316072,1.0826023436212098,3.2266672192483163
2019-08-27,3.4805579816140795e-05,0.005174790208396729,1.0826400248792452,3.2434078223775433
2019-08-28,-0.0011014014904611675,-0.0068969750614371605,1.0814482599685107,3.2211150841113083
2019-08-29,-0.00023172429749056787,0.004649902521645544,1.0811976911627585,3.23612783212089
2019-08-30,0.003986798364901505,0.005226675242534284,1.085516812361812,3.2530863009411535
2019-09-02,-0.0001244666042963245,0.004527315721938763,1.0853817101783003,3.267847438648899
2019-09-03,0.000647579379489053,-0.0008986872249749922,1.086084808624143,3.2649119851274735
2019-09-04,0.00247474833461618,0.007931838525887969,1.0887759237384105,3.290911716317248
2019-09-05,0.00011334802745852177,0.0015534003794357432,1.0888993413361492,3.2960277924545913
2019-09-06,-0.0005286939858315112,0.0028408226010920856,1.0883237989595116,3.3054045352265478
2019-09-09,0.0018359110022468552,-0.0013711153884781169,1.0903236998543229,3.300875549793489
2019-09-10,0.0004926375012880694,0.0030646586177915935,1.0908609665254034,3.3110071234709566
2019-09-11,0.00133402555607044,0.012250510346698107,1.0923171740259199,3.3518181178582944
2019-09-12,0.0007505470070906098,-0.0009813348181939574,1.0931373171511625,3.348530475437814
2019-09-13,0.0013322800060273708,0.011614197326986542,1.0945946527166028,3.387647686933879
2019-09-16,0.0019298220350260158,-0.006731924178701831,1.0967090651604894,3.3649188896679783
2019-09-17,0.0033458455005604924,-0.0009875504964220738,1.1003846297583189,3.361597502636706
2019-09-18,0.002242587493416791,0.000693374521272716,1.102855107663012,3.363929156957242
2019-09-19,0.0027856421258287013,0.0017486899866607786,1.1059315502542615,3.369816772496699
2019-09-20,-0.002134979968846302,0.003969333228493355,1.1035729272498986,3.38321928009804
2019-09-23,0.0004967776053560836,-0.0062467057651005575,1.1041212937628577,3.3621511763477767
2019-09-24,0.0013320709483767566,-0.006240867174236442,1.1055930416804616,3.341233776684552
2019-09-25,-0.0006363315958635285,-0.0072655742978113835,1.104889741685609,3.3170457707150307
2019-09-26,0.0008652510573896285,0.002207394471014368,1.1058461624152558,3.3243758864615063
2019-09-27,0.0010965896294151377,0.007660350311168074,1.107059486986674,3.349939558651615
2019-09-30,-0.002217285922863385,-0.0017190061250342836,1.1046075389099372,3.3441859387025854
2019-10-01,-0.0008238845438973537,-0.0032102132594111765,1.103697844624545,3.3334676019384144
2019-10-02,-1.2532866984207999e-05,-0.020122833872761703,1.1036840122129474,3.267059190750178
2019-10-03,0.001755603738825455,-0.006629816514857723,1.1056233458438482,3.2454708302820534
2019-10-04,0.0030524652591922396,0.006809500422068737,1.1090033787888915,3.267646281454458
2019-10-07,0.0006971568434581058,-0.0030951306940902867,1.1097767976496329,3.257548124770206
2019-10-08,-0.0013985831937115246,-0.011356547963353947,1.1082257673469487,3.220762895212255
2019-10-09,0.0010893785244984434,-0.001527176334342073,1.1094337025280556,3.2158479762693495
2019-10-10,-0.000855750590943222,0.003337889976366526,1.1084847100898378,3.2266000576443146
2019-10-11,0.0017536754089764758,0.04104717705561001,1.1104303379684033,3.3617986598311433
2019-10-14,-0.0014543842879455112,-0.005593927726273762,1.1088165193726756,3.3430455019048058
2019-10-15,0.0012395217504125415,0.013312942275653938,1.1101917737184115,3.3878488441283165
2019-10-16,0.0018069528784918076,-0.00044571004823446003,1.1121996514635224,3.386339182317301
2019-10-17,0.0008772285283525276,0.001638225899494472,1.113175732787608,3.3918913174543075
2019-10-18,0.0009352840493591142,0.00036590674711511895,1.1142173553251598,3.3931326604668874
2019-10-21,0.0029831774489211785,0.003961826995695361,1.1175462262503684,3.406602329672236
2019-10-22,-0.00014782655155426243,-0.0062681456453628215,1.1173810354556328,3.3853160326133436
2019-10-23,7.175714399213677e-05,-4.955057532285423e-05,1.1174612184043036,3.385148292412124
2019-10-24,4.450091874126899e-05,-0.001423207092811296,1.1175109475616687,3.3803339520664366
2019-10-25,0.002025371556501351,-0.0024194955473166857,1.119776616084725,3.372165135313841
2019-10-28,0.0008446515756919468,0.005293459541876544,1.1207228367250457,3.390062883737449
2019-10-29,0.0006681300854263082,-0.002075285240282554,1.1214718755695154,3.3830348314002134
2019-10-30,-0.005734355031122399,-0.0026413461768317603,1.1150593610667727,3.3741108561245254
2019-10-31,-0.0010127002198873332,-0.004664061229012972,1.113930711794774,3.3584104388134457
2019-11-01,-0.0006701690802176291,0.006834260221561195,1.1131844399663078,3.3814412994885803
2019-11-04,0.0010783969011057748,0.004498983670355727,1.1143855421327529,3.3966886216858105
2019-11-05,0.001251123683189016,0.002234610243686319,1.115780648820246,3.404287383848302
2019-11-06,0.0004169487350350039,-0.0038705205055737935,1.1162459691509685,3.391136486548801
2019-11-07,-0.0009152036733147593,0.010656960947653005,1.1152248440796613,3.427468948610476
2019-11-08,0.002386961323776234,-0.0037067033794979665,1.1178900222229453,3.414787854921433
2019-11-11,0.0008664460684033313,0.0025706894683121817,1.118859033374937,3.423577506989107
2019-11-12,-0.002499144647523312,0.0008423310166207898,1.1160663339437984,3.426462507403134
2019-11-13,0.002231928119777489,-0.006748972617113935,1.1185600956913253,3.4034152658489703
2019-11-14,0.0009109954547096137,-0.002862672617675699,1.119579563148924,3.393686334177955
2019-11-15,-7.141018009714927e-06,0.008494920408310236,1.119571568239646,3.422638227385766
2019-11-18,-0.0017282637081505532,0.0017676438639533387,1.1176383243883736,3.42869358312645
2019-11-19,0.0023611280422788394,0.004295937676642936,1.120280329405865,3.4434547208341892
2019-11-20,-0.0012131138510413128,-0.002594844750317904,1.1189221258155737,3.4345310731760876
2019-11-21,-0.0004186399788301604,-0.0051609795790970026,1.1184537983176563,3.4168511904435253
2019-11-22,-0.0016461724740728814,0.005673661114967032,1.11661414507005,3.4362923452889444
2019-11-25,0.00030120220633368905,0.01055623862184163,1.1169505223704177,3.472758802941054
2019-11-26,0.0009004709610723736,0.007780100078704777,1.1179567568552418,3.4998825900495794
2019-11-27,-0.0024621131146602064,0.004275573148710521,1.1152076066107803,3.514878629562557
2019-11-28,0.0006284119250871924,0.0033016844784050647,1.1159086366144597,3.5265028289368545
2019-11-29,0.0011288350215862687,-0.010087043900460557,1.1171690246155794,3.491109646478513
2019-12-02,0.0007006111619510143,-0.005415229446029457,1.1179519999526142,3.4722555823373833
2019-12-03,-0.0017445896431113627,-0.00967451764547178,1.116003332778532,3.4388251568039134
2019-12-04,0.000319825841020544,0.007996836496882764,1.1163603165662965,3.4664351284019292
2019-12-05,-0.0031700375596191268,0.002020689664902875,1.112827015739763,3.4734467998601417
2019-12-06,0.00039301660850719325,0.010840528276853334,1.1132644611953781,3.511305632229443
2019-12-09,-0.0012267161116717642,-0.0004969653253628081,1.1118996390400944,3.5095610686131917
2019-12-10,0.0013000371272988333,-0.006785994799184181,1.1133460898688468,3.4858258301399463
2019-12-11,0.00336828323710342,-0.00646904619730293,1.117102477577868,3.463348643175882
2019-12-12,0.00029674759115339336,0.007041536813424898,1.117434024237564,3.487822004058035
2019-12-13,-0.003308907406015339,0.03379930475873216,1.1137426490963334,3.6077228309402387
2019-12-16,0.0006236520760177379,0.019015663873975797,1.1144374536472224,3.676982497931709
2019-12-17,0.0017959905260510952,-0.010570850619869177,1.1164407711870215,3.638318381549494
2019-12-18,-0.0008051270294198353,-0.0012501753562990103,1.115542256303239,3.6337726876198286
2019-12-19,0.001127393189008581,0.00013847474954076233,1.1168006202472331,3.634275908223504
2019-12-20,-0.0015584494853441069,0.00037845390900770326,1.115061498414133,3.635651574444094
2019-12-23,0.0005533506636859051,0.007771571379803888,1.1156786891800425,3.6640163769476164
2019-12-24,0.00026134275058666635,0.006284141149347278,1.1159703018212088,3.6871140716091726
2019-12-27,-0.00018840619270288773,0.003537706433997201,1.1157600659109688,3.7001810988080663
2019-12-30,0.0002168688776685549,-0.005577847392473245,1.1160020657843823,3.6795995071648746
2019-12-31,0.0036896036487410306,-0.0024144581048854974,1.1201272765949652,3.670725984996589
2020-01-02,-0.0026246818373749543,0.010224762580026692,1.1171911537562496,3.708450821775462
2020-01-03,-0.0032869657217300483,-0.0054472286677622606,1.1135250132690806,3.6883049615143517
2020-01-06,-0.0013516805392259717,-0.010349735242218827,1.1120208999480623,3.650328842051224
2020-01-07,0.0013085025618684027,0.0032526350804165105,1.113476934549249,3.662221360223964
2020-01-08,-0.0010424314757453987,-0.008315581681081596,1.1123168159222994,3.6318941284131507
2020-01-09,0.0010209661493785925,-0.00040654954942631605,1.1134530336599682,3.6304178835953462
2020-01-10,-0.003950428907869662,-0.003536256697014295,1.1090630933907892,3.617602466698284
2020-01-13,0.005464740414696196,0.006935768328240499,1.1151404256972877,3.6427805329961265
2020-01-14,-0.0006480139528339578,0.0018079694925674517,1.1144180332275455,3.6493725263336936
2020-01-15,0.002673373628151391,-0.0019784129819910845,1.117401274891357,3.6421596976810497
2020-01-16,0.0028891390121298117,0.00037295914461132895,1.1206342705449326,3.643518327787447
2020-01-17,-0.00107030885651085,0.007563008077474009,1.1194354874088026,3.671178752492861
2020-01-20,-0.0017208425336692542,-0.0017881019247223406,1.117510771749628,3.664620176148504
2020-01-21,-0.0021574921230541277,-0.004661353466630658,1.1151023500717707,3.6475778372276246
2020-01-22,0.0018369715250435468,0.0008090212546054687,1.1171526439255217,3.6505299992456597
2020-01-23,0.0033687842521394696,-0.010271771772792704,1.1209224364031916,3.613224512969845
2020-01-24,-0.0030919674838420386,0.010313143458672513,1.117461933316378,3.6506810309502797
2020-01-27,0.003523376879488202,-0.021371921939923766,1.1214061171987648,3.573486793776283
2020-01-28,0.0009051354005063045,0.006055707943330546,1.1224216010796606,3.595192441338226
2020-01-29,-0.003257242923382717,0.0016735963662117825,1.1187715490427175,3.6012143800857013
2020-01-30,-0.0028554530848215465,-0.008283297141430168,1.115581506048378,3.571507655972381
2020-01-31,-0.0005850145002294482,-0.00699420739402612,1.1149290655533348,3.546614944587171
2020-02-03,-0.000256206844980338,0.0008226279746601506,1.114643449685005,3.549533689611993
2020-02-04,0.0026791014605270567,0.01309853260552174,1.1176336963776017,3.596333205753587
2020-02-05,0.0015468776491344173,0.003729045061430014,1.1193638768061622,3.6097691303481425
2020-02-06,0.0001785608125917876,0.0024551801674377316,1.1195637691755316,3.618642652516425
2020-02-07,-0.0015342627291310756,-0.003417502658574989,1.1178473812433092,3.606297039229831
2020-02-10,0.0022803178479854826,-0.00027911779333678055,1.120399337107519,3.6052905980224828
2020-02-11,-0.001027895398626251,0.007079384863844851,1.11924827547111,3.6309043957024105
2020-02-12,-0.00013094021893479365,0.00679108032441178,1.1191017304514053,3.6556460753830042
2020-02-13,-0.00210707137312113,-0.00550297050739168,1.1167461857534637,3.635584412840085
2020-02-14,0.00021002704452512594,0.005346930590432564,1.1169807572866628,3.655075693175323
2020-02-17,-0.0027528743735713546,0.0016599801846819418,1.1139100781203641,3.661148085030193
2020-02-18,0.00236528965744455,-0.0067947144791400405,1.1165479165035854,3.636355952242199
2020-02-19,0.0016538913156563051,0.007921142515556312,1.1183960933267183,3.6652744284567986
2020-02-20,-0.0019286900836371188,0.0007227674416672158,1.1162411326655794,3.6679245270655922
2020-02-21,-0.0040880476558541375,-0.003963631613800089,1.1116872004080218,3.653414999659685
2020-02-24,0.0014681934336794513,-0.030880223755824332,1.1133205710145593,3.542320860959342
2020-02-25,-0.0005566409768590077,-0.019214692011903622,1.1127010236130852,3.4749060085637584
2020-02-26,-0.002212704714583123,-0.004499390739734821,1.1102416667309292,3.4593061698498944
2020-02-27,9.421426079771731e-05,-0.04155870086999869,1.1103462722564559,3.3184882709220447
2020-02-28,0.004192483313185924,-0.023143384856577853,1.1150111523578923,3.2425691213714187
2020-03-02,0.0022942781085903423,-0.0015117376377205005,1.1175722348299062,3.23767091092512
2020-03-03,0.0014623659126955292,0.019546903185837294,1.1192077299257748,3.3015799275915985
2020-03-04,0.0029949249345188013,0.0030488698459993913,1.122564697486748,3.3116613757792503
2020-03-05,-0.001745570558792761,-0.021487656305582803,1.1206068908424165,3.2412606167548343
2020-03-06,-0.005815655357141602,-0.030294182858504826,1.114108741188803,3.1445416822523886
2020-03-09,0.001528869074190945,-0.06611271982432854,1.1158133703338446,2.9433707278769874
2020-03-10,0.005463453495086506,-5.676669905696485e-06,1.1219262482986683,2.9433540193803798
2020-03-11,-0.014409874977074006,-0.011918882701401401,1.105875354750849,2.908480766022319
2020-03-12,0.005467741882958569,-0.09820138535683576,1.1119385566512887,2.6364399042472075
2020-03-13,-0.011994038128204477,-0.009936358578151783,1.0986815844468865,2.6103730114534294
2020-03-16,0.01010294236240361,-0.08109605397928021,1.1098377613835722,2.4070383067675065
2020-03-17,-0.0050195894918989865,-0.030057358704176806,1.1042807899444516,2.3357655935525514
2020-03-18,-0.001847409766682311,-0.06809868965570409,1.102242614080625,2.1819981183284267
2020-03-19,0.008024756584044975,-0.013817131974750652,1.1111234282834166,2.1520564924098786
2020-03-20,-0.01032676884440126,0.05776268739032986,1.0997081563647213,2.2800253936386654
2020-03-23,-0.004080944294819511,-0.038594069132072306,1.0952294535221758,2.193706351612129
2020-03-24,-0.002203864820370349,0.08038616359486461,1.0928183736822326,2.377331582654189
2020-03-25,0.0005096624716895257,0.04465330583103899,1.0933754841527616,2.485893073648349
2020-03-26,0.0003016473268956151,0.037142590829434496,1.0937053476935759,2.579961745733209
2020-03-27,0.000849468956843519,-0.04052894712799748,1.0946348111536617,2.477489191281733
2020-03-30,-4.30629580314252e-05,-0.009879526660018456,1.0945876739556701,2.4531332813021995
2020-03-31,-0.003202619393598172,0.03206254737600567,1.091087733722806,2.533061487185605
2020-04-01,0.0028234117565189396,-0.037369014320256966,1.094172676640302,2.44015028801271
2020-04-02,-0.0022350233787109632,-0.007618059932850585,1.0917299059693137,2.4216317042740254
2020-04-03,0.007775765145587629,-0.023662416690736876,1.1002520314044504,2.3650026778641973
2020-04-06,0.005992655348352425,0.04934662215062602,1.1068652582284035,2.484635022139165
2020-04-07,-0.003387207194780797,0.049817063518343474,1.103122418727043,2.611547192861999
2020-04-08,0.005994685776198336,0.018694975371067457,1.109755151712078,2.6608292312199557
2020-04-09,0.0032055479208162067,0.03378621689202532,1.1133182327937932,2.752264513192626
2020-04-14,0.0030033575870758505,-0.020025032036862456,1.1166669517381447,2.697698494687312
2020-04-15,0.001526080260381014,-0.04677883336817068,1.1183723761068614,2.5744094467874103
2020-04-16,0.012256234510946575,0.0020178226599139037,1.1321637527529953,2.579609393025364
2020-04-17,0.0021240562822940397,0.030779159500154307,1.1345710880373523,2.660242140515672
2020-04-20,0.0025811356362392783,-0.002310436566888896,1.1375033525628038,2.6541029146743758
2020-04-21,0.0012507033057076082,-0.027123589000943582,1.1389269218119213,2.5830816479524663
2020-04-22,0.007903103980541474,0.01205742519493036,1.1479636417344696,2.6144154847794203
2020-04-23,-0.004069942049718911,0.013250654722625654,1.1433009910326801,2.649288738137478
2020-04-24,0.0035835137574942743,-0.006772253805138462,1.1474053755299307,2.6314076982104795
2020-04-27,0.002977049980571406,0.016770238874620702,1.1508263483577812,2.675909140833542
2020-04-28,0.0007317246569655061,0.02102150743548492,1.1516687445362013,2.732756196743203
2020-04-29,0.0016605222016594973,0.032828305297195826,1.1535827047023497,2.823956740719434
2020-04-30,-0.0014018872038659997,-0.0228789228448516,1.1519666449014727,2.7600811410461654
2020-05-01,0.003955310409073696,-0.018784227157411237,1.1565320534149126,2.7087190586695096
2020-05-04,-0.0035404071525272714,-0.012249350007914828,1.152444698780073,2.675741400632317
2020-05-05,-0.0008578765202657097,0.008825165558663528,1.1514564674829055,2.699459766800166
2020-05-06,-0.0011100723799662318,-0.006896210767292743,1.1501789766464494,2.6809077660682705
2020-05-07,-0.004315514478640096,0.016469320038323687,1.1452260575036304,2.725426080996731
2020-05-11,-0.0006095229152033416,0.0014514175067468216,1.1445282286714307,2.7293846842221083
2020-05-12,0.006789935830849015,-0.006071926066173461,1.1523259449389451,2.7128622744015116
2020-05-13,0.0032657539131864385,-0.01840240843362828,1.1560953094612965,2.6633956235369287
2020-05-14,0.00012131144492218116,-0.030274635945765738,1.156235565560918,2.5839706382571994
2020-05-15,0.0021781520560263472,0.016494621596487846,1.1587567672187948,2.6269457105726386
2020-05-18,-0.003286842789416405,0.03570061917176304,1.1549543682607886,2.722423465871296
2020-05-19,-0.0006762869474266547,0.005536071506460516,1.1541735517544258,2.737536792478096
2020-05-20,0.0015004108005461196,0.002900208300149032,1.1559065860237285,2.7454877435396448
2020-05-21,0.004631274908528843,0.0011296503865150243,1.1612723227023334,2.748590937262299
2020-05-22,0.00010995290856249625,0.000786971510486012,1.1614000149917882,2.750754851381606
2020-05-26,-0.002172656664609889,0.03207374275465469,1.158879430682609,2.840411988936024
2020-05-27,-0.001268980496567777,0.012336877350968223,1.1574097679710758,2.8756708481863518
2020-05-28,-0.0011630685076133515,0.011304559084562626,1.1560644036466423,2.9083634789284982
2020-05-29,0.0032275223596822757,-0.017189900177195128,1.1598016551458192,2.858796249466701
2020-06-01,-0.002225221018415576,0.01366551474031219,1.1572237094388294,2.8981313266538105
2020-06-02,-0.0011174970336992882,0.009149207831807615,1.155931237677388,2.924768601655268
2020-06-03,0.00022337216354247275,0.026084381906915866,1.1561894693786674,3.002063089808907
2020-06-04,0.002897766859633712,-0.003980601013610752,1.159544695890753,2.9901368270253683
2020-06-05,0.0028365064090096793,0.02237216685699117,1.1628384209799638,3.0577865812261824
2020-06-08,0.008519443187008391,-0.005081673998848402,1.1727874768755167,3.042287321109538
2020-06-09,0.00011457183212448862,-0.021264451664587014,1.1729218529831462,2.9782777258458393
2020-06-10,0.0021820648280013715,-0.008472753675929923,1.175484038915804,2.9531501126553983
2020-06-11,-0.0010755319445449043,-0.03654631195172797,1.1742204479196952,2.847171722474821
2020-06-12,-0.004207062543935538,0.006085100712670766,1.1692908059818679,2.8645498694157276
2020-06-15,0.004531862775105321,0.0006964973281426978,1.1746018969366347,2.8665457157162315
2020-06-16,-6.298167860457573e-05,0.02173501685137147,1.1745279208670665,2.929532161275977
2020-06-17,-0.0020804246603601147,0.006716767760734044,1.1720869440308286,2.949275379530634
2020-06-18,-0.0005914421558891367,-0.003652330494251288,1.1713939273615996,2.9385232981556673
2020-06-19,-0.002602181713152765,0.009600818656052112,1.16834971002605,2.9668713921625858
2020-06-22,0.00018039445708656397,-0.0064604947152915315,1.1685604928491322,2.947765717719616
2020-06-23,-0.004226221313300048,0.004508037906488127,1.163632318700836,2.9610843552203447
2020-06-24,0.001805014636856925,-0.02884958997420739,1.1657345888113908,2.8768787742057182
2020-06-25,0.005295404580549448,-0.0022590725182496385,1.1719239983432248,2.870387031847787
2020-06-26,0.0025033193737401104,6.425710880719748e-05,1.1748613734528903,2.870571480545618
2020-06-29,-0.0018622737697703829,0.004983704246004805,1.1726754959169223,2.884913267750297
2020-06-30,0.005692867531612094,-0.004633159128788478,1.1793704207516902,2.8715779217529627
2020-07-01,0.0046271677343535786,0.004092342482492128,1.1848402105675946,2.8833534804494625
2020-07-02,0.006010841859573178,0.010330759838883097,1.1919835449212477,2.913295106368008
2020-07-03,0.004481390938886036,-0.003801595577098027,1.197337276300553,2.9022409615838085
2020-07-06,8.384849113674138e-05,0.014231848153691828,1.1974376754336515,2.9438405314874476
2020-07-07,0.0009605767562940685,-0.01146144351900702,1.1985884588511988,2.910292491242575
2020-07-08,-0.0005259528894034794,-0.009544003562977466,1.1979582235396302,2.8826487750337706
2020-07-09,-0.001789496365927467,-0.011712036684937033,1.1958163986175936,2.8490840262922923
2020-07-10,-0.0007326580920777944,0.01140945041115593,1.194940594928014,2.8817766570344356
2020-07-13,0.0002976225503877614,0.011867578503348852,1.1952962891241197,2.9161801067820328
2020-07-14,0.0026522591250029834,-0.01217616984093084,1.198470732476326,2.8808875029209133
2020-07-15,0.00039584408771341066,0.014216066358283541,1.1989452339381774,2.922134883925502
2020-07-16,-7.985164354645048e-05,-0.00571638841906541,1.198849500013032,2.90547847851447
2020-07-17,-0.0028479865446808406,0.0015344809626558487,1.1954400501061386,2.909940302343523
2020-07-20,0.00037095408910166436,0.002188071233563349,1.1958835857415941,2.9163144299900448
2020-07-21,-0.0018404519039776576,0.006644222067192729,1.193684643663547,2.9357555848354666
2020-07-22,-0.0016949243201474441,-0.00206486453575927,1.1916631521519179,2.929699901477203
2020-07-23,0.003974344175995145,0.0013617879720371207,1.1964086555458788,2.9336922493133715
2020-07-24,-0.0009982082384106567,-0.012930908961287457,1.1952149864336943,2.896001157145296
2020-07-27,0.0007184642588174758,-0.00621106018098061,1.196074014236485,2.8780696641108943
2020-07-28,0.0011404653270157767,0.006986814352414328,1.1974388733175605,2.8982486137476364
2020-07-29,-0.0008881139579680204,-0.0017667901091211746,1.196375883238386,2.893132537610291
2020-07-30,0.0013815765555253083,-0.013460058064813651,1.1980299104297647,2.854451712731473
2020-07-31,0.006448357643618834,-0.004972080390118094,1.2057801972149087,2.840294374224618
2020-08-03,0.0006241875046284282,0.013223725049149593,1.2065330650882546,2.8781030811041086
2020-08-04,0.0006410823546895194,0.008681101495680466,1.2073068001340752,2.903196949683752
2020-08-05,-0.0004200496690290443,0.018921274296948454,1.2067997778069977,2.9586521223025897
2020-08-06,0.0020629416012044282,-0.00904965130208879,1.2092919049455169,2.9319981388045244
2020-08-07,0.0020900363607118597,0.008176147785906807,1.211822012084514,2.956068857680219
2020-08-10,0.00015300144224894216,0.0057712378624152905,1.2120074367848734,2.9731783582051037
2020-08-11,-0.0009254850140986641,0.015245694139517596,1.2108862609608906,3.0188538184279485
2020-08-12,0.0014122298169201002,0.00512101907387752,1.2125975187037128,3.0343530785445947
2020-08-13,-0.002040768765527469,-0.009163116663147619,1.2101254109205337,3.006675945342573
2020-08-14,-0.0026142920993093063,-0.01060015220656041,1.2069659213333905,2.97497304731117
2020-08-17,-0.0031960853338987042,0.002044683173807016,1.2031145132466499,2.981062147662646
2020-08-18,0.0004163587259993673,-0.00841371312680117,1.203615544769802,2.956085566176828
2020-08-19,-0.0033458568334867544,-0.002249569716605393,1.1995951490592862,2.949443119731856
2020-08-20,0.003926954264667245,-0.004960129557938231,1.2043151659253377,2.9348497222253394
2020-08-21,0.004002294974735424,0.004635840955574011,1.2091448489229468,2.9484868040143297
2020-08-24,0.00332497870504259,0.0060914462998624685,1.2131719210513612,2.9665021671493434
2020-08-25,0.0032649001112697654,-0.006080001643692157,1.2171392791811961,2.948520548625122
2020-08-26,0.00012357979783811314,0.009945836836251942,1.2172897023016962,2.97799237093321
2020-08-27,-0.0008328607760194314,0.0004730535806256597,1.216276291529218,2.9794014541470086
2020-08-28,-0.0011849174941916825,0.0014796378916894781,1.2148359579803467,2.983813152486246
2020-09-01,-0.0002744936117340829,-0.010380772385859771,1.2145025390333553,2.9529990809507805
2020-09-02,0.001902028333204976,0.005653008979217944,1.21681475552691,2.9697396840800065
2020-09-03,-0.0005866295214643632,-0.013917894934003527,1.2161011454020123,2.928693460269855
2020-09-04,0.0016297892247282646,-0.006054964067029545,1.2180847499345417,2.9110139051548716
2020-09-07,0.00328075449968251,0.016453355752117815,1.222087549469884,2.959306046993302
2020-09-08,0.005728069398149944,-0.0009640632465028887,1.2291078389213623,2.9564544635724865
2020-09-09,-0.003224851341133023,-0.0017205423003012754,1.2251505331495867,2.951372132045938
2020-09-10,0.002648635737476603,-0.0008869915948643836,1.2283998118137232,2.948755450430353
2020-09-11,0.0014599081725985323,-0.0013320199289843515,1.2301944724393143,2.9448302641981856
2020-09-14,-3.66932123267306e-05,0.006891276808563163,1.2301493334804856,2.9651939901503384
2020-09-15,0.0014687961207404676,0.007781898910689478,1.2319574996380798,2.9883588464159083
2020-09-16,-0.0007229255549112707,-0.0011288523307868559,1.231067207925116,2.9849873338948165
2020-09-17,0.0003335058074924687,-0.003242147466110623,1.2314778444594008,2.97532523621023
2020-09-18,-0.000645698025553282,-0.009516490895576268,1.2306829383090048,2.947144882404537
2020-09-21,0.0046423695522634775,-0.040591419829024034,1.236409505446041,2.8299115178628975
2020-09-22,0.003454971300034729,-0.0029146900503977946,1.2406886527113232,2.8216752118887185
2020-09-23,-0.002095459269923069,0.010131821402820762,1.2380915621719413,2.8504092394054825
2020-09-24,0.0022382703349544284,-0.011261953265703895,1.2408658494317142,2.8184881480654527
2020-09-25,0.0038917971671722585,0.014264538583033115,1.2457044569617506,2.8589806981645323
2020-09-28,0.0010488083994476347,0.018957816367931812,1.2470116476358952,2.9136977483744615
2020-09-29,-0.00012844780387636073,-0.011382797896564156,1.2468514820150294,2.8807197627196897
2020-09-30,-0.0002126320647975262,0.008211450500585471,1.2465863895944858,2.904472037307125
2020-10-01,0.0017407836607456055,0.003930931619168021,1.248758316692331,2.9159117879835947
2020-10-02,0.0010704674011928835,0.0007073622233093602,1.250095787494048,2.9179751235056837
2020-10-05,-0.0017604437053527558,0.010709348558172849,1.2478970002223384,2.9493926666244557
2020-10-06,0.0019511474624031592,0.012114209919953822,1.2503342081905346,2.985339522793868
2020-10-07,0.002617687613515384,0.0002472185050539366,1.2536114801257443,2.9860776452027715
2020-10-08,-0.0002630852320786546,0.00807873015870797,1.2532817168383863,3.0102990681655037
2020-10-09,0.001195036542645452,0.007118244259556761,1.2547803295583706,3.0318035585330176
2020-10-12,-0.002136775637906704,0.005148655030069449,1.2521020080244067,3.0474535227366983
2020-10-13,0.0011557084830900672,-0.01534745600755727,1.2535499094515967,3.001039940104954
2020-10-14,-0.0015255573981037703,0.003314627462231101,1.2516390050810984,3.011003773581198
2020-10-15,0.0012795698184430767,-0.00625337767052514,1.2532415896663605,2.992233579540672
2020-10-16,-0.002349777700893346,-0.0008748736841024396,1.2503002076754286,2.9896168979250883
2020-10-19,0.001133588538749426,0.002420871408437719,1.2517183372967273,2.9968631435709523
2020-10-20,0.0004719155324478685,0.0035255844650041723,1.2523091820257846,3.0074474847446897
2020-10-21,0.004097362201018971,-0.007917752117906574,1.2574508728235831,2.9837292823856316
2020-10-22,-0.0029918056451299748,0.005974963595820171,1.2536944462548527,3.001610322312633
2020-10-23,-0.0016299370942498433,0.011954326270082305,1.251652667609455,3.0377078825690806
2020-10-26,-0.0007661416229429741,-0.014253753989166285,1.2506940916526896,2.9947162655658266
2020-10-27,-0.0006943316275138324,-0.014988659179095976,1.2498259965963125,2.950164206026574
2020-10-28,-0.00030111219605707387,-0.01945135369394002,1.24944971540006,2.893334022422309
2020-10-29,0.0007888931631527868,-0.004136410461864415,1.2504357866395315,2.8813907235245892
2020-10-30,0.003566522060032625,0.0021342800366053183,1.2549034557416827,2.8875469854800713
2020-11-02,0.0015354659401697287,-0.0019712458078107176,1.2568317973287255,2.881860527135049
2020-11-03,0.0005445440336744574,0.017951418300640398,1.25751638396216,2.934061146709035
2020-11-04,0.0008607414892696498,0.01725287217615623,1.2585992464527533,2.9851213294852457
2020-11-05,0.0013104610327004627,0.0074123152265919146,1.2602496728945947,3.0073301976508664
2020-11-06,0.0037807252822514435,-0.0005969496898998727,1.2650233489876073,3.0055355085447992
2020-11-09,-0.003494463704454845,0.05073947879545493,1.2606104855953177,3.1619699546831184
2020-11-10,0.00017092465861137944,0.009393231191843654,1.2608259734277776,3.191811002004447
2020-11-11,-8.890761749591036e-06,0.01625840509593246,1.2608147637742715,3.2441289086722565
2020-11-12,-0.0015865851876360614,-0.001966752261015614,1.2588159598013935,3.237754781025734
2020-11-13,0.0016227600515718137,-0.0016695561508850432,1.2608603744017732,3.2323536775933377
2020-11-16,-0.000586556241203318,0.017393243824118443,1.2601210257358668,3.2890665741037783
2020-11-17,0.0011180640977172616,-0.004697876378520149,1.2615307097251995,3.273651184087743
2020-11-18,-0.006594726500889654,0.009368729545835563,1.2532386317673558,3.304465255623208
2020-11-19,0.001963632563602852,-0.009865836057887378,1.255701949688786,3.272024235182898
2020-11-20,-0.0022148863950102694,2.5632152974353062e-05,1.2529237903136736,3.272108105283511
2020-11-23,-0.0008739700309564659,0.0038578480809015048,1.251829250836887,3.284755781979347
2020-11-24,-0.0003735294214821127,0.01052530384920658,1.2513617431004103,3.3195114206260006
2020-11-25,-0.0013096272331806352,-0.011189385716113165,1.2497239983347366,3.2825751593634256
2020-11-26,-0.00018608075317322022,-0.008884775218378493,1.2494914703870266,3.2535393960550105
2020-11-27,-0.0009923459584642651,0.0034174066301453365,1.2482521575914756,3.2646770833222396
2020-11-30,-0.0015819201222661396,-0.006515574353086251,1.2462790834200501,3.2434749839815447
2020-12-01,0.00035990864408190796,0.025957848661452232,1.2467277107626982,3.328770876304132
2020-12-02,-0.0011371406688213195,0.0016615229765299944,1.2453108117392764,3.3343063029445372
2020-12-03,-0.002114958458282576,0.01272690656156783,1.2426798143106452,3.377012892652739
2020-12-04,-0.0006542535468750066,0.0024952861191458453,1.24186705253963,3.3854500282037794
2020-12-07,0.002728085659768719,-0.012614720877440533,1.2452595977098464,3.3430117572940174
2020-12-08,0.0016940659185408931,-0.002974822416437206,1.247370937423451,3.333081668428566
2020-12-09,0.0005699674146334157,0.0006741588855998515,1.2480821008624838,3.335329452648486
2020-12-10,0.003282908011421491,-0.006448094049304132,1.2521861725492636,3.3138921238849823
2020-12-11,0.000947542307375913,-0.00680074613101489,1.253373234231232,3.2914316454175276
2020-12-14,0.0014597027213110586,0.007200562467934546,1.25520412250326,3.315217336998174
2020-12-15,0.0009565724578523723,0.004462825318526598,1.2564053906542434,3.330045636309921
2020-12-16,0.0012554790510796697,0.012225700788585314,1.257983771906848,3.371007662401875
2020-12-17,-0.0028491631080932766,0.00987319520636376,1.2544046720941047,3.404455124049526
2020-12-18,-0.010482324904518975,-0.008893351760113077,1.2413242710380537,3.3743123409365428
2020-12-21,0.0024409006743786195,-0.021312950286095145,1.2443579212015117,3.303156751006624
2020-12-22,0.0005133963545293717,0.013046671029812273,1.2449969340413818,3.346534301519729
2020-12-23,-0.0007645545239273083,0.017248352999384764,1.2440454297879753,3.4047571874587628
2020-12-24,0.0034909152411506574,0.012187761802548991,1.2483958760410165,3.4465074614494426
2020-12-29,4.512286690448741e-05,0.016933995066263918,1.248452208512907,3.5053675635825856
2020-12-30,-0.003933266904995238,-0.008771417068341947,1.2435513572549775,3.47475497685914
2020-12-31,0.0019899825784614206,-0.011008854441213245,1.2460284666761812,3.4367116957920025
2021-01-04,-0.004079784768390502,0.0024179491214635362,1.2409552944789435,3.445031544249216
2021-01-05,0.002968177853155487,0.008701966986430776,1.2446441423708268,3.4751409103689914
2021-01-06,0.002582794629563626,0.012271449225634612,1.247862957557402,3.51804865727163
2021-01-07,-0.0010255128771819162,0.0017483788269849754,1.2465839139753956,3.524204919227115
2021-01-08,-0.004954584404916991,0.0025811061329648055,1.2404228840305946,3.5333130155830452
2021-01-11,-0.00028739784581382875,-0.013771611139439699,1.2400664403888468,3.484987129133829
2021-01-12,-0.003462608821709623,-0.0030417463198801897,1.2357800008073498,3.4744027879600834
2021-01-13,-0.0012479989736217867,-0.004679459530002816,1.2342387105990658,3.4581824415487206
2021-01-14,-0.003939372867534265,0.0077068224824703435,1.229386148411817,3.4849370036440095
2021-01-15,-0.003286930807382702,-0.007740833617946308,1.2253518750273302,3.4580648268373166
2021-01-18,0.0035312441060829777,0.001149011354199203,1.2296865404905075,3.4620404661768847
2021-01-19,0.0006412920093016326,-0.0017652016159406259,1.2304753815545706,3.455934657328803
2021-01-20,-0.0004041769273157718,0.013431737968430113,1.2299781522867839,3.5026670118663916
2021-01-21,0.0019124239549687247,-0.0042135808729941715,1.2323326426435828,3.4879392911518567
2021-01-22,0.0008937333946847235,-0.009509420641796495,1.233434511794958,3.4549282161214516
2021-01-25,-0.0030737979686927693,-0.012040011089768043,1.229649004221362,3.413580256519648
2021-01-26,-0.0009456608042734975,0.004804072012056793,1.2284867230035679,3.43001879623964
2021-01-27,-0.0009404448001962709,-0.008348359511925807,1.2273319421417483,3.4015029620314943
2021-01-28,0.00026828557467275193,0.00442350963922955,1.2276612617710378,3.4165828716450846
2021-01-29,0.00021100132017128374,-0.006882383727241148,1.2279203272486123,3.3931493689634897
2021-02-01,0.004773705860288756,0.008074645466825459,1.2337960710890046,3.420658761964288
2021-02-02,0.004504873720238381,0.01448804966788586,1.2393667046653742,3.4705781803251403
2021-02-03,0.0023943544134902065,0.0030018010051584554,1.2423377432448932,3.4810118174118436
2021-02-04,0.0004209694042741787,0.002738118246872645,1.242860839520613,3.490556300385024
2021-02-05,0.0009674168708984146,0.012303067205953866,1.24406378584641,3.533766110696903
2021-02-08,0.0005627812073470857,0.0009346422092608719,1.2447641186144016,3.537070461613992
2021-02-09,0.004171378315122473,0.0012464974540176144,1.2499673454351479,3.5414821599532234
2021-02-10,0.0012848334676054754,-0.005533233517313718,1.2515743774771788,3.521940426510584
2021-02-11,-0.001448074100270422,0.001023461129992853,1.2497633166282174,3.525546840836907
2021-02-12,0.003439424766382971,0.0009320853261147732,1.2540691841404878,3.5288344832573895
2021-02-15,-0.0004961652978278561,0.017967168546537238,1.2534471128680928,3.5928106615278748
2021-02-16,0.0023173694117555993,-0.00011672615610258674,1.256355181099481,3.5923913110248127
2021-02-17,0.0005008031620557926,-0.012540737356456333,1.2569845253224758,3.5476213857945145
2021-02-18,-0.0003414081294690431,-0.010246391387628506,1.2565554538353285,3.511456663934061
2021-02-19,-0.006021937957224743,0.004865382563822962,1.249011292885385,3.528582872955551
2021-02-22,0.0008321330715593616,-0.002613241864784399,1.2500510690450115,3.5193738703848223
2021-02-23,-0.00043801299193428134,0.0036442380031544985,1.2495036503331947,3.53222270427509
2021-02-24,0.0016588359567553486,0.012036850641912622,1.2515780920200013,3.5749964555873026
2021-02-25,-0.006167924558094986,-0.005391565914630192,1.2438822109747447,3.555773494050507
2021-02-26,-0.001310685911958455,-0.013664875051219383,1.2422529400491522,3.5075147692052915
2021-03-01,-0.0016730817381707878,0.01476815717618507,1.2401762870305024,3.559698680282668
2021-03-02,0.0015043039950659181,-0.002056615156863728,1.242043293093933,3.5523852730328023
2021-03-03,-0.0015312216137287919,0.012127579567357216,1.2401429048874193,3.5957294065526932
2021-03-04,-0.00014915697787506402,-0.006557166769489697,1.2399579427141354,3.5722287422671
2021-03-05,-0.001329488901276761,-0.015850698657390083,1.2383105277438624,3.5160528109711238
2021-03-08,3.708530537719929e-06,0.011804243511489787,1.238315120064785,3.557803084961801
2021-03-09,0.0003370165961101595,0.008090669259980032,1.2387325231433928,3.5867048526797896
2021-03-10,0.002880708617822321,0.0011310901709684629,1.2423060953368272,3.590764034502387
2021-03-11,0.0017856519332539495,0.005887347363980666,1.244526403376366,3.6119664614606637
2021-03-12,5.8994758443603424e-05,-0.0012360529839057222,1.244599826076666,3.607504637631611
2021-03-15,0.0026055925767793616,0.0007390563646474391,1.2478469746805967,3.6101717723545943
2021-03-16,-0.00293100903379168,0.011185930689363133,1.2441948787027093,3.6507816095474936
2021-03-17,0.005837205519211831,-0.00950541132958449,1.2514787379253955,3.6162438365918823
2021-03-18,0.002589007510063188,0.0004637444749668873,1.2547230237044993,3.6179212386041306
2021-03-19,-0.001408249656013156,-0.006899428227058024,1.2529573040168567,3.593045563333106
2021-03-22,-0.0018874099952080493,0.001660577037263522,1.2505946901895275,3.599017048973179
2021-03-23,-0.004290690018856666,-0.005800730301285029,1.2452402713250632,3.578200555524749
2021-03-24,-8.698847297969878e-05,0.0033087839023480115,1.2451319544865942,3.59005965670428
2021-03-25,-0.0023954867205997175,-0.005843425247473277,1.242152827078907,3.569142584658636
2021-03-26,-0.001954774125714749,0.00976979032092018,1.239727070547831,3.6041832506003377
2021-03-29,0.002953407244329243,-0.0023856765946330682,1.2433939016163362,3.5955950833446804
2021-03-30,-0.001465248628990223,0.0064590186101813885,1.2415733545094934,3.6188942628182614
2021-03-31,0.0010997392981262587,-0.0025851564821728346,1.2429395125901292,3.6095509370395193
2021-04-01,0.0033693601589456505,0.009895714546132695,1.2471344866844702,3.64544734010153
2021-04-06,-0.0022596767600688095,0.011974419315647467,1.244319547492355,3.6893618558290977
2021-04-07,0.0016695442389233668,0.0075234975947022775,1.2463987291842027,3.717223437728945
2021-04-08,0.0033108103027890703,0.003913723051072182,1.250532157661261,3.7318001267388623
2021-04-09,0.0028234587750206163,0.00017082623317854484,1.2540679729206297,3.7324376705505418
2021-04-12,0.0023188346954792394,-0.004400475113063962,1.2569793234124667,3.71604925632038
2021-04-13,0.0018247524329308524,0.005173129945468702,1.2592750934599743,3.73532267096457
2021-04-14,-0.00014864504636188805,0.0038992519823501937,1.259087922366697,3.749916068471093
2021-04-15,-0.001814776860974235,0.005197714005127807,1.2568050308351602,3.7694578019137266
2021-04-16,0.004408388616657693,0.0022313649514860145,1.26235774609726,3.777878228968157
2021-04-19,0.0008490306065901188,-0.0013906544290769318,1.2634299815761216,3.7726281572403813
2021-04-20,-0.0007447592972350167,-0.017144144893054047,1.2624893806550546,3.708500947265279
2021-04-21,0.0009632865886918038,-0.00103635053759632,1.263706105677168,3.7046596311337283
2021-04-22,-0.0012037511299663292,0.012562478175022207,1.262185833222931,3.7514928918861163
2021-04-23,-0.0017909320027147666,0.0003308383402913506,1.2599273672040314,3.7527342348986914
2021-04-26,0.001610683739245837,0.00912138992120326,1.2619583469209388,3.7871209761496814
2021-04-27,0.0013169726113623703,-0.0064074820033308555,1.2636214063620115,3.7629326425625846
2021-04-28,-0.0004154345437732349,0.0002986734472916197,1.2630965634060527,3.764056698481337
2021-04-29,0.0005086388722194396,-0.00209224099855021,1.2637391868353414,3.7561896175203966
2021-04-30,-0.0008240988682417885,0.004655802565251221,1.2626981698111097,3.7737184685483456
2021-05-04,-0.004014178157447293,-0.007468698488812819,1.2576396341227507,3.74563869333987
2021-05-05,0.001532680384363435,0.0025002479769931085,1.2595686716419252,3.7550154361118246
2021-05-06,-0.0030258568856334424,0.004701717461308874,1.2557631574780739,3.7727120273409946
2021-05-07,-1.9532288695909682e-05,0.012543618409500468,1.25573862978909,3.8203335359921082
2021-05-10,0.002043093179746498,-0.0034351152586715727,1.2583068434757305,3.8072327641824204
2021-05-11,-0.0012777917634798572,-0.02363234438823092,1.2567000161691848,3.7183137490369065
2021-05-12,0.002041892264239167,-0.0026786672836696113,1.2592686837894744,3.708366951674847
2021-05-13,-0.0012258467181910202,-0.001742984867055597,1.2577259591712733,3.7019089539277092
2021-05-14,0.003473275816196922,0.012016648256556905,1.2621019834991678,3.7466618430438214
2021-05-17,0.0038730381507175535,-0.005476981342939169,1.266999630896735,3.726197538494448
2021-05-18,3.2675476875351946e-05,0.005320272055747921,1.2670410313902623,3.7460747523395357
2021-05-19,-0.0030413745377846167,-0.004402340231720814,1.2631933391615662,3.7296195041229403
2021-05-20,-0.0012357021967697743,0.007058615573265925,1.261633372403095,3.7560385858157788
2021-05-21,0.0001391147163036856,0.0003304380138953178,1.2618088963804772,3.7572799288283543
2021-05-24,0.008161728963659074,0.00375637725480793,1.2721495801230316,3.7714202312210228
2021-05-25,-0.00036533075577334536,-0.001994490228318213,1.271684909639846,3.7639056667767203
2021-05-26,0.0018243449103203246,0.008926575779142354,1.274007019052479,3.797654864216025
2021-05-27,-0.00582638222770465,0.000834470966740497,1.2666057494489373,3.8008252195426806
2021-05-28,0.0023821042559140156,0.001102706152360966,1.2696265328773626,3.8050187245732894
2021-06-01,0.0003854540504151378,0.008384781009803888,1.2701160098963642,3.837057103007143
2021-06-02,-0.0015684350393447058,0.0025454256863568503,1.2681254768613468,3.8468364877855525
2021-06-03,-0.002217517198734708,-0.005724226138557498,1.265316502431874,3.8248792299217707
2021-06-04,5.106273670911238e-05,0.0013278740634454778,1.2653811146049145,3.829961561448318
2021-06-07,0.00035368580259963634,0.003296857984659951,1.265828741094929,3.8426092381441523
2021-06-08,-0.0009799632806626619,-0.0005501580574556186,1.2645888830159662,3.8404957771322437
2021-06-09,0.0008050568649175495,-0.005979713138257736,1.2656073588880254,3.8175992396651175
2021-06-10,-0.0007997156527823079,-0.006621425986359952,1.2645956374714928,3.7924047924882527
2021-06-11,-0.003651375197811985,0.00552673719507446,1.2599865442108855,3.8134224431311137
2021-06-14,0.002485852303156214,0.00045737515647559235,1.2631225809108666,3.815167006747364
2021-06-15,-0.00031872763750405664,-0.004971814103059913,1.2627200529865696,3.7962457810022228
2021-06-16,-0.0015549632542337676,-0.0006187927764855772,1.260758095485022,3.793897418185082
2021-06-17,-0.0012099545561695074,-0.003658674707123666,1.2592335579797047,3.7800421430874676
2021-06-18,0.002327662873505054,-0.00940281948196997,1.2621680431027993,3.7446656691257365
2021-06-21,0.000799548129367304,0.005935548288421799,1.2631776107457868,3.7669584073919693
2021-06-22,-0.001025198482613265,0.009859019649342216,1.2618832665691884,3.804280602164388
2021-06-23,0.0004856332517434302,-0.0008910306837996984,1.2624962278684009,3.8008923811466895
2021-06-24,0.002641408903529422,-0.00661071408682723,1.2658354047696991,3.775848638056858
2021-06-25,0.0021549296519665206,0.00601915586638313,1.2685661322239996,3.798644596926765
2021-06-28,0.0015237729927939539,-0.004984565600155477,1.2705006125159644,3.7797571157924224
2021-06-29,0.001432995617708087,0.00039040315882665766,1.2723225394208568,3.7812330329926476
2021-06-30,0.0020846169662747096,-0.00740011755086023,1.2749776110152575,3.7533547425961893
2021-07-01,0.00385857215545953,0.01095603034349324,1.2799067076458583,3.7947027021979953
2021-07-02,0.0010588713304726183,0.005488282326572502,1.2812626819387216,3.8155863572504236
2021-07-05,0.0004822513707486045,0.012034403424463491,1.2818807216366435,3.861782074191132
2021-07-06,0.0016412326401400246,-0.005531637912907783,1.2839863135281864,3.840479068635637
2021-07-07,-0.00012638402042669983,0.0032616555795037527,1.2838240484297836,3.8530258391166665
2021-07-08,-0.00021435138890775322,-0.01391867402627689,1.2835488884534045,3.799768325227939
2021-07-09,0.0006921077848612528,0.011263960122892769,1.2844375501207088,3.84281072295617
2021-07-12,-8.658525853079803e-05,-0.0005851034670492083,1.2843263415779447,3.840562938736251
2021-07-13,-0.0016555503850624175,0.0013486937486728579,1.282201833708756,3.845746176477598
2021-07-14,-8.684687301816846e-05,-0.0077414206420645115,1.2820904833242064,3.816089577854096
2021-07-15,0.0004317892241397106,-0.010992025357662527,1.2826441957141967,3.7743727208566336
2021-07-16,-0.0007860121912069348,-0.0015255541039564946,1.2816364178541115,3.768619100907606
2021-07-19,0.0005916644835713928,-0.023695073159812452,1.2823949409768756,3.680371046566988
2021-07-20,0.0008431431511770876,0.008107079644833703,1.283476639437708,3.7103293809821456
2021-07-21,0.0025044749103502258,0.01892066339952514,1.2866951030776292,3.78119961599943
2021-07-22,-0.00028556977579503645,0.005984222784636728,1.286327714305588,3.803894996272119
2021-07-23,-0.0020204919474065596,0.009047315335815043,1.2837313233938619,3.8384661862209413
2021-07-26,0.0002690400951811938,0.0021738342941279853,1.2840767450553496,3.846819451671366
2021-07-27,0.0025929723094874828,-0.0024535692008189613,1.287410640980488,3.8373925834095943
2021-07-28,0.0012212083890796005,0.0056447456648403005,1.28898379803623,3.8591149394681485
2021-07-29,-0.004492118969659974,0.0019106764828720202,1.2832065153012135,3.866495508322016
2021-07-30,-0.0004885035481923738,-0.004421779580374263,1.28257981744995,3.8494364609045313
2021-08-02,-0.0012071342130248698,0.011261493114405496,1.2810325055658196,3.893031877108676
2021-08-03,-0.001783893004309277,0.0034839944881905893,1.2787493177277314,3.9066188334078515
2021-08-04,-0.0030248055483238206,0.002487275527570887,1.2748871937282957,3.9163477650788607
2021-08-05,0.00039531278237351286,0.006761500585396263,1.275391272559899,3.942917878476319
2021-08-06,-0.002219319006707771,-0.002125126352416018,1.2725639110367861,3.9345475769117093
2021-08-09,0.002534951666499535,-0.00011932858739527319,1.2757938912359916,3.9340781009188275
2021-08-10,-0.0014447647961507283,0.005048302339831778,1.2739520000049827,3.9539887317571254
2021-08-11,-0.0010278625753865297,0.007805045458331605,1.2726432251569086,3.9849705434938096
2021-08-12,0.0020128698635265892,-0.00042102071500949023,1.2752074702318812,3.983293141481571
2021-08-13,-0.0020936389109936604,0.0017544531647377681,1.272540439126868,3.990287776825594
2021-08-16,-0.0016828491167371284,-0.003191533975487104,1.2704007464677858,3.9775729385257566
2021-08-17,0.0009374091000801565,-0.0008099877280223211,1.2715921900360478,3.9743524577092817
2021-08-18,-0.0029865396523545,0.006013091549711191,1.2678001948294364,3.998322597987758
2021-08-19,0.0007500663019391835,-0.009674781743463257,1.2687514857542033,3.959826221806765
2021-08-20,-0.00023182027291005457,0.006081382218882325,1.2684573975276443,3.9839808107830708
2021-08-23,-0.00032561701090049724,-0.00043799048693848874,1.2680444334591183,3.982236247166825
2021-08-24,-5.127175070152902e-05,0.00611006278692372,1.267979420267732,4.006642446444965
2021-08-25,-0.0009860462209316597,0.004194506104077789,1.2667297501696497,4.023483628171405
2021-08-26,0.0013430325318500966,-0.0014184754372976727,1.2684321523680668,4.017780461329781
2021-08-27,-0.0027039979577112836,0.004469665256539912,1.265006947379194,4.035778788350606
2021-08-31,0.0008455711174980216,0.0017648810537131965,1.2660770530788088,4.042907746902641
2021-09-01,-0.0011409059029711486,0.006146548522229622,1.2646334019869572,4.067834202898644
2021-09-02,-0.0002585697325720637,-0.0010107865898039137,1.2643064483383841,4.063724567968644
2021-09-03,-0.0006775695595469171,-0.0013094005335965164,1.2634500829313802,4.058407007019289
2021-09-06,-0.0010323605916486031,0.0022212003125261504,1.2621464198972008,4.067431560892187
2021-09-07,0.0011861688885395677,-0.006242551258637263,1.263644426982323,4.042119499003918
2021-09-08,-0.0011054699720653132,-0.010369989619398723,1.2622482778555766,4.0004193505030585
2021-09-09,-0.0007319696894782942,-0.002056715655774255,1.2613246884365568,3.9922000806430638
2021-09-10,-0.00019749961058190824,-0.0027896462177920966,1.26107560189983,3.981078774254863
2021-09-13,-0.002801585157633028,0.0017722686477288363,1.2575475356075876,3.9881405712028895
2021-09-14,0.00011951268156295831,-0.003724945313708261,1.257697837467071,3.9733125995087217
2021-09-15,-0.001956641823377225,-0.010802288889223632,1.255239379222563,3.9306227182971227
2021-09-16,0.0014924642112946465,0.008498827049615798,1.2571141777595185,3.9641707585419943
2021-09-17,0.0019169627448501645,0.0011037713331525367,1.2595263300686919,3.9685487122704304
2021-09-20,0.0017714197745020788,-0.010930746097461252,1.261759457235143,3.9254057359449765
2021-09-21,0.002956997113515612,0.008921026878310201,1.2654959980557088,3.9605810527122784
2021-09-22,-0.00022391915383416963,0.007304445219549649,1.2652126609861258,3.9896168160206944
2021-09-23,0.0034541745230063916,0.001919543062623319,1.2695904828535036,3.9972824121696164
2021-09-24,0.0024200270643988924,-0.009334094097614098,1.2726666468815095,3.960144993712605
2021-09-27,0.00019236685279786902,-8.52109067039919e-06,1.2729114893080595,3.9601112491018164
2021-09-28,0.001845340360782038,-0.020519487793743352,1.2752626128994247,3.879679822614736
2021-09-29,-0.0017225978765118477,0.00094642805199463,1.273067739215568,3.8833533985450623
2021-09-30,0.0016196788370221003,-0.005183781871727078,1.2751313708499765,3.8632750275055456
2021-10-01,0.0011028110219240405,-0.002412672176127728,1.276538375467652,3.8539654463375936
2021-10-04,0.0011036495326489236,-0.014065340780589963,1.2779480041740947,3.80013755024118
2021-10-05,-0.0007899316372571344,0.003340218009750373,1.276938911224523,3.8128520609234333
2021-10-06,0.0013342434235054392,-0.015253851200212054,1.2786437956815595,3.7551327232056515
2021-10-07,-0.0001946243717965918,0.007680382252422291,1.2783949646511503,3.784084616413462
2021-10-08,0.00029583597004207243,-0.0010200598194618493,1.2787732158130056,3.780226591785298
2021-10-11,-0.004393354762965555,-0.0021632712809775967,1.273167434524217,3.7720577750327045
2021-10-12,-0.0018095720470660192,-0.000827451053670103,1.2708656295925131,3.7689378728134484
2021-10-13,-0.0004919504359439607,0.007378520902253882,1.2702405804512136,3.796849907820698
2021-10-14,0.0007828570231814967,0.009895503988527565,1.271235386555416,3.834608161592787
2021-10-15,-0.0031696882736679073,0.0054008162401579796,1.2672123459182103,3.8553742019338086
2021-10-18,-0.0016312329479995012,-0.0006746038276084221,1.265146912446998,3.852774228814832
2021-10-19,0.002118386730177973,0.0037112253413180696,1.2678298235964292,3.8670993075229094
2021-10-20,-0.0015306915675971108,-0.0037983041550120333,1.2658906516919692,3.852438748412386
2021-10-21,0.0019292374770044501,-0.002161966967044293,1.2683352126901366,3.8441188999551756
2021-10-22,-0.00206157924798127,0.0006368589904894861,1.2657231325663947,3.846567841369529
2021-10-25,-0.0006455997419939664,0.00044040950279722324,1.2649062457579034,3.8482622794959607
2021-10-26,-0.003367230384881418,0.00952220788226299,1.260654177876825,3.8850812536647084
2021-10-27,-0.000984410748031811,0.0004618371132547594,1.2594137869818045,3.8868759427707795
2021-10-28,-0.0016604727989447737,0.0012033319211255389,1.2573242998942307,3.891555959908452
2021-10-29,-0.003425564891842173,-0.004029711055938634,1.2530246225313078,3.8759056680871877
2021-11-01,-0.0011010151424284916,0.0045166130446148145,1.2516457826491494,3.89345122761174
2021-11-02,0.00156699986302431,-0.003072165378648961,1.253608648923057,3.8815082563315997
2021-11-03,0.003775519873609002,-0.0009944441660909575,1.2583506193597194,3.8776502317034387
2021-11-04,0.0007487562193431612,0.01520158286496276,1.259293170038385,3.9370469714334653
2021-11-05,0.0008672875732079585,0.005341282261532854,1.2603858131051724,3.958132111297915
2021-11-08,-0.0010055892215294203,-0.002414272397022188,1.2591190197601616,3.9485876283247365
2021-11-09,-0.0004932127976037665,-0.007367836909507375,1.2584981592666658,3.919601990506135
2021-11-10,-0.0024279333249827826,0.0028290875922927228,1.2554463159815423,3.9307065883977357
2021-11-11,-0.00300295813274802,0.005990514175072903,1.251681918249997,3.954324212159575
2021-11-12,0.00047583859453282707,-0.0007043940879967181,1.25227765854165,3.9515397903427694
2021-11-15,0.0013958923688218879,0.0027172900435381564,1.254026923977952,3.962291871717733
2021-11-16,-0.0017667662018625138,-0.0034732068450864517,1.2518133076395175,3.9485538837139385
2021-11-17,-0.0005210052041722653,-0.004496114425535325,1.2511612762622049,3.930840583988165
2021-11-18,-0.001697124013850021,0.005977634807953436,1.249039701212262,3.9544080822601884
2021-11-19,0.0019992021790536064,-0.003488623404562574,1.2515392818556557,3.9406366772631807
2021-11-22,0.00029557276164000564,-0.002676806279092503,1.2519092574521555,3.9301024615792644
2021-11-23,6.976603698570624e-05,-0.008921551806366779,1.2519966012464934,3.89519579122799
2021-11-24,-0.0015664993668543258,-0.002349711287147116,1.2500368847114416,3.8860539502612634
2021-11-25,-0.0030001020780010953,0.004861470960761949,1.2462922663833091,3.9049918845030107
2021-11-26,0.0007440140067138485,-0.03239626896193393,1.2472198703183275,3.7805119466979313
2021-11-29,-0.001985117958713676,0.009643710567612374,1.2447464475854872,3.817146472168845
2021-11-30,0.004601824567644274,-0.01045161747001444,1.2504877524755573,3.777458878465095
2021-12-01,0.0002994373734713444,0.01730086089180638,1.2508622513103922,3.843380777546269
2021-12-02,0.00598823953544258,-0.009996176772787635,1.2583751862736465,3.8051530477813014
2021-12-03,-0.00042889137684783054,-0.001707496694061561,1.2578355957285516,3.798661305423371
2021-12-06,0.002297144436356238,0.010332382799065343,1.2607283470308537,3.8381139973218867
2021-12-07,-0.0006520116354801607,0.015477425474145434,1.2599066054010735,3.897980213044797
2021-12-08,0.0017124874163913742,-0.0003571838867095778,1.262066028072998,3.8965881659451815
2021-12-09,-0.00038131908163310444,-0.003531875098767401,1.2615848699574286,3.8828501779413944
2021-12-10,-0.0018957818983958063,-0.009562631224124374,1.2591954458268106,3.8458968805646356
2021-12-13,0.002217706793670716,-0.012309563005635127,1.2619910709141622,3.7988457541212033
2021-12-14,0.0023764999813297143,-0.004270116530497248,1.2649937592017544,3.7826588247030544
2021-12-15,0.004992923724085165,-0.005192847845810533,1.2713255705244209,3.763066965770597
2021-12-16,0.0008710037168226919,0.009498322704072137,1.2724333822056486,3.7989800773292117
2021-12-17,-0.0031492842074484985,0.005828986465203911,1.2684324312226933,3.8211889454948373
2021-12-20,0.004033729434828583,-0.010169885603055207,1.2735592776607367,3.7825248291126186
2021-12-21,0.0007307776455697749,0.011919876273479346,1.2744903064572417,3.8278818450472034
2021-12-22,0.0016275404593717629,0.011350611987499093,1.276566279903214,3.8715781674661502
2021-12-23,0.003623708178739506,0.008026348387984328,1.2812005751680522,3.9027778448938752
2021-12-24,0.0018922442551924084,0.00015469814649549107,1.2836272147695194,3.903381644094768
2021-12-29,0.0015420800885098092,0.010554170275522523,1.285608197763133,3.9447967653005778
2021-12-30,0.00017913577440909888,0.0009477389972136763,1.2858385168118007,3.948537175217335
2021-12-31,0.007085589450742788,-0.002500993538347984,1.2949817951465392,3.938674247955889
2022-01-04,0.0010482830185430433,0.017557242195991307,1.2963400143463963,4.008437135551034
2022-01-05,-0.0026035447755409172,-0.005265610362034323,1.292969324849238,3.9873857402973756
2022-01-06,0.0005267357927595585,-0.015016730445308824,1.293650557470628,3.927955583574139
2022-01-07,0.0034467492808739958,-0.0027196653845003027,1.2981171397720142,3.9172873722997856
2022-01-10,0.0011266148734378869,-0.015165827504516116,1.2995804419833878,3.8583266915694208
2022-01-11,-0.000509562975209222,0.001147010227862566,1.2989183925990995,3.8627547707876855
2022-01-12,-0.0003563346961269647,0.0008247351828210014,1.2984556253632866,3.865941834610946
2022-01-13,0.00020150481918978775,-0.003856014805158736,1.298717296792443,3.851063409809378
2022-01-14,-0.0009195140825437846,-0.009413227714603067,1.297523656817285,3.814982558049532
2022-01-17,0.0031070094433030895,0.005620938563506428,1.3015613443904817,3.8364867207994657
2022-01-18,-0.00046966865403750505,-0.00961693352114601,1.3009501853580692,3.799768325227939
2022-01-19,0.003515156049438489,0.00010156248459480821,1.3055312751778276,3.8001542587377855
2022-01-20,-0.003493163823965405,0.002644921092265662,1.3009787964624844,3.8102186708112487
2022-01-21,-0.0085551413192812,-0.020090443171904226,1.2898962131334901,3.7344335168510527
2022-01-24,0.0028693287100527943,-0.03709386734032449,1.2936026643413054,3.5984466667654957
2022-01-25,-0.00021357290773111855,0.008965595611599042,1.2933264153595325,3.630853942595013
2022-01-26,-0.002128432494806773,0.010450769159088935,1.290576584843115,3.668998129876944
2022-01-27,0.0005901719348910058,-0.0008461456438038084,1.29133847172333,3.665894936154297
2022-01-28,0.0006948101507063833,-0.009715433998431777,1.2922360185777053,3.6304516282061368
2022-01-31,0.0005362561552497,0.013004520007644516,1.2929291739345052,3.6779722306424447
2022-02-01,0.002115957669756577,0.01094482032961075,1.2956678537800372,3.718448072244919
2022-02-02,0.00044882190241141335,0.0036697453483238718,1.296249508410969,3.7321188986447007
2022-02-03,0.001977709021719969,-0.012737279117075673,1.2988156494618879,3.684883323503441
2022-02-04,-0.002522637588433112,-0.011712677303581387,1.2955433374480878,3.6419752489832162
2022-02-07,0.0011438932295516643,0.003921041662673375,1.2970261486275327,3.6562836191946877
2022-02-08,0.0006167818151359061,-0.00044973390904701205,1.2978263775277101,3.6546396341756564
2022-02-09,0.0014466654792113225,0.018034897467337885,1.299705256873351,3.7211486239611147
2022-02-10,-0.0009558893038289575,0.0010723053857564224,1.2984634761172005,3.725140971797285
2022-02-11,-0.0018664922649426837,-0.007190005893434659,1.2960421644653974,3.6984532436884248
2022-02-14,-0.002509311899701005,-0.019731914527786998,1.2927940673882568,3.6261909615715244
2022-02-15,0.0006118576182764509,0.010793638194494193,1.2935853153281058,3.66554274725524
2022-02-16,-0.0005256644276748585,-0.0010805336578094682,1.2929055022361091,3.6615841440298595
2022-02-17,-0.0012900396274972436,-0.012506393344359878,1.291238678269261,3.6160760963906613
2022-02-18,-0.00021329671549683493,-0.009086693224986675,1.290963290670943,3.5833667571519126
2022-02-21,-0.0013270062075010297,-0.01250141802172422,1.2892513105259316,3.538848442223451
2022-02-22,-0.0017901525541280053,-0.004936916811516312,1.2869454185644702,3.5214204974103067
2022-02-23,-0.0037076221539800846,-0.007257185149791567,1.2821827457710417,3.495957403817412
2022-02-24,0.0009013179780564415,-0.028574118075958665,1.2833389210934905,3.397477197202112
2022-02-25,-0.007875956566344057,0.031702429086591266,1.2732710984009614,3.5069109700043986
2022-02-28,-0.0032749992921492516,0.008302383672326386,1.269107957318056,3.536147890507256
2022-03-01,-0.002021372655195525,-0.027922750990860834,1.2665452082047368,3.438774703696515
2022-03-02,-0.004162869318032752,0.013334750471436507,1.2612837050907972,3.4849370036440095
2022-03-03,-0.003129145007763623,-0.03407956986042926,1.2573431340061647,3.3681727874776684
2022-03-04,0.0011646009964558842,-0.03507051148693385,1.2588082900684217,3.2520965682304133
2022-03-07,0.0021389518994275963,-0.011302639289333172,1.2615037021021716,3.2155462404776927
2022-03-08,0.015614203194533504,0.002490340702513194,1.2813556601614209,3.2235640255256697
2022-03-09,-0.00043812717485006386,0.04335975710602469,1.2807943863896805,3.3664115153648115
2022-03-10,0.004199328727955179,-0.005676476471508707,1.2861841718711053,3.347356294029242
2022-03-11,0.002553846181308361,0.012499478257190333,1.2894730863101276,3.3894590845365586
2022-03-14,-0.0023042410766268783,0.013014679008541918,1.2865052500756773,3.4338601123711903
2022-03-15,0.0025480933853625383,-0.010489013766909139,1.2897875656409739,3.3980305432956044
2022-03-16,0.0022950038448099172,0.031477352620528976,1.2927510323461238,3.506692776695777
2022-03-17,0.002918884350797128,0.0033523053685549087,1.2965299355115871,3.5184680077746937
2022-03-18,0.005757465874236167,0.00858730747270009,1.304016192625366,3.5488122756996923
2022-03-21,0.0027193072499121797,-0.007115239621839464,1.3075670390450813,3.5236512455160427
2022-03-22,0.0009973654829547101,0.005033344686253827,1.3088718118359877,3.54143170684582
2022-03-23,0.003931310660103594,-0.0052713934537145235,1.3140275212500476,3.522812544509917
2022-03-24,-0.0025557812530258546,-0.005174896911626092,1.3106734423170476,3.504629441173682
2022-03-25,0.0036976646145863547,0.0030107982404974365,1.3155288444180377,3.5151970738508167
2022-03-28,0.0021686002884734883,0.005415719789732876,1.3183847962392556,3.534286039797178
2022-03-29,-0.0026259963396170786,0.01983054505047832,1.3149272643101064,3.605072404713859
2022-03-30,0.005142008752805502,-0.010265614125000155,1.3217060451516511,3.5682534305451115
2022-03-31,-0.0012475715132235134,-0.005297844325173884,1.320058150487821,3.549399366403981
2022-04-01,0.0032476038266310344,0.002732563620678974,1.3243521452115308,3.5591115895783862
2022-04-04,-0.0008082608746414316,0.005259984516147398,1.3232821556619043,3.577881783618908
2022-04-05,-0.0015116024791324272,0.00126969223661888,1.321283390124873,3.5824274775485727
2022-04-06,-0.00030909929111756036,-0.012073376527503399,1.3208750454783917,3.539435532927738
2022-04-07,-0.00034544458333065275,-0.0029853214620043644,1.3204188351509045,3.5288849363647885
2022-04-08,0.004935958657144166,0.006467362236259433,1.3269524795653784,3.551781473831914
2022-04-11,-0.003080909068225097,-0.0027998131920092817,1.3228705508923193,3.5418510573488864
2022-04-12,-0.004101547110556688,-0.005008948314676687,1.3174558469291846,3.5241544661197124
2022-04-13,-0.0021675801763636456,-0.0011953875709824757,1.314603248486952,3.5199442525925004
2022-04-14,0.0009020363076198804,0.006512125091328258,1.3157896033343335,3.542941368656844
2022-04-19,-0.0022620838498413442,-0.007575416542929148,1.3128165408489274,3.516203515058165
2022-04-20,-0.002193654418921382,0.005793680485631114,1.309939831449593,3.5366344026143195
2022-04-21,-0.006099683519861263,0.0035839332812717117,1.3019739324773776,3.5493322047999762
2022-04-22,-0.0010819229735335198,-0.013220388665880378,1.300566058711707,3.5027174649737916
2022-04-25,0.0008032899995867508,-0.013625801444598906,1.3016112101441182,3.4553138220137227
2022-04-26,0.000263595614313006,-0.005212775207775522,1.301954354374323,3.4373489119861076
2022-04-27,0.00033639935349484736,-0.0026532612814182954,1.3023924046531985,3.4282408156301742
2022-04-28,0.0022213425421272726,0.008855895139650016,1.3052886799269985,3.458735787642214
2022-04-29,-0.0007682115360594451,0.004311803289454019,1.3042863271639635,3.473681374047786
2022-05-03,0.003985884376097016,-0.009114820135138757,1.3094954362140079,3.442163252331797
2022-05-04,0.001072494891870991,-0.014791558674026817,1.310900616770068,3.3916229986558672
2022-05-05,0.0025469792722093185,-0.006425306467653158,1.3142437090550367,3.369900642597314
2022-05-06,0.00044353187347921647,-0.013545825683442203,1.3148267473179909,3.3245603351593376
2022-05-09,0.0006777496938655118,-0.026224207681432077,1.3157181727910199,3.23850961193124
2022-05-10,0.001245982241190716,0.0040474256609233095,1.3173585560006826,3.2516438007341417
2022-05-11,-0.0009699382191855122,0.013435223636580673,1.3160814190609365,3.2956251504481338
2022-05-12,-0.000537108807562373,-0.008500276328604173,1.315374729940754,3.2677301515550727
2022-05-13,-0.0016257921206567437,0.022385130310977885,1.3132379415266524,3.3417035802950164
2022-05-16,-0.0013480507356124175,0.00011038592341527931,1.311468822852318,3.3420724776906723
2022-05-17,-0.00022323005820089185,0.007076851954987973,1.3111760962645662,3.365807716163919
2022-05-18,0.0019506532418518186,-0.0058077993438256925,1.3137362423342085,3.346316435828685
2022-05-19,-0.0011684342707375217,-0.013138983116729008,1.3122021243185242,3.302636821906346
2022-05-20,-0.0003727626505377038,0.00743836446719115,1.3117130755318458,3.3272946314863234
2022-05-23,0.00449336792192639,0.015517177594336573,1.3176203468207144,3.3793275108590874
2022-05-24,-0.0028148977993574663,-0.01482167534745571,1.313916595492394,3.3296095773102516
2022-05-25,4.850827422189937e-05,0.004232845671497287,1.3139803328647952,3.343733171206314
2022-05-26,0.0027031598225644568,0.01566373883294503,1.3175370367119477,3.396520881484586
2022-05-27,0.0006819074925566047,0.006095396834027156,1.3184357814845733,3.41728724944319
2022-05-30,-0.004919777560087277,0.008524144780636789,1.311965300427233,3.4465412060602345
2022-05-31,-0.0017888397620004263,-0.006293232246049385,1.309620502590535,3.4249194285989035
2022-06-01,-0.001626877419860112,-0.0071318266736675184,1.307491642732844,3.400580390924762
2022-06-06,0.0007225046826831447,0.011471538482688004,1.308436652913319,3.4398148895146567
2022-06-07,-0.001374843883613289,-0.005251068754066779,1.3066389928181197,3.4217995263796457
2022-06-08,0.0016387203266531735,-0.004342896592429923,1.3087819640809704,3.406971227067894
2022-06-09,-0.0014025018044153752,-0.01176703621379005,1.3069476816076708,3.3671162207805065
2022-06-10,0.003402333764679477,-0.020133148780029586,1.311401926951324,3.3000034317941567
2022-06-13,-0.0016517470658703915,-0.026427256088560114,1.3092376106099581,3.213935672451874
2022-06-14,-0.004132181007745007,-0.006030570196401186,1.3038387660044093,3.19461213231786
2022-06-15,0.0022242358039747806,0.014129168080728505,1.3067420384547046,3.240069726849662
2022-06-16,-0.0030581221486282936,-0.030940736171395145,1.302751965858686,3.1413546184291263
2022-06-17,0.0027587378963601656,0.01053834313522728,1.3063508790230232,3.1746343398755537
2022-06-20,-0.00026892340176186695,0.004475904848952439,1.305999617934022,3.1888755484830216
2022-06-21,0.002174018833322757,-0.003250863441621732,1.3088419742483028,3.1785257814969294
2022-06-22,-0.00034206411331304536,-0.0030602525669856107,1.3083943429425822,3.1688135583225217
2022-06-23,-0.0035730832565949444,-0.010547041585278194,1.3037276831696465,3.1355675814868875
2022-06-24,0.0023390552970356166,0.02277924046341795,1.306780743559408,3.207813155107187
2022-06-27,-0.00045191725765250895,0.010160704916804875,1.3061903202107243,3.240572947453336
2022-06-28,0.0028947258716583305,0.0016705734431621266,1.3099768609786204,3.2459910869999145
2022-06-29,0.003501059081267124,-0.01628059785199376,1.3145712052063925,3.1935722741173
2022-06-30,-0.005657368726745023,-0.01973245645053545,1.3071551885310178,3.1311729192618394
2022-07-01,0.0005872440002027797,-0.0015977346525222202,1.307923033006781,3.126174130218324
2022-07-04,0.004199652557206497,-0.0023636863006029074,1.3134274054528001,3.1187935613644506
2022-07-05,0.001146870677986907,-0.015048347029326337,1.314934600945734,3.072212238531478
2022-07-06,0.0015704007573370503,0.015129019298278479,1.3170011975065972,3.11904517166629
2022-07-07,-0.0009216630278223009,0.014998946783579825,1.3157879253951672,3.1661801682103303
2022-07-08,-0.001416680720742493,0.001984731455859645,1.3139251937682055,3.1724704257562446
2022-07-11,0.0009507879833635228,-0.004026495506234795,1.315175052134481,3.159722170463195
2022-07-12,-0.00024893863044132694,0.0009551099102385052,1.31484769500582,3.1627414940852336
2022-07-13,-0.0005917924253842394,-0.007645146051261875,1.3140698082958155,3.1386540667129297
2022-07-14,-0.0005859620025739703,-0.012406082648857009,1.313300038869267,3.099956205719926
2022-07-15,0.001731821352942315,0.018926267409428377,1.3155764104849443,3.159185532866305
2022-07-18,-0.0030504264178431184,0.009585448831820997,1.311569456014688,3.189613343274342
2022-07-19,-0.0012365674509602867,0.013964496352743438,1.3099486142623193,3.234467138605249
2022-07-20,-0.0032329464056342506,0.006059682404629285,1.3057204589806868,3.2541264867592945
2022-07-21,0.0014118879067706986,0.015822695159478428,1.3075652919485616,3.306025042924043
2022-07-22,-9.087395576290306e-05,0.0058482264370489645,1.3074464737168872,3.325416072279643
2022-07-25,-0.0032258586793039996,-0.0011002772306074604,1.3032356316042693,3.3217592048459235
2022-07-26,-0.00015325325643852417,-0.011896940267966727,1.3030359218032987,3.2824745807662077
2022-07-27,0.00020532170811162875,0.003585956032132742,1.3033034908324193,3.294266520341732
2022-07-28,-3.548069513659429e-05,0.010943441075660587,1.3032572495389319,3.330515112302803
2022-07-29,0.0019087830185220579,0.015477590382468875,1.3057472605349505,3.382464449192535
2022-08-01,0.001544636082203145,-0.004259074113043937,1.3077657233617461,3.3680889173770567
2022-08-02,0.0021841547879089787,-0.010267057642753485,1.310625207769398,3.3336854676294556
2022-08-03,-8.038489526777763e-06,0.007254514215230046,1.3106146723647363,3.3579576713171697
2022-08-04,0.001888542292271736,0.006820255869513403,1.313092162288269,3.3809380788849066
2022-08-05,-0.0011207743291852769,-0.005188163004175905,1.3116213067034788,3.3634426448501773
2022-08-08,0.00018190718076925095,0.0033308747011009388,1.3118599217398543,3.374664529835601
2022-08-09,0.004542381268398897,-0.010292165753304161,1.3178324441427083,3.340110048383383
2022-08-10,-0.001790546300637164,0.01917968615702037,1.31547491539704,3.4047906044519793
2022-08-11,-0.0018404042441386623,-0.0025947324782524817,1.3130561362281274,3.395967535391093
2022-08-12,-4.200634887171844e-05,0.004612598654983202,1.3130009806924305,3.4116679527021736
2022-08-15,0.0004772428659652056,0.002151221080664456,1.3136277505923069,3.419015104562837
2022-08-16,-0.0016553154609808545,-0.002279043270664971,1.3114550809896757,3.4112318937025066
2022-08-17,-0.0007405593392295401,-0.015331039890069675,1.310484230212144,3.35933300992018
2022-08-18,0.0002558638990912948,0.00546261891563482,1.3108195787169423,3.377733978947455
2022-08-19,-0.0025394672929533154,-0.012437464353622474,1.307495018362614,3.335983704956777
2022-08-22,0.0015973089243172581,-0.019727910130283632,1.3095851606810358,3.2708166367811193
2022-08-23,0.0013835488455419208,-0.00991604235093213,1.3113982897052936,3.2385433565420363
2022-08-24,-0.0005996094105718325,-8.811599956004557e-05,1.3106121986471286,3.2382580016294074
2022-08-25,-0.0012966017088075301,-0.0024530627632408653,1.3089139578396654,3.230324086682044
2022-08-26,-4.83665055765704e-06,-0.004590519712873942,1.3089076270955509,3.2155292043635035
2022-08-30,0.0034606010915927575,-0.0010438578177929259,1.3134450808891602,3.2121744003390185
2022-08-31,0.001601719686872154,-0.004495719166154544,1.315550537458334,3.197765779147908
2022-09-01,0.0014181385164066854,-0.030361198441935855,1.3174174938342669,3.1021368283358424
2022-09-02,-0.005677666598218915,0.01925252801829913,1.3099588304719167,3.1624394306759944
2022-09-05,0.0027386293633096604,-0.011925579832292144,1.3135512390823443,3.124949495702352
2022-09-06,0.00011411045218942214,0.010205643245431162,1.3137011375605387,3.1570049102503908
2022-09-07,0.004231805116469075,-0.0004942977838862106,1.3192722443610834,3.1554447953319746
2022-09-08,0.0002449254855715105,0.0035447707238294157,1.3195954073299425,3.1666499718207897
2022-09-09,-0.002141835648770707,0.016271927965910038,1.3167720754802978,3.2185989810929416
2022-09-12,0.001329213020005003,0.016841968524611062,1.3185235098242014,3.2732655781954754
2022-09-13,0.002488164349283866,-0.017926608089151586,1.3218082978666235,3.215109853860443
2022-09-14,0.0012987162861654226,-0.016730012847558484,1.3235260670362081,3.161768469871098
2022-09-15,-0.0005120550713570219,0.0019664016353395652,1.322848522286426,3.1679918934305893
2022-09-16,0.0012060992239972157,-0.0047342510260097725,1.324444971407118,3.153029270910826
2022-09-20,0.00444338923198433,-0.01441410430725476,1.3303430900456235,3.1079071567814758
2022-09-21,-0.0013276048989359923,0.010020792030337233,1.3285780919113372,3.139207412806425
2022-09-22,0.0005046740470509912,-0.020677510491124096,1.3292487600139635,3.074962915737497
2022-09-23,-5.1337417107243316e-05,-0.019777862611345398,1.3291805215675392,3.0147441834979527
2022-09-26,-0.0035277015655748828,-0.014001906137899311,1.3244998302558484,2.972826169306048
2022-09-27,0.00482344432441769,-0.023908545249199165,1.3309039138989982,2.902593150482862
2022-09-28,-0.0036912630182778902,0.0009761931175802374,1.326000253418903,2.905428025407069
2022-09-29,0.0016895424583608966,-0.0311123204131043,1.3282424807826378,2.8164251401609453
2022-09-30,-0.00133339346467087,0.02225738783693032,1.3264725911811075,2.879814227727144
2022-10-03,-0.0003669545759664775,0.00676860498105647,1.325985925291478,2.8993726696663846
2022-10-04,-0.0010183744105839094,0.03061151678381968,1.3246362625040329,2.989499283213683
2022-10-05,-0.0021277574623217175,-0.014684552007150131,1.3218207542332276,2.945920575506144
2022-10-06,-0.0010636845392142553,0.003989163906378934,1.3204155014386676,2.9576958065850625
2022-10-07,-0.0016292753899088178,-0.015966704219898986,1.318265932553071,2.9108461649536514
2022-10-10,-0.0046060917557381,-0.01322578719351597,1.3122078414816798,2.8726013990744943
2022-10-11,0.0033096970433745916,-0.013000774915116864,1.3165580468548095,2.8354970699931203
2022-10-12,-0.0028808940552407735,-0.017479053328290917,1.312770640781547,2.78636589953099
2022-10-13,-0.0021336920265302398,0.0189687750970009,1.3099725786955774,2.8397243196345245
2022-10-14,-0.0007101716822155444,0.006095048047878748,1.30904260352581,2.8570854304612445
2022-10-17,0.0008331434433852555,0.027219970002416716,1.3101336782358077,2.935923325036688
2022-10-18,-0.0026460390703914854,0.0015128983916259386,1.3066715957584973,2.9403684403691375
2022-10-19,-0.0017034494923437494,-0.016200830443201752,1.3044476414267592,2.8931158291136887
2022-10-20,-0.00028985368143293484,0.0081591133704908,1.3040695972670477,2.9168176505937176
2022-10-21,-0.0012007485105946162,-0.010539085639916124,1.3025046773660625,2.8862384808634856
2022-10-24,0.0021802313645450126,0.007584522492525281,1.305347536835707,2.908212447223876
2022-10-25,0.00043010659657423357,0.02809461140389935,1.305909096178654,2.991076106628709
2022-10-26,0.002221207891373054,0.015265731239445302,1.308813015679019,3.037087374871583
2022-10-27,-0.0015590470248179444,-0.0013264140401254565,1.3067741044331236,3.033061610042197
2022-10-28,0.002510001868992716,-0.00917826434281288,1.3100582297337278,3.0053507322293886
2022-10-31,0.0034707512712155953,-0.0014968655734506342,1.3146130156922318,3.000855491407124
2022-11-01,0.0007332851952228663,0.01695998582203373,1.3155773554789196,3.052183992981776
2022-11-02,0.00028678099072357353,0.0012028655457037019,1.3159546921602048,3.0558575689121033
2022-11-03,0.0021519906393940875,-0.005957018156037108,1.3187896636615897,3.0377078825690806
2022-11-04,0.00014510078005699188,0.01272951989237292,1.3189810349542441,3.0766236092531325
2022-11-07,-0.00047239537895576696,0.011815471625515883,1.3183581015554153,3.1131909731200436
2022-11-08,-0.0016184893499817858,0.0074240846260096305,1.31622607880205,3.1363895739963996
2022-11-09,0.0010985120352084207,-0.0026187136313158277,1.3176727634454355,3.128187012633017
2022-11-10,0.002966278522667294,0.038304551513064666,1.3215871505746213,3.2503352961175613
2022-11-11,0.0003396089025621857,0.012258638771237784,1.3220360495571992,3.2904252042101803
2022-11-14,7.354696806147719e-06,0.00031099876647644464,1.322045772767266,3.2914486815317154
2022-11-15,-0.00037278814840092944,-0.008516328354716052,1.3215530216231346,3.263536646524463
2022-11-16,-0.00231552481554123,-0.01781302654347172,1.318496472929368,3.2059178874039
2022-11-17,-0.0006132644628103164,0.0005178746292138214,1.317688133786349,3.2075785809195327
2022-11-18,0.00014596307337248998,0.008373810250585478,1.317880481633603,3.234551008705864
2022-11-21,0.0021831462040377758,0.006734525020068105,1.3207607502842653,3.256407687972426
2022-11-22,0.0004381173742255594,0.0004634898717199576,1.3213395252925957,3.257917349783446
2022-11-23,0.003043850344378266,0.0040130469931281,1.325367612398834,3.271017793975554
2022-11-24,-0.004834939633000182,0.002038933333436077,1.3189750063865688,3.2776939850313127
2022-11-25,0.0016224030306080425,0.0002762338194930436,1.3211166522708446,3.2785995200238642
2022-11-28,-0.0009140658926201619,-0.013044017197158198,1.3199096163380615,3.2361111236242808
2022-11-29,-0.0012633659254345422,-0.005520026332641592,1.3182431404102324,3.218296917683704
2022-11-30,0.0030969954766304326,-0.0011941975890845669,1.3223320618706158,3.2144559291697314
2022-12-01,0.00419812646785655,0.012760472626951014,1.3278950479881872,3.255736727167533
2022-12-02,0.0029103406442333246,-0.00237794271250813,1.3317653040676272,3.2480039694146043
2022-12-05,0.0004357348218476441,-0.00174198264058667,1.332345727031203,3.242350928062793
2022-12-06,-0.00011427502052956974,-0.011944029385007937,1.3321934818949677,3.203854551881808
2022-12-07,-0.003010612556928067,-0.008913910384080737,1.3281887947755835,3.1754225877742766
2022-12-08,-0.002201500946399381,-0.005646988380368256,1.325268002130435,3.157541547847275
2022-12-09,-0.0005298122975141546,0.0048754733565683495,1.3245660448146335,3.172973646359917
2022-12-12,0.0029496819317102454,-0.005119851353780902,1.3284788612894143,3.156770008445163
2022-12-13,-0.0008901104889399502,0.014082567703752602,1.32729689443923,3.2015399336754573
2022-12-14,-0.0009156860600348766,-0.0025390914505898365,1.3260820634622443,3.193421242412684
2022-12-15,-0.0005832579601168615,-0.007597882411568335,1.3253088410589426,3.16924994493977
2022-12-16,2.323022546575805e-05,-0.016290757333813133,1.325339628639732,3.118038730458939
2022-12-19,-0.0005551924875270322,0.003249415413680623,1.3246040142571742,3.128187012633017
2022-12-20,-0.0006498603315883249,-0.005603056916251958,1.3237434862950241,3.1107086147124687
2022-12-21,-9.605847672724844e-05,0.01704993051208703,1.3236163356192008,3.1642007027888543
2022-12-22,-0.002794684343927892,-0.00540054215330521,1.3199224098511444,3.147158363867971
2022-12-23,5.104493412230889e-05,0.0036177757928630427,1.3199897869232164,3.1585646975512294
2022-12-28,0.0011690793648394713,0.002937799268417862,1.321533862142282,3.1678575702225755
2022-12-29,-0.0007289296873341049,0.005860319818161486,1.3205709078829606,3.1864767325584804
2022-12-30,0.0005914081814600435,-0.007582699246835745,1.3213521353114568,3.162406013682785
2023-01-03,0.0033094913974341085,0.01481052443464037,1.3257323830343568,3.209591463334228
2023-01-04,-0.0009531402655222458,0.013331600915158504,1.3244693761257678,3.2526669504380945
2023-01-05,-0.00028967808824751235,0.0037216211609933936,1.3240857619339448,3.2647946980336444
2023-01-06,0.004976955827064701,0.002119623179025254,1.3306921043829736,3.2717221717736633
2023-01-09,0.0011789910684887246,-0.0012979051423496202,1.332261903696797,3.2674785412532366
2023-01-10,-0.004630174077609949,-0.004548476071432717,1.3261075580066495,3.2526502419414896
2023-01-11,0.005113243048484794,0.00671758643670195,1.3329056335539933,3.2745737551944774
2023-01-12,-0.000731155101975311,0.016228896843324847,1.331931428990287,3.328150040989054
2023-01-13,0.0025134379949781726,0.005613999339198372,1.3352833667298332,3.346886818036361
2023-01-16,2.670877496814344e-05,0.006469345479491295,1.3353190309890661,3.3686091740949147
2023-01-17,0.001207663467128377,-0.006709981315321301,1.3369326211405794,3.346081534023456
2023-01-18,0.006668233320045453,-0.002866527334539626,1.3458773895485743,3.3365036340570593
2023-01-19,0.0022999112909030664,-0.016055116497158295,1.3489763504545373,3.2833634072621485
2023-01-20,-0.0005704197186510245,0.0065433430525772,1.3482070871665768,3.304918023119478
2023-01-23,-8.333561421178671e-05,0.005017166242270221,1.3480947381822839,3.3215410115372968
2023-01-24,0.0014015267455802609,0.002703260213412051,1.3499854536480784,3.3305321484169883
2023-01-25,-0.001741387347937125,-0.002587075861262278,1.3476366517397076,3.3219269450471445
2023-01-26,0.005215325037198043,0.0056143855227528405,1.3546833744128268,3.3406299774836605
2023-01-27,0.0006381837485619449,0.0060024054247627134,1.3555481872522224,3.360742093133976
2023-01-30,-6.363878988613933e-05,-0.004913434222322266,1.3554619245508095,3.3442698088032
2023-01-31,-0.002966389409786685,-0.004206980216004297,1.351447054430615,3.330230085007752
2023-02-01,-0.0006890318284849666,0.0022640379966798463,1.3505161851317162,3.337778394062849
2023-02-02,0.0002217165319909126,0.03536002363990676,1.350815650093621,3.4579137951326984
2023-02-03,-0.0007232211191655532,-0.0010288836213199204,1.3498390648734686,3.4543578339137735
2023-02-06,-0.0017354150280379406,-0.008979893848762188,1.3474985653312939,3.4234769283918873
2023-02-07,-0.0008830702751945012,-0.010857696546782591,1.3463091546462862,3.386506922518524
2023-02-08,0.001403013998260229,0.005670197497641638,1.348199370926125,3.4057636286661137
2023-02-09,-0.0011911257369390037,-0.0013060268325126856,1.3465944519767754,3.401318513333667
2023-02-10,0.001486930428591963,-0.01226594961861771,1.3485982336151474,3.359852939020459
2023-02-13,-1.5907064366629548e-05,0.004701855600897531,1.3485767815468608,3.375687679539555
2023-02-14,-0.0012623762749746448,-0.005296157547471481,1.3468754443026774,3.3578567651023725
2023-02-15,-0.0012090622163562512,0.007683407879847337,1.3452479721486352,3.3837559176949257
2023-02-16,-0.0010203589390443565,0.00044111457598994264,1.3438760364075013,3.3852488710093387
2023-02-17,0.0030638680882637947,-0.00459890001999419,1.3479998094324002,3.369716193899484
2023-02-20,-0.0010643513306123112,0.0004727861783333509,1.3465658273073302,3.371309725811114
2023-02-21,0.004810518817970011,-0.012390863508503713,1.353059113074108,3.329794026008084
2023-02-22,0.0009017771282505642,-0.00863119072628038,1.35427982115604,3.3011776132027277
2023-02-23,0.0019007077991248789,0.0055838494733926325,1.3568563592216207,3.3196624523306144
2023-02-24,-0.003262352312742686,-0.00476106959577649,1.3524370283667284,3.3038948734155293
2023-02-27,-2.2717983219988722e-06,0.009580020580468585,1.3524339559060468,3.3356983500441486
2023-02-28,-0.0010942444843196034,0.0008646108148244736,1.350954871896734,3.3385836780757545
2023-03-01,-0.0035223954507098707,-0.001644353655146702,1.3462046456010412,3.3330983769251707
2023-03-02,-0.0025578000180747854,-0.0009516262960058697,1.3427657232469037,3.329928021598517
2023-03-03,-0.0008879917650508712,0.0037258072136712173,1.3415738875907084,3.3423578326033048
2023-03-06,-0.0024625402940004278,0.006916715377428773,1.3382742722204737,3.3655561058620824
2023-03-07,-0.003638191280603718,-0.005372232901665441,1.3334142206915849,3.3475240342304646
2023-03-08,0.0013791750516765856,-0.005255138393414072,1.3352545010609966,3.329978474705913
2023-03-09,-0.0013739747671607714,-0.008046573198676299,1.3334211548429395,3.3032910742146377
2023-03-10,-0.0008356899530681462,-0.01717824324777517,1.3323072936667504,3.2470309452004735
2023-03-13,-0.0011140732277126978,-0.02788887627212233,1.3308238322755344,3.157725996545109
2023-03-14,0.0021041928042198864,0.01605099530834231,1.333627090470639,3.2088195963145303
2023-03-15,-0.0037919601558045525,-0.02668895409702543,1.328579605659649,3.124312279508246
2023-03-16,0.001417018346485249,0.00709918688596467,1.3304635618206175,3.1465712731636883
2023-03-17,-0.00019216109837861937,-0.015461144052945741,1.330207923043926,3.0982958398218643
2023-03-20,-0.003207807684681066,0.0013146619651056568,1.3259477084738245,3.102371730141069
2023-03-21,0.00044225718513105474,0.015238717491962817,1.3265342480661195,3.150009947288789
2023-03-22,-0.0006095074666359124,-0.0011348209462749281,1.3257259618904276,3.146437277573258
2023-03-23,0.00013330230504749211,-0.001483191105752013,1.3259026959962792,3.141773968932188
2023-03-24,-0.003930786711471552,-0.012690933433296081,1.3207010852069792,3.1021538644500284
2023-03-27,0.0038557910331474803,0.0019338493441392046,1.3258032627527796,3.1081587670833093
2023-03-28,-0.0016777535030151223,-0.007198174129587898,1.323580756614453,3.085866028817079
2023-03-29,-0.0007837311104660348,0.012752252234555783,1.322543831586558,3.1254697524202104
2023-03-30,0.00235705388643278,0.014645694714186419,1.3256648153833326,3.171581271642726
2023-03-31,0.0026803346530700945,0.0010889927336901195,1.3292228069002312,3.1750369818820103
2023-04-03,0.00038789857720340293,-0.00258679667779127,1.3297385105497037,3.16683442051862
2023-04-04,-0.00013738863140937618,-0.0034169771964922546,1.3295558321448624,3.1560318860362604
2023-04-05,-0.0025640997003331285,-0.011417556341832835,1.3261510853546017,3.120202644578254
2023-04-06,0.0011907374119509149,0.010460414930889783,1.3277311235844602,3.153012562414219
2023-04-11,-0.0005837409940845691,0.008428476224697334,1.3269562986690373,3.179699962905499
2023-04-12,0.002156150018940004,0.002455274361865989,1.3298205022341947,3.187516590759035
2023-04-13,-0.0012778758618795481,0.00354060973240955,1.3281222420277197,3.1988223458450733
2023-04-14,0.0013374544800617378,0.009010084478944691,1.3298997334623681,3.2277742390528807
2023-04-17,-0.0003508520580113076,0.0022944017956980645,1.3294332172478067,3.2351885525175503
2023-04-18,-0.0027130798954104387,0.00048727894656153126,1.325831247139592,3.2367653759325754
2023-04-19,-0.0036335528963781696,-0.004956234895399092,1.3210225108609492,3.220762895212255
2023-04-20,0.0030224414950462872,-0.0033910008639761458,1.3250212640683756,3.209859782132668
2023-04-21,0.00031551283835101594,0.006983310011014154,1.3254393912470552,3.2323536775933377
2023-04-24,0.0026528316305644123,-0.0022391219524120487,1.328960226815705,3.225124140444088
2023-04-25,-0.0009267242255641487,-0.0005982992749835603,1.3277292176698032,3.2231951281300053
2023-04-26,0.0017616981748893262,-0.00038520227992577816,1.3300703373769893,3.2219537851174325
2023-04-27,-0.0007868036004245817,0.0020803003133700315,1.3290242448353784,3.228663393166404
2023-04-28,0.00011893779338964516,0.009158864903993091,1.3291823254471138,3.2583701172797204
2023-05-02,-0.00013506858157821496,-0.005725487911950822,1.3290028067996942,3.239767663440422
2023-05-03,-0.0011273116441740685,0.002657739824828198,1.3275054506125554,3.248389575306875
2023-05-04,0.0004049271262126252,-0.006252165184244873,1.3280431024272594,3.228143464066123
2023-05-05,-0.0005532823900084906,0.010729485643999226,1.3273085227992394,3.2629662643167836
2023-05-09,-0.007505665540900418,-0.00906292109349316,1.317383482567648,3.2335278590019114
2023-05-10,-0.001689138578467881,-0.0001919164668695572,1.315160117619001,3.2329073513044144
2023-05-11,-0.0020579420730611297,-0.000363262711246648,1.3124563773048379,3.231733169895844
2023-05-12,-0.0003917905501097581,-0.0040515460951429105,1.3119422700165435,3.218666142696947
2023-05-15,0.0011116925704082804,0.003662189556647988,1.3134015574801514,3.2304751183866576
2023-05-16,0.0005175985039279909,0.0007214065428424732,1.3140815481272494,3.232806445089613
2023-05-17,-0.003339209551956615,-0.002972301225931062,1.3097008725370745,3.223211836626613
2023-05-18,-0.004548349476056999,0.00429980459684387,1.3037574219511074,3.2371008563350223
2023-05-19,0.0009508783734861264,-0.00047690033307468127,1.3049977262837422,3.2355574499132103
2023-05-22,-0.00041175688794563975,-0.0008193903309390294,1.3044604950931036,3.2329073513044144
2023-05-23,-0.00205944167825365,-0.0033782409867839647,1.3017767991880025,3.2220042382248315
2023-05-24,-0.0030604447683675587,-0.014531204575421341,1.297798873409292,3.1755231663714976
2023-05-25,-0.005163992984010743,-0.004786540828812136,1.2911143234714757,3.1603597142748807
2023-05-26,-0.0024524683281802544,-0.0024818025482193917,1.2879517860816112,3.152526050307154
2023-05-30,-7.434193774008503e-05,0.0007074601707248718,1.2878560408091067,3.1547571260304705
2023-05-31,-0.0014496571941620458,-0.0045030357352420225,1.2859904435994245,3.1405830790270093
2023-06-01,0.001012183252317038,0.005587148054974733,1.2872927605696018,3.1581790916589596
2023-06-02,0.0018690428218261033,0.016931659731783455,1.2897010157282747,3.2121075663525915
2023-06-05,0.001032662956552613,-0.0018660991127585902,1.2910335300929419,3.206119044598334
2023-06-06,-0.002839601273164209,0.005405567575351711,1.2873727097321392,3.223496863921662
2023-06-07,0.0007153272516115315,-0.003382817049400799,1.2882939319627928,3.2126107869562666
2023-06-08,0.0008719241309253441,-0.002336712419975129,1.2894177163859777,3.205112603390986
2023-06-09,0.0003809992340691225,-0.0008324965133432727,1.2899090771464088,3.202445468668007
2023-06-12,0.001998513919127433,0.005177393528184027,1.2924895560941605,3.219068784703406
2023-06-13,-0.0024280923553816197,-0.00011989698644576663,1.2893550790234813,3.218682851193553
2023-06-14,0.0003072105563498318,-0.0006777187205493362,1.2897512433644587,3.216502228577636
2023-06-15,0.0016618297332334495,-0.0071228857543417234,1.2918963722549628,3.193672852714521
2023-06-16,-0.0003665745299036398,-0.000446542316021592,1.2914228827395196,3.192247061004113
2023-06-19,-0.0010459543060887322,-0.00932294843588366,1.2900728195896023,3.1626242069914094
2023-06-20,-0.0015345200743645247,-0.005750022491429974,1.288094695074605,3.1444912291449896
2023-06-21,-0.00042067589338772173,-0.009362875988255581,1.2875529386479103,3.11518714703813
2023-06-22,-0.0008307975153120656,-0.013198202395525271,1.2864836870929186,3.0743424080399966
2023-06-23,-0.002248703119558797,-0.014603008751132407,1.2835940174347529,3.029773967621718
2023-06-26,0.00043707486450944946,-0.004861766243108079,1.2841551667392033,3.015079663900399
2023-06-27,0.0008661520481162365,0.004446450518239331,1.2852679222051189,3.028515916112537
2023-06-28,-0.0018867473349541211,0.01963449668956585,1.2828452325984696,3.0885669081508547
2023-06-29,-0.0009586712027513502,-0.007747476292287558,1.2816159951278172,3.0647307634628094
2023-06-30,0.003741391931926149,0.00796469287058521,1.2864200041081553,3.0892378689557534
2023-07-03,0.0003828313375356181,0.004928973117355184,1.2869125802797419,3.104502227267169
2023-07-04,0.0008320690959932862,0.0014038272198373392,1.2879838260804948,3.1088634724990003
2023-07-05,-0.0026192882319455396,-0.007609623936971843,1.2846146395634432,3.0852959742269794
2023-07-06,0.005142972555280193,-0.02626443437246273,1.2912383956968847,3.0053173152361756
2023-07-07,-8.270849868055965e-05,0.004871879459871664,1.2911316037241007,3.0199945828433052
2023-07-10,-0.0004540116428273858,0.0013321493977151988,1.2905455479917174,3.024020347672689
2023-07-11,-0.0001929222781390978,0.006198830988772386,1.290296597019423,3.0428239587064256
2023-07-12,-0.00018895814289450501,0.02393388654980022,1.2900528080043523,3.116529068647922
2023-07-13,0.0002498945522365311,0.0028055668231683484,1.2903752254566745,3.1252849761047994
2023-07-14,0.005725096454930144,-0.003489307544459308,1.2977839356395717,3.1143988991394065
2023-07-17,0.0003834257683436486,-0.00878529395854244,1.2982816348514923,3.0871578249370515
2023-07-18,-0.0011111669045712378,0.01154976728023449,1.296839828458155,3.1230204833882715
2023-07-19,0.0009130511578948031,0.03713066503151374,1.298024450293004,3.2411600381576187
2023-07-20,0.0010934276418721567,-0.0005591306018910558,1.2994445223383095,3.239348312937364
2023-07-21,-6.395004668315865e-05,-0.0057747690356730885,1.2993614254574968,3.220695733608249
2023-07-24,0.0008302993465208067,-0.002894735432066753,1.300440732411872,3.211386152440296
2023-07-25,0.0008797849258852652,0.00025592914992600413,1.3015853439974352,3.21220814494981
2023-07-26,-0.002066125563913263,0.001909392646236796,1.2988988814847053,3.218347370791107
2023-07-27,0.002604237816382192,0.004519020466981161,1.302285931499128,3.2329240598010203
2023-07-28,-0.0006973587918749655,-0.0077766278364315156,1.3013780875385368,3.207880316711189
2023-07-31,0.0026496754097578125,0.001029644867601931,1.304830889437916,3.2111849952458584
2023-08-01,0.0034746561450854,-0.004088076068610391,1.3093726140023407,3.1980842234361733
2023-08-02,0.0015844304751877376,-0.013348042649759861,1.3114488682812633,3.155679697137206
2023-08-03,-0.0016942046640196686,0.0011049513346197415,1.309228886574685,3.159168496752124
2023-08-04,-0.0015501704349493552,0.005343138759602795,1.307200930906698,3.1760935485791735
2023-08-07,0.00040193997173199806,-0.003857546018300795,1.307726452818971,3.1638652223864034
2023-08-08,0.0008265370789724323,-0.0010714857678433276,1.308807784039993,3.160477001368704
2023-08-09,8.908349745809514e-05,0.005066316491889822,1.3089243824083137,3.176529607578842
2023-08-10,0.0017664180383862324,0.002984450951055706,1.3112385333255212,3.1860239650622035
2023-08-11,0.0017309773490166737,-0.010271780550967335,1.3135102230804017,3.1534653299104938
2023-08-14,-0.0011441173375409622,-0.002039282225279493,1.3120082726287523,3.1470410767741512
2023-08-15,0.0013033438956366694,-0.005430069363754342,1.313719385443906,3.1299987378532683
2023-08-16,0.0005769143359462565,-0.004242687560779501,1.314477507655538,3.116747261956544
2023-08-17,0.004356375945705691,-0.01216690850810842,1.3202163570678347,3.0790558421708876
2023-08-18,-0.002311115758032847,-0.01423786931010973,1.317168707333189,3.035527259953165
2023-08-21,0.002071193964124312,-0.01097920837286459,1.3198996463855164,3.0023818617147473
2023-08-22,0.0016716555194336788,0.006976045445359347,1.3221079091275592,3.023399839975191
2023-08-23,-0.0005694185857326847,0.011155688224917526,1.3213552906095793,3.057316777615726
2023-08-24,0.00046503908660471455,-0.0017517537430062902,1.3219699153681963,3.051965799673154
2023-08-25,0.0023935571448611076,-0.0035016448479616713,1.3251379157869494,3.0412975883987983
2023-08-29,0.0005944378125283376,0.018448791151541855,1.3259258620402294,3.0979266148086233
2023-08-30,0.0007103436448182348,0.005179183271469157,1.3268680596522544,3.1140129656295557
2023-08-31,0.0008301407686754536,0.002216788528849989,1.3279700042445082,3.1209237308729665
2023-09-01,-0.0007340778412393873,-0.0037045822064722955,1.3269955286048083,3.1093834015992785
2023-09-04,0.0032408028836349275,-0.000690795270447353,1.3313030356610518,3.1072361959765775
2023-09-05,0.0017280315368197062,-0.0017667856576828456,1.3336055581344999,3.1017512224435717
2023-09-06,0.0008327659169610618,-0.0021438112175040658,1.3347166019454841,3.0951087759986065
2023-09-07,5.7925157815120576e-05,-0.0036866662162289288,1.3347939178545367,3.083719150811953
2023-09-08,0.0005447567098475779,0.004304216689599016,1.3355212538901577,3.097020752198496
2023-09-11,0.0014782126474646548,0.003201312027384162,1.3374968981500315,3.106951168681525
2023-09-12,-0.0030325344174465495,0.0010738191275283526,1.3334470365491418,3.110289264209406
2023-09-13,-0.0002534267865346195,0.0010348923861869253,1.3331091481684467,3.113509745025885
2023-09-14,-0.0007018703553754286,0.018056464529214722,1.3321738066595035,3.170239350032929
2023-09-15,0.002376664080249155,-0.005831796599528261,1.3353437016901644,3.1518049640124355
2023-09-18,0.000168583794152938,-0.018287739254425617,1.3355688379745247,3.094689425495541
2023-09-19,-0.0009668386070569531,-0.0012258143687020606,1.3342781824879049,3.0908982348538063
2023-09-20,0.0030043156070168986,0.015385769220831236,1.3382928028292957,3.1388218069141534
2023-09-21,-0.000866728460863593,-0.003951748402522881,1.3371333688978904,3.1264424490167664
2023-09-22,0.000724664678258793,-0.0017075308906715492,1.3381026933956452,3.1211085071883815
2023-09-25,0.0006932336521410932,-0.01034526403673297,1.3390306328149821,3.0889862586539176
2023-09-26,0.0015007507118882843,-0.004277409792267761,1.3410416926627173,3.075801616743614
2023-09-27,-0.0002634061418508417,-0.006373647621350287,1.340688500562918,3.056259883300981
2023-09-28,-0.002032613577246906,-0.006690756519875052,1.3379661665776061,3.035879448852218
2023-09-29,0.002365615737321542,0.009934694778031883,1.3411350270726126,3.066190299784007
2023-10-02,0.0014986406512378966,-0.016664869727069487,1.343146413339143,3.0155160505176473
2023-10-03,0.0031946684083712885,-0.01680023510122375,1.3474441820714347,2.9652778602509553
2023-10-04,0.0020614212462156736,-0.010514552621669893,1.3502246970581409,2.934262631521053
2023-10-05,-0.003214663259456198,0.006103795394171385,1.34589114851407,2.952227541548663
2023-10-06,0.0008091430370567976,0.007488977318907075,1.3469806076702318,2.9744197012176783
2023-10-09,0.002510395971921881,-0.009075484623672025,1.3503663103110368,2.947547524410991
2023-10-10,0.002027073676126809,0.02226326328749373,1.353106378533628,3.0139054824918285
2023-10-11,-0.0005787830950273969,-0.005105482536301054,1.3523234500307062,2.998557254079799
2023-10-12,0.00048173178131149857,-0.00226815258413815,1.3529750641542135,2.9917637759302114
2023-10-13,-0.0005036695404036506,-0.02162176029951013,1.3522937834100555,2.9277708891631207
2023-10-16,0.0011664482636484486,0.003728598036301989,1.353872084469969,2.9387077468534994
2023-10-17,-6.461724140239525e-05,0.009662382572811268,1.3537846038170684,2.967240289558247
2023-10-18,0.004129321415609173,-0.016299907798060786,1.3593863733674336,2.9192665920080785
2023-10-19,0.0022149798597441844,-0.011000636276376596,1.3624007239365525,2.887328792171444
2023-10-20,0.002769733666956595,-0.010535719155020828,1.3661794416947435,2.857068394347056
2023-10-23,-0.006205137478817211,0.0015429437118434919,1.3577283576240506,2.861480092686291
2023-10-24,0.0015929781155703485,-0.0038117216904662854,1.3598929127713972,2.850593688103314
2023-10-25,0.001605777864498988,-0.00728785884304628,1.3620783529049094,2.8298944817487115
2023-10-26,0.0003205828817427344,-0.005205938721186243,1.362515081908624,2.8152005056449707
2023-10-27,-0.0045635907168203715,0.004939168494217938,1.3563112872859406,2.8291396508432016
2023-10-30,0.0010623347478501714,0.008936506734428917,1.3577529095024337,2.854535582832083
2023-10-31,5.649951580545759e-05,0.0038415681820467285,1.357829624051551,2.865522566012281
2023-11-01,-0.001951522831441561,0.005999655059481412,1.355182372465121,2.882766389745174
2023-11-02,0.0008249401847969656,0.033270430205257995,1.356300778107349,2.980290608260534
2023-11-03,0.002551835928033687,0.012111662975756943,1.3597662549457354,3.016606361825603
2023-11-06,0.0006708487683726506,-0.013226735163470948,1.3606787585048632,2.9769692212292567
2023-11-07,0.0007425009111586341,0.0007997487873137032,1.3616894388919685,2.9793510010396136
2023-11-08,-0.0013506021492565318,0.004751837884272803,1.359851579596912,2.9935420841572538
2023-11-09,0.003111202667319067,0.0106788739290824,1.3640889416866393,3.0256810411883275
2023-11-10,0.0010456670631080857,-0.010297980797387751,1.3655160705849152,2.994682520955032
2023-11-13,0.0003001408193834239,0.0033885988876427575,1.3659259792092997,3.004847511625713
2023-11-14,0.004887900738194929,0.0341544213266598,1.3726188334898561,3.1092490783912683
2023-11-15,0.0028917824476267003,0.0075458881294530045,1.3765938932737916,3.1327998681666855
2023-11-16,-0.002021118432536636,-0.017554734049499032,1.373814443726487,3.078284302768769
2023-11-17,0.0006886188651468847,0.011722989356691471,1.3747608040730455,3.114583347837234
2023-11-20,-0.0006127437058053807,0.0016788670636955771,1.3739186860709625,3.1198167110684056
2023-11-21,-0.0007348994244034093,-0.013614416983518396,1.372909364939577,3.077630050460477
2023-11-22,-0.0016623263242928144,0.007201091925011838,1.3706290374107173,3.099872335619312
2023-11-23,-0.0003606522700298942,3.255120262224409e-05,1.3701348060651917,3.099973241834112
2023-11-24,-0.0009847123504675755,-0.00122912022247057,1.3687862814632363,3.0961653426957687
2023-11-27,-0.0027410820844469353,-0.0010570052188096923,1.3650394634235676,3.0928944087718957
2023-11-28,-0.0011957627151532777,-0.002802378980458542,1.3634081756394225,3.0842390799122357
2023-11-29,-0.002991250703775581,0.004373931000580811,1.3593359734996286,3.097758874607403
2023-11-30,0.002099478323654204,-0.012757262686411863,1.3621928678550534,3.0584909590242955
2023-12-01,0.001046686338912276,0.009562775029817061,1.3636194029579662,3.0878789112317677
2023-12-04,0.000708911670469167,-0.0025781051810334077,1.3645864313951748,3.0799282877877987
2023-12-05,0.00227724064871258,0.00684959670225993,1.3676974640259736,3.1010969701352793
2023-12-06,0.000813447666455005,0.009646317890208422,1.3688104669599492,3.1311558831476534
2023-12-07,0.0011070086827882704,-0.0025747358767009842,1.3703265910584057,3.123104353488883
2023-12-08,0.0015062411580262724,0.004464059962829836,1.3723921886233008,3.137077243297905
2023-12-11,0.0006520657450225175,0.0025846363418349227,1.373287370385201,3.1451959345606815
2023-12-12,0.0019719318922441225,-0.004720398006599069,1.3759980713285167,3.1303843437455363
2023-12-13,0.001577431992965745,0.0018042331429111158,1.3781703275512869,3.136037385097346
2023-12-14,0.002638770543168279,0.029575689506348368,1.3818118052140924,3.230173054977421
2023-12-15,0.002104097054473661,-0.0024957117929744754,1.3847223323052236,3.222121525318657
2023-12-18,-0.001544000462138819,0.0006036810086573752,1.3825859700807541,3.224067246129339
2023-12-19,0.004398159859308509,0.004951167797862865,1.3886801960626574,3.240069726849662
2023-12-20,-0.002362971333401502,0.01607937113416824,1.3854026584568495,3.2925891183294893
2023-12-21,0.0008226613705303843,-0.002964260422631426,1.3865428446358505,3.2828434781618734
2023-12-22,-0.0020908769146257304,0.0030610707030636064,1.3836467829202297,3.2929078902353326
2023-12-27,-0.003081238994057354,0.004564006492586259,1.3793899979524475,3.3079710913523113
2023-12-28,0.0014382008413517918,-8.121513696046634e-05,1.3813752650722786,3.3077024449362913
2023-12-29,0.0011063536213741084,-0.0015021830566421812,1.3829044003254563,3.302737400503563
2024-01-02,-0.0012795810432139113,-0.00907110692642199,1.3811359937212948,3.2729133892964213
2024-01-03,0.0002027001849598248,-0.00954739371759139,1.3814159786182134,3.24181429046591
2024-01-04,-9.150012840254564e-05,0.002361809372096957,1.3812895846614124,3.249479886614828
2024-01-05,0.000557801033986166,-0.008382047066957554,1.3820602843485288,3.222356427123887
2024-01-08,-0.002255742686721375,0.009501648258892104,1.3789462255476428,3.2531200455519445
2024-01-09,0.0006429287961993409,-0.005159300896536934,1.3798330748443843,3.2363794424227224
2024-01-10,-0.00019908364835199608,-0.0007207111179479142,1.3795583999842715,3.2340477881021927
2024-01-11,0.0007819406405684879,-0.00897157308336638,1.3806375546257068,3.2051630564983906
2024-01-12,-0.0007366562220022419,0.004683368325942183,1.3796208738988296,3.2202092215011806
2024-01-15,0.0018181511346105133,0.0001667346477898235,1.382131514826754,3.220746186715646
2024-01-16,0.00029203212474513296,-0.00039068501619610174,1.3825352005714397,3.2194881352064644
2024-01-17,0.00212937361611422,-0.017284731816868515,1.385482271144489,3.1643183175002547
2024-01-18,0.0003023533951055726,0.004421816373790577,1.3859012397481263,3.1783413327990955
2024-01-19,-0.00015547514837595288,-0.004050815894915516,1.385685783296738,3.165492498908825
2024-01-22,-0.0004269964402521945,0.010762441815257873,1.3850942267052295,3.1997449169518104
2024-01-23,-0.0022626382894809067,-0.004360601931413299,1.3819638023179133,3.185822480250185
2024-01-24,-0.0008415502944819726,0.009385783554616722,1.380801299494014,3.2158646847659544
2024-01-25,0.0015625648650671098,0.0026774679331875717,1.3829605776569953,3.224486596632404
2024-01-26,-0.0018916419766367063,0.0059594115231185185,1.3803469841472158,3.243760011276599
2024-01-29,0.0010591573419980926,-0.0013868740407314561,1.381809763309878,3.2392644428367525
2024-01-30,0.0005220575609178448,0.001981381328031162,1.3825313358793834,3.245689023590678
2024-01-31,0.003327652662489958,0.0004391913782413326,1.3871395830307858,3.247114815301086
2024-02-01,-0.0009571116441763354,-0.011785301380154323,1.3858125707345317,3.2090712066163687
2024-02-02,-0.0001277819321768278,0.002161686726289247,1.3856355002400542,3.216015716470571
2024-02-05,0.0012816683423497004,-0.008064728933758758,1.387412563954639,3.190183725482021
2024-02-06,0.002106987649572918,0.007996982663177832,1.3903389068933694,3.2157978507795275
2024-02-07,0.0015224325254378952,-0.003490500405440855,1.3924572161489086,3.204592674290711
2024-02-08,-0.0002353104212363214,-9.426397580369894e-05,1.3921295950026698,3.2042906108814737
2024-02-09,0.0020204115470988833,-0.002117041927858665,1.394945113006254,3.197514168846075
2024-02-12,-0.0012210335682921107,0.007400800254217188,1.3932428776520944,3.221266115815924
2024-02-13,-0.0001926227870938155,-0.01469297334067221,1.392974533171363,3.1742821509764974
2024-02-14,-0.0010745677695458494,0.0042238114088331,1.3914784915772145,3.1877180755710546
2024-02-15,0.0016613219074392907,0.005023130157185918,1.3937921065765146,3.203770681781193
2024-02-16,0.002013324668863502,0.004820963400167244,1.3966010893562695,3.2192532334012314
2024-02-19,-0.001985676180404118,0.0013017851649621548,1.3938306433542273,3.22344673843184
2024-02-20,-0.0017305018910388546,-0.005599314395725585,1.3914207025950436,3.2054480837934376
2024-02-21,6.71229418686321e-06,0.0004917988579506982,1.3914300422514825,3.207024907208463
2024-02-22,0.003579895071256174,0.007529508639800397,1.396420142490081,3.231263366285379
2024-02-23,0.0007455847031394101,-0.004364919826288727,1.3974616802165267,3.2171898978791407
2024-02-26,0.0008696980388361797,-0.0027514522076703685,1.3986775785547203,3.2083501203216502
2024-02-27,-0.0014311608572726044,0.0019220821731469329,1.3966772776699339,3.21452276315616
2024-02-28,-0.0018178556608455325,-0.007863331738739987,1.3941406263059195,3.189345024475901
2024-02-29,-0.0002998737921542363,0.0021698148051001453,1.3937226227468014,3.196272825833495
2024-03-01,-0.0011382635180067632,0.015595497144573756,1.392137101672695,3.24651101610019
2024-03-04,-0.0010322533865080117,-0.005455517889272343,1.3907008048736642,3.228847841864237
2024-03-05,0.0028804750922081304,0.0011370891148665407,1.3947124588637454,3.2325214177945636
2024-03-06,0.0013205041977394573,0.010437745962804001,1.3965553990576463,3.266438355435097
2024-03-07,0.0005044869481213512,0.005673785151328659,1.397260120775307,3.285024100777789
2024-03-08,0.001107393310127405,0.0009085322805475471,1.398808294345876,3.288010007406614
2024-03-11,-0.002277661417625001,-0.00366459340846248,1.3956259082380003,3.2759828384082765
2024-03-12,-0.0003808994879446598,0.0017955928133392973,1.3950944162731247,3.281870453947739
2024-03-13,0.0005460676455275561,-6.63868138257584e-05,1.3958564402356874,3.281652588256697
2024-03-14,0.0019895181760619524,-0.0039897921983644835,1.398636286354972,3.2685855610578027
2024-03-15,-0.000219838291752317,0.0013795463267847197,1.3983288463377792,3.273097837994251
2024-03-18,0.0009117196912038666,-0.0013538872081753084,1.3996043116268226,3.268669431158411
2024-03-19,0.0007105163355814101,-0.0027595178612358495,1.4005991067208157,3.259661913399698
2024-03-20,1.381597663959724e-06,0.0026517651864974567,1.4006010417866064,3.2683172422593567
2024-03-21,-0.0006973707571580099,0.01309876209397487,1.3996246440727964,3.311409765477412
2024-03-22,0.001239462687478883,-0.0008615097897113344,1.4013605021390239,3.3085581820565944
2024-03-25,-0.0017212649677516667,-0.0056333131015957605,1.3989504641515094,3.289972436713907
2024-03-26,-0.001923928545700912,0.008331859750851933,1.3962615708681907,3.3174985382113045
2024-03-27,-0.00024943410069908057,0.0016721919389137696,1.395913339051171,3.3230506733483174
2024-03-28,-0.0034655641385666546,0.0037283961685865563,1.391084084721451,3.3354634482389223
2024-04-02,-0.002797607418246771,-0.008626562000243254,1.3871978162281036,3.3068136184403483
2024-04-03,0.002842211870192164,0.0020117429347656923,1.3911461346485012,3.3134727733819243
2024-04-04,0.0012564548495687332,0.006036317647007294,1.39289514550233,3.333534435924838
2024-04-05,0.0020682732694109664,-0.0074395382194598625,1.395779014585493,3.3088265008550377
2024-04-08,0.0006533198870417819,0.006503185776960407,1.396691202716515,3.330414533705585
2024-04-09,0.0016879528851813442,-0.004603936586397239,1.399050742497608,3.315116758400953
2024-04-10,-0.0018614766136163658,0.0019411200522263528,1.3964488646778555,3.3215580476514837
2024-04-11,0.000700689604282906,-0.0007527597969883004,1.3974276847647302,3.319058653129728
2024-04-12,0.0002677026949870221,-0.003325962680579053,1.3978018299996007,3.308037925338736
2024-04-15,0.0008328511355570259,-0.0011313431840296317,1.398966475761952,3.3042975154219825
2024-04-16,0.001049042219647019,-0.01815467510481028,1.4004348207021564,3.2448503225845524
2024-04-17,-0.005345499026313301,-0.00022750090156797853,1.3929687703921347,3.244112200175652
2024-04-18,0.0012218671026192462,0.005702378523489315,1.3946718333540726,3.26266420090755
2024-04-19,-0.002653054979906073,-0.0030584668040862795,1.3909765963022611,3.252700695048888
2024-04-22,0.00029887316220108954,0.010674421289138536,1.3913923840069435,3.2876073654001616
2024-04-23,0.0033914092704670556,0.010167773159416527,1.3961191757490952,3.3212055311348494
2024-04-24,-0.0007569386379709238,-0.0040638040555887045,1.3950627990583633,3.307736189547084
2024-04-25,-0.001025319599766324,-0.005971340710306805,1.3936331468780316,3.2880434243998256
2024-04-26,0.0003149576644342226,0.011271772361277854,1.3940721514493488,3.325315166064847
2024-04-29,0.001568695191137854,0.013059974771115535,1.3962607418962734,3.3690285245979803
2024-04-30,-0.002091184376794695,-0.00596255403844026,1.3933439540803825,3.349000279048276
2024-05-01,-0.000693202729779932,-0.0019452919625848608,1.3923784189423523,3.3424918281937352
2024-05-02,-0.0003808912507109794,0.006288396372738703,1.391848175173915,3.3635769680581853
2024-05-03,-0.001508185589249391,0.005579733229184924,1.3897505919836657,3.3823972875885255
2024-05-07,0.0021166381779341957,0.012253199902147571,1.3926953064926426,3.4240974360893874
2024-05-08,-0.001981240948583742,0.0038577335945291225,1.3899387731026218,3.4373322034895053
2024-05-09,-0.00210002894738108,0.0019160229686434604,1.3870229241991747,3.4439245244446526
2024-05-10,0.0005047557797896009,0.005541964176805081,1.387723208758336,3.4630636158808334
2024-05-13,-0.0009451705433633381,-0.004130483304219723,1.386412193323261,3.448788990280161
2024-05-14,-0.002575082716020862,0.0028266611167335753,1.3828466599888543,3.4585513389443863
2024-05-15,0.0012078288890839059,0.007590471353870143,1.3845179112235475,3.484903259033214
2024-05-16,-0.0008124856586276666,0.0022693753456479726,1.3833934671357697,3.4928207931015547
2024-05-17,0.0020276372247426747,-0.0035071315210597476,1.3862013329308032,3.4805924669087784
2024-05-20,0.001682322914080416,0.0059294215098084635,1.3885353339179163,3.5012916732633848
2024-05-21,-0.00011051976225646954,-0.0043162577768711685,1.3883818818028288,3.486211763649794
2024-05-22,-0.004596303107031111,-0.003533124826825329,1.3820151008819321,3.4739162758530178
2024-05-23,0.0010831156671160587,-0.0038121071278123253,1.3835127940309284,3.460698544567085
2024-05-24,0.00024264382992110695,0.0067436094923643,1.3838485356051804,3.4841150111344894
2024-05-28,0.0018789415766548325,-0.0031632436057904556,1.3864511504694663,3.4731113194576926
2024-05-29,0.0015415184999480929,-0.013076974312394185,1.388590038711537,3.427989205328336
2024-05-30,-0.0028880133569055607,0.011414163441557434,1.3845855574135315,3.467340991012057
2024-05-31,0.0018257710052229609,0.0028597985119418468,1.387115802699879,3.4772710798775037
2024-06-03,-0.0008762201839843118,0.00818635061022377,1.3859009161678089,3.50585407568965
2024-06-04,0.0011679088720854343,-0.008770194493669337,1.387520467703846,3.4752414889662075
2024-06-05,0.0009244635265462763,-0.002155018975658507,1.3888037728615843,3.4677603415151186
2024-06-06,0.0006460120790520868,0.002053671559314907,1.3897012467325547,3.4748893000671495
2024-06-07,0.0007670355414418406,-0.007777841070140568,1.3907676058961917,3.447966997770645
2024-06-10,0.0033124837667951844,-0.005336434814603663,1.3953821395786323,3.429616154233183
2024-06-11,-0.00035830980403909357,-0.008798231665153367,1.3948822500406497,3.3995739497174196
2024-06-12,-0.0008382563174044913,0.011309035220183006,1.3937134711191144,3.4382380660996277
2024-06-13,-0.0001429698389844615,-0.014813502893183284,1.393514226371892,3.387681103927092
2024-06-14,0.0007026408697471782,-0.0037503198326689358,1.3944937104924042,3.3750000102380455
2024-06-17,-0.001960671594097734,0.0019512782230073356,1.3917622449146105,3.3815920035756184
2024-06-18,-0.001653549026367302,0.012334573002700466,1.3894627994564297,3.423560798492502
2024-06-19,-0.0011313511828052963,-0.0014121147329504424,1.387891717964829,3.4187297496502085
2024-06-20,-0.001406914897261852,0.0057534497304931875,1.3859404453901287,3.438455931790677
2024-06-21,-0.002613995579963184,-0.0027502370062499892,1.3823223341154312,3.4290123550322886
2024-06-24,-2.7511531076799753e-05,0.005862678357781093,1.3822843048347024,3.4491745961724267
2024-06-25,-0.00028984109878558485,-0.009734681709632653,1.3818837200887208,3.4157608791355667
2024-06-26,-0.0004635381014496592,-0.0032119246653170563,1.3812433127707497,3.4048073129485847
2024-06-27,0.001373061055560767,0.0016589348868674136,1.383141146794598,3.410460354300393
2024-06-28,0.00166959997519572,-0.002255208296896072,1.3854523680895972,3.402777722037283
2024-07-01,-0.0013058895718643568,-0.003154946504274392,1.3836443011146466,3.392059057655531
2024-07-02,0.0011990997987039952,-0.001365756344267055,1.3853044238450911,3.387429493625256
2024-07-03,0.0008956501737223278,0.01644773400247246,1.3865457277970363,3.443605752538811
2024-07-04,-0.0021151718620146375,0.003932964635255942,1.3836160447720247,3.4571760003413767
2024-07-05,-0.00033919883473512464,0.008522332785107167,1.383146803409478,3.486765109743288
2024-07-08,-0.003692931112206038,0.0005579686329681977,1.3780483574455529,3.4887111581715544
2024-07-09,0.0029260329102127457,-0.0073981308230113285,1.3820864772459325,3.4629964542768317
2024-07-10,0.004427233137491746,0.013605296646872489,1.3882188610267936,3.5104335142301077
2024-07-11,0.0005900055855709694,0.012399022104299107,1.389038159580389,3.5542304152462743
2024-07-12,-0.000524939438032809,0.0006605051095238679,1.3883091900186681,3.5565787780634133
2024-07-15,-0.000950416668116989,-0.0006322072327993311,1.3869903446495604,3.554330993843489
2024-07-16,0.0017633229298402795,0.0011461741639280376,1.389438214085636,3.558407211780275
2024-07-17,-0.0013530613354650087,-0.005696458580141339,1.3875594902610493,3.5381945175327383
2024-07-18,-0.0021107505895942204,0.006657561061775397,1.3846337870500054,3.5618288497911874
2024-07-19,0.00027689681701433184,-0.007872027779676216,1.3850172408244847,3.53390010628733
2024-07-22,-0.0025954920714528944,0.0033644219644983764,1.3814271006627004,3.545809660574264
2024-07-23,-0.0035340675460185213,-0.002235331079491587,1.3765536605845554,3.537892454123504
2024-07-24,-6.686062820009716e-06,-0.006693246630506522,1.376544456891074,3.5142915388582687
2024-07-25,0.004019545800753921,-0.0031743815984182078,1.3820886755380017,3.5031535239734537
2024-07-26,-0.00259344409584559,0.022344327207518333,1.3785089497382845,3.582310190454747
2024-07-29,0.0027911229294637577,-0.004891119058859417,1.3823619122210036,3.564831464916618
2024-07-30,0.000686079212384586,0.008452765934196194,1.3833106474095016,3.5950918627410076
2024-07-31,0.00032312500883878523,0.00781722383383432,1.3837577018980256,3.623305633539913
2024-08-01,-0.0008242901763972671,-0.0065722639611873745,1.3826175539887542,3.5995703950666673
2024-08-02,-0.003736021705774052,-0.02993199000314206,1.3774617019808275,3.4934245923024427
2024-08-05,-0.0028056553392709254,-0.02872368239791001,1.373602435619243,3.3945079990698943
2024-08-06,-1.1458736251332468e-05,0.006452525320263192,1.3735866959613974,3.416481965430286
2024-08-07,0.001965292487929476,0.01017507369257764,1.3762888499682482,3.4514223803923496
2024-08-08,-0.0008154272642796698,-0.0032810567332504093,1.3751670439542238,3.440116625306313
2024-08-09,0.0004302671999601927,0.005669299943045658,1.3757588605382056,3.4596750672455525
2024-08-12,-0.002127850047035125,0.0025180149067498547,1.3728345643173983,3.468397557709221
2024-08-13,-0.0008551872181853632,0.003230243893371565,1.3716610356102075,3.479619442694647
2024-08-14,-0.0018005576006768834,0.00998661276700652,1.369193503040895,3.5145431491601085
2024-08-15,0.0007060292989345494,0.00674962131020429,1.370160535106268,3.5383452216197773
2024-08-16,0.0019186742555178395,-0.00214976335345618,1.3727919504580937,3.5307467870748623
2024-08-19,-0.00010563558080676225,0.005146131773242857,1.372646942442218,3.548963307404309
2024-08-20,0.0006725326805470256,-0.008129410935694636,1.3735704028637128,3.5202292798875483
2024-08-21,-0.002401363182446671,0.009532147248282996,1.3702759186794393,3.5539450603336458
2024-08-22,0.0009377189349599227,-0.003901461400179329,1.371561454996178,3.5401064937326363
2024-08-23,0.004484945177807578,0.004010048491418061,1.3777266478715944,3.554330993843489
2024-08-27,-0.0007978954858783901,-0.0012939485025711406,1.376627804437888,3.54973484680643
2024-08-28,-0.0020383171069741604,-0.004508720548527023,1.3738246582551026,3.533766110696903
2024-08-29,0.0026313657256175895,-0.001700830912653828,1.3774444537881454,3.527760880446039
2024-08-30,-0.0008830838192663208,0.002630749287245493,1.3762285918121002,3.537053753117382
2024-09-02,-0.00047092853939803016,-0.005039590384113168,1.3755806390731737,3.5192732917875986
2024-09-03,0.002310479495279829,-0.00822709088355289,1.3787625644049635,3.4904386856736154
2024-09-04,-0.0015394476682880657,0.0,1.3766416645161217,3.4904386856736154
2024-09-05,-0.0024441318768262097,-0.002217869082365098,1.373281079270622,3.482705927920689
2024-09-06,-0.0008414049870757584,-0.013016314561886233,1.3721260797012074,3.4376676838919527
2024-09-09,0.0022387692520321485,0.007626760530529353,1.3752013945540413,3.463986186987567
2024-09-10,-0.0005177971510253014,0.0002517354819993045,1.3744895035133373,3.464858304986904
2024-09-11,-0.00044374360861274833,-0.005767873317173766,1.3738797178852915,3.4449309656519973
2024-09-12,-0.0027435893622947518,0.007688035810225813,1.3701155221710686,3.471517787546057
2024-09-13,0.0015378418021188024,0.009598238863572917,1.3722241640580441,3.5049986661869266
2024-09-16,8.034339595991435e-06,0.00163534854138625,1.372235189017269,3.510735250021763
2024-09-17,-0.0011103509900247375,0.0007164316415106953,1.370712371903796,3.5132513530401326
2024-09-18,0.0024169211931843217,-0.005232136814271371,1.3740292824262323,3.4949175456168544
2024-09-19,-0.0011357188933108203,0.01559146006218981,1.372469657225763,3.5498354254036437
2024-09-20,-0.002268271202856187,-0.01575945830910186,1.3693600518728783,3.4943304549125744
2024-09-23,-0.0004170105633222844,0.000638187026947179,1.3687891333140643,3.4965612030183046
2024-09-24,0.0029338310885928948,-0.0036044561894978955,1.3728108260259817,3.4839806879264827
2024-09-25,-0.0004025113236677748,-0.0007079611016820309,1.3722583653165572,3.481515038015517
2024-09-26,0.001178713008977322,0.01221109921656982,1.3738768177615244,3.5242887893277244
2024-09-27,0.0012360511785550353,0.0108968543511061,1.37557604977383,3.56290245260254
2024-09-30,-0.001898919605587327,-0.008861895703162759,1.372966419966711,3.531467873369578
2024-10-01,0.0009210036642601741,-0.00660030680390733,1.374231509557055,3.5082358555000073
2024-10-02,-0.00020689446069659494,-0.006278348980210069,1.373947218080193,3.4862789252538002
2024-10-03,0.0021480209877872605,-0.002104869128315201,1.3769016575037052,3.4789484818897494
2024-10-04,-0.0012524860468482177,0.007684919401970802,1.3751781869265283,3.5057869140856477
2024-10-07,0.0020025774395250346,-0.0022465487358740432,1.377934847030404,3.497919833124709
2024-10-08,-6.924952191211722e-05,-0.01070292098134118,1.3778394290048857,3.460681508452904
2024-10-09,-0.0011802874765937423,0.009224893837375348,1.3762141417238651,3.4927536314975445
2024-10-10,-0.0005372653854156733,-0.0054899151558576165,1.3754749480919541,3.47363124855797
2024-10-11,0.0005241395821774975,0.0027246461645891173,1.3761960779263787,3.483108569927147
2024-10-14,0.0016134168022668136,0.0025154504555082724,1.378418247962909,3.491881185880633
2024-10-15,-0.002742117153528588,-0.001095792068575463,1.3746436412125624,3.488056905863263
2024-10-16,0.0007746864396969331,0.008862031988959629,1.3757089715960475,3.5191055515863767
2024-10-17,-0.002325285907472713,0.0057699416500476275,1.3725137712284965,3.5394692775385326
2024-10-18,-0.0006291589109042692,0.002305262201231173,1.3716505135505954,3.547638094291122
2024-10-21,-0.002937795271629772,-0.011556094405117179,1.367626798477053,3.5068772253936076
2024-10-22,-0.000748555635592316,0.002059409255686262,1.366603436799027,3.514106762542859
2024-10-23,-0.0015002556648711996,-0.005734815918520653,1.3645547194355174,3.494011683006726
2024-10-24,-0.00017951038603941562,-0.0018885305525238039,1.3643097896754353,3.4874193620515794
2024-10-25,-0.000936062280728448,0.0014083361696179963,1.363033308268346,3.4923342809944833
2024-10-28,0.0007408615714402297,0.0007297668671011337,1.3640435014274748,3.4948838010060626
2024-10-29,0.0012728814884631322,-0.010241747982906446,1.3657808726491554,3.45927275285668
2024-10-30,-0.004319928130380906,0.003451318865863584,1.3598935230567197,3.4712324326334274
2024-10-31,-0.0013331773040785398,-0.014853076878639015,1.358081751850291,3.420054962763393
2024-11-01,0.001544668964764611,0.004438573744147689,1.3601811596115614,3.4352688679674084
2024-11-04,-0.0035140297822898394,-0.0008987781802360928,1.3554098307131595,3.432182710358945
2024-11-05,-0.0020149132209862793,-0.004472105060033371,1.3526815470758273,3.4168678989401338
2024-11-06,-0.0006552599071248694,0.003758231826431313,1.351795479424928,3.4297334413270053
2024-11-07,-8.815140108377054e-05,0.00918660442219732,1.3516763220114618,3.461386213868589
2024-11-08,7.327065774565786e-05,-0.005710371564818573,1.3517753638530208,3.44167674022473
2024-11-11,0.00032973711985931613,0.00997062712248109,1.3522211678632206,3.476164060072939
2024-11-12,-0.0006150459755821429,-0.014371565546735354,1.3513897453835637,3.4265634136179313
2024-11-13,-0.0001998134561259227,-0.003363896692089696,1.3511197465035685,3.415056173719875
2024-11-14,-0.0008666961227439797,0.008003641496760139,1.3499492435663594,3.442498732734247
2024-11-15,-0.00048037384990281737,-0.0022537496154075853,1.3493009189826095,3.43474893886713
2024-11-18,0.0020768673504433966,-0.003973347307574926,1.3521061500452347,3.4211285655747474
2024-11-19,0.00035701153412173465,0.0015775041240164711,1.352588953714269,3.4265296690071394
2024-11-20,0.002831695978279471,-0.008988899460957711,1.356424502405723,3.3958669567938733
2024-11-21,0.0013066168910530504,0.005178008024024905,1.3581979879527757,3.4134963864190397
2024-11-22,0.0028834123495456265,0.011326276439181271,1.3621198843093187,3.452378368492297
2024-11-25,0.004071913913545518,0.008110255313560799,1.367677626863603,3.480491888311563
2024-11-26,0.002906081085347234,-0.008742083967771208,1.3716579897732843,3.4501977458763773
2024-11-27,-0.0001262540659204901,0.0015982588693770339,1.3714848233067385,3.4557164640201736
2024-11-28,0.00215338726838831,0.007794237868058218,1.3744413433879183,3.4827563810280924
2024-11-29,-0.002765763208415143,0.00042368870978570783,1.370645216102697,3.4842322982283167
2024-12-02,0.0007570776468660491,-0.00012036388650393803,1.3716832938607426,3.4838129477252537
2024-12-03,0.002264618817174303,0.005933491854671402,1.3747931536536504,3.504545571073072
2024-12-04,-0.000794812188885303,0.005370210657931196,1.3737008854294808,3.5234163437108075
2024-12-05,0.0002817767817653704,-0.00019519022158043242,1.3740880169838656,3.5227286744093034
2024-12-06,0.0005605246908570634,0.0027532234938885125,1.3748584431460675,3.532440897583712
2024-12-09,-0.00272086115268371,-0.00046067966370344493,1.3711227287024765,3.530813948678871
2024-12-10,-8.055630213586843e-05,-0.0035885163165154665,1.3710122805743838,3.5181662719830333
2024-12-11,-0.0006487753199703353,-1.90901281733602e-05,1.3701230901169719,3.51809911037903
2024-12-12,-0.0006632229699980677,-0.0011688235572400174,1.3692146942796717,3.5139894754490366
2024-12-13,-0.00021647174145449728,-0.002858670931876972,1.3689183300687715,3.503958480368782
2024-12-16,-0.0014602172243099567,-0.0036544501240172167,1.366920870661768,3.491176808082522
2024-12-17,0.00047182967196028136,-0.013062390000696311,1.3675659766658772,3.4458702452553385
2024-12-18,0.0012915379402982778,0.002872756986082692,1.3693333810998638,3.45578362562418
2024-12-19,0.0014187805589653618,-0.009882650659722714,1.3712775435235125,3.4217995263796457
2024-12-20,0.0026843758517561675,0.002511565728429588,1.374963512897606,3.4304044021319067
2024-12-23,0.0002951208805811402,-0.0015463553321950485,1.3753693532233309,3.4251038772967304
2024-12-24,-0.0011217795015569403,0.007435904538867888,1.373827357127324,3.450667549486837
2024-12-27,0.00016608342574952052,-0.004033146212815808,1.374055546029857,3.4367785297784277
2024-12-30,0.0015425160124692512,-0.004113130040876101,1.3761766842358754,3.42267164437898
2024-12-31,0.0009266767485853924,0.010627196388821147,1.377452546235625,3.459239008245889
2025-01-02,-0.0007628336413585913,0.0008530497659915426,1.3764021797723538,3.4621911702639188
2025-01-03,0.0017876095843592024,-0.002367060767575424,1.3788648499914928,3.4540056450147225
2025-01-06,0.0001689885806749901,0.0010338209170388524,1.3790978820947632,3.4575783147302483
2025-01-07,0.0015740410784008019,-0.012806765877428461,1.3812703481391708,3.413580256519648
2025-01-08,0.0012869313452592021,-0.019761213120942145,1.3830490925619494,3.3467859118215615
2025-01-09,4.61522952168921e-05,0.002647847731651609,1.3831129249249625,3.3556594339898473
2025-01-10,0.002535671082135234,-0.013649232700364777,1.386624494583333,3.310168422464835
2025-01-13,0.0015995721465657147,-0.0007857590300464068,1.3888442753790804,3.307568449345859
2025-01-14,-0.0006933669554867274,0.002426277150478384,1.3878816304238832,3.3156032705080185
2025-01-15,-0.0012874579868148636,0.028296164021675452,1.386095940880828,3.410762090092049
2025-01-16,0.0030578479739247376,0.009500484560168942,1.390340898455092,3.4433203976261786
2025-01-17,-0.0007187763971603076,0.0033897176798109996,1.3893419132997609,3.4550120862220655
2025-01-20,0.0007348863420961948,-0.005389016229541355,1.390363296950827,3.4364430493759803
2025-01-21,-0.0017166248399797823,0.005306421237074588,1.3879786121688504,3.454726731309437
2025-01-22,0.0029917484912724297,-0.0007479326898103267,1.392137312879122,3.4521437943046482
2025-01-23,0.0014422348906338385,-0.002914813194289323,1.394146550432286,3.4420960907277913
2025-01-24,0.00022642314436626732,-0.0001121279409534992,1.3944622532178022,3.441710157217943
2025-01-27,-1.2581652305513431e-05,-0.00726872034832482,1.3944447086889489,3.4167840288395173
2025-01-28,0.0018253800765085353,0.010693983450824618,1.3969924248457206,3.4535191329076547
2025-01-29,-0.0010256216505456777,-0.001399856445724268,1.395560373666029,3.448688084065362
2025-01-30,-0.0007527259065166706,0.01186531914307487,1.3945102944791472,3.4898515949693336
2025-01-31,0.001058180697124609,0.006964382247000245,1.3959867193791031,3.5142410857508724
2025-02-03,-0.0014045434505398648,-0.011458888547071666,1.3940273716919467,3.474201630765647
2025-02-04,0.002462536273341081,-0.0028284731230687754,1.3974644448825795,3.464388828994021
2025-02-05,-0.0016388822861384271,0.005292608308490543,1.3951760408829512,3.482773089524695
2025-02-06,0.0014333122411689053,0.010072886526485192,1.3971771975795337,3.5180319487750227
2025-02-07,0.0018113595353847752,-0.007912691638273017,1.399710281289065,3.490304690083188
2025-02-10,-0.0015622119439010868,0.008541927146296757,1.3975253442813418,3.5202463160017348
2025-02-11,0.000526166092036415,-0.003178619700110019,1.3982608682171724,3.50907455650613
2025-02-12,-0.0008912518738038994,-0.0018755523166671395,1.3970152207735709,3.502499271665163
2025-02-13,0.0019078887029259843,0.0017034695796471766,1.3996831145440232,3.508470757305239
2025-02-14,-0.0016174565690490865,-0.0001482034951560962,1.397421017810596,3.50795082820496
2025-02-17,0.0004277966778012787,0.0012281088921017869,1.3980189577687496,3.512261620329391
2025-02-18,0.002963640648454346,-0.002730714340009044,1.4021683291651197,3.502683720362994
2025-02-19,0.0026685648553165836,-0.008357891107269921,1.405915103321012,3.473530669960749
2025-02-20,0.0023175078746205512,-0.004598198660865194,1.40917710103673,3.4575953508444384
2025-02-21,-0.0027283779544465476,5.334452401051237e-05,1.4053375735232636,3.4577797995422705
2025-02-24,1.9974008198670444e-05,-0.006301984565258323,1.4053656440278184,3.436057443483711
2025-02-25,0.0004946643317004882,-0.001763852259969667,1.4060610002546987,3.43000208774303
2025-02-26,0.002885539260349586,0.007192258171437871,1.4101241037765153,3.45476047592023
2025-02-27,0.001097501119987491,-0.008836854509127079,1.4116725661238836,3.424365754887828
2025-02-28,0.0006901395569830012,-0.004334638349289932,1.412647153465229,3.409554491690264
2025-03-03,0.0004706329843049519,0.002746362529462587,1.4133121482828075,3.418931234462223
2025-03-04,-0.0006976399064191224,-0.021412709819145448,1.4123265091785007,3.3465008845265123
2025-03-05,0.004937479316407355,0.008842731303342788,1.4193170858176065,3.3762243171364372
2025-03-06,0.0006203595571666284,0.001558842990604603,1.420197845902165,3.3814914249783987
2025-03-07,-0.0022590386825460584,-0.0014892701151492105,1.4169931851205884,3.3764592189416653
2025-03-10,0.00034017039289596277,-0.0126938257821827,1.417475286242717,3.333869916327289
2025-03-11,-0.00031246466314078245,-0.005296970122369515,1.4170324444946927,3.316257195198733
2025-03-12,-0.000980959809654184,0.005865395606004853,1.4156430741872974,3.3357655116481584
2025-03-13,-0.0031364192281061612,-0.010001341357977367,1.411209979684775,3.302569660302337
2025-03-14,-0.003781530655610499,0.01547246161416993,1.4058835233114717,3.3540659020782186
2025-03-17,-0.0025317595866606603,0.001614091134594986,1.4023286661442844,3.3594840416247957
2025-03-18,-0.00011520317400822214,0.0034840742612480824,1.402167122736277,3.3712091472138934
2025-03-19,0.0031525736346594197,0.0012232466136765652,1.4065945330404004,3.375335490640498
2025-03-20,0.0011994300557151547,-0.0012133341976472423,1.4082826569904527,3.3712425642071038
2025-03-21,0.0005233252182115187,-0.009322853362887074,1.4090198396955516,3.3399590166787667
2025-03-24,0.00122763164795233,0.0005472921702462941,1.4107506592304,3.341787450395628
2025-03-25,0.0014054546720170084,0.0029470459435554375,1.4127347993183381,3.3516503776570716
2025-03-26,-0.0018520268038578762,0.0028985238963841198,1.4101207979507262,3.3613793093280835
2025-03-27,0.0019350569789706082,-0.006232203005831494,1.412852103805952,3.340495654275647
2025-03-28,0.00166091076670652,-0.0024987240016702827,1.4152006749205506,3.3321590973218345
2025-03-31,0.002383489128611103,-0.019802123898370994,1.418577813431691,3.266824288944946
2025-04-01,0.0007697644882509425,0.005907927279112712,1.4196702046443326,3.28618157368975
2025-04-02,-0.004494716901945697,0.0029917693471386286,1.413303507948538,3.2960277924545913
2025-04-03,-0.0016648079334312632,-0.022599957442343666,1.410952586515467,3.222373135620493
2025-04-04,-0.008878196038595885,-0.044988523687196746,1.3984813159614455,3.080615957089305
2025-04-07,0.001903961962621875,-0.03322703733995702,1.4011465075990983,2.9799380917438993
2025-04-08,-0.00444752708648985,0.0323444907182342,1.3949287077203611,3.0778983692589215
2025-04-09,0.016430189730135967,-0.02531052082949259,1.418036967757177,3.000972778500948
2025-04-10,0.0037286695112913938,0.034435438275044916,1.4233342286951072,3.106112467675404
2025-04-11,0.0008392222110314436,-0.00013501726606435227,1.4245292237566127,3.1056931171723465
2025-04-14,0.0017056205308155653,0.024730925077552257,1.4269610033044278,3.1834574089364414
2025-04-15,-0.0021513696819463976,0.01513375957538976,1.4238943825648347,3.2320014886942854
2025-04-16,-0.0009307936615253666,-0.00010897522497010925,1.4225696473220888,3.231649299795232
2025-04-17,-0.0023608542685490484,-0.000820483116847015,1.4192151290203967,3.228998873568852
2025-04-22,0.005522035301525095,-0.0006132155756475299,1.4270737629208652,3.2270194081473744
2025-04-23,-0.005820967135827597,0.012649557922776111,1.4187909438429942,3.2680990489507318
2025-04-24,0.0008015291132665047,0.0010926980888452675,1.4199286019622679,3.271672046283846
2025-04-25,-0.0006279402085749924,0.005384200764304126,1.4190372515864493,3.2893348929022204
2025-04-28,0.002442427924969468,0.0062833016876009395,1.422507383845186,3.310067843867616
2025-04-29,0.00254905135238779,0.003864073669632262,1.4261380536317176,3.3228829331470897
2025-04-30,-0.0010202355324064809,0.003773865856352643,1.4246837988826118,3.335446739742311
2025-05-01,-0.00033603147451569717,0.012514051155759987,1.4242051407115641,3.377448951652406
2025-05-02,0.0010793829276081759,0.005225953368032776,1.4257432333720075,3.395145542881579
2025-05-06,-0.0017102542665623484,0.005518206794546288,1.4233069338637667,3.413932445418706
2025-05-07,0.0022224201967009,-0.0007618673490572547,1.4264736375093572,3.4113324722997294
2025-05-08,5.582884808552234e-06,0.0058929734569925785,1.4264816013695885,3.431494713439864
2025-05-09,0.0006869891606699469,0.002304655736947936,1.4274619154616468,3.4394122475081987
2025-05-12,0.0032049603874524145,0.005980791713696476,1.432044213474747,3.460044292258797
2025-05-13,-0.0013267441039325777,0.006393261668634409,1.4301455170785882,3.4822361243102304
2025-05-14,0.0026361687025681885,0.002881262250816974,1.4339205956165686,3.4922838278870874
2025-05-15,-0.0028780780630685344,0.0012097221950657655,1.429799593333912,3.4965110775284867
2025-05-16,0.000602840052297546,0.006098002507732403,1.430661793653864,3.5178979531845904
2025-05-19,0.0020408077541000922,-0.0005342362907398979,1.4335844806425915,3.516019066360331
2025-05-20,0.004277665220740393,0.006434107971799108,1.4397300100039154,3.5387144466330214
2025-05-21,0.0005908646679573838,-0.006978139163040353,1.4405809469677613,3.514106762542859
2025-05-22,-0.0005581422346563056,-0.007185763199146322,1.4397771222439488,3.4889457323592077
2025-05-23,-0.0007066166233530037,-0.004384661862035344,1.438760111156235,3.473681374047786
2025-05-27,-0.0011280291707780532,0.011040462759282832,1.4371380628120212,3.5122449118327843
2025-05-28,0.001657188680609097,0.00036288150694296917,1.4395216462204097,3.51351967183857
2025-05-29,-0.0030350612282822433,0.0024509185048220417,1.43515923332854,3.52214158370502
2025-05-30,-0.002634303050489291,0.0014467560824904524,1.4313835642939265,3.5272409513457545
2025-06-02,0.00031500891630333635,4.755450936677619e-05,1.4318345339053244,3.527408691546984
2025-06-03,-0.00025943524306954347,-0.000532702550813724,1.4314631137468081,3.525530132340299
2025-06-04,-0.0014352797079996366,0.004803374316484366,1.4294100375086787,3.542505309657177
2025-06-05,-0.0010618724356108,-0.0023513397885661647,1.4278929919876222,3.53418546119996
2025-06-06,0.0018952904363407597,0.004163267086882527,1.4306018301260892,3.5489298904110984
2025-06-09,-0.000493769524931423,0.006059863505095464,1.4298956169076928,3.570501214765038
2025-06-10,-0.0013152503873380445,0.004855247376385208,1.428016182378132,3.5878790340883615
2025-06-11,-0.0023237011018019606,0.0018216642900181768,1.4247017519659289,3.5944209019361115
2025-06-12,-0.001018364331574269,-0.0019526147393396087,1.423251625022696,3.587409230477905
2025-06-13,-0.0007735148220682743,-0.0100282061026018,1.4221511444690884,3.5516137336306906
2025-06-16,-0.002601264136048517,0.005214625874010892,1.4184565610778834,3.570182442859193
2025-06-17,0.0012141554566544705,-0.002205982915558735,1.4201798338003329,3.5623153618982526
2025-06-18,0.0007784565440669649,0.002501972805251995,1.4212858125080365,3.5712393371739393
2025-06-19,-0.001241460451364002,-0.010211553446479726,1.4195224371885626,3.53495700060208
2025-06-20,-0.0013845298691092744,0.0035289278140524516,1.4175584259042857,3.5474536455932943
2025-06-23,0.0026692206043667935,-0.0013011747893845182,1.4213472564253145,3.5428407900596204
2025-06-24,-0.0006544629912538022,0.009668520940428138,1.4204173415788819,3.5772609483038256
2025-06-25,0.00035655153156794123,-0.0013231555492403402,1.4209238838563336,3.572530805676334
2025-06-26,-3.099458089710023e-05,0.008262290067282407,1.420879843598575,3.6021703681856447
2025-06-27,-0.0007244090004672511,0.011173854382729331,1.419850918177703,3.642646209788112
2025-06-30,-0.0005037812058042994,-0.0041391133001997815,1.4191358041157178,3.6276000447853223
2025-07-01,0.002863959826567598,0.00539082629953036,1.4232059776718715,3.6472086122143863
2025-07-02,0.0014283208754377272,-0.013459840343395868,1.4252402249128888,3.5984466667654957
2025-07-03,-0.0004939512414114782,0.011590862339158292,1.4245363995764933,3.6403984255681916
2025-07-04,-0.0015036237298169089,-0.0067175085099933085,1.4223960423912876,3.616025970900844
2025-07-07,-0.00155045983579406,-0.000872511107900209,1.4201923832409222,3.6128723240707883
2025-07-08,0.0021457600060943802,0.002003665752258854,1.4232430470835626,3.620118569716652
2025-07-09,0.0005310695653856047,-0.000639580840624987,1.4239990888876426,3.6178039515103015
2025-07-10,0.0017260167131995744,0.005861838740583991,1.4264590574773788,3.639073212455004
2025-07-11,0.0015380718412671855,-0.0037590529855862087,1.4286547421139066,3.6254194221694065
2025-07-14,-0.004841013668435769,0.005145598999360956,1.4217553185559635,3.6441224546059217
2025-07-15,-0.0024437704588527007,-0.001580124415568207,1.4182851168240067,3.6383688346568914
2025-07-16,-0.0006449170619437583,-0.004093084803360014,1.4173707354352378,3.623507118351932
2025-07-17,-0.00010573415565496189,0.007586222469454285,1.4172208788598952,3.651100381453336
2025-07-18,-0.0007842654072374129,0.006041529578020288,1.416109837282876,3.6732253795183443
2025-07-21,0.0030868712947631914,0.005201429907382149,1.4204879399330188,3.692381179451136
2025-07-22,-0.0020864087345998914,-0.0035588165642881364,1.4175273111026676,3.6792640267624224
2025-07-23,0.0021373319482655704,0.003604244266108836,1.420560277585711,3.6925489196523613
2025-07-24,-0.0021668426767276617,0.006425375210678652,1.4174854794563463,3.716351319729616
2025-07-25,-0.0006956581752845873,-0.001689520081654905,1.4164997370038666,3.710077770680308
2025-07-28,0.0029558067578402242,-0.007542580349033656,1.42069283043308,3.6821994802838502
2025-07-29,0.0019835913365552687,-0.0072557882958630415,1.4235137012259416,3.6555789137789994
2025-07-30,-0.00308522870159062,-0.0007574071469242938,1.4191286038902364,3.6528112004587943
2025-07-31,-0.0013612411962174468,0.008514167777212478,1.417198141782257,3.684044622497318
2025-08-01,-0.0015959665536070043,-0.012070110673500167,1.414938144867587,3.639845079474701
2025-08-04,-0.0025727592018977632,0.00735557169466361,1.4113025285233374,3.666716928663809
2025-08-05,-0.002375666851628272,0.0019286140500511806,1.407953723286499,3.6737954341084453
2025-08-06,0.0004534125873908983,0.0011043805524586503,1.4085922519746341,3.6778549435486245
2025-08-07,0.0012550157173564897,0.0005562292114049683,1.410361167166213,3.6799012429565305
2025-08-08,0.0004817168659934024,0.0009340110694040504,1.4110407255918158,3.6833399170816294
2025-08-11,-0.0018561173132020737,-0.0031517747492699755,1.4084240976068918,3.671749134700539
2025-08-12,-0.00036660271774667194,-0.0021403359516511955,1.4079078601377806,3.6638987622362094
2025-08-13,0.0002607858635762006,0.0004073936869026795,1.4082750704844749,3.6653917155506237
2025-08-14,0.0016248400092704032,-0.002286214957377908,1.4105651521673894,3.6570214139860093
2025-08-15,0.0021870878306261086,-0.0019972504996808027,1.4136535581224623,3.6497247152327477
2025-08-18,-0.001982849791254681,-0.0003953134710830142,1.4108532726500536,3.648282215025739
2025-08-19,7.564846191204029e-05,0.003841014435987944,1.4109600055671527,3.662322266438763
2025-08-20,-0.003031113785332068,0.002406248666240174,1.4066897004036558,3.6711453354996486
2025-08-21,0.0015795276492307014,-0.0031164255046984835,1.4089133613840128,3.659722293319788
2025-08-22,-0.0006478671899742012,0.011819180187822909,1.4080008682627498,3.703233839423323
2025-08-26,0.0003311415826797177,-0.009832026096342261,1.4084671931041925,3.6670019559588574
2025-08-27,-0.0015451480757289957,-0.002574038995163619,1.40629258321084,3.65757508769708
2025-08-28,-0.0011931190934511074,-0.0027830302114253413,1.4046157092329363,3.6474100970264014
2025-08-29,-0.002172215289500507,-0.006399138476284705,1.401567892968444,3.6241443345460342
2025-09-01,0.002865848819667303,0.0012951153311835384,1.4055903357636033,3.6288410601803203
2025-09-02,0.0014857859376576595,-0.022002580841032682,1.4076802943496514,3.549869170014442
2025-09-03,-0.0019985428629087625,0.007072221715031191,1.404869794331966,3.575063617191309
2025-09-04,-0.0008745772265112155,0.007553572848273404,1.4036416643291771,3.6021703681856447
2025-09-05,0.0023949312451532253,0.0046829500115137535,1.4070073182542535,3.619078711516096
2025-09-08,-0.0036960820853186725,0.00503930793655627,1.4018165024612916,3.637362393449546
2025-09-09,0.0010565469282813528,-0.004057230542425572,1.403298370074469,3.622634672735016
2025-09-10,0.001508957395030602,-0.0029027820041331864,1.4054174859531214,3.61213420166189
2025-09-11,-0.001546199105952399,0.007388834387203502,1.4032461098153706,3.638922508367965
2025-09-12,0.00019801958235205613,-0.003157973629239308,1.4035240075376607,3.6274490130807053
2025-09-15,-0.001457083019880035,0.000979812370401234,1.4014804457194519,3.63100497429963
2025-09-16,0.005551430535166813,-0.007172242053249178,1.4092823027572468,3.6050556962172524
2025-09-17,-0.00017154795154355595,0.005933459473226321,1.4090405640005492,3.6265097334773633
2025-09-18,-0.002343891368240039,0.004900102401231621,1.4057417934752077,3.6443236118003615
2025-09-19,-0.001179265099913196,-0.006284069176588858,1.4040850283133408,3.6214942359372415
2025-09-22,0.0028200093320917452,0.0003241731239480572,1.4080501494077764,3.6226684173458104
2025-09-23,0.0005635437245117438,0.004550470554374186,1.408843870860639,3.639190827166406
2025-09-24,-0.0009714755044827957,-0.00022589784246562772,1.407475878143753,3.6383688346568914
2025-09-25,9.366024832269554e-05,-0.00474600017407667,1.4076077088575605,3.6211420470381843
2025-09-26,-0.002297954074543462,0.004330985873183479,1.4043768046441407,3.6368591728458735
2025-09-29,-0.0006068757459331303,0.00849642293173325,1.4035247809856477,3.667891110072383
2025-09-30,-0.006876105769325765,0.006795489936463284,1.3939071001314236,3.692901108551418
2025-10-01,0.0016127064852057289,0.0015476856886706969,1.3961568767786687,3.698620983889651
2025-10-02,-0.0016205944942943628,-0.0001087800758501345,1.3938961050229137,3.698218669500774
2025-10-03,-0.0003618033998409989,0.0067939764774482825,1.3933918798937748,3.7234298251742497
2025-10-06,-0.0007858210160165052,-0.0044201589086227955,1.3922973533783005,3.707007993950865
2025-10-07,-0.0004311188524537538,-0.004394244925830293,1.391697237111051,3.690754230546295
2025-10-08,0.0009010682120720826,0.0017709325914694318,1.3929518163981125,3.697296098394045
2025-10-09,-0.0014595720774538217,0.0004989272989615046,1.3909201858379519,3.6991412406075126
2025-10-10,-0.0001236492604053329,-0.011447042356413917,1.3907482102182382,3.6570384501002
2025-10-13,-0.0005847326826840556,0.011968382147703238,1.3899352319969713,3.7010702529215878
2025-10-14,-0.0026827548422001185,-0.00163753792900323,1.3862113738556547,3.6950145695633236
2025-10-15,0.0021278678096973147,-0.00032687172260814634,1.3891641889014088,3.6938069711615453
2025-10-16,-0.0011077108122741625,-0.001345057918900494,1.3876262486631112,3.688841926728816
2025-10-17,-0.003596156735943847,-0.009521636538936562,1.3826450890654998,3.653884803270144
2025-10-20,-0.0004022845960593185,0.0039173961646312705,1.3820889841080803,3.6682265904748315
2025-10-21,-0.0010805003003449306,0.001818350884766673,1.3805964430363957,3.6749027815305895
2025-10-22,-0.005064545377273897,0.014568170113179235,1.3736220257369711,3.728831256224219
2025-10-23,-0.002085991604080577,0.0059025093735805,1.3707596482097848,3.750905801181827
2025-10-24,-0.00019568849602727173,0.007467092592628788,1.3704914325600264,3.779018993383514
2025-10-27,-0.0024984425418436516,-0.0007770784463136948,1.3670716123527693,3.776083539862091
2025-10-28,2.032774216338291e-05,-0.0012179143849539997,1.3670994021144747,3.7714873928250285
2025-10-29,-0.0010504405819712292,-0.001593453071214057,1.365664099404991,3.765482490191742
2025-10-30,-0.0011929178426866305,-0.007691554176011195,1.3640359456536035,3.736631175581153
2025-10-31,-0.0036453469578249346,-0.004738239506439257,1.35907261339911,3.7189680013451962
2025-11-03,0.0006455131043575932,-0.0028048685539090457,1.3599501957958282,3.708551400372681
2025-11-04,-0.0006922151726285046,-0.005142373074667361,1.359009143379236,3.689529596030325
2025-11-05,0.0024366043676950114,0.004486313447271684,1.3623245485187452,3.7061191674549248
2025-11-06,0.003207212117763532,-0.008609279162905992,1.3667008263935214,3.6743491078195194
2025-11-07,-0.002139889526286341,-0.006025862046570296,1.3637793645271916,3.6522745628619058
2025-11-10,-0.001334532022901487,0.008911481502922314,1.3619605711819744,3.6849671936040496
2025-11-11,0.000226114895756414,0.0082324587215723,1.3622685655742992,3.7154287486228776
2025-11-12,0.0003402059179123529,-0.0006593448609280017,1.3627320962455616,3.712979807208517
2025-11-13,0.00010495426179073155,-0.006335767601362008,1.3628751282925218,3.689529596030325
2025-11-14,-1.1009977188841322e-05,-0.008029256452767086,1.3628601231510513,3.66002402911144
2025-11-17,1.550450369746238e-05,-0.006054111176506893,1.3628812537846795,3.6379327756572257
2025-11-18,0.0010371350918482725,-0.012205353336346647,1.3642954790035353,3.5938003942386163
2025-11-19,-0.002594330006811035,-0.000588349457876447,1.360760633564616,3.5916866056091217
2025-11-20,0.004679401467321868,-0.0012991140552465197,1.3671431002857677,3.587023624585636
2025-11-21,-0.00032726750907923407,-0.0009825067631794582,1.3666957519740588,3.583501080359924
2025-11-24,0.0023901998805835227,0.002253617260057794,1.3699663351138514,3.5915860270119073
2025-11-25,0.0018532606991117607,0.009565751030242708,1.3725075939620535,3.626107091470908
2025-11-26,0.0005975378393355537,0.012325753050655308,1.3733279642609595,3.6710781738956446
2025-11-27,-0.00020686566578047262,0.009368602075094046,1.3730438992399605,3.705632655347858
2025-11-28,-0.0011413043080986856,0.003330536988819688,1.3714777322291318,3.7179949771310605
2025-12-01,-0.0034899850893204652,-0.006540571550690544,1.3666996379819194,3.6937565180541414
2025-12-02,0.0009038843319628887,-0.0017589479470441205,1.3679355348409492,3.687265103313792
2025-12-03,0.0028904353782329252,0.0008866962055140704,1.3718951839040854,3.6905360372376657
2025-12-04,-0.0010167645780199078,0.003153896766015407,1.3705009983756762,3.7021939812227638
2025-12-05,-0.0016521661775096912,-0.00031720856729222646,1.3682385724463528,3.701019799814189
2025-12-08,0.001455525832519466,-0.006488518521500453,1.3702315290816818,3.6770834041465053
2025-12-09,-0.003069974175387272,-0.000556744728836378,1.366031404109456,3.6750367771210244
2025-12-10,-0.0008196919984646627,-0.0035710797675498895,1.3649121378873081,3.661936332928915
2025-12-11,5.5525874968929186e-05,0.0009660308542454032,1.3649879279321548,3.6654755856512313
2025-12-12,-0.0014990281314969716,0.0011205456828715654,1.362943305485184,3.6695852205812307
2025-12-15,-0.0008784188459766932,0.007858730053238006,1.3617465960826447,3.6985371137890386
2025-12-16,-0.0001897808135362391,-0.00037192931716312216,1.361488187227107,3.697161775186033
2025-12-17,-0.0021036697787626766,0.005601124862554485,1.3586270761450896,3.717928143144635
2025-12-18,-0.0015881475607838736,0.0072285044357691675,1.356471088334641,3.744900570930963
2025-12-19,-0.001005273289901407,-0.0005779965331473846,1.355108149358868,3.742736656811656
2025-12-22,-0.0011367906404421884,0.001343622744975903,1.3535685503645543,3.7477688628483845
2025-12-23,0.0012463812489216187,0.00030879551335516453,1.3552566646233022,3.748926335760348
2025-12-24,-0.0002006434126417681,-0.001571714952611103,1.354984768579094,3.743038720220894
2025-12-29,-0.0007634955192003614,0.004159032872232515,1.3539506386067341,3.758638558934756
2025-12-30,-0.0009155482797393742,0.006711795195746717,1.352711598715676,3.783950620823031
2025-12-31,0.00017543105449080963,-0.003908614509224861,1.352948927154641,3.769189483115283
2026-01-02,0.0017239460857082856,-0.0027273509721315037,1.3552833497930008,3.7589235862298094
2026-01-05,0.001928331284695549,0.008208421666337173,1.3578993064809828,3.78990539796649
2026-01-06,0.0010714820431122587,0.008725251190250916,1.3593550509669947,3.823117957808913
2026-01-07,0.0021485339318581187,0.00389293825928938,1.3622788111937467,3.8380301272212773
2026-01-08,-0.0017301263386266664,0.0005024785233853635,1.3599239344465013,3.8399591395353547
2026-01-09,0.0014264271429103126,0.00629232760294407,1.3618651510317543,3.8641975986122774
2026-01-12,0.0003516112051407665,4.323914618353797e-06,1.362344082272609,3.8642143071088855
2026-01-13,-0.00018232375947453564,-0.004563980074458129,1.3620957172199442,3.8466182944769343
2026-01-14,0.002593179559760641,0.001102687702053018,1.3656324597145235,3.8508622526149434
2026-01-15,0.0008180646560083266,0.013958620115047893,1.3667500924485032,3.9049918845030107
2026-01-16,0.0020027498924569363,0.0013479051977771661,1.3694900939021313,3.9102589923449673
2026-01-19,-0.0019341059590016639,-0.00859918464477083,1.3668439147710292,3.876778113704103
2026-01-20,0.000983640300925513,-0.00668122254770509,1.3681890589912478,3.8509628312121613
2026-01-21,-0.0012627613632695484,0.004927333830330838,1.3664624530849518,3.869984635554519
2026-01-22,0.0019398733587467929,0.01290222073595615,1.3691157899300819,3.9202395343178145
2026-01-23,0.0022049730114377377,-0.0022875238159443256,1.3721379840001222,3.911282142048922
2026-01-26,0.000771073505613325,0.001465601529236693,1.3731964112557966,3.9170187258837625
2026-01-27,0.0017220821862068347,0.00223719477787121,1.3755632056561138,3.925791669454828
2026-01-28,0.002919309769454047,-0.000572732370963891,1.3795847679979005,3.923543885234907
2026-01-29,-0.0028094171932856473,-0.005237981874564923,1.3757143781466807,3.90304616369232
2026-01-30,-0.004478875221260578,-0.0006448589808609739,1.3695665031666833,3.9005300606739537
2026-02-02,-0.0031556621991313204,0.007399394025400241,1.3652514259673134,3.929498662378371
2026-02-03,-0.0005078686713724362,-0.005809493451190306,1.3645582335797664,3.906736448119257
2026-02-04,0.001871619139627814,0.0018359303230646162,1.3671145583738518,3.913915532161114
2026-02-05,-0.0029837963268242525,-0.009897395845074541,1.363041446666027,3.875369030490301
2026-02-06,-0.0006864386046755142,0.004512945030558768,1.3621061234549696,3.8928978815182482
2026-02-09,0.001378694064713799,0.005675872076050581,1.3639853462218563,3.9150562965764664
2026-02-10,-0.000469446323375837,0.005524590539002006,1.3633451785898612,3.9367452356418107
2026-02-11,0.00011904336136592643,-0.002252315314716924,1.3635074854432077,3.9278884219701338
2026-02-12,-0.0009950360395777436,-0.00477297225799056,1.362151421133274,3.9091853895336146
2026-02-13,0.005062831184744945,0.00523411252676631,1.369065250834758,3.9297001471903843
2026-02-16,-0.0018229413864397463,-0.0022135770311582093,1.3665717985274803,3.921011073719935
2026-02-17,-0.0003459714738156676,0.007683642486055575,1.3660990854456048,3.9512547630477144
2026-02-18,-0.0001854686034208459,0.0055289524548083335,1.3658457404505902,3.9731615678041012
2026-02-19,0.0011540200677433248,-0.004777860489143748,1.3674228636854135,3.9542236335623575
2026-02-20,-0.0024472026103051396,0.007526680414260412,1.3640805941573837,3.984098097876899
2026-02-23,-0.0007005286010279457,-0.008664230109907578,1.3631253513136006,3.9497280651225126
2026-02-24,-0.0007585110580527287,-0.0019426766401444695,1.3620917976915965,3.9420624689735866
2026-02-25,-0.0022744227679929313,0.005766093357209456,1.3589973454750843,3.9648584278434953
2026-02-26,0.001490795001412047,0.003467347931358944,1.3610248428406155,3.978629832840498
2026-02-27,-0.002509002026956706,0.0016091948227412445,1.3576143090584112,3.98503737748024
2026-03-02,0.003192596608391738,-0.01414156509374287,1.3619555501253648,3.929079311875311
2026-03-03,0.0030877630881923656,-0.031634693646850565,1.3661674455219202,3.8067295435787463
2026-03-04,-0.003081246557070507,0.008883410445010398,1.3619644253800118,3.8406969343266772
2026-03-05,0.002792647449936553,-0.008619060646733345,1.3657732277051382,3.807735984786091
2026-03-06,0.0017521008779172883,-0.008813947938039135,1.3681682977659042,3.7743222677492367
2026-03-09,-0.006943741326920487,-0.01806813836690324,1.3587009982930451,3.706739675152423
2026-03-10,0.0029880513126286598,0.017681448850581205,1.3627669381877727,3.7728630590456143
2026-03-11,-0.0003718273106158569,-0.004947239469544229,1.3622603184155209,3.7542438967097116
2026-03-12,0.0004373859234171584,-0.009544474812326342,1.3628562822264154,3.7185820678353516
2026-03-13,-0.00015755840993864306,-0.004412306127198562,1.3626415696729415,3.7022106897193683
2026-03-16,0.0027403130590731343,-0.002204384739989962,1.3663807550905738,3.694058581463379
2026-03-17,-0.00031153694030628797,0.007423827424474894,1.3659551433111776,3.7215846829607795
2026-03-18,0.0012841085769797287,-0.004779997408277836,1.3677103046941872,3.7038379662417924
2026-03-19,0.0025005543495204034,-0.023868741977214114,1.3711346182022048,3.616478738397115
2026-03-20,0.0016727428361166124,-0.010162783846423551,1.373430093146547,3.5799113745302042
2026-03-23,0.0002684969785668168,-0.00447540977139127,1.3737989044869794,3.5639256023064907
2026-03-24,0.002066889849216995,-0.005233230252818188,1.3766413319778807,3.5453234760847785
2026-03-25,0.001651736756901207,0.015944428316190695,1.3789170600013976,3.602304691393654
2026-03-26,0.00011263225256976056,-0.008388811469677293,1.3790723792827884,3.572212033770494
2026-03-27,-0.003391482416126046,-0.015679060883650564,1.374403201750101,3.5166399016754077
2026-03-30,-0.002772882376555595,-0.0004914576944425875,1.3705974222616366,3.5149120465557697
