,strategy_log,benchmark_log,strategy_eq,benchmark_eq
2002-01-03,0.0,0.017442914703778456,1.0,1.017595930727555
2002-01-04,0.0,0.012091736582206636,1.0,1.0299751248161548
2002-01-07,0.0,0.0015785127264305032,1.0,1.0316022375297902
2002-01-08,0.0,-0.00850764822084571,1.0,1.0228629566651217
2002-01-09,0.0,-0.003696618991211764,1.0,1.0190888021375726
2002-01-10,0.0,-0.005992804214089986,1.0,1.012999865594887
2002-01-11,0.0,0.00357032679521474,1.0,1.0166230703222119
2002-01-14,0.0,-0.00846713034570179,1.0,1.0080515296587682
2002-01-15,0.0,-0.0006658233042724504,1.0,1.0073805688538715
2002-01-16,0.0,-0.01324167429944545,1.0,0.9941290929571472
2002-01-17,0.0,0.0032511807433461826,1.0,0.9973664460790188
2002-01-18,0.0,0.0003027330610958501,1.0,0.997668427583861
2002-01-21,0.0,-0.002761242704831801,1.0,0.9949174227602646
2002-01-22,0.0,0.0013478680899741136,1.0,0.9962593443700599
2002-01-23,0.0,-0.0034237327190709266,1.0,0.9928542510469635
2002-01-24,0.0,0.002075864629096813,1.0,0.9949174227602646
2002-01-25,0.0,-0.005358811781446704,1.0,0.989600107524089
2002-01-28,0.0,0.0003727874785930396,1.0,0.9899690868241466
2002-01-29,0.0,-0.006885967368404522,1.0,0.9831756086745592
2002-01-30,0.0,-0.012031830943893596,1.0,0.9714170860922487
2002-01-31,0.0018925177100362093,0.009965375424371814,1.0018943096519266,0.9811460177632614
2002-02-01,0.0020184950302220917,0.0009568711213692183,1.0039186707308305,0.9820852973666019
2002-02-04,5.751944535298541e-05,-0.004536475136333706,1.003976417236708,0.9776401820341558
2002-02-05,-0.00030454081428687177,-0.010261276368222383,1.0036707119933024,0.9676596400613076
2002-02-06,0.0039840504038241185,-0.002169179499539098,1.0076773627483235,0.9655628875460021
2002-02-07,0.002513249095053233,0.0004515940264333551,1.0102130920933696,0.965999028450065
2002-02-08,0.0015551485684373368,0.0055239502790698225,1.0117853457645052,0.9713499244882428
2002-02-11,0.004803483702089758,0.005236042039282296,1.016657131587391,0.9764492921289794
2002-02-12,-0.004011887528985488,0.0010130066533129423,1.0125865882606224,0.9774389429353242
2002-02-13,0.002466964585755063,-0.0023711040084730683,1.015087687306802,0.9751240790157915
2002-02-14,0.0029240085412436515,0.0008426068718438984,1.0180601560187088,0.9759460715253055
2002-02-15,0.00021520523999032405,0.002454755787798746,1.0182792714754612,0.9783447236410555
2002-02-18,-0.0022703037094257946,-0.0022657788806839108,1.0159700905310776,0.9761305202231366
2002-02-19,-0.0003959288727362323,-0.007520451033043329,1.0155679182594608,0.9688171129732703
2002-02-20,0.0011269277228454254,-0.008520012301298507,1.0167130350116984,0.9605978431132777
2002-02-21,-0.0009174380080392416,0.0019537900142285736,1.015780691579156,0.9624764842243528
2002-02-22,0.00012126438632044313,-0.008804889002540506,1.015903877070212,0.9540391848645258
2002-02-25,0.0006163598002052402,0.00842145101629832,1.0165302323912018,0.962107504924297
2002-02-26,-0.0023539525715301794,0.009146063284266148,1.014140182572209,0.9709473643861832
2002-02-27,-0.0018469617072748214,0.008635160789157936,1.0122688331764995,0.9793679552494045
2002-02-28,-0.0038526282988410004,-0.0007881873543027496,1.0083764404095126,0.9785963339428924
2002-03-01,0.0024117855289436533,0.006219886537985886,1.0108113631917153,0.9847020608865806
2002-03-04,0.0019762861139914325,0.016572881569441478,1.0128109909200824,1.0011573910075693
2002-03-05,0.0006520959184999323,-0.0006871921915312384,1.0134716562186343,1.0004696398016693
2002-03-06,-0.0009262835192574873,0.0015580862573028043,1.0125333287719598,1.002029672815694
2002-03-07,0.0008975897283553809,0.016733147693932082,1.0134425762920543,1.018937852337351
2002-03-08,0.0004512404189751044,0.004566035975377858,1.013899985737841,1.0236009971696287
2002-03-11,-0.0002231488078157018,0.0026839702921677144,1.0136737604066746,1.026352001993225
2002-03-12,0.0014122622101806382,-0.005736591959387027,1.015106344906319,1.0204810949503718
2002-03-13,-0.001490296190990832,-0.0004439394828459342,1.01359466249411,1.0200281636453088
2002-03-14,-0.0012035640040982403,-0.001777570504582826,1.0123754702786916,1.018216602233843
2002-03-15,0.001105007013430701,-0.0003460282949863114,1.0134947705770219,1.017864331430393
2002-03-18,0.0003551312804793259,0.004423205594831003,1.0138547581903037,1.0223765264624496
2002-03-19,-0.0007632409098937648,8.20310898284049e-05,1.0130812379908432,1.0224603965630612
2002-03-20,-0.004287007958188933,0.0026542048240223437,1.0087474467973094,1.0251778205846545
2002-03-21,0.0023447947877219223,0.0022717279120065825,1.0111155277996953,1.0275093930007937
2002-03-22,0.0018513935886298656,0.000832241023589475,1.0129892345543619,1.0283648844079167
2002-03-25,-0.002214326138840202,-0.003185782577906693,1.010748627646665,1.0250939504840424
2002-03-26,0.001213211319623872,-0.0014246619197972876,1.0119756234751351,1.0236345779716318
2002-03-27,-0.00022452163868334112,0.003876164205172117,1.0117484385547644,1.0276100535024082
2002-03-28,-0.005457673360416341,0.008015163405781678,1.006241686749297,1.0358796126610097
2002-04-02,-0.002017355181669891,0.0036529583321573966,1.0042137860542577,1.0396705575895606
2002-04-03,-0.0006376398750574462,-0.003102562933520403,1.0035736634067383,1.0364499129642946
2002-04-04,0.0017811093634387863,-0.0051110339795563675,1.005362730644775,1.0311660966257266
2002-04-05,0.0014104844978271526,0.006146265222493952,1.0067817797291478,1.0375234338712518
2002-04-08,0.0010304729770960373,-0.00748100521295747,1.0078197758686256,1.0297906761183238
2002-04-09,-0.0005866383182701518,0.0023428199575512565,1.007228723554109,1.0322061186350768
2002-04-10,-7.88916152724989e-05,0.0020292708574629614,1.0071492647875155,1.0343028711503803
2002-04-11,-0.0024411089224749367,-0.0029234562593423163,1.0046937020983677,1.0312835475283422
2002-04-12,6.020124994727811e-06,-0.0012369348119189993,1.0046997504982418,1.0300087056181575
2002-04-15,-0.00038652193827749066,0.0010905532963949582,1.0043114870442975,1.0311325977281198
2002-04-16,0.0014964725896950868,0.002015130861741099,1.0058155367600772,1.033212559842422
2002-04-17,-0.002273772101979807,0.0039049731771978458,1.0035311395363948,1.037255115072808
2002-04-18,-0.0002272173774605951,-0.0027367962712006033,1.003303145725728,1.034420240148601
2002-04-19,-0.0015781552788552786,0.0026397464858884945,1.0017210263134255,1.0371544545711955
2002-04-22,-0.0005748547228441478,0.0006143580932924664,1.0011453477321057,1.0377918345740897
2002-04-23,-4.01813823242599e-05,-0.0010187677756015034,1.0011051211363118,1.036735104068134
2002-04-24,-0.0001922220358564112,0.0008733043268644991,1.000912705165708,1.037640884773867
2002-04-25,-0.0005915714136655625,-0.008001504043267715,1.0003207689252993,1.0293713256152643
2002-04-26,-0.00046597357423909075,-0.0037223187620334386,0.9998547544648617,1.0255467998847108
2002-04-29,0.00112903087655925,-0.001522250109804446,1.0009842588574116,1.0239868487750832
2002-04-30,-0.0065239319708007455,0.003123919552447063,0.9944751611904679,1.0271907029993472
2002-05-01,0.002812870895103803,-0.0012255003226009364,0.9972764293831426,1.0259326514901645
2002-05-02,3.396783168628249e-05,0.00793087946628468,0.9973103052763826,1.0341015501471538
2002-05-03,-0.002026338814428818,0.0008593839130597303,0.9952914628149799,1.0349906223562795
2002-05-07,0.00507884048044456,-0.00715659646681388,1.0003592477282863,1.0276100535024082
2002-05-08,0.002918105628340293,0.008484634976692718,1.0032826650251878,1.0363660428636818
2002-05-09,-0.005989955911423068,-0.0008419487835258366,0.9972910088878687,1.0354938429599527
2002-05-10,-0.004556641864514106,-0.0021730959050412224,0.9927570485872022,1.0332460587400307
2002-05-13,0.002329137510332268,-0.0024543243455052988,0.9950720111542553,1.0307132472250593
2002-05-14,-0.0027000291385778164,0.0016260958885609966,0.992388911582686,1.0323906492373012
2002-05-15,-9.636244049469325e-05,0.0009743898345835333,0.9922932871726208,1.0333970904446486
2002-05-16,-0.002103263514199951,0.0,0.9902084261809228,1.0333970904446486
2002-05-17,-0.0006957842359606513,0.0018000587670119472,0.9895196943998141,1.0352589411547224
2002-05-20,-0.0014695852966150433,0.00037264079792720395,0.9880665788063905,1.0356447927601757
2002-05-21,-0.005628398915290487,0.00021050320940929623,0.9825209670435044,1.0358628222600095
2002-05-22,0.0018182146041344908,-0.008652100975927723,0.9843090260595633,1.0269390926975106
2002-05-23,0.0008782709368038021,-0.0029936458052386428,0.985173895809374,1.0238693978724676
2002-05-24,-0.0013804294451433166,0.0010152604953450606,0.9838148709897625,1.0249094198818165
2002-05-27,0.002672367838959349,0.00035994683083195866,0.9864475023233839,1.025278399181874
2002-05-28,-0.002744814936086768,-0.007669620595326165,0.9837435990400025,1.017444980927332
2002-05-29,0.0007907933800687867,-0.003815648284446027,0.9845218446409865,1.0135701658981715
2002-05-30,0.0024480249959344274,-0.005759241145646854,0.986934931168679,1.0077495481539285
2002-05-31,-0.0075873522847382645,0.006834376674921927,0.979475044345929,1.0146604772061287
2002-06-05,8.807988121514975e-05,-0.007716920011505479,0.9795613201910155,1.0068605578491967
2002-06-06,-0.0021502637221186495,0.0008659631901046794,0.977457267964901,1.007732839657321
2002-06-07,-0.002598474655533215,-0.00756894409671105,0.9749206671010309,1.0001341593992203
2002-06-10,-0.0006142828481034283,-0.00033549167167379323,0.9743219739592595,0.9997986789967725
2002-06-11,-0.0014815408558555752,0.0012910586212981912,0.972879544920697,1.0010903113079581
2002-06-12,0.003645205675467497,-0.009647482152274733,0.9764323624005974,0.9914787486351658
2002-06-13,-0.0019541118607464126,-0.008989992087625964,0.9745261674057135,0.982605308371276
2002-06-14,-5.422075388610004e-05,-0.029116097107566574,0.9744733292947091,0.9544081641645831
2002-06-17,0.0015525987526677388,0.009219591772295033,0.9759874704929868,0.9632481055308648
2002-06-18,-0.003038660744234512,-0.005377918736353848,0.9730262769892676,0.9580817400949114
2002-06-19,-0.0007574980197939269,-0.015118026777097171,0.9722894906035857,0.9437063720882274
2002-06-20,-0.0008849070343746144,-0.013690876457769008,0.9714294853623655,0.9308742466945632
2002-06-21,0.004344275717394545,0.001008608699413216,0.9756588229394608,0.9318136082022996
2002-06-24,0.005011705872774421,-0.01042299886253062,0.9805608113940277,0.9221517562308972
2002-06-25,-0.010173547018638627,0.006888452870605022,0.9706356027686388,0.9285258838774225
2002-06-26,0.0030607250956575286,-0.023875964853065312,0.9736110026344863,0.9066189972166427
2002-06-27,0.003289531522484562,0.006123821648316152,0.9768190002300816,0.91218800465905
2002-06-28,-0.004154110594112817,0.0106999839211106,0.9727696027184927,0.9220008064306744
2002-07-01,-0.0029724818675790528,0.00025465270930880024,0.9698823559832549,0.9222356263315098
2002-07-02,-0.0016910415714997626,-0.01830033673259912,0.968243630566736,0.9055118955076833
2002-07-03,-0.004849315291457105,-0.022044306891372045,0.9635596780833009,0.8857689229662126
2002-07-04,0.0011188719126054378,0.006041629865709552,0.9646383812960574,0.8911366094053924
2002-07-05,0.0014051140259709978,0.014055726098625598,0.9659947609264645,0.9037506233948271
2002-07-08,0.0018143378971487557,0.0003711401602295439,0.9677489927330659,0.9040861037972757
2002-07-09,-0.0016839899232810609,-0.011588580237310353,0.9661206845930873,0.89366950282476
2002-07-10,-0.0004866802319018818,-0.016350140104099964,0.9656506071522417,0.879176683915459
2002-07-11,-0.0029324964525081656,-0.034195621779643304,0.9628229881900437,0.8496209096023642
2002-07-12,-0.003995553378277592,0.0002961003547365948,0.9589836527894003,0.8498725199042007
2002-07-15,-0.003343974740531651,-0.030703853830765127,0.9557821914640645,0.8241746883148711
2002-07-16,-0.00018336186104225458,-0.018259044168264182,0.9556069535291546,0.8092626008069058
2002-07-17,0.0012477460538191305,0.009715342798548576,0.956800052521911,0.8171631806654518
2002-07-18,-0.00037135535414138947,0.016449842568574624,0.956444805665058,0.830716556162622
2002-07-19,0.0006949460519757267,-0.016983710644861816,0.9571097142177145,0.8167270397613888
2002-07-22,-0.00425742676323012,-0.019096797095645712,0.9530435515417859,0.8012781508477477
2002-07-23,-0.0007167878306364972,-0.012767227633707634,0.9523606662931302,0.791113078272672
2002-07-24,-0.002407819345094546,-0.0280817440685599,0.9500703123431414,0.7692062735162876
2002-07-25,-0.0006681572041632253,0.014741239799667127,0.9494357280441317,0.7806293156961495
2002-07-26,-0.0007506981496123426,-0.005624021584518246,0.9487232558591479,0.7762513619677103
2002-07-29,-0.0005643995551998659,0.023639478753278098,0.9481879479535151,0.7948201531006094
2002-07-30,-0.0002602823236821061,0.0033709791590528226,0.9479411835067394,0.7975039963201991
2002-07-31,-0.007768905001793383,0.006122936997188688,0.9406052514814752,0.8024020429577089
2002-08-01,0.001738610084663479,-0.011775726714747137,0.9422420196959532,0.7930085916891446
2002-08-02,-0.0008659342336816232,-0.01026921045937712,0.9414264532391047,0.7849066908273709
2002-08-05,0.0035943961863496017,-0.01946453665795822,0.9448164016514242,0.769776573819571
2002-08-06,0.0053474784445087685,-0.0033832853754489634,0.9498823198656224,0.7671766007005938
2002-08-07,0.002776113375968526,0.010764834551455493,0.9525229645479983,0.7754797406611998
2002-08-08,0.0023078644204601673,0.01058591711970891,0.9547237970422079,0.7837325094188003
2002-08-09,0.004005429007042202,0.010771583038424737,0.958555544205339,0.7922201799816316
2002-08-12,0.004817498039796107,-0.004541390294381387,0.9631845247604033,0.7886305560563098
2002-08-13,0.0003305097856657347,0.004583777614417528,0.963502919284593,0.7922537607836346
2002-08-14,-0.0022006040558980146,-0.0024165658069090767,0.961384962099843,0.7903415388705561
2002-08-15,0.00012254437976129092,0.01545812519403178,0.9615027816426494,0.8026536532595446
2002-08-16,0.0014189374979764818,0.005003032993283085,0.9628680623888843,0.8066794180889288
2002-08-19,-0.0005374919509749526,0.012501841522023938,0.9623506676157186,0.8168277002630024
2002-08-20,-0.00011821675127176418,0.0007594673549284892,0.9622369083704656,0.817448289864896
2002-08-21,0.0011847310979727715,0.008032067494250228,0.9633775759181685,0.82404052891565
2002-08-22,0.00032236197278035254,0.0118378101306984,0.963688182275223,0.8338533306872746
2002-08-23,0.0006689824759346621,0.001266483495916404,0.9643330884728513,0.8349100611932297
2002-08-27,-0.0011268307976773253,0.006847598147667,0.9632470602494806,0.8406468088368613
2002-08-28,0.0007096892281745471,-0.015280979046966792,0.9639309089435342,0.8278985535438099
2002-08-29,0.0032175222098029897,-0.014530907779331415,0.9670373729302524,0.8159554184548784
2002-08-30,-0.010083467904551943,-0.0011519044027092917,0.9573352801941191,0.8150160569471426
2002-09-02,-0.0008445230354392457,-0.0014622543926723353,0.9565271297962024,0.8138251670419662
2002-09-03,-0.004304049563859424,-0.014449398262526003,0.952419036680388,0.8021504326558723
2002-09-04,-0.008737093827533352,-0.009539069043405846,0.9441339088682672,0.7945350439011652
2002-09-05,-0.00024063092803083524,-0.012961806023710665,0.9439067483816063,0.784302891626479
2002-09-06,0.0017569035318733004,0.008073042080170012,0.9455665591183237,0.7906602288720039
2002-09-09,-0.0010404907111381493,-0.004422590382709757,0.94458321756439,0.7871711835439001
2002-09-10,-0.002356726468425514,0.010197592880917483,0.9423597144174258,0.7952395036036708
2002-09-11,-0.0017551669503894389,0.005595087990078795,0.9407071664643157,0.7997014093371169
2002-09-12,-0.005326980407177612,-0.009864923432708395,0.935709361243352,0.7918512006815756
2002-09-13,0.0026768457996026755,-0.010798063378922862,0.9382174663242678,0.783346739717742
2002-09-16,0.0001747890791677885,-0.0022724081567169208,0.938381470823946,0.7815686772038853
2002-09-17,-0.01625273628531448,-0.0010091597429333632,0.9232534729291719,0.7807803474007674
2002-09-18,0.0011009596104752874,-0.022948071114374358,0.9242704974618358,0.7630669657705974
2002-09-19,0.0016615894992758934,-0.0143024260908593,0.9258075322216867,0.752230932390625
2002-09-20,-0.0022649842793462166,-0.000914700216798181,0.9237129656910901,0.7515431811847257
2002-09-23,-0.011460949599995938,-0.015542920035805707,0.9131867732476272,0.7399523168992433
2002-09-24,-0.0001009641927072777,-0.024438752501110272,0.9130945787365258,0.7220879854688501
2002-09-25,-0.0009134656130593729,0.006990976410298444,0.9122608790733373,0.7271537723075837
2002-09-26,0.0016046267538540058,0.01037281980368121,0.9137258923718131,0.7347356621646819
2002-09-27,-0.002357425049083985,0.006734862629677707,0.9115743890654394,0.7397007065974074
2002-09-30,-0.02001531822643598,-0.028218756207554208,0.8935103196841292,0.7191190330498154
2002-10-01,0.003034905522399021,-0.004324608953163889,0.8962261581596996,0.7160158393271644
2002-10-02,-0.004065332034177794,-0.004319840898805438,0.8925900971544471,0.7129294360055154
2002-10-03,-0.002085034799998789,-0.005544493651921556,0.8907309546017378,0.7089875412767431
2002-10-04,-0.004153406135731492,-0.010297303260488277,0.8870390594669002,0.7017243414210922
2002-10-07,-0.0012392179393326207,-0.007750906807229896,0.8859405055659546,0.6963063656833028
2002-10-08,-0.001169417438710304,0.0032468731538841666,0.8849050768312943,0.6985708583998314
2002-10-09,-0.0017932294285511008,-0.008100747625958249,0.8833196609381123,0.6929347712578146
2002-10-10,0.0012552888627823551,-0.010145690211396996,0.8844291785075951,0.6859400130571984
2002-10-11,0.0004621850092628144,0.024064328117789913,0.8848380428938727,0.7026469125278259
2002-10-14,-0.001606401332244006,-0.003946759906636288,0.8834177789453163,0.6998791992076236
2002-10-15,-0.002527484766159432,0.03186630300556281,0.8811877733066572,0.7225409167739129
2002-10-16,-0.0015734602580668848,0.001786029244897236,0.8798023496058649,0.7238325490850984
2002-10-17,-0.001223976742372983,0.012939582929295312,0.8787261507476047,0.7332594992512712
2002-10-18,0.0015826881091167127,4.5795565030815055e-05,0.8801180013197005,0.7332930800532738
2002-10-21,-9.728821670818282e-05,0.005861574633097888,0.8800323803738815,0.7376039540821029
2002-10-22,0.003493559352444349,0.003654673547359266,0.8831122023648268,0.7403045877026931
2002-10-23,-0.0011553923378640125,-0.004906223981958391,0.88209245051292,0.7366813829753688
2002-10-24,0.0007716188909640845,0.003545802918512919,0.8827733523758988,0.7392981464953481
2002-10-25,0.000816823386547573,-0.003409171767765784,0.8834947168687266,0.7367820434769822
2002-10-28,-0.00040903679837033695,0.009110588866390046,0.8831334089175228,0.7435252323279595
2002-10-29,-0.001182088972208615,-0.015024568503156033,0.8820900834271203,0.73243758864615
2002-10-30,-0.0019188315042389767,0.004911769541333655,0.8803991240373689,0.7360440029724741
2002-10-31,-0.008778136969828534,0.006745700461738835,0.8727046807851608,0.7410259197105948
2002-11-01,-0.0015539661005387288,-0.0009058586626355947,0.8713495804581173,0.7403549589056976
2002-11-04,-0.0009503176416543729,0.021761093865046988,0.8705219149146325,0.7566424669210668
2002-11-05,-0.0026413987520559493,-0.006628242273128748,0.8682255535530972,0.7516438416863386
2002-11-06,-0.0017018921614845338,0.00793544614246322,0.8667491839563776,0.757632199631807
2002-11-07,0.001669495644316685,-2.216192377346715e-05,0.8681974265246573,0.7576154092308048
2002-11-08,-4.965246529978727e-05,-0.005750884922870014,0.8681543194522584,0.7532709543999739
2002-11-11,-0.00033765944681437226,-0.01007125428481892,0.8678612284302635,0.7457226453448775
2002-11-12,0.0017415753087162008,0.003794196886522272,0.869373991029724,0.7485574383646898
2002-11-13,-0.0002737851692416028,-0.0076706514340276755,0.8691360019048887,0.7428374811220605
2002-11-14,-0.0009108813628878711,-0.0005420690660322691,0.8683446825726681,0.7424349210200015
2002-11-15,-0.0005235424605281966,0.005227879335064856,0.8678901862454115,0.7463264445457686
2002-11-18,0.001216861016898445,0.012196929885101682,0.8689469308052341,0.7554850759134983
2002-11-19,-0.0018041701008284627,-0.008719289674509412,0.8673806161074085,0.7489264176647468
2002-11-20,-0.0019367841698536758,-0.004579521992285507,0.8657023128411211,0.7455045339406484
2002-11-21,-0.0015940380745411264,0.013764987255212802,0.8643234496654043,0.7558373467169481
2002-11-22,0.0014682504553322738,0.004340344615386016,0.8655934250567564,0.7591250710418243
2002-11-25,-0.00149573902323039,-0.006339678836868146,0.8642996909781199,0.7543276849059292
2002-11-26,-0.0019375220417647394,-0.009787525057246782,0.8626267125158446,0.7469806968540595
2002-11-27,-0.0036261091524128456,0.008140649946339451,0.8595043982458392,0.7530864237977473
2002-11-28,-0.008874709925214361,0.018515143436617976,0.8519102936127179,0.7671598102995915
2002-11-29,-0.0019678781445641195,-0.003350924510586495,0.8502354864135104,0.764593417982617
2002-12-02,0.0009271308989335773,0.0034602439968942633,0.8510241315364737,0.7672436804002041
2002-12-03,-0.0005686089181830399,-0.01127889177836039,0.8505403691745238,0.7586386408391528
2002-12-04,0.0006947453747100917,-0.00950850087179056,0.851131483475199,0.751459311084113
2002-12-05,0.0008364645842540712,-0.0023689498414398713,0.8518437226575676,0.749681248570256
2002-12-06,-0.00265110845140091,-0.005271966766240865,0.8495883834605078,0.7457393538414833
2002-12-09,0.0021325273088143282,-0.005978518031239943,0.8514020870884029,0.741294238509039
2002-12-10,-0.0018365146827457142,-0.0051952663116860975,0.8498399095745895,0.7374530042818794
2002-12-11,-0.00046299117135732465,0.0007276478976123713,0.8494465322715256,0.7379898056875551
2002-12-12,-0.0026102056825161152,-0.016708478017823936,0.8472321933032987,0.7257615613991797
2002-12-13,0.004552707153992853,-0.007004434108479174,0.8510981870619836,0.7206957745604454
2002-12-16,-0.0029694430956180057,0.005778663460002775,0.8485746480337859,0.7248724891900535
2002-12-17,-0.006303207089205311,-0.009626391637437948,0.84324272804778,0.7179280612402437
2002-12-18,0.0013295230640040735,-0.006610632845308828,0.844364584304905,0.7131977548039588
2002-12-19,0.0010549303653666546,0.0020911351232513198,0.8452558001470043,0.714690708118372
2002-12-20,0.0014341638610069248,0.0022974045324168912,0.846468905156635,0.7163345293286122
2002-12-23,0.0024032636502507726,0.004112850761810449,0.8485056395320172,0.7192867732510394
2002-12-24,0.000886103028502508,0.0012351699263071225,0.8492578361615463,0.7201757635557705
2002-12-27,-0.0012848307979851877,-0.00371021030797003,0.8481673842113493,0.7175087107371834
2002-12-30,0.000736607190451866,0.005757838383631864,0.8487923805654106,0.7216519264691825
2002-12-31,-0.003413106975272089,0.003966741703163024,0.8459002996690443,0.7245202183866023
2003-01-02,0.0019516865112299906,0.0055641221901794324,0.8475528439734117,0.7285627736169883
2003-01-03,-0.0013683997391077407,0.007728997895961598,0.8463938460499202,0.7342156511600081
2003-01-06,-0.0007305124723939133,-0.00432725406151846,0.8457757705722322,0.7310453777377465
2003-01-07,-0.005678478843945375,-0.001170915493080571,0.8409866610496469,0.7301898863306228
2003-01-08,0.0007894504044050413,-0.00548243638865209,0.8416508404431624,0.726197620398846
2003-01-09,0.0015588784864508556,0.003366718613701636,0.8429638950117871,0.7286466437176009
2003-01-10,-0.000596409685648,0.008344630977049405,0.8424612930733807,0.7347523706612878
2003-01-13,0.000880787512280088,0.0007987130092228512,0.8432036493409717,0.7353394613655732
2003-01-14,0.002399585348413086,-0.0016894373076610236,0.8452294179940154,0.7340982002573929
2003-01-15,0.0011225701235068862,-0.008375162435967809,0.8461787800492084,0.7279756829127041
2003-01-16,0.0005429372670930186,0.0022096120952159737,0.8466383267847559,0.7295860052253362
2003-01-17,-0.0018265499690668097,-0.006412007405584674,0.845093311028948,0.7249228603930572
2003-01-20,-0.00018686157878944636,-0.0021311062023947613,0.8449354103118728,0.7233796177800357
2003-01-21,-0.0001392989247790844,-0.0009511995294779751,0.8448177199149718,0.7226918665741364
2003-01-22,-0.0016028902153287653,-0.008976197936300778,0.8434646545552943,0.7162338688269985
2003-01-23,-0.0006242888049002436,-0.005448128161441801,0.8429382533444143,0.7123423453012308
2003-01-24,-0.00025765446947048946,-0.005951741602840954,0.8427210945131255,0.7081152594686185
2003-01-27,-0.009854510161418147,-0.029179127652673387,0.8344572757428156,0.687751615420861
2003-01-28,-0.0001571433138173496,-0.010863420027231285,0.8343261566637794,0.6803207163161827
2003-01-29,0.0017395254747037227,-0.017359745656909453,0.8357787513139171,0.668612442080283
2003-01-30,0.001279380690024894,0.00889163588855979,0.8368487148088541,0.6745840096247492
2003-01-31,-0.008489854811995448,-0.0012939029703922245,0.8297740645907409,0.6737117278166246
2003-02-03,-0.0015641372545229923,0.013699219411448027,0.8284771985661105,0.6830045595357724
2003-02-04,0.003596309148247114,-0.006084574740359727,0.831462022652509,0.6788613847559696
2003-02-05,0.0012446331296000427,0.006035467200923961,0.8324975321129202,0.6829710196859667
2003-02-06,-0.002181743967824862,-0.0034937162643675634,0.8306832155507912,0.6805890760668234
2003-02-07,0.0020845558416996684,0.0011331128417779723,0.8324166271693338,0.6813606973733343
2003-02-10,0.005378242699949599,0.0014514086151962147,0.8369056264610208,0.6823503481796791
2003-02-11,-0.0006984526388839398,0.005173569609116413,0.8363212916065879,0.6858896828063922
2003-02-12,-0.005751506181937752,-0.011387667880104146,0.831524990726632,0.6781233032992648
2003-02-13,0.001529863185056218,-0.003915948573814276,0.83279808377819,0.6754729999294797
2003-02-14,-0.0017913731332631609,-0.0007452676036248107,0.8313075670998341,0.6749697793258075
2003-02-17,-0.0007124087183087262,0.00989152231908541,0.8307155472465274,0.6816793873747817
2003-02-18,0.0010026388635751339,0.0028012959523682213,0.8315488726311704,0.6835916502400581
2003-02-19,0.0008674183409157242,0.0007358712959781855,0.8322704862998781,0.6840948708437309
2003-02-20,0.0025841303521938327,-0.0016196562206332032,0.8344239629585978,0.6829877691347708
2003-02-21,0.0020503235007470963,-0.001277912047068952,0.8361365571054977,0.6821155282788434
2003-02-24,0.0035354402844428212,0.005297659704986302,0.8390978997131916,0.685738733006169
2003-02-25,0.0017419717866859223,-0.016798435698749614,0.8405608584272203,0.6743156089219107
2003-02-26,-0.0003153444439307311,-0.00488757092232639,0.840295834019913,0.671027884597035
2003-02-27,-0.00038930779686911765,-0.0005250487145875837,0.8399687639696437,0.670675654745782
2003-02-28,-0.0027398879179637244,0.009781197236607753,0.8376704936410858,0.6772678528443389
2003-03-03,0.004760801473530069,0.009220266462202531,0.841667984641733,0.6835413199892503
2003-03-04,-0.00031618254558148117,-0.005536772065131146,0.841401905982745,0.6797671654617028
2003-03-05,0.0007984651509233057,-0.013064638234981274,0.8420740043704552,0.670944014496423
2003-03-06,0.002657425448879187,-0.0032302679934943512,0.8443147292204793,0.6687801822815078
2003-03-07,0.00347405815733399,-0.015825619976498118,0.8472530286492209,0.6582796293039832
2003-03-10,-0.001709384432200748,-0.006672875228430186,0.8458059846415173,0.653901634623346
2003-03-11,0.0004897191558327202,-0.0132729694289484,0.8462202934735199,0.6452797637090958
2003-03-12,0.003617278916967089,-0.01174035969910392,0.8492868512538645,0.6377482450550018
2003-03-13,0.004656127915925452,0.004723178552245244,0.8532504598441578,0.6407675686770395
2003-03-14,-0.0029124512704281286,0.018235865412085772,0.8507690247418372,0.652559713013552
2003-03-17,0.004366720911283635,0.010712765243177103,0.8544922187912746,0.6595880110639737
2003-03-18,-0.006014619476689229,0.021510534166301554,0.8493681982134904,0.673929798268656
2003-03-19,0.002352853735709836,0.004123229303143461,0.8513689902140978,0.6767143019898586
2003-03-20,-0.0038692138105703476,0.004328422134493692,0.8480812261919584,0.6796497555112848
2003-03-21,0.008593864038394575,0.010752011685026375,0.8554009281557515,0.6869967845153517
2003-03-24,0.003745894292523218,-0.014956504262421788,0.8586111784857655,0.6767981720904712
2003-03-25,-0.0007003902810754085,-0.0027796977513787624,0.8580100261063478,0.6749194900271981
2003-03-26,0.002223340794988777,0.004389385923865063,0.8599197970490171,0.6778884833984288
2003-03-27,0.0005128469582589644,-0.006006160895697832,0.8603609174052286,0.6738291787192398
2003-03-28,0.0007438831296806067,-0.0001991806249357353,0.8610011634817264,0.6736949783678211
2003-03-31,-0.006211318732885419,-0.01416756168072375,0.8556697854107812,0.6642176569986443
2003-04-01,-0.0006954850982101233,0.0018922436062300818,0.8550748867216054,0.6654757085078273
2003-04-02,0.0007406803671461256,0.014265219958094377,0.8557084585107673,0.6750368999776154
2003-04-03,-0.001623926823836581,0.004066937370923895,0.8543199782918781,0.6777878228968163
2003-04-04,-0.001607718369329142,0.004962078355527311,0.8529475758833852,0.6811594173223045
2003-04-07,0.0008996629168767094,0.024591666746115237,0.8537152864760413,0.6981179270947684
2003-04-08,0.0007719405245343487,-0.006484348832653808,0.8543745583286786,0.6936057320627126
2003-04-09,-0.0022074479097132014,-0.0027850111843825687,0.8524906510743452,0.6916767197486319
2003-04-10,-0.000660506281507194,0.001575089681669084,0.8519277615608783,0.6927670310565907
2003-04-11,-0.0004911657228700158,0.005818414882099887,0.8515094265903475,0.6968095862869762
2003-04-14,0.0005599289769261202,0.005329818458577051,0.8519863449001515,0.7005333696115205
2003-04-15,0.007860103148537967,0.011427880060146833,0.858709432921528,0.7085848992702884
2003-04-16,0.0015486445255228005,0.008180870567310095,0.8600402988369591,0.7144055170145318
2003-04-17,0.0010406847690284527,0.00035213334479777814,0.8609357955607896,0.7146571273163688
2003-04-22,-0.0014230640812478938,0.005197173137702293,0.8597115000859352,0.7183809925453079
2003-04-23,-0.0004119495333622862,0.017498330832577125,0.859357415272193,0.7310620862343522
2003-04-24,-0.0009981469714004266,-0.00496829299718371,0.8585000782161617,0.7274389634114231
2003-04-25,-0.0021905356941487896,-0.008917359409467807,0.8566215613816522,0.7209809656642855
2003-04-28,0.0018822172044066607,0.005475561099336446,0.858235427569043,0.724939568889664
2003-04-29,-0.0005547035842072257,0.007905247117784953,0.8577594933146988,0.7306931069342956
2003-04-30,0.009400166131126281,0.007592532506050631,0.8658605912324383,0.7362620324723074
2003-05-01,0.0030359494950968824,-0.003286076489120049,0.8684932946123303,0.7338465899555563
2003-05-02,0.003848875963352556,0.009554430364101307,0.8718424587023792,0.7408916784069793
2003-05-06,-0.0006616121455225403,0.020260190837175784,0.8712658279167191,0.756055376216782
2003-05-07,-0.002787183479424309,0.01153666051337865,0.868840831220188,0.7648282378834526
2003-05-08,-0.0009756339598687376,-0.009874075959375617,0.8679935739732064,0.7573134277259638
2003-05-09,-0.003867750348759715,0.002013586251546684,0.8646428755343395,0.7588398799379846
2003-05-12,-0.0010691843367895562,0.009000226600067052,0.8637189069492909,0.765700437787182
2003-05-13,-0.003359358255374021,0.009831484924838207,0.8608222339142934,0.77326553724328
2003-05-14,0.0013777835221264183,0.000845626527318899,0.862009078023041,0.7739197076471757
2003-05-15,0.004214956078647499,0.012642490204976653,0.8656500763598873,0.7837660902208036
2003-05-16,-0.005253647021212136,0.016429284286136436,0.8611141818420259,0.7967491654146895
2003-05-19,-0.0011798428579527986,-0.016386439765238237,0.8600988015370848,0.7837996710228069
2003-05-20,-0.0009076247578494643,0.002500713470245941,0.8593185087307138,0.7857621822344947
2003-05-21,0.00159403846090015,-0.010558428168975453,0.8606893878105042,0.7775094134768936
2003-05-22,-0.0014900262286820475,0.009575942068677179,0.8594078930154421,0.7849905609279825
2003-05-23,-0.004891498345644112,-0.00019231354241355803,0.85521436540666,0.7848396111277599
2003-05-27,-0.002281864548815799,-0.00036333665356380607,0.8532651068823625,0.7845545019283161
2003-05-28,-0.003115642172398862,0.014623566700301183,0.8506107752520895,0.7961117854117944
2003-05-29,-0.0005880675373234519,0.00818369499378413,0.8501107057200066,0.8026536532595446
2003-05-30,-0.001532011585659871,0.006353724621343204,0.8488093233906882,0.8077697293968871
2003-06-02,0.0006605000491605596,0.013264039482002943,0.8493701471821978,0.8185553915738564
2003-06-03,0.0035217073634975756,-0.0075490082274054515,0.8523666535962215,0.8123993753315587
2003-06-04,0.001118660792322497,0.0048814644244590255,0.853320696277863,0.8163747689579389
2003-06-05,0.0030233509226527244,0.010770082199629272,0.855904488078808,0.8252147103242213
2003-06-06,-0.0001959265915717997,0.026279821209893584,0.8557368100565759,0.8471886766846112
2003-06-09,-0.000889711610076783,-0.00615679873745556,0.8549757896760336,0.8419887304466561
2003-06-10,-0.0017816894036853201,-0.007398405960277188,0.8534538445904837,0.8357823430013555
2003-06-11,-0.0003343369986177787,0.003005953989127619,0.8531685510883686,0.8382984460197206
2003-06-12,0.004134129296849749,0.00947951820558579,0.8567029610104877,0.8462828959788783
2003-06-13,-0.0035682516634945767,-0.0013884207416783312,0.85365147671443,0.8451087145703083
2003-06-16,0.00017796352007474797,-0.0006155078601768338,0.8538034090549491,0.8445887035656339
2003-06-17,-0.00028173615572248654,0.010824758476152496,0.8535628956469916,0.8537808338309704
2003-06-18,-0.002205652034232582,-0.000982820399114459,0.851682307633657,0.8529421328248481
2003-06-19,0.002511349581311123,-0.007124791815664722,0.8538238676176815,0.84688669517977
2003-06-20,-0.0004622446112481222,-0.0010899616050945582,0.8534292833401741,0.8459641240730366
2003-06-23,-0.0014502835470871862,-0.007782992136602829,0.8521924659766654,0.8394055477286809
2003-06-24,-0.0014448010779708083,-0.014411346659125357,0.8509621064096242,0.8273953329401369
2003-06-25,-0.0012705181849324268,0.0030767416646995116,0.8498816301064818,0.8299449348561106
2003-06-26,0.0035509077060173217,-0.003989455817499987,0.8529048457392436,0.8266405020346274
2003-06-27,-0.015004725845192024,0.006190110947789762,0.8402027762054046,0.8317733685729719
2003-06-30,-0.004073413294217915,0.0009473210986516989,0.8367872442064354,0.8325616983760902
2003-07-01,0.0007650428584474404,-0.007685500322706318,0.8374276672559595,0.826187570729564
2003-07-02,0.0010428934893610049,0.008128686010794084,0.8383014706807053,0.8329307595805417
2003-07-03,-0.000764601652557268,0.004380556525205748,0.8376607489705354,0.8365874632054735
2003-07-04,-0.0060090108118620285,-4.0043115376420246e-05,0.832642329442404,0.8365539643078664
2003-07-07,0.002125877950479728,0.012830374927933264,0.8344143082491884,0.8473564168858364
2003-07-08,0.0004559697737044879,0.015186148077081185,0.8347948627065681,0.860322701678721
2003-07-09,-0.00012002964080281826,0.0025119825318569156,0.8346946685923055,0.8624865338936356
2003-07-10,-0.0011624727995844467,-0.00017503231090820748,0.8337249225050382,0.8623355840934126
2003-07-11,-0.001247396179980105,-0.004816128250427099,0.8326855855887678,0.8581924502658088
2003-07-14,0.0004375274218315752,0.01270189356407947,0.8330499880784545,0.8691626430450026
2003-07-15,0.001886929806314891,0.005024429331728086,0.8346233789032935,0.8735406786778361
2003-07-16,0.002993962449534752,-0.0015758699468850779,0.8371259543983793,0.8721651762660388
2003-07-17,0.0006423749073240368,-0.007354625515743507,0.8376638758608818,0.8657742582185126
2003-07-18,0.00023200238487884714,0.0027667918383702528,0.8378582384232256,0.8681729922386576
2003-07-21,-0.00039817372722883345,-0.0016049916702307598,0.837524691694722,0.8667806994258574
2003-07-22,0.0022078958675730348,-0.0006001137929274591,0.8393759018881494,0.8662606884211832
2003-07-23,0.00025209158709552825,0.004848536762356304,0.8395875281649073,0.8704709838527938
2003-07-24,-0.003952944164890211,0.00677935257710871,0.8362752365096093,0.876392262098651
2003-07-25,-0.0005110843281684535,0.001071183148814825,0.8358479385441419,0.8773315417019909
2003-07-28,0.0052778986864288994,0.004958719555324009,0.8402711215692207,0.8816927869338247
2003-07-29,0.0007979218623043144,0.0031721405271110115,0.8409418598301578,0.8844940810560299
2003-07-30,-0.0011760895405601142,0.0037857323275165555,0.8399534182664179,0.887848885080516
2003-07-31,-0.004178972370920737,0.0061402067656413095,0.8364506003260296,0.8933172320213085
2003-08-01,-0.002980844510843802,0.00365487200464365,0.8339609835691212,0.8965881659451845
2003-08-04,2.637282036021876e-05,-0.0005801569583656629,0.8339829777623514,0.8960681549405101
2003-08-05,-0.0038648114634900668,0.0024492814100245397,0.8307660112782683,0.8982655679574275
2003-08-06,-0.0010825213268408059,-0.011097577463086594,0.8298671759454289,0.8883521056841897
2003-08-07,-0.000831721537969278,-0.0006989215514074942,0.8291772444967365,0.8877314341779008
2003-08-08,0.00010013887385621248,0.005370734197418514,0.8292602815297756,0.892512029912796
2003-08-11,0.0015739568280274817,0.0046314541906991025,0.8305665291310987,0.8966552456447949
2003-08-12,-0.0028150753575975776,0.003697170631939528,0.828231709650374,0.8999764688672789
2003-08-13,-0.0020089453151849587,0.009294472471095716,0.8265695076328969,0.9083802693294989
2003-08-14,-0.0003082939038303344,0.006387246474467645,0.8263147205692689,0.914200887073741
2003-08-15,-0.0018429028517624106,0.011565655167675715,0.8247933051552785,0.9248355994504868
2003-08-18,0.00010103686959732485,0.0036028069494769,0.8248766438989682,0.9281736130739728
2003-08-19,-0.00014368789069514262,0.00786650837797076,0.8247581276288031,0.9355038926292348
2003-08-20,0.001455472375217733,-0.007252264273867937,0.8259594143075237,0.9287439133772557
2003-08-21,-0.0018709823050483579,0.006803902141081508,0.8244155036238324,0.9350845421261736
2003-08-22,-0.0016509759680563398,0.004153045107464948,0.8230555363851783,0.9389760656519418
2003-08-26,-0.0015639371474828133,-0.006254091054330502,0.8217693352883811,0.9331219490100904
2003-08-27,0.004526928927652009,0.0022086887101551156,0.8254978596792046,0.9351852026277876
2003-08-28,-0.0004737432251932072,-0.0010049705657095842,0.825106878280477,0.9342458411200527
2003-08-29,-0.008622556090815019,0.004228353495355108,0.8180229326906732,0.938204526249826
2003-09-01,0.0015638991383357028,0.009360262196846492,0.819303238924209,0.9470275953107105
2003-09-02,0.0014291645079635518,0.007323713180699798,0.8204749951513012,0.9539888136615214
2003-09-03,-0.001574178876404352,0.01597775177358507,0.8191844367966709,0.9693538324745518
2003-09-04,4.4396373751839224e-05,-0.012397161616414465,0.8192208064224323,0.9574107792900148
2003-09-05,0.0007339269811808475,0.0009281051034157883,0.8198222753659551,0.9582997695947455
2003-09-08,0.0003091094995404267,0.004540699383900559,0.8200757293897107,0.9626610148265792
2003-09-09,0.003113246065522204,-0.005030895597867513,0.8226328052655396,0.9578301297930752
2003-09-10,0.0007448403863588845,-0.012121839181888916,0.8232457636517873,0.9462895548062032
2003-09-11,-0.0003287998733369356,-0.0055280851190229185,0.8229751250443814,0.9410728181672471
2003-09-12,0.0006036373938021254,0.0026700860538273474,0.8234720535712585,0.943588921185611
2003-09-15,0.0010762531941455509,0.0036553554420581946,0.8243587950928074,0.9470443857117123
2003-09-16,-0.002170778240044119,0.003818502676214308,0.8225712358577324,0.9506675904390368
2003-09-17,-0.003062966337410226,0.003926960409275537,0.8200555824997259,0.9544081641645831
2003-09-18,-0.000381248314057555,0.003456390350743632,0.8197429972815443,0.9577126788904603
2003-09-19,0.0011880145004445131,0.0015400701057401989,0.8207174425619048,0.9591887598994763
2003-09-22,0.0008293382335493964,-0.009399969388148577,0.8213983772395146,0.9502146591339735
2003-09-23,0.003142078479320149,-0.007637410866960792,0.8239833343459352,0.9429851219847196
2003-09-24,-0.0005610172758020542,0.002008015902379867,0.8235211951065639,0.9448805534967964
2003-09-25,0.0018243871694903844,-0.012792302344523776,0.8250249879417961,0.9328703387082542
2003-09-26,0.0004217954706643846,-0.011519999083990484,0.8253730531458978,0.9221853370328998
2003-09-29,0.0009532106193365918,0.0008362926623775024,0.8261601825955464,0.922956876435016
2003-09-30,-0.006052901344897663,-0.008120408776763455,0.8211746202951726,0.9154924374805318
2003-10-01,0.008738232091202034,0.003493487264124795,0.8283816773243584,0.9186962917047967
2003-10-02,-0.0036750596014429714,0.009485841673916084,0.8253429125284629,0.9274523629704656
2003-10-03,0.004153906240345499,0.011401343074430415,0.8287784400929514,0.9380870753472105
2003-10-06,-0.005430431464755257,0.006416562430574757,0.8242900136507969,0.9441257225912879
2003-10-07,-0.008182991658408785,0.0018106003128135484,0.8175723780083183,0.945836705405534
2003-10-08,0.002340144893140033,0.00719199903024581,0.8194878562076089,0.9526636824527279
2003-10-09,0.0005023255946668284,0.008573192336685409,0.8198996093407112,0.9608661619117199
2003-10-10,0.0001443315160034344,0.004737150880513852,0.8200179552346136,0.9654287281467817
2003-10-13,0.0006234013545360891,0.005423508648934927,0.8205293149132482,0.9706789636833456
2003-10-14,0.002440850407160052,0.0008118973683490793,0.8225345504700959,0.9714673753908586
2003-10-15,7.252882257742228e-05,0.010152911388390251,0.8225942100960658,0.9813808376640958
2003-10-16,0.001957485560657961,-0.002584284908383694,0.8242060034010047,0.9788479442447292
2003-10-17,0.0013674292073334487,-0.0006685298756945457,0.8253338176902765,0.978193773840833
2003-10-20,-0.0003690265671333282,-0.003280651081102093,0.8250293037751133,0.974989919616569
2003-10-21,0.0012645947408567756,0.0019250612026890934,0.8260732914652625,0.9768686426320392
2003-10-22,-0.0034146320192954714,-0.019121556163774756,0.8232573655653844,0.9583668492943569
2003-10-23,0.002550504548649178,-0.014580472917140597,0.8253597671737108,0.9444947837957387
2003-10-24,0.00021037258210471026,0.0006036329732559409,0.8255334185041955,0.9450650840990231
2003-10-27,0.0016203385951370267,0.0034196807965454212,0.8268721464671644,0.9483024372208949
2003-10-28,0.0015397720601440477,0.005222145509934606,0.8281463218136601,0.9532675635580148
2003-10-29,0.0021382860130673776,0.003092187274509328,0.8299190301136077,0.9562198074804426
2003-10-30,0.0007567037404574113,0.002155308967260794,0.830547270613962,0.9582829791937442
2003-10-31,-0.0006912408928270971,0.002010964838181195,0.8299733607549213,0.9602119915078245
2003-11-03,0.00021137373691924063,0.007622383910597108,0.8301488138681643,0.9675590614640883
2003-11-04,-0.00015974971945870598,-0.00034678872803262095,0.8300162084201635,0.9672235810616399
2003-11-05,0.0034446362162249265,-0.006577076002825422,0.8328802422571443,0.9608829523127219
2003-11-06,0.0007077952445141436,0.004997650088956362,0.8334699596068121,0.9656971288496181
2003-11-07,0.0009928818673946985,0.012617445927817883,0.8342979077760692,0.9779589539399992
2003-11-10,-0.000907910754457951,-0.003935625380702135,0.8335407834858285,0.974117637808444
2003-11-11,-0.0014186042049054665,-0.008473454872319763,0.8323591573534778,0.9658983679484516
2003-11-12,-0.002274396291904357,0.005403673731763092,0.8304681939876376,0.9711318949884084
2003-11-13,0.0010150846549377892,-0.0016595674694688256,0.8313116175084835,0.9695215726757757
2003-11-14,0.0015910964201200002,-8.651043034646477e-05,0.8326353672745966,0.9694377025751648
2003-11-17,-0.0007474170195308694,-0.01522058842342311,0.8320132739405652,0.9547940157700353
2003-11-18,0.0016157873916269239,0.0034549104771617323,0.8333587171806562,0.9580984485915182
2003-11-19,0.001201096559342178,-0.005090141577390739,0.834360262824668,0.9532339827560115
2003-11-20,0.0014240405295504078,-0.008500092596543496,0.8355492720529104,0.9451657446006363
2003-11-21,-0.0002337100221046092,-0.00047932319443866334,0.8353540186312989,0.9447128132955721
2003-11-24,-0.0018969232552813826,0.00897941579098216,0.8337709181517302,0.9532339827560115
2003-11-25,0.00010147271726565737,0.0027413818977990445,0.833855527445067,0.9558507462759919
2003-11-26,0.0011112662469168462,0.0020686669838365646,0.8347826780076723,0.9578301297930752
2003-11-27,-0.0015011656973680319,-0.00014016129517990805,0.8335304710069418,0.9576958884894584
2003-11-28,-0.003841738418254398,0.0005603563992711003,0.83033440812335,0.9582326898951342
2003-12-01,0.001245500963879543,0.00704717924870657,0.8313692347340057,0.9650093776437196
2003-12-02,0.002008790247560712,0.004716860070537621,0.8330409596550697,0.9695719438787813
2003-12-03,0.0019370161760442546,0.0034195996006793905,0.8346561372768029,0.9728931671012641
2003-12-04,-0.0017354255252014558,0.0020668281556641688,0.8332089098523313,0.9749060495159576
2003-12-05,-0.0002553968685243431,-0.005503745240098112,0.8329961380777074,0.9695551534777784
2003-12-08,0.001271134191584766,-0.0027545909226152077,0.8340556612056502,0.9668881006591912
2003-12-09,-0.001010245524963474,0.0018891796398090577,0.8332134856800015,0.9687164524716573
2003-12-10,-0.0026942051082712902,-0.011406603406543425,0.8309716589771491,0.9577294692914621
2003-12-11,-0.002123802073628534,-0.005056952274005155,0.8292087123821567,0.9528985023535627
2003-12-12,0.001998781632480142,0.0019872322423672983,0.8308677770275809,0.9547940157700353
2003-12-15,0.000122640604293806,0.0038925051289435686,0.8309696814025231,0.9585177990945792
2003-12-16,0.0002125780648160893,-0.008788484266750274,0.8311463461061717,0.9501307890333608
2003-12-17,0.0006047464460444506,-0.0031119482942632004,0.8316491309184632,0.9471786270153287
2003-12-18,0.0027740260733409676,0.0054924610458950696,0.833959350114174,0.95239528174989
2003-12-19,-0.002707586340925814,0.006355504447805416,0.831704387299774,0.958467509795971
2003-12-22,0.0026863819405151573,0.0003499562590381089,0.8339416666936719,0.9588029901984182
2003-12-23,0.001633751746774523,0.005861044089352063,0.8353052339102051,0.9644390773404358
2003-12-24,-0.0033292931256498222,0.0007475646347199216,0.8325288821460176,0.9651603274439431
2003-12-29,0.0010852835608832095,0.0038162027220316475,0.8334329025262672,0.9688506118708785
2003-12-30,-0.0007522120644000386,0.005077188243523878,0.8328062199707578,0.9737821574059953
2003-12-31,-0.0048844339622641526,-0.0005169027478117982,0.8287483512494591,0.973278936802323
2004-01-02,-0.00010235158770102151,0.0054656719262453635,0.8286635318806768,0.9786131243438951
2004-01-05,0.0014578585150358918,0.0005997412624267895,0.8298724870954345,0.9792002150481791
2004-01-06,0.0020683623985322547,-5.144249138311352e-05,0.8315907405161275,0.9791498438451753
2004-01-07,0.0048496548890114045,0.0011984661470911817,0.8356334635989613,0.980324025253746
2004-01-08,0.0011630588988910434,0.012126151964919174,0.8366059199373896,0.99228395074368
2004-01-09,0.0027230279053648936,0.003071838488457601,0.8388871256870575,0.9953367732633259
2004-01-12,-0.0006676683110543029,-0.002260786621169686,0.8383272142750381,0.9930890709477986
2004-01-13,0.0011091911130269834,0.007270344261469219,0.8392575952606934,1.0003354804024485
2004-01-14,0.0012018854444320638,0.008764883134807278,0.8402668931572952,1.0091418409667279
2004-01-15,-0.0005018379394162914,0.0037826349022118677,0.8398453211403369,1.0129662847928853
2004-01-16,-0.004612188438658175,0.011393915197031035,0.8359807152559487,1.0245739394793671
2004-01-19,-0.0013601603173685043,0.0047854086156728926,0.8348444204077352,1.029488694613484
2004-01-20,-0.0021296458424384023,-0.001581676297163881,0.833068389288625,1.027861663804244
2004-01-21,-0.0024151530195183945,-0.0011920695903917533,0.8310588293269814,1.0266371111926689
2004-01-22,0.0012340175547058913,-0.008433591055942102,0.8320850035396391,1.0180152812306162
2004-01-23,-0.0011414506123600119,-0.003896210741185513,0.8311357614623531,1.014056596100843
2004-01-26,0.0012697509728388655,-0.0014898445281694705,0.8321917671943035,1.012546934289824
2004-01-27,-0.00309803457405622,0.002316577834857725,0.8296175978190199,1.0148952971069642
2004-01-28,0.00031151010981673587,-0.0033939587609008726,0.8298760723446461,1.0114566229818647
2004-01-29,-2.0521328845170714e-05,-0.010737536324601393,0.8298590423596044,1.000654170403896
2004-01-30,-0.0054202634517546925,0.009741999549017777,0.8253731560476685,1.010450181774519
2004-02-02,-0.00017063406862892797,0.005545775107146156,0.825232331283008,1.0160694785155355
2004-02-03,0.0011829435160696927,-0.0021650021220693816,0.8262091121429375,1.0138720654986175
2004-02-04,0.0018829943717957034,-0.00554117536272436,0.8277663249023465,1.0082695591586028
2004-02-05,-0.00022846978210090446,0.005872010901548208,0.8275772269128764,1.014207545901065
2004-02-06,-0.0010348725013078135,0.007923818311633468,0.8267212329967129,1.0222758659608358
2004-02-09,0.00042257442060083736,0.006395248772399498,0.8270706580665934,1.0288345242095875
2004-02-10,0.0008315046440417555,-0.002497581951375949,0.8277586571573058,1.0262681318926128
2004-02-11,0.0023111326185268006,0.0026932415097817852,0.8296739295618847,1.029035845212814
2004-02-12,0.001987537324247386,0.005899690289854931,0.8313245772824407,1.0351247817555014
2004-02-13,0.0014251952574782613,0.004204404641040327,0.8325102218142024,1.0394860269873345
2004-02-16,0.0003161691024062957,0.0013706916074678333,0.8327734774382316,1.0409118186977409
2004-02-17,0.002197260591881176,0.006329119413887696,0.8346053095514271,1.0475207662451023
2004-02-18,-0.00241053319288939,0.004903998536597953,0.8325958886107364,1.0526704231844475
2004-02-19,0.0007708827141298236,0.0035154048500931623,0.8332379698419862,1.0563774980123841
2004-02-20,0.003907973452844088,0.001602413476037512,0.8365006127165748,1.0580716085212352
2004-02-23,-0.001673400750978045,-0.0013484467564062186,0.8351019825238473,1.0566458168108268
2004-02-24,-0.0014645873635375903,-0.007345121152608769,0.8338797979295012,1.048913059057901
2004-02-25,0.001431473849135339,-0.0013442777868490907,0.8350743298201633,1.0475039758440998
2004-02-26,0.0012909416238129814,0.0023991183505742697,0.8361530581693581,1.0500200788624663
2004-02-27,-0.0010259169907546398,0.0016121854601518493,0.8352956744175901,1.0517142712757097
2004-03-01,0.0027803808541146985,0.0083543095830656,0.8376213461466194,1.0605374222409902
2004-03-02,-0.005341495023812516,0.0049068972030905655,0.8331591239726185,1.0657541588799473
2004-03-03,0.002871107386165259,-0.005634737761120334,0.8355546505487522,1.05976580093448
2004-03-04,-0.00211233295527186,0.003160608884105187,0.8337915437143769,1.0631206049589668
2004-03-05,-0.0018881172528963871,0.003056260301878666,0.8322187328083285,1.0663747484818398
2004-03-08,0.001874067957053898,0.00494269856580587,0.8337798296125959,1.0716585648204082
2004-03-09,0.000266364601827191,-0.004628149067052334,0.8340019486259302,1.0667102288842882
2004-03-10,-0.0012996461772517137,-0.009114692784656597,0.8329187452246261,1.0570316684162806
2004-03-11,-0.000610442825484481,-0.01998707321978266,0.832410451110424,1.0361144325618463
2004-03-12,-8.94150292800322e-08,0.013012142748326738,0.8324103766804225,1.0496845984600178
2004-03-15,-0.00102780875436305,-0.013595145103531436,0.831555257532799,1.035510551456559
2004-03-16,-0.0011865025964390575,-0.0022541549797931992,0.8305692001561527,1.0331789790404193
2004-03-17,-0.0007707355600580525,0.008036619284816027,0.82992929756802,1.0415156998030282
2004-03-18,0.00030024476286220295,-0.003194010510673806,0.8301785169046889,1.038194394676148
2004-03-19,0.0040294518752471255,0.008190301325436522,0.8335304299372759,1.0467324364419834
2004-03-22,0.001055180510607567,-0.017409767298325107,0.8344104191940519,1.0286667840083625
2004-03-23,0.003008495686243501,0.0003423951317014229,0.8369245192741073,1.0290190548118126
2004-03-24,0.0029500331281028212,0.0023120167819055126,0.83939711966503,1.0314009165265619
2004-03-25,-0.001989355658047467,0.011175304395873553,0.8377289201269338,1.0429917808120448
2004-03-26,0.002432618176971271,-0.0023347003637965713,0.8397692754219257,1.0405595478942915
2004-03-29,0.001039436627877246,0.005481947981445856,0.8406426161783187,1.0462795051369198
2004-03-30,0.00060574117185928,0.0022579855292654827,0.8411519822781917,1.0486446583550626
2004-03-31,-0.002732480678029273,0.0012468716646196754,0.8388566880909806,1.0499529991628553
2004-04-01,0.0018459428002177596,0.005544287191273867,0.8404065996386969,1.0557904073081001
2004-04-02,-0.0029561275238099496,0.006019152498458524,0.8379259189690076,1.0621645349546252
2004-04-05,0.00020307247331909323,-0.0011693752813943803,0.8380960959363748,1.0609231919420479
2004-04-06,0.0010353250394425327,-0.0026121870154636184,0.8389642471417498,1.058155478621847
2004-04-07,-0.0005887994903104495,0.0023434140089406696,0.8384704108201984,1.0606380827426043
2004-04-08,0.0,0.002858446114156976,0.8384704108201984,1.0636741967656445
2004-04-13,0.00025248297340297395,0.001134741480958823,0.8386821370501419,1.0648818770718216
2004-04-14,-0.0008780529084939964,-0.013351879430288704,0.8379460529680797,1.050758201271369
2004-04-15,-0.0010081825891000297,0.0008297228711686699,0.837101676061441,1.0516304011750979
2004-04-16,0.0036444746887205723,-0.0017560949246266944,0.8401580379655998,1.0497852589616308
2004-04-19,0.002121601435349733,0.004416316367203521,0.8419424106593854,1.0544316952973039
2004-04-20,-0.0011149128725160304,0.00932623901444174,0.8410042413135453,1.0643115767685387
2004-04-21,0.004906012636843638,-0.007832008706733617,0.8451403563694388,1.0560084368079323
2004-04-22,-0.0015290340371641668,0.0029025905988433465,0.8438490954408989,1.059078049728581
2004-04-23,-0.0014962181598787189,0.008343629591596624,0.8425874571785086,1.0679515718968646
2004-04-26,-0.0008086262980916122,0.0006123593502422864,0.8419063942020195,1.0686057423007616
2004-04-27,-0.0016660035310822534,-0.0013194118134354227,0.8405049429119891,1.067196740991356
2004-04-28,0.0001761085969711706,-0.008032613612870776,0.840652976092808,1.0586586992255207
2004-04-29,-0.0016656680237844002,-0.00972815208867317,0.8392538928390241,1.0484098384542275
2004-04-30,-0.003500000000000003,-0.006339852027702264,0.8363216386522565,1.041784100505866
2004-05-04,0.0,0.0029100240600747895,0.8363216386522565,1.0448201326245103
2004-05-05,0.0,-0.0016067358310269952,0.8363216386522565,1.0431427306122674
2004-05-06,0.0,-0.008186066013827542,0.8363216386522565,1.03463835155283
2004-05-07,0.0,-0.008891424070730736,0.8363216386522565,1.0254797201851003
2004-05-10,0.0,-0.02830222731016896,0.8363216386522565,0.9968632254753457
2004-05-11,0.0,0.009762268484356795,0.8363216386522565,1.0066425283493636
2004-05-12,0.0,-0.0053800725897819035,0.8363216386522565,1.0012412611081816
2004-05-13,0.0,0.006961837618094435,0.8363216386522565,1.0082360602609945
2004-05-14,0.0,-0.0049199974226556975,0.8363216386522565,1.0032877243248768
2004-05-17,0.0,-0.016554413499633824,0.8363216386522565,0.9868156038028858
2004-05-18,0.0,0.010265032056599566,0.8363216386522565,0.9969974667789636
2004-05-19,0.0,0.013917506561989867,0.8363216386522565,1.0109701927791943
2004-05-20,0.0,-0.008062931325333977,0.8363216386522565,1.0028515834208143
2004-05-21,0.0,0.002572525718898433,0.8363216386522565,1.0054347661387906
2004-05-24,0.0,0.0013171006010530562,0.8363216386522565,1.0067598973475826
2004-05-25,0.0,-0.003053659656705676,0.8363216386522565,1.003690284426935
2004-05-26,0.0,0.00833804376915026,0.8363216386522565,1.0120940848891546
2004-05-27,0.0,-0.00029841747903702753,0.8363216386522565,1.0117921033843145
2004-05-28,0.0,0.0035911164011714902,0.8363216386522565,1.0154320985126404
2004-06-01,0.0,-0.004486741483843204,0.8363216386522565,1.0108863226785814
2004-06-02,0.0,0.003924950583320097,0.8363216386522565,1.0148617982093566
2004-06-03,0.0,-0.0008764364519908696,0.8363216386522565,1.0139727260002305
2004-06-04,0.0,0.008549086156932617,0.8363216386522565,1.0226784260628965
2004-06-07,0.0,0.005169677189906352,0.8363216386522565,1.0279790328024643
2004-06-08,0.0,0.003209418355790916,0.8363216386522565,1.0312835475283422
2004-06-09,0.0,0.0023231893292852135,0.8363216386522565,1.0336821996440921
2004-06-10,0.0,0.0007299684931201256,0.8363216386522565,1.034437030549603
2004-06-11,0.0,-0.0012655858719110569,0.8363216386522565,1.0331286897418102
2004-06-14,0.0,-0.009756700356682302,0.8363216386522565,1.023097776565957
2004-06-15,0.0,0.0002295722346143947,0.8363216386522565,1.0233326783711867
2004-06-16,0.0,0.0048890896611410994,0.8363216386522565,1.0283480940069158
2004-06-17,0.0,0.0019065926828165658,0.8363216386522565,1.030310605218603
2004-06-18,0.0,-0.0012869751028627974,0.8363216386522565,1.0289854740098099
2004-06-21,0.0,0.005527211219924055,0.8363216386522565,1.0346886408514384
2004-06-22,0.0,-0.0008757971895594352,0.8363216386522565,1.033782860145706
2004-06-23,0.0,0.004080612391055283,0.8363216386522565,1.0380099459783183
2004-06-24,0.0,0.0009206366268834643,0.8363216386522565,1.038966015982659
2004-06-25,0.0,0.005104917936346709,0.8363216386522565,1.0442834131232304
2004-06-28,0.0,0.004327553928410666,0.8363216386522565,1.0488123985562872
2004-06-29,0.0,0.0008153438077993513,0.8363216386522565,1.0496678899634109
2004-06-30,-0.005533105398210777,0.0032227774270445764,0.8317069613998848,1.0530561928855062
2004-07-01,-0.001598933393359456,-0.006055331716309453,0.8303781799654125,1.0466988556399819
2004-07-02,-0.0024652246883125595,-0.0030013256471068672,0.8283336323456097,1.0435620811153272
2004-07-05,0.0016180609040959946,-0.00434937391875323,0.8296750115356107,1.039033095682271
2004-07-06,0.00032378719371060406,-0.00921198969483683,0.8299436931747772,1.0295054850144858
2004-07-07,-0.001860456649267363,-0.002790055210979858,0.8284010543635707,1.0266371111926689
2004-07-08,0.0011754005573305175,-0.005274934298205025,0.829375329894395,1.0212359258558825
2004-07-09,0.003416710776780486,0.0003941114587782124,0.8322139120677461,1.0216384859579422
2004-07-12,-0.0010729632678205528,-0.0003941114587782124,0.8313214559810478,1.0212359258558825
2004-07-13,-0.0028209092687507455,0.0034760490928889,0.8289796781049145,1.024791968979202
2004-07-14,-0.0027369025723187855,-0.006173483397052593,0.826713943453323,1.0184849210322862
2004-07-15,-0.0004754534829111847,-0.004754491927869253,0.8263209728565591,1.0136540359987838
2004-07-16,0.0013410565228233796,0.005100309415183801,0.8274298593607058,1.0188371918357366
2004-07-19,-0.0012254741040402645,-0.001713695679896432,0.8264164865530389,1.0170927101238825
2004-07-20,0.0038724677281704633,-0.0029564402370603204,0.8296229622069626,1.014090176902845
2004-07-21,0.00164867200041096,0.004752451962547255,0.8309918664826561,1.0189210619363491
2004-07-22,0.0020391652837835313,-0.012623746059292174,0.8326881251359919,1.00613930774569
2004-07-23,-0.0019251294971577844,-0.0011844058139782732,0.8310866346972112,1.004948335936118
2004-07-26,-0.0024410923951316806,-0.010605048685246032,0.8290603496143173,0.9943471224569805
2004-07-27,0.0043231435066130594,0.003452257133481851,0.8326522550484075,0.9977857965820803
2004-07-28,-0.0011702902098248587,0.002451450725807547,0.8316783802353652,1.000234819900835
2004-07-29,-0.002128327651325205,0.00866599780784405,0.8299101784655244,1.0089405199634995
2004-07-30,-0.003039719413240381,0.0014287777759562914,0.8273913146439285,1.0103831020749074
2004-08-02,0.002316801614695902,-0.0009633267518083244,0.8293104384338094,1.0094102416695652
2004-08-03,-0.0020710821826819617,0.0014778615190760291,0.8275946457479947,1.010903113079583
2004-08-04,0.0019029943539440233,-0.01248935849205246,0.8291710531576757,0.9983560968853639
2004-08-05,0.0016053999390730981,0.0008397293481721135,0.8305032734029179,0.9991947978914858
2004-08-06,-0.0005395083109978264,-0.011905807616988895,0.8300553308298418,0.9873691137051693
2004-08-09,-0.0005171956240054737,-0.008856167781292612,0.829626140842213,0.9786634136425036
2004-08-10,-0.0009423496406843121,0.006934644080347496,0.8288447111942893,0.9854736821930917
2004-08-11,-0.0011498533894504605,-0.0028124619041491883,0.8278922090176695,0.9827059688728901
2004-08-12,0.0012925826000026316,0.0019099603572225732,0.8289630199884479,0.9845846918883605
2004-08-13,-0.001838384237311599,-0.002114845271050214,0.8274404673863478,0.9825046478696621
2004-08-16,0.0016375630540405401,0.0041401371306175605,0.828796563368453,0.9865807839020511
2004-08-17,0.00233424640565626,0.004495456913996776,0.8307334384599211,0.9910258992344959
2004-08-18,-0.0014834880384275366,0.0013531572687455196,0.8295019690017944,0.9923678208442916
2004-08-19,-0.0011089393835167557,0.006771985612170184,0.8285826114497769,0.9991109277908727
2004-08-20,-0.00012599078043151106,0.0004868265171058539,0.8284782242559584,0.9995974398979403
2004-08-23,-0.0003564122332438712,0.009586055293237195,0.8281829970962683,1.0092257110673402
2004-08-24,-0.00045727067293016414,0.00333520542918464,0.8278043798717506,1.0125973054928274
2004-08-25,0.00013759967075915001,-6.632827385821827e-05,0.8279182933189206,1.012530143888822
2004-08-26,-0.0013032971534123914,0.006160316968779611,0.8268399726027748,1.0187869025371277
2004-08-27,0.0,0.0020559724668149926,0.8268399726027748,1.0208836550524312
2004-08-31,-0.003500000000000001,0.0001971030352674319,0.8239510911902028,1.021084894151264
2004-09-01,0.0,0.0035094149867038738,0.8239510911902028,1.0246745999809819
2004-09-02,0.0,0.004051532929658208,0.8239510911902028,1.0288345242095875
2004-09-03,0.0,0.0036454061756874268,0.8239510911902028,1.032591888336135
2004-09-06,0.0,0.006848003163447913,0.8239510911902028,1.0396873479905606
2004-09-07,0.0,0.0031089378656172784,0.8239510911902028,1.042924701112433
2004-09-08,0.0,0.002489861131291349,0.8239510911902028,1.045524674231411
2004-09-09,0.0,-0.001718175895025098,0.8239510911902028,1.0437298213165525
2004-09-10,0.0,0.003913773642043594,0.8239510911902028,1.0478227477499418
2004-09-13,0.0,0.004169439224428473,0.8239510911902028,1.0522007014783825
2004-09-14,0.0,-0.003417371755604748,0.8239510911902028,1.0486110775530608
2004-09-15,0.0,-0.00019192855723559887,0.8239510911902028,1.0484098384542275
2004-09-16,0.0,0.0014229259250253534,0.8239510911902028,1.0499027098642448
2004-09-17,0.0,0.0058939891895963825,0.8239510911902028,1.0561090973095468
2004-09-20,0.0,-0.0028948955022958245,0.8239510911902028,1.0530561928855062
2004-09-21,0.0,-0.0002230138215200128,0.8239510911902028,1.0528213729846705
2004-09-22,0.0,-0.0012275826643239895,0.8239510911902028,1.0515297406734847
2004-09-23,0.0,-0.010197235928146142,0.8239510911902028,1.0408615293991321
2004-09-24,0.0,0.002784073575954338,0.8239510911902028,1.0437634021185556
2004-09-27,0.0,0.0006907705535148523,0.8239510911902028,1.0444846522220625
2004-09-28,0.0,0.0011075625103948994,0.8239510911902028,1.0456421251340264
2004-09-29,0.0,0.004657249945578812,0.8239510911902028,1.050523299466138
2004-09-30,-0.00338797249120171,0.0010054809803214937,0.8211642910259592,1.0515801118764894
2004-10-01,0.004956454755671275,0.010141238284873566,0.8252444579097507,1.0622986943538473
2004-10-04,-0.00011125456511652332,0.010680170625573027,0.8251526508035456,1.0737050280371034
2004-10-05,-0.00034159417868766533,-0.0014695845979275646,0.8248708315981428,1.0721282865264734
2004-10-06,0.003859492497839042,-0.0033066841226414567,0.8280605658025602,1.0685889518997593
2004-10-07,-0.0012990154326536015,0.0021325800427209884,0.8269856006977029,1.0708702350172903
2004-10-08,-0.010665479706528957,-0.0007208151023583298,0.8182122716030663,1.0700986137107789
2004-10-11,-0.0011014863270071389,-0.0011763323318589869,0.8173115181481849,1.068840562201596
2004-10-12,0.0011456667592836395,-0.0093182485865686,0.81824842137347,1.0589270999283575
2004-10-13,-0.0017267527869300066,-0.00661150492838658,0.8168367278051316,1.0519490911765454
2004-10-14,-0.0010587334286620697,-0.002746374243725924,0.8159723730969963,1.0490640088581238
2004-10-15,0.002102962129875998,0.0031449362497593114,0.8176901376604964,1.0523684416796073
2004-10-18,0.004026653951246529,-0.0033368600230350154,0.8209893307809669,1.0488626878548972
2004-10-19,-0.003176390269256013,0.005868065358248131,0.8183856855453199,1.0550355764025894
2004-10-20,-0.0009465003032246219,-0.007196299950400942,0.8176114497108233,1.047470476946493
2004-10-21,0.0016622255917062782,0.003213627378666928,0.8189716345404395,1.0508420713719813
2004-10-22,-0.0014866456254980294,0.0035851183325696923,0.8177550185050683,1.0546162258995295
2004-10-25,0.0024582803015585596,-0.007279276218644881,0.8197677624893963,1.04696725634282
2004-10-26,-0.000422232540447901,0.005655583919111251,0.8194217029284082,1.052905243085283
2004-10-27,0.0006817961755920484,0.007222540226587526,0.8199805720074133,1.0605374222409902
2004-10-28,-0.000961172086601175,0.0006324610851979884,0.8191928082189747,1.0612083830458874
2004-10-29,-0.004517365178306634,-0.0007432138076151062,0.8155005610460565,1.0604199713383753
2004-11-01,0.0016973474674377635,0.006213122663776716,0.816885924246801,1.0670290007901309
2004-11-02,0.00018619179986556857,0.006533927980274967,0.8170380358678502,1.0740237180385503
2004-11-03,0.002523789004748157,0.006987959578594882,0.8191026717359926,1.081555236692645
2004-11-04,0.0025006688035046376,0.002927005167657981,0.8211535394357768,1.0847255920193002
2004-11-05,-0.0003172027737224784,0.007610090217635701,0.8208931085622971,1.0930119415789055
2004-11-08,0.001064213129680391,-0.0064201283315945545,0.8217671788025123,1.0860171424260916
2004-11-09,0.0013964431055630126,-0.0004634707934556559,0.8229155315317424,1.085513921822419
2004-11-10,0.0022374406591512477,0.003747996272444709,0.8247588175536054,1.0895900578548066
2004-11-11,0.004900203089719002,0.006139037160522776,0.8288102215038792,1.0962996659037814
2004-11-12,0.0017584761742199684,0.007104711906073646,0.8302689467222204,1.1041162937573195
2004-11-15,0.0010738226504161859,0.00154844058380732,0.8311609871840572,1.105827276571566
2004-11-16,4.5171165134272676e-06,-0.005246960822846702,0.8311647416435574,1.1000402396293274
2004-11-17,-0.0007986842844477161,0.006262780738317986,0.8305011684546326,1.1069511686815285
2004-11-18,0.0003419375369747217,0.000772463305725779,0.8307851965357925,1.107806578184256
2004-11-19,-0.0014772791372917398,-0.0007118665340506425,0.8295588009846959,1.1070182483811386
2004-11-22,0.0009524027565653283,-0.008934300182568577,0.8303492514273275,1.0971718658075116
2004-11-23,0.0003193177111550263,0.00437820695746538,0.8306144389870416,1.1019860423444081
2004-11-24,-0.000296987157455174,0.002037605778392404,0.830367793792906,1.1042337446599355
2004-11-25,-0.0010044062196838586,0.0020334623822613196,0.8295341859267389,1.1064814469754625
2004-11-26,-0.0015178782395469555,-0.00036388621846228375,0.8282760091580949,1.1060788868734026
2004-11-29,-0.00033216831705879115,-0.0006522910527770875,0.8280009277992578,1.1053576367698974
2004-11-30,-0.012185339372980289,-0.0018683379720005888,0.8179726783887247,1.1032943831522004
2004-12-01,0.0007907510900536486,0.0025358090212161954,0.8186197469771734,1.1060956772744048
2004-12-02,-7.585709926420604e-06,0.00398045168746286,0.8186135371887857,1.1105072118048471
2004-12-03,-0.000735675650209906,0.005362927185467825,0.8180115246126921,1.1164787793493138
2004-12-06,-0.0023418395765944207,-0.0030846806237416757,0.816098114174851,1.1130401052242134
2004-12-07,0.0016629310855980563,0.003910661522963821,0.8174563581178471,1.1174013504560478
2004-12-08,0.0022684928696223836,-0.0005856105032044923,0.8193128569685297,1.1167471800521507
2004-12-09,0.000449838542651109,-0.0024814467916911553,0.8196814983784247,1.1139794667319503
2004-12-10,0.0041839434216030535,0.005091577163078398,0.8231181838267386,1.1196658431725757
2004-12-13,-0.002774712072550292,0.008042464247292713,0.8208374335409115,1.1287070236376902
2004-12-14,-0.00016635580064346724,-0.001963570679150095,0.8207008938298581,1.1264929021241654
2004-12-15,0.0036396333415342342,0.006264078600180412,0.8236933866513472,1.1335714894731956
2004-12-16,0.00102366384150929,0.005268830446906847,0.8245370035041186,1.1395598474186643
2004-12-17,-0.0007048315576142344,-0.0038640554401485616,0.8239560485653664,1.135165021384827
2004-12-20,0.007011941884437201,0.0033192480776822464,0.8297538837797067,1.1389391759123748
2004-12-21,8.197412035381726e-05,0.003088056142246387,0.8298219049123878,1.1424617201380878
2004-12-22,-0.0015063565771552883,0.004775040987860635,0.8285728382341477,1.1479300670788795
2004-12-23,-0.0019559527353522482,0.00430139547028574,0.8269537728486283,1.1528784030149997
2004-12-24,0.0,-0.0010335759542314804,0.8269537728486283,1.151687431205427
2004-12-29,0.0015707751409710592,0.004417891388836637,0.8282537519979266,1.1567867169417674
2004-12-30,7.631068934669269e-05,0.0038786527282876904,0.8283169590243508,1.1612822034772181
2004-12-31,-0.003500000000000003,0.0019768846224579306,0.8254229171953001,1.1635801950913554
2005-01-04,0.0,0.006695345284974508,0.8254229171953001,1.1713969048492896
2005-01-05,0.0,-0.009770621127168866,0.8254229171953001,1.1600073615670337
2005-01-06,0.0,0.0007805357832975091,0.8254229171953001,1.1609131422727654
2005-01-07,0.0,0.0062082170400188375,0.8254229171953001,1.1681427613264141
2005-01-10,0.0,-0.0009768992806460375,0.8254229171953001,1.167002160719848
2005-01-11,0.0,-0.0006902129645158794,0.8254229171953001,1.1661969586113343
2005-01-12,0.0,0.003403125704229737,0.8254229171953001,1.1701724341421096
2005-01-13,0.0,0.006315888981223594,0.8254229171953001,1.1775865018935874
2005-01-14,0.0,0.004193295576529366,0.8254229171953001,1.1825348378297074
2005-01-17,0.0,0.0036105979295832924,0.8254229171953001,1.1868122129609289
2005-01-18,0.0,-0.002589785833652769,0.8254229171953001,1.1837426000402802
2005-01-19,0.0,0.004496014179997232,0.8254229171953001,1.1890767056774574
2005-01-20,0.0,0.00035260683560345285,0.8254229171953001,1.1894960561805183
2005-01-21,0.0,-9.867606408775487e-05,0.8254229171953001,1.1893786871822971
2005-01-24,0.0,-0.002852935387851474,0.8254229171953001,1.1859903023558076
2005-01-25,0.0,0.0039664525391369665,0.8254229171953001,1.190703818391091
2005-01-26,0.0,0.0016469061625912218,0.8254229171953001,1.192666411507174
2005-01-27,0.0,-0.0004642709139499601,0.8254229171953001,1.1921128197004967
2005-01-28,0.0,-8.44423027857033e-05,0.8254229171953001,1.192012159198883
2005-01-31,0.0,0.008393868253614656,0.8254229171953001,1.2020598627757375
2005-02-01,0.0,0.00822702695115396,0.8254229171953001,1.2119900335455833
2005-02-02,0.0,0.004487935068432591,0.8254229171953001,1.2174415900853743
2005-02-03,0.0,0.0011842277435398785,0.8254229171953001,1.218884172196783
2005-02-04,0.0,0.003969254078198148,0.8254229171953001,1.223731847631287
2005-02-07,0.0,0.0034892587333956726,0.8254229171953001,1.2280092227625088
2005-02-08,0.0,0.005109246636443743,0.8254229171953001,1.234299480308423
2005-02-09,0.0,-0.0014823852211911515,0.8254229171953001,1.2324711284959546
2005-02-10,0.0,-0.00031305405755333027,0.8254229171953001,1.2320853587948972
2005-02-11,0.0,0.0033027960412947976,0.8254229171953001,1.2361614129228922
2005-02-14,0.0,8.142658587750873e-05,0.8254229171953001,1.236262073424505
2005-02-15,0.0,-0.0009231125872801726,0.8254229171953001,1.235121390913543
2005-02-16,0.0,-0.008633827138927685,0.8254229171953001,1.2245034689377992
2005-02-17,0.0,0.00015068695522479914,0.8254229171953001,1.2246879995400237
2005-02-18,0.0,-0.0007673153876304184,0.8254229171953001,1.2237486380322893
2005-02-21,0.0,-0.008410306776680088,0.8254229171953001,1.2134996953566022
2005-02-22,0.0,-0.005433248766122389,0.8254229171953001,1.2069243286112437
2005-02-23,0.0,-0.0027556685683265414,0.8254229171953001,1.2036030234843649
2005-02-24,0.0,0.0012117687074209016,0.8254229171953001,1.2050623959967752
2005-02-25,0.0,0.008399929688952312,0.8254229171953001,1.2152274685718496
2005-02-28,-0.0022856548637172,0.0012828468535257542,0.8235384397429264,1.2167874196814776
2005-03-01,-0.00043264944917941134,0.0036876785946056145,0.823182213356725,1.2212828243125322
2005-03-02,-0.0035464686092277556,-0.002750730751515107,0.8202679941253438,1.2179280202880451
2005-03-03,-0.0012507498340331344,0.0015138381840014148,0.8192426854038494,1.2197731625015145
2005-03-04,-0.0006970285999152528,0.005827482522610339,0.8186718487896862,1.226902121053549
2005-03-07,0.006053502614285771,-0.0020939569409161862,0.8236427113516154,1.2243357287365755
2005-03-08,0.0016024197195330244,-0.0043112257861395165,0.8249635906930463,1.2190687027990095
2005-03-09,-0.0003762573667677474,-0.0020109503020808717,0.824653250452295,1.2166196794802544
2005-03-10,0.002228088660454711,-0.002982534839397033,0.8264926994752128,1.2129964747529287
2005-03-11,-0.0016140714520328741,0.004855878670101177,0.8251597572250775,1.2189009625977847
2005-03-14,-0.0020191795477626975,-0.0012668956958208355,0.8234952925117192,1.2173577199847616
2005-03-15,-0.0022456533629331642,0.0008126196102740124,0.8216480824118008,1.2183473707911063
2005-03-16,0.004154226059541293,-0.008142307200751375,0.8250684939498961,1.2084674893198721
2005-03-17,-0.0007965776793830374,-0.0013472659308781942,0.8244115245019918,1.206840458510632
2005-03-18,-0.0019453458204354112,0.003911849794819844,0.8228093179167038,1.211570683042522
2005-03-21,0.0007939735866826887,0.000775024976736205,0.8234628661977096,1.2125100445502566
2005-03-22,-0.0028176288004070123,-0.003950519744350345,0.8211459191910123,1.2077294488153625
2005-03-23,0.0022780640163686844,-0.01576248019397397,0.8230186744800266,1.1888418857766208
2005-03-24,0.0,0.007954297746163519,0.8230186744800266,1.1983359975468002
2005-03-29,-0.0007407971443215236,-0.0033370012264271054,0.822409210368757,1.194343813519418
2005-03-30,0.0009756183728516665,-0.005153575509019959,0.8232119594290878,1.188204505773726
2005-03-31,-0.003499999999999998,0.006599091355932174,0.8203357538669456,1.1960715048302695
2005-04-01,0.0,0.007001600433673261,0.8203357538669456,1.2044753052924901
2005-04-04,0.0,-0.0062305633506483105,0.8203357538669456,1.196994075937005
2005-04-05,0.0,0.003818346104928594,0.8203357538669456,1.2015733506686708
2005-04-06,0.0,0.007537891172315625,0.8203357538669456,1.2106649023367893
2005-04-07,0.0,0.0030435106843871296,0.8203357538669456,1.2143551867637261
2005-04-08,0.0,0.0035299317549206677,0.8203357538669456,1.2186493522959487
2005-04-11,0.0,-0.003198485571278553,0.8203357538669456,1.2147577468657844
2005-04-12,0.0,-0.002059577122137668,0.8203357538669456,1.2122584342484215
2005-04-13,0.0,0.0023633456337233127,0.8203357538669456,1.2151268080702355
2005-04-14,0.0,-0.011202642969974974,0.8203357538669456,1.2015901410696725
2005-04-15,0.0,-0.012813081869214926,0.8203357538669456,1.1862922838606484
2005-04-18,0.0,-0.02009539309908348,0.8203357538669456,1.1626912047866245
2005-04-19,0.0,0.00970534331711903,0.8203357538669456,1.1740304587702686
2005-04-20,0.0,-0.002489115209835191,0.8203357538669456,1.1711117956498451
2005-04-21,0.0,-0.0016198701787732972,0.8203357538669456,1.169216282233373
2005-04-22,0.0,0.006078698370220792,0.8203357538669456,1.1763452407854074
2005-04-25,0.0,0.0005559495250260227,0.8203357538669456,1.176999411189302
2005-04-26,0.0,-0.009033325715883223,0.8203357538669456,1.1664150700155624
2005-04-27,0.0,-0.018139572785731417,0.8203357538669456,1.1454475448625183
2005-04-28,0.0,-0.013252508771801175,0.8203357538669456,1.1303676352489327
2005-04-29,-0.0011947464549342092,-0.001470170013030625,0.8193562458815179,1.1287070236376902
2005-05-03,0.0006232699052542558,0.008582600640144378,0.8198670851500923,1.138435955308702
2005-05-04,0.002673597204172802,-0.006341048474196143,0.8220620123649082,1.131239917057056
2005-05-05,0.000316862785184012,0.006900837102621793,0.8223225344964444,1.1390734172159915
2005-05-06,-0.0009542537548838689,-0.001458997514086846,0.821538204414656,1.137412723700356
2005-05-09,0.0016650966441950706,0.0013558812825156252,0.8229072844308554,1.1389559663133766
2005-05-10,-0.0022204609167044242,-0.0066642922962074636,0.8210820781172709,1.131390866857279
2005-05-11,0.0027436292600205607,-0.00022241498601083265,0.8233379161081622,1.1311392565554423
2005-05-12,-0.001522645120843096,0.009416669956870294,0.8220852185962984,1.1418411305361935
2005-05-13,-0.0025077454492183925,-0.0017938566421484836,0.8200262209305567,1.1397946673194999
2005-05-16,0.00096043454360315,0.0015440611868839937,0.8208141807711535,1.1415559394323553
2005-05-17,0.0007408872599709065,0.00369607715343534,0.8214225368743056,1.1457830252649663
2005-05-18,0.0027902171583843484,0.0038428423588001692,0.8237176846222529,1.1501945597954089
2005-05-19,0.0007176034278705559,0.01074851655159037,0.8243089993957147,1.1626241250870126
2005-05-20,0.0005802610221116581,0.0004615383776283011,0.8247874525786816,1.1631608445882933
2005-05-23,0.0005170256988930607,0.007571196338867381,0.825213999146056,1.172000785954575
2005-05-24,0.0019003114641444447,0.002101725037846336,0.8267836537129306,1.1744665996743322
2005-05-25,0.0024098069784357604,0.002510465532894912,0.8287784452973039,1.1774187616923633
2005-05-26,-0.0001238397519038257,0.010360304290500721,0.8286758159351836,1.1896805867827425
2005-05-27,0.0018727695795271574,0.0018312701702871692,0.8302291888953619,1.1918612093986596
2005-05-31,-0.0036689753738193493,0.0012517709500539098,0.8271886796342671,1.193354080808677
2005-06-01,-0.00026174757971700986,0.004753788531672853,0.8269721933330222,1.1990405391536993
2005-06-02,-0.000555514825780395,0.002975313089388365,0.8265129255959468,1.2026133726780213
2005-06-03,-0.0010082296823374155,0.004911526283548184,0.8256800306767703,1.2085345690194815
2005-06-06,0.00040550946729925156,-0.0019867331122078724,0.8260149196419035,1.2061359169037325
2005-06-07,0.0001790565496173946,0.0073161663479552885,0.8261628362656721,1.2149925667666195
2005-06-08,0.0005626007273212833,-0.0022113812768207453,0.8266277668511205,1.2123087235470307
2005-06-09,-0.00010565304464079045,-0.0011075271737386316,0.826540435724249,1.2109668019372344
2005-06-10,0.003011647354556267,0.00620023260491287,0.8290334361757423,1.2184984024957257
2005-06-13,9.043195994157943e-05,0.0059704126503667965,0.8291084106842276,1.2257951012489834
2005-06-14,-0.0016761558401569066,-0.0024525294875719084,0.8277198598184518,1.2227924861235524
2005-06-15,-0.0011013210433628965,-0.004275307659970196,0.8268087763086336,1.2175758313889908
2005-06-16,0.002039854309972198,0.008122611873597307,0.8284970671027204,1.2275060021588367
2005-06-17,-0.0015414686033423013,0.005043356267163901,0.8272209486867413,1.2337123896041364
2005-06-20,0.0013379051764272508,-0.002613877967574396,0.8283284325650464,1.2304918268832659
2005-06-21,0.0004635917636430315,-0.004412886744416866,0.8287125278287962,1.2250737692410816
2005-06-22,-7.253080253688294e-05,0.005502849628340911,0.8286524228238389,1.231833748493062
2005-06-23,0.00040656318579936784,0.005161161441357365,0.8289893908875456,1.2382078761395874
2005-06-24,0.001686699177182478,-0.007192225779036221,0.8303888264927131,1.229334353971301
2005-06-27,-0.0016054923306030263,-0.008550795302422642,0.8290567132353083,1.2188673817957822
2005-06-28,-8.874070671693564e-05,0.006037008701891722,0.8289831454209455,1.2262479506496526
2005-06-29,0.0006176485255981147,0.002554760133001821,0.8294953237952868,1.229384725174307
2005-06-30,-0.004539401896974726,0.005388587773515141,0.8257384445924475,1.2360272535236692
2005-07-01,-0.00035797953118142526,0.010462535003863849,0.8254429000337812,1.2490271191185567
2005-07-04,-0.0007616933734479433,-0.0015725332235732026,0.8248144050372894,1.2470645260024735
2005-07-05,0.0021843147304654803,-0.003651840795539485,0.8266180284155439,1.2425187501684156
2005-07-06,0.0001355505093736663,0.012010101377345705,0.8267300845048114,1.2575314981779961
2005-07-07,-0.0013051560991676442,-0.014646075172874973,0.8256517765258411,1.239247816244541
2005-07-08,0.0010912922484421822,0.017549763090004333,0.8265532957304665,1.2611882837073245
2005-07-11,-0.002459271400848959,0.006456257863789006,0.8245230743049778,1.2693571823643135
2005-07-12,5.816274445311943e-05,-0.003998748338529978,0.824571032224513,1.264291477429973
2005-07-13,0.003236500904871653,0.0005968605159551998,0.827244080444596,1.2650463083354828
2005-07-14,0.0020304133829327957,-0.004385272421686182,0.8289254342404808,1.2595108816950793
2005-07-15,0.0016748789371183073,-0.005060311959740105,0.830314947298985,1.2531534625451617
2005-07-18,0.0007799619183978568,-0.004803482401745995,0.8309628139609735,1.2471483961030858
2005-07-19,0.0005740647234150126,-0.0026801050665739012,0.8314399773471677,1.2438103824796014
2005-07-20,0.004031363831491099,0.0026263171581959455,0.8347985797253403,1.247081316403477
2005-07-21,-0.0017865794772607517,0.004402074574473502,0.8333084772047984,1.252583162241876
2005-07-22,0.003557308504208028,0.003795971049230573,0.8362780913225981,1.2573469675757705
2005-07-25,-0.0015620957890617778,0.0004134924688035113,0.8349727646257586,1.257866978580444
2005-07-26,-0.0003352864193321992,-0.0007470682122896477,0.8346928565245821,1.2569276170727077
2005-07-27,0.00023652470789053102,0.008107649822020946,0.8348903053584933,1.2671597693473937
2005-07-28,-0.0027499129465452924,0.003013641880063034,0.8325975835363544,1.2709842950779466
2005-07-29,-0.003490982440719298,0.0036885341235723956,0.8296960675095149,1.275681020712229
2005-08-01,0.002147278670902951,0.0016685007533308038,0.8314795703321133,1.2778112721251413
2005-08-02,-0.0005740224344187865,0.0024649022718588043,0.8310024193657632,1.2809648370507967
2005-08-03,0.001548643626495672,0.005067905920965288,0.8322903429760599,1.2874731240965431
2005-08-04,0.003486435165132507,0.00132806416401543,0.835197133519404,1.2891841069107897
2005-08-05,0.002043969253823457,-0.0006638116127213323,0.8369059966180734,1.288328615503666
2005-08-08,-0.004353152409514346,-0.0008597012067852461,0.8332707354260291,1.287221513794706
2005-08-09,-0.0015821369166972308,0.003707007927660655,0.8319534293879502,1.2920021095296015
2005-08-10,-0.0012000287210893515,0.004171826392934008,0.8309556601736711,1.2974033767707829
2005-08-11,-0.0014513011710332395,-0.005094054815954152,0.8297505679383917,1.2908111377200289
2005-08-12,0.0010527482283320217,0.0013635392138411362,0.8306245463376344,1.2925724098328837
2005-08-15,0.0004330851794792886,0.00010385053262851329,0.830984355426733,1.2927066511365004
2005-08-16,-0.0005612541918393601,-0.0012464746992080222,0.8305180928320544,1.2910963288238673
2005-08-17,0.00032108608771740034,-0.005536932362181446,0.8307848034535039,1.2839673702718324
2005-08-18,-0.0013918639277459913,-0.004543613187289353,0.8296292684141767,1.27814675252759
2005-08-19,0.0003303586609327866,0.005914415321068844,0.8299033889049068,1.2857286423846892
2005-08-22,-0.0006485376480471375,0.0034773384747435188,0.8293653398043678,1.2902073385191375
2005-08-23,0.0006077875792380806,0.002039042849418138,0.8298695709737502,1.292840810535723
2005-08-24,-0.0014456073521877909,-0.0003763199081685542,0.8286707721255768,1.2923543803330506
2005-08-25,0.0009149802358969479,-0.0033022082300337985,0.8294293364869145,1.2880937956028313
2005-08-26,0.001258870384628815,0.0027828963066465207,0.8304741380116294,1.291683419528154
2005-08-30,-0.00218844389737739,0.0028399220900432454,0.8286586791918183,1.2953569135540886
2005-08-31,-0.007099262634038276,0.003464453528440714,0.8227966462701883,1.2998524000895368
2005-09-01,-0.0014434593169158436,0.006341770074875797,0.8216098295520956,1.3081219592481406
2005-09-02,0.0024267926751643143,-0.0007953659487682785,0.8236061275892859,1.3070819372387918
2005-09-05,0.00047464276698478184,-0.0005391013272184608,0.8239971390686349,1.3063774775362849
2005-09-06,0.0016736909532142604,0.0009368633774737845,0.8253774103773636,1.3076019482434653
2005-09-07,0.0007872388040277425,0.00701791913373917,0.8260274353316436,1.3168108689098037
2005-09-08,-0.0006025749774679194,-0.00556935837922623,0.8255298418021718,1.309497461659937
2005-09-09,0.001195440057811577,0.005671297438727407,0.8265173033519305,1.316945110213421
2005-09-12,0.0012429498931266205,0.006386284798260533,0.8275452616637929,1.3253824095732467
2005-09-13,-3.741340914164258e-05,-0.008656094382548218,0.8275143009535115,1.313959285488989
2005-09-14,0.0006051616627913772,0.003797090920077295,0.8280152324408385,1.3189579926281123
2005-09-15,6.975301134294718e-05,0.00044501802504903765,0.8280729910111327,1.319545083332398
2005-09-16,0.0006922825513593148,0.004439321805518759,0.8286464499689742,1.3254159903752507
2005-09-19,0.0009427949498905506,0.00361299766780121,0.8294280620493152,1.3302133765111468
2005-09-20,-0.003972832458922127,-5.049062107076452e-05,0.826139420258984,1.33014621490714
2005-09-21,0.0012856036615074738,-0.010228902035834153,0.8272021911272676,1.316609629810972
2005-09-22,0.0009647706290890046,-0.0014662104734597392,0.828000636602025,1.3146806174968926
2005-09-23,0.0013085670639554222,0.003858500815576704,0.8290848401858557,1.3197631128322325
2005-09-26,0.001340823932624143,0.0035397694696470694,0.8301972425829739,1.324443048065513
2005-09-27,-0.0006062868280326204,-0.0004940431469364626,0.8296940574827896,1.3237888776616167
2005-09-28,0.0006531550943954371,0.005522073146023487,0.8302361534003071,1.331119157216879
2005-09-29,-0.0007294462697749538,-0.001324027489911117,0.8296307615624295,1.3293578851040235
2005-09-30,-0.005568315817213763,0.003275345854031997,0.8250239534548728,1.333719130335855
2005-10-03,-0.000441682806109911,0.00211066158983364,0.8246596350225195,1.3365371329546671
2005-10-04,-0.0004188825522085779,0.00145479511057367,0.8243142718282558,1.3384829356697483
2005-10-05,0.0014188139719586222,-0.011697931676422968,0.8254846505128915,1.3229166777578865
2005-10-06,-0.001453277797330468,-0.013968612038931738,0.8242858632946762,1.304565834220426
2005-10-07,-0.0011879776287978651,-0.004419999737162783,0.8233072115526326,1.2988123780801881
2005-10-10,-0.002810892659136331,0.0033908356875151924,0.820996232833633,1.3032239126106315
2005-10-11,0.0003131042205347538,0.005020019708137369,0.8212533304662529,1.3097825708593833
2005-10-12,0.002295029676698004,-0.006694673617197111,0.8231402957241472,1.3010432899947153
2005-10-13,-0.0009789130359097152,-0.017414123255997893,0.8223349072252455,1.2785828934316525
2005-10-14,0.002889632510054747,0.0005770666723989848,0.8247145894550265,1.2793209339361595
2005-10-17,-0.0004949369913754391,-9.17474101598259e-05,0.824306508692841,1.2792035649379407
2005-10-18,-0.0006084256138341958,-0.0025734422682361924,0.8238051320399676,1.2759158406130644
2005-10-19,0.0025559627087175813,-0.024621951838364353,0.8259134404677834,1.2448839033865577
2005-10-20,-0.0008980954342507804,0.008733575844495078,0.8251720243588581,1.2558038068671424
2005-10-21,0.0020840670560250884,-0.004887300698957375,0.8268935314353801,1.2496812895224534
2005-10-24,-0.002247541355354709,0.013359803474454424,0.8250371409656341,1.2664888085424963
2005-10-25,-0.0005461276391691597,-0.0019488014342723403,0.8245866883931074,1.2640230767271365
2005-10-26,-0.00418188705601223,0.012894872416714165,0.8211455602139723,1.2804280356451192
2005-10-27,0.0027392362235710583,-0.012987795055380502,0.8233979553901754,1.2639056258245203
2005-10-28,-0.0016827645319547162,-0.004535892148178178,0.8220135356680517,1.2581856685818917
2005-10-31,-0.004691039634121852,0.027651206436127396,0.8181664680206838,1.2934614820420114
2005-11-01,-1.5281351914255242e-05,0.00852266869805085,0.81815396542649,1.304532335322819
2005-11-02,-0.00048318376813464046,0.012293732969212101,0.8177587422009739,1.3206688935379645
2005-11-03,-0.0007745906064731291,0.011717786706435973,0.8171255592213565,1.3362352333542222
2005-11-04,3.558155351804848e-05,-0.002325041707072373,0.8171546343354387,1.3331320396315711
2005-11-07,-0.0014391990074154519,0.007933093544234993,0.815979432074611,1.343749961607315
2005-11-08,0.0002465756719786179,-0.0002746269609321672,0.8161806575590305,1.3433809823072569
2005-11-09,-0.002792664631478401,-0.002437821111669791,0.8139045184296859,1.340110048383382
2005-11-10,-0.0009997116631695968,0.001975692392733208,0.8130912551720202,1.3427603108009696
2005-11-11,-0.0039009957057227207,0.0048476816179867654,0.8099255683571248,1.349285388247718
2005-11-14,-0.0011729732836905172,0.005615834743439407,0.808976104260535,1.3568840685058192
2005-11-15,0.0012784384893105767,0.0009637598938727621,0.8100109918282514,1.35819240931361
2005-11-16,-0.005705189407956772,-0.00443116966406798,0.8054028832626092,1.3521873428715356
2005-11-17,-0.004419189698841302,0.005147203813283596,0.8018515080175634,1.3591652697189542
2005-11-18,0.00043974510955915977,0.009959140824921775,0.8022041958374955,1.3727690164191289
2005-11-21,-0.00041450318034804367,0.005520030673904941,0.8018717485520207,1.3803676966772283
2005-11-22,0.0016719557490292108,0.002015127768403957,0.8032135640474823,1.383152118494037
2005-11-23,0.0022263742698227784,0.007334384723973741,0.8050038101991522,1.3933339814701138
2005-11-24,-0.0017863030460943347,-0.0020245369696656468,0.8035671130111848,1.3905159788513013
2005-11-25,-0.0007779878652235666,0.003516277635535303,0.8029421906708883,1.3954140254888103
2005-11-28,-0.0006971514724782109,-0.00030056565272751357,0.8023826134180639,1.39499467498575
2005-11-29,0.0007323307920829069,0.0037325769781340057,0.8029704381276983,1.4002113297203123
2005-11-30,-0.004093915228139143,-0.0023507223744356764,0.7996898649993499,1.3969236872998296
2005-12-01,-0.0024217778825598364,0.008691714908904302,0.797755536973207,1.4091182688818087
2005-12-02,0.0005280692865854782,0.0115277563224776,0.7981769184199939,1.4254562300045763
2005-12-05,0.000278788317630908,-0.0025922012865660093,0.7983994718414575,1.4217659455776424
2005-12-06,0.001865509800525323,0.0014030255192629681,0.7998902840109172,1.4237621194957282
2005-12-07,0.0019135039208483078,0.001894975114330677,0.801422342538151,1.4264626712119235
2005-12-08,-0.000759633595999312,-0.007116016739256992,0.8008137863712929,1.4163479698398527
2005-12-09,-0.002242238279045707,0.004124671462351515,0.7990201826400404,1.4222020045773074
2005-12-12,-0.0012293447618853817,0.0015086368506622705,0.7980385148915553,1.424349210200012
2005-12-13,-0.0005540348196391123,0.0029985381178683213,0.797596496225065,1.428626585331235
2005-12-14,0.0002044408612064065,-0.0027748763459705117,0.7977595742089822,1.424667818297064
2005-12-15,0.0005832705080694729,0.0028100768763437145,0.7982250195682284,1.4286768746298437
2005-12-16,-0.0014841736063202356,0.006739975125698905,0.7970411937810828,1.4383386446968498
2005-12-19,0.0005682947340685158,0.0022715237057688853,0.7974942768245042,1.4416095786207237
2005-12-20,0.00023959065946576794,0.0002093964951868088,0.7976853718955916,1.4419114782211708
2005-12-21,0.0013370754958123656,0.007867943110388964,0.7987526508169636,1.4533011034078194
2005-12-22,-0.0022561116502161378,0.007245158482485081,0.7969526069692867,1.463868736084954
2005-12-23,0.002495873209142336,0.003751383159809052,0.7989441839579445,1.469370581923356
2005-12-28,-0.0008526521511559176,-0.001610878001081062,0.7982632528207927,1.4670055106096076
2005-12-29,-0.001060049832096844,0.008641041841912056,0.7974175023416955,1.4797368935972615
2005-12-30,-0.005956853288045368,-0.003099453045306788,0.7926815230421801,1.4751576188655962
2006-01-03,-0.004160480549321605,0.011194400148086814,0.7893904379787314,1.491763898786807
2006-01-04,0.0002534609300816362,0.007215357125373245,0.7895905429716666,1.502566433269172
2006-01-05,0.0008939723502927699,-0.006653294102214602,0.7902967306942537,1.4926025997929298
2006-01-06,0.00027927737905458143,0.001931109684210952,0.7905174735166811,1.4954877640157447
2006-01-09,-1.2694116741435255e-05,-0.0020546925423943208,0.7905074386592781,1.4924181510950987
2006-01-10,-0.002428686088856025,-0.006099192713259427,0.7885898737640274,1.4833433079235874
2006-01-11,-0.0004989361032023921,0.009554955902645546,0.7881965159437558,1.4975845165310506
2006-01-12,-0.00319580623183307,0.0012201771699729136,0.7856816133173652,1.4994129502479132
2006-01-13,0.000253148068171183,-0.0019484889195826582,0.7858805322768869,1.4964942052230907
2006-01-16,0.0026635826458926027,0.0028318107342020227,0.7879765802837214,1.5007379995523114
2006-01-17,0.006355933585450197,-0.007314227651166405,0.7930008571658123,1.4898013056707236
2006-01-18,-0.0038484506271026417,-0.003925887337144829,0.7899548973920266,1.4839639794298733
2006-01-19,0.0008036642555270269,0.012223201690007457,0.7905900110814407,1.5022140805613255
2006-01-20,0.0038690914186012126,0.0015175163679046477,0.7936548012623509,1.5044954455832507
2006-01-23,-0.0033274306838551133,-0.0061285171228924185,0.7910183586467814,1.4953033153179145
2006-01-24,-0.001151184429931288,0.0016364159648230014,0.7901082745663347,1.497752256732274
2006-01-25,0.00016421213955816283,0.014366039846484213,0.7902380305900494,1.51942432349222
2006-01-26,-0.006762698727336435,0.002590974883052155,0.7849119186103652,1.5233662182209928
2006-01-27,-0.001474786047185669,0.013800432397170326,0.7837551946343747,1.5445350643772624
2006-01-30,0.0030360346475031713,-0.00416823144645484,0.7861383183529969,1.538110483623339
2006-01-31,-0.003450462000220525,0.00032711453964395787,0.7834304523395765,1.5386137042270118
2006-02-01,0.0012817196211046902,0.01122042097813214,0.7844352343089386,1.5559748150537334
2006-02-02,0.0024918588897816065,-0.0044730085706987666,0.7863923736658465,1.5490304690083194
2006-02-03,-0.000942627148907109,0.0008118245217918485,0.7856514481278615,1.5502885205175014
2006-02-06,0.0013102612644230209,0.004910991477297344,0.7866815314794694,1.5579206996732098
2006-02-07,0.0017812320131636362,-0.004770363351134677,0.7880840425354786,1.550506550017334
2006-02-08,-0.0012983796996570846,-0.0003029403143575138,0.7870614741976655,1.5500369102156646
2006-02-09,0.0016989873275215367,0.01375670531460571,0.7883998182611757,1.5715076559723815
2006-02-10,-0.0017011015792464021,-0.0047075524343043185,0.7870598101533451,1.5641270871185096
2006-02-13,0.0032479814843900676,0.000868241713394724,0.7896203218401208,1.5654857172249126
2006-02-14,0.004975250607714067,-0.001340260024651485,0.7935586698364875,1.5633889647096078
2006-02-15,-0.00016263930432737397,0.0015330886724083115,0.7934296165013391,1.565787616825358
2006-02-16,0.0001805230256647554,0.003667850370719705,0.7935728617455053,1.5715412367743842
2006-02-17,-0.0011639941959805961,0.01102877830818727,0.792649684930806,1.58896934539632
2006-02-20,-0.00023720485366932108,-0.0016904746154633443,0.792461686876188,1.5862855021767315
2006-02-21,-0.0003141169446954222,0.00022209972926745536,0.7922128003241063,1.5866378548845779
2006-02-22,0.0011487723679281419,0.0014789932256054072,0.7931233954317457,1.5889862177017187
2006-02-23,0.0028338809376649557,-0.0006125429177803454,0.79537420045367,1.5880131934875843
2006-02-24,-0.0016879280946879695,0.0012246078293696172,0.7940327984085159,1.5899590781070605
2006-02-27,0.0038559386148490186,0.0029390564734370628,0.797100450675886,1.5946389314359468
2006-02-28,-0.002697838365074607,-0.006151442669651175,0.7949529006731767,1.5848597104663245
2006-03-01,0.0004645299589048906,0.005867471309809247,0.7953222658954214,1.5941861639396735
2006-03-02,-0.00014320413574715903,-0.0005683903779925004,0.7952083806123098,1.5932803013295451
2006-03-03,0.0003578751828949582,-0.002762162084907871,0.7954930168860525,1.58888547529571
2006-03-06,-0.0002874679961633788,0.007750489265646365,0.7952643709682927,1.6012479608877026
2006-03-07,0.0014916679446092338,-0.009229576335386014,0.7964515265387851,1.5865371124785679
2006-03-08,0.0037445824961017905,-0.016394488149174435,0.7994394958414146,1.56073870229202
2006-03-09,-0.003926596121601758,0.008198831192645528,0.7963065747009098,1.5735875361822895
2006-03-10,-0.002084678341449871,0.005209674328011005,0.7946482607576271,1.5818068060422845
2006-03-13,-0.002735348528702595,0.01700188681666326,0.7924775909294243,1.6089304293420192
2006-03-14,-0.0017725591578594349,0.005582938909341806,0.7910741217517667,1.6179381109095246
2006-03-15,-0.00040054450070255366,0.008619630647483945,0.7907573248125224,1.6319444177117588
2006-03-16,0.0014513543435743276,0.008790562995404372,0.7919058271309132,1.646353366520449
2006-03-17,-0.0035460696665172487,0.003153485560916991,0.7891026469720591,1.6515533127584021
2006-03-20,-0.0006004237206412071,-0.0031433368211875035,0.7886289932354954,1.6463700750170536
2006-03-21,0.00012270464678961667,-0.0004994003418463677,0.78872576761477,1.6455480825075381
2006-03-22,1.818960146038036e-05,0.004931703694358802,0.7887401143526248,1.6536834822669197
2006-03-23,-0.0015908563237114878,-0.0008118037014650525,0.7874863397060281,1.6523415606571255
2006-03-24,0.001050006439614639,0.008018119471708829,0.7883136396929757,1.6656434896612495
2006-03-27,0.000364407310321285,-0.007520771866333931,0.7886009592936077,1.653163553166639
2006-03-28,0.0003833048504204421,-0.004005819973382785,0.7889032918054086,1.6465545237148855
2006-03-29,-0.0013200886345694739,0.0004787105441792505,0.7878625566186028,1.6473429354223963
2006-03-30,0.0011239741786823357,0.0034864824941553962,0.7887485916355543,1.653096391562635
2006-03-31,-0.0004934463062314922,-0.00048715630488516126,0.7883594825665782,1.652291271358517
2006-04-03,0.0004161522807270312,0.0031118294679135516,0.7886876284378717,1.6574409282978628
2006-04-04,-0.00212178853297879,0.0011429357799848106,0.7870159741473494,1.6593363598099387
2006-04-05,0.0004979078274263129,0.004307219010968311,0.7874079331328128,1.666498899163976
2006-04-06,0.0004906171452852547,0.0019708406507952247,0.7877943437472267,1.669786541584459
2006-04-07,0.0013906234963700524,-0.0031693835409676296,0.7888906311567945,1.6645027252458908
2006-04-10,-0.00025302923920488755,-0.0044641240431904095,0.7886910440123335,1.657088739398807
2006-04-11,0.0009011003642020953,-0.013770043809882893,0.7894020540969484,1.6344269399281228
2006-04-12,-0.0002143973832949583,-0.004556827471510871,0.7892328265038072,1.6269960817756401
2006-04-13,-7.067528905002835e-05,0.007753768082405799,0.7891770492167275,1.639660466968079
2006-04-18,0.0036749384046912944,0.0010429541758529837,0.792082561782899,1.6413714497823257
2006-04-19,-0.004147561805040858,0.008811127806348296,0.7888041538027393,1.65589768568484
2006-04-20,-0.00013328800470174362,0.0018014725706763102,0.788699022677493,1.6588834285048744
2006-04-21,-0.003418365763593823,0.0061692698963575765,0.7860075637569645,1.6691491615815632
2006-04-24,-3.23582207178153e-05,-0.00016076476165238773,0.7859821303622224,1.668880842783121
2006-04-25,0.001104370596596408,0.0017774764589404413,0.7868506253983647,1.6718498771065498
2006-04-26,-0.0013510654119971528,0.0030753830996061993,0.7857882565604786,1.6769993702371044
2006-04-27,-0.002292888451376504,-0.007227786326337693,0.7839885957409903,1.664922075748952
2006-04-28,-0.004727852369396876,-0.0047362948650082615,0.7802907616957732,1.6570551585968045
2006-05-02,-0.00019904872452944036,0.004615466779219091,0.780135461271584,1.6647209185545153
2006-05-03,-0.0024872699318383147,-0.0028354805317540865,0.778197464955105,1.660007320614837
2006-05-04,0.0021474052473176328,0.006074678449758508,0.7798703658299966,1.6701220219869066
2006-05-05,-0.0013765520195063714,0.01508172634515148,0.778797572250447,1.695501245479185
2006-05-08,-0.0019210609826522775,0.0024109866153736448,0.777302890767825,1.699594008103785
2006-05-09,-0.0007025078380732195,0.0003059632747479668,0.7767570211557937,1.700114101012854
2006-05-10,-0.00040997385777632165,-0.0026477768136476953,0.7764386363524581,1.6956185325730078
2006-05-11,-0.0010964278844779955,-0.0032896599970051454,0.775587793909902,1.6900496889393917
2006-05-12,0.0015995539494181822,-0.026511124969673006,0.776829381156939,1.6458332736113765
2006-05-15,-0.001448663861476638,-0.026280483119219156,0.7757048312499966,1.603143392399779
2006-05-16,-0.0020349514845414665,-0.0015811526501536832,0.7741279145707184,1.6006105808848077
2006-05-17,-0.005542694733341047,-0.02830440637085907,0.7698490290881729,1.5559413980605203
2006-05-18,-0.003969481065649793,-0.015328406543998696,0.7667991850974281,1.5322731573824888
2006-05-19,-0.002645312605211364,0.006307495680053066,0.764773442090471,1.5419685082514976
2006-05-22,-0.001396904206786266,-0.040402362670564074,0.7637058726716819,1.4809110750058327
2006-05-23,6.57742672144667e-05,0.044928383631626545,0.7637561065178533,1.5489633074043114
2006-05-24,-0.0034825898731939376,-0.01971814202150135,0.7611008834458356,1.5187197818853189
2006-05-25,-0.004393320747031021,0.014963692837914877,0.7577644575050982,1.5416163193524433
2006-05-26,0.005392304471020253,0.03396320764626637,0.7618615907445534,1.5948738332411776
2006-05-30,-0.0011003755183492173,-0.029078795460710793,0.761023717973613,1.5491646284075393
2006-05-31,-0.0032783793746088974,0.0067661000073790944,0.7585328787019807,1.5596819717860644
2006-06-01,0.0036582844862476593,0.0013112428314219216,0.76131288969958,1.5617284350027614
2006-06-02,0.0010330887622234865,0.014639249436008583,0.7620997998945168,1.584759131869105
2006-06-05,0.001201412733156875,-0.010191773329777831,0.7630159465229622,1.5686896533535701
2006-06-06,-0.0018170683914027507,-0.030034132985143458,0.7616307532409922,1.5222759069130327
2006-06-07,0.0003687804294979723,0.0037065604356936177,0.7619116795541706,1.5279287844560514
2006-06-08,-0.002066899289582494,-0.03294464919188478,0.7603385111953146,1.478411844292865
2006-06-09,0.0029837373686082873,0.023657933070278858,0.762610549521184,1.5138050267512024
2006-06-12,-0.003820817870764845,-0.0048317588884891904,0.7597023129642705,1.5065083279979439
2006-06-13,-0.003944691488317512,-0.02931932998062514,0.7567114246608132,1.4629797457802243
2006-06-14,-0.002606966403236064,0.006912772533306466,0.7547412725757328,1.4731280279542966
2006-06-15,-3.9655473425756265e-05,0.035745206726257805,0.7547113435466837,1.5267377307420849
2006-06-16,-0.0012121562324836801,-0.0008793335407712988,0.7537970697211822,1.5253958091322901
2006-06-19,0.0011786642253985178,0.0022297808919766737,0.7546860671722989,1.5288009024553866
2006-06-20,0.004185378172761131,0.0005704032841489237,0.757851333061913,1.5296731842635105
2006-06-21,-0.0007324711042560358,-0.0028771841415302646,0.7572964321083897,1.5252783582296743
2006-06-22,5.647699486329989e-05,0.01090470651955222,0.7573392031428742,1.5420020890535013
2006-06-23,0.0008126062793339798,0.0002610822970012805,0.7579548718491836,1.542404731059955
2006-06-26,-0.0011643357141657396,0.00020654448757717603,0.7570728714940628,1.5427233391570088
2006-06-27,0.001200949814559997,0.0002174362197422397,0.7579826241930162,1.5430588195594568
2006-06-28,-0.0024175047315072255,-0.00020649957756901927,0.7561524107787877,1.5427402114624045
2006-06-29,0.0008248608262708224,0.011491562303767466,0.7567763885931779,1.5605709620907953
2006-06-30,-0.0007811927086644899,0.012731019005535416,0.7561854312521556,1.5805656268384982
2006-07-03,0.003423353279872899,0.007833186739954812,0.7587785571890372,1.5929951102257056
2006-07-04,0.000984954888967758,0.0009261783340939189,0.7595262880187025,1.5944711912347234
2006-07-05,-0.0051981579209977365,-0.008897318560725509,0.7555883941925222,1.580347597338665
2006-07-06,-0.004510280576114046,0.004268352613882698,0.752188152321245,1.5871074946862478
2006-07-07,0.001871726052733834,-0.0031863794801658685,0.7535973608972917,1.5820584163441198
2006-07-10,-0.001876445863561729,-0.004409810907070266,0.7521846021438372,1.5750971979933097
2006-07-11,-0.0007927589740949221,-0.007461105126013834,0.7515885373493864,1.5633889647096078
2006-07-12,0.00046100941249728553,0.004400097616347409,0.7519351066191392,1.5702831852652013
2006-07-13,0.0004749872807257077,-0.01998169681763784,0.7522923510672823,1.5392176672366922
2006-07-14,8.228220916265327e-05,-0.010968654976089454,0.7523542538905799,1.5224267748088616
2006-07-17,0.001895578875847533,-0.006521810588839827,0.7537817532627934,1.512530102936625
2006-07-18,0.0013057047246904318,-0.005370865218464971,0.7547666124871643,1.504428283979247
2006-07-19,0.0003732817992769472,0.02375456908672291,0.7550484057171775,1.540593169648492
2006-07-20,0.0007119772253398851,0.002479372718074302,0.7555861744028889,1.544417613474649
2006-07-21,-0.00014587816479540806,-0.010152149593196214,0.7554759589176341,1.528817774760782
2006-07-24,0.0013637809692170113,0.011920916787531155,0.756506965526906,1.5471517459928479
2006-07-25,0.001781070102024146,0.0027068011329696162,0.7578555580776134,1.5513452510234569
2006-07-26,-0.0008870611997802212,0.004003394791983084,0.7571835918986303,1.5575683469653647
2006-07-27,0.0017421663927554565,0.008194171873428857,0.7585038814536887,1.570383763862421
2006-07-28,-0.0006212938533120035,0.000800790155704334,0.7580327740176596,1.5716418153716032
2006-07-31,-0.0007489651519217017,-0.0014846802920498448,0.7574652464416239,1.569310161051069
2006-08-01,0.00013894613939573072,-0.001165694177158727,0.7575705006255053,1.5674818911429964
2006-08-02,0.0002973282086466591,0.0052618290404282675,0.7577957811948542,1.5757514503015995
2006-08-03,-0.0010117229258054536,-0.013902904961078377,0.7570294895327256,1.5539955134410441
2006-08-04,0.0021329845429959495,0.010180807639089906,0.7586459450569596,1.5698972517553529
2006-08-07,-0.0019075717644125513,-0.007851927576021822,0.7572001528875586,1.5576188000727644
2006-08-08,-0.000659845941483867,0.0014741837702452187,0.7567006822447454,1.5599167097825055
2006-08-09,0.0014477003060430942,0.0031671588351791513,0.7577969513971411,1.564865045718624
2006-08-10,-0.0002678319091962303,-0.007272482731575991,0.7575940163703163,1.5535258736393736
2006-08-11,-0.0007529822898403092,-0.000810132095832472,0.7570237762104142,1.5522678221301915
2006-08-14,0.0011767727773814736,0.005377818593526484,0.7579151455488116,1.5606381236948021
2006-08-15,0.0006544829994983817,0.005968803720037386,0.7584113504877716,1.5699811218559652
2006-08-16,0.00038729321841595484,0.009400566096688934,0.7587051349472774,1.5848094211677157
2006-08-17,-0.000530072029704337,0.004077156490453149,0.7583030731467203,1.5912841274114586
2006-08-18,0.003320079103238448,0.002779048838805309,0.7608248833219521,1.5957125342472982
2006-08-21,-0.0009201448124460675,-0.0009780672075958563,0.7601251362360801,1.5941525831376704
2006-08-22,-0.0017551318683995578,-0.0011160392431133204,0.7587921864789774,1.5923744387194165
2006-08-23,0.0010285028189090432,-0.004106069900885245,0.7595730078513979,1.5858494431770647
2006-08-24,0.0007901446779247122,0.0006027456033841361,0.760173417595091,1.5868055950858007
2006-08-25,0.0014985072890917393,0.003345302304545328,0.761313396922676,1.5921228284175826
2006-08-29,0.0011452682780207532,0.004226400789576701,0.7621858044807976,1.5988660172685576
2006-08-30,-0.0030950765362344843,0.0052005993561810016,0.7598304279966202,1.6072027380311664
2006-08-31,-0.005230114636934967,0.002053955078038072,0.7558668018981173,1.6105072527570448
2006-09-01,-0.0007046494301845775,0.010454205656717619,0.7553343683983763,1.6274321407753087
2006-09-04,-0.0006202986640035684,0.005929571738658268,0.754865980783907,1.637110783147713
2006-09-05,0.0026137155743044625,0.00012296579300219435,0.7568415664392065,1.63731210415094
2006-09-06,-0.0008827874036560431,-0.006176149215578519,0.7561737310594923,1.6272309835808711
2006-09-07,-0.0017703828106931667,-0.012948334794161909,0.7548361984058835,1.6062968754210396
2006-09-08,-0.0015116370427607265,0.003148742721123199,0.7536960220306914,1.6113626622597734
2006-09-11,-0.0028472293562848156,-0.008698727873541756,0.7515531286931115,1.5974066447561495
2006-09-12,-0.00902248092240102,0.008615466055690746,0.7448027532868563,1.6112285028605517
2006-09-13,-0.0009193809897592607,0.006609745062895911,0.7441183104744302,1.6219135864403014
2006-09-14,-0.0008367785708186511,0.005970168188850877,0.7434959086606386,1.6316256458059157
2006-09-15,-0.002704046866517777,0.005996113056093932,0.7414881766027022,1.6414384475775419
2006-09-18,-0.0010719100077251544,0.0014194865725762895,0.7406937938350727,1.6437701018980762
2006-09-19,-0.002812918451384208,-0.006223705390855372,0.73861321022347,1.6335715304253933
2006-09-20,-0.001834635882054112,0.005366111309269783,0.7372593662101783,1.6423610186842748
2006-09-21,-0.0004255573416115505,0.006302207455146203,0.7369456868232326,1.6527442026635806
2006-09-22,0.00017244669607834474,-0.007027578955467462,0.7370727816303393,1.641170128779098
2006-09-25,-0.0033217548740778736,-0.0028864384664721854,0.7346284684775299,1.6364398223428154
2006-09-26,0.0023030550257741914,0.009091634358680878,0.7363223080180815,1.651385572557177
2006-09-27,-0.0046057147161694305,0.0067723525785936545,0.7329388152105634,1.6626072937338146
2006-09-28,-0.0019203008898627959,0.006676786053226635,0.7315327026631807,1.6737453086186267
2006-09-29,-0.006875896216883386,0.0018622893367190585,0.7265200128370439,1.6768652108378848
2006-10-02,0.003035741804494165,0.002707258210287833,0.7287288911075,1.6814110685763384
2006-10-03,-0.0005881427241316788,-0.006003680032376835,0.7283004205256094,1.6713466565028776
2006-10-04,9.990268606884227e-05,0.004236319969070479,0.7283731833284242,1.6784420342529103
2006-10-05,0.0035691362720130402,0.01215814639412649,0.730977491276953,1.6989733365974975
2006-10-06,0.0005179511099760409,0.0047475338812006385,0.7313561999477491,1.707058447058268
2006-10-09,0.0012443238632574803,-0.002410339103287029,0.7322668103495172,1.70294881212827
2006-10-10,0.0004386118048146136,0.009040714640477177,0.7325880616639697,1.718414491442916
2006-10-11,-0.002629181303371207,0.00025372439814397296,0.730664484653601,1.7188505504425835
2006-10-12,-0.0020957800327942866,0.009730896634819075,0.7291347761421799,1.7356581513670222
2006-10-13,-0.0008199519542694616,0.005041709069580236,0.7285371656969648,1.7444309311292978
2006-10-16,0.0004570143230117618,-0.0020598351923677427,0.7288701937100243,1.740841389108371
2006-10-17,0.0006320860499633653,-0.01539022186664063,0.7293310480261507,1.71425456721431
2006-10-18,-0.0007935502341650017,0.01189602472537743,0.7287525167793684,1.7347691610622897
2006-10-19,-0.005304649479142356,-0.00019340489374641834,0.7248969753098526,1.7344336806598415
2006-10-20,-0.0022227607338654587,0.0015944728331565017,0.7232874921876388,1.7372013939800415
2006-10-23,-0.00046512516547477564,0.000453737176311364,0.7229511511995417,1.737989805687555
2006-10-24,-0.0005385615925264957,0.003891523823996934,0.7225619023028941,1.7447664115317454
2006-10-25,0.0015529494917340854,0.0022855708081763737,0.7236848761769901,1.7487587593679177
2006-10-26,-0.0005783170136245266,0.003791182176039243,0.7232664778956776,1.7554012058128867
2006-10-27,0.0010262745224801858,-0.010537908819850728,0.7240091288716113,1.7370000729768142
2006-10-30,0.0014202581542743964,-0.004519986657392394,0.7250381392979137,1.7291665728178809
2006-10-31,-0.004981386921717351,0.006150708584321762,0.72143542450113,1.739834947901024
2006-11-01,0.001083271483994846,0.003532077939317091,0.7222173583709023,1.7459910460477157
2006-11-02,-0.0050858284835707725,-0.001471052422472141,0.7185536092552762,1.7434244899219502
2006-11-03,0.0008201016469350978,-0.0008662926433711249,0.7191431379573259,1.7419148281109305
2006-11-06,-0.00019957828074059207,0.010613201273796946,0.7189996269275646,1.7605005734536232
2006-11-07,0.0009800370805623693,0.006126742375348826,0.7197046186254398,1.7713198164325943
2006-11-08,-0.00015309096034806652,0.00022719357364486825,0.7195944467875789,1.7717222946302564
2006-11-09,-0.0011995150208889216,0.0027041396196896272,0.7187317999220793,1.7765197626705493
2006-11-10,0.000875084900604694,0.005902647818791351,0.7193610265409784,1.787036942240283
2006-11-13,-0.0005079893107950539,0.005541443427736326,0.7189956916298642,1.7969671949145225
2006-11-14,0.0008747558377723318,0.0005039793513414992,0.7196249124756314,1.7978730575246489
2006-11-15,0.0028632037030371397,0.007343610027737313,0.72168829772635,1.8111245334213737
2006-11-16,-0.0029108578171375037,0.0030332016662963923,0.7195906202050333,1.8166263792597757
2006-11-17,-0.001617164877304631,-0.011048810230406048,0.7184278639656809,1.7966652953140783
2006-11-20,-0.001972705291177903,0.0013901630135997323,0.7170120145031252,1.7991646898358347
2006-11-21,0.001405244915320308,0.002448989167064042,0.7180203002690293,1.803576224366279
2006-11-22,0.0011754275457091902,-0.006016837150568222,0.7188647773219091,1.7927569813873088
2006-11-23,-0.0007631505797699662,-0.002107442821898786,0.7183163845300735,1.7889828268597598
2006-11-24,-0.0005392798215494652,-0.007057059371684105,0.717929115430999,1.7764023117679342
2006-11-27,0.0028085736674111957,-0.009163553325278073,0.7199483064357132,1.7601985100443864
2006-11-28,0.0002769283384726137,0.0003430632473566675,0.7201477081327166,1.7608024730540668
2006-11-29,-0.001793665623097453,0.01596187755630929,0.7188571616954755,1.789133694755587
2006-11-30,0.004198187420584574,0.0007310948076337809,0.7218814025119826,1.790442199372168
2006-12-01,0.00025669181403737817,0.002339423050610634,0.7220667273433793,1.7946357044027783
2006-12-04,-0.0006123915371803199,0.004941550517454374,0.7216246751585982,1.8035259350676702
2006-12-05,0.0010616296562471113,0.00761601186609262,0.7223911801146314,1.8173140485612775
2006-12-06,-0.002801831730472946,0.0024062171875343097,0.720369994417718,1.8216921660985088
2006-12-07,-0.0034524856099195592,0.0028595389344818756,0.717887215723186,1.82690882083307
2006-12-08,2.8415242640154447e-05,0.004827073418992356,0.7179076149524323,1.8357487621993505
2006-12-11,-0.0022556552183603095,0.004066975337490675,0.7162900878719929,1.8432299096504423
2006-12-12,-0.0009859164678993173,-0.005173179918127602,0.7155842336923727,1.833719171288054
2006-12-13,0.0021172350959258934,0.004435816085653244,0.7171008987477185,1.84187127954404
2006-12-14,0.0008537599458152335,0.006227968944125806,0.7177133921961599,1.8533781918245145
2006-12-15,-0.003439773737069816,0.0033341096682768523,0.7152488616626774,1.8595678707732102
2006-12-18,-0.0025622610986694985,0.00015335242209069122,0.7134185531940244,1.8598530618770497
2006-12-19,0.002498394469864303,-0.0029264701033007157,0.7152031825878261,1.8544182138338636
2006-12-20,-0.0037336337810091515,-0.0006515011951133687,0.712537854600563,1.8532104516232928
2006-12-21,0.002383057102395658,0.001655093755468684,0.7142378978412143,1.856280228352729
2006-12-22,0.00011013959212112165,0.0015439900379163873,0.7143165680442325,1.8591485202701488
2006-12-27,-0.0011454639345351305,0.006457187869306935,0.7134988126217826,1.871192233956301
2006-12-28,-0.0027676139891942416,0.0031058185398524785,0.711526853396382,1.8770128517005435
2006-12-29,-0.0010366602421132774,-0.0010908713980715135,0.7107896239905,1.874966388483847
2007-01-02,0.0012292566533520111,0.011987463310134672,0.7116639041121605,1.897577734847133
2007-01-03,-0.0016557401575084019,0.0002917366394949994,0.7104865485738693,1.8981314085582048
2007-01-04,-0.0011906080069990553,-0.006205198360543562,0.7096411409746676,1.8863895944725
2007-01-05,0.001982302023854773,-0.0053406561154520915,0.7110492592413747,1.8763418908956464
2007-01-08,5.845671675201475e-05,-0.002685526634154556,0.711090826061437,1.8713096848589141
2007-01-09,0.001423424170217266,-0.0004931298152062169,0.71210373065589,1.8703871137521815
2007-01-10,9.532723297985414e-05,-0.005801288952422823,0.7121716167697744,1.8595678707732102
2007-01-11,-0.003130364266553429,0.0033679816042617716,0.7099457458999433,1.8658414198225184
2007-01-12,0.0012003779927270105,-0.0010524077772604556,0.7107984608370838,1.8638788267064332
2007-01-15,-0.00020167534469807164,0.00845072431847882,0.7106551247666452,1.8796966949201335
2007-01-16,0.0004725563563470743,-0.007299465921017045,0.7109910287235484,1.866025868520349
2007-01-17,-3.972405549896907e-05,-0.002691414971787154,0.7109627858374288,1.8610103709802255
2007-01-18,0.0006377600763121873,0.0025476130578852008,0.7114163541364824,1.865757549721906
2007-01-19,-0.00032738364698876876,0.004019619375910111,0.7111834861765987,1.8732722779749986
2007-01-22,-0.004017677266159322,-9.855566980121466e-05,0.7083319126389831,1.8730876654683768
2007-01-23,0.0010463581453428483,-0.005783840544230756,0.7090734694047015,1.8622852947948025
2007-01-24,-0.0006521065427131749,0.008127392517053522,0.7086112286875167,1.8774824915022146
2007-01-25,-0.0013323821206494202,-0.0019406456558552776,0.707667716454917,1.873842496373887
2007-01-26,3.255283054287193e-05,-0.004710704847941116,0.7076907534171285,1.8650361358096073
2007-01-29,-0.0008294937623123083,-0.0012508867717251348,0.7071039717510339,1.8627046452978637
2007-01-30,-0.001252041843546898,0.0023655487995046798,0.7062192019906255,1.8671161798283065
2007-01-31,-0.001992988881704497,-0.0027618911262425883,0.7048131165947071,1.86196652288896
2007-02-01,-0.0008937925149149013,0.010859463613586584,0.7041834413481108,1.8822966680391118
2007-02-02,-0.0019529733736110351,0.010795663040036985,0.7028095318780128,1.9027273917864782
2007-02-05,0.0016614739996892807,0.005556124312322552,0.7039782022308222,1.9133286052656162
2007-02-06,-0.00044766830302873527,0.006370790394758075,0.7036631240341831,1.9255569314583867
2007-02-07,0.0012291350350332982,0.001966774546012573,0.7045285527882399,1.9293477944825437
2007-02-08,0.0009461075373902993,-0.00523884307436262,0.705195427980418,1.9192666739124749
2007-02-09,0.002030162340064796,0.0070455741227934965,0.7066285434169615,1.9328367579062504
2007-02-12,0.0012107491493799976,-0.005918825262286376,0.7074846114620831,1.9214304242229954
2007-02-13,0.0005710409841105241,0.0018229342066522491,0.7078887295438675,1.9249362599521003
2007-02-14,-0.0008569911445403314,0.005700116174400804,0.707282335045799,1.9359399516289029
2007-02-15,0.0007744077793454518,0.0028811189325335107,0.7078302721242367,1.9415256675679138
2007-02-16,0.0006436165323379843,-0.0015735785314365813,0.7082859900275219,1.938472926952663
2007-02-19,0.001310977407441837,0.006872871184635088,0.7092151458765432,1.951841689943212
2007-02-20,0.00077635465738159,-0.004237117715780059,0.7097659621448518,1.9435890030900078
2007-02-21,0.0018465528336235005,-0.0037959906959379452,0.7110777933034793,1.93622514273274
2007-02-22,0.0008444221272369936,0.003580206521082374,0.7116784967142633,1.943169652586946
2007-02-23,-0.000987917797785029,0.0013456989584614831,0.7109757640392713,1.9457863342025283
2007-02-26,0.0004945437629335709,0.0010684282190513983,0.7113274596262354,1.947866378221227
2007-02-27,-0.0013303210305378678,-0.03786652601317364,0.7103817949053947,1.8754864813929188
2007-02-28,-0.0020149063776066277,-0.008803585147401094,0.7089518831492312,1.8590479416729329
2007-03-01,-0.0013859822521472389,-0.008972815334646,0.7079699690365104,1.8424416617517205
2007-03-02,-0.0004989930734430382,0.005646789289585286,0.707616785051265,1.8528749712208417
2007-03-05,-0.0019362610534222665,-0.017184427508002642,0.7062479798393829,1.8213063963974514
2007-03-06,-0.0004353566978110234,0.0141834315650744,0.7059405769708486,1.847322836083831
2007-03-07,0.0005466317663117008,0.01545249803322335,0.7063265720043111,1.8760902805938087
2007-03-08,-0.0008326105480849398,0.015903955996970254,0.7057387218091644,1.90616606591158
2007-03-09,-0.0015272652833695332,0.004109866496255776,0.7046616942229872,1.9140162745671192
2007-03-12,0.0004140321770986651,0.0006483438328128699,0.704953507244186,1.9152576175796985
2007-03-13,-0.0026910036891762013,-0.013854474384016768,0.7030590249281861,1.8889056974908682
2007-03-14,0.0033086345665557727,-0.028536120585449964,0.7053890427836306,1.8357654706959596
2007-03-15,6.47863234861542e-05,0.024852873249118446,0.7054347438267252,1.8819611876366613
2007-03-16,0.002883391714212602,0.004420022126243595,0.7074717238163263,1.890297908399272
2007-03-19,-0.003134093608226216,0.014929002257662916,0.705257912167287,1.9187298725068003
2007-03-20,-0.0011973037788828578,0.0017992501469343836,0.7044140095086969,1.9221852551285044
2007-03-21,0.0004964587615766316,0.013297733278191615,0.7047638088387813,1.9479166675198356
2007-03-22,8.866231591991706e-05,0.008181532967189042,0.7048262976004077,1.9639189844313676
2007-03-23,-0.003555769550619571,-0.0005211092318972987,0.7023245481710509,1.9628958347274137
2007-03-26,0.0013231799284159243,-0.003973049665830786,0.7032544650043938,1.955112623867086
2007-03-27,-0.0015636776466357877,-0.0011846649538984622,0.7021556610290661,1.9527978418519505
2007-03-28,0.001087193520440771,-0.00508943029498532,0.7029194552349004,1.9428844614831053
2007-03-29,-0.0009033910311881299,0.007140306536733476,0.7022847308487198,1.9568068981847286
2007-03-30,-0.0017671361295983038,0.002020947754843405,0.7010447940188269,1.9607655014101073
2007-04-02,-0.0007097087158430845,0.006021595506753741,0.7005474329299414,1.9726080579018215
2007-04-03,-0.0015050711194169552,0.01062369751351433,0.6994938522766477,1.9936761616520842
2007-04-04,-7.105624362636551e-06,0.0003112716721531683,0.6994888819537481,1.9942968331583708
2007-04-05,-0.0036311294215756102,0.0022432340844442678,0.6969535531336701,1.9987755292928189
2007-04-10,0.0010746040218232934,0.006290999854529744,0.6977029047809276,2.0113894613778593
2007-04-11,0.0005224391640819919,-0.0029899970128770548,0.6980675073363131,2.005384394935784
2007-04-12,-0.004505806135732272,-0.00508173918538013,0.6949292260317035,1.9952194042651066
2007-04-13,-0.0037369846538159997,0.0025608853243213048,0.6923371325019656,2.000335480402447
2007-04-16,-0.0023507798902770395,0.007576980758773999,0.6907115117804593,2.015549549415255
2007-04-17,0.0028894709165568793,-0.00745963832964236,0.6927101887744165,2.0005702183988894
2007-04-18,-0.0007529390332129545,-0.004369534682490794,0.6921888165399682,1.9918477279352205
2007-04-19,-0.0009215988670594355,-0.006386850129224797,0.6915511899739445,1.979166634246176
2007-04-20,0.0012324362363184825,0.008574004072739783,0.6924040081337938,1.996208973167056
2007-04-23,-0.00016313674465629992,0.0019895322719456487,0.6922910608110997,2.0001844486978286
2007-04-24,0.000610015213758601,-0.009047575169626398,0.6927134977239157,1.982169249371607
2007-04-25,-3.843954833963111e-05,0.00736055213905118,0.6926868706417041,1.9968129361767357
2007-04-26,0.0001961986191945642,0.0030782192894864835,0.6928227881822391,2.0029690343234283
2007-04-27,-0.003655370409756945,-0.0031370402009525122,0.6902948872849426,1.9966954852741212
2007-04-30,0.0003543702530076449,0.002173499691336289,0.6905395506069409,2.001040022009348
2007-05-01,0.0038540657059188913,-0.0015100166798411863,0.6932060705784369,1.9980206983873088
2007-05-02,0.0005479186226019124,0.009017717356558208,0.6935859951681815,2.0161197678141454
2007-05-03,-0.001095394351614618,0.0022272487819599007,0.6928266609478497,2.0206151724451997
2007-05-04,-0.003015476641484677,0.013579866376286276,0.6907406051421668,2.048242016348608
2007-05-08,0.0016974337060335991,-0.008462625661678658,0.6919140871996992,2.0309816479278946
2007-05-09,0.0015966563225261613,-0.0042044987450591265,0.6930197186234899,2.0224603146586673
2007-05-10,-0.0017080336267819136,0.0004395432190005266,0.6918370279652949,2.0233494687721887
2007-05-11,0.002644311779637626,-0.002373868007124358,0.6936688816967146,2.018552000731897
2007-05-14,-0.004064260491147528,0.00031571116026185564,0.6908553519985651,2.019189380734793
2007-05-15,-0.003087293849818204,0.004525580781310268,0.6887257675372213,2.0283480940069167
2007-05-16,-0.0001947641989936268,0.0008596404836449523,0.688591641476682,2.030092493814373
2007-05-17,0.0011606684063376835,0.003381976590155489,0.6893913320378213,2.0369698420645723
2007-05-18,0.0004826383182156323,0.004863167730169593,0.6897241390171486,2.046900094738812
2007-05-21,-0.00012602591696548237,-0.00010652259635612893,0.6896372213771285,2.0466820652389788
2007-05-22,0.0018922573402535728,-0.002067471592251735,0.6909434279210974,2.042454979406366
2007-05-23,-0.00218325986740894,0.00359891279558866,0.689436564400147,2.0498188397636334
2007-05-24,0.0004899210153416976,-0.007367393982537607,0.6897744166154841,2.0347725109520503
2007-05-25,0.003403332857681837,-0.006027808098632903,0.6921259478038683,2.022544184759277
2007-05-29,-0.0011711350243211217,0.004063900374536189,0.6913158493250959,2.030780326924668
2007-05-30,0.0024008928753155405,-0.0069209016153699565,0.6929776186892038,2.016774020122435
2007-05-31,-0.004010513218317321,0.00728422232545789,0.6902039883476646,2.031518285524782
2007-06-01,-0.0051339693099419475,0.007043084152138945,0.6866695827819524,2.045876945034862
2007-06-04,0.0019479068302448396,-0.005038606030630888,0.6880084547279343,2.035594503461566
2007-06-05,0.00018799579274443037,-0.005718661759997801,0.6881378095814988,2.023986848775081
2007-06-06,0.0006209191575594392,-0.02380124579952181,0.6885652202105008,1.9763822124293684
2007-06-07,-0.0016162185638892508,-0.013337169390895909,0.6874532471569484,1.950197868732973
2007-06-08,0.004829980703620436,-0.0036794854407471433,0.6907816647009742,1.9430353293789322
2007-06-11,-0.001873486154562388,0.004470498678712076,0.6894887063642875,1.9517411113459926
2007-06-12,-0.001048673241420716,-0.004651772182054259,0.6887660369959036,1.9426831404798803
2007-06-13,0.0042785912947353785,0.001397821996771853,0.6917192987606585,1.945400564501471
2007-06-14,0.000867099634640472,0.018072085818198858,0.6923193484257141,1.980877617060422
2007-06-15,-0.003116713485456905,0.01599437809611537,0.6901649464470536,2.0128152530882657
2007-06-18,-0.0005068370896517701,-0.004351231875753925,0.6898152338853516,2.0040760541279927
2007-06-19,0.003369465818701181,-0.010965937659303648,0.6921434629785649,1.9822195386702195
2007-06-20,-0.0011892294278233765,-0.0016684691924666595,0.6913208348478571,1.97891502394434
2007-06-21,0.002090702422282934,-0.015409527674744794,0.6927676929396844,1.9486546261199504
2007-06-22,-0.002403029706343854,-0.002413149462670461,0.6911049502041815,1.9439579004856686
2007-06-25,-0.0025574875086401233,-0.0010100118485372178,0.6893397161710314,1.9419954711783736
2007-06-26,-0.0028692202478981304,-0.003487059818445104,0.6873646834565825,1.9352354100220002
2007-06-27,0.001280094050095696,-0.01266528498308972,0.688245138310402,1.9108796638512566
2007-06-28,0.0006805811429280177,0.011112614536392229,0.6887137044037854,1.9322329587053588
2007-06-29,-0.0036012968833116312,0.0007289007155506511,0.6862379026110542,1.9336418781103715
2007-07-02,0.005262507946967065,0.0005810618961348268,0.6898587540504775,1.9347657702203302
2007-07-03,0.0002837950429304707,0.018323743177591112,0.6900545603283106,1.9705447223797283
2007-07-04,0.003024543472787798,0.007344729915489623,0.6921448197914765,1.9850711220910326
2007-07-05,-0.0003480121148035013,-0.0026568861612208394,0.6919039869178001,1.9798040142490725
2007-07-06,0.001403735427061245,0.005449927183326153,0.6928759190645578,1.9906232572280425
2007-07-09,0.003710340223862762,-0.00064906884363225,0.6954514996425646,1.989331624916857
2007-07-10,-0.00022912115759778627,-0.010808991771201093,0.6952921752429058,1.9679447492607507
2007-07-11,0.0018536762910273156,-0.005581456892802095,0.6965822171541486,1.9569913468825584
2007-07-12,0.00046298475722362354,0.012114768032597922,0.6969047987722679,1.98084403625842
2007-07-13,-0.0005426034717537554,0.009599000781374656,0.6965267583812617,1.9999497107013886
2007-07-16,-0.0016729950580016103,-0.0004698438766990165,0.6953624467720751,1.999010267289259
2007-07-17,-0.0031141836598437005,-0.009806835880208808,0.6932003287663273,1.9795021146486247
2007-07-18,0.0065808223501795955,-0.006375675101587319,0.6977772002544953,1.9669215995568
2007-07-19,-0.0014356719519752032,0.01306456670777223,0.6967761398684664,1.9927871713473533
2007-07-20,0.0021267240566449153,-0.005130882932091296,0.6982595673085095,1.982588599874669
2007-07-23,-0.0056878672224580104,-0.0031523477386894427,0.6942992332071104,1.9763486316273664
2007-07-24,-0.0018252315688973412,-0.01696509893565512,0.6930331321437129,1.9431024909829397
2007-07-25,0.003751930200723283,-0.014617680925164578,0.6956382280954035,1.9149054286806415
2007-07-26,-0.004551189275028673,-0.034080083321606836,0.6924794404250935,1.850744801712325
2007-07-27,0.005037223160257582,-0.0044418832094912375,0.6959764140243715,1.8425422403489398
2007-07-30,0.0014747361644532192,0.007907132586103316,0.6970035528049368,1.8571692186574602
2007-07-31,-0.006504356580437823,0.023723494668054457,0.6924847051892066,1.9017545313811373
2007-08-01,0.0027971899642621322,-0.013193565092960213,0.6944244280789241,1.8768284030027134
2007-08-02,0.002338833618078083,0.003933624311136086,0.6960504720584673,1.8842256803531896
2007-08-03,-0.0012514763755247752,-0.004210775372850861,0.6951799261839314,1.8763083100936448
2007-08-06,0.004482696041189266,-0.01685894110576669,0.6983032016040613,1.8449408924646877
2007-08-07,0.004188315583815336,0.02126556619514197,0.7012340491584043,1.8845947415576412
2007-08-08,-0.0011790894721324322,0.019374591529503604,0.7004077187280303,1.9214640050249991
2007-08-09,-0.0015492943693263543,-0.021432798466944902,0.6993234211581199,1.8807198446240854
2007-08-10,0.00014984788611738882,-0.02919449522998896,0.6994282211463251,1.8266069212326232
2007-08-13,0.0010305357873160404,0.02524460459415323,0.7001493784842749,1.873305858777
2007-08-14,-0.0009293990425410553,-0.015275670347326908,0.6994989626170363,1.8449073116626848
2007-08-15,-0.0023494035136745342,-0.009978081575038544,0.6978574862966072,1.8265902127360192
2007-08-16,-0.004335653657435775,-0.039982918500721,0.6948383675897291,1.7549985638064316
2007-08-17,-3.946412213112391e-05,0.021146251335030897,0.6948109469445986,1.7925053710854715
2007-08-20,0.002742863697465233,0.001645592645779459,0.6967193346948669,1.7954575331035045
2007-08-21,0.001279413315118415,-0.006044126442457554,0.697611297161233,1.7846382901245315
2007-08-22,0.0052645791184538085,0.025189303089680593,0.7012936114416485,1.83016304626034
2007-08-23,-0.002190923349241344,0.0032027259102171968,0.6997588128206726,1.8360339533031926
2007-08-24,-0.005344174907965982,0.0021719914791358264,0.6960291541822708,1.8400261373305737
2007-08-28,0.001352917748268006,-0.016146817279370396,0.6969714616668039,1.8105541512136953
2007-08-29,0.004452165675001508,0.009047552465252906,0.7000814119547935,1.8270095632390793
2007-08-30,0.0007660901161046604,0.01888063267582396,0.7006179428942448,1.8618323634897402
2007-08-31,-0.0026300957725002815,0.018716508773980678,0.6987776717100566,1.8970075164482463
2007-09-03,0.001047804398622369,0.004341021661165456,0.6995102377540717,1.905260367110242
2007-09-04,0.0022701234488756742,0.013328115435307097,0.701100016161408,1.9308238754915585
2007-09-05,0.0006225747169368308,-0.018421020143597033,0.7015366392066456,1.895581724737839
2007-09-06,0.003923807812908309,0.0026599763270134247,0.7042947417460463,1.900630639271174
2007-09-07,-1.8834904758639336e-05,-0.019886085211307858,0.7042814765465883,1.8632078659015356
2007-09-10,-0.00044367256068954903,-0.012036861337133331,0.7039690754874561,1.8409151276353042
2007-09-11,-0.00040457401060682346,0.021409654807001743,0.7036843255003492,1.8807534254260903
2007-09-12,0.0002652441772496778,0.0006598066060501395,0.7038709984261688,1.8819947684386635
2007-09-13,-0.0009041790030736643,-0.004224692976581679,0.7032348606830536,1.874060689682512
2007-09-14,-0.0003811623881740773,-0.01974179983905522,0.7029668650822746,1.837426164211594
2007-09-17,0.0015798004358044413,-0.019236254870588,0.7040782901258167,1.8024187514543148
2007-09-18,-0.0036862281889504696,0.0053369102168154825,0.7014876746189807,1.812063813024716
2007-09-19,-0.00036413010517783763,0.030404683638248997,0.7012322883379791,1.868005170133039
2007-09-20,-0.0014150405125021043,-0.011061011111120678,0.7002407179628872,1.8474569954830553
2007-09-21,-0.0005393104433017026,0.0073185201813821266,0.6998631726470815,1.861027243285619
2007-09-24,-0.0002435124540400449,-0.0048700501146417,0.6996927679970874,1.851985980916111
2007-09-25,0.0008491070755298853,-0.017137498927297656,0.7002871343817314,1.8205179846899375
2007-09-26,-0.0013646389182518945,0.003320652413174585,0.6993321470588378,1.8265733404306213
2007-09-27,0.0010330859826188639,0.013699112180757922,0.7000549906126418,1.851767951416277
2007-09-28,-0.004716934912129145,-0.0001902087108405226,0.696760652484381,1.8514157625172225
2007-10-01,-0.006412026090099559,0.003987509960172275,0.6923072977733484,1.8588130398677012
2007-10-02,-0.00015201272582813716,0.013436410615334182,0.6922020662523709,1.8839573615547485
2007-10-03,0.003038431273652723,0.01140257413160306,0.6943084731238758,1.9055622667106853
2007-10-04,0.0008060089194469967,0.000906246204818828,0.6948683175355473,1.9072899580215412
2007-10-05,0.0007942283855196757,0.0017486474923540385,0.6954204208965907,1.9106280535494211
2007-10-08,0.00039893793593927165,-0.00543158359367979,0.6956979058298663,1.9002784503721206
2007-10-09,0.0031060912824786404,0.008709620181321043,0.6978621664859518,1.9169014387899368
2007-10-10,-0.0013265914413572806,0.007349655954213219,0.6969370023017676,1.9310419049913912
2007-10-11,0.0036556902013873817,0.009578701398492484,0.6994894507097926,1.949627650334084
2007-10-12,-0.002716316965989762,-0.004017435792796675,0.6975919938610933,1.9418108586717555
2007-10-15,0.0031904672286407762,-0.011852609008705883,0.6998211924580717,1.9189311935100275
2007-10-16,0.0015081824299888254,-0.006463222556845949,0.700877446796574,1.9065687079180325
2007-10-17,-0.0032359966985938834,0.015001879590997191,0.6986130754177542,1.935386441726619
2007-10-18,0.002300296359549663,-0.011015588151952471,0.7002219422577141,1.9141840147683458
2007-10-19,0.002645132999673566,-0.009889588071256838,0.7020765742170114,1.895346822932607
2007-10-22,-0.0007789775422211895,-0.010802110002023468,0.7015298852896198,1.8749832607892434
2007-10-23,0.004339833098977166,0.016080500804205755,0.7045810238329424,1.9053776542040666
2007-10-24,7.328097987917086e-05,-0.007120891909616844,0.7046326581126554,1.8918578595088977
2007-10-25,-0.002248411631699084,0.017751685445887233,0.7030501335980281,1.9257413801562189
2007-10-26,-0.0024930534603209136,0.0025314918516858853,0.7012995750543892,1.9306225544883326
2007-10-29,-0.00399844203809193,0.0037463791225160747,0.6985010679149267,1.9378689639429802
2007-10-30,-0.001344940094862396,-0.006399858347723608,0.6975622572859269,1.92550647835099
2007-10-31,-0.0034954983124655266,0.01615067175502638,0.6951281862167943,1.9568571874833363
2007-11-01,0.00312090195844085,-0.012047264490281151,0.6973010019433468,1.933423848610535
2007-11-02,0.001309720026945192,-0.007279374681674611,0.6982148693549917,1.919400833311698
2007-11-05,0.001641812390699791,-0.011275703910749613,0.699362148729904,1.8978797982563687
2007-11-06,0.0012946803835891978,0.001810210901957987,0.7002681855723947,1.9013184723814673
2007-11-07,0.003054577501182959,-0.017838099907123706,0.7024104792521636,1.867703270532592
2007-11-08,0.0004128353010375578,-0.009248255752574153,0.7027005189590131,1.8505098999070944
2007-11-09,0.0036083260986015165,-0.015796738319673764,0.7052406716746742,1.8215075535918868
2007-11-12,0.004106988746642621,0.0032362965774002106,0.7081430431006994,1.827412041436743
2007-11-13,0.0015478842659945374,0.0023746043040624443,0.7092400153492064,1.8317565781719716
2007-11-14,-7.172821682815674e-05,0.013705776459975283,0.7091891446520563,1.8570350592582403
2007-11-15,-0.00012058291180234125,-0.015410547891187676,0.709103633715658,1.8286365121439225
2007-11-16,0.0008316337509062474,-0.012497916512423046,0.7096935935115831,1.8059245871834204
2007-11-19,-0.008148083876421653,-0.034173210238456875,0.7039344454588482,1.745252923638811
2007-11-20,-0.001007330282426058,0.009127365640640761,0.7032257080013767,1.761255404359133
2007-11-21,0.0007031589063660357,-0.02771410515739703,0.7037203613107025,1.7131139666077404
2007-11-22,-0.003995292870819351,0.00993782437276991,0.7009144014163669,1.730223467132627
2007-11-23,-0.006511332103805174,0.02075280858625561,0.6963653412654727,1.7665056398956964
2007-11-26,-0.002355505188351409,-0.007462809069734178,0.694726979433556,1.7533716149015866
2007-11-27,-0.0014281728596803208,-0.015561177426313577,0.6937354973890401,1.72629828090046
2007-11-28,-0.003724850554618896,0.02873348082545668,0.6911562429875827,1.776620341267768
2007-11-29,-0.002986988374930425,0.006887447804006186,0.6890948475393027,1.7888989567591487
2007-11-30,0.005924432092951931,0.007854861818822556,0.6931894603204783,1.8030058421586002
2007-12-03,-0.0010901724578429466,-0.017720823987088963,0.6924341760326372,1.7713365249291981
2007-12-04,-0.003912704731535558,-0.027953330116305963,0.6897301789765168,1.722507417876305
2007-12-05,-0.003957684702155244,0.023349947761234446,0.6870058389939077,1.7632011251698176
2007-12-06,-0.003062710733532162,-0.0014947373895388694,0.6849049576749277,1.7605675712488384
2007-12-07,0.0017001239006214205,0.012977846145078686,0.6860703713562404,1.7835648511219722
2007-12-10,0.002429642813333043,-0.0002446090829781866,0.6877393039374743,1.7831286283135128
2007-12-11,0.000928924538050812,0.0016543307037313326,0.6883784586699805,1.786080954140336
2007-12-12,0.005114351949913545,-0.0004603272404288816,0.691908086568436,1.785258961630821
2007-12-13,-0.004715544963683492,-0.029395215023971133,0.6886530435580149,1.7335446903551104
2007-12-14,0.0013404489404879871,0.007605422624132885,0.6895767667642001,1.7467792939464364
2007-12-17,0.0014529176059159313,-0.02658512302066285,0.6905793931796719,1.7009528020189753
2007-12-18,-0.0009682213671291162,0.004604565814561923,0.6899110830437821,1.7088030106745187
2007-12-19,-9.756205266828709e-05,0.004378279692625497,0.6898437771856639,1.7163010304310036
2007-12-20,-0.0004878237933395607,0.016026228768497575,0.6895073370458901,1.7440284529316312
2007-12-21,-0.0023724574960536757,0.012843666416902266,0.6878734491267212,1.7665726376909126
2007-12-24,-0.003056037406808881,0.005218290438339324,0.6857744910158681,1.7758152210636464
2007-12-27,0.0011504197956369706,0.0020381804059823594,0.6865638735392561,1.7794383438865782
2007-12-28,0.0012907466554296556,0.003951347258778881,0.6874506257258625,1.7864834323380008
2007-12-31,-0.003291042499210101,0.0007039576918845825,0.6851919152951672,1.7877414838471848
2008-01-02,-0.005702760030863471,-0.0006663640929875925,0.681295550802618,1.7865505939420074
2008-01-03,-0.0017489832734555173,-0.010362670512868988,0.6801050176947117,1.7681327526093313
2008-01-04,-0.0015556841361470059,-0.026493708979137054,0.6790478116603149,1.721903454866622
2008-01-07,-0.00017019893756348636,-0.01691727317859737,0.6789322482788769,1.6930185594540323
2008-01-08,-0.00487194444387409,0.006763888262895534,0.6756325725292879,1.7045087632378986
2008-01-09,0.006490158444561257,-0.019637274225349444,0.6800317953598592,1.6713633649994826
2008-01-10,-0.0023062221852667604,-0.016535028965009246,0.6784652979865169,1.6439545505959061
2008-01-11,-0.0024107689667711533,0.0029749997677832596,0.6768316448724211,1.6488525972334163
2008-01-14,-0.00353586980346356,0.020321503545185138,0.6744426823165447,1.682702537078732
2008-01-15,-0.002197545152913786,-0.026853605531366398,0.6729621913877335,1.6381172243550575
2008-01-16,0.00046805698003299443,-0.014325162350200316,0.6732772497655954,1.6148182086902683
2008-01-17,-0.00525001301966611,0.0037014188556572236,0.6697517978702153,1.6208064028269473
2008-01-18,0.002879508107142682,0.0018094687382479435,0.6716831329149328,1.6237418563483716
2008-01-21,0.005227655433485105,-0.04430339226621527,0.675203654914766,1.5533748419347546
2008-01-22,-0.0029693549443905063,0.0373267241955908,0.6732017093180431,1.6124529735677302
2008-01-23,-0.0013567355491420428,-0.012467082091454529,0.6722889719389015,1.5924751811254263
2008-01-24,-0.0007024071978843484,0.03748238352545741,0.6718169171327085,1.6532977125658614
2008-01-25,-0.0023271285206497663,-0.012023723135792252,0.6702553305352826,1.6335379496233908
2008-01-28,0.0013314697515902708,-0.010114127190503197,0.6711483496157495,1.617099409903405
2008-01-29,0.00048816080168047137,0.027107127917986418,0.6714760579128093,1.6615338547312524
2008-01-30,-0.00395657426910043,0.00031287220983067243,0.6688245618991872,1.6620537838315328
2008-01-31,-0.0031740812627808956,-0.002698312989304341,0.6667050239614939,1.6575750876970836
2008-02-01,0.0005924747036603162,0.03037843112340255,0.6671001468615977,1.7087022682685076
2008-02-04,0.003202802897907166,0.007384366337387149,0.6692401623397011,1.7213666534609477
2008-02-05,-0.002272276423032957,-0.03035240604322631,0.6677211901134265,1.669903992487073
2008-02-06,-0.0019252844033896116,-0.005115853732791109,0.666436873654229,1.661382823026635
2008-02-07,0.00019099765182354397,-0.014266543588309588,0.6665641736888025,1.6378489055566154
2008-02-08,0.003352238239851729,0.004424743369281003,0.6688024050475222,1.6451120235078716
2008-02-11,0.0021360649813769155,-0.007378632142698294,0.670232537328366,1.6330180205231113
2008-02-12,0.0006775069341399874,0.03082828687807826,0.6706867783782474,1.6841452010945384
2008-02-13,0.003990353435837918,-0.004402075990425303,0.6733684024243101,1.676747759935268
2008-02-14,-0.001108481225233002,0.009270586312029039,0.6726223997339321,1.692364470954531
2008-02-15,0.00017645937132681902,-0.019142911265575435,0.6727411007323733,1.6602758032220708
2008-02-18,0.0026895523053635886,0.018627356432695308,0.6745529084944611,1.6914921891464074
2008-02-19,-0.0004310745158768881,0.012280454714593603,0.6742621885914712,1.7123925526954435
2008-02-20,-0.0013656363758967017,-0.00828207348029153,0.6733420200706476,1.698268958799385
2008-02-21,0.0002235949668381831,0.005643619909227127,0.6734925927903198,1.7078804395677831
2008-02-22,0.0034561332956853184,-0.012919878426600917,0.6758242999891106,1.6859567625060017
2008-02-25,-0.003266393771635804,0.022070805985800135,0.6736203930783263,1.7235808568788669
2008-02-26,0.000341626762612341,0.010513629304984562,0.673850559145649,1.741797541017107
2008-02-27,0.0033051074211237225,0.0035759921548752516,0.6760813921700497,1.7480373454556206
2008-02-28,0.002169622500047354,-0.018429800304408772,0.6775498259678439,1.7161164179243842
2008-02-29,-0.0011131596158331074,-0.016050575620335295,0.6767960244923799,1.6887916374302088
2008-03-03,0.0032793605085638163,-0.005378016716921508,0.6790191258305136,1.6797336665640936
2008-03-04,0.0021047217009986284,-0.0069545323254320834,0.6804497771533539,1.6680924310756093
2008-03-05,-0.001529814685361717,0.01987258266167302,0.6794096109252602,1.7015733097164736
2008-03-06,-0.0018749095094369463,-0.015227567197769076,0.6781369727984038,1.6758587696305387
2008-03-07,-0.0012076288534542282,-0.013817610995053187,0.6773185293109095,1.6528616535661949
2008-03-10,0.0007792599249321832,-0.018746323117005304,0.6778465422001383,1.6221651967421384
2008-03-11,0.004175623323657976,0.010502280743795112,0.680682891673944,1.639291405763629
2008-03-12,-0.0007682427363770578,0.021921573283869122,0.6801601628036776,1.675624031634099
2008-03-13,-0.0011791831641012392,-0.01898913471233321,0.6793586020771432,1.6441055823005242
2008-03-14,-0.003570362618220728,-0.009780921598283143,0.6769373704294541,1.6281031015802048
2008-03-17,0.008566985726894346,-0.034100105670024305,0.6827615956254651,1.5735205383870756
2008-03-18,0.0019003795701994066,0.02326492834799687,0.6840603354715835,1.6105575420556542
2008-03-19,0.0009609988755049678,-0.005252514769988892,0.6847180326572608,1.602120242695826
2008-03-20,0.005714025783340085,-0.010821365153647733,0.6886417285241105,1.584876582771722
2008-03-25,0.001746566909372482,0.0359857171747624,0.6898455383407412,1.6429481093885605
2008-03-26,0.0012697504746659082,-0.003938483154566796,0.6907220263832886,1.6364901116414234
2008-03-27,-0.0007607507705885512,0.022890780682827128,0.6901967588936117,1.6743826886215205
2008-03-28,-0.0012557501671197871,-0.0020759054869525784,0.6893305881591304,1.67091043369442
2008-03-31,0.0011393639457537184,0.005196676504981568,0.6901164341752808,1.6796162156614791
2008-04-01,-0.002743209075726425,0.031748073528763854,0.6882258947677301,1.733796300656948
2008-04-02,0.0006693313158751915,0.003457552082208437,0.6886867001100139,1.7398013670990207
2008-04-03,0.001203141889853843,-0.018959924311719334,0.6895157865822219,1.7071256086622724
2008-04-04,-0.0023710381916279928,-0.0011896970825233666,0.6878828549551353,1.7050958539421863
2008-04-07,-0.0012523734692260063,0.007780729922941987,0.6870219079437804,1.718414491442916
2008-04-08,0.0016306612922687075,-0.013344517678193668,0.6881431218876466,1.6956354048784055
2008-04-09,0.004419936236370198,-0.003657038403435564,0.6911914022477406,1.6894457259297098
2008-04-10,-0.005890752387567112,-0.005855171397822545,0.6871317338349088,1.6795826348594765
2008-04-11,0.00850354567945866,-0.008182754365627432,0.6929997038373522,1.6658950999630846
2008-04-14,-0.00255331253196727,-0.008686996356949805,0.6912325160603277,1.651486151154398
2008-04-15,-0.0017188817225491644,0.005944431316493137,0.6900453896796448,1.6613325337280234
2008-04-16,3.2446814863598846e-05,0.018704846962402044,0.6900677798178936,1.692699951356978
2008-04-17,6.078551979084133e-05,-0.0001783697848427579,0.6901097272214651,1.692398051756535
2008-04-18,0.001423291820640372,0.014923591077028675,0.6910926540815128,1.7178441092352366
2008-04-21,0.0006159939664856276,-0.010138004741328643,0.6915184941306947,1.7005165792105181
2008-04-22,-0.0019383530469657695,-0.00675004763018805,0.6901793854025813,1.6890766647252582
2008-04-23,0.0036981640056860665,0.0017959340762896403,0.6927365073770108,1.6921128606526947
2008-04-24,0.002521952398861469,-0.011295029525305367,0.6944857607132532,1.673107928615733
2008-04-25,-0.0004554973415286604,0.0044614405234888466,0.6941694963297799,1.6805890760668227
2008-04-28,0.0006250552570544522,0.009783307490756954,0.6946035262549598,1.6971114858874206
2008-04-29,0.0012180111452128807,-0.01094173940522225,0.6954500765406256,1.6786433552561377
2008-04-30,-0.0008484413657165136,0.011416033106128154,0.6948602781679469,1.6979166060915398
2008-05-01,0.003881656428570176,-0.0048823145082455,0.6975627286325563,1.6896470469329365
2008-05-02,0.0011748922220196879,0.021391696267935245,0.6983827712933391,1.7261808299978436
2008-05-06,0.0015853534408072087,0.0037051997960180216,0.6994908329253915,1.7325885384463733
2008-05-07,-0.003657175565666173,0.011512487734110621,0.6969373442670346,1.7526502009892906
2008-05-08,0.0004181681190257025,0.009638923124420273,0.6972288421886866,1.7696255421149538
2008-05-09,-0.0043283827520200395,-0.010720974279221807,0.694217490736235,1.7507547694772116
2008-05-12,0.0031686218657983496,0.008946837431432542,0.6964206921697449,1.7664887675902983
2008-05-13,-0.0002147743962464491,-0.015213275724352826,0.696271134897162,1.739818075595627
2008-05-14,-0.00015348285317574818,-0.009376533282482669,0.6961642774173992,1.7235808568788669
2008-05-15,0.0026041618259941947,0.006170580196151576,0.6979795644780157,1.7342492319620102
2008-05-16,-0.000959541624020471,0.01109984012133225,0.6973101452523511,1.7536063528980255
2008-05-19,-0.0008886418196138492,0.009804186921646973,0.6966907615419324,1.770883593624137
2008-05-20,0.0017838460674951336,-0.029510590873062625,0.6979346597487801,1.7193873518482572
2008-05-21,-0.003578100603268483,-0.008277828197195802,0.695441841758057,1.7052133048448002
2008-05-22,0.0007882653172121533,0.0020734932755797075,0.6959902505594753,1.708752721375907
2008-05-23,0.00042701656035030577,-0.010787519178608207,0.6962875133858644,1.6904185863350543
2008-05-27,-3.522814718055116e-05,-0.0043158227357320555,0.6962629848989119,1.6831387598871916
2008-05-28,0.0033091874733192183,0.0022994420081268174,0.6985708661464524,1.6870134930119587
2008-05-29,0.0011086750997337973,0.004058489917424524,0.6993457837577035,1.6938741327655484
2008-05-30,-0.006962491189079314,-0.0048542485815037395,0.6944935064707809,1.685671571402162
2008-06-02,-0.00241702241572693,-0.012113715562620087,0.692816927079264,1.6653750070540145
2008-06-03,-8.066389624915922e-05,0.005885027967741152,0.6927610440204414,1.6752046811310368
2008-06-04,-0.0009174632989993067,-0.0010018133266243012,0.6921257526603921,1.6735272791187923
2008-06-05,0.0005672265570913174,0.0033321326778015248,0.6925184561335382,1.6791129950578079
2008-06-06,-0.0023615345388222596,-0.017728337588414078,0.6908849793956117,1.6496074281389266
2008-06-09,-0.00035611590325552154,-0.009501696146429595,0.6906389880704397,1.634007589425062
2008-06-10,-0.0030984790118703293,-0.011854846736763847,0.6885023695044121,1.6147510470862625
2008-06-11,-0.0005592627297315517,-0.02135563214139502,0.6881174234428425,1.5806326246337141
2008-06-12,-0.001029878987917784,0.013816788785746326,0.687409110568098,1.6026234632994993
2008-06-13,0.007857800620603764,0.010215339854452665,0.6928319120475859,1.619078711516093
2008-06-16,0.0025370612791630917,-0.001742014030218897,0.6945919007201266,1.6162607088972816
2008-06-17,-0.0017463923253138926,0.009132618082984933,0.6933799293522626,1.6310890082090315
2008-06-18,0.0036669372882648693,-0.019638569744559575,0.695927177515493,1.599369237872231
2008-06-19,0.004955153704061243,-0.009293395938618332,0.6993841615170234,1.5845745193624852
2008-06-20,-0.006012363112407678,-0.009092083832255682,0.6951918255349072,1.5702327321578016
2008-06-23,0.0034942628552169486,-0.004335800825495895,0.6976252575576974,1.5634392540082174
2008-06-24,0.00038399329989420973,-0.013860806555701544,0.6978931924217405,1.5419182189528895
2008-06-25,-0.0006215210612323134,0.013925240885432899,0.6974595718702711,1.563539996414225
2008-06-26,-0.0014803503940213055,-0.023215128437014343,0.696427851160731,1.5276603018488195
2008-06-27,-0.0027015730221894092,-0.0002745427566637204,0.6945489396172713,1.5272409513457597
2008-06-30,-0.0011538230930460513,0.00449301062433527,0.6937480151629122,1.534118299595956
2008-07-01,-0.00768240079612884,-0.02490912938332457,0.688438784788959,1.4963767543204758
2008-07-02,-0.0034846248292195237,-0.029878735440775017,0.6860440087772965,1.452328243002477
2008-07-03,-0.00047954147939281786,-0.00020789445128066575,0.6857151010871421,1.452026343402032
2008-07-04,0.00236238724599733,-0.016352229851667843,0.6873369406486122,1.428475553626617
2008-07-07,-0.007999227256369215,0.012486304938953197,0.6818607082732057,1.4464237551576213
2008-07-08,-0.00019969105391350094,-0.016710855846802986,0.6817245603839586,1.4224536148791442
2008-07-09,-0.003987304257552137,0.020368730241754562,0.6790117291777539,1.4517242799927954
2008-07-10,0.0030925671406186023,-0.01568627683345447,0.6811148689137263,1.429129805934907
2008-07-11,0.000992848843788211,-0.021449399495779176,0.6817914488390344,1.39880224650651
2008-07-14,-0.004192715617638981,0.0127022091980038,0.6789388753769157,1.4166834502423005
2008-07-15,0.0004374204067811888,-0.01989905906379974,0.6792359220583665,1.3887714152350532
2008-07-16,0.009932132438290704,0.016198008000881003,0.6860157967652694,1.4114499232023423
2008-07-17,-0.0022646092047881638,0.03562844788734587,0.6844639968506645,1.4626442653777743
2008-07-18,0.005819107731210154,0.027709808756641863,0.6884585777627673,1.5037406146777434
2008-07-21,-0.0028253045775546446,0.008972731664201206,0.6865162177629058,1.5172939901749125
2008-07-22,0.002411368904747008,-0.006978067264324039,0.6881736591712336,1.506743065994383
2008-07-23,0.00046165109613950157,0.02280482287710761,0.6884914286389923,1.5414988684498276
2008-07-24,-0.007911444668375737,-0.020069872901137487,0.6830659567557262,1.5108695732297772
2008-07-25,-0.0028547691283016983,-0.015608795483155191,0.6811187418966547,1.48746981515898
2008-07-28,-0.002855802232191654,-0.017174735373679084,0.6791763762992603,1.4621410447741026
2008-07-29,0.0006608779121138485,0.0016850199502549401,0.679625377315871,1.4646068584938587
2008-07-30,0.0031049453360562484,0.01758497465283959,0.6817388563819693,1.4905897173782356
2008-07-31,-0.003634733387942045,-0.0033364861448355043,0.6792654152714253,1.4856246729455111
2008-08-01,0.0006850290289820195,-0.0018986482350289435,0.6797308912133333,1.4828066703267002
2008-08-04,0.002008615625051523,-0.00595668683318884,0.6810975814204101,1.474000309762423
2008-08-05,-0.0009789680882737947,0.032281611958737244,0.680431134891367,1.5223597770136468
2008-08-06,0.000527177910349361,0.006129440967189481,0.6807899377233494,1.5317196474802057
2008-08-07,-0.0033848262974358343,-0.004698069499925239,0.678489477564508,1.5245403996295621
2008-08-08,0.00024451664590763615,0.012378121771883244,0.6786553998203957,1.5435286231699161
2008-08-11,-0.0017106108216832193,0.01960669918270419,0.6774954769204479,1.574090756785964
2008-08-12,-0.0037908220577995964,-0.009948989447737588,0.6749320738945903,1.5585077903774947
2008-08-13,-0.0016361558450979888,-0.019749911633279993,0.6738286827429335,1.528029363053272
2008-08-14,0.001316641594984729,0.0027297239684198615,0.674716457927144,1.5322061595872738
2008-08-15,0.0022386282710586776,0.006601476012109586,0.6762285891831997,1.5423544417613477
2008-08-18,-0.0020998757431613295,-0.007740720581990601,0.6748100830365055,1.530461595971025
2008-08-19,-0.005228297583429752,-0.028504163735297183,0.671291182056624,1.4874529428535819
2008-08-20,-0.001835778889195929,0.003343697286622316,0.6700599703381154,1.4924348595917054
2008-08-21,-0.0002644284724940011,0.00468703130486503,0.6698828108277212,1.4994463672411251
2008-08-22,-0.0017688220033806373,0.026886431026625246,0.6686989546962936,1.5403079785446525
2008-08-26,-0.0004093745431214635,-0.005361421692889223,0.6684252623923822,1.5320718363792631
2008-08-27,-0.00048053176340466866,0.00038312710432109043,0.6681041399832786,1.5326589270835462
2008-08-28,-0.0010021646062018151,0.014623765384197185,0.6674349250487007,1.5552368564536208
2008-08-29,-0.0008719873909448471,0.01180485034389811,0.6668531838821242,1.5737049870849056
2008-09-01,-0.003572006476536674,0.002948195778285978,0.6644754291961599,1.578351423420578
2008-09-02,0.006764805348553588,0.014150914615610688,0.6689857145345766,1.600845318881249
2008-09-03,2.0608343609155536e-06,-0.018389632331263783,0.6689870932047447,1.5716753961736072
2008-09-04,0.0016921061588085968,-0.023727220219686984,0.6701200486554424,1.5348228412028584
2008-09-05,-0.0014793841736457647,-0.02022503335156678,0.6691294166043809,1.5040928035767966
2008-09-08,0.0002919391905947548,0.0332545336418999,0.6693247902218878,1.5549516653497801
2008-09-09,0.0006904566853909483,-0.014319928675730509,0.6697870895784691,1.532843539590168
2008-09-10,-0.005126923380641877,-0.018889953396517,0.6663619302561838,1.5041599651808035
2008-09-11,-0.00503697082595448,-0.010346385798571944,0.6630139236383273,1.4886775773695518
2008-09-12,0.0013354795429630691,0.011405241530134447,0.6638999566778583,1.5057534970924353
2008-09-15,-0.001241869959268554,-0.03034423129100894,0.6630759910007075,1.4607488338656984
2008-09-16,-0.0014387019469874016,-0.034973715598217936,0.6621227081908019,1.4105440605922157
2008-09-17,0.0005998898815468647,-0.011878888662682385,0.6625200280659591,1.3938874913723962
2008-09-18,0.011723427727085343,0.003243908583156596,0.6703327401348009,1.3984164768054528
2008-09-19,0.047498309965574255,0.07462110074880357,0.7029406934346056,1.5067599382997812
2008-09-22,0.000665814035478087,-0.02590402826682947,0.7034088770587215,1.468229981316787
2008-09-23,-0.0009212896513124888,-0.03468587300598358,0.7027611321657949,1.4181762397479234
2008-09-24,-0.003948233127401753,-0.005598308862856172,0.6999919376931126,1.410259033297166
2008-09-25,-0.00391068327043536,0.003241855546157524,0.6972598366058793,1.4148383080288336
2008-09-26,-0.003618484092988856,-0.019187714137300915,0.6947413722380114,1.3879495865343279
2008-09-29,-0.001627754541825188,-0.05995340807140792,0.6936114237028783,1.3071825977404037
2008-09-30,0.0010853000673426306,0.012154946489651763,0.6943646088697589,1.323168288059723
2008-10-01,0.005226488303005046,0.0033158759792559778,0.6980031976141017,1.3275630321891647
2008-10-02,-0.004859227338152321,0.0064358433429951845,0.6946196687198685,1.3361345728526073
2008-10-03,-0.004425494664324041,0.0037591673865478015,0.6915524251232958,1.3411667788893387
2008-10-06,-0.002325335689698579,-0.06734154648085955,0.6899462018158127,1.2538244233500573
2008-10-07,0.0032846600285641398,-0.005849957562558572,0.6922161665170514,1.2465110161001933
2008-10-08,-1.4606286153813226e-05,-0.03148137472545365,0.6922060558834826,1.2078803986155866
2008-10-09,0.018915105952839673,-0.002990204142038877,0.7054238203931386,1.2042739842892622
2008-10-10,0.005776679234723211,-0.05748949627154332,0.7095106202292468,1.1369933731972948
2008-10-13,0.007397691564284907,0.03651728508267915,0.7147788232040926,1.1792806943068326
2008-10-14,0.002184518803879668,0.009076246647646613,0.716341977732597,1.1900328575861945
2008-10-15,0.002499642277646536,-0.05615315460291548,0.7181348162193267,1.125050320012757
2008-10-16,-0.005210747029824972,-0.05586210526785074,0.7144025298037555,1.0639258070674815
2008-10-17,-0.0016540143428630538,-0.004947069576312302,0.7132218744524911,1.0586754896265216
2008-10-20,0.00047423493937177137,0.01386235579555617,0.7135601893989242,1.0734534177352661
2008-10-21,0.0019433193653257555,0.0067899435992302415,0.7149482129830426,1.0807669068895271
2008-10-22,0.0017577118371161953,-0.03321620903166789,0.7162059910017531,1.045457594531801
2008-10-23,-0.008728039329563531,-0.01681090933318785,0.7099821175607918,1.0280294040054687
2008-10-24,0.0009151863510625433,-0.056228810662959816,0.7106321809234678,0.9718196461943083
2008-10-27,-0.00545618848980102,-0.01827209151870335,0.7067653963430321,0.9542237154667512
2008-10-28,-0.005972885881999586,0.0018615406455815275,0.7025565492796038,0.9560016960762149
2008-10-29,-0.002631570102718227,0.04959784071493267,0.7007101529952297,1.00461285553367
2008-10-30,-0.0019224809547858882,0.03843945457521336,0.6993643451307666,1.0439814316183886
2008-10-31,-0.0018230266418514337,0.009403301781109263,0.6980905467342202,1.0538446045930185
2008-11-03,0.00041452885218063416,0.025319016523544846,0.698379985393469,1.0808675673911399
2008-11-04,0.006235337696529543,0.050682432360657614,0.7027482250146013,1.1370605348013008
2008-11-05,0.008009031053406408,-0.003132372798994254,0.7083991564076211,1.1335044097735858
2008-11-06,0.0008709633596841522,-0.03562526075740102,0.709016414882621,1.093833852184025
2008-11-07,-0.005500543745048246,0.00985772363522841,0.7051271454311129,1.1046698855639971
2008-11-10,-0.0011409847566277165,0.010723396311226097,0.7043230649157295,1.1165794398509266
2008-11-11,0.005424796193736186,-0.03860799006846527,0.708154256318228,1.0742921187413883
2008-11-12,0.005674909108438778,-0.02422739172638444,0.7121843918683248,1.048577578655452
2008-11-13,-0.0030559833495969074,-0.015200088302904646,0.7100112903971111,1.0327596285373581
2008-11-14,-0.000783469404813881,-0.004737625302977833,0.7094552361282094,1.0278783723008516
2008-11-17,-0.0026506547756275037,-0.02491699311467066,0.7075772053237149,1.002583182717975
2008-11-18,-0.0002454385009405865,-0.008569320690742899,0.7074035599456429,0.9940284324555336
2008-11-19,0.0041073914603593185,-0.03772603230425453,0.7103151186491425,0.9572262486877897
2008-11-20,0.006975388760530112,-0.022667607496767772,0.7152871635572985,0.9357722933320729
2008-11-21,0.0009166361546584182,-0.015754367104086953,0.715943122224164,0.9211453150235516
2008-11-24,0.009523807769734348,0.052861779191045954,0.7227941992804304,0.9711486853894102
2008-11-25,0.005626424394939371,0.007468226334189865,0.726872408304622,0.978428593741668
2008-11-26,0.01075796436829718,-0.0003429355314814586,0.7347342888653032,0.9780931133392194
2008-11-27,0.004523279120951175,0.03465244348126362,0.7380652248308689,1.012580515091826
2008-11-28,-0.0031340645295020904,0.00934881910848162,0.735755701776823,1.0220913353586112
2008-12-01,0.0006858877329360864,-0.04410418293581131,0.7362605206918694,0.9779924528376054
2008-12-02,0.008936156791066505,0.005132252087316047,0.7428693449096949,0.9830246588743362
2008-12-03,-0.028458465671537148,-0.001964251302696951,0.7220264088278178,0.9810956465602575
2008-12-04,0.006738662122986739,-0.008085412109728907,0.7269083311795838,0.9731950667017103
2008-12-05,-0.001339552009554729,-0.020249106486202706,0.7259352515546814,0.9536869140610755
2008-12-08,0.0033894222092921865,0.04527041163009571,0.7283999271723943,0.9978528762816912
2008-12-09,0.008267818789303688,0.033522740745830504,0.7344471700831893,1.0318706382326273
2008-12-10,-0.0024243786376170647,0.01817057156249291,0.732668748708049,1.0507917001689768
2008-12-11,0.014473543317911838,0.008899683823187843,0.7433501741525805,1.060185151437541
2008-12-12,-0.0003548323476670386,-0.023597538432488463,0.7430864562557344,1.0354602621579492
2008-12-15,-0.005274906754312918,0.005154343340922907,0.7391770643921471,1.040811158196128
2008-12-16,0.004152074687045245,0.007418177131695458,0.7422525632024397,1.04856078825445
2008-12-17,-0.001205715551604281,0.009013676393928804,0.7413581570518246,1.0580549000246275
2008-12-18,0.0007039829209414636,0.013213503283633798,0.7418802442813743,1.0721282865264734
2008-12-19,-0.006488305839075865,-0.016802875209599222,0.7370822805207401,1.0542639550960797
2008-12-22,0.004866561698574147,-0.008564694068045497,0.7406780794076567,1.0452730639295746
2008-12-23,0.0029006962427267297,0.009041899554368626,0.7428296805917621,1.054767175699751
2008-12-24,0.0023328674220063116,0.004395425517792262,0.7445646266664653,1.05941353013103
2008-12-29,0.0015756709699852392,0.005494912650876316,0.7457387402994469,1.0652509382762734
2008-12-30,-0.00025656689241209383,0.01571687828284496,0.7455474329709098,1.0821256189003226
2008-12-31,0.0066843437650053045,-0.014096328868284047,0.7505476211768921,1.0669786295871262
2009-01-02,0.007490296364360327,0.041012560268580245,0.7561905525263442,1.1116478943158103
2009-01-05,0.006654688001089246,0.017648748079194476,0.7612395458275261,1.1314412380602836
2009-01-06,0.00320345278120995,0.019642122774209625,0.7636820509038433,1.153884844222345
2009-01-07,0.0036453162584620885,-0.017110252552544836,0.7664709937011949,1.1343095299777048
2009-01-08,0.00805445112893623,-0.010405457408893426,0.7726694258362466,1.122567715892
2009-01-09,-0.0036517326086268715,-0.00575444832987948,0.7698529892646656,1.116126508545864
2009-01-12,0.007572911048323987,0.004812653745347006,0.7757051484451899,1.1215109853860437
2009-01-13,0.0036964723820135485,-0.02096306690564198,0.7785778272208808,1.0982453867144684
2009-01-14,-0.0010838072560213135,-0.02845845079724718,0.7777344560308238,1.067431560892191
2009-01-15,-7.846458829632863e-06,-0.025238851638446747,0.7777283535933754,1.040827948597129
2009-01-16,0.0025225802120444835,0.007162058669651472,0.7796927123330707,1.0483091779526135
2009-01-19,-0.0012995572034788941,-0.005471305076589772,0.7786801151587447,1.0425892207099838
2009-01-20,-0.0011861625480006272,-0.01187945312246974,0.7777570215470371,1.0302771063209963
2009-01-21,0.0003520330462783304,0.002828886292729038,0.7780308659189028,1.0331957694414207
2009-01-22,-0.006572663650666396,0.0012331216327439165,0.7729338993996928,1.0344706113516047
2009-01-23,0.004709096112084922,-0.012892664832053313,0.7765823030197844,1.0212191354548814
2009-01-26,0.0005485335092095633,0.02723694103991292,0.7770084012895554,1.0494162796615734
2009-01-27,-0.004194579206669751,0.00038353027087723035,0.7737560039938219,1.049818839763633
2009-01-28,-0.004578221326802058,0.02605327897361498,0.7702216743994847,1.0775294718632595
2009-01-29,0.005683509125824474,-0.023818855198308952,0.7746116998724496,1.052167202580775
2009-01-30,-0.00480154215013318,-0.0034815329956696672,0.7709012841328836,1.048510417051447
2009-02-02,-0.004813285331948158,-0.03225455285085843,0.7671996319901341,1.0152307775094132
2009-02-03,-0.0039033872418317746,0.012870343824877395,0.7642107918298978,1.0283815929045241
2009-02-04,0.004158091048650654,0.03067873155453782,0.7673950655447707,1.0604199713383753
2009-02-05,-0.00042687446204677795,0.010918127905727104,0.7670675540970987,1.0720612068268625
2009-02-06,-0.005069870486089851,0.026327670745088128,0.7631884624986257,1.1006609111356147
2009-02-09,-0.0020310621176745517,0.014824722329835893,0.76163995241621,1.1170994508556022
2009-02-10,-0.0018650065472415396,-0.02493401822531638,0.7602208126821043,1.0895900578548066
2009-02-11,0.0010076070916203912,9.230439892782272e-05,0.7609872026092818,1.0896906364520267
2009-02-12,-0.0026258633826801324,0.0008616728668524587,0.7589915754480863,1.0906299979597607
2009-02-13,-0.0053111163035255236,0.00376104775721231,0.7549711687917718,1.0947396328897585
2009-02-16,-0.002752932997892978,-0.009932097533061679,0.7528956419527144,1.0839203899107868
2009-02-17,-0.00042911036122617334,-0.030833031963064528,0.7525726359394005,1.0510098115732063
2009-02-18,0.0005955412720975896,-0.0031811385376769863,0.7530209574880958,1.0476717160453246
2009-02-19,-0.003758009362711221,-0.004476993124102435,0.750196408344773,1.0429917808120448
2009-02-20,0.005177953371796792,-0.03420718457473271,0.7540909645806947,1.0079172883551524
2009-02-23,0.0013271535951329824,-0.01500686321974598,0.7550924235133145,0.9929045403455716
2009-02-24,0.004724329047339942,-0.002283279855728182,0.7586681684302633,0.9906400476290436
2009-02-25,0.003604714636792211,0.02283333055356529,0.76140788566423,1.013519876599562
2009-02-26,-0.0005683248725513697,0.013414570611583798,0.7609752815661288,1.0272074114959535
2009-02-27,-0.0014170430348681429,-0.012273270184742557,0.7598977105062756,1.0146772676071312
2009-03-02,-0.004338650047935559,-0.03167459260908956,0.7566079220491333,0.9830414492753377
2009-03-03,0.00222604812476522,-0.0016735785933779113,0.7582940436928864,0.9813976280650984
2009-03-04,0.0058455844667085425,0.03901884265764721,0.7627396966364836,1.0204475141483695
2009-03-05,-0.0030352446730518446,-0.024645782109333325,0.7604281049332128,0.9956051739661633
2009-03-06,-0.0037292323524947316,-0.017642984141456708,0.7575975729786104,0.978193773840833
2009-03-09,-0.003583801495998885,-0.010654037971198349,0.7548873530091503,0.9678273802625317
2009-03-10,0.004009091877765583,0.03156020019821604,0.7579198404634214,0.9988593174890371
2009-03-11,0.00188017424759691,0.012002045440349107,0.7593462023134235,1.0109199034805836
2009-03-12,0.0029744792853579546,0.005807123797445968,0.761608224363711,1.0168075190200436
2009-03-13,0.006532643267803251,0.016475785909419116,0.7665998256269507,1.0336989900450937
2009-03-16,-0.002566165431879224,0.017341629872518638,0.7646351256051448,1.051781350975322
2009-03-17,0.0005518196083616751,-0.009373491665517264,0.7650571826996762,1.041968549203696
2009-03-18,0.004558323256271632,-0.003240960530263237,0.7685525210367021,1.038597036682603
2009-03-19,-0.002612978676243786,0.011226042058998686,0.7665469311106381,1.050322060367307
2009-03-20,0.007340327443714474,0.0017232818509942405,0.7721943381373303,1.0521336217787718
2009-03-23,0.0030281183650818495,0.01876303378975308,0.7745361778885774,1.0720612068268625
2009-03-24,-0.002153772120216349,0.0019382727267203137,0.7728697986073184,1.0741411689411648
2009-03-25,0.002514076220604873,-0.005088193009783026,0.7748152967301819,1.068689612401373
2009-03-26,-0.004015964067469871,0.0017250576419058916,0.7717099060818525,1.0705347546148412
2009-03-27,-0.002985655932736123,-0.004806206622756548,0.7694092819674333,1.065401888076498
2009-03-30,-0.0008522152122194234,-0.020230050631788288,0.7687538589933002,1.0440653017190011
2009-03-31,-0.00019201703065404273,0.02375055696572481,0.7686062593312704,1.0691592522030433
2009-04-01,0.002505645832313686,0.025878547163760146,0.7705345291734524,1.0971886562085127
2009-04-02,-0.003682921083229486,0.04119741612910843,0.7677019306308078,1.1433340019462115
2009-04-03,0.0019074176797450534,0.01602387535071159,0.7691676562972035,1.1618022144818918
2009-04-06,0.003713754290039063,-0.005893599273852246,0.7720294667217409,1.1549751555303034
2009-04-07,0.002691446486278872,-0.02432959664998613,0.7741101414736141,1.1272141522276715
2009-04-08,-0.003324713818380422,-0.00023813812290640612,0.7715407204509032,1.1269457515248347
2009-04-09,0.0019523635646812986,0.03804128082674829,0.773048519849541,1.1706420739437797
2009-04-14,-0.0016866312968077356,0.02452873175517034,0.771745770959367,1.1997114999585976
2009-04-15,0.0017465949314063927,-0.006002190661673623,0.7730948760383411,1.1925321702035567
2009-04-16,0.002531455974711755,0.016101686588434916,0.7750544108729543,1.2118893730439688
2009-04-17,-0.0001982699591453114,0.011409088576142423,0.7749007560996414,1.2257951012489834
2009-04-20,-0.000524647637153364,-0.04063556361877474,0.7744943128779862,1.1769827026926964
2009-04-21,0.001474279470861962,-0.004198862299364947,0.7756369760392171,1.1720510752531839
2009-04-22,-0.0017667678397602507,0.02441579339371991,0.7742678154252416,1.2010198407663881
2009-04-23,-0.0010857683747766272,0.0029982939171873113,0.7734275961419523,1.2046262550927134
2009-04-24,-0.002492775458562439,0.025882267399488512,0.771502015828108,1.2362117022215007
2009-04-27,-0.00788372774210307,-0.012273429853218332,0.7654436167463153,1.221131874512311
2009-04-28,0.0038766148910775442,-0.017277720040896227,0.7684167059067972,1.2002147205622704
2009-04-29,0.0005605151366934691,0.027948764287467398,0.7688475358338142,1.234232400608811
2009-04-30,0.00030426949433690325,0.022974074185402316,0.769081508278298,1.2629159750181755
2009-05-01,0.007998835625274795,0.005602526556138798,0.7752579340212755,1.270011352768209
2009-05-05,-0.005749009094303622,0.03446580542910738,0.7708137561580416,1.3145463761932759
2009-05-06,-0.0020327383074585518,0.004379990529749023,0.7692484849403444,1.3203167046389097
2009-05-07,0.005557257516857792,-0.011101693736417673,0.7735352972931933,1.305740015628997
2009-05-08,0.0034194960638634754,0.002809455120752702,0.7761849258128624,1.3094135915593264
2009-05-11,-0.0063092297729442845,-0.02540259468915096,0.7713032128874785,1.2765700110169609
2009-05-12,-0.005133686303831886,0.0017723169041978792,0.7673537305230969,1.2788345037334876
2009-05-13,0.0031033762788716334,-0.033707495286142475,0.7697388168839043,1.236446604026732
2009-05-14,0.004820945414532747,0.007783770296041936,0.7734586450432686,1.2461083740937375
2009-05-15,0.002048467773302973,0.005918818291547723,0.7750446740616775,1.2535057333486102
2009-05-18,-0.0007904852706348809,0.01378143281888633,0.774432254748861,1.2709004249773337
2009-05-19,-0.004052224373736685,0.015934936789982146,0.7713004312017294,1.2913143583237015
2009-05-20,-0.00032115580938340757,0.00462669329242793,0.771052763359581,1.2973027162691693
2009-05-21,-0.0020074426490015807,-0.029071217559801354,0.7695064717229458,1.260131471296973
2009-05-22,0.00030890347710484404,0.003866125600865189,0.7697442116651727,1.26501272753348
2009-05-26,-0.002521373491690821,-0.0015260594143668982,0.7678058437161822,1.2630837152194008
2009-05-27,-0.0041437343454467064,0.007686201747000965,0.7646308429937478,1.2728294372914155
2009-05-28,0.004659945320875037,-0.009241220961401453,0.7682022958373709,1.2611211221033174
2009-05-29,0.003872746420889143,0.007117210749674641,0.7711831167853533,1.2701288036708236
2009-06-01,0.0027996860985351965,0.024344684787486415,0.7733452126194151,1.3014291416001673
2009-06-02,0.0044065609391631694,0.001738492563809757,0.7767605247899558,1.303693634316697
2009-06-03,-0.0009158164800567123,-0.010853699396404792,0.7760494803431042,1.2896202478148528
2009-06-04,-0.0022012293918275304,-0.003661660055703564,0.7743430961779605,1.2849067317795677
2009-06-05,-0.00212549383856628,0.011319319110937087,0.7726989825937154,1.2995336281836944
2009-06-08,-0.004062225907369038,-0.007696718760476173,0.7695664715594047,1.2895698766118469
2009-06-09,-0.00012163360870190101,0.0004941992017961638,0.769472872104868,1.2902073385191375
2009-06-10,-0.0006624122538342589,0.0049670118008098285,0.7689633326266216,1.2966317554642726
2009-06-11,0.002399255650133099,0.003151549003273857,0.7708104872591813,1.3007245999932677
2009-06-12,0.0013919484795821035,-0.008157602735408886,0.7718841628221458,1.2901569673161328
2009-06-15,0.0017235318431438797,-0.0260668307642824,0.7732156768798151,1.2569611978747117
2009-06-16,-0.0006007485845730776,-0.0013220054244200696,0.7727513081547528,1.2553005862634687
2009-06-17,-0.005732973178599199,-0.023593812150709326,0.7683338203998993,1.2260299211498196
2009-06-18,0.0028471124912806465,-0.009264148092555047,0.7705244702509177,1.214724247968178
2009-06-19,0.0033561025908051827,0.012705935119528888,0.7731147736524774,1.2302569250780357
2009-06-22,0.0027997593657501747,-0.02198708808404959,0.7752823418996602,1.2035023629827515
2009-06-23,0.0008044059195585081,0.0025334714145106574,0.7759062345026232,1.2065552674067928
2009-06-24,-0.0013125567896275848,0.0176249270104627,0.7748884815817814,1.2280092227625088
2009-06-25,0.0019721628591020564,0.0030550483781439652,0.776418195792069,1.2317665868890557
2009-06-26,0.0014450118684878604,0.005838600273387229,0.7775409402941008,1.2389794155417035
2009-06-29,-0.0020754877975032995,0.012231509929900852,0.775928837089424,1.2542270653565128
2009-06-30,0.0009902409629499176,-0.008407373878156932,0.7766975741628968,1.2437265123789896
2009-07-01,0.00022902058053945584,0.012344938510322478,0.7768754742628496,1.2591754012926308
2009-07-02,0.001595305548716077,-0.017835681297325934,0.7781158171174657,1.2369162438284023
2009-07-03,0.0004862368455923931,0.0004067520902122368,0.778494257696307,1.237419464432075
2009-07-06,-0.0023761504892847642,-0.007702093953463773,0.7766466341700703,1.2279253526618976
2009-07-07,0.0007196926948987647,-0.00025956900683787865,0.7772057822624644,1.227606662660449
2009-07-08,0.00791937615119662,-0.01676893329780249,0.7833852034836611,1.2071926474096877
2009-07-09,0.007384969004048942,0.005155677885843701,0.7891918936527736,1.2134326156569903
2009-07-10,0.00697395523641528,-0.006880138385554346,0.7947149188725492,1.205112685295385
2009-07-13,0.006434141890723014,0.013053991479536009,0.799844712636725,1.2209473439100844
2009-07-14,0.003536235892581733,0.01801290288699775,0.8026781591329643,1.2431394216747036
2009-07-15,0.0011648147952556963,0.02151793690967807,0.8036136752742971,1.270179092969432
2009-07-16,0.006880291571047014,-0.002406351270744622,0.8091618362665762,1.2671262704497872
2009-07-17,0.005914458706725351,0.0035150942900230575,0.8139617710501387,1.2715881761832337
2009-07-20,0.004441843143369436,-1.3204362991459107e-05,0.8175853031848463,1.2715713857822333
2009-07-21,-0.0012429878479537741,0.021145196042708037,0.8165696859190441,1.2987452983805774
2009-07-22,0.0005061773656807146,0.0066294886265065855,0.8169831196381253,1.3073839187436331
2009-07-23,0.0006710052322330051,0.011874167295854221,0.8175315035497098,1.3230005478584994
2009-07-24,0.004628333572572263,0.006470514274221628,0.8213240819429614,1.3315887970185494
2009-07-27,0.0005787939196239523,-0.007777318261863897,0.8217995969269465,1.3212727746432504
2009-07-28,-0.0044618429399131574,-0.018670297913130796,0.81814102425528,1.2968330764675002
2009-07-29,-0.003799993717144478,0.004053227063492315,0.8150379929870013,1.3021001024050658
2009-07-30,0.004442472518713967,0.021915613232955877,0.8186668314119475,1.330951417015655
2009-07-31,0.0019226833167442876,0.008208586242242077,0.8202423826283313,1.3419216097948479
2009-08-03,-0.005432671717099778,0.019582038668358948,0.8157983574301078,1.3684581423902997
2009-08-04,0.0032181346687254362,0.010280115615554308,0.818427935305294,1.3825986085917545
2009-08-05,-0.0006494682799006103,0.0028590705461688515,0.8178965648947201,1.386557211817134
2009-08-06,0.005211835319886348,0.013398664156154538,0.8221704347783207,1.405260244253649
2009-08-07,0.00555678014100067,0.0052265289902315715,0.8267517720764094,1.4126241046109147
2009-08-10,0.001185687878740459,-5.937360844932016e-05,0.8277326230079065,1.4125402345103015
2009-08-11,0.00029092963607682526,-0.014147799415475504,0.8279734699917509,1.3926966014672173
2009-08-12,-0.0026527380360024796,0.005908318026941473,0.8257799839333523,1.400949452129215
2009-08-13,0.003163810494372998,0.015657593761075006,0.8283967325782376,1.423057577888826
2009-08-14,0.005979007237069591,0.003776540195424616,0.8333645591737062,1.4284419728246116
2009-08-17,0.0057567938616793985,-0.028793131807514527,0.8381759028216973,1.3878991334269286
2009-08-18,0.0025305366869401206,0.009670209043754596,0.8402996236373241,1.4013855111288813
2009-08-19,-0.0007359103136300813,0.0018893869669192043,0.8396814659599527,1.404035773546468
2009-08-20,-0.0003415177831340773,0.019063817616006062,0.8393947487694557,1.4310588182489858
2009-08-21,-0.0007751340023015275,0.01712972732754281,0.8387443574611049,1.4557836256241834
2009-08-24,-0.00046770306688864954,0.017486963473217543,0.8383521658745379,1.4814647487169064
2009-08-25,5.302540039510374e-05,0.003266820716449459,0.8383966210124207,1.4863123422470157
2009-08-26,-0.0008268170099944374,-0.008796203776755718,0.837703706921099,1.4732957681555212
2009-08-27,0.0029855348744470614,-0.009368410836749774,0.8402084376725945,1.4595577801517319
2009-08-28,-0.0045009185548071096,0.013265965789379663,0.8364352257552261,1.4790492242957587
2009-09-01,0.0004073656146339409,-0.022688079183470933,0.8367760301163435,1.4458702452553391
2009-09-02,0.004559435267689298,-0.011645654412914652,0.8405999671313822,1.429129805934907
2009-09-03,-0.0008679659791790821,0.009915514862637309,0.8398706715054947,1.443370850733581
2009-09-04,0.0021294455231182763,0.016264899396517762,0.8416610359121259,1.4670390914116116
2009-09-07,0.000547262371342674,0.02155894985745732,0.842121771386601,1.4990103082414579
2009-09-08,0.0011343554082727477,0.010995092433910614,0.8430775787825507,1.5155830073606669
2009-09-09,-0.0023848802684989204,0.011203899634182335,0.8410693353620018,1.5326589270835462
2009-09-10,0.00018709602486168637,-0.0012483754588394902,0.8412267108129826,1.5307467870748641
2009-09-11,0.001182390501890692,0.008967223404235725,0.8422219575549819,1.5445350643772624
2009-09-14,-0.0021569062716801065,-0.009252237869070257,0.8404073214361085,1.530310564266407
2009-09-15,-0.0016873173775183632,0.004494994403707153,0.8389904832224747,1.5372047848220007
2009-09-16,-0.0014095904574849699,0.01526879447693652,0.8378086833659848,1.5608561531946348
2009-09-17,-0.0025655672059740667,0.0063097823800397634,0.8356619838115384,1.570735952761477
2009-09-18,0.0006395325695995535,-0.006127084536840854,0.8361965877974713,1.5611413442984736
2009-09-21,-0.0017173170705385293,-0.009305124739123372,0.8347618054636369,1.5466821061911786
2009-09-22,0.0003055558515330703,0.0030320444474440933,0.8350169107904105,1.5513788318254595
2009-09-23,0.0027496652199034428,-0.0034334172133512197,0.8373160872822518,1.5460614346848898
2009-09-24,-0.004720555576866697,-0.013544718267752387,0.8333728047216291,1.5252616497330682
2009-09-25,-0.004178409098058077,-0.003591574439662182,0.8298978970609275,1.5197933846966702
2009-09-28,-0.0028286591185056826,0.011958583672054601,0.8275537158148497,1.5380770666301262
2009-09-29,0.0007399641449599488,0.0050257618702964635,0.8281663025107248,1.545826532879659
2009-09-30,-0.0036121814622480414,-0.007985684262477477,0.8251802119424736,1.5335312088916713
2009-10-01,-0.0016359067889130541,-0.008568373983461441,0.8238313975997573,1.5204474731961706
2009-10-02,0.0016700350790497523,-0.018292322862430765,0.8252083744127275,1.4928877908967686
2009-10-05,0.0016215284817549381,0.009226963267442656,0.8265475587645724,1.506726357497778
2009-10-06,0.00034987971758560356,0.024055691553039438,0.8268368015881521,1.5434111722673012
2009-10-07,0.0015178334009481973,0.0027350507087628984,0.8280927550256504,1.5476382580999144
2009-10-08,0.002800057365440287,0.01580695003103294,0.8304147115322634,1.5722960676798932
2009-10-09,0.0034866987162880513,0.00041592197391082664,0.8333151710167073,1.5729501561793955
2009-10-12,0.0018533736332742652,0.008791058268309726,0.8348610474837128,1.5868390120790141
2009-10-13,0.0012759024763444283,-0.00756544381683355,0.8359269285971789,1.5748791684934762
2009-10-14,0.001520428487362941,0.016112255326344638,0.8371988624099456,1.6004595491801894
2009-10-15,0.0027989975593605957,-0.0058970143689975885,0.8395454625144989,1.5910493894150186
2009-10-16,0.001174140251145887,-0.006239642776575849,0.840531785562187,1.581152717542783
2009-10-19,0.001780138000283074,0.01269196233748815,0.842029380701644,1.6013485394849203
2009-10-20,0.006827996050023595,-0.006336397322160181,0.8477984270865797,1.5912338381128512
2009-10-21,0.0026644168615918766,-0.006907391853328448,0.8500603274956103,1.5802804357346567
2009-10-22,-0.00028223143902898914,-0.010896602168189773,0.8498204475985363,1.5631542267131677
2009-10-23,0.0013024545353160957,0.0005149286733274749,0.850928021220286,1.5639593469172848
2009-10-26,0.0025739568170610573,-0.014868137119737668,0.8531210944283959,1.540878196943541
2009-10-27,0.0009354076565614093,-0.004888843518335406,0.8539194837836411,1.5333634686904485
2009-10-28,0.0019557765249599824,-0.032441625684922926,0.8555911936768479,1.484416910734939
2009-10-29,0.001806180208680882,0.012677131598570313,0.8571379419901896,1.5033548449766856
2009-10-30,0.0003532957213576828,-0.008583616881990608,0.857440818657073,1.4905058472776247
2009-11-02,-0.0034153723644500303,0.003606061702996044,0.8545173342166765,1.4958904060221998
2009-11-03,0.0013660819184072757,-0.01824139271827896,0.8556854726006148,1.4688506528230767
2009-11-04,-0.0001182169623010498,0.026605091496717748,0.8555843220423324,1.5084540488086309
2009-11-05,0.00230730577368799,0.0030644868472204934,0.8575606958610239,1.5130837766476979
2009-11-06,-0.0006565707718128499,0.006882804449501734,0.8569978313734719,1.5235339584222154
2009-11-09,0.006651529429977379,0.01311448363367873,0.862717177784101,1.543645910263742
2009-11-10,0.0011149601013695064,-0.008906563179065685,0.8636796094528489,1.5299583753673514
2009-11-11,0.00023134136612101597,0.011511127086876627,0.8638794373869331,1.547671675093127
2009-11-12,0.0014298805983300297,0.007482910473035176,0.8651155653808553,1.5592962020850065
2009-11-13,0.0015058433273045023,0.008334431652984975,0.8664192752273642,1.5723463569785026
2009-11-16,-0.002813056642038294,0.015833490473609046,0.8639854136306481,1.5974402255581508
2009-11-17,0.003382524587145985,-0.012904045406617826,0.8669128137454748,1.5769592125121739
2009-11-18,0.000356990932349914,0.003175335938252033,0.8672223490064733,1.5819745462435086
2009-11-19,0.001415937177276381,-0.02080632360043566,0.8684511511193943,1.549399530212771
2009-11-20,-0.0008389942342111428,-0.007530887421909327,0.867722831181748,1.5377750032208908
2009-11-23,-0.0032650892998771436,0.01111863847411243,0.8648942589337928,1.5549683738463858
2009-11-24,0.0016820119221141372,-0.009636188551169766,0.8663502455388328,1.5400563682428143
2009-11-25,-0.00043623306531120264,-0.001133434147604362,0.8659723973365201,1.5383118046265662
2009-11-26,-0.002856791574524958,-0.0321666404439096,0.8635020250375347,1.4896168569728947
2009-11-27,8.001287627932424e-05,0.016860604865229334,0.8635711190824007,1.5149456273577704
2009-11-30,0.0003442213541656981,-0.012601864485086267,0.8638684298698549,1.4959742761228132
2009-12-01,-0.0010923113669737664,0.024007491811273596,0.8629253317365149,1.532323446681099
2009-12-02,0.002786126080193526,0.003704135151101795,0.8653329028494624,1.5380099050261202
2009-12-03,-0.001268540735375334,0.0007413332466210676,0.8642358887631744,1.5391505056326868
2009-12-04,0.001238859726802476,0.0021990445865505137,0.8653072192773137,1.5425388904591781
2009-12-07,-0.0045857915897997295,-0.0024715375228456793,0.8613481852989542,1.5387311551296265
2009-12-08,0.0067452653257732125,-0.015545407890694918,0.8671778465491775,1.5149959166563796
2009-12-09,-0.0021261345150489644,-0.012511770278209156,0.8653360684267661,1.4961587248206438
2009-12-10,-0.003125527397335733,0.004374029965996229,0.8626356591369453,1.5027173011649992
2009-12-11,0.0025201153899849496,0.004688452613981653,0.8648123421316372,1.5097792619218189
2009-12-14,0.0007198578078689385,0.0041133865549003445,0.8654351081730679,1.5160023578637278
2009-12-15,0.002987437671148353,-0.0012067086934468563,0.8680244073764051,1.514174087955656
2009-12-16,-0.0011246481821737694,0.012604537683616357,0.8670487340520208,1.5333803409958453
2009-12-17,0.0030890854317913593,-0.009231443054478206,0.8697312628121331,1.5192901640929972
2009-12-18,0.0016397414082240987,-0.006457617350989153,0.8711585670629287,1.509510779314585
2009-12-21,-0.00010065954098999077,0.011127884867155657,0.8710708810547294,1.526402250339636
2009-12-22,-0.0005541320132326699,0.0053484056227066645,0.870588326505552,1.5345879393976274
2009-12-23,0.0004265020204764702,0.00499382613888244,0.870959713378806,1.542270571660735
2009-12-24,0.002844962329280647,0.0019123364009274724,0.8734410889901107,1.5452227336787665
2009-12-29,0.003365205032001793,0.011376679786872401,0.8763853485779802,1.562902616411332
2009-12-30,-0.00014104198270856107,-0.0011061539692693856,0.8762617501672874,1.5611747612916866
2009-12-31,0.006499544897353935,-2.1405259483131545e-05,0.8819756013558153,1.5611413442984736
2010-01-04,0.0030149574507627977,0.02159824815781164,0.8846387328632896,1.5952260221402321
2010-01-05,0.0010978234110866382,0.0049299422167568,0.8856104432601988,1.6031098115977755
2010-01-06,0.0031077741635416743,0.0033844570016281494,0.8883670016766094,1.6085446596409627
2010-01-07,-0.0007168656726105331,0.004256052480272388,0.8877303900781911,1.6154052993945536
2010-01-08,0.0019776531676826783,0.006076699643212891,0.8894877500476633,1.62525151815939
2010-01-11,0.00037230863721576996,0.003842376157393801,0.8898189756749586,1.6315083587120922
2010-01-12,-0.0015476810352284221,-0.01271626281086391,0.8884428848710212,1.610893022458103
2010-01-13,0.0005163217380220581,-0.0035466578667797677,0.8889017256900222,1.6051898556164734
2010-01-14,0.0025083686171034998,-0.00015676028771416384,0.8911342176682866,1.6049382453146381
2010-01-15,-0.00014453026287171216,-0.003119388318660654,0.8910054311125546,1.5999396200799094
2010-01-18,0.002053211339579063,0.003547767430719162,0.8928367329488417,1.605625914616141
2010-01-19,0.00013084600687745325,-0.001746095725293273,0.8929535647134598,1.6028247843027283
2010-01-20,0.0007046432377560711,-0.008734751276982422,0.8935830001421304,1.58888547529571
2010-01-21,0.000562985074226009,-0.0057384010634571325,0.8940862156719175,1.5797939236275906
2010-01-22,0.00016003804187916234,-0.009912894288950369,0.8942293149295019,1.5642109572191236
2010-01-25,0.000661882951398418,-0.003448286694531788,0.8948213859869488,1.5588263984745463
2010-01-26,0.0015628604564543122,-2.143750672622957e-05,0.8962209603315215,1.5587929814813337
2010-01-27,0.0025711484732384997,-0.005135416604435505,0.8985282423966594,1.5508084496177794
2010-01-28,7.797372215386932e-05,-0.003412954179049521,0.898598306719732,1.5455246332792143
2010-01-29,-0.004256667671393931,0.0025472750355657325,0.8947814017691792,1.5494665280079847
2010-02-01,0.0004427801016997344,0.008064973798450836,0.895177680895035,1.562013462297809
2010-02-02,-0.0011256186102753748,0.017954092476330175,0.8941706191279801,1.590311267006115
2010-02-03,-0.0015223863951492173,-0.006667185365227368,0.8928103816087384,1.5797436343289828
2010-02-04,-0.005453805544446244,-0.02081441593639788,0.8879544211676692,1.5472020352914557
2010-02-05,0.002648526171787959,-0.020581504058510447,0.8903093088056898,1.5156837497666755
2010-02-08,0.0008659086807530059,-0.002826065827088442,0.8910805692371004,1.5114063746354542
2010-02-09,0.003483160893394602,0.0010648249705020874,0.8941897579875685,1.513016615043692
2010-02-10,0.0034322986719017108,0.004899265525992291,0.8972641574166684,1.5204474731961706
2010-02-11,0.0023922469815738576,0.006992100391491007,0.8994132043896015,1.531115848279315
2010-02-12,-0.0007560113248757064,-0.008239505498712774,0.8987334947877926,1.518552041684095
2010-02-15,0.0026461335029987028,0.0022067756941890337,0.9011148128518697,1.5219068457085827
2010-02-16,0.002540703656408802,0.011321081804997135,0.9034071894433796,1.5392343757333
2010-02-17,-0.0012833980710994786,0.01660028656378998,0.9022485020866304,1.564999368926634
2010-02-18,-0.0025954779155092193,0.005920276063861252,0.8999097723986963,1.5742920777891907
2010-02-19,0.002078719193270895,0.0048999747774676194,0.9017823777508316,1.5820249993509072
2010-02-22,0.0010589797386109604,0.0010914799784096374,0.9027378528425954,1.583752690661759
2010-02-23,0.0001674271974191761,-0.00571440173059834,0.9028890083647207,1.574728300597649
2010-02-24,-0.00020680793912915502,-0.003061830025661294,0.9027023030563739,1.569914124060751
2010-02-25,0.00450839004509047,-0.014236664505366647,0.9067812249096234,1.547722128200527
2010-02-26,-0.00168256229857056,0.012654102077522822,0.9052567918439816,1.567431601844388
2010-03-01,0.0028301042969427,0.014385923203036555,0.9078223917256116,1.5901435268048907
2010-03-02,0.00048390322206308476,0.012464494590314956,0.9082617962120777,1.6100879022539831
2010-03-03,-0.0010476392394301937,0.0014054523158950616,0.9073107637711258,1.6123523949705134
2010-03-04,-0.0018849782861530778,0.005508986504263902,0.9056021135728087,1.6212593341320114
2010-03-05,-0.00045127986947271167,0.011255303039387599,0.9051935257698608,1.6396101776694711
2010-03-08,0.0029433116104860273,0.001196271820841588,0.9078617171170515,1.6415727707855523
2010-03-09,0.00025199301091811423,-0.001196271820841588,0.9080905207518928,1.6396101776694711
2010-03-10,0.005639969769406693,0.00922609491176729,0.9132265938708309,1.65480737437688
2010-03-11,-0.0036026406342281143,-0.0011054341662859457,0.9099424859179144,1.6529791044688094
2010-03-12,-0.0024927745154751184,0.008809838627387379,0.9076770292878614,1.6676059189685406
2010-03-15,0.0005113709946417453,-0.006316642155343999,0.9081413076922791,1.6571054478954137
2010-03-16,0.0023034121850941084,0.005149185994744343,0.9102355424631999,1.6656601981578558
2010-03-17,-0.0017175772245347288,0.007874253891541727,0.9086734844881191,1.6788278039539668
2010-03-18,0.0002827234439696457,-0.00042970760683935794,0.9089304241048126,1.6781065538504605
2010-03-19,0.003413009508989017,0.0015580915432344966,0.9120379122120226,1.680723235466044
2010-03-22,0.0016789795166881351,-0.002788312024062378,0.913570491409585,1.6760433821371583
2010-03-23,0.0016752118166355888,0.0038157292076430593,0.9151021981004912,1.6824509267768983
2010-03-24,0.001202846536671321,0.005071811856581121,0.9162035878788224,1.6910056770393382
2010-03-25,0.003181806034076067,0.010832858624270969,0.9191234126779279,1.7094236821808069
2010-03-26,-0.00250998712674857,0.003203531481538846,0.916819317578389,1.714908655713809
2010-03-29,0.0014129135758019931,-0.0013800756500383926,0.9181156196044652,1.7125435844000616
2010-03-30,0.004050812525414677,-0.002294651919131141,0.9218422767549521,1.7086183981678977
2010-03-31,-0.0034397245947103694,-0.002044066995736671,0.9186768404387711,1.7051294347441879
2010-04-01,0.0022175841903447477,0.014085859781548749,0.9207163442260392,1.7293176045224985
2010-04-06,-0.0012677591930644117,0.012003904352567929,0.9195498371976819,1.75020125957493
2010-04-07,0.0021986660067266784,-0.0013331088796917356,0.921573844408786,1.7478696052543965
2010-04-08,0.002564289260086952,-0.0039038886997975197,0.9239400588529211,1.7410594186082018
2010-04-09,-0.00039119655535225454,0.008041170765594075,0.9235786873727935,1.755116014709047
2010-04-12,0.00036349931639386736,0.0017665234499677496,0.9239144686187188,1.758219208431698
2010-04-13,-0.0017772009943193819,-0.0060188992104066585,0.9222739451082224,1.747668448059959
2010-04-14,0.003939456358539543,0.007334582475596818,0.9259143690030515,1.7605339904468358
2010-04-15,0.0027211740380059784,0.004145572934831421,0.9284373743568727,1.7678475615054894
2010-04-16,0.003273310923493528,-0.008710246199166605,0.9314814178886406,1.7525160415900694
2010-04-19,0.0008317221882738208,-0.0054609505327665175,0.9322564739228342,1.7429717224256756
2010-04-20,0.0016685596267737505,0.0092631089580415,0.9338132979026447,1.7591920688370397
2010-04-21,0.0011561452447153352,-0.0017559378303531048,0.9348935460480168,1.7561057474197874
2010-04-22,0.00044189293023237,-0.003214631585734651,0.9353067601880148,1.7504695783733737
2010-04-23,-0.00029908799050899076,0.01577250029415289,0.9350270629977211,1.7782977432800102
2010-04-26,0.0020096972789208738,0.008322542448864212,0.9369080738400322,1.7931594595849727
2010-04-27,-0.0036419351288867834,-0.020794504362743993,0.9335021213070894,1.7562566153156147
2010-04-28,0.005826421271231551,-0.016476735482923388,0.9389569736258055,1.7275563324096432
2010-04-29,0.002861793239252177,0.009085699462620056,0.9416479229786677,1.743323911324733
2010-04-30,0.00020185116860142044,-0.002601282838769592,0.9418380148968245,1.7387949258916757
2010-05-04,-0.0008049438334320444,-0.020919554276932928,0.9410801932374955,1.7027979442324448
2010-05-05,0.0014636532073394322,-0.016818215593435326,0.9424586168016457,1.6743993971181272
2010-05-06,0.0007414898837861872,-0.007985982944042291,0.9431576994812285,1.6610809234261876
2010-05-07,0.006795432533543842,-0.042368622469100004,0.9495886899299525,1.592173281524982
2010-05-10,-0.0008997260422474529,0.0526261138250117,0.9487347044902777,1.6782071324476788
2010-05-11,0.0006745206490078437,-0.002792498327957915,0.9493748615141809,1.6735272791187923
2010-05-12,0.0031373919648578943,0.020830159491795897,0.952358099923383,1.708752721375907
2010-05-13,-0.0027333532893625808,0.009681127879868967,0.9497585231776315,1.7253757097937246
2010-05-14,-0.0027239021338256327,-0.02591123343929347,0.9471749941472533,1.6812433283751143
2010-05-17,-0.001680694550552482,-0.009110646267510347,0.945584419305817,1.6659956785603034
2010-05-18,-0.00337702951114233,0.006143013587800894,0.9423965386297415,1.676261411636991
2010-05-19,-0.000906639970273674,-0.03281456651663284,0.9415425114660538,1.6221483244367412
2010-05-20,-0.00047096559332314414,-0.024812571992157473,0.9410991817432198,1.5823938967465692
2010-05-21,0.0040258330470085875,0.0014089439845665908,0.9448955265273558,1.5846249724698849
2010-05-24,-0.002505120895101799,0.003244391733311147,0.9425314114335831,1.58977446560044
2010-05-25,0.004497889118465254,-0.03088039005528387,0.946780361703097,1.5414318706546144
2010-05-26,0.0027263098506241615,0.02188212423113889,0.9493651001275202,1.5755334208017668
2010-05-27,-0.0002535627707094721,0.026745250591522662,0.9491244069990149,1.6182400105099721
2010-05-28,-6.155489994932439e-05,-0.0010578702550940733,0.9490659855391846,1.6165290276957256
2010-06-01,-0.0013478686791618287,-0.0016200152766145948,0.9477876309434163,1.6139123460801421
2010-06-02,-0.00043795801670342,0.004034917991857512,0.9473726306353015,1.6204375054312847
2010-06-03,0.0012308023744364979,0.014469751416925192,0.948539376988365,1.6440552930019154
2010-06-04,0.0018646807934699977,-0.020752124643863112,0.9503097502239993,1.6102892232572106
2010-06-07,0.0015483845113943337,-0.01281103103866954,0.9517823348917094,1.589791337905836
2010-06-08,-0.0014973708952279515,-0.012902445379387117,0.9503582301973953,1.5694109034570765
2010-06-09,8.548919502424296e-05,0.013904296230057511,0.9504394790303787,1.5913848698174695
2010-06-10,-0.002572180491674445,0.01282948308225329,0.9479979185571452,1.6119330444674513
2010-06-11,-0.0037367936149095182,0.005489697384332359,0.9444620564959739,1.6208064028269473
2010-06-14,0.0005142709440683455,0.01365020488093549,0.9449478908039314,1.6430824325965732
2010-06-15,0.001132890049029969,0.008629928300466716,0.9460190194872274,1.6573234773952454
2010-06-16,0.0020107092530767838,-0.0020566872888423404,0.9479231023202731,1.6539183840721488
2010-06-17,-0.002305361612184154,0.00038530149080173715,0.9457403138140336,1.6545557640750435
2010-06-18,-0.0008495425332414328,0.008972420662555436,0.944937208376463,1.6694679334874072
2010-06-21,0.004225950296256628,0.004521158487047927,0.9489389156046444,1.6770329510391093
2010-06-22,-0.0031442744991144597,-0.00592880219606684,0.945959877082865,1.6671195706702635
2010-06-23,-0.007149874450719743,-0.010671811932622788,0.9392205042711438,1.6494229794410942
2010-06-24,-0.0016022815136068963,-0.013813842847151037,0.9377168136095271,1.6267947607724123
2010-06-25,-0.0021859931886578495,-0.00955231959460967,0.9356692098813723,1.6113290814577708
2010-06-28,-0.004629177489228401,0.00403104605376825,0.9313478409465075,1.617837532312307
2010-06-29,0.0023233041289540657,-0.02941797004042712,0.9335141607663257,1.5709372737647043
2010-06-30,-0.005499789778526337,8.539721675937528e-05,0.9283941216021362,1.5710714331639253
2010-07-01,0.005741311644216565,-0.024469162374646913,0.9337396520775272,1.5330951498920036
2010-07-02,0.004238153122268927,0.014845999068510807,0.9377053814475067,1.556025268161131
2010-07-05,0.003490741578399494,0.002691385851868233,0.940984388364071,1.5602187731917396
2010-07-06,0.0021594831322200546,0.021242571803103516,0.9430186239365962,1.5937163603292124
2010-07-07,0.0014991903626397655,0.006462594127592425,0.9444334486501862,1.6040492550099066
2010-07-08,0.004224729204248977,0.016233196262900762,0.9484318643869476,1.6303005965015183
2010-07-09,0.005126445567733843,0.002733072276656756,0.9533064326433678,1.6347624203305713
2010-07-12,0.003283480720436701,0.0029098781418817055,0.9564417404801615,1.6395263075688593
2010-07-13,0.004270463075203913,0.016659800149479764,0.960534923288925,1.6670692813716552
2010-07-14,-0.0015471789639023114,-0.004315906795167024,0.9590499529152032,1.6598898697122213
2010-07-15,0.004746991966673532,-0.004364944339757315,0.9636133780392094,1.6526603325629665
2010-07-16,0.002730481314951942,-0.007866454129658251,0.9662481017577871,1.6397107562666882
2010-07-19,7.563128666593496e-05,-0.005004656701627752,0.966321183108545,1.6315250672086994
2010-07-20,0.0007634348044938926,-0.0036255635782200812,0.9670591880055175,1.6256205793638445
2010-07-21,-0.002554050106933146,0.01586717458426712,0.9645924218460961,1.6516203105536196
2010-07-22,0.002153591469828772,0.015809331068185273,0.9666719983329881,1.677938813649236
2010-07-23,-0.011699422669310833,0.009006424870262819,0.9554283941293205,1.69311930186004
2010-07-26,0.0039991726275674655,0.004389079149360597,0.9592569676713273,1.7005668685091273
2010-07-27,0.003063933621230503,-0.0031316401646499514,0.9622005745512134,1.695249635177348
2010-07-28,0.003128002905678649,-0.008615750603347294,0.9652150529349216,1.6807065269694392
2010-07-29,0.0002360095257291677,0.005424545019344862,0.965442879765385,1.689848367936164
2010-07-30,0.0007524595584170657,-0.012535810600688535,0.9661696098715883,1.6687969726825085
2010-08-02,-0.0015114523505431433,0.021134655633241906,0.9647103935894612,1.7044417654426833
2010-08-03,0.0009926792139314008,-0.0024929489493477064,0.9656685170205693,1.7001979711134647
2010-08-04,-0.001509812122169022,-0.0009377020703276173,0.9642116390703197,1.6986044392018353
2010-08-05,0.0030962134533093766,0.003912703648843774,0.9672016706183286,1.7052635941434082
2010-08-06,-0.002285245592713053,-0.007533624056563326,0.9649939008721361,1.6924650495517501
2010-08-09,0.0007201104368505158,0.012058109908963388,0.9656890533148761,1.7129965157051275
2010-08-10,-0.0002564122145213071,-0.013049701315145157,0.9654414705891505,1.6907876475395043
2010-08-11,0.008568615911761397,-0.02260519814950257,0.9737495111078922,1.6529958129654172
2010-08-12,0.0005673321671394928,-0.006740428718115865,0.9743021072662463,1.641891378882607
2010-08-13,0.004179338355657827,-0.0006131646763769538,0.9783825663032214,1.6408849376752597
2010-08-16,2.2430031971221068e-05,-0.0008283291834541018,0.9784045117015808,1.6395263075688593
2010-08-17,0.0027018916665539714,0.013989813831907227,0.9810516292002432,1.6626241660392107
2010-08-18,-0.00028750938414153935,-0.0025355805318412195,0.9807696081943065,1.658413788703204
2010-08-19,0.001234532813783479,-0.005242934532466492,0.9819811481474248,1.649741587538149
2010-08-20,0.0010582195675533455,-0.007542216144157621,0.9830208498326728,1.6373456849529429
2010-08-23,0.0015019742240705268,0.0066369438825386595,0.9844984311776162,1.6482487980325247
2010-08-24,0.0002152041406220317,-0.012833602601196148,0.9847103221155273,1.6272309835808711
2010-08-25,0.0029395328849372375,-0.008000330518715515,0.9876091690300641,1.6142645349791962
2010-08-26,-0.0017187711992596361,0.005626601508415874,0.9859131527836767,1.6233729589527097
2010-08-27,-0.0004198979452946335,0.010484323020239827,0.9854992567797061,1.6404824594775964
2010-08-31,0.0023781365692699258,0.004610997075520373,0.9878456975737077,1.648064185525904
2010-09-01,0.002755040318740382,0.023716366654012333,0.9905710047409682,1.6876174560216404
2010-09-02,0.003515385257194213,0.007929949913135559,0.9940593713310637,1.701053380616193
2010-09-03,-0.0024811861641722073,0.006202949398904423,0.991595982299719,1.7116377217899343
2010-09-06,0.0004425643945601568,0.0035511574651607702,0.9920349244982036,1.7177268221414108
2010-09-07,6.457707692424336e-05,-0.005788034332882219,0.9920989892823704,1.7078132779637776
2010-09-08,0.0018453314841171125,0.003470970307471788,0.9939314309938522,1.7137513466106353
2010-09-09,1.5436930928546238e-05,0.01061229660584928,0.9939467743631272,1.732035028544092
2010-09-10,0.003605722388019099,0.007342897243159285,0.9975371395400668,1.7447999923337467
2010-09-13,-0.00046720677617139795,0.010186553188175296,0.9970711922843244,1.7626643237641413
2010-09-14,-0.000598235957096562,-0.0034221402301408688,0.9964748868287814,1.7566425488254624
2010-09-15,-0.0032859405289612283,0.0020889717334835467,0.9932059033960113,1.7603159609469998
2010-09-16,-0.0001841091457964899,-0.004986559765756127,0.9930230619374459,1.7515598896813327
2010-09-17,-0.0011263349228462418,-0.00010531093531085389,0.9919052150367733,1.7513754409835003
2010-09-20,0.0014603563429059383,0.0102148844599661,0.9933548083128596,1.7693572233165105
2010-09-21,-0.00029466402248849797,-0.0002939877580594441,0.9930621455100008,1.7688371304074415
2010-09-22,0.001033406536732039,-0.0092219929518631,0.994088912865224,1.7525999116906796
2010-09-23,-0.0007652121015187777,-0.0021365807121025426,0.9933285149690543,1.7488593379651352
2010-09-24,0.00047495103849664694,0.010779975605885284,0.9938004094333193,1.7678139807034872
2010-09-27,-0.0006026262345908899,0.0022462839542463087,0.9932016996518771,1.7717894562342629
2010-09-28,0.0011239664780679517,-0.0009755866861720364,0.9943186526595277,1.7700617649234114
2010-09-29,-0.001374622422948647,0.0009566334634190099,0.9929527789394251,1.7717558754322607
2010-09-30,-0.001035733900259354,-0.0029107595201001146,0.9919248764935154,1.7666062184929145
2010-10-01,0.003769195347315905,0.005746970355385628,0.9956706900396985,1.7767880814689923
2010-10-04,0.0008836914358086439,-0.002713159974401691,0.9965509445807886,1.7719739049320924
2010-10-05,0.001497746069765253,0.011127038373402343,0.9980446431527107,1.791800829478571
2010-10-06,1.0353883671925077e-05,0.011004588643803714,0.9980549768443421,1.8116277540250474
2010-10-07,-0.002470578196797228,-0.003208841400743623,0.9955922474148204,1.8058238447774095
2010-10-08,-0.0006050253063743889,-0.0037876519771007366,0.9949900710946298,1.7989969496346114
2010-10-11,0.0008816193433930808,0.007422284578446181,0.9958676603807936,1.8123992934271649
2010-10-12,0.00023365472816415714,-0.004749915853464515,0.9961003767548492,1.8038109623627196
2010-10-13,0.002264543778393259,0.013705712733569797,0.9983586456750377,1.8287036737479296
2010-10-14,0.0017917137846830762,-0.0017718682895626614,1.0001490220646185,1.8254663206260555
2010-10-15,-0.0020950216264078517,-0.0045312051879022874,0.998055881586633,1.8172134699640603
2010-10-18,0.0015704446461283412,0.0038325512509338466,0.9996245044977432,1.8241913968114774
2010-10-19,-0.0028552938642286045,-0.004506596126722329,0.9967743537288886,1.8159889992568803
2010-10-20,-0.0020395414642825414,0.0005263799954668968,0.9947434628509988,1.8169451511656185
2010-10-21,-0.00064223584617061,0.006698386585359373,0.9941048080468683,1.829156605052992
2010-10-22,-0.0006733489638009722,-0.0009174564916687444,0.9934356539168632,1.8274792030407494
2010-10-25,0.0024945173968509374,0.007625893253356608,0.9959168898947187,1.8414686375375868
2010-10-26,0.0007743712160840805,-0.0034125454578006753,0.9966883979461263,1.8351952522970696
2010-10-27,-0.00019176766152725975,-0.01041909376104222,0.9964972836681355,1.816173447954713
2010-10-28,-0.0014026096510155797,0.0019837523759473896,0.9951005667141731,1.8197798622810346
2010-10-29,0.0005075076814285368,-0.0004886346621297832,0.9956057160683209,1.818890871976305
2010-11-01,0.0016472157024777926,0.002928322715552767,0.9972470448774782,1.8242249776134818
2010-11-02,-0.0034394375449404535,0.004788402913455059,0.9938229677749092,1.8329810488791505
2010-11-03,0.004723937549352137,-0.0046964556526880585,0.9985288317624132,1.824392717814704
2010-11-04,0.0010732543631453424,0.012808056819460845,0.9996010824837863,1.847909926788116
2010-11-05,0.0024796762082010156,0.005747532397032629,1.0020828452180628,1.8585614295658652
2010-11-08,-0.002596988412671644,-0.002928506874027903,0.9994838239552716,1.8531265815226785
2010-11-09,0.00042020720218062936,0.005353397537689375,0.9999039025103966,1.863073706502317
2010-11-10,-0.0029798621039866186,-0.010171424226111725,0.9969287617198247,1.8442196423611814
2010-11-11,-0.0011717414264058633,-0.00871496657803661,0.9957613031039286,1.8282171616408627
2010-11-12,0.0012768347735972441,-0.0029955190150321442,0.9970335378058436,1.8227488966044632
2010-11-15,0.00048384447648054966,0.00520432339878063,0.9975160637003077,1.8322597987756448
2010-11-16,-0.002789295387993268,-0.018992386954815643,0.9947375735606718,1.7977891874240368
2010-11-17,0.0017601238403490227,-0.00041995436347619375,0.996489976649597,1.7970343565185276
2010-11-18,0.0028601290722540702,0.012172209490559638,0.9993441463031515,1.819041903680921
2010-11-19,0.004130275870060587,-0.0015966393581745564,1.003480249059344,1.8161398671527083
2010-11-22,0.001613119357734075,-0.002820980806092166,1.005100288781624,1.8110237910153666
2010-11-23,0.001258527905164605,-0.01655815169220709,1.0063660318619718,1.781283486100047
2010-11-24,-0.0018396681369836877,0.010472949418179667,1.0045163542571567,1.8000368078351698
2010-11-25,-0.002069467273744534,0.009635603691949157,1.002439690071509,1.8174650802658976
2010-11-26,0.0010783221871625659,-0.002365472902903676,1.0035212260479263,1.813170996638069
2010-11-29,-0.00010421217575167055,-0.011144892438871068,1.0034166523665669,1.7930755894843597
2010-11-30,-0.0012923374021620612,-0.00768170848825811,1.0021207370570364,1.7793544737859648
2010-12-01,-0.003202954087701272,0.01881729547059585,0.9989161251978892,1.8131541243326745
2010-12-02,-4.273558468223006e-05,0.02444595668016447,0.9988734368453926,1.8580246281601898
2010-12-03,0.006359789571650649,0.0004874218811234954,1.0052463052833285,1.8589304907703155
2010-12-06,0.0021998174099323487,0.006224850401238768,1.0074600976837451,1.870538145456798
2010-12-07,0.003667224287097701,0.013184575942455368,1.0111614625416439,1.895363695238005
2010-12-08,0.0031821354168533374,-0.007167615270210703,1.0143842401817065,1.8818270282374419
2010-12-09,0.0005946006984386904,0.003976519368748654,1.0149875731127191,1.8893250479939279
2010-12-10,0.005037797763457838,0.0015613289903768646,1.0201137767855202,1.8922772100119585
2010-12-13,0.0033188734534719644,0.006952127064264957,1.0235050297757116,1.9054783966100748
2010-12-14,-0.005159842559203882,0.004400596431564097,1.0182375064459073,1.9138821151678975
2010-12-15,0.0034975033956522864,-0.0032480957541221045,1.0218050306596551,1.9076757277225984
2010-12-16,0.0031149224227422613,-0.0038587124731375155,1.0249928363675296,1.9003287396707298
2010-12-17,9.602020648976836e-05,0.008595646620982222,1.025091261116635,1.916733698588714
2010-12-20,0.00041131678154107855,0.000551166453785612,1.0255129850800693,1.917790429094668
2010-12-21,0.002920915529011421,0.006416868421986521,1.0285128008548272,1.930136206190054
2010-12-22,0.004532126608335086,0.003773278356971943,1.0331847299768884,1.9374329049433145
2010-12-23,0.0024658095623921244,0.0016436416132297182,1.0357355103406478,1.9406199687665788
2010-12-24,0.0021797364408655167,-0.006616923969568589,1.0379956030840365,1.9278214241749165
2010-12-29,-0.004216213891377869,0.011763925284398624,1.0336284045940365,1.9506340915414302
2010-12-30,-0.0012075910909232805,-0.005129697302709957,1.032380957495918,1.9406535495685793
2010-12-31,-0.0015254244422983178,-0.000916680640109746,1.030807338872886,1.9388754051503265
2011-01-04,0.0042165297901086895,0.014071534496054028,1.0351629450434559,1.9663512173491187
2011-01-05,-0.0012734710545393806,0.0016194888200153912,1.0338455340166561,1.9695382811723834
2011-01-06,-0.0006156004399168191,-0.0021057806660280676,1.0332092941059867,1.965395229249173
2011-01-07,0.001611764901375119,-0.0036338335489976004,1.0348759273316732,1.9582662706971377
2011-01-10,-0.0018507375137403995,-0.008524943141575037,1.0329624148817156,1.9416431184705298
2011-01-11,0.0017863264108090868,0.01372787619376048,1.034809271978492,1.9684815506664277
2011-01-12,-0.0006078549501168579,0.0025531277324670754,1.0341804491759816,1.9735137567031582
2011-01-13,-0.0021111409133683146,0.0001444988657777202,1.0319994515246511,1.973798947806998
2011-01-14,-0.000450972374772371,-0.0020927474069338814,1.0315341532074627,1.9696726043803938
2011-01-17,-0.0022440249879673163,-7.668152312589882e-05,1.0292219600715928,1.969521572675775
2011-01-18,2.251584053988365e-05,0.0075344458636372735,1.0292451341300166,1.9844168697827411
2011-01-19,-0.0014033078906236685,-0.008667805557237784,1.0278017992703647,1.967290660761251
2011-01-20,0.0009062206856948984,-0.019214491370803444,1.028733636683056,1.9298510150862145
2011-01-21,-0.0001693338076922484,0.0024047720411921603,1.0285594520473453,1.9344974514218884
2011-01-24,-0.0027072361133713774,0.003522899699557769,1.0257786645765408,1.9413245103734795
2011-01-25,0.0006796245494727864,-0.006223273064499324,1.0264760458912006,1.929280632878537
2011-01-26,-3.295286766436987e-05,0.009578742188375955,1.0264422211192143,1.9478495059158305
2011-01-27,0.0013968516396155371,0.00043914350823115456,1.0278770104793944,1.948705079227348
2011-01-28,-0.0006016601547617539,-0.006164951221444781,1.0272587638440267,1.9367283633364136
2011-01-31,-0.0013477341946795517,-0.00647335811066263,1.0258752246121963,1.9242317183451987
2011-02-01,0.0030656821281426242,0.011871889868407592,1.0290250576805156,1.9472121259129365
2011-02-02,1.1307539110962014e-06,-0.0001550539884185298,1.029026221255282,1.9469102263124902
2011-02-03,0.003386339894360855,-0.002665839225706179,1.0325167605412935,1.9417269885711435
2011-02-04,0.0007288994518787958,0.007804791822614732,1.0332696357939541,1.9569410575839492
2011-02-07,-0.003274617661766706,0.012318247199788246,1.0298916066906818,1.981196225157475
2011-02-08,-0.0017783690243637245,0.0016412083192527405,1.02806170695966,1.984450450584742
2011-02-09,-0.0014084911691044926,-0.002869621278009049,1.0266147104042662,1.9787639922397229
2011-02-10,-0.001806035149131525,-0.006378060968879495,1.0247622814320934,1.966183477147895
2011-02-11,0.0001811050831429582,0.006479796579306196,1.0249478878969038,1.9789653132429477
2011-02-14,-0.0008849154897435764,0.0030552701431894036,1.024041296822127,1.9850208327924217
2011-02-15,0.0016668155388337956,-0.007140602027529752,1.02574960809245,1.970897075087575
2011-02-16,-0.0021295393277317013,0.0048902427442918395,1.0235675581667991,1.98055884515458
2011-02-17,0.0007586033308988438,0.0017347085884598101,1.0243443345211378,1.9839975192796797
2011-02-18,-0.002801454693356206,4.227239556264806e-05,1.021478696129804,1.9840813893802927
2011-02-21,-0.0002165717187772102,-0.008541367038338521,1.021257496686525,1.9672067906606387
2011-02-22,-0.0016544643050997196,-0.006441380760387361,1.0195692595610673,1.9545759862702032
2011-02-23,-0.007228274290857561,-0.011262594775104162,1.0122261044361733,1.9326858900104218
2011-02-24,0.0012883535105257078,-0.009785718205824523,1.0135310499263195,1.9138654066712915
2011-02-25,-0.001404832048483972,0.017316771435144318,1.0121082086857411,1.947295996013549
2011-02-28,0.0010933752859125729,0.001058945079511986,1.0132154279805898,1.9493591677268505
2011-03-01,-0.0018430475323835422,-0.004069795015716693,1.0113497435869032,1.9414417974673042
2011-03-02,0.004415717749000052,-0.0026559305111657494,1.0158254530625022,1.9362923043367486
2011-03-03,-0.00036774060168718236,0.009398321993154823,1.0154519614774031,1.9545759862702032
2011-03-04,-0.00011069713300183173,0.006040523188007185,1.0153395600779376,1.9664183789531238
2011-03-07,0.0013337553669277476,0.0021218103739144567,1.0166946781625692,1.9705951754871278
2011-03-08,0.0023308679406268892,-0.0003746384296636762,1.019067223163686,1.9698570530782238
2011-03-09,-0.0006199573151902122,-0.0011331665651344025,1.0184356407813029,1.967626141163697
2011-03-10,0.00017089355418832563,-0.018464125526239883,1.0186096997400216,1.9316289956956787
2011-03-11,-0.002094479633213992,-0.009256262238224622,1.016478475152081,1.9138318258692908
2011-03-14,-0.00606658269609872,-0.005255012635711154,1.010330591601004,1.9038009945978325
2011-03-15,0.002064454783177085,-0.01764419612016077,1.012418527906911,1.8705045646547962
2011-03-16,0.0016640543878143222,-0.010647322898266864,1.014104649910855,1.850694348604927
2011-03-17,0.0010999158782123738,0.018258733179981945,1.015220693381911,1.8847960625608693
2011-03-18,0.0024436431711157168,0.009689070946647504,1.0177045641073235,1.9031467422895407
2011-03-21,-0.0004126652830433653,0.014472877257409422,1.0172846794071995,1.9308910370955659
2011-03-22,-0.0005780967506770888,-0.006064689263014955,1.01669676039293,1.9192162208050765
2011-03-23,-0.002181216395248918,0.0005068619314236855,1.0144815415642583,1.920189245019208
2011-03-24,0.002056030570254546,0.013716459572830075,1.0165694923364557,1.946708905309262
2011-03-25,-0.0002374039028614235,0.002048635082838146,1.0163281834164182,1.9507010893366452
2011-03-28,0.0038729712051713706,0.0006963244634441423,1.020272025469378,1.9520598832518363
2011-03-29,-0.0026600917302916725,-8.593353616959121e-05,1.0175616148604607,1.9518921430506113
2011-03-30,-0.003110783219340812,0.0034315944813432253,1.014401119620754,1.9586017510995857
2011-03-31,0.0021706682098527677,-0.00725453914855656,1.0166054394411068,1.9444444125927332
2011-04-01,0.0033436429049113004,0.010016966884011325,1.0200102941427467,1.9640197268373738
2011-04-04,0.003922218545809524,0.004932804432538518,1.0240188535194101,1.9737317862029902
2011-04-05,0.0014714364706705212,-0.0024590759023386255,1.0255267413156175,1.9688841926728806
2011-04-06,-0.0024879748178816183,0.003716149386207235,1.022978427992357,1.9762144722281447
2011-04-07,0.0001598215787098249,-0.010409294693436877,1.0231419350853377,1.9557501676787707
2011-04-08,-0.002068095640517943,0.005712916041902716,1.0210281662012497,1.9669551803588023
2011-04-11,0.0022633956702653663,-0.0031175422642970574,1.023341774249358,1.9608326630141124
2011-04-12,-0.002885022786168953,-0.012750263098503467,1.0203936646391576,1.9359902409275114
2011-04-13,0.005159940132027051,0.006408357684515309,1.0256724422357049,1.9484365966201176
2011-04-14,0.0033910007212872664,-0.001085284517998275,1.0291564019436013,1.946323135608206
2011-04-15,-0.004187746431778087,0.006528559655757604,1.0248555675808866,1.9590713909012565
2011-04-18,-0.0014851167733154092,-0.016262800425597135,1.023334667024248,1.9274690714670721
2011-04-19,-0.0003404833839973189,0.0072577042938828384,1.0229862978841753,1.9415089590713102
2011-04-20,-0.0025153784374054144,0.015576375119824348,1.0204163337799035,1.9719873863955328
2011-04-21,0.0016951382078852061,0.0046081887007769495,1.0221475474038715,1.9810956465602572
2011-04-26,0.00042731266616419857,0.00497472633964513,1.0225844173309449,1.9909756099358877
2011-04-27,0.0014341915801383603,0.0021544510996491795,1.0240520514749623,1.995269693563713
2011-04-28,-0.0018143774028004343,0.009946201530388166,1.0221957191264557,2.0152140690128073
2011-05-03,0.0013151872347031317,7.486164924408456e-05,1.023540982330205,2.015364936908633
2011-05-04,-0.004289101899546512,-0.008836425973832718,1.0191603120449595,1.9976347648774608
2011-05-05,-0.0003708104723990258,-0.005337831942799909,1.0187824667870184,1.9870001344051123
2011-05-06,0.000942989094412832,0.005178326555137502,1.0197436206503594,1.9973161567804107
2011-05-09,0.0020964588099016282,-0.0009326930999744576,1.021883713672314,1.9954541422615442
2011-05-10,0.0016621556602140894,0.013285535850238617,1.023583655863965,2.022141706561613
2011-05-11,0.001660485657621922,-0.0030988807946599195,1.0252847137441616,2.0158850298177056
2011-05-12,-9.779700729851113e-05,-0.004236052300576887,1.0251844488704107,2.007363696548476
2011-05-13,0.004009652057707689,0.002678811948054971,1.02930333393496,2.0127482552930513
2011-05-16,-0.0004467001551773272,-0.004644459824060476,1.0288436466548003,2.0034218018197003
2011-05-17,-0.0007042687999329717,-0.009049802814116603,1.0281193192649813,1.9853730216914762
2011-05-18,0.004216824133042418,0.004341693333545393,1.0324638712902614,1.9940116420545304
2011-05-19,0.0033408251244625288,0.008293588628982107,1.0359189206759492,2.010617921975743
2011-05-20,0.00407734190123264,0.00047543823255224993,1.0401513389421098,2.011574073884481
2011-05-23,0.0024700003772895993,-0.016521379895428012,1.04272368868635,1.9786131243438958
2011-05-24,0.00012122686816650884,0.00533511670459319,1.0428501024757115,1.9891974655176337
2011-05-25,0.0009610676355332687,-0.0028373274713668906,1.0438528337270088,1.9835614602800122
2011-05-26,-0.005670504730384105,0.001335221277978249,1.037950411966629,1.9862117226975975
2011-05-27,0.000854481497702135,0.009899307359553688,1.0388377004209834,2.005971485640071
2011-05-31,0.0025348761855635065,0.008493115188313638,1.0414743657666976,2.023080986164953
2011-06-01,0.004086140454430725,-0.004237540995555733,1.0457386826705373,2.014526235902513
2011-06-02,0.0025548474171144665,-0.003904413712362498,1.0484138012477324,2.0066760272469724
2011-06-03,0.002461736003232649,0.0008105211683275826,1.0509978986263262,2.0083031399606033
2011-06-06,0.004479797053970443,0.002019241284262563,1.0557167177005504,2.012362485591993
2011-06-07,0.0017891180358934615,0.0009913824583556163,1.0576072101737932,2.0143584957012868
2011-06-08,-0.0027186611608639184,-0.01154963804785325,1.0547358394386452,1.9912272202377228
2011-06-09,0.0010516177142081196,0.00342262238876323,1.0558456017517888,1.9980541153805222
2011-06-10,0.0002396145693819051,-0.010600296024902534,1.05609862805417,1.9769860116302589
2011-06-13,0.0027998248548834963,-0.0005516539148189281,1.0590596624968185,1.9758957003223019
2011-06-14,-0.0019700919009108843,0.006928730879360856,1.0569752715282072,1.9896336883260939
2011-06-15,0.0014830270237291211,-0.00829641384258828,1.0585439573335076,1.9731951486061048
2011-06-16,0.0002879173849187945,-0.011241692175113727,1.0588487744204882,1.9511373121451019
2011-06-17,-0.0008833610779556852,0.0025671688252568714,1.0579138416281397,1.9561526458764353
2011-06-20,-0.0014525212227661688,-0.010689941458105423,1.056378314783955,1.9353528609246151
2011-06-21,0.0019649541744650935,0.010098141228564117,1.058456090461868,1.954995336773261
2011-06-22,-0.000586516113014625,-0.0016057806510048067,1.0578354709293627,1.9518585622486078
2011-06-23,0.002816026727158526,-0.015808106349680884,1.0608185621494113,1.9212459755251647
2011-06-24,-0.001963688607239865,0.006492026053743771,1.0587374887833305,1.9337593290129842
2011-06-27,-0.00994548559165673,0.0018026130194801482,1.0482600184710529,1.9372482924366932
2011-06-28,0.0004010722767758181,0.004949225731630591,1.0486805308256009,1.946859937013881
2011-06-29,0.001882332479478262,0.016475045353738338,1.0506563552452188,1.979200215048178
2011-06-30,-0.0012043208325106867,0.011359719983706995,1.0493917895330456,2.0018115614114658
2011-07-01,0.0013539449475304006,0.008867871192318688,1.0508135705338681,2.0196423120398537
2011-07-04,9.112898662626213e-05,0.005136160753234975,1.0509093344730531,2.0300422045157642
2011-07-05,-0.00010077427533262262,0.003555028393064319,1.050803435182483,2.037271905473811
2011-07-06,0.0014903454956256448,-0.0011286518106512489,1.0523706629142058,2.034973831955279
2011-07-07,-0.004929214238589578,0.002971224587566823,1.0471960662833175,2.0410291876959596
2011-07-08,0.002287498081965102,-0.007713891547551199,1.049594267170602,2.025345478881483
2011-07-11,-0.00692287978327974,-0.01621451214099956,1.0423531458638797,1.992770299041956
2011-07-12,-0.002562935243284768,-0.008631314004494683,1.039685082747354,1.9756440900204648
2011-07-13,0.0013586581737315903,0.005520495178851448,1.0410986194222709,1.9865807839020504
2011-07-14,0.0021127925087907153,-0.006488903366300036,1.0433005700996407,1.9737317862029902
2011-07-15,0.00476483894597314,-0.0016841298885506006,1.0482835915079005,1.970410562980508
2011-07-18,-0.003630882612596092,-0.018819353905545455,1.0444842984099862,1.9336754589123715
2011-07-19,-0.0008324859138530013,0.005588252135099836,1.0436151417748434,1.944511574196739
2011-07-20,-0.0046137104789092265,0.009367294038407081,1.0388112939621368,1.9628119646268032
2011-07-21,-0.00023169775971481862,0.00044430544464368893,1.0385706315941017,1.9636842464349273
2011-07-22,0.010292699071211464,0.00965703168406229,1.0493155287065061,1.9827394677704988
2011-07-25,-0.0005916218855679699,-0.0028890037144222447,1.0486949142774986,1.9770195924322633
2011-07-26,0.0008054829794796546,0.00022907179669928723,1.0495399604710898,1.9774725237373247
2011-07-27,0.0013609017589663514,-0.011826529936795893,1.050969253592568,1.9542236335623575
2011-07-28,0.0010795819334947139,-0.0029829253900466313,1.052104473682697,1.9484030158181143
2011-07-29,0.0016506951599604709,-0.0054817837899818755,1.0538426116184443,1.9377515130403675
2011-08-01,-0.0007839753285740024,-0.009489015472922802,1.0530167487810793,1.9194511226103044
2011-08-02,-0.0025562013012796585,-0.022482821458515545,1.0503284633607288,1.8767779498953137
2011-08-03,0.0029700513477835446,-0.01749116023372288,1.0534526300000417,1.8442363508577886
2011-08-04,-0.002109636618786043,-0.03932768189851643,1.051232570338593,1.773114505538662
2011-08-05,-0.001231934624274674,-0.024661631834922204,1.049938317917899,1.7299214037233897
2011-08-08,-0.0010701439671451207,-0.04472590610796523,1.048815333745644,1.6542538644745994
2011-08-09,-0.0007516828284333688,0.02290539934969793,1.0480272534993715,1.6925825004543633
2011-08-10,0.003752149648465536,-0.019969134393928556,1.0519669952182458,1.6591183303101058
2011-08-11,-0.0024360369320881566,0.024833178431006075,1.0494074835647516,1.7008353511163614
2011-08-12,0.0003810306890390065,0.028429122394690864,1.049807416209764,1.749882487669089
2011-08-15,-0.0012048217135289968,0.009511679579791377,1.0485433470815668,1.7666062184929145
2011-08-16,0.0008576388447665542,-0.011372999414481555,1.0494430043217988,1.7466284260506082
2011-08-17,0.0011071123204936019,-0.004167034719506191,1.0506054989888847,1.739365308099353
2011-08-18,0.0013531883908121873,-0.05035272683655023,1.0520281284792117,1.6539519648741534
2011-08-19,-0.000122382525471843,-0.010306329161043237,1.051899386498026,1.6369933322450962
2011-08-22,0.0047316137217757286,0.009758483281249397,1.0568883617130687,1.6530461022640262
2011-08-23,-0.0013178540345424445,0.006805926759204439,1.0554964544882486,1.6643349850446676
2011-08-24,0.0005272662208349352,0.011971872143782036,1.0560531288598105,1.684379939090976
2011-08-25,0.0008697814184259548,-0.0020135797811704492,1.05697206382651,1.680991718073277
2011-08-26,0.002042524413821356,-0.0024278335725949063,1.0591331613675223,1.6769155001364926
2011-08-30,0.004682505281715888,0.024319077998852023,1.0641041873345094,1.7181964619430803
2011-08-31,-0.004438692076775368,0.027224833851356323,1.0593914235006339,1.7656166495909635
2011-09-01,-0.00319368000613667,0.004823981035336544,1.0560134632259737,1.774154527548012
2011-09-02,-0.008212413974027692,-0.018685692536518417,1.0473765569706797,1.7413110289100393
2011-09-05,0.00018575421534616993,-0.02901732497160836,1.04757112965198,1.6915088976430108
2011-09-06,0.003505835844257853,-0.001280002376416789,1.051250187385723,1.6893451473324923
2011-09-07,0.001479377021649242,0.024529817325907644,1.052806533684576,1.7312969061351866
2011-09-08,0.0004633551818946012,0.004234653819001011,1.0532944700826905,1.7386438941870574
2011-09-09,-0.003900353446741888,-0.02083269051740899,1.0491942507162073,1.7027979442324448
2011-09-12,-0.0004566480021787275,-0.01664790567837926,1.0487152476339445,1.6746845882219674
2011-09-13,0.0002205656260601134,0.0027306785681506796,1.0489465836805496,1.6792638629536343
2011-09-14,0.00040561164341987224,0.009622896588233232,1.0493721349266518,1.695501245479185
2011-09-15,-0.001110281660499423,0.021163595172792427,1.04820768284472,1.731766545936857
2011-09-16,-0.005573872969685702,0.010032763608323947,1.042381359053415,1.7492283991695867
2011-09-19,-0.000752212920194727,-0.01928687027483278,1.0415975611557753,1.7158145183239386
2011-09-20,9.05892082230282e-05,0.0077516369458496825,1.041691922928142,1.7291665728178809
2011-09-21,-0.0020358065902769777,-0.004140996282609777,1.0395733968327874,1.7220209057692377
2011-09-22,-0.0019177248373237344,-0.0374852438290727,1.0375816914912637,1.65866539900504
2011-09-23,0.0015860516493570495,-0.007389451443087225,1.0392286553840424,1.646453945117666
2011-09-26,-0.006166999064809679,0.0024116579305584196,1.03283945458527,1.6504294206484427
2011-09-27,0.0015606162883554553,0.028840533525309908,1.0344525790681234,1.6987217262956582
2011-09-28,-0.001536727887629498,-0.00876731705752043,1.0328641277627468,1.6838935907927017
2011-09-29,-0.0009736948290965778,-0.005313602537567519,1.0318589227632582,1.6749697793258074
2011-09-30,-0.011611560147218336,-0.01677398024241583,1.019946724264344,1.6471081974259583
2011-10-03,-0.00588726549018208,-0.007031278968073096,1.0139596680998821,1.6355675405346888
2011-10-04,0.007942305014367648,-0.03386752058327147,1.0220449102844518,1.581102428244172
2011-10-05,0.010266472063389464,0.014942012633277102,1.0325917525977364,1.604904664512634
2011-10-06,-0.00666958411376204,0.03297926541724472,1.0257277106458023,1.6587156883036502
2011-10-07,-0.0005527135644840192,0.0069937092364984466,1.0251609336737504,1.6703569237921374
2011-10-10,-0.00343991015732533,0.018190623034405107,1.021640530571712,1.7010197998141914
2011-10-11,0.004457502263554517,0.001409132629401455,1.0262046603013957,1.7034184519299411
2011-10-12,0.0004308960463193475,0.016107756169619236,1.0266469431143483,1.7310788766353544
2011-10-13,0.004528921542473257,-0.00871030542893969,1.031307091328947,1.7160661286257746
2011-10-14,0.007583059278694905,0.010501336234209901,1.039157280745602,1.7341820703580038
2011-10-17,-0.006484649534659857,-0.00855802353718893,1.0324405114530533,1.719404224153656
2011-10-18,0.0018852828777842189,-0.006999778671353596,1.0343887898224895,1.7074107997661148
2011-10-19,0.0008418767528195608,0.005183509825869237,1.0352599843657795,1.7162841581256072
2011-10-20,0.0009650980680466223,-0.011866706830371498,1.0362595940597215,1.6960378830760687
2011-10-21,0.007345924023600838,0.015154966845040363,1.0438999065262968,1.7219370356686279
2011-10-24,-0.0031073807812163666,0.019639265499426628,1.0406611466554043,1.7560888751143884
2011-10-25,0.011552996049224584,-0.003895132930500367,1.0527536184105533,1.7492619799715903
2011-10-26,0.009733577532759387,-0.0005755174804615848,1.0630507098496063,1.7482555387642431
2011-10-27,0.0009911101717371212,0.029393666511348115,1.0641048325107678,1.8004058690396232
2011-10-28,-8.708682297774509e-05,0.00370120998460699,1.0640121670366187,1.8070818962865947
2011-10-31,-0.005075328590620145,-0.027612178908913876,1.0586256364334912,1.7578670195326402
2011-11-01,0.0009089938317924237,-0.030233915574511272,1.0595883580949237,1.705515204445247
2011-11-02,-0.0007917803617652712,0.008237408950796166,1.058749728890309,1.719622253653487
2011-11-03,-0.0006721732965649875,0.015006283714482649,1.0580383047217539,1.7456219848432648
2011-11-04,0.006600922580947009,-0.0018178264281125678,1.065045434978091,1.7424516295166068
2011-11-07,0.0041100534246630354,-0.008274538209487758,1.069431836613289,1.728093133815319
2011-11-08,1.8639200775584508e-05,0.011302353201147142,1.0694517701537796,1.747735445855173
2011-11-09,0.0005300975058285182,-0.014539888658694267,1.0700188341560697,1.722507417876305
2011-11-10,0.0001250810635012058,-0.007968247249991123,1.0701526816205293,1.7088365914765198
2011-11-11,0.0036471446976594412,0.019624710656769295,1.0740628093655575,1.7427032398184439
2011-11-14,0.006286596866922603,-0.0040024937126279525,1.0808362779830787,1.7357420214676333
2011-11-15,-0.004148238060402312,-0.008511369644381261,1.0763619984021808,1.7210311730584984
2011-11-16,0.001829333791753191,0.0015095666116184958,1.0783328258790592,1.7236311461774747
2011-11-17,0.0005615882175618139,-0.012268872363984329,1.0789385749635372,1.7026133317258239
2011-11-18,-0.00023616467030051678,-0.010487938296021682,1.078683797876564,1.6848497427014388
2011-11-21,0.0006342412658200503,-0.027913764926744022,1.0793681606565655,1.6384695770629043
2011-11-22,0.00044349757830445635,-0.006656157413244657,1.0798469639881267,1.627599880976533
2011-11-23,0.0012145121506737184,-0.013937596481472525,1.0811592479778778,1.6050724047138603
2011-11-24,-0.0005541551709160547,0.003453250897861082,1.0805602839648576,1.6106247036596613
2011-11-25,0.003378368618575547,0.003991171970584517,1.0842169882883064,1.6170658291014013
2011-11-28,-0.0013392204468671007,0.02744076641495674,1.0827659545726311,1.6620537838315328
2011-11-29,0.0028093782888559573,0.012347097122761497,1.0858121306642856,1.682702537078732
2011-11-30,-0.0012342185798193714,0.027888139276599944,1.0844728278246636,1.7302904649278403
2011-12-01,-0.0014497963408569067,-0.010868030234968629,1.082901702268363,1.7115874324913247
2011-12-02,-0.0036412110075148716,0.010092182325120547,1.0789657987462749,1.7289485433180471
2011-12-05,0.0001199420017466118,0.005900692424377851,1.0790952198253492,1.7391806955927307
2011-12-06,-0.0018070066754423,-0.005415716945442739,1.0771470482692995,1.7297872443241695
2011-12-07,-0.002507238652769469,-0.003117604503993121,1.0744497663329076,1.724402849388382
2011-12-08,-0.002268459198437927,-0.01906153447995429,1.0720151832973623,1.69184437804546
2011-12-09,0.0020413834643182153,0.004402308347883022,1.0742058125624818,1.699308816999946
2011-12-12,0.0017264159588135806,-0.02290452631521056,1.0760619403836684,1.6608293131243517
2011-12-13,0.0037046661258323954,0.006021486520722874,1.0800557839642095,1.6708601443958087
2011-12-14,0.0002939678527926473,-0.02200521191059579,1.0803733323161344,1.6344941015321282
2011-12-15,-0.002016890901903316,0.008491950924167213,1.078196533092709,1.6484332467303555
2011-12-16,0.006284255291238718,-0.0024553242640052986,1.0849935300239315,1.6443907734043641
2011-12-19,-0.0012396728507189844,-0.005605673862561389,1.0836493263600955,1.6351986431390293
2011-12-20,-0.0007257814602333895,0.012234563441801072,1.0828631191114633,1.6553274672859515
2011-12-21,0.002229259533514292,-0.0025772298447588327,1.0852797947410013,1.6510668006513367
2011-12-22,0.0008598817037834761,0.006137745314697796,1.086213408321077,1.661231791322015
2011-12-23,0.0015908859093772677,0.008105575078101168,1.0879428252146843,1.6747517498259743
2011-12-28,-0.0007081513154071882,0.002900379025572164,1.0871726697973914,1.6796162156614791
2011-12-29,-0.0007988735301359242,0.004295042291163398,1.086304503152651,1.6868457528107332
2011-12-30,-0.0055388071902343315,0.004623265654556619,1.0803043042718503,1.6946625444730634
2012-01-03,0.00025068262247690434,0.025322718381429965,1.080575151734876,1.7381239650867755
2012-01-04,-0.0019180052471550139,-0.00854832216248802,1.07850458923353,1.7233292465770316
2012-01-05,-0.0028671226801030036,-0.012655440525151107,1.0754168128971535,1.701657179817086
2012-01-06,0.0011801451392316484,0.009936157983126748,1.0766867100056052,1.7186493932481461
2012-01-09,-0.0009729721657006954,0.0005073151057715108,1.07563963327645,1.7195215112474789
2012-01-10,2.2334498287740815e-05,0.009379312875251955,1.0756636574162801,1.7357253129710273
2012-01-11,0.002703263923591711,0.002403384727310609,1.0785753939983618,1.739901945696238
2012-01-12,0.006050893489313635,0.00901200415601977,1.0851215238218594,1.7556528161147213
2012-01-13,0.0015708951344739395,-0.000841112694789814,1.0868274755287457,1.754176735105705
2012-01-16,-0.00020877434387320612,0.001996477046986911,1.0866005975196167,1.7576824070260195
2012-01-17,0.0010463569489280306,0.010782854726254953,1.0877381646523878,1.7767377921703824
2012-01-18,-0.001664204712664469,0.0064836666363561335,1.085929451124864,1.788294993749464
2012-01-19,0.004873719205605712,0.01371277315170083,1.0912348844411477,1.8129863841314486
2012-01-20,0.00011911703470322035,0.0016271079736434046,1.0913648768467483,1.8159387099582707
2012-01-23,0.0030511112628774104,0.003844402250217982,1.0946998375953816,1.8229333453022962
2012-01-24,-0.0031427144403273254,-0.012099406441162586,1.091264908935031,1.8010098320493053
2012-01-25,0.0025150242193690883,0.0010704994279855384,1.0940129208204632,1.802938844363384
2012-01-26,0.002178964085023794,0.014812842427692985,1.096399334694343,1.829844274354497
2012-01-27,0.003151719518711746,-0.0049716011492453305,1.099860329054607,1.820769594991776
2012-01-30,-0.0018333521798272142,-0.014896627217085623,1.0978457450081374,1.7938472926952655
2012-01-31,-0.0028665714140579325,0.007007258890771695,1.0947031980979414,1.8064613885890952
2012-02-01,-0.0011699274042996162,0.0230937281276411,1.093423223711463,1.8486647576936284
2012-02-02,0.0032968204382578517,0.005925608201508226,1.097033992500771,1.859651740873822
2012-02-03,-0.00019880759603217697,0.013323572465042233,1.096815915488358,1.8845947415576412
2012-02-06,-0.00030478944954189885,0.0002224901963572279,1.0964816685092915,1.8850140920607021
2012-02-07,-0.0014942544492201977,-0.003923077085309146,1.0948444693982886,1.877633523206833
2012-02-08,0.002247643904720603,-0.0028449091325395415,1.0973080574937815,1.8722994175696552
2012-02-09,0.0008721399385253436,0.0064920388529490225,1.0982654811185912,1.8844939991516334
2012-02-10,-0.0006628561414903297,-0.005981573426158349,1.0975377303231335,1.8732554056696027
2012-02-13,-0.0004708090806847993,0.009624370625830991,1.0970211212149754,1.8913713474018337
2012-02-14,-0.0008402339371202373,-0.002655213676662882,1.0960997539754112,1.886356013670497
2012-02-15,0.0012734522507851069,0.0038341259317959953,1.097496473813454,1.8936024231251474
2012-02-16,0.0007298053549175535,-0.007602638134434514,1.0982977249601718,1.8792606359204669
2012-02-17,0.0010627501848117908,0.009664468075250454,1.0994655615196947,1.897510737051918
2012-02-20,-0.00038657758870503723,0.009501927708697622,1.0990406149167669,1.9156266787841476
2012-02-21,2.76670748286346e-05,-0.003570243309901855,1.099071022576343,1.9087996198325585
2012-02-22,0.000677293868317899,0.006106384620885308,1.0998156687844696,1.9204911446196562
2012-02-23,-0.0005574948016251938,0.004922706100717988,1.0992026981462244,1.9299684659888305
2012-02-24,-0.0005549851763090407,0.0018495278954411276,1.0985928261935947,1.9335412995131513
2012-02-27,0.0017066238691815176,-0.004774142973731799,1.1004693117053217,1.9243322969424168
2012-02-28,0.0013190725965084621,0.00496499795421812,1.101921868420955,1.9339103607176036
2012-02-29,-0.0021797041283034796,-0.006936903674864325,1.0995226205504582,1.9205414339182634
2012-03-01,0.00048026029018080293,0.007474541032921778,1.1000508044259827,1.9349503827269505
2012-03-02,0.0007603432735046528,0.00026003518409112303,1.1008875387179753,1.9354536033306258
2012-03-05,0.0009740193467231639,-0.010831238117903652,1.1019603468623815,1.9146033652714052
2012-03-06,0.001687256145233068,-0.023939224199923004,1.1038212056606869,1.8693135109408279
2012-03-07,-3.682895357486472e-05,0.012750271252620848,1.1037805538293353,1.8933003597159135
2012-03-08,0.0032801365829692795,0.01506267349792445,1.1074070492521289,1.9220343872326777
2012-03-09,-0.0006855830413770934,0.006055739122992065,1.1066480899537996,1.933709039714376
2012-03-12,0.001823303417462941,0.003109351672375027,1.1086676858066502,1.9397309784618477
2012-03-13,-0.0003058505795054718,0.015973507578255663,1.1083286510021058,1.9709640728827884
2012-03-14,0.0032546813057314364,1.7037609360670558e-05,1.1119417841521104,1.9709976536847935
2012-03-15,0.0007088033197003598,-0.004349761297534727,1.1127302115670064,1.9624429034223516
2012-03-16,-0.0002205920764401933,0.00796869432940106,1.1124847791703354,1.9781434845422252
2012-03-19,-0.0008280421734645172,-0.00062772628722918,1.1115639761403289,1.9769021415296486
2012-03-20,0.00014925734886089677,-0.013006866356079172,1.1117298976146885,1.9513553416449345
2012-03-21,0.0009792753817197456,0.0020265880164949124,1.1128191205721127,1.9553139448703134
2012-03-22,0.0004656708951821931,-0.009057054770410744,1.113337448723966,1.9376845152451503
2012-03-23,-0.0003950224391346259,0.0012976678188358903,1.1128977423020607,1.9402006182635176
2012-03-26,0.0019345090667383848,0.014419984059040658,1.1150527368310668,1.9683809720692083
2012-03-27,0.00023034268433302815,-0.0020473106010641118,1.1153096106550087,1.9643552072398238
2012-03-28,0.00037409790534615367,-0.010386180982854043,1.1157269236972676,1.9440586428916764
2012-03-29,3.762261973028018e-05,-0.013787826442172246,1.115768901056685,1.917438240195612
2012-03-30,0.0003907742403176685,0.009395006721975463,1.1162050000039332,1.9355374734312358
2012-04-02,-0.0009536829745280106,0.01001984917850507,1.115141001738505,1.955028753766476
2012-04-03,-0.0012752400944571903,-0.0013994915199155855,1.113719835578745,1.9522946212482761
2012-04-04,0.0017133116748941045,-0.024906343434237144,1.1156296203366933,1.9042706343995002
2012-04-05,-0.0001538520634423706,0.002472133071917071,1.1154579916206218,1.9089840685303885
2012-04-10,-0.0001615330801719775,-0.02170903632245924,1.1152778228074363,1.8679884616364302
2012-04-11,0.0014146781266745415,0.00874381337081509,1.1168566984856516,1.884393420554416
2012-04-12,0.0018331428506448654,0.01593958289728903,1.1189059340545853,1.9146705268754125
2012-04-13,0.0009247950098750927,-0.009099967080741678,1.1199411712962541,1.897326124545298
2012-04-16,-0.0032360975065658807,-0.004936461733946018,1.1163227903388575,1.8879831263841322
2012-04-17,0.0018368184889599399,0.015069650579086158,1.1183751570152876,1.9166498284881015
2012-04-18,-0.0016284601987837611,0.0004987418556368084,1.1165554096799797,1.9176059803968366
2012-04-19,0.0007911729496936318,-0.0007875738757547879,1.1174391476656487,1.9160963185858202
2012-04-20,-0.0019486707538658408,0.00191538330554053,1.1152637469376467,1.9197698945161494
2012-04-23,-0.0010984858026394288,-0.02327471480341714,1.1140393181773656,1.8756037684867428
2012-04-24,0.0007649946970317151,0.008069999592155597,1.1148918784085062,1.8908011290029427
2012-04-25,4.112646377361787e-05,0.005511636980353174,1.1149377309118245,1.9012513107774631
2012-04-26,-0.001968739934213831,0.002370507691592749,1.1127448677737148,1.9057635877139154
2012-04-27,8.201644500947217e-05,0.010358595641474011,1.1128361348946234,1.9256072207569963
2012-04-30,0.0007526770697570562,-0.0054242848485976936,1.1136740564383634,1.9151904559756916
2012-05-01,0.0005763967257576294,0.0075301519572228415,1.1143161595533448,1.9296665663883867
2012-05-02,0.00346934242943463,-0.0024369239858330616,1.1181888177898711,1.9249698407541016
2012-05-03,-0.0012965016474968264,0.0006445707390287936,1.116740023530408,1.9262110199578901
2012-05-04,0.00011577693462581126,-0.028898374337098076,1.1168693237519536,1.871343265660917
2012-05-08,-0.0009763546316089196,-0.025758749194576325,1.1157793953796964,1.8237553378118103
2012-05-09,0.001401148520768381,-0.0077837031622109976,1.1173438637993933,1.8096148716103553
2012-05-10,0.00046200492523743974,0.014283608183454533,1.117860201433733,1.835648183602133
2012-05-11,-0.0021405946456709147,0.006648536535355021,1.1154698751444987,1.847893218291513
2012-05-14,-0.0008041824163104794,-0.018580541982267107,1.1145731944807193,1.81387537443618
2012-05-15,-0.001173221595041231,-0.008460227655088914,1.1132663199163346,1.7985943076281579
2012-05-16,-0.0011776488188846464,-0.0044116939403355815,1.1119560548170837,1.7906769373686104
2012-05-17,0.0016731336267683718,-0.007748641219004426,1.1138180631438874,1.7768552430729974
2012-05-18,-0.00013203439111869044,-0.015315545555537824,1.113671010562316,1.7498490706758754
2012-05-21,0.007053308122561914,0.00034499835564716363,1.121553842688583,1.750452869876766
2012-05-22,0.0013916956645336877,0.013704711284537652,1.1231157909351948,1.774607458853073
2012-05-23,0.0009524714453926853,-0.019451613789884803,1.124186036264077,1.7404220386053084
2012-05-24,-0.001340352727515631,0.009286221294731334,1.1226802398187576,1.7566592573220672
2012-05-25,0.0014269337768266779,-0.005265689524581063,1.1242833736844449,1.7474335462547281
2012-05-29,0.002925783822133259,0.022814353543935795,1.1275776005385427,1.7877583561525787
2012-05-30,-0.0013387761769815044,-0.015421560071462892,1.1260690365493282,1.760399831047613
2012-05-31,0.0014362426168513624,0.0060229499153443555,1.1276875068689467,1.7710346253287532
2012-06-01,0.0077279343155321305,-0.02023518053429285,1.1364359620551887,1.7355575727698036
2012-06-06,0.006605287363425456,0.022656864564739365,1.143967294078279,1.7753287089565797
2012-06-07,-0.002632617814340582,0.015125288618909494,1.1409596261580364,1.8023851706523117
2012-06-08,0.007662424425411459,-0.004299521195175515,1.1497357232171281,1.794652412899384
2012-06-11,0.002720082295427579,-0.003820711886088901,1.152867356221144,1.787808645451188
2012-06-12,0.004824069026529562,-0.009142640591351281,1.1584423040811236,1.7715378459324254
2012-06-13,-0.0014730583911528416,-0.002142256778739693,1.1567371071600894,1.7677468190994836
2012-06-14,0.006202676803908619,0.003410192317632621,1.1639342713497653,1.773785466343558
2012-06-15,0.004401883537668761,0.014560753243328506,1.1690690675539595,1.799802069838732
2012-06-18,0.0031488728398573447,-0.0007738348965755648,1.172756119370811,1.798409858930328
2012-06-19,-0.0008414327200174737,0.013847749762206263,1.1717697390439097,1.823487019013368
2012-06-20,0.0027490410300642426,0.013876306889763157,1.1749954138591079,1.8489666572940722
2012-06-21,-0.000588371517488044,-0.007110498548231092,1.174304283365101,1.8358662131019665
2012-06-22,8.936500475073236e-05,-0.01109865048223746,1.1744092297621604,1.8156032295558229
2012-06-25,0.0016515558205978768,-0.014189385877623195,1.1763504347242733,1.7900228488691086
2012-06-26,0.003688342781731113,-0.0005624086028319653,1.1806972296660792,1.7890164076617638
2012-06-27,0.0006996837833907389,0.008086890075073683,1.1815236334477188,1.8035426435642763
2012-06-28,0.00031789515887454666,-0.005942116791638696,1.1818992937980275,1.792857559984525
2012-06-29,0.00022441336537610016,0.02255371275990825,1.1821645575593378,1.833752588281267
2012-07-02,-0.0007793696569183061,0.014655971461436934,1.181243573313898,1.8608259222823944
2012-07-03,0.00018064332233052238,0.008643280398112907,1.1814569763517995,1.876979270898542
2012-07-04,-0.001645146458168134,-0.002559136055090505,1.1795149045259885,1.8721819666670405
2012-07-05,0.0014782330805424072,-0.0027184359078269438,1.1812597918341818,1.867099471331702
2012-07-06,-0.008426009539537113,-0.005432149136840536,1.1713483013571349,1.8569846061508397
2012-07-09,-0.00238157608309064,-0.007916990917099298,1.168561965510046,1.8423409193457112
2012-07-10,-0.0014251276132740613,0.007456240418573401,1.1668978016897407,1.8561291966481113
2012-07-11,-0.0009630614374766513,-0.008868470589446176,1.165774548383246,1.839740946226733
2012-07-12,-0.002795493704693281,-0.003992367453431456,1.1625201838692512,1.8324106666714726
2012-07-13,-0.0016416954688159115,0.01089784487055745,1.1606132454853306,1.8524892015197845
2012-07-16,-0.0040015262852198035,0.0028482191274701307,1.1559783006879074,1.8577730178583514
2012-07-17,0.0026436831913237055,-0.0050781624324383046,1.1590383842544565,1.8483628580931828
2012-07-18,0.001061869535871156,0.00601678355861246,1.1602697854836201,1.8595175814746012
2012-07-19,-0.004091323557620905,0.014045232571071153,1.1555324439836814,1.8858192122648212
2012-07-20,0.002980311964920746,-0.00656807452280006,1.1589814281237925,1.8734735989782252
2012-07-23,-0.0014269137456168395,-0.024654784177593925,1.1573288409231846,1.8278482642452019
2012-07-24,0.0014831857337517813,-0.0010099712195419386,1.1590466481479775,1.8260031220317339
2012-07-25,-0.00047677323845565854,-0.0011489341041528434,1.1584941774361093,1.82390636951643
2012-07-26,-0.001762087171981545,0.015160274329623746,1.156454607185252,1.851767951416277
2012-07-27,-0.0005027198347583937,0.012557268319929094,1.1558733806255233,1.875167709487076
2012-07-30,0.0006500551029880486,0.005343991376118851,1.1566250062875876,1.8852154130639311
2012-07-31,-0.006145490565136242,-0.009135031314663422,1.1495387747108554,1.868072331737042
2012-08-01,-0.0027890564299463162,0.0044349148422675455,1.146337113082684,1.8763754716976493
2012-08-02,0.0041344527627436315,-0.009846153435256966,1.1510864008145567,1.8579910473581842
2012-08-03,-0.0006619363710649173,0.02006529179143257,1.1503247069838562,1.8956487225330518
2012-08-06,-0.00027841544356810993,0.011026470204376082,1.150004483399978,1.9166667007934968
2012-08-07,0.0015848985913726437,0.0030147745651820657,1.1518285689993122,1.9224537377357382
2012-08-08,-0.000269828552999003,-0.0021399910482031714,1.1515178146903144,1.9183441028057402
2012-08-09,-0.0038759878457777577,0.0024104052564286604,1.14706318426001,1.922973666836018
2012-08-10,-0.00029038621314042036,0.0005929683227794413,1.1467301412835849,1.9241142674425844
2012-08-13,-0.00028962547287731625,-0.0029684493832817793,1.146398067115043,1.918411100600956
2012-08-14,0.001649292382517131,0.0058846520819049175,1.1482903727681693,1.9297335641836006
2012-08-15,-0.001446724443477247,-0.0005390911922749098,1.1466303141309235,1.9286935421742522
2012-08-16,0.0007392384686645728,0.0003652280365713523,1.14747826074723,1.9293980837811504
2012-08-17,-0.0005911571678173218,0.01001719485306829,1.1468001212117473,1.9488223663211741
2012-08-20,-0.0011151073405483794,-0.004727920501091276,1.1455220287160428,1.9396302360558364
2012-08-21,-0.0014658259729769525,0.006568213310677251,1.1438441228331806,1.9524120721508909
2012-08-22,-0.0013129586700605742,-0.01254449182465045,1.1423432882573958,1.9280730344767547
2012-08-23,0.000729781927737414,-0.0024302535076845544,1.143177254013994,1.9233930173390776
2012-08-24,0.003176391230728047,-0.0015186505494781954,1.1468142053510726,1.9204742723142594
2012-08-28,0.0015016198306767134,-0.006475525902356338,1.1485375779053004,1.9080783697290515
2012-08-29,-0.00320932762193469,0.0010982784304260917,1.1448574530535753,1.910175122244357
2012-08-30,0.0024453864854888734,-0.005441669800765325,1.1476604978642022,1.899808810570448
2012-08-31,-0.0028106812457387733,0.007415536421792268,1.144439319000481,1.9139492767719044
2012-09-03,0.004333442893077898,0.008108820980675446,1.149409442529491,1.9295322431803748
2012-09-04,0.002457008489301459,-0.006480061973114459,1.1522370235602846,1.9170691789911618
2012-09-05,0.001457977571337711,0.0015125581688995027,1.1539181845472033,1.919971051710584
2012-09-06,-6.750124576047141e-05,0.019920717668968635,1.1538402962610483,1.9586017510995857
2012-09-07,0.00385024589368995,0.011207523691179944,1.1582914286019337,1.9806762960571962
2012-09-10,-0.0008948553517906513,0.0028330427625338217,1.1572553889400694,1.9862955927982107
2012-09-11,0.0038919894130935145,-0.005173143957421189,1.1617681908542048,1.9760467320269197
2012-09-12,0.001955193471434421,0.0026025675415350946,1.1640418944772002,1.981196225157475
2012-09-13,0.010696761595168087,0.0029927310996296086,1.1765602064459462,1.9871342938043328
2012-09-14,-0.0022075916347121154,0.022502649135402564,1.17396570682797,2.0323569865309046
2012-09-17,-0.002441566155714553,-0.002909389063006529,1.1711028881929175,2.0264526624948385
2012-09-18,0.007194043435454051,-0.012259378486838557,1.1795582308223962,2.0017612721128533
2012-09-19,-0.0010108219893611254,0.0033880046410157405,1.1783665098353096,2.008554750262441
2012-09-20,0.000684154840269627,-0.003781941231158825,1.179172970827264,2.0009728604053425
2012-09-21,-0.0009648119672527927,0.0017588680777116394,1.1780358392808206,2.0044954046310557
2012-09-24,-0.0005901274011688362,-0.003932440800765491,1.1773408531378542,1.9966283236701161
2012-09-25,0.0015810012555075486,0.002374775602620005,1.1792037027005482,2.001375502411797
2012-09-26,0.0027377973725454946,-0.016350657139470925,1.1824365469163733,1.9689177734748837
2012-09-27,0.004838581232663471,0.001404715771931464,1.188171726076957,1.9716854867950864
2012-09-28,-0.005851038904108732,-0.0017285723911566464,1.181239985799405,1.9682802296631978
2012-10-01,-0.0022615810753000157,0.011304472022656498,1.1785715343990983,1.9906568380300431
2012-10-02,-0.006123610847676619,0.0022641625185446657,1.1713764733270229,1.9951691149664954
2012-10-03,0.0035873123899348544,-0.0018260705603552196,1.1755861127945566,1.9915291198381706
2012-10-04,0.0016824758833722973,0.0068577807197733875,1.177565672892257,2.0052335270399557
2012-10-05,-0.005136903510831889,0.008910859062117638,1.171532141754202,2.023181728570964
2012-10-08,-0.000949538534962053,-0.007222595988213953,1.1704202548139497,2.0086217480576583
2012-10-09,-0.0015689853969340834,-0.00525821814280647,1.1685853223933804,1.998087696182527
2012-10-10,-0.001557407341223958,-0.0070345403519862515,1.1667667755101478,1.9840813893802927
2012-10-11,-0.005075296981016448,0.005909021425885896,1.1608600893889813,1.9958400757713934
2012-10-12,0.0033117273823173696,-0.005063948558623466,1.1647109144559542,1.985758791392536
2012-10-15,0.0013954256576199735,0.0014687594963351813,1.1663373164473179,1.988677536417355
2012-10-16,-0.0011453451425492435,0.010872101502171105,1.1650022223850502,2.010416600972517
2012-10-17,0.00132530217830364,0.005043502938065103,1.166547225940254,2.0205817554519876
2012-10-18,-0.0004983773664329226,0.0021063326793715476,1.1659659900554056,2.024842258277812
2012-10-19,0.0003072797480473349,0.00024849248425873327,1.1663243228424465,2.025345478881483
2012-10-22,0.004122925842824389,-0.0028447707871990247,1.1711429180638444,2.0195920227412443
2012-10-23,0.002795095791392322,-0.012444251589155186,1.1744209537830108,1.9946154412554233
2012-10-24,0.0011432093566946422,-0.0023911481807008528,1.175764330540205,1.9898517178259245
2012-10-25,-0.0014516272278128019,0.009188271700439898,1.1740587972232968,2.0082192698599917
2012-10-26,-0.0006779556269918712,-0.003874773432244183,1.1732631072070383,2.0004529313050634
2012-10-29,-0.0008207208037452583,-0.00043613724951541144,1.172300580803437,1.9995806494969401
2012-10-30,-0.0003608684093426301,0.0028146288215040727,1.1718776108804028,2.0052166547345602
2012-10-31,-0.005479599229746376,-0.0016157701602086405,1.165473752538601,2.0019793016126894
2012-11-01,-8.44887856661255e-05,0.013052260976092356,1.1653752872361889,2.02828093240291
2012-11-02,-0.0002728509492752095,0.002395448182772597,1.1650573568585796,2.033145398238415
2012-11-05,-0.0008537971923778425,-0.007477877067010752,1.164063058683231,2.0179984908296165
2012-11-06,0.0031230880539757895,0.004238509852150685,1.1677042129790673,2.026569949588662
2012-11-07,0.002927554572807345,-0.010007179795785248,1.1711277396228688,2.0063908361431313
2012-11-08,-0.001077920211145948,-0.005499415241265737,1.1698660374917749,1.9953871444663298
2012-11-09,0.000749130371402011,-0.004490662095312459,1.170742748015171,1.9864466245028303
2012-11-12,0.0020778547762591577,-0.0033072077589988425,1.1731779105067652,1.9798878843496839
2012-11-13,0.001612323192446536,-0.000516905108860044,1.1750709781690902,1.9788647346457293
2012-11-14,0.0016463902797473203,-0.006676358572923036,1.1770071970541773,1.9656971288496194
2012-11-15,-0.000986091116415769,-0.003008283115677912,1.175847132771748,1.9597926410047624
2012-11-16,0.0013890156643195574,-0.009157218822384294,1.177481537702258,1.941928309574369
2012-11-19,0.0013503874039696004,0.014390201589822738,1.1790726680185548,1.970075082578059
2012-11-20,-0.0021947225042428767,0.006450102246533973,1.176487768306282,1.9828233378711109
2012-11-21,-0.0004906096912410397,-0.0031774168191560648,1.1759107135714215,1.9765330803251964
2012-11-22,-0.00013221803501392337,0.006631480477020446,1.175755247245474,1.9896839776247024
2012-11-23,0.003006837973507157,0.0022904858431544994,1.179295873147059,1.9942465438597625
2012-11-26,0.0004564896557508163,-0.0038176202480677546,1.1798343324054108,1.9866477816972667
2012-11-27,-0.0027455720511566782,0.0019907041454363394,1.1765994550638588,1.9906065487314355
2012-11-28,0.004744993737522036,0.0019698306931719145,1.1821956786327081,1.9945315711548095
2012-11-29,0.0016330076548041056,0.011372691642105082,1.1841277903726566,2.017344238521323
2012-11-30,-0.000774156370721537,0.000631781674092835,1.1832114450430438,2.0186191623359018
2012-12-03,-0.0005043263026007155,-0.0005651997126481234,1.1826148708364468,2.017478561729335
2012-12-04,0.0007428458788193658,0.0021510524061909564,1.1834936977955577,2.0218229346557726
2012-12-05,0.00010803778171432344,0.004123120700572969,1.1836215667365544,2.0301763639149866
2012-12-06,-0.002578595105540462,0.0038017542117128045,1.180573417617922,2.037909285476705
2012-12-07,0.00038409484232653174,0.0031556692939549436,1.1810269568740854,2.044350410918444
2012-12-10,6.429226506014595e-05,-0.0007715252201112577,1.1811028902131768,2.0427737513122093
2012-12-11,0.0018391166990639005,0.0010176467640548026,1.1832770749387773,2.0448536315221166
2012-12-12,-0.011015682395988373,0.0027606271190041554,1.1703140001359562,2.050506509065136
2012-12-13,0.002814919018573056,-0.001039470349819993,1.1736129802752464,2.048376175747828
2012-12-14,0.004169162053176072,0.002666083751771353,1.178516176986316,2.053844604593017
2012-12-17,0.002992892413084832,-0.0020930225066386754,1.1820486326041224,2.0495503571563987
2012-12-18,0.0008811866712558518,0.0060950337063925275,1.18309069716322,2.0620805829496174
2012-12-19,-0.001740993419663669,0.008835651133793476,1.1810327360128205,2.080381137188469
2012-12-20,0.0005752136077914261,0.0016434444430188933,1.181712277535851,2.0838029390081707
2012-12-21,-0.0032699734627721125,-0.004873838673777442,1.1778544207299495,2.073671529139495
2012-12-24,0.0026550231101334044,0.0026980502669715634,1.1809858065487515,2.079273953575114
2012-12-27,-0.00015132080601108582,0.00015329748754489003,1.1808071123450334,2.0795927254809565
2012-12-28,0.0020142531143404136,-0.0030697915970083756,1.1831879537521537,2.073218597834432
2012-12-31,-0.0008523111592785215,0.0012371127620696143,1.1821799390877419,2.075784990151406
2013-01-02,-0.0004998878878892951,0.018962535212807552,1.1815891293365086,2.11552270934497
2013-01-03,0.0001791593139953894,0.003119117586104281,1.1818008409988368,2.1221315749879377
2013-01-04,-0.005454646113051496,0.003440407525205913,1.1753720848695428,2.129445146046593
2013-01-07,-0.0006343879191370266,0.0021324094777401825,1.1746266794814961,2.1339908399762564
2013-01-08,-0.002100001737151012,-0.006862037416453859,1.172162549658105,2.1193974424697397
2013-01-09,-0.0006993088190519795,0.0058475007326563855,1.1713431325959491,2.131826925856947
2013-01-10,0.0008459809392913641,0.0017059973565434206,1.172334485833342,2.135466920985272
2013-01-11,-0.0004578419192553502,0.005249026962600212,1.171797864815511,2.146705514467304
2013-01-14,-0.00041395721900020914,-0.0030285539936425465,1.1713128910162898,2.140213935918164
2013-01-15,-0.0013568222128647126,0.0012297532027147895,1.169724705353986,2.1428474898391467
2013-01-16,0.0010334986986844119,-0.0008771259192084102,1.170934239232973,2.140968766823674
2013-01-17,-9.934631104538806e-05,0.006559653883110528,1.1708179170140156,2.155058943726519
2013-01-18,0.0005906717797219455,0.007637561249007163,1.1715096904021849,2.1715813535471176
2013-01-21,0.0001896283699546542,0.003762448542364183,1.1717318629396043,2.179767206413901
2013-01-22,0.002233800423813201,-0.002835957763238639,1.1743522036411236,2.1735942359618123
2013-01-23,-0.0012725626523332981,-0.001830586105482368,1.1728587173650609,2.1696189242398267
2013-01-24,0.0016290004217138776,0.010153620664588914,1.1747708617294017,2.19176063080144
2013-01-25,0.0011721013812294122,0.005320055959646908,1.1761486195572566,2.2034519917797475
2013-01-28,0.001212840839752884,-0.0002740617658396616,1.1775759660337572,2.202848192578854
2013-01-29,0.00041830934451014194,-0.0018978889920315822,1.1780686601063026,2.198671396044853
2013-01-30,-0.00044119456273047095,-0.004672286290807293,1.1775490172591692,2.188422535273562
2013-01-31,-0.0011631499195032006,-0.0012271351771921957,1.1761801474692566,2.185738692053971
2013-02-01,0.004526608587699271,0.01865005086783711,1.1815163229026446,2.2268853306525456
2013-02-04,-0.00035167989260490506,-0.007469928690669647,1.18110088042476,2.21031263153334
2013-02-05,-0.003210736190029635,0.00498110820088371,1.1773147584558563,2.2213499040121425
2013-02-06,0.0012368475218783811,0.00743295028251012,1.1787718181919353,2.2379226031313513
2013-02-07,0.002201497598548405,-0.0030702639404687204,1.181369740129119,2.2310621271865516
2013-02-08,-0.0011703219416696086,0.005593027728549416,1.1799879659190722,2.243575480674372
2013-02-11,0.0017633598529234614,-0.00012712263697167714,1.182070544953599,2.2432902895705307
2013-02-12,0.005263850980250765,0.007627740346688228,1.1883091934031584,2.260466951699422
2013-02-13,-0.003384145742865546,0.009380031106985598,1.184294578757055,2.281769957254913
2013-02-14,-0.003664503846441562,-0.00756363485572642,1.1799626687160023,2.264576586629416
2013-02-15,0.002826875698112346,0.004279588465090356,1.1833029956289203,2.274288809803826
2013-02-18,-0.0005581973054942697,-0.004390701633965932,1.1826426634001581,2.264324976327582
2013-02-19,0.0018303058502822035,0.011490146298978487,1.1848092433328954,2.290492447718582
2013-02-20,-0.0006919642281222322,0.006198282251645537,1.1839896813058646,2.304733656326047
2013-02-21,0.0022514784945642475,-0.013570672116987481,1.1866584117783934,2.273668138297535
2013-02-22,0.0012856401160244088,0.008389842836947992,1.1881850085533487,2.292824102039117
2013-02-25,-0.005709902373541789,0.0012282984536291508,1.1814199205290488,2.2956421046579276
2013-02-26,0.0010616608747500186,-0.010998703487036465,1.1826748538742693,2.270531363772883
2013-02-27,-0.0005615446482506745,0.006590234259819638,1.1820109155724023,2.2855441117824635
2013-02-28,-0.007785486138558322,0.00574472389813252,1.1728441162708645,2.2987117175785765
2013-03-01,0.0016046574347421364,0.0033946700945062247,1.1747276401029314,2.306528345432112
2013-03-04,0.00425295477668778,-0.005549646548024256,1.1797343427245186,2.293763381642456
2013-03-05,0.0004768633062986864,0.013567985798276894,1.1802970489000446,2.3250972184694088
2013-03-06,-0.0005156639522858411,0.004462911381061474,1.1796885691579553,2.3354971109453198
2013-03-07,-0.0002736493558294791,0.00215955241652388,1.1793657923067788,2.340546189287446
2013-03-08,-0.0005650854698712194,0.0046760378354786525,1.1786995380968988,2.3515163001622437
2013-03-11,-0.0020937430183731428,-0.0004351967944113966,1.1762342259339247,2.350493150458291
2013-03-12,0.0003297616110995111,0.0005208064012123259,1.176622166787784,2.3517176211654696
2013-03-13,0.0019569905341332355,-0.003451012427680311,1.1789270598217552,2.3436158022080944
2013-03-14,-0.00032615077579386566,0.008005532114042424,1.1785426145435607,2.3624529940438284
2013-03-15,-0.006589361147151886,0.0015324526705864372,1.1708023014948656,2.3660761168667603
2013-03-18,-0.001011922254279847,-0.0011207364796828045,1.169618139831438,2.3634258544491726
2013-03-19,0.0034684516970065107,-0.0038327564946047943,1.1736819473393902,2.354384755888455
2013-03-20,0.0007874558378977516,-0.00037056111274225145,1.1746065340284737,2.35351247408033
2013-03-21,-0.0031705080523688235,-0.003562854071434529,1.1708883319634162,2.3451421725157178
2013-03-22,0.006758552297017243,-0.0016608110079179284,1.1788286442721598,2.341250567085555
2013-03-25,-0.00020056513623171643,0.000265067421125309,1.1785922360529435,2.3418712385918443
2013-03-26,0.0008030773802377516,0.0019177380167612057,1.1795391169766776,2.3463666432228965
2013-03-27,0.0003179337792275776,-0.009026773111729725,1.1799141919272236,2.325281830976027
2013-03-28,-0.0014039654470535852,0.004361981803981507,1.1782587955028754,2.3354468216467072
2013-04-02,-0.002495315122573496,0.009578343422480984,1.1753223337345606,2.3579240086107727
2013-04-03,0.0012854463235125047,-0.006910054479797978,1.1768341189586118,2.341686789894011
2013-04-04,0.0024504737984044804,-0.014764452340529033,1.1797214563596836,2.3073670464382365
2013-04-05,0.002588669456444046,-0.020224028871110633,1.1827793214542437,2.2611714933063207
2013-04-08,0.0019139424982606858,0.0032217595974870505,1.1850452608107442,2.2684681920595815
2013-04-09,0.0008703954802036767,0.0055010543101676745,1.1860771678680633,2.280981545547401
2013-04-10,-0.0017450498178069713,0.01431067863416935,1.1840092089927783,2.3138586249873736
2013-04-11,-0.0031549144318749997,0.01252068112717275,1.180279647568945,2.34301183919841
2013-04-12,-0.004546988067793579,-0.004398215225368318,1.1749251128230473,2.332729397625115
2013-04-15,0.0008600225644867838,-0.01195021518759809,1.175936009566354,2.3050186836210953
2013-04-16,-0.00027851717284736906,-0.0059851573742921715,1.1756085367990317,2.291263987120696
2013-04-17,-0.0021392440005942696,-0.00944439805987507,1.1730963113792872,2.2697262435687646
2013-04-18,0.007246838945011155,0.0016097805538244359,1.181628429518005,2.273382947193697
2013-04-19,-0.0008796210752578141,0.004689069925042588,1.1805895012468666,2.284068030773445
2013-04-22,-0.0015553540978710096,-0.0018523976108344442,1.1787546937857363,2.2798409449408323
2013-04-23,0.000513269689549518,0.016491307377194175,1.1793598681370105,2.3177502304175395
2013-04-24,0.0024634202712082386,0.005600327164254182,1.1822687085204018,2.3307668045090346
2013-04-25,-0.0015527206778452806,0.007956689225897762,1.180434399902907,2.349385966844936
2013-04-26,0.00026544747209611256,-0.002222902074271005,1.1807477848221137,2.3441693121103735
2013-04-29,-0.0026726087946144124,0.0012728786114823976,1.1775963210988738,2.3471550549304094
2013-04-30,0.0005199853928764815,-0.0030705298677524695,1.1782088132142263,2.3399590985831598
2013-05-01,0.0030889840998957964,0.005682787755826979,1.1818539084267752,2.353294444580496
2013-05-02,0.001308264629883766,-0.007095996329480769,1.1834010979388419,2.3366545838572836
2013-05-03,0.004752788842809018,0.012555271683915237,1.1890389405987736,2.366176859272767
2013-05-07,0.001706824516932284,-0.0003403199587417305,1.191070154383799,2.3653717390686517
2013-05-08,0.0018316403201849192,0.006495897576726861,1.1932537656875069,2.3807869652758917
2013-05-09,-0.0007161259664844146,0.006201959588047146,1.1923995515802501,2.395598392282246
2013-05-10,0.0012879742028149767,0.002384882652076925,1.193936320889304,2.40131843142927
2013-05-13,-0.0005300233139896257,-0.0011042792022220027,1.193303674477298,2.3986681690116822
2013-05-14,-0.0007913298888018679,0.005425837166622927,1.1923597511398991,2.411718323905179
2013-05-15,-0.0002704459461028187,0.0068136969838317185,1.1920373258801746,2.428207152923776
2013-05-16,0.0007452816289634462,0.006232266018885824,1.1929260605378615,2.4433876411345814
2013-05-17,0.001679632863950193,0.008653597526681267,1.1949314220174714,2.4646234850860678
2013-05-20,0.003343979201360138,0.0018903100243630178,1.198933936272219,2.4692867937271363
2013-05-21,0.00045600670156744326,0.005730454086053882,1.199480782855273,2.4834775492272043
2013-05-22,-0.0005748204026208227,0.001255475069747547,1.1987914949560894,2.4865974514464613
2013-05-23,-0.0010979472595486004,-0.02157465200417441,1.1974760074195505,2.4335245500643494
2013-05-24,0.002795795473278518,-0.007937579142518913,1.2008285898040005,2.4142847162221557
2013-05-28,0.0009014295013524333,0.015812648969417253,1.2019115401492806,2.4527643839065396
2013-05-29,0.00012250692528399275,-0.016048929964668446,1.2020587916560082,2.4137143340144784
2013-05-30,0.0023748586973641123,0.003683413833387661,1.2049169038951684,2.4226214369847625
2013-05-31,-0.004176096383061809,-0.006376424890135013,1.199895546903918,2.4072229192741275
2013-06-03,0.0007965718359319203,-0.008207345918439302,1.200851730686617,2.3875468626234757
2013-06-04,-0.002038186356709262,0.0018110264487294359,1.1984066636702602,2.391874690862097
2013-06-05,-0.0022723233045120585,-0.018580461325955255,1.1956865878963205,2.347842888040706
2013-06-06,0.0002814006640063018,-0.011258489368735525,1.1960231022415575,2.321557965747092
2013-06-07,0.00296429754150036,0.011836993647937888,1.1995737305425165,2.349201518147107
2013-06-10,-0.0011433538185269823,0.0014413167703910545,1.1982029771145064,2.3525899029735937
2013-06-11,-0.0021873906029102465,-0.015745230293482848,1.1955849036005746,2.3158379266000644
2013-06-12,-0.00397147055214217,-0.0030176812643141204,1.190846089622031,2.3088599997526464
2013-06-13,-0.00043781573228529684,-0.006311393727026271,1.190324832584856,2.2943337638501355
2013-06-14,0.002158575797107356,0.010509072685129794,1.1928970140847897,2.3185722229270542
2013-06-17,0.000960956873778628,0.006130607781344111,1.194043887629937,2.332830140031125
2013-06-18,-0.0003005029997886655,0.006236176842755015,1.1936851277667322,2.347423537537643
2013-06-19,-0.0053226154356742095,0.0011426613505225447,1.187348479610876,2.350107380757234
2013-06-20,0.0030191710230725076,-0.024786475143393716,1.1909387047594813,2.2925724917372774
2013-06-21,-0.0037872496295344475,-0.009003342163005357,1.186436852790618,2.2720243170872956
2013-06-24,0.0027658645740493005,-0.020338484741612817,1.1897229187629599,2.2262815314516575
2013-06-25,-0.0006071488258995666,0.013946641086324263,1.189000799128914,2.2575482066746004
2013-06-26,-0.0028422981750391464,0.011120380030735788,1.185626102546317,2.2827931069588665
2013-06-27,0.0030594785840336184,0.01411829398684894,1.1892590548517903,2.315250835895778
2013-06-28,0.002891808245647793,-0.0003187888851687859,1.1927031414116651,2.3145128772956665
2013-07-01,0.0009176584382377668,0.016709636848242226,1.1937981378532152,2.35351247408033
2013-07-02,6.297138869844386e-05,-0.0014835494295954987,1.1938733153467722,2.350023510656621
2013-07-03,0.002627605424304782,-0.003031048095600397,1.197014468394212,2.3429112606011913
2013-07-04,0.003602018900332563,0.024854124340702555,1.20133391182154,2.4018719413315526
2013-07-05,0.004526063919574523,-0.003680177154933517,1.2067835492958727,2.3930488722706693
2013-07-08,0.003422592476349449,0.014391527352895395,1.2109209538783292,2.427737513122109
2013-07-09,-0.00472630217271777,0.010132789543940035,1.2052112789959493,2.452462320497303
2013-07-10,0.01127124186669358,-0.006133391071369232,1.2188723508183898,2.4374664447931202
2013-07-11,0.0006408451737647318,0.007527736848944144,1.2196537096201148,2.4558842861257975
2013-07-12,-0.0008282217967656017,0.003980890988019681,1.2186439840293914,2.4656803794008164
2013-07-15,0.0030899071974423466,0.004249608148494843,1.2224153043611174,2.476180850473942
2013-07-16,0.0015808470617880727,-0.005420422327052421,1.224349284263761,2.4627952151779957
2013-07-17,-0.00022972795180319625,0.0028632879218903895,1.2240680493153966,2.469857012126029
2013-07-18,-0.001279914930335318,0.006464934378367815,1.2225023485389734,2.4858762013429514
2013-07-19,0.0005716260634936606,-0.0003306538669090031,1.2232013625123495,2.4850543726422267
2013-07-22,0.0040931220477505095,0.0023394450994125293,1.2282183355151113,2.4908748265776826
2013-07-23,-0.0018275819388370344,-0.0018468324827392024,1.225975715778045,2.4862788433494076
2013-07-24,0.0019340342954249938,0.0008698981337396106,1.2283490892107274,2.4884425936599253
2013-07-25,0.007454048231666321,-0.004540035413665322,1.2375394727946707,2.477170583184683
2013-07-26,0.0015459365836392115,-0.0028684835814623,1.2394541099118244,2.4700750416258606
2013-07-29,0.006346279816746617,0.0008010577253525497,1.2473450450704986,2.4720545070473388
2013-07-30,-0.0003471407974684741,0.006256932444342667,1.2469121158648768,2.4875704756605925
2013-07-31,-0.005523086556018509,0.0028953518798431332,1.2400442955624658,2.4947833043132395
2013-08-01,0.0034367777340399263,0.012581122181206439,1.2443133839386096,2.5263687514420266
2013-08-02,-0.0008247509499270842,0.004689793330594938,1.243287558376651,2.538244724926953
2013-08-05,-0.0012189728826335331,0.0042995064381639025,1.2417729478797819,2.5491814188085407
2013-08-06,0.0016748246196959212,-0.005416994898345351,1.2438544423675144,2.5354098500027487
2013-08-07,-0.0022061080572874266,-0.009639365968334701,1.2411133897010063,2.5110875208252166
2013-08-08,-0.0015726438803214688,0.007725579272401362,1.23916309428594,2.5305622564726358
2013-08-09,0.003149055533092038,0.0025950440592961144,1.2430714382507246,2.5371377051223907
2013-08-12,-0.0013284138638149524,-0.0032116786095581773,1.241421221246689,2.52900230536301
2013-08-13,0.0002415961893224716,0.001583912551609501,1.2417211801160872,2.533011197886999
2013-08-14,-0.0032723639924808062,-0.0009606753416395719,1.2376644575940008,2.5305789649692447
2013-08-15,-0.0003301100446815793,-0.026415844380565545,1.2372559595529664,2.4646067765894633
2013-08-16,-0.004095086782973729,0.009591073890884871,1.2321996491069651,2.488358723559317
2013-08-19,-0.003441928070007075,0.0020606601369070887,1.2279657970338218,2.493491672002056
2013-08-20,0.001729966732458906,-0.006147302630189699,1.2300919755901063,2.4782104413852415
2013-08-21,0.0005714095209889362,-0.002100471062167486,1.2307950627128583,2.473010495147287
2013-08-22,-0.000455309673662215,0.007467083583541978,1.2302347973713033,2.4915457873825795
2013-08-23,-0.0015814449459772882,0.006676376264424633,1.2282907863469987,2.5082359374043994
2013-08-27,-0.0009330058383188993,-0.012455932316713714,1.2271453183194565,2.4771872916812914
2013-08-28,0.001386248028526506,-0.009675598637883809,1.2288476257352339,2.4533346023054277
2013-08-29,-0.0007727965979254433,0.007492814839823225,1.2278983433190516,2.4717860244401075
2013-08-30,0.0015375093523045894,-0.007533812369828752,1.2297877005856244,2.453234023708207
2013-09-02,0.0018425911426252284,0.016969482719543905,1.2320557854448633,2.495219363312906
2013-09-03,-0.0008918531981470286,-0.0009415879903382773,1.2309574623965809,2.492871000495766
2013-09-04,0.000690639463441685,-0.0006731060732718674,1.2318079038383367,2.491193598483522
2013-09-05,-0.00020497404220293182,0.00843483823429736,1.2315554410681107,2.5122952830357876
2013-09-06,0.002845376129282798,0.004729306542271772,1.2350646696920862,2.524204837322716
2013-09-09,0.003615115369826436,0.002959445423584839,1.239537651262962,2.531686148582599
2013-09-10,-0.001237207293693023,0.011711512040490035,1.2380050345178155,2.561510323598531
2013-09-11,0.0022523549156013008,-0.0016319300149891802,1.240796603865162,2.5573335270645297
2013-09-12,0.0006874924792250774,-0.0035285122864578966,1.2416499354944959,2.5483258454970206
2013-09-13,0.0021382578357403296,0.001841366861375704,1.2443077437252938,2.553022571131304
2013-09-16,-0.0016336549090315042,0.0047129187850529775,1.2422766337894935,2.565083157122854
2013-09-17,0.0016311044951523566,-0.009177493109985946,1.2443045702296012,2.541649818250053
2013-09-18,-0.0003777690302911087,-0.004173053647802405,1.2438345992745439,2.5310654770763117
2013-09-19,-0.0010584546305266705,0.003169389205288198,1.2425187532878192,2.539100134429682
2013-09-20,7.264449383943871e-05,-0.006947451938343008,1.2426090187123413,2.5215209941031294
2013-09-23,0.0003931596408288627,-0.007438265491451546,1.243097658478252,2.5028348339720115
2013-09-24,-0.003116532881086102,0.00949175531441071,1.2392295344499165,2.5267042318444752
2013-09-25,0.00042770482802317183,-0.002286348904050328,1.2397596722680002,2.520933903398844
2013-09-26,-0.0011058697921079346,-0.0012916497415602635,1.2383894172984005,2.5176798417803647
2013-09-27,-0.0017162940722553594,-0.005645712259253699,1.2362657997797157,2.503505794776905
2013-09-30,-0.004739636572647434,-0.0011195750176078434,1.2304202131027775,2.5007045006547006
2013-10-01,0.0015740211093885183,0.0038963044057496177,1.2323584455008032,2.510467013127718
2013-10-02,0.0016369184292662335,-0.005030577963156091,1.2343773677063794,2.4978696257304938
2013-10-03,-0.003072957757917937,-0.002575271639008392,1.2305900003883425,2.4914452087853607
2013-10-04,0.0013261199560394912,-0.0009295239551363466,1.2322229928782105,2.4891304267702195
2013-10-07,0.0008882702055227055,-0.004606542033796401,1.233318026120045,2.477690512284964
2013-10-08,-0.0007746006669943126,-0.007024846101211679,1.2323630670581078,2.4603461099548474
2013-10-09,0.0019483466622037026,-0.002020065778216562,1.2347664781050893,2.4553810655221224
2013-10-10,0.0014977076319419367,0.017512085591663507,1.2366171828443724,2.498758616035225
2013-10-11,0.0011600254710054428,0.004901852471050461,1.238052522628753,2.511037231526607
2013-10-14,-0.001632424882792402,0.005834765405630549,1.2360331435753558,2.5257313714391345
2013-10-15,-0.0006864443569952429,0.004704207216349232,1.2351849667452943,2.5376409257260644
2013-10-16,-0.0031544363150899637,0.005813113667555214,1.231294793308274,2.5524354804270177
2013-10-17,0.002131098586974753,0.0010050270153154628,1.233921601902329,2.5550020365527826
2013-10-18,0.0019459318212468697,0.010403991663906709,1.2363250669435235,2.5817230178460644
2013-10-21,0.000607560739441618,0.008462442221441435,1.2370764377439727,2.6036634034044557
2013-10-22,0.0017191968585289967,-0.000612221901223009,1.2392050448925813,2.6020698714928203
2013-10-23,0.0014672165380927042,-0.0011287592910136368,1.2410245615145652,2.599134417971395
2013-10-24,0.0007885289958477077,0.0020566375023811645,1.2420035312881799,2.6044853959139687
2013-10-25,0.000893063056901064,-0.0022761124161512214,1.2431132141931642,2.5985640357637165
2013-10-28,-0.00035690240699669376,-0.004062036210914499,1.242669623258894,2.588029983888585
2013-10-29,-0.0013939838117189307,0.006891847599879597,1.2409385687320642,2.6059278961209826
2013-10-30,-0.0016118230621654634,0.0030528487485703693,1.2389400064253442,2.6138955556791372
2013-10-31,-0.0005016482128630791,-0.006631708301895856,1.2383186502494143,2.5966183149530297
2013-11-01,0.0022665758943149344,-0.0015709881807577375,1.2411285767043658,2.592542260825039
2013-11-04,0.004065268568778892,0.0008213785226338643,1.2461843673075335,2.5946725941423465
2013-11-05,0.0021120873234871905,-0.006537886905036316,1.2488191990303128,2.5777642508118963
2013-11-06,0.0006299124361576098,0.0023528479498402532,1.2496060935856081,2.5838364788579784
2013-11-07,-0.0022055728811283355,-0.0009287608542205561,1.2468530334269496,2.581437826742224
2013-11-08,0.001082331725374845,-0.003091293156936459,1.2482032725934402,2.5734701671840674
2013-11-11,-0.001404962757805937,0.005097167930562918,1.2464508248314612,2.5866210644835763
2013-11-12,0.0004471843422647131,-0.003332358675713465,1.2470083427710847,2.5780158611137347
2013-11-13,0.004443527847888914,-0.012393391008435728,1.2525617883761355,2.546262673783721
2013-11-14,0.004322025583253025,0.005131843525617796,1.2579871082102936,2.5593632817846195
2013-11-15,0.0002996676209153545,-0.0007409255530816949,1.2583641427038466,2.5574676864637507
2013-11-18,-0.0010883981090072195,0.0028752187620852965,1.2569952866158043,2.564831546821015
2013-11-19,0.0028879256340533185,-0.0016298150912739118,1.26063064231776,2.5606547502870103
2013-11-20,0.0012798372180241966,-0.005702200834958759,1.2622450772185478,2.546094933582497
2013-11-21,0.0017751364307489977,-0.0019981874393213417,1.2644877243530648,2.5410124382471584
2013-11-22,0.0025618109640168,0.0025843854456688575,1.2677312557524203,2.5475878868969115
2013-11-25,0.0017735042531435417,0.007360415362276385,1.2699815774140277,2.56640837023604
2013-11-26,-0.0014620882493768172,0.0004050982705852135,1.268126109032561,2.567448228436597
2013-11-27,0.0008382735048372129,0.006551076187339078,1.2691895912327549,2.5843229909650423
2013-11-28,0.0020003021723359994,0.0016278103615512407,1.2717308947693393,2.5885332044922587
2013-11-29,-0.00109708986659455,0.0022525321739408355,1.2703364567434294,2.5943705307331073
2013-12-02,-0.0020792887315984393,-0.008558092269979056,1.2676978046740128,2.5722624049734963
2013-12-03,-0.00018057007460152153,-0.011919636977008707,1.2674689170526001,2.541783977649272
2013-12-04,-0.0017997570357263161,-0.0016577743508019438,1.265189832466017,2.5375737641220586
2013-12-05,0.002720219059982036,0.001961335193964686,1.2686361111541855,2.5425556808601772
2013-12-06,0.0008277750305221154,0.010461159302048273,1.2696866912117981,2.569293370650066
2013-12-09,0.0025786318680175464,0.004865061534381709,1.2729649706975985,2.5818235964432867
2013-12-10,0.0014746386297848487,0.001233662265564206,1.2748435187671099,2.585010660266545
2013-12-11,0.0018852860697771753,-0.0009543444298376613,1.2772492305090521,2.5825448465467926
2013-12-12,0.000800437925871136,-0.012062484484253844,1.278271998510483,2.551580070924292
2013-12-13,0.001935231938573304,0.0014452293532105642,1.2807481464957273,2.555270355351226
2013-12-16,-0.0002390788367945112,0.009870033604114425,1.2804419833186629,2.580615834232711
2013-12-17,-0.000137562440474075,-0.002342744483522452,1.2802658547091705,2.5745771869886327
2013-12-18,-0.0005566042749280014,0.001178604027824548,1.2795534515431113,2.5776133829160703
2013-12-19,-0.0006089791855654813,0.014426839830033344,1.2787744673409598,2.6150697370877083
2013-12-20,-0.0016892457699480882,0.002984612128763331,1.2766161264786169,2.6228863649412477
2013-12-23,0.0023226384518435974,0.006698959448604214,1.2795846902979267,2.640515958375202
2013-12-24,-0.0007015508009788564,0.0026201567697281547,1.2786873114487585,2.6474435959240115
2013-12-27,-0.0009477119388981886,0.006007365287233668,1.2774760582677893,2.6633956235369287
2013-12-30,-0.001746740744959853,0.0014223689935892736,1.2752465865075462,2.6671866503698736
2013-12-31,-0.0009761476872189811,0.0021799283464609687,1.2740023648723267,2.6730072681141173
2014-01-02,0.0006906552307635472,-0.001023452427308058,1.27488256519212,2.6702729717871314
2014-01-03,0.002194060071235348,0.006349530522671287,1.2776828049477018,2.6872818937147946
2014-01-06,0.0005278943389283697,0.0017960706087922773,1.2783574645261984,2.6921127787482964
2014-01-07,-0.004000055358992444,0.0012391857136275775,1.2732541774195514,2.6954508742761805
2014-01-08,-0.0012710143130338128,-0.004209429660463115,1.2716368811569956,2.6841284106935355
2014-01-09,0.0025101387108320394,-0.0032988474607673623,1.2748328756351301,2.675288469327253
2014-01-10,0.0006935268426452696,0.01510264598732114,1.2757173131093844,2.7159990489261605
2014-01-13,-0.00038478733226233216,0.003889460430064773,1.2752265276778163,2.726583390099903
2014-01-14,-0.00028863549650396086,-0.0011572387813512108,1.2748585051505823,2.7234299070786445
2014-01-15,-0.0036910776966287604,0.003498455095391151,1.270161577051737,2.7329743900518246
2014-01-16,0.0020202335625090946,-0.005119613540989221,1.2727301938288003,2.7190183725482036
2014-01-17,0.003897532427426377,-0.0013952359331863562,1.2777003804706755,2.7152273457152547
2014-01-20,0.001006800047670248,0.0024680554367169094,1.2789874170601747,2.72193695376423
2014-01-21,0.0002390686201099399,-0.005121795898601178,1.279293219369521,2.7080313893680055
2014-01-22,0.0013849929041374787,0.00018580798431422352,1.2810662589408504,2.7085346099716787
2014-01-23,0.0008453813399695371,-0.010402498423935924,1.2821497063500091,2.680505124061816
2014-01-24,-0.00020491880078503735,-0.017466899403201452,1.2818869966877509,2.6340915414300663
2014-01-27,-0.000765068852588104,-0.011219535972688988,1.2809066399420719,2.6047034254138044
2014-01-28,-0.00048780444459641924,0.012008824982538968,1.2802819603631197,2.6361714216399754
2014-01-29,0.003572606399080213,-0.0017513641448871908,1.2848640840759222,2.6315585661063077
2014-01-30,0.002271723912597762,0.0008601438670350348,1.2877862584701671,2.6338230588228333
2014-01-31,-0.004991670053745256,-0.0017465098295286197,1.2813740714433608,2.629227075594562
2014-02-03,-0.002731009532206934,-0.007440989817236954,1.2778794008014016,2.6097356314505338
2014-02-04,0.0006598724758294085,-0.0011512061740539536,1.2787229165212153,2.6067330163251023
2014-02-05,0.000861415988364704,0.0013568768936984554,1.2798249034526328,2.6102724328562097
2014-02-06,0.0025305825866578854,0.014577005766145845,1.2830677074283825,2.648601068835975
2014-02-07,-0.0008574877982870806,0.004751183712565776,1.2819679641005144,2.661215000921016
2014-02-10,0.0026991476708698517,0.0028701475664885123,1.2854328589728135,2.6688640523821188
2014-02-11,0.0006078748568145393,0.010478673478065303,1.2862144788273668,2.696977244583807
2014-02-12,-0.0008628880700863807,5.5998795007283775e-05,1.285105098402416,2.697128276288423
2014-02-13,0.0013009105793781793,-0.0031019629451662922,1.2867779931278343,2.688774847029208
2014-02-14,0.0022965281377558253,0.005052855725601546,1.2897365108554224,2.7023952203215953
2014-02-17,-0.0014295345881737889,0.008289297556267172,1.2878941051086512,2.724889279591055
2014-02-18,-0.0011197260386774902,0.00597786248985166,1.2864528236148989,2.7412270769050338
2014-02-19,-0.0018779106051253528,0.000318157901311622,1.2840392471641449,2.7420993587131575
2014-02-20,0.0022561388690380863,0.001314337794038778,1.2869394884623788,2.74570577303948
2014-02-21,7.043710992962185e-06,0.005610823553688249,1.286948553324126,2.7611547438575155
2014-02-24,0.0009111317227093259,0.0047515187995355035,1.2881216673260891,2.7743056411570235
2014-02-25,-0.0003053050676795466,-0.0006895286369985598,1.2877284572808307,2.7723933373395484
2014-02-26,-5.953280831458169e-05,-0.003406176249262316,1.2876517974713317,2.7629661414601943
2014-02-27,-0.002424900289221342,0.0031096402636769938,1.2845331529843589,2.771571344830033
2014-02-28,-0.0020947586348447353,0.012211045290481337,1.2818451823781236,2.8056226056785807
2014-03-03,-0.0008398754106811919,-0.021220839180692508,1.2807690441034398,2.7467122142468257
2014-03-04,-0.00024594087820966693,0.019599316603443384,1.2804540893716585,2.801076911748913
2014-03-05,0.0008618312272659595,-0.005073059663384782,1.281558100358197,2.786902864745457
2014-03-06,0.0005719937837477573,0.003448903479638332,1.2822913533131877,2.79653121781925
2014-03-07,-0.0001501769257526467,-0.006758760933765373,1.2820987971989326,2.7776938621747234
2014-03-10,0.0004883722171933841,-0.0065615798744627085,1.2827250915511141,2.7595274673350954
2014-03-11,0.00032826353864147265,0.001840164366674557,1.2831462325476062,2.7646101264792238
2014-03-12,0.0020446120400340233,-0.009436723290537685,1.285772452669542,2.738643976091453
2014-03-13,0.002006932880624068,-0.008642777045125172,1.2883555028189473,2.7150764778194287
2014-03-14,0.0010834903918784033,-0.003794354083947127,1.2897521801341651,2.704794036246136
2014-03-17,-0.0010650751002342631,0.010640924518687811,1.28837922847973,2.733729220957335
2014-03-18,0.00021510015471649338,0.003479147175788455,1.288656388858661,2.743256831625122
2014-03-19,0.0033731353229327116,-0.0009421216629927898,1.2930105406862324,2.7406735670027498
2014-03-20,-0.003392327622237931,-0.007457871374324299,1.2886316568168776,2.7203100048593876
2014-03-21,0.0027190574696741273,-0.0035395469739096797,1.292140288272599,2.7106983602821995
2014-03-24,0.0005391993995724823,-0.008744704880625065,1.2928371974098083,2.6870974450169633
2014-03-25,-0.0014838588171012725,0.008311445390463135,1.2909202321400013,2.7095241788736275
2014-03-26,0.0012217145855167302,0.0061594208957505,1.2924983320138745,2.726264782002851
2014-03-27,-0.0008491077555477337,-0.003124330884169524,1.2914013274595766,2.7177603210390204
2014-03-28,-0.000737953120090569,-0.0012660613756239059,1.2904486853665231,2.71432164691392
2014-03-31,-0.004318944677703573,0.005669333627658091,1.2848873271290866,2.7297537454265615
2014-04-01,-0.0013323938124700206,0.008194298519455856,1.283176491211394,2.752214060085228
2014-04-02,0.0028564461134614636,0.0005118506750250162,1.2868470556015288,2.753623143299029
2014-04-03,-0.0002752087268198161,-0.004083642924488373,1.2864929527900717,2.742401258313604
2014-04-04,-0.0012139501777500292,0.005161230901462588,1.284932161994165,2.756592013813665
2014-04-07,-2.1536851070815064e-05,-0.010453777958437271,1.2849044888995527,2.7279253117096984
2014-04-08,-0.0014554996972705112,-0.015385717163717061,1.283035671166681,2.686275452507449
2014-04-09,0.0041343968011892315,0.009273437521780892,1.2883512304854121,2.71130232329188
2014-04-10,0.001755638213648414,-0.0009408332668066066,1.290615095821014,2.7087526394715105
2014-04-11,0.002864833250073159,-0.015608666296133222,1.2943177941347708,2.6668008806688186
2014-04-14,0.002087368602303725,-0.012404908011802718,1.2970223341636231,2.6339238012288444
2014-04-15,-6.303347408003683e-05,-0.007151837393898575,1.296940580916564,2.615153607188324
2014-04-16,-0.00038873422657365096,0.00992461036595671,1.2964365137033662,2.64123720847871
2014-04-17,0.0013659060618969963,0.010229500973483852,1.298208534127513,2.6683944125804477
2014-04-22,0.0018911799468580262,0.010897216721652114,1.3006660030996742,2.697631496892095
2014-04-23,-0.002390712171648118,-0.0057745959891590815,1.2975601990758259,2.682098655973446
2014-04-24,0.003437498454726375,0.00013759218522579886,1.30202823528918,2.6824677171778992
2014-04-25,0.0005552927346298348,-0.006499371020145972,1.3027514428858977,2.66508989785457
2014-04-28,-0.005760858803277051,-0.003909900753022555,1.2952680518434876,2.6546900053786606
2014-04-29,0.0028821565504912865,0.004438418428744484,1.299006602099348,2.666498817259582
2014-04-30,-0.005002204943368427,-0.005007257436663082,1.2925249296951202,2.653180343567641
2014-05-01,0.00468690971983849,0.0020904473942486845,1.2985970960834101,2.65873247870465
2014-05-02,0.0007236253195889053,0.005072228754510633,1.2995371338986432,2.6722524372086083
2014-05-06,0.0014310715105271279,0.0004894824346610704,1.3013981958065597,2.6735607780164017
2014-05-07,-0.000326594799056975,-0.0035637339827925274,1.3009732353230263,2.6640498758452216
2014-05-08,0.0025585080421613626,0.005431639231108676,1.3043060475035817,2.678559403251126
2014-05-09,-0.0004771449251525173,-0.005230161272480771,1.3036838529424628,2.6645866772508997
2014-05-12,0.0018297259900443821,0.006037700023359349,1.306071420802365,2.68072331737044
2014-05-13,1.6277669312689236e-05,0.0035914754329784415,1.3060926807740825,2.6903683789408377
2014-05-14,0.0012493205511578008,-0.004017109514382611,1.3077254289024196,2.6795825529550816
2014-05-15,0.0009280977021518372,-0.022671888772821447,1.308939689256992,2.619514852420157
2014-05-16,0.0016898352232987395,-0.014096885747207466,1.3111534515690464,2.5828469099560287
2014-05-19,0.00089784344331677,-0.0012021848413272807,1.3123311907322959,2.5797437162333776
2014-05-20,0.0024572123688337884,0.003951984797909702,1.315559832270615,2.5899589962026677
2014-05-21,-0.0008211138389749559,0.010495072132014727,1.3144800512585724,2.61728394050563
2014-05-22,0.001740388893843639,0.0045974072216949935,1.3167697496458344,2.6293443626883866
2014-05-23,0.0013794341663198881,0.001969363788816736,1.318587400204089,2.6345276004297333
2014-05-27,0.0022100715975375187,0.008741787904178011,1.3215047954048058,2.6576590397020894
2014-05-28,0.0031423365655223632,0.005758481187204012,1.3256639395378862,2.6730072681141173
2014-05-29,0.002417686797799648,0.0012166381105558344,1.3288728572587643,2.6762613297325966
2014-05-30,-0.0012493699603417351,0.003472540767834431,1.3272136401336347,2.6855709109005463
2014-06-02,0.00038828507924817675,0.004617629524751976,1.3277290774489068,2.698000558096549
2014-06-03,0.0006070207906689059,-0.007018929765489901,1.328535281269779,2.6791297854588096
2014-06-04,0.0006055869689055467,0.0009136634006807753,1.329340068583607,2.681578726873167
2014-06-05,0.002200764947037124,0.000562816599185112,1.332268855212614,2.6830883886841854
2014-06-06,-0.001039886670567465,0.014732638401168785,1.3308841666728235,2.722909977978364
2014-06-09,0.00017884781102632777,-0.0008936468256059982,1.331122213679221,2.720477745060612
2014-06-10,0.00020692382754818354,-0.0004810991026840128,1.3313976830822185,2.7191692404440286
2014-06-11,-0.001519487852119626,-0.00761656052644355,1.329376176692581,2.698537195693432
2014-06-12,0.0010376369577597658,0.002384111634812669,1.3307563024552007,2.7049784849439646
2014-06-13,0.0016953964291457815,-0.01948667815710614,1.3330143755621098,2.6527777015611864
2014-06-16,0.002576603987341616,-0.006858812756687982,1.336453454386835,2.6346450513323503
2014-06-17,-0.0005081099964554741,-0.007746390514101975,1.3357745615175964,2.6143149061822024
2014-06-18,0.0011272374901519417,0.0024800119774059937,1.3372811456612645,2.6208064847313404
2014-06-19,0.004227902819877073,0.0038137265790236796,1.3429470093085698,2.630820607506194
2014-06-20,0.004502491470827649,0.006830779393567354,1.349007249615923,2.648852679137812
2014-06-23,0.0009775906568498815,-0.0073793001529995905,1.3503266713212572,2.6293779434903874
2014-06-24,0.0032141986063643105,-0.008205641966343435,1.3546738720670406,2.607890489237064
2014-06-25,0.0037312123251188067,-0.006012701154196165,1.3597378895020678,2.5922570697211973
2014-06-26,0.0017214088267038766,0.01239854124131412,1.362080570084081,2.624597347755497
2014-06-27,-0.0004785048366290511,0.002215262859422751,1.3614289638542165,2.6304179654997366
2014-06-30,-0.002140369838408333,0.0026810699610440025,1.3585181186167823,2.6374797624477666
2014-07-01,-0.0013235706700174981,0.007432484040101883,1.3567212133081994,2.657155819098419
2014-07-02,0.0017858051540413484,0.0035414504686439585,1.3591462176917208,2.6665826873601914
2014-07-03,0.0018509013076815812,0.008262903561824686,1.3616641927461899,2.6887076854252006
2014-07-04,-0.00047741857265530893,0.0013217410826840137,1.3610142641271947,2.692263810452915
2014-07-07,0.002809429577400489,-0.009886619819406306,1.3648433140606424,2.665777567156072
2014-07-08,0.0007403811796414077,-0.015204054269693401,1.3658541925350536,2.6255534996642305
2014-07-09,-0.0007423442289346331,-0.0065957589368323966,1.364840634808569,2.608292967434731
2014-07-10,-0.0016944275661269152,-0.007079796509065872,1.3625299693940094,2.5898919984074524
2014-07-11,-0.00041437396518979484,0.0007445462146566939,1.3619654894088837,2.5918210107215325
2014-07-14,0.003572331157640667,0.008140777516342013,1.3668395819151795,2.613006565374408
2014-07-15,0.0008492589135101422,-0.008846489430441196,1.3680008756631952,2.5899925770046672
2014-07-16,0.00034934176930616996,0.010289819714014214,1.368478858994422,2.616780719901956
2014-07-17,0.0008470678170341114,-0.00296590693324994,1.369638544490957,2.6090310898436324
2014-07-18,-0.0006062516542630404,0.00017998924570505892,1.368808450505967,2.6095007296453034
2014-07-21,-0.0008594828902809957,-0.004555007353573615,1.3676324884946907,2.597641464656981
2014-07-22,0.0025424143401137703,0.010572834734970726,1.371114000793505,2.6252516000637844
2014-07-23,-0.0015214794490202997,0.0047997366694705335,1.3690294652101833,2.6378824044542215
2014-07-24,-0.0012780871346572866,0.0014424410150084555,1.3672808439469335,2.641690139783773
2014-07-25,0.002986138472003289,-0.0036195641129843636,1.3713698359868283,2.6321456568105916
2014-07-28,-0.0008234713884375126,-0.004810222870567316,1.370241017002783,2.619514852420157
2014-07-29,0.0005512208257768188,0.00450429627332305,1.3709965305959722,2.6313405366064737
2014-07-30,0.0016900606160851963,-0.0036530079240577606,1.3733155569326743,2.621745764334683
2014-07-31,-0.004310336735118914,-0.008623248500345682,1.3674088435456326,2.5992349965686157
2014-08-01,0.001041917820668317,-0.0060132560419603465,1.3688343136702683,2.583652030160146
2014-08-04,0.00199822022182361,-0.0026068726065826553,1.3715722806956767,2.576925549805776
2014-08-05,-0.0013002231071581884,-0.0006966884815167163,1.3697900895972803,2.575130860699706
2014-08-06,0.0010128009102934046,-0.005827314158850072,1.3711781170260078,2.560168401988737
2014-08-07,-0.0032485020448691677,-0.0014818698754215376,1.3667310691417622,2.5563773751557926
2014-08-08,0.001504403308355789,0.0002165618293759053,1.3687887312725902,2.5569310488668635
2014-08-11,0.001245412269238097,0.014154684789472682,1.3704944995243886,2.5933809618311607
2014-08-12,-0.0005883324334792997,0.0003297889784619201,1.3696884303019978,2.594236371333886
2014-08-13,-0.00042347688757144277,0.003981523568642231,1.369108521706201,2.6045859745111897
2014-08-14,0.0004179170137859038,0.009492692927757673,1.36968081502837,2.629428232788999
2014-08-15,0.0015441931068350323,-0.0004976999938950399,1.3717975005665008,2.6281198919812057
2014-08-18,0.0026367728314496564,0.008174452313884473,1.375419391900124,2.6496913801439343
2014-08-19,0.0005227021831951988,0.006241365057855219,1.3761385145461946,2.666280787759748
2014-08-20,-0.00014150215500780672,-0.009252909390818687,1.3759438017572618,2.641723720585777
2014-08-21,-0.0015126269359462723,0.0056794276128595556,1.3738640854143946,2.6567698855885684
2014-08-22,0.0034700769407910474,0.0026797243655654057,1.3786397807198658,2.663898844140606
2014-08-26,-0.0007180311436630517,0.007334016082099382,1.3776502297281465,2.683507739187246
2014-08-27,0.0025264420571781123,0.0016613026935488051,1.3811351836219765,2.6879695630162974
2014-08-28,-0.0012173693241151707,-0.007120583623521526,1.3794548550147485,2.6688976331841197
2014-08-29,-0.00023358798731558774,-0.0015850877216063708,1.3791326685624803,2.664670547351508
2014-09-01,0.0034180431413885965,0.004484500996042584,1.3838546689245335,2.676647099433656
2014-09-02,0.0002726874173642286,0.0005200583561482119,1.3842320801355155,2.6780394741508475
2014-09-03,-0.000944961748990147,0.0016584633511715907,1.3829246516003293,2.682484589483295
2014-09-04,0.002174086736375584,0.0002438070919765778,1.3859345204151643,2.6831386779827966
2014-09-05,-0.0006263618351141986,-0.004461116696679923,1.3850666957401097,2.671195542893865
2014-09-08,0.004057283556311139,-0.009863475715491177,1.390697719674925,2.6449777822042564
2014-09-09,0.005841996858046672,0.001178923789215247,1.398845949175147,2.6480978482323034
2014-09-10,0.004601940230005982,-0.007260149194980414,1.4052981896496972,2.628941884490723
2014-09-11,0.0015367954504548736,-0.0032785636703849264,1.4074595058391546,2.6203368449296702
2014-09-12,-0.0010852184161743443,0.005776617809399198,1.4059329333455104,2.6355173331404775
2014-09-15,0.0019083480292913144,-0.003998601942077684,1.4086185043752428,2.624999989761952
2014-09-16,0.0036625583605218236,-0.003591326284251295,1.4137871112395861,2.6155896661879905
2014-09-17,0.0011802451980871442,-0.00105226313152329,1.4154567117639352,2.612838825173182
2014-09-18,0.0015350052300997534,0.009335655232586504,1.4176311136516564,2.6373456030485465
2014-09-19,0.002186911240126748,0.008631567667229945,1.4207347395086454,2.6602085597136704
2014-09-22,-0.003076482307226755,-0.007246018903689588,1.4163705907745963,2.641002306673477
2014-09-23,0.0019416688840372548,-0.013485554621164297,1.4191233851216787,2.605625996520539
2014-09-24,-0.0014615229861235832,0.00025099780874704436,1.4170508185949129,2.606280085020036
2014-09-25,-0.0044728231929996925,-0.007214927465765797,1.4107267545812823,2.587543635590311
2014-09-26,0.0007736112769563695,-0.002739420239185719,1.4118185309581388,2.5804649663368857
2014-09-29,0.0009852117522114276,0.000415900161524263,1.413210156577222,2.581538405339447
2014-09-30,-0.0011979093757941723,-0.0006759494390262688,1.4115182724449422,2.579794005531988
2014-10-01,-0.008580652751488638,-0.011036168936009005,1.3994583393410347,2.5514794923270743
2014-10-02,0.0003122584537433614,-0.013615481088670833,1.3998954002725896,2.5169753001734625
2014-10-03,-0.0001408446858199645,0.014876886515279963,1.399698246329126,2.554699973143546
2014-10-06,0.0011875105099504522,0.00307472215811444,1.4013613900122583,2.562567054104487
2014-10-07,-0.0012733012038657746,-0.011706654163367247,1.399578170396074,2.5327428790885524
2014-10-08,0.005111757263186065,-0.01103476381538293,1.4067507910033235,2.504948294983922
2014-10-09,-0.0017899487687619647,-0.00821662163613901,1.4042350313691323,2.484450409632545
2014-10-10,0.0019065168735142267,-0.011523624268839683,1.4069147828348123,2.455984864723016
2014-10-13,0.0012370323686695596,-0.006688228064733792,1.4086562588701768,2.4396134866070343
2014-10-14,0.0008354296450771381,0.008612408047749653,1.4098335837861533,2.460715171159301
2014-10-15,0.001724174426456542,-0.01671027554111504,1.4122664795625122,2.4199375937651766
2014-10-16,0.0004444536766140183,0.003694596092634228,1.4128943061012842,2.4288948222252795
2014-10-17,-0.0008122742503526889,0.018982911821428416,1.4117471144181757,2.4754427280650417
2014-10-20,-0.0016361785636636176,-0.00010839812139096239,1.4094391327022429,2.475174409266598
2014-10-21,0.0007035151813390478,0.01806570068684188,1.4104310434004788,2.5202965233959493
2014-10-22,0.0006914171945641891,0.009610879125588667,1.4114065768870827,2.544635561070088
2014-10-23,-0.0005779048039866949,-0.0022503472373376354,1.4105911538870501,2.5389156857318524
2014-10-24,0.0007117665560725013,-0.003070273389074174,1.4115955228904098,2.5311324748715265
2014-10-27,0.002279700863363808,-0.003265799036018535,1.4148172092680036,2.5228797880183196
2014-10-28,0.0018802864378405647,0.0055032991420453925,1.4174799734738135,2.53680222471994
2014-10-29,-0.002144053467246561,0.007293071525234396,1.4144440763478068,2.5553709339484474
2014-10-30,0.0024337850230632153,0.004205387795330751,1.4178907216523482,2.566139887628807
2014-10-31,-0.0023015348592660503,0.013188669279303511,1.4146311491785193,2.600208020782748
2014-11-03,-0.0031392987644955355,-0.003114253348853069,1.4101971628051415,2.592122910321977
2014-11-04,-0.000498278188674556,-0.0038318205240290837,1.409494667350801,2.5822093661443417
2014-11-05,0.00031558924387986467,0.008551053890785809,1.409939558904925,2.60438465350796
2014-11-06,-0.002835031282050104,-0.0007216295663177164,1.405947996924651,2.6025059304924905
2014-11-07,0.002444280287934815,-0.0032666435337151967,1.4093887312458768,2.5940183418340546
2014-11-10,-0.001011156297561597,0.008480232817969835,1.4079643392174126,2.616109759097061
2014-11-11,-0.000526632436736039,0.0022096342323809637,1.4072230547359719,2.621896796039301
2014-11-12,-0.0009632963024769914,-0.0016904368120229663,1.405868134670103,2.6174683892034607
2014-11-13,0.0008862798583964247,0.0017672183523025353,1.4071146795936555,2.6220981170425244
2014-11-14,0.0033281212647449936,0.0007801009955663574,1.4118055294094505,2.6241444164504304
2014-11-17,9.843639628574752e-05,0.0002876070229405059,1.4119445092982494,2.6248992473559434
2014-11-18,0.0014133580350669654,0.0032410887916540787,1.413941503316876,2.6334205806251725
2014-11-19,-0.00114312787005083,-0.006229793197098488,1.4123261108537941,2.617065911005796
2014-11-20,-0.0001484625806769267,0.00016660744901564328,1.4121164488384865,2.6175019700054647
2014-11-21,-0.002791508504153588,0.005566178235701713,1.4081800106193116,2.63211207600859
2014-11-24,0.00019469806570558657,0.001178280322442049,1.4084542072354538,2.635215269731238
2014-11-25,0.0033986641086950486,0.007704125266773332,1.4132492136909365,2.6555957041799982
2014-11-26,0.002629207283737683,-0.002732400102919641,1.416969827806876,2.6483494585341365
2014-11-27,0.00029521614049210347,0.006395594944629934,1.4173882019229922,2.665341508156406
2014-11-28,-0.009519481601816256,-0.002388066640625297,1.403959419943773,2.65898408900649
2014-12-01,0.004767749296748822,-0.008361994373725423,1.4106691288757913,2.636842382444875
2014-12-02,-0.0004715690869786361,0.007175317670096604,1.4100040577484751,2.6558306059852264
2014-12-03,8.667611819631509e-05,-0.0013525463524022285,1.4101262767234986,2.652240900155511
2014-12-04,0.001955913515434665,0.0018261283777665227,1.4128870608139321,2.6570886574944113
2014-12-05,-0.0002806379151967243,0.010200028680960926,1.4124906067673975,2.6843297316967605
2014-12-08,-0.00044035952526651743,-0.003154423465256073,1.4118687400068828,2.6758755600315407
2014-12-09,0.0033510247486407243,-0.015044443361732718,1.4166078831546687,2.6359198113381392
2014-12-10,0.00021445246008114502,0.0014752859718321076,1.4169117107773077,2.6398114167683007
2014-12-11,0.00024340418605372474,-0.0047132344186398,1.4172566349952758,2.627398641877698
2014-12-12,-0.0022601456202813097,-0.018453800623356997,1.4140570457497137,2.579357782723527
2014-12-15,0.00022540013758838736,-0.009356131021737824,1.4143758103258237,2.5553375169552326
2014-12-16,0.0028480491538068605,0.012583010695038865,1.418409763877842,2.5876945034861376
2014-12-17,0.007349832584986152,0.0011143344002206845,1.42887324348786,2.590579667708954
2014-12-18,0.0018948942207321338,0.018520782888328924,1.4315833740335364,2.6390062965641854
2014-12-19,0.004140829484633001,0.009879415518597057,1.4375236069363873,2.6652073487571872
2014-12-22,0.0023216191795777524,0.006436554267587269,1.4408648663785903,2.6824174278792907
2014-12-23,0.00021362925869060313,0.0064016396972323975,1.4411727101529161,2.6996443793067897
2014-12-24,0.001312561240751655,0.0006646269934034166,1.443065579575255,2.701439232221645
2014-12-29,0.0014565856498939308,-0.0033711232665272206,1.4451690597679492,2.692347680553527
2014-12-30,0.004376979485866947,-0.003770198319104523,1.4515083985533477,2.6822161068760635
2014-12-31,-0.0010113271765606218,0.005929776374063778,1.4500411907015247,2.6981682982977726
2015-01-02,0.00025708887350716833,-0.002078600150900556,1.4504140280818987,2.6925657100533624
2015-01-05,0.002707204661822409,-0.00815048150276887,1.4543459155108975,2.6707091945955876
2015-01-06,-0.0026777810075740965,-0.009022029262572673,1.450456705190633,2.6467223458205047
2015-01-07,0.0009074363171145681,0.004615820774237278,1.4517734996445215,2.658967380509883
2015-01-08,-0.0018912789480646142,0.014641482655971316,1.449030385801679,2.6981850067943776
2015-01-09,0.0019532822158793064,-0.004642259049619568,1.4518635171362868,2.6856883618031646
2015-01-12,0.0034574252325876133,-0.004212206891802239,1.4568919143393595,2.6743994790225236
2015-01-13,0.0007937167228433467,0.008823381562873323,1.4580487328475118,2.698101136693764
2015-01-14,-0.0020672181277405183,-0.013324334375889535,1.4550377413362197,2.662389182329583
2015-01-15,-0.0021718760804105806,0.002718072110674541,1.4518810089263943,2.669635591784234
2015-01-16,0.00018369736801966528,0.0004523048376103844,1.452147740144573,2.6708433539948095
2015-01-19,-0.0009169054570161239,0.00904673575084125,1.450816868192359,2.6951153938737313
2015-01-20,0.003236399232843093,0.0036901193289544665,1.4555198971261198,2.705079063541185
2015-01-21,0.0017600117912392223,0.007825894721525728,1.4580838849700044,2.726331779798067
2015-01-22,0.004131895365208416,0.007697991887342326,1.4641209987886208,2.747400047357123
2015-01-23,0.0015089293634142221,0.004872443121522352,1.4663319215989603,2.7608192634550677
2015-01-26,0.0007506437611266847,0.0007045138822565633,1.4674330277251686,2.762764984265756
2015-01-27,-0.006287133489752603,-0.007104477060993375,1.4582360220886132,2.7432065423265133
2015-01-28,0.0016652894742676912,0.004380708965484814,1.46066643029213,2.755250092203871
2015-01-29,-0.005514342996933768,-0.004068929248283837,1.4526339817836826,2.7440619518292406
2015-01-30,0.003283172773477463,-0.003257343848407146,1.4574110678308205,2.735138140362345
2015-02-02,0.001733802216119189,0.003049461699283995,1.459940122176494,2.743491569621561
2015-02-03,0.001481145291301719,0.01304166096832482,1.4621041078069905,2.779505587394977
2015-02-04,0.0023979199701231004,7.837982193947823e-05,1.4656143233715169,2.7797234530860226
2015-02-05,0.004483251103643256,0.0074189101424426696,1.4721997915275735,2.800422659440625
2015-02-06,0.0031979852426663093,-0.0005632248062354961,1.4769154009408716,2.798845836025599
2015-02-09,-0.0001296381246607822,-0.006397198073349486,1.4767239488080268,2.7809982130918116
2015-02-10,0.004898093878199396,0.0047837050681671656,1.4839748245800861,2.7943335590891483
2015-02-11,0.0005164384302317775,-0.0015679541286068854,1.4847414041375298,2.7899556053607073
2015-02-12,-0.0002179179538515618,0.010573675526547532,1.4844178875800547,2.8196122039842075
2015-02-13,0.0013152451763976715,0.002281853864854355,1.486371545534422,2.826053493234739
2015-02-16,-0.002632578456723246,0.0007949472369741528,1.4824637019343307,2.82830094983708
2015-02-17,0.0008716583678354944,0.001570421949937284,1.4837564671680987,2.8327460651695224
2015-02-18,-0.00022121258826164055,0.006751342829840468,1.483428277860788,2.851935609713106
2015-02-19,0.002827795480234774,0.002801676413351828,1.4876290462979138,2.859937013882059
2015-02-20,0.0008894683229945122,0.0042606862510048416,1.488952833857236,2.87214830396064
2015-02-23,0.0026851490062181236,0.002647980360238833,1.4929562665806688,2.879763774619745
2015-02-24,0.008237195047258852,0.001972679654768328,1.505304827475679,2.885450232964764
2015-02-25,0.0008926223505948791,-0.0007909002925536868,1.5066490960819872,2.8831690317516285
2015-02-26,0.00045818311510758777,0.003571629247078434,1.5073395754291137,2.8934850541269284
2015-02-27,-0.0019420702011787871,0.001390353426637958,1.504415056885958,2.897510818956311
2015-03-02,-6.28964767927219e-05,-0.0013845789200992442,1.5043204374548917,2.8935017626235346
2015-03-03,0.0020847815536995085,-0.0060414587476103065,1.507459888351323,2.876073490192809
2015-03-04,-0.002029224264306726,-0.0006009492991747578,1.5044040157424448,2.8743456350731638
2015-03-05,0.0016884398725557658,0.01013778423516598,1.5069462570739143,2.903633336301002
2015-03-06,0.00031724097967466446,-0.0022035178438120084,1.5074243980197666,2.8972421725402895
2015-03-09,0.001528255731103185,-0.006103488701588944,1.509729889236609,2.879612742915125
2015-03-10,0.0018018321622930255,-0.01435064124652996,1.5124526213238976,2.838583555219162
2015-03-11,0.002010748908585293,0.0015588606120040538,1.5154968433388813,2.843011962055001
2015-03-12,-0.000100878071234198,0.0065980373884553245,1.5153439706512444,2.861832281585342
2015-03-13,-0.002845167258814559,0.002832869399229665,1.511038691124541,2.869950972848118
2015-03-16,-0.0007071370029374017,0.0053336568639394955,1.5099705574561069,2.885299201260146
2015-03-17,-0.0010408691766819553,0.00011047530107788361,1.508399693319008,2.885617973165992
2015-03-18,0.0008667879310722312,0.009303778204387214,1.5097077227785887,2.9125904009523196
2015-03-19,-0.0014494082059856937,0.004281382174248449,1.5075211250357066,2.9250870459435334
2015-03-20,0.002554044876691146,0.005683967861783046,1.511376322719887,2.941760487468751
2015-03-23,0.0004340787997027661,0.0007751539243372463,1.5120325215506492,2.9440416886818848
2015-03-24,-5.074415969325772e-05,0.001594061392664159,1.5119557966776003,2.948738414316165
2015-03-25,-0.0020459425280727043,-0.004383995020843301,1.5088655842890233,2.935839454936077
2015-03-26,-0.0001448520494487649,-0.013905920625299828,1.5086470378456285,2.8952964517296054
2015-03-27,0.001790697111621833,-0.005693849902783654,1.5113509879940763,2.8788579120096185
2015-03-30,-0.002819760828908727,0.0026476055252349084,1.5070953424504385,2.886490091165326
2015-03-31,-0.0006185641759007357,-0.006851598593533126,1.5061633955261375,2.8667806175214623
2015-04-01,0.0007628209715400281,0.0019173900332631888,1.5073127668773618,2.872282627168655
2015-04-02,0.0007884928062654871,0.008455478390704485,1.5085017408379433,2.8966721179501933
2015-04-07,-0.0016652678969206174,0.014527247952228706,1.505991771781959,2.9390599357525513
2015-04-08,0.0005695716470539213,0.002280307689346728,1.5068497863230443,2.9457695438015254
2015-04-09,0.002371867745155678,0.008730956616417984,1.5104280766661935,2.97160153479008
2015-04-10,-0.0006482272788017023,0.008968698529505659,1.5094492932555574,2.998372805381972
2015-04-13,0.0006892342161390927,-0.002537402537679867,1.5104900159656478,2.9907743708370544
2015-04-14,0.004484653732927121,0.0016251691079602892,1.5172792529639967,2.9956388366725606
2015-04-15,-0.0032019218461104876,0.0008227412877293006,1.5124288128863197,2.9981044865835242
2015-04-16,-0.0011276606499092683,-0.008044084495274717,1.510724267683142,2.974084220815233
2015-04-17,0.000982542826305623,-0.008945572908450217,1.5122093484331252,2.947597977518392
2015-04-20,0.002305832091212605,0.001768234338440422,1.5157002724729836,2.952814632252952
2015-04-21,0.0010133690184887614,0.006178482768049776,1.5172370146823861,2.971115022683012
2015-04-22,-0.0023896871949379605,-0.004356664469110427,1.5136156215384875,2.958199027188734
2015-04-23,-0.00025198640598494536,0.0027802505998852922,1.5132342590290753,2.9664350055453386
2015-04-24,-0.0006288326710939321,0.0025244857900208473,1.512282987014787,2.9739331891106113
2015-04-27,0.0024122040831459,0.003114192584062536,1.5159353255328822,2.9832090256677737
2015-04-28,-1.3319762629294052e-05,-0.007070251548968898,1.5159151337686598,2.962191375024909
2015-04-29,-0.002335152754931208,-0.010142268567848944,1.512379370248452,2.93229987459618
2015-04-30,-0.0037084421208728804,-0.00037759740441778433,1.5067811855767734,2.9311928547916133
2015-05-01,0.0004829537162044969,-0.00036052120017515676,1.5075090669022024,2.9301362880944497
2015-05-05,-0.001494943547174582,-0.0009278915966710599,1.5052571096442153,2.927418700264065
2015-05-06,-0.0007177474900989141,-0.002294618459464104,1.5041771027642932,2.9207090922150942
2015-05-07,0.005799720183250515,0.0020596844942470938,1.5129262558618695,2.926731030962562
2015-05-08,-0.0024501432858817446,0.027579283814754163,1.509223907248496,3.0085715406634423
2015-05-11,-0.0009252028616135924,-0.003647430139523067,1.5078282147196143,2.9976179744764577
2015-05-12,0.00043849799014159397,-0.010202642880830837,1.5084895393454107,2.967189836450844
2015-05-13,-0.0013094457540808917,0.009693318790102268,1.5065155468231615,2.996091604168837
2015-05-14,-0.0013429959865469889,0.00378873123114154,1.5044936604866208,3.0074645208588793
2015-05-15,0.0016577269301331658,0.005068181453948384,1.5069897685049445,3.022745587666901
2015-05-18,0.0024603965073249122,9.98167804766581e-05,1.5107021259308255,3.023047323458559
2015-05-19,-0.0031036018974729537,0.008503234843638907,1.5060207762268794,3.048862605950501
2015-05-20,-0.00043763794998046007,-0.0022361794429297532,1.5053618285825088,3.042052419304308
2015-05-21,0.001852052746134893,0.0010526072589538416,1.5081524214559914,3.045256191624176
2015-05-22,-0.0005692673934985081,0.002096421167861351,1.5072941237816495,3.0516470277673093
2015-05-26,-0.0011609718627577158,-0.005174690879670152,1.5055452131295075,3.0358964849664067
2015-05-27,-0.002156907908419562,0.007634232951653885,1.5023013903239466,3.059161919829194
2015-05-28,0.000291390440973648,-2.7416414209113782e-05,1.5027392103737394,3.0590780497285817
2015-05-29,-0.0012230800179132747,-0.004539520344597037,1.5009023636076662,3.0452227746309672
2015-06-01,0.0012506356219904827,0.003617848751641617,1.5027806198309803,3.056259883300981
2015-06-02,0.0025370267082190402,5.5741551285848345e-06,1.5065980548197693,3.056276919415165
2015-06-03,0.0020331762826277175,0.002368132596581418,1.5096643503556724,3.0635231650610266
2015-06-04,-0.00017024596209491754,-0.009523100173858268,1.5094073579724843,3.0344874017526076
2015-06-05,-0.0008383818493683887,-0.008833599678853332,1.5081424285612781,3.0078000012613244
2015-06-08,0.0022398516772526716,-0.0029545306090543733,1.5115242298622285,2.9989264790930448
2015-06-09,-0.0006162515447120966,-0.002161342012463763,1.5105930376744876,2.992451772849297
2015-06-10,0.0011281152203208356,0.010610601727167435,1.5122981222571033,3.0243725365717453
2015-06-11,-0.0006222691537934371,0.0032890975989570137,1.5113573585187674,3.034336370047987
2015-06-12,-0.0007499486571478684,-0.007791706806768772,1.5102243430021112,3.0107855802725707
2015-06-15,-0.0013568297077908092,-0.012355201360636059,1.5081766152711598,2.973815574399208
2015-06-16,0.0008239000236199116,0.0004229534239339472,1.50941971404434,2.97507362590839
2015-06-17,-0.0018566635437777808,-0.0016928880937658874,1.5066198295150937,2.9700414198716594
2015-06-18,-0.0012033563831969649,-0.001542956433201681,1.5048079193316852,2.9654623089487844
2015-06-19,0.0008779478438994217,0.0014752253889600553,1.50612964231697,2.969840262677221
2015-06-22,-0.0003145308354264107,0.011305564298259796,1.505655992594938,3.0036064962307183
2015-06-23,0.0021211058318918482,0.005085744106743562,1.508853037738554,3.018920980031955
2015-06-24,0.0003961101300252155,-0.0040531215616841365,1.5094508280991141,3.006709689953366
2015-06-25,-0.0013448842316894111,0.0011207013619891626,1.5074221559522576,3.010081202474463
2015-06-26,-0.0005762530511022114,-0.006855447757196487,1.5065537495705354,2.9895163193278713
2015-06-29,-0.0010369123641517605,-0.016268795760566945,1.5049923949941748,2.941273975361684
2015-06-30,-0.0007044052990048412,-0.00018246738056326706,1.5039326436672236,2.9407373377647983
2015-07-01,0.0016500873490511657,0.010530989980052752,1.5064163124680556,2.971869853588521
2015-07-02,0.0020956261241392342,-0.0017568866973576291,1.5095765079838943,2.96665319885396
2015-07-03,-0.002727104897525085,-0.004107712683909526,1.5054653428330205,2.9544920342651966
2015-07-06,0.001057671314852441,-0.009709987917226215,1.507058472697003,2.9259427830638396
2015-07-07,0.0029065784275763918,-0.01329654014871906,1.5114452284793543,2.8872953751782333
2015-07-08,0.00188974034132014,-0.005826537509880936,1.5143041679771578,2.8705213550557986
2015-07-09,0.0035810790122244975,0.010642673003044223,1.519736732266548,2.9012345203764593
2015-07-10,0.0007736866528120143,0.010942500974916669,1.5209129872598104,2.9331556117164896
2015-07-13,-0.0013414765981374717,0.012649598250831673,1.5188740859545518,2.9704945149855155
2015-07-14,0.0002206723683349952,-0.0037622422354886,1.5192092964807922,2.959339791604092
2015-07-15,0.0012222868986980408,-0.000300502064364494,1.5210673414009181,2.9584506374905732
2015-07-16,0.0002957129055268338,0.007248151568230554,1.5215172071562222,2.9799718363546916
2015-07-17,0.001361816729684117,-0.0005348903343946887,1.5235906462450088,2.9783783044430594
2015-07-20,0.0010715383085118727,0.001435112054991805,1.5252241069905388,2.9826556795742776
2015-07-21,-0.0018610276304224299,-0.001435112054991805,1.5223882623958938,2.9783783044430594
2015-07-22,0.003835060320039489,-0.00622579369549392,1.5282379229436482,2.959893137697585
2015-07-23,-0.0013558295599835337,-0.0015085646482297932,1.5261672968182858,2.955431313868537
2015-07-24,-0.0008428769772842418,-0.00683408999988977,1.5248814675143976,2.935302489721614
2015-07-27,0.00474310715775358,-0.013317538144303143,1.5321313235480116,2.896470633138171
2015-07-28,0.002178052571199576,0.006942693913968512,1.5354720229054277,2.9166499103924943
2015-07-29,0.0013986873225062273,0.00715750226497569,1.5376211708005167,2.9376007270489355
2015-07-30,-0.0023659305736067416,0.00046807475733956494,1.533987565985221,2.93897606565194
2015-07-31,-0.003564653125120514,0.008886848164232575,1.52852916684389,2.965210698646947
2015-08-03,-0.0014030206363916983,-0.00041308615057999987,1.5263861126056864,2.9639860641309776
2015-08-04,-0.0003738049838208201,0.0036323547542647106,1.5258156484973653,2.9747718901167333
2015-08-05,-0.0005293551111876347,0.0022923013036884043,1.5250081639270014,2.981598785259532
2015-08-06,-0.0011718825975330777,-0.0016496673478023638,1.5232220801432552,2.9766841939342092
2015-08-07,0.004067649347302284,-0.005084526683580393,1.52943063198884,2.9615875758240167
2015-08-10,-0.0001575459671936878,0.00593504840409409,1.5291896953404647,2.97921700544918
2015-08-11,-0.0003773341707495693,-0.005300941318724384,1.5286127886650005,2.963466135030695
2015-08-12,0.003064672397177215,-0.013041047439433129,1.5333046719547339,2.9250703374469267
2015-08-13,0.0024679038744074198,0.008985742342645153,1.537093393672852,2.951472710643153
2015-08-14,-0.0005571527443350779,0.0014425321581938988,1.536237236397603,2.9557333772777707
2015-08-17,-0.0008467053417450143,-0.0006812414602404004,1.5349370466398404,2.9537204948630773
2015-08-18,-0.000655423910359235,0.00045421253513744375,1.5339313418160734,2.955062416472874
2015-08-19,-0.002789180053641615,-0.012468970005057756,1.5296588921992522,2.9184445994985633
2015-08-20,0.0007967148076812034,-0.009192236257243636,1.5308780796972445,2.8917404905106783
2015-08-21,-0.006346947464509535,-0.021269460571730292,1.5211924465675946,2.83088421445945
2015-08-24,0.0020006462123688513,-0.04003446705548441,1.5242388608565807,2.7197899119503153
2015-08-25,-0.002714394040577326,0.030807716620268266,1.5201070861454686,2.804884483269674
2015-08-26,0.004886237987383029,-0.007220220888845219,1.5275528672497258,2.784705533632931
2015-08-27,0.001696862946124651,0.019133497893555784,1.5301471155278186,2.83849968511855
2015-08-28,-0.0024169156665044033,0.010838134826000712,1.526453344556798,2.8694310437478396
2015-09-01,0.0031890259220290693,-0.01567190063139634,1.5313290140274392,2.8248121502221624
2015-09-02,0.004021805334590536,0.0026862789287651623,1.5375001224052698,2.8324105847670773
2015-09-03,-0.0032164217079982435,0.011862535855421186,1.5325628181183777,2.866210235313786
2015-09-04,0.0042337654536446475,-0.016474635938399373,1.53906508445593,2.8193773021789768
2015-09-07,0.00020469969786703686,0.002050490309978059,1.5393801628608428,2.8251643391212156
2015-09-08,0.00200000943829529,0.009325583061723819,1.5424620185586357,2.851633873921449
2015-09-09,-0.0030377100971060275,0.008959583557471618,1.5377835755847862,2.877298124708779
2015-09-10,-0.0018842273110491895,-0.007795644854052597,1.53488876986564,2.8549549333351463
2015-09-11,0.00134883987811946,-0.0030421618266149864,1.5369604859394392,2.846282895978876
2015-09-14,0.00038379669553332706,-0.0025196830692593153,1.5375504795066568,2.839120192816049
2015-09-15,0.001092622024349224,0.002130672145051804,1.5392313591399456,2.8451758761743142
2015-09-16,0.0013926124626298824,0.005889965619504167,1.541376405175806,2.8619833132899597
2015-09-17,0.0010241811455469403,-0.0010848691157985257,1.5429558625153277,2.858880119567312
2015-09-18,-6.121427522919705e-05,-0.0054598145514201946,1.5428614144813066,2.8433136978466598
2015-09-21,-0.0013831884301651553,-0.0033919449552151093,1.5407288216523198,2.8336856723904433
2015-09-22,0.0007860749928477581,-0.02174022803113651,1.5419404261934069,2.772745526238602
2015-09-23,7.708852285229217e-05,0.007827745933809638,1.542059296684905,2.794535043901166
2015-09-24,0.0061225124853023175,-0.00876587488941638,1.5515295352260234,2.770145553119625
2015-09-25,-0.0005116037757255907,0.017134174384846546,1.550735969870477,2.818018672072575
2015-09-28,0.00034476294705294895,-0.011115252900571804,1.5512706983455364,2.786869120134661
2015-09-29,0.005392796323186859,-0.010388258168230635,1.5596589830902319,2.758068258631474
2015-09-30,-0.00014685256339439,0.01452079068016765,1.5594299599872703,2.798409777025932
2015-10-01,0.003846824624181836,0.004825550935150247,1.5654403666353225,2.811946280217702
2015-10-02,-0.0005926535248885721,0.0019309055371721229,1.5645128777509592,2.8173811282608896
2015-10-05,0.0025602804582094017,0.018533973670239234,1.5685236015965547,2.870085296056128
2015-10-06,0.005420821966259482,0.001314133487410274,1.577049376266289,2.873859450583678
2015-10-07,0.002713634535796018,-0.0059478902958129964,1.5813347237221003,2.8568167840452183
2015-10-08,0.006169988296475323,-0.0016100157730800646,1.591121702183403,2.8522209646257384
2015-10-09,0.0018678751194940086,0.004816690395164969,1.5940964962299802,2.8659923696227403
2015-10-12,-0.002276669720900709,-0.005805239192607559,1.5904713931518364,2.849402798198133
2015-10-13,-0.0015497388031449851,-0.005253073906519745,1.5880084868422433,2.8344739202891684
2015-10-14,0.002271077214963831,-0.005132095691477545,1.5916190751444044,2.819964392883261
2015-10-15,-0.0005350675095413711,0.008175158827119944,1.5907676792871714,2.843112540652223
2015-10-16,-0.001647097433739619,-0.0033568051662040688,1.588149686561361,2.8335847661756453
2015-10-19,0.0029023551923917975,0.0014552834570764617,1.592765756547442,2.83771143721983
2015-10-20,0.00014811470872068985,0.003934911243787198,1.593001686055417,2.848899577594463
2015-10-21,0.001412356152400887,0.0030980704165948225,1.5952531613557377,2.857739355151951
2015-10-22,-0.0012614072623656509,0.00045777622648657257,1.5932421660413882,2.8590478597685367
2015-10-23,-0.0002178219392824806,0.011445251301193338,1.5928951607370907,2.89195835620172
2015-10-26,-0.003307787791983532,-0.0036026235130268702,1.5876349062694879,2.8815584637258143
2015-10-27,-0.0015172183450783432,-0.007801605498963582,1.5852279438698893,2.8591651468623613
2015-10-28,-0.004067544421130841,0.005779664838035714,1.5787930547612845,2.8757380097903575
2015-10-29,0.000311650761411003,-0.0017280209468619745,1.5792851634979594,2.8707729653576357
2015-10-30,-0.001827236201888832,0.00016352307009626088,1.5764020713214795,2.8712424413505118
2015-11-02,0.0005263353338028155,0.002928498995148132,1.5772320058246632,2.8796631960225247
2015-11-03,-6.236836983890054e-05,0.0012573850563626365,1.5771336395031077,2.8832863188454567
2015-11-04,-0.0005197787504428127,-0.00037822033239720554,1.5763140919608356,2.882196007537497
2015-11-05,0.003238995575876706,-0.00381348299267259,1.5814280438938209,2.8712257328539073
2015-11-06,-0.00018433052692594658,0.002846939545030125,1.5811365652942218,2.8794115857206903
2015-11-09,-0.003528450464677638,-0.00310404830990052,1.5755674342251995,2.8704876104450054
2015-11-10,0.00030742100060826116,-0.004269002164450697,1.5760518712015896,2.858259611869814
2015-11-11,-0.0022435677425988094,0.0036319367174257877,1.572519855702281,2.868659504345721
2015-11-12,0.001451137810505339,-0.013676509101786749,1.574803455230737,2.8296933245542712
2015-11-13,0.0022130741154032974,-0.005581831263295811,1.5782924712959152,2.8139424541357894
2015-11-16,0.0014499110297161559,0.004092854092370146,1.580582514736601,2.825483111027058
2015-11-17,-0.000768884584384708,0.014170944515168316,1.5793676962941072,2.865807920924912
2015-11-18,-0.00019822897973551196,0.0002515854554800967,1.5790546508754055,2.866529007219625
2015-11-19,0.0002823064384990847,0.0032482318740107985,1.5795004910989114,2.8758552968841826
2015-11-20,0.002335357026344058,0.002586396897031662,1.5831934992367258,2.8833030273420617
2015-11-23,0.004027488090989149,-0.004793525550908839,1.5895826496779388,2.8695149138484495
2015-11-24,0.0015588204935023642,-0.009214079900665695,1.5920624559726642,2.8431964107528342
2015-11-25,0.003744871199047304,0.009471275808023094,1.5980357023495193,2.870253036257355
2015-11-26,0.006726226205007038,0.0061233309648471845,1.6088206824137148,2.8878824658825195
2015-11-27,0.0018288769471855328,0.0028246596656007483,1.6117657096973155,2.8960512826351126
2015-11-30,-0.0042893436022718775,0.008972009202908637,1.6048670985957474,2.922151592422107
2015-12-01,-0.0004695297422291705,0.005501355556368992,1.6041137426359866,2.93827168785383
2015-12-02,0.0012260107646760757,0.002115704675077268,1.6060816094186607,2.944494783795737
2015-12-03,0.0020690935811951117,-0.009271566646802398,1.6094081828766829,2.9173208711973944
2015-12-04,0.000387326795770709,-0.0014384848584541032,1.6100316705301865,2.9131273661667834
2015-12-07,0.0005995987851732145,-0.000622111084776833,1.6109973330400296,2.9113156409465266
2015-12-08,0.0057345700884118955,-0.009505641723414726,1.6202622499262702,2.883772830952522
2015-12-09,0.00013329790481657246,-0.003029263748551614,1.6204782418847568,2.8750503404888543
2015-12-10,-0.0006905809085249268,-0.003483303288476236,1.6193595568639487,2.8650530900193987
2015-12-11,-0.0018282098723720521,-0.011956228291429838,1.6164017323210258,2.831001829170855
2015-12-14,-0.0004781824656232943,-0.00622299076931121,1.6156289821277476,2.813439233532116
2015-12-15,0.003207620644573966,0.013443212101080348,1.6208196273647315,2.851516259210047
2015-12-16,-0.0022021615996599083,0.004478344192820671,1.6172542478331837,2.8643149676104955
2015-12-17,0.0012423782164400704,0.0059206546170536,1.6192647379170793,2.8813238895381645
2015-12-18,-0.005480056707691574,-0.004165334123854336,1.6104153450622127,2.869347173647229
2015-12-21,-0.005778386888200926,-0.0016967601422219758,1.6011365761241039,2.8644827078117228
2015-12-22,-0.0033741162790998126,0.005215592722162654,1.5957432590936926,2.879461711210505
2015-12-23,0.0008997716113396512,0.013062314397373598,1.5971797097190474,2.9173208711973944
2015-12-24,0.0007458123335127619,0.0013330204950321445,1.5983713503602999,2.9212123128187644
2015-12-29,0.0042117750060201775,0.00882115118383986,1.605117527581829,2.947094756914717
2015-12-30,0.0025925965309625343,-0.0028328572500448956,1.6092843488248145,2.9387578723433188
2015-12-31,-0.00011091956021700789,-0.005144487661858932,1.609105857611845,2.9236782903473135
2016-01-04,-0.0020420912159925158,-0.017805608316875166,1.605823269487338,2.8720811423566364
2016-01-05,0.0012834491193880167,0.0048242177468686975,1.6078855851039409,2.885970162065047
2016-01-06,-0.00011201601534708704,-0.008522115551061304,1.6077054862547295,2.861480092686291
2016-01-07,0.0011327029732506261,-0.015763477342018106,1.6095275707845902,2.8167268759525985
2016-01-08,0.00040672194309445417,-0.0035496043386604725,1.6101823341099237,2.80674633397975
2016-01-11,-0.0007702464478413931,-0.0044562044033114034,1.6089425744082455,2.79426672510272
2016-01-12,-0.0016570422417447048,0.0017752917039306482,1.606278696286734,2.799231769535449
2016-01-13,1.3715130872254521e-05,0.00047330826092562006,1.6063007267603457,2.8005569826486325
2016-01-14,-0.0001825848314432909,-0.017065208203787208,1.6060074673860745,2.7531703758027564
2016-01-15,-0.0013113735365905205,-0.015515872430336586,1.6039027720163033,2.7107822303828133
2016-01-18,-0.0012147841465699047,-0.012565767958690799,1.6019555593172354,2.6769322905374935
2016-01-19,-0.005410149960375418,0.00971528013767653,1.5933121416867737,2.703066181126489
2016-01-20,0.0013568025334306129,-0.02982999743200665,1.5954754188752778,2.623624487350153
2016-01-21,0.0021525245220070928,0.01223856797317957,1.598913417699597,2.6559311845824456
2016-01-22,6.079202790157043e-06,0.018422652223673452,1.5989231378480522,2.7053139653464124
2016-01-25,0.0009068610760769179,0.0011773820105265287,1.6003737966790015,2.708501029169677
2016-01-26,-0.000763733513992869,0.001979831123716025,1.5991520041968827,2.7138687156088577
2016-01-27,0.0033268973185501304,0.006284678726176551,1.6044810784377095,2.7309782161337384
2016-01-28,-0.0006578813650583336,-0.005197464199127921,1.6034258673755222,2.7168208776268896
2016-01-29,0.0010985629697790478,0.017813281437621953,1.6051882995523221,2.765649984679781
2016-02-01,0.0032582926096540875,9.713209214012863e-05,1.6104270027050291,2.7659186310958033
2016-02-02,-0.0012315326562146434,-0.011565018362059476,1.6084449300048898,2.7341149906583944
2016-02-03,-0.004626756396655418,-0.019033080900742405,1.601020236505345,2.6825684595839077
2016-02-04,0.001161695472095188,0.005879221960068293,1.6028812152007998,2.698386327797606
2016-02-05,-8.763559159213918e-05,-0.005260406073814394,1.6027407519121355,2.6842289892907534
2016-02-08,0.0017036279977882347,-0.03202146636170511,1.6054735531076418,2.599637638575068
2016-02-09,-0.0004689696504986702,-0.011754163871385614,1.6047208112568936,2.569259953656855
2016-02-10,-0.0006554433508365224,0.012689331060352416,1.6036693522947416,2.6020698714928203
2016-02-11,-0.004492441458645675,-0.02174644593881858,1.5964811200562172,2.546094933582497
2016-02-12,0.007382108662201948,0.01649819703550115,1.6083101249424034,2.5884493343916453
2016-02-15,-0.002173332024139564,0.019050995008557337,1.6048185286165157,2.6382345933532796
2016-02-16,0.0014554271762555317,-0.0016417106344910337,1.6071559256590084,2.6339069289234462
2016-02-17,0.004933469097444418,0.028502868391065306,1.6151043703346077,2.7100609802793043
2016-02-18,0.00019873097198052806,0.00126805057322521,1.6154253734915525,2.713499654404402
2016-02-19,0.00020073849694896755,-0.0011566572178178802,1.6157496841026837,2.7103628798797486
2016-02-22,-0.002076531285986893,0.008056295336974273,1.6123980104652684,2.7322865569415327
2016-02-23,-0.0026569581886211947,-0.003665642174262018,1.608119622633751,2.722289306472075
2016-02-24,-0.000350504599004288,-0.0069064627080202,1.6075560680802699,2.7035526932335583
2016-02-25,-0.002580764901178267,0.017320793252974198,1.6034126926417374,2.750788268374822
2016-02-26,-0.0025318198793479515,0.010186333500787015,1.5993582752048134,2.7789519136839034
2016-02-29,-0.0002832631223972644,0.002176636431768131,1.5989053001445408,2.7850072694245878
2016-03-01,-0.0010453900970149102,0.011164289627126678,1.597234693747539,2.8162741084563234
2016-03-02,-0.00022754703409645833,-0.003609950666151107,1.5968712890776162,2.8061258262822504
2016-03-03,0.00026047508486969117,0.0009917735195852373,1.597287288438547,2.8089102480990604
2016-03-04,0.0012961755266844616,0.01102251371632157,1.5993589954888425,2.8400427639227837
2016-03-07,0.0015292276561326115,-0.0059118148448202845,1.6018066505307256,2.8233024884111413
2016-03-08,0.002539244548324428,-0.010595784926602292,1.6058791977439755,2.7935453111904245
2016-03-09,0.0041196921186011926,-0.003753908164457087,1.6125085717321659,2.7830782571105064
2016-03-10,0.003151099333906189,-0.012518078966875734,1.617597760477041,2.748456614054286
2016-03-11,0.0014045011508404615,0.012741129137081586,1.6198712745960941,2.7836990924255884
2016-03-14,-0.0004640527968491811,0.005875867170498594,1.6191197431891944,2.8001038875347795
2016-03-15,0.0006783265957710883,-0.0034985034703165496,1.6202184077573087,2.7903248303739496
2016-03-16,0.0010477296845546882,0.007068521594241872,1.6219168482764825,2.8101181741184242
2016-03-17,0.0039379329072972355,0.005725852742447302,1.6283164403182184,2.826254650429172
2016-03-18,0.0006835969217951893,0.0030992804155296483,1.6294299329712418,2.8350275940002416
2016-03-21,-0.0033761514234251803,-0.0022805296101058303,1.6239380067874667,2.8285695962531037
2016-03-22,0.003297127453754646,0.00243432898357554,1.6293011740372265,2.835463652999909
2016-03-23,-0.0019748445003821835,-0.002327660333998338,1.6260867326298767,2.8288713320447596
2016-03-24,0.002216541639878304,-0.011342094739294595,1.62969501906406,2.7969672768189184
2016-03-29,-0.003644902863133321,0.004899721011188518,1.623765751389749,2.810705264822708
2016-03-30,-0.0006616573580272035,0.01296731986161781,1.6226917301888275,2.847389915783444
2016-03-31,-0.0025799006397370715,-0.0028848872221391986,1.6185107423416432,2.8391873544200537
2016-04-01,0.0032867790219664314,-0.004880132960195738,1.6238391814003688,2.8253654963156527
2016-04-04,0.003200965174077762,0.00011281865121048895,1.6290453620244811,2.8256842682214938
2016-04-05,0.0009321882240150069,-0.00714901545827118,1.6305646469470851,2.805555444074573
2016-04-06,0.004547261558458899,0.008365210607250262,1.6379961345382206,2.8291229423465922
2016-04-07,0.0013802107544614362,-0.009047056280143906,1.6402584753132672,2.803643140257097
2016-04-08,0.0022226360106952347,0.0068865255285164295,1.6439082274000407,2.8230171334985124
2016-04-11,0.000851829358341724,-0.0030289049742169283,1.6453091532807458,2.8144794193502554
2016-04-12,0.004299765996342478,0.0009829005430077586,1.6523988286812836,2.817247132670459
2016-04-13,0.00191297413748646,0.01493376291653803,1.6555628502862274,2.8596349504728216
2016-04-14,0.0005938306299556654,-0.0027371782136924594,1.6565462661788848,2.8518183226192813
2016-04-15,-0.0005803635720771972,-0.005343199308450508,1.655585145997082,2.8366211259118708
2016-04-18,0.0026475877974244948,-0.0012425815950756203,1.6599742607466752,2.833098581686158
2016-04-19,-0.003209702470113196,0.00910594714209445,1.6546547788056538,2.859014442775321
2016-04-20,3.3205216521593316e-05,-0.0015442753938259557,1.6547097228880625,2.8546027444360917
2016-04-21,0.0014830068616022536,-0.0022707398517116673,1.6571654892701808,2.8481280381923484
2016-04-22,8.543858016455872e-05,-0.0063750597363601,1.6573070811853017,2.8300288049567195
2016-04-25,-0.0013669675321210518,0.005567804917447461,1.6550431439314601,2.845829800865022
2016-04-26,-0.0008254036080888724,-0.0011913009037858302,1.6536776289769275,2.8424415798473244
2016-04-27,0.000554007624525588,0.008122434951022939,1.6545940328158062,2.865623144609497
2016-04-28,-0.0018062942721353281,-0.0010072690993112587,1.6516080466883056,2.8627381441954696
2016-04-29,-0.0058750462835369865,-0.015643380984350586,1.6419332208247608,2.818303699367622
2016-05-03,0.0011914975621891205,-0.0042646278017723915,1.6438907462164307,2.8063102749800803
2016-05-04,-0.002547702671481771,-0.004234823786422481,1.639707931916734,2.7944511738005504
2016-05-05,-0.0013642444166341416,0.00013798032811607186,1.6374724947137766,2.7948367796928175
2016-05-06,0.0021937479095368436,-0.0007744367778705907,1.6410686396514862,2.792673193191092
2016-05-09,0.001298259634906776,0.002297753744560538,1.6432005564157555,2.799097446327435
2016-05-10,-0.001122378062151127,0.002232811860992001,1.6413572987689935,2.8053542868801373
2016-05-11,0.001465119355436502,-0.00021525416279644105,1.6437638456253105,2.8047504876792444
2016-05-12,-0.0022492719954964498,-0.003648842358382254,1.6400707286095013,2.794535043901166
2016-05-13,-0.0006273703323865587,-0.0005763765635187212,1.6390421195844869,2.7929248034929244
2016-05-16,-0.00032553969946596666,0.0029385679567113243,1.6385086331456842,2.8011440733529187
2016-05-17,0.001409985185689036,0.00869294097139317,1.6408205355360874,2.8256003981208853
2016-05-18,-0.000947899026721401,0.0021407402778059748,1.6392659402635033,2.831655753861568
2016-05-19,5.33534094332975e-05,-0.008991061490588592,1.6393534030235815,2.8063102749800803
2016-05-20,0.0005225289912010713,0.01141096794955132,1.6402102365441675,2.8385163936151607
2016-05-23,0.0015706204756725252,0.006455830794365625,1.642788408460896,2.8569006541458304
2016-05-24,0.004203616145357522,0.006087693294928087,1.6497085950519539,2.8743456350731638
2016-05-25,-0.002153639949806803,0.0056389551241888825,1.6461595397814761,2.8905997260953202
2016-05-26,0.0015543361931713378,-0.002312179112188062,1.648720214693199,2.8839238626571375
2016-05-27,0.003139615327908711,0.002294838100224794,1.6539046963309927,2.8905496006055036
2016-05-31,-0.0003613513434139199,-0.002766167466814906,1.653307163613222,2.8825649049331568
2016-06-01,-0.000507612079619204,-0.007194944433749129,1.652468137893462,2.8618994431893507
2016-06-02,0.001588461194530916,0.0008671198400982405,1.6550951052712084,2.8643821292145004
2016-06-03,0.0010851473260112482,-0.0004920537313015672,1.6568921021258167,2.8629730460007035
2016-06-06,-0.0010733510694652222,0.006651200251429401,1.6551146293128334,2.8820787204436717
2016-06-07,-2.8352139652635527e-06,0.0007911993775433501,1.6551099367153745,2.8843599216568054
2016-06-08,-0.0010542534765455589,-0.0010182322392235932,1.6533659507736778,2.881424468135379
2016-06-09,-0.00028683884054864277,-0.0038671233978533337,1.652891769211451,2.8703031617471737
2016-06-10,0.0010958757978168031,-0.016742120367013058,1.6547041261754292,2.8226482361028493
2016-06-13,0.00039616226311430674,-0.015161102863910259,1.655359787372376,2.7801765481998775
2016-06-14,0.002379760781102189,-0.020850277707591403,1.6593038387610357,2.722809235572355
2016-06-15,-0.000523251423789832,0.004057723580300987,1.6584358327773918,2.733880088853164
2016-06-16,0.0013885626509851662,-0.016474071009076496,1.6607402743943551,2.6892109060288734
2016-06-17,-0.00010364632919035248,0.024035174384144042,1.6605681536811696,2.7546295845063757
2016-06-20,0.0026495033858633123,0.032182640598014345,1.6649736682625274,2.844722781060459
2016-06-21,-0.0021706378982723714,0.0012493546962346613,1.661363532884386,2.848279069896962
2016-06-22,-0.0011262599681451553,0.0037150047898570904,1.6594934589371508,2.858880119567312
2016-06-23,0.055700766894991205,0.01687214588100261,1.7545513399431443,2.907524777922377
2016-06-24,0.0024013944360463304,-0.0745612012680148,1.7587697728020384,2.6986210657940437
2016-06-27,-0.006000274309970949,-0.07217190985599942,1.7482482692382866,2.5107186234295558
2016-06-28,0.001634547385823123,0.03513204460360164,1.7511082005864438,2.6004930480777984
2016-06-29,0.001903965227695975,0.03173000149432781,1.7544454256824202,2.6843297316967605
2016-06-30,-0.0011177384566610185,0.016620523809139698,1.7524855101005807,2.7293175226181012
2016-07-01,0.006902479358741213,0.011876778778582064,1.7646238492849395,2.761926283259632
2016-07-04,-0.00034572419259882485,-0.021411269213320594,1.7640138815757773,2.7034185338343373
2016-07-05,0.00040240074238819814,-0.023987536629485717,1.7647238649106365,2.6393417769666314
2016-07-06,0.0013315461593418993,-0.004139553184325351,1.7670752413309594,2.6284386638870507
2016-07-07,0.0020962137222545626,0.014514698608996568,1.7707832937775045,2.6668678784640325
2016-07-08,0.001934716726982777,0.017396297583717413,1.7742125741091608,2.7136673946056304
2016-07-11,0.0026364548502434138,0.032151982943261714,1.7788963770599862,2.8023349632580983
2016-07-12,0.004628537582823343,0.006009490014701413,1.787149150198969,2.8192262704743554
2016-07-13,0.00128085764356981,-0.003343434955338509,1.7894397004694558,2.809816110709189
2016-07-14,-0.001357492397074983,0.0022063874897941815,1.7870121977120936,2.8160224981544886
2016-07-15,-0.008225482801802828,-0.0036221835221894594,1.7723734475433894,2.805840798987204
2016-07-18,-0.0014331875080817614,0.00835834230534438,1.7698351234403944,2.82939126114504
2016-07-19,-0.0014964803047298337,0.002285875484602684,1.7671885807789318,2.8358662950063636
2016-07-20,-3.508186507085058e-05,0.006638134422711772,1.767126585595046,2.8547537761407074
2016-07-21,-0.0017505768892588159,0.0016732081849522018,1.764035800751481,2.8595343718756023
2016-07-22,0.005374995271892086,-0.003755437851605592,1.7735430125601725,2.84881570749385
2016-07-25,-0.00046048940778401415,0.006309724671208272,1.7727265028001156,2.86684777912547
2016-07-26,0.001010477702799792,-0.0012822207122322737,1.7745187087439334,2.8631742031951384
2016-07-27,-0.0015509705867337803,0.01146369223708632,1.77176861562911,2.896185605843126
2016-07-28,-0.0008078183002579557,-0.0007879674848041418,1.7703379264638288,2.893904404629987
2016-07-29,0.0026024447167535933,0.001772082764500027,1.774951133251577,2.899037189263937
2016-08-01,0.003215015563337049,-0.008349403918954224,1.7806668118436995,2.8749327257774486
2016-08-02,0.002082424782957479,-0.0044558155068372685,1.7843787801488584,2.8621510534911843
2016-08-03,0.0013136746069990894,-0.003869658257894315,1.7867244136038318,2.851096908706987
2016-08-04,-0.00010940014828225405,0.014438981106749793,1.7865289563797637,2.8925624830201953
2016-08-05,0.0035816923529256085,0.012740103916947021,1.7929392264358743,2.9296497759873827
2016-08-08,-0.00030082855824074026,0.0052707523224686526,1.7923999402337847,2.945131999989844
2016-08-09,0.0015394816412335984,0.007359988128758488,1.7951614321231604,2.9668881006591894
2016-08-10,-0.0013758768584978122,0.0006951023822789892,1.7926932094260495,2.9689511085637026
2016-08-11,-0.0003523963197895834,0.006077664385708559,1.7920615822346213,2.987050341799324
2016-08-12,0.0003409419805404737,0.0063702407616084145,1.7926726754274611,3.0061393077456904
2016-08-15,-0.0007984433578065305,0.0004407384232187894,1.7912418991099797,3.0074645208588793
2016-08-16,0.001673694272790236,-0.006760418307298011,1.794242400678417,2.987201373503945
2016-08-17,-0.0019657327673916155,-0.002800378713489593,1.7907188638992217,2.9788477804359386
2016-08-18,0.002717625494868197,0.006303794620476921,1.7955919857988543,2.9976851360804684
2016-08-19,5.559404034792114e-05,0.00017342849322687925,1.7956918127870283,2.9982050651807444
2016-08-22,0.0027602341844016583,-0.00011190000871685868,1.8006551896032263,2.9978695847782957
2016-08-23,2.2311194804202402e-05,0.006158246960202618,1.8006953648201136,3.0163881685169796
2016-08-24,-0.0006421193535955264,0.0017889851453194439,1.7995394746258813,3.0217892719493733
2016-08-25,0.0007440799514526462,-0.0073430770738607265,1.800878974156369,2.9996813099985506
2016-08-26,-0.0008543104968328778,0.002674977319866656,1.7993411213406563,3.007716131160715
2016-08-30,0.0011638115398064817,-0.004673358748769729,1.8014364343399438,2.9936927882442963
2016-08-31,0.0006038017033973969,-0.006430513305902608,1.802524473174355,2.9745035713182917
2016-09-01,0.004507242397376721,0.0065650010307081175,1.810667224794669,2.9940954302507508
2016-09-02,0.00451314888535436,0.009306927553783595,1.818857503633927,3.0220913353586116
2016-09-05,0.0013276956843638462,0.0005271554536996348,1.8212739967207179,3.0236848672702408
2016-09-06,0.005153823032920906,-0.0012545094891347475,1.8306847504433141,3.0198940042460847
2016-09-07,0.0013029836039258275,0.0031499282214539903,1.8330716573696926,3.029421451105082
2016-09-08,-0.00013930630317115882,0.007331800981550174,1.8328163167193505,3.051714189371317
2016-09-09,-0.0021750567534758397,-0.01656578551372867,1.8288341694798316,3.001576577701839
2016-09-12,0.0026955818323020153,-0.009207238059254053,1.8337705919176246,2.9740671847010423
2016-09-13,0.002501322810097903,-0.003910537560869898,1.8383631855127256,2.9624596938233534
2016-09-14,-3.208784709583421e-05,-0.0017001024156115818,1.838304197342329,2.9574274877866205
2016-09-15,-0.00044958874790407337,0.006845080479457977,1.837477902220392,2.9777407606313737
2016-09-16,0.00713736575048905,0.0056061702414123005,1.8506395680048686,2.9944813637605954
2016-09-19,0.0014381221902675166,0.002120794678930338,1.8533029284936842,3.0008387829105168
2016-09-20,-0.00024321196384074746,0.0005810806254586964,1.8528522378577525,3.0025830189091844
2016-09-21,0.003664111180259981,0.001880955970909426,1.859653747592197,3.0082360602609923
2016-09-22,-0.0016649323602199956,0.0030009954606118328,1.8565601259390532,3.0172773226305023
2016-09-23,0.0012877350673662154,-0.0036034318929214493,1.8589524235100476,3.0064243350407365
2016-09-26,-0.0019575955252373193,-0.011238371542720671,1.8553169061613985,2.972826169306048
2016-09-27,7.009612152235193e-05,-0.005323778892378783,1.8554469612388402,2.9570415542767736
2016-09-28,0.0030654888609463454,0.009237611918869959,1.8611435401692222,2.984484113291142
2016-09-29,-0.00158107066898134,0.0040720924418717885,1.8582032657104537,2.9966619863765134
2016-09-30,-0.0022343913615165386,0.00036377576467572226,1.8540559474770844,2.9977522976844733
2016-10-03,0.0027517409783850504,0.017312897919005366,1.859164855175556,3.0501039489630792
2016-10-04,0.0030971142899823313,0.008684353321610772,1.8649318270917308,3.076707479353744
2016-10-05,0.0011621355639212798,-0.007749876560557922,1.8671003905305659,3.052955532383889
2016-10-06,-0.00032344920543017825,-0.004659038973912288,1.8664965760497116,3.0387647768838275
2016-10-07,-0.00019599859305930844,-0.006685015005681194,1.8661307811956653,3.0185183380255007
2016-10-10,0.0010627330036637665,-0.0009061424423251196,1.8681150341447916,3.0157843693160915
2016-10-11,0.0017596977394178565,0.005231264985736672,1.871405245987498,3.0316020737209963
2016-10-12,-0.0010298253462527342,-0.006489063000914896,1.8694790174417961,3.0119935062919336
2016-10-13,-0.001066742517312703,-0.0044205294493178116,1.8674858279876456,2.99870828578442
2016-10-14,-0.0020554360763818634,0.005750566655112976,1.863651272436601,3.016002235007132
2016-10-17,0.0019827008589885565,-0.010494088810267144,1.8673500009397328,2.9845175302843554
2016-10-18,-0.006965360944637891,0.01128359989680483,1.8543884275954665,3.018384342435068
2016-10-19,0.002045035937450374,0.002558610348549095,1.858184598902245,3.026117100187993
2016-10-20,0.0018324995380973818,-0.005302155037488987,1.861592843170701,3.010114619467673
2016-10-21,0.004526058676413977,-0.0006076144917201987,1.8700376179675284,3.0082861857508116
2016-10-24,-0.0011093711867363795,-0.004117890330231688,1.867964202422421,2.995923863967611
2016-10-25,-0.00015536669424111733,-0.0032863554597231115,1.8676740055433785,2.9860943536993805
2016-10-26,0.00015259258979330513,-0.00749352348296739,1.8679590205018062,2.9638016154331437
2016-10-27,0.0015788687982089503,-0.004975810007254111,1.87091061219047,2.949090930832801
2016-10-28,-0.0014670499183550357,0.003605285056528018,1.8681679052655042,2.9597424336105504
2016-10-31,-0.00021368773707641266,-0.005717800254764427,1.867768743342872,2.942867507273313
2016-11-01,0.003714470984457111,-0.0011918979096918747,1.8747194171921568,2.9393619991617883
2016-11-02,0.0035377705381581387,-0.003418480006782687,1.8813634899864378,2.929331004081542
2016-11-03,0.0019121617396650587,0.006756997482634475,1.8849644029371917,2.949191509430021
2016-11-04,0.005066533316169203,-0.017829656829333018,1.8945388720867467,2.8970744323390654
2016-11-07,0.0021585886792258565,0.010740438149653642,1.8986328192327204,2.9283579798674095
2016-11-08,0.0005335773304856143,-0.0005671563372739996,1.899646156986964,2.9266976139693486
2016-11-09,-0.0006784617981973011,0.008173796638539343,1.8983577567539476,2.9507178797376437
2016-11-10,0.0018405037781349162,0.003886474587456945,1.901854908650941,2.962208083521516
2016-11-11,-0.0010248165413501461,-0.01222080756548749,1.8999068546507842,2.9262278103588892
2016-11-14,0.0012111555297445594,0.0015694407912807407,1.9022093313910542,2.9308239573959534
2016-11-15,-0.002026438372297339,0.005746786085923716,1.8983585244390302,2.947715264612216
2016-11-16,-0.0021058695417185878,-0.005655239640038445,1.8943650354024384,2.931092276194397
2016-11-17,0.0017029967166254918,0.007235997417886608,1.8975938814145397,2.9523785732532817
2016-11-18,0.003041101686890402,0.0033067905022967636,1.9033734410283305,2.9621576304141173
2016-11-21,-0.002092079848534207,-0.007480090679445439,1.8993955942455198,2.940083085456505
2016-11-22,-0.00279063858762908,0.008606369724478924,1.8941024566591422,2.9654957259419947
2016-11-23,-0.0010053589458131527,-0.003206634175226597,1.8921991607181663,2.9560016960762123
2016-11-24,-0.0007054637437270243,-0.0018118484146949498,1.8908647535576466,2.950650718133639
2016-11-25,0.000668939636103396,0.0007274411441997586,1.892130051094466,2.9527979237563433
2016-11-28,-0.0009073499895818635,-0.00484599396230756,1.8904140055570011,2.9385232981556673
2016-11-29,0.001243043916426486,0.0007873706824526039,1.8927653342858075,2.9408379163620175
2016-11-30,-0.0018842699534028175,0.0007811854426389431,1.8892022114344658,2.9431361536893372
2016-12-01,-0.003225459796937751,-0.0027680215965197874,1.8831184823393885,2.935000753929956
2016-12-02,0.0014809063756106577,-0.0035496964055674596,1.8859092704438278,2.924600861454046
2016-12-05,-0.006873325853735856,0.001524455465375496,1.872991247245619,2.929062685283099
2016-12-06,0.0020892854589499746,-0.0005614241569258382,1.876908551381558,2.927418700264065
2016-12-07,0.0019140914423412328,0.009886754225727046,1.8805045664307234,2.956504916679885
2016-12-08,0.0001092819722533691,0.0032004558933405036,1.8807100829079928,2.965982238049061
2016-12-09,0.0023720366673394572,0.002885754686559494,1.885176491333355,2.9745536968081137
2016-12-12,-0.0008747949069280017,-0.005195896479925466,1.8835280696606416,2.9591383067920747
2016-12-13,0.000307427003088125,0.004208554105883167,1.8841072060668536,2.971618243286683
2016-12-14,0.00016359459623158193,-0.001875768601859562,1.8844154610382233,2.966049399653066
2016-12-15,0.0031621381159063315,0.004908082113175283,1.8903836741778308,2.9806427971595877
2016-12-16,0.0005355894469887845,0.0008663050261592531,1.8913964149068947,2.983226061781957
2016-12-19,-0.0007599361559238198,-0.0001349777631940441,1.8899596203912188,2.9828234197755057
2016-12-20,-0.00026314389439726206,-0.0007031893993012517,1.8894623544855682,2.9807266672602024
2016-12-21,0.0006500815924595721,-0.001379687252956785,1.89069105851753,2.976617032330202
2016-12-22,-0.00015581273381552307,0.008204957709287086,1.8903964877244384,3.001140518702174
2016-12-23,0.002316881043628706,0.0010055529931669582,1.8947813891978507,3.0041598423242095
2016-12-28,-0.0011250021475041594,0.005745799538898311,1.892650954662361,3.02147082766111
2016-12-29,-0.0015385225150831984,0.0009266456126812983,1.8897413074082654,3.024271957974527
2016-12-30,0.0015638359420276546,0.0026477454740696516,1.892698864750415,3.032290070640085
2017-01-03,0.004404854368126162,0.0035009388841977795,1.9010543163762692,3.0429245373036427
2017-01-04,0.003571871976195315,0.0005842369007797998,1.9078567805474256,3.044702845530684
2017-01-05,0.0006607558389976668,0.008606777714504688,1.9091178246303835,3.07102102100872
2017-01-06,0.0008921039106449089,0.0018008485991760637,1.9108217160187,3.076556447649125
2017-01-09,-0.00011049984703267184,0.002091479806994201,1.9106105821767165,3.0829977368996557
2017-01-10,-0.0002550776507793103,0.0018319393656014427,1.9101232902691405,3.088650778251468
2017-01-11,0.001283570007995806,-0.0010433322328129435,1.9125766414232495,3.0854299698174086
2017-01-12,-0.0009848891608765468,-0.004937641393976122,1.9106938927213504,3.07023277311
2017-01-13,0.0020184201880125716,0.003730046254569075,1.9145543705701056,3.0817062683972627
2017-01-16,-0.00011857851309575896,-0.0035006509406745323,1.9143273590192145,3.0709371509081107
2017-01-17,-0.0019200555704676414,-0.003649885999838176,1.9106552705449271,3.059749010533475
2017-01-18,0.002364386825296409,0.003928503852296927,1.9151781434978705,3.0717928880284164
2017-01-19,0.0011385222176497998,-0.004877409666347532,1.917359858094603,3.0568469740052664
2017-01-20,1.94977127753697e-05,-0.004008221974070025,1.917397242590858,3.044618975430071
2017-01-23,0.0013500646373193293,-0.0019191542226888458,1.9199876009859589,3.0387814853804325
2017-01-24,0.00186014213253642,-0.0008449572981739095,1.9235623745792232,3.0362149292546694
2017-01-25,0.0020225381263421203,0.0018049948035638863,1.927456789794272,3.0417002304052514
2017-01-26,0.0014988860402654729,0.0005126696876907033,1.9303479941213164,3.043260017706093
2017-01-27,-0.0009634672177441074,0.002647781832321172,1.928489062763653,3.051328583479048
2017-01-30,0.0020199620584023946,-0.006010063982309077,1.932388474506485,3.03304490154559
2017-01-31,-0.003303421441029533,0.003643433555099662,1.9260155130715855,3.0441157548264015
2017-02-01,-6.333519082559879e-05,0.005078522374972749,1.9258935323744082,3.0596146873254675
2017-02-02,0.00259189830099811,0.001041113143205763,1.9308917271570258,3.062801751148729
2017-02-03,-0.0001482527919755462,0.00831726985816772,1.9306054882858525,3.088382131835442
2017-02-06,0.00019271683786756938,-0.001864619598016759,1.9309775843241592,3.0826288395039976
2017-02-07,0.0014720385499691724,0.009870851269933922,1.9338221509095894,3.1132076816166476
2017-02-08,0.00024836581430455506,0.0024969416073830075,1.9343025058722267,3.120990892476976
2017-02-09,-0.0002301133263737402,0.0011548679202277867,1.9338574482971909,3.124597306803298
2017-02-10,-0.00100429621404187,0.00470240436183289,1.9319162575118063,3.13932502751783
2017-02-13,-0.000460321673645701,0.002316282064565911,1.9310271592381074,3.146605017774483
2017-02-14,0.001596062087845932,0.00152873778466045,1.9341116593496206,3.151419030502589
2017-02-15,0.001498454500949625,0.0021108361526192,1.9370120101500723,3.158078185444164
2017-02-16,0.00026206560187485927,-0.006474342748285622,1.9375197008895848,3.1376977509954043
2017-02-17,0.00020496283044972108,9.626448894906048e-05,1.9379168611116826,3.1379998144046373
2017-02-20,0.0005906732821650123,0.002066510562599433,1.9390618749558501,3.1444912291449896
2017-02-21,0.0014230405974868538,0.0013859868888275173,1.9418232029999218,3.1488524743768247
2017-02-22,0.0003202850296706557,-0.005052086448801063,1.9424452395112835,3.1329843168645173
2017-02-23,0.0018890848173664593,-0.0018273641034625143,1.9461181514506247,3.127264441526282
2017-02-24,0.0001886495284964952,-0.0029490912943774816,1.9464853203543258,3.1180554389555466
2017-02-27,0.0013629503841484565,0.004428384369846938,1.9491400920195063,3.131894005556557
2017-02-28,0.0014815773579455013,0.005320248888846635,1.9520300341550876,3.148600864074988
2017-03-01,0.0027578405176604806,0.01124673997254888,1.957420851765848,3.1842122398419477
2017-03-02,-0.0015874940237469582,-0.0016923973915741186,1.9543159230416796,3.178827844906162
2017-03-03,-0.0010512717390864287,-0.0035946731133869037,1.952262485492088,3.1674215112229076
2017-03-06,0.0009261921591820654,-7.944010453009298e-05,1.9540714933139276,3.167169900921072
2017-03-07,-0.0004202472790241949,0.00023830138390579236,1.9532504726137845,3.1679247318265786
2017-03-08,-0.0021776628405303193,0.0023904191381003415,1.949001579648584,3.175506457874891
2017-03-09,-0.0016060961659735092,-0.0020939662663774783,1.9458738081073266,3.1688640114299194
2017-03-10,0.0028845644951511875,0.0036932689098314597,1.9514949099239691,3.1805891170190224
2017-03-13,-0.0013258353431839513,0.003569246118729552,1.948909263449851,3.19196170609148
2017-03-14,0.002371425119553846,-0.004112643758213963,1.9535364401660047,3.178861261899378
2017-03-15,0.0030130267524871813,0.000680488314984018,1.9594313740592666,3.1810251760186894
2017-03-16,0.00024385037249428175,0.0033165780183903593,1.9599092403912817,3.1915928086958196
2017-03-17,2.8284321553775633e-05,0.0035622810895059587,1.9599646758784268,3.202982433882469
2017-03-20,-0.0004711775881440073,0.002975442632230596,1.9590414019796647,3.212526916855652
2017-03-21,-0.00445354941665078,-0.008589546090927769,1.9503361133916008,3.1850509408480723
2017-03-22,-0.000570156389055957,-0.008201839577424153,1.9492244337414868,3.1590345011616896
2017-03-23,3.2436589430281655e-05,0.008954704473536523,1.9492876609595835,3.187449756772612
2017-03-24,-0.004092445126878515,-0.0011531772294368636,1.9413266093650487,3.1837761808422838
2017-03-27,0.0005252787859304311,-0.004244966290150032,1.942346614919697,3.17028980314033
2017-03-28,0.0033387108466081017,0.00281617800174061,1.9488423863480406,3.179230486912616
2017-03-29,-2.4762639427794843e-05,0.0013391564534259714,1.9487941284642247,3.1834908259296513
2017-03-30,-0.00023001185200084132,0.0017478629276155289,1.948345934264533,3.189059997180852
2017-03-31,-0.010968773320169805,-0.0021114121602199276,1.9270917486320243,3.182333680635268
2017-04-03,0.0002899795846780308,-0.0009282056512009973,1.9276506469275603,3.179381190999658
2017-04-04,-0.0024574126378852194,0.003470792552533908,1.9229194295240293,3.1904353357838557
2017-04-05,-0.0016291948207394463,0.0025834588486848276,1.9197891697426424,3.198688350254645
2017-04-06,0.0009717779815695059,0.0029741209366278554,1.9216556853595559,3.208215797113638
2017-04-07,0.0012316480989242404,0.0054020442529072454,1.92402394706435,3.225593616436965
2017-04-10,-0.0012071189640721616,0.0018132763162395094,1.9217028224891157,3.2314478149832144
2017-04-11,0.0009126323480734054,0.002172632231452809,1.923457431182845,3.238476194938028
2017-04-12,-0.0006167193672224672,0.0060624599287830705,1.9222715634443934,3.258168960085284
2017-04-13,-0.0017103436782927859,0.005206813832485224,1.9189866284126051,3.2751778820129522
2017-04-18,-0.0018239039943537196,-0.011714798594200104,1.915489770971454,3.2370336947310165
2017-04-19,-0.00014428006431247277,0.006193909464233371,1.915213423920273,3.2571458103813344
2017-04-20,0.000861161185748756,-0.0020104860511480638,1.9168634417470614,3.2506039425335844
2017-04-21,0.004565638386893588,-0.0010532713719033637,1.9256351560596943,3.2471819769050887
2017-04-24,0.0009052374932538416,0.01254599904656395,1.9273791024250149,3.288177747607839
2017-04-25,0.0010277374638216316,-0.0010463161279581357,1.9293609603759523,3.284739073482737
2017-04-26,-0.0021273521222109973,0.004915816953085184,1.9252608929322552,3.300926002900889
2017-04-27,-0.002206272654512512,-0.002146801897659145,1.9210179247648003,3.2938471698386738
2017-04-28,-0.0007650624840896065,-0.0010801600331795669,1.9195487880816389,3.2902912086197484
2017-05-02,-0.0016951522379345784,0.009634626171136418,1.916297617051153,3.322145138355771
2017-05-03,0.0007494024820004111,-0.006173957320511292,1.9177342334763456,3.301697542303007
2017-05-04,-0.000504016282276444,-0.0001320798746782259,1.9167679077400037,3.301261483303337
2017-05-05,-0.0011918908499219617,0.0009547302397372448,1.914484690552477,3.3044148025158067
2017-05-08,4.996434724389997e-05,0.0015267639099079133,1.914580348920083,3.3094637170491454
2017-05-09,5.89896240282482e-05,0.004415080134975824,1.9146932926262583,3.32410756766306
2017-05-10,-0.001185063839309792,0.003013106596815973,1.912425602785803,3.334138562743311
2017-05-11,-0.0003872145952340973,-0.004088558849407065,1.9116852270315048,3.3205345703299534
2017-05-12,0.0008399358017568358,-0.0016532002741858065,1.91329159442368,3.3150495967969498
2017-05-15,3.0779933716973623e-05,-0.0006073796815773136,1.9133504863184772,3.3130367143822554
2017-05-16,-1.8372233842479742e-05,0.00630383921049571,1.9133153341188331,3.3339875310386935
2017-05-17,-0.0032446140724987295,-0.005160267254739281,1.9071174246102134,3.3168275774064084
2017-05-18,0.0021268994999913498,-0.0041555658973582155,1.911177988381838,3.303072880906011
2017-05-19,-0.0005399263021705012,0.006136103875157062,1.9101463716413487,3.323403189864953
2017-05-22,-0.0004922094994340811,0.005024444667428796,1.909206410799722,3.340143465376597
2017-05-23,-4.751668562032283e-05,0.00037657503687782423,1.9091156937942186,3.3414015168857785
2017-05-24,0.0011182397389234947,0.0015249530638676845,1.9112517369107838,3.3465008845265123
2017-05-25,0.0013939804008609009,0.0008567346936985132,1.913917842190675,3.349369176443935
2017-05-26,0.0020321404068580928,0.0028655783189659445,1.917811146503889,3.358980821021122
2017-05-30,-0.0012798459148028107,-0.0016493076326113965,1.9153582137654714,3.3534453943807163
2017-05-31,-0.0034281388654906074,-0.0009859435675263484,1.9088033417567487,3.35014071584605
2017-06-01,0.0017369578374012127,0.0019208461417150602,1.9121217338004994,3.3565820050965796
2017-06-02,-0.00015994288360855562,-0.0003898108207547324,1.911815927992968,3.355273828097582
2017-06-05,-0.000546278782481963,-0.0067267129733963316,1.9107718287260977,3.332779605019329
2017-06-06,0.002832875212967382,-0.010823966795785012,1.9161924812683016,3.296900238071503
2017-06-07,-0.0007353292408897676,0.002088889046230946,1.9147839668300446,3.3037942948183114
2017-06-08,-0.001962876770393297,0.0024087659783980087,1.9110291681703329,3.3117619543764656
2017-06-09,-0.00031069869491816884,0.001346359115141027,1.9104355061316178,3.3162237782055195
2017-06-12,0.0012228508366631872,-0.00442559953907562,1.9127731127695007,3.3015799275915985
2017-06-13,0.000561729704425761,0.008942444423013285,1.9138478760797477,3.3312365262150956
2017-06-14,0.0014565271381872902,0.005783951587646996,1.9166374785222793,3.3505600663491095
2017-06-15,0.0004914970087333099,-0.021301946771886904,1.9175797316481273,3.279941441633656
2017-06-16,-0.0008615405512326651,0.01334541052183269,1.9159283704085708,3.324006989065846
2017-06-19,0.0007459079596665339,0.002867264198389563,1.9173580097536078,3.333551472039024
2017-06-20,-0.00012761412499527657,-0.005125578758271132,1.9171133434006637,3.3165088055005674
2017-06-21,0.0014083572290909726,-0.004516605971401688,1.919815225998181,3.3015632190949913
2017-06-22,0.0012130428148693162,-0.001230229114767667,1.9221454571132712,3.2975040372723967
2017-06-23,0.0007115887530166249,0.0013572367912626504,1.923513720965063,3.301982569598053
2017-06-26,0.0013718510245965278,-2.5400244854978382e-05,1.9261543060645552,3.301898699497443
2017-06-27,-0.0008526923491012072,-0.008048663318099614,1.9245125890638208,3.2754294923147858
2017-06-28,0.0008646919915870371,-0.0025844247222668315,1.926177419366276,3.266975320649562
2017-06-29,-0.001410203838680801,-0.006697120417587854,1.9234630309458265,3.245169094490398
2017-06-30,-0.002917712828469185,-0.00032058500828391345,1.9178590974951548,3.2441289086722565
2017-07-03,0.001225780435595633,-0.0010242381161127412,1.9202114130717627,3.2408078492585632
2017-07-04,0.0013521193762602271,-0.0009787396240277246,1.9228095242122725,3.237637493931906
2017-07-05,-0.003490632344211976,0.007725911556740073,1.9161094037270774,3.2627480710081613
2017-07-06,0.003937736399673067,-0.004229732086278304,1.9236694123638425,3.2489766660111603
2017-07-07,-0.0010031273423168228,0.0013414441377790354,1.92174069451526,3.253337911242992
2017-07-10,0.002030812446574155,-0.0019456412176044324,1.9256473549414248,3.2470142367038632
2017-07-11,0.0008256795779731707,-0.007362734289792172,1.9272379792194023,3.2231951281300053
2017-07-12,0.001039273228057623,0.0027284578767314827,1.9292419472100704,3.2320014886942854
2017-07-13,5.2647400280642466e-05,0.007775441568526276,1.9293435194568374,3.257229680481942
2017-07-14,0.0007114587415947283,-0.0005099784705233645,1.9307166561764348,3.2555689869663085
2017-07-17,0.0005022351333870169,0.0057643160329465815,1.9316865734566617,3.274389306496649
2017-07-18,0.0015058114834386434,0.004742727817287573,1.9345975204000045,3.2899557282172998
2017-07-19,-0.0004853129735391728,0.004095936935057054,1.9336588629145288,3.30345881441586
2017-07-20,0.0015346291968607892,0.0035480980718567423,1.9366285903947444,3.315200628501567
2017-07-21,-0.0015852521821579056,-0.0006428515903014187,1.9335609778079808,3.3130701313754702
2017-07-24,-0.00158723101739391,-0.0068533163391872876,1.930494404174178,3.2904422403243645
2017-07-25,0.0018025124060138294,0.001273638856398307,1.9339772823099626,3.294635745354975
2017-07-26,0.00016896715189423928,0.006161751172271579,1.9343040885521652,3.3149991436895476
2017-07-27,-0.0004538578771862,0.005887756206245598,1.933426388595288,3.3345746217429766
2017-07-28,0.0009159668190611134,-0.007634994691159136,1.9351981543297754,3.30921210674731
2017-07-31,-0.0006420464665400564,0.0026778719848969956,1.9339560659746209,3.318085628915594
2017-08-01,0.0012877184482571846,0.004161974776689448,1.936448061028541,3.331924195516602
2017-08-02,0.003149715017005933,-0.0011182078359475156,1.9425569361234651,3.3282004940964516
2017-08-03,0.0011710690365431477,0.0033609843451305466,1.944833136937096,3.3394053429676913
2017-08-04,0.0014728612575877797,0.003084417743515644,1.9476997168359902,3.3497213653429907
2017-08-07,0.0008135680773344938,0.0009410225187806986,1.949284947909102,3.352875012173042
2017-08-08,0.0006750294403575656,-0.0019530278129380463,1.950601216846747,3.3463331443252873
2017-08-09,0.0025021699833349675,-0.003741419824761394,1.9554880639724401,3.3338364993340734
2017-08-10,0.0014935389888478855,-0.00887446228377975,1.9584108437376668,3.304381385522594
2017-08-11,-0.000691791580383391,-0.0078788918878967,1.9570565001208062,3.2784488159368235
2017-08-14,0.0011951447535337892,0.007528546226623689,1.959396864187637,3.30322391261063
2017-08-15,0.0018099233664429304,0.00011682858215600334,1.962946433611606,3.303609846120478
2017-08-16,-0.0015899248889125928,0.008312655314920647,1.9598279759348611,3.3311860731076988
2017-08-17,-0.0003780914038962052,-0.004344928120382008,1.9590871218881438,3.3167437073058004
2017-08-18,0.00048406078867754853,-0.0074417145034075816,1.9600356687040914,3.292153059329824
2017-08-21,-0.005082053984619939,0.0010388910691165876,1.9500999299886312,3.295575024958316
2017-08-22,-0.0012507891640790175,0.005294624502713674,1.9476622909313914,3.3130701313754702
2017-08-23,-0.0013194275092974252,-0.0004051207475459506,1.9450941863124211,3.311728209765671
2017-08-24,-0.0002785512526184505,-0.0016677073073303461,1.9445524533440641,3.3062098192394567
2017-08-25,-0.0008629981937905962,-0.001980620960139845,1.942875031999,3.2996679513917084
2017-08-29,0.002987165716555518,-0.007316528196575689,1.9486873986152278,3.2756139410126157
2017-08-30,0.0010904811325861683,0.004531894419862681,1.950813564517933,3.2904923658141843
2017-08-31,-0.006634312929708118,0.009487592981706428,1.937914093739478,3.3218597834431427
2017-09-01,-0.0016984642394179275,-0.000879034107800436,1.9346254095989956,3.3189410384183233
2017-09-04,-0.00039451883174446763,-0.00447263461474634,1.9338623139802311,3.3041297752207597
2017-09-05,-0.0021340332066478902,0.001466106016920321,1.9297397879533629,3.308977532559657
2017-09-06,0.0011940739180928727,-0.003783737359491113,1.9320454161741762,3.2964808875684453
2017-09-07,-8.001639802922159e-05,0.002256649792444776,1.9318908270440605,3.3039282904087397
2017-09-08,5.0983428516010215e-05,-0.004391011682017165,1.9319893239727761,3.2894525076136247
2017-09-11,0.003109172768136738,0.00426923576858762,1.9380055604800037,3.303525976019868
2017-09-12,0.0009262281913980251,-0.001443102154368603,1.9398014274281148,3.29876208878158
2017-09-13,-0.007807756263490868,-0.0038669593335161068,1.9247149032757018,3.2860305419851357
2017-09-14,0.00043610088234308437,-0.003379855838385737,1.925554456194858,3.274942980207723
2017-09-15,4.374756345018973e-06,-0.007490693541878812,1.9255628800448592,3.2505030363187806
2017-09-18,-0.00010998635709146389,0.0030761060257109563,1.9253511060446713,3.260517322902423
2017-09-19,-0.0009771372912519517,0.005008534663332398,1.9234706925408986,3.276888701018406
2017-09-20,-0.0009325153679517223,0.00027130414990850227,1.9216778626109485,3.277777855131927
2017-09-21,0.0023147683057353585,-0.006288666771000706,1.9261312539171824,3.257229680481942
2017-09-22,-0.001117507491630252,0.005090434762220042,1.9239799900616834,3.273852668899763
2017-09-25,-0.00047765747151955564,0.002507434010682985,1.9230612060938588,3.282071938759756
2017-09-26,-0.0019540671267847774,-0.0032353148041188717,1.919307084505583,3.2714705614718262
2017-09-27,0.002123476031022147,0.0033937171585058934,1.9233870173824519,3.2825918678600328
2017-09-28,0.0012597385589534574,0.005554437435630888,1.9258115089641776,3.300875549793489
2017-09-29,-0.0031282960445656303,0.009925967698196203,1.9197964138426717,3.333803082340863
2017-10-02,-0.00031125924985775,0.004132313267968257,1.9191989524385373,3.347607904331079
2017-10-03,0.0013604411036666855,0.003915778273469783,1.9218116864119235,3.360742093133976
2017-10-04,0.0002630110237511786,-0.00029951478244427676,1.9223172105473196,3.3597356519266333
2017-10-05,-0.003083254241295524,0.002946298363152522,1.9163993456839137,3.369649032295473
2017-10-06,-0.0009266355011328458,0.0038752998443261077,1.9146243645231418,3.3827327679909773
2017-10-09,-0.0006175348068568336,-0.0031736713698400365,1.9134423823311275,3.372014103609221
2017-10-10,-0.001142351822420955,0.002171546980118677,1.9112578059535439,3.3793445469732766
2017-10-11,0.0005888525207841039,0.0010666243922123897,1.912383586357232,3.3829509612995983
2017-10-12,-0.0003588553334663676,0.004126700603867661,1.9116974404285607,3.396940231987644
2017-10-13,0.0007074466779176088,0.00040980686713787406,1.9130503429287398,3.398332606704843
2017-10-16,-0.0031987817470327867,-0.002095057714486259,1.906940689344409,3.3912203566494123
2017-10-17,0.0005471960558844353,-0.004267846114045071,1.907984445311954,3.3767779908475104
2017-10-18,0.005963741805077961,0.006377750148393702,1.9193971693560476,3.3983830598122418
2017-10-19,0.00045026191282312165,-0.006352913141251193,1.9202615953914453,3.3768618609481242
2017-10-20,-0.0004298074095158231,0.0007646972683179598,1.9194364300733242,3.379445125570496
2017-10-23,-0.00033430999541651145,-0.0007597493444890802,1.9187948505383854,3.376878569444729
2017-10-24,-0.0002804425005765018,-0.0009144233512383693,1.918256814360039,3.3737920842186835
2017-10-25,-0.00013277374432066634,-0.0019856643703484167,1.9180021371278269,3.3670995122838963
2017-10-26,0.001013801632982884,0.004478486423769468,1.919947596814988,3.382212838890697
2017-10-27,-0.0005013700891774814,-0.0008583972667661754,1.9189852337873345,3.37931080236248
2017-10-30,0.0005679036700179806,0.003330140355345179,1.9200753420532573,3.39058314045531
2017-10-31,-0.0030061745228789328,0.0007220166358159474,1.9143119277329876,3.3930320818696686
2017-11-01,0.002059206684269889,0.004946187309592176,1.9182579530968842,3.4098562274819235
2017-11-02,0.0011215272732990713,0.0028148176256799218,1.920410538574535,3.4194678720591116
2017-11-03,0.0005114946836710881,0.004253792820037461,1.9213930696137618,3.4340445610690247
2017-11-06,0.00011166369655528753,-0.001946011187401453,1.9216076314456112,3.427368370013263
2017-11-07,0.0013205633347416258,-0.0061610860852745475,1.9241469122990353,3.4063169747596027
2017-11-08,-0.0031480954929160813,-0.00033985962575933115,1.9180990387132963,3.4051595018476397
2017-11-09,0.00019117826228563984,-0.011309853282684301,1.9184657726090668,3.3668646104786695
2017-11-10,0.0004959668613296012,-0.002544099015986845,1.9194175040509949,3.358309860216227
2017-11-13,-0.003596412552432277,-0.011706087906970808,1.9125268850274852,3.319226393330949
2017-11-14,-0.0015940444375768495,0.0029620286198657197,1.9094806607381654,3.3290726120957896
2017-11-15,-0.0007578282081689338,-0.0077491140803207514,1.9080341506028249,3.3033749443152507
2017-11-16,-0.0023694534736011957,0.007920433068182575,1.9035185043764338,3.3296429943034687
2017-11-17,-0.00036710555357345265,-0.002633147255663104,1.9028198404117045,3.32088708684659
2017-11-20,-6.405604848992044e-05,0.0037056591257602634,1.9026979571954599,3.3332159916365747
2017-11-21,-0.000412102143313607,0.0036518272179595357,1.901914012832892,3.345410573218556
2017-11-22,-0.0018666077432600106,0.0034987054497612746,1.8983671966965807,3.357135678807653
2017-11-23,0.002902236253990607,-0.0003898441453671353,1.9038847094882256,3.3558271741910706
2017-11-24,0.0003591146994763255,-0.0030687106237810013,1.9045685452538996,3.345544896426567
2017-11-27,0.0018343413691832243,-0.003188866161584869,1.90806538034102,3.3348933936488203
2017-11-28,-0.0002169752704629559,0.007261746500939026,1.9076514222500178,3.359198686712168
2017-11-29,0.00019688617339666276,0.001666445441076192,1.9080270494154035,3.364801274956577
2017-11-30,-0.00023251411226228548,-0.0053333069247880616,1.9075834577724933,3.3469035265329703
2017-12-01,0.0019539713868463207,-0.004948851044813907,1.9113144652208176,3.3303811167123705
2017-12-04,0.00037206559364383747,0.004101477892344718,1.9120257318826812,3.3440686516087625
2017-12-05,0.0016919661752223304,-0.0032607473926091757,1.9152635531167637,3.3331822470257846
2017-12-06,-0.002524134710043424,-0.0021259060273646213,1.910435266090418,3.3261037415811505
2017-12-07,-0.0011631375715193022,-0.0009384452859872994,1.9082144588570145,3.322983839361894
2017-12-08,0.0005813545767168477,0.009155159324825135,1.9093241305911455,3.353545972977934
2017-12-11,0.0009504278945607703,0.0035998456173302884,1.9111396681367143,3.365639975962695
2017-12-12,0.0007786156687751506,0.00041857962755287303,1.912628290884836,3.3670490591765
2017-12-13,0.00017704201290542486,-0.000578038270665715,1.9129669364237536,3.36510333836581
2017-12-14,0.0018910910576329784,-0.0027503271960185316,1.9165879538484767,3.355860918801867
2017-12-15,0.0003393289045724537,0.002112043392250129,1.9172384178937574,3.362956132743109
2017-12-18,0.0010257437384500441,0.01026213756060379,1.9192060221523837,3.3976449374033377
2017-12-19,0.0011368287745962082,0.004241690259012998,1.9213890714242485,3.4120873032052383
2017-12-20,-0.0013804833437182202,0.0004325579708073235,1.918738455800652,3.4135635480230437
2017-12-21,-0.00033469926968313866,0.003551296867485121,1.918096362900789,3.425707676497622
2017-12-22,0.0016027420155413615,0.0028555015416991125,1.9211730414338342,3.4355037697726423
2017-12-27,-0.0007641222355847528,0.0077284500193979255,1.9197055911215768,3.462157753270709
2017-12-28,-0.0009069208691370497,0.00011146574724918423,1.917965359303945,3.4625436867805557
2017-12-29,-0.00029605785625514726,0.0040610565633123485,1.9173976146380791,3.4766338636834004
2018-01-02,0.0019675075784251427,-0.0021638820650178303,1.9211738226164725,3.4691189716215205
2018-01-03,0.0007938131932941974,0.0030126655256363932,1.922699481207321,3.479586025701432
2018-01-04,0.00023701011191183587,0.0036858318837520443,1.9231552344334628,3.4924348595917016
2018-01-05,-0.0029943965854244896,0.0053696554159010645,1.9174051582669152,3.511238470625436
2018-01-08,-6.231711455149681e-05,-0.0036373074962341434,1.9172856748329958,3.4984902153323896
2018-01-09,-0.0027981260457094924,0.0008818445489584548,1.9119283665565159,3.501576700558434
2018-01-10,-0.00010831639249438744,-0.005524212439231846,1.911721284588531,3.482286577417631
2018-01-11,-0.0021797130122030803,-0.001065095402715599,1.9075588189670876,3.4785795844940886
2018-01-12,0.00048113129810845067,0.005841741807429912,1.9084768260411342,3.49896001894285
2018-01-15,0.0011434951172659517,-0.0012759994548829923,1.9106604081929577,3.494498195113794
2018-01-16,-0.001157018837891507,0.002133776481812788,1.9084510165082393,3.501962634068277
2018-01-17,0.0017910828627076987,-0.0051817132698257495,1.9118722733808915,3.483863400832653
2018-01-18,0.0016281637465496138,-0.005039320495811239,1.9149876499878506,3.466351258301315
2018-01-19,0.0027531546524579235,-0.000566297202036381,1.9202671714805584,3.464388828994021
2018-01-22,-0.0036984683453494607,9.191510228490074e-05,1.9131782413047445,3.464707273282288
2018-01-23,-0.0015101400263237315,0.0007743235028634388,1.9102912546907322,3.4673911165018767
2018-01-24,-0.0009200184014541085,-0.006440215770671998,1.9085345598040013,3.4451321228464344
2018-01-25,-0.0002556292213831741,-0.0008183487906681108,1.9080467449530172,3.442313956418831
2018-01-26,0.000980831776584392,0.004565227002439443,1.9099191359318526,3.4580648268373166
2018-01-29,-0.003072139568309208,-0.0018303484421036131,1.9040606015075507,3.451741152298194
2018-01-30,-0.0033511854524433085,-0.0101102723059725,1.8976904211088108,3.417018930644747
2018-01-31,-0.0018095860103936865,-0.006268756140352494,1.8942594922873568,3.395665471981856
2018-02-01,0.0012934900644419396,-0.0028741500519089414,1.8967112834620232,3.3859198318142387
2018-02-02,-0.0017560096069556702,-0.011109011326437823,1.8933835628364415,3.3485137669412075
2018-02-05,-0.00435025890401427,-0.013719227611696638,1.885164744089803,3.3028884322081806
2018-02-06,0.005647783002445775,-0.021970914141476783,1.8958418681470928,3.231112334580763
2018-02-07,-0.0029661282984510566,0.022031815704831814,1.8902268894229135,3.303089589402621
2018-02-08,-0.00017652337971687637,-0.01865792780528608,1.889893249632439,3.242032156156951
2018-02-09,0.004331575492948469,-0.005717937446354071,1.8980972201483741,3.223547317029059
2018-02-12,0.0011614566089252778,0.008384204171729692,1.9003030584538678,3.250687812634197
2018-02-13,0.0001777251057399225,-0.003059541877046712,1.900640820029336,3.2407573961511633
2018-02-14,0.0018545559163857337,0.006618840019305239,1.9041689352393039,3.262278595015284
2018-02-15,0.0007435704316689166,0.00647824006687614,1.905585345491581,3.2834810219735564
2018-02-16,-0.0013489900175333593,0.008079682227124962,1.9030164629709587,3.3101179693574356
2018-02-19,0.002491897703112562,-0.004062239082681884,1.9077644986767244,3.2966987532594847
2018-02-20,-0.0025616936186605294,0.007567903581243485,1.9028836448297584,3.3217424963493127
2018-02-21,-0.002046668894210615,-0.0007072171665463145,1.8989930547974756,3.3193941335321755
2018-02-22,-0.00012441299705866888,-0.0026717678764924813,1.8987568100763963,3.310537319860496
2018-02-23,0.0010314085089934797,0.0032880456807919956,1.9007162143062142,3.3214404329400815
2018-02-26,0.004118649320553267,0.0013928717608102659,1.9085607411894225,3.326069996970357
2018-02-27,0.0001191062783959537,0.002372606862978799,1.9087880762946488,3.3339708225420854
2018-02-28,-0.00047786500138315537,-0.009529153122207035,1.907876151183831,3.302351794611298
2018-03-01,0.00342578291505555,-0.00691159827258403,1.914423328908261,3.279605961231208
2018-03-02,0.003318001778931193,-0.008485251668115978,1.9207859386572037,3.2518954110359797
2018-03-05,-0.0016592634900993797,0.009267526249626457,1.9176014913260964,3.2821725173569747
2018-03-06,-0.0005258669924193852,0.0062816945763870535,1.916593353093736,3.3028550152149703
2018-03-07,-0.0012994775819565717,0.004251849834384203,1.9141044005169476,3.3169281560036263
2018-03-08,0.0013654486051676877,0.009752973980283741,1.9167197968890868,3.3494363380479397
2018-03-09,0.00020089058038311143,0.00584723500326767,1.9171048865206601,3.3690786500877965
2018-03-12,-0.0025302900730258975,0.0016118558478659395,1.9122601868898346,3.374513498130981
2018-03-13,0.0016964819027087906,-0.012721348837089863,1.9155070550379696,3.3318570339125984
2018-03-14,-0.0005036582081144997,-0.002172179611797276,1.9145425371010756,3.3246274967633416
2018-03-15,0.002195193355137173,0.000418718557892106,1.918749944503453,3.3260198714805385
2018-03-16,-0.0034891547883095916,-0.001185871592360499,1.9120667949987336,3.3220779767517667
2018-03-19,-0.0022270130792873227,-0.005574720377296671,1.907813335250996,3.303609846120478
2018-03-20,0.0006543931133672523,0.0014611873116905372,1.9090622037400768,3.3084405673451918
2018-03-21,-2.1804898199752148e-05,-0.002822918939495267,1.9090205772868991,3.2991142776806357
2018-03-22,0.004031431229995678,-0.014034345772877543,1.9167321964476558,3.253136754048552
2018-03-23,0.00015598144098480826,-0.0038436552445197947,1.9170311944161005,3.2406568175539436
2018-03-26,0.00013771086411704645,-0.006876790666447974,1.9172952086168176,3.218447949388326
2018-03-27,-0.0011253855465883293,0.010472874486657346,1.9151387259652983,3.252331470035644
2018-03-28,-0.0010453877482939852,-0.001677605942209226,1.913137709506168,3.246879913495855
2018-03-29,-0.002968114713227189,0.0053533437482133905,1.9074677160801887,3.2643081859265775
2018-04-03,-0.0023747351502518897,-0.003216802187159473,1.9029433596471779,3.2538244233500553
2018-04-04,-9.250084583189869e-05,-0.006921557393532396,1.9027673439177677,3.231380653379209
2018-04-05,-0.0026616838385921156,0.016066092193954162,1.8977095129893236,3.283715596161206
2018-04-06,7.39693333618363e-06,-0.002352557282369716,1.897723550271999,3.275999546904883
2018-04-09,0.0019440214445059902,-0.002347780042381231,1.9014163538311335,3.2683172422593567
2018-04-10,0.0002946432358075724,0.009760041494152105,1.9019766758417351,3.300372329189817
2018-04-11,-0.0008635208857115415,-0.0010424480673503211,1.9003349881758163,3.2969336550647146
2018-04-12,0.0014064512282180612,0.0059805742061485034,1.9030095970665535,3.316710290312586
2018-04-13,0.0007179269870690669,0.003312161079856324,1.9043763095541257,3.327713981989388
2018-04-16,-0.0010244178121304056,-0.003382987321334241,1.9024264314570685,3.316475388507356
2018-04-17,-0.00039579769110307324,0.0029241977486567095,1.9016736044614253,3.3261876116817626
2018-04-18,-0.00017640497657431752,0.009166389038808731,1.9013381693608586,3.3568169069018134
2018-04-19,0.0006600366168264373,0.006733188517722866,1.9025935364221458,3.3794952510603133
2018-04-20,-0.0016732020166410023,0.0036465340892757325,1.8994127748505671,3.391841191964491
2018-04-23,0.0017317493634608347,0.004716644654434887,1.9027049314866908,3.4078770896780215
2018-04-24,8.70588980742841e-05,-0.0059785181354410355,1.9028705860921356,3.3875638168332705
2018-04-25,-0.00031185391370574644,-0.008763144432956338,1.9022772609727763,3.3580077968069872
2018-04-26,-0.0003026156195136745,0.005901896633689674,1.9017016892538485,3.3778850106520775
2018-04-27,0.0011215844929433575,0.006632177512290838,1.9038358049505377,3.4003621976161362
2018-04-30,-0.002310515292613177,0.0006657346755858384,1.8994420410925366,3.4026266903326667
2018-05-01,0.0004875274093987265,0.003110801568874777,1.900368296919339,3.4132280676205964
2018-05-02,-0.0005164711529083647,0.0077347853939251365,1.8993870649248996,3.439731019414044
2018-05-03,0.0009911231335380207,-0.006870241329956173,1.9012705246005366,3.4161802296386248
2018-05-04,0.0004444048048802605,0.002745920795652168,1.902115646131172,3.4255736809071946
2018-05-08,-0.00040525741053463993,0.008425849635985472,1.901344955844406,3.4545589911082124
2018-05-09,-0.0009578900788035653,0.0042300335577412085,1.8995245483891332,3.469202841722133
2018-05-10,-0.0020315491774901655,0.0008409764525243446,1.8956694880534393,3.472121586746949
2018-05-11,0.0010789116105120883,0.00415568725096449,1.8977158515979815,3.486580661045459
2018-05-14,-0.00033413747118054844,0.0007406420084183907,1.8970818595484582,3.48916392566783
2018-05-15,0.0007784761912771741,-0.0007742821498677444,1.8985592675979037,3.486463373951635
2018-05-16,-0.002351926392195269,0.0021099015792689357,1.8940992428301808,3.493827234308899
2018-05-17,0.0007765471969840808,0.009109157477762864,1.8955706715309844,3.5257984511387455
2018-05-18,-0.00045880132665961917,-0.0014091967210809742,1.8947011806691414,3.5208334067060223
2018-05-21,6.27994779117463e-06,0.007021496416021122,1.8947130793309972,3.545641920373037
2018-05-22,0.00013392904132973109,0.00253731835456783,1.8949668534307886,3.554649765749332
2018-05-23,-0.0010649355048148626,-0.008839694995744551,1.8929499100960228,3.5233662182209904
2018-05-24,0.0006265297656656303,-0.0007334497538789009,1.8941362711660659,3.520782953598617
2018-05-25,0.0015014545719860511,0.005748234355122506,1.8969823668373733,3.5410795179467662
2018-05-29,-0.0010288895658668092,-0.017378491463860612,1.895031585215023,3.480072537808498
2018-05-30,-0.00045804099235316064,0.0036516446836749594,1.8941637818271253,3.4928037569873625
2018-05-31,-0.002014398011109658,0.0011328116836946123,1.8903520225613848,3.4967626878303246
2018-06-01,0.0007753727656786818,0.006626638139850982,1.8918183184267028,3.520011414196507
2018-06-04,-0.0020681289053431757,0.0059721154209118055,1.88790983729321,3.5410962264433743
2018-06-05,-0.000616546064766191,-0.002784429608055916,1.8867462126633472,3.531250007678535
2018-06-06,-0.0005920525437888587,0.005660396835617476,1.8856294903804098,3.551294961724847
2018-06-07,-0.002080705070361379,-0.0007891666322148438,1.8817101304689905,3.548493503793853
2018-06-08,-0.001127574646074111,0.0002741701040491762,1.8795895576113864,3.549466528007986
2018-06-11,0.000491306535699141,0.007453112980865484,1.880513239132277,3.5760199329088325
2018-06-12,4.447647918391108e-05,-0.003627844467553487,1.8805968796002153,3.5630701928037665
2018-06-13,0.001968005774845423,-0.00040962077819095555,1.8843015493294388,3.5616109841001466
2018-06-14,0.001271386453853628,0.00428131502486373,1.8866987483545081,3.576892050908168
2018-06-15,0.0010289035462408564,-0.015048890766252043,1.888640978399725,3.5234667968182096
2018-06-18,0.0013973864003539622,-0.000280936872840698,1.8912819844412994,3.5224770641074694
2018-06-19,-0.00011076722646352459,-0.00783067276034366,1.891072503983421,3.495001415717466
2018-06-20,-0.001172202706673388,0.004338839858284871,1.8888570823910065,3.510198612424879
2018-06-21,0.0007523731059027264,-0.009473047098516929,1.8902787424030079,3.4771033396762814
2018-06-22,-0.007279403861846737,0.013455282478894048,1.8765686013936227,3.524204919227115
2018-06-25,7.810418420258923e-05,-0.011272295538525157,1.8767151749772653,3.4847021018387747
2018-06-26,-0.0016674673991609306,-0.000828341456641013,1.8735884212099474,3.48181677380717
2018-06-27,-0.0012212220045516252,0.004177779034227669,1.8713017503530684,3.4963934628170805
2018-06-28,-0.00024827977289511045,-0.007700829812339549,1.870837201650882,3.4695717391177907
2018-06-29,-0.004126394914347873,0.007072175775315159,1.8631332941500693,3.4941961317045585
2018-07-02,-0.0002657574728044585,-0.010864800289176912,1.8626382183422798,3.456437877932476
2018-07-03,-0.001078427416954706,0.0028736267990137065,1.8606305809599244,3.46638467529453
2018-07-04,0.002839174705148129,-0.0006147108570910831,1.865920742533847,3.4642545057860117
2018-07-05,0.0006162307955377079,-0.0015215729657853672,1.867070934712952,3.4589873979440515
2018-07-06,-0.0007196842103675176,-0.00013573563644442288,1.865727716645996,3.45851792195117
2018-07-09,-0.003248310612634641,0.009792592039342907,1.8596770859878975,3.4925521466855303
2018-07-10,-0.0029857692714500062,0.0014590042844560003,1.8541328003873818,3.497651514326266
2018-07-11,-0.0014693761835110689,-0.0100882588154807,1.8514103824273054,3.4625436867805557
2018-07-12,0.0031018310478429243,0.006638992221684958,1.8571620603888785,3.4856079644489077
2018-07-13,-0.002276704189515079,0.0016011788034244745,1.8529386612848906,3.4911935165791284
2018-07-16,-0.0005302333505717343,-0.00060076372015061,1.8519564318385313,3.489096764063826
2018-07-17,-0.0002442332295107283,0.0033932332843082946,1.8515041777682542,3.5009561928609316
2018-07-18,-0.0020927435124984944,0.005394689410172404,1.8476335059861546,3.5198937994850974
2018-07-19,-0.0024212680423017253,-0.0036761764748174386,1.8431653015674256,3.5069778039908215
2018-07-20,-0.0021471183305312247,0.0008844714039444312,1.8392120531270715,3.510080997713474
2018-07-23,0.0016675717247762478,-0.007449116233809505,1.842281629801046,3.484031141033879
2018-07-24,0.0015332523574109187,0.00396413097892534,1.8451084790357855,3.4978697076348917
2018-07-25,-0.0013245599054792373,-0.004773339252057696,1.8426661401923305,3.4812129746062803
2018-07-26,0.001262113591334082,0.0007225051146004802,1.844993262409536,3.483729077624643
2018-07-27,-0.0015321325622574687,0.004817819285975133,1.8421686525459744,3.500553550854476
2018-07-30,0.0010088049630420396,0.0004503483117446194,1.844027979116675,3.5021303742695062
2018-07-31,-0.002832750528923,-1.91775407625272e-05,1.8388116995809487,3.5020632126654974
2018-08-01,0.00044247331574458323,-0.0036661024620947558,1.8396255047209442,3.4892477957684442
2018-08-02,-0.001410964618540211,-0.012212821533966078,1.8370316885441638,3.4468933949592913
2018-08-03,0.000987698715477962,0.004190961406631999,1.8388470187353014,3.461369505371985
2018-08-06,0.0022832712901760827,0.00019864998520091603,1.8430504022465177,3.4620571746734887
2018-08-07,0.0025264393671481727,0.0017523528022849177,1.8477126442944325,3.4681292389107785
2018-08-08,0.0040764764891150565,0.00458426433126391,1.8552601746607285,3.484064558027092
2018-08-09,0.00023571117965666188,0.0017124751822308326,1.8556975317680229,3.4900360436671662
2018-08-10,0.0020476846958011976,-0.006688563520652835,1.8595013083422922,3.466770608804375
2018-08-13,0.0011486254219082127,-0.004480830311383244,1.86163840594448,3.451271348687729
2018-08-14,-0.0016648187665395965,-0.003178729045828277,1.8585416938372108,3.44031811011833
2018-08-15,0.00011176753139614614,-0.009277532008285405,1.8587494300631942,3.4085480504829193
2018-08-16,0.0007294478920133582,0.00695888007347456,1.8601057855519185,3.432350450560173
2018-08-17,-8.86557831024416e-05,-0.0008751813886114235,1.859940883726705,3.429347835434741
2018-08-20,-0.0013529519182673253,0.004236616853990682,1.857426174664022,3.443907488330463
2018-08-21,0.002813902418302737,0.005425811224506916,1.8626601511647218,3.462644265377774
2018-08-22,0.0005530371272727483,-1.9396233110313688e-05,1.8636905562836885,3.462577103773768
2018-08-23,0.0008190128439999703,0.0011135858611801552,1.865217568022282,3.4664351284019292
2018-08-24,0.0013031912663852324,0.0012525307151403098,1.8676498878115546,3.470779665137158
2018-08-28,-0.0002122123888782147,0.007597366846903597,1.8672535914182633,3.4972488723198083
2018-08-29,-0.003937593812331861,-0.005400799889708097,1.8599155618017729,3.4784118442928644
2018-08-30,0.0037010309745916952,-0.0021772165631386287,1.8668119208533778,3.4708468267411625
2018-08-31,-0.0031167445698242827,-0.00013536621821685912,1.8610026027192383,3.470377023130703
2018-09-03,0.0005991867132903647,0.00033347383339332737,1.8621180248918874,3.471534496042665
2018-09-04,0.0006459188663436902,-0.007142838803964935,1.8633211905874036,3.446826233355288
2018-09-05,0.0016406816543048767,-0.007821776684014736,1.8663808167307847,3.419971092662782
2018-09-06,0.0010838193699919164,-0.005163268748482608,1.8684047329934448,3.4023583715342274
2018-09-07,0.0003767508314991865,-0.003650027949650081,1.869108788648626,3.3899623051402274
2018-09-10,-0.0007486718440964072,0.002480945956197189,1.8677099632209557,3.3983830598122418
2018-09-11,0.004655617386709871,-0.0016499645427643372,1.8764255787422266,3.3927804715678285
2018-09-12,0.0014613055941564252,0.007589860228030432,1.8791696143864753,3.418629171052988
2018-09-13,0.0020179439946719606,-0.006739886430873199,1.8829655020810832,3.395665471981856
2018-09-14,0.0016064139531174414,0.006514174181978305,1.8859927549965245,3.417857631650874
2018-09-17,0.0005842330308829968,-7.361908854264243e-05,1.8870949361939797,3.417606021349038
2018-09-18,0.001779783680772353,0.004109476291866088,1.8904565475486392,3.4316794897552745
2018-09-19,0.0002291917219176254,0.00206056978604785,1.8908898741955258,3.438757995199909
2018-09-20,0.0032686911567706657,0.002474961205823689,1.8970807216778518,3.447279328469139
2018-09-21,-0.0010918120485367106,0.0019007294318313939,1.8950105963883852,3.453837904813495
2018-09-24,-0.0017834260397104457,-0.0049807560032189,1.8916339969978684,3.4366779511812147
2018-09-25,0.0014888033699693764,-0.0013187072972300484,1.8944523655450582,3.432148965748153
2018-09-26,-0.0030520691429533255,-0.0012029856312647524,1.8886791804988463,3.4280226223215524
2018-09-27,-0.0012329479914427836,-0.0030531615894311415,1.8863519722549462,3.4175722767382424
2018-09-28,-0.00019353851756502994,-0.003303702012757981,1.885986925817043,3.406300266262995
2018-10-01,-0.0017501235596046522,0.004628030160649388,1.8826891023061259,3.422101262171297
2018-10-02,0.00045466753902955197,-0.006703339627526006,1.8835452945536908,3.399238469314968
2018-10-03,-0.0026410635086259624,0.001730541320037915,1.8785772950981763,3.4051260848544245
2018-10-04,0.001157875873789441,-0.010463457014980193,1.880753714193644,3.369682449288688
2018-10-05,0.0005525103189891673,-0.008533583523313126,1.8817931371477252,3.341049327986722
2018-10-08,-0.0013808517250333524,-0.013745020058129498,1.8791964530785796,3.2954407017503056
2018-10-09,-0.0018826544647225535,-0.004924019568543159,1.8756619036976712,3.2792537723321535
2018-10-10,-0.00019790209800146829,-0.01600498215846713,1.8752907429997396,3.2271871483485977
2018-10-11,-0.0004997514951613779,-0.02161528122450207,1.8743537977864493,3.1581790916589596
2018-10-12,-0.004708157337147498,0.007708726273763844,1.865549786798472,3.1826187079303203
2018-10-15,0.002135247608192281,-0.009000246052423222,1.8695374533313356,3.1541028737221795
2018-10-16,-0.0002105987133462356,0.018254491358037583,1.8691437726048936,3.21220814494981
2018-10-17,0.0021150088165582765,-0.0071219641423461155,1.873101211697432,3.1894121860799025
2018-10-18,0.00026402811417784895,-0.0027701955724648286,1.873595828371501,3.1805891170190224
2018-10-19,-0.0001226846603545012,-0.008771872177101514,1.8733659810033172,3.1528114052197798
2018-10-22,-0.0003050600070945292,-0.002002533688321151,1.8727945791242238,3.1465041115596835
2018-10-23,-0.0002116014668334849,-0.021886960414427392,1.872398334968604,3.0783848813659866
2018-10-24,0.0016934115199237203,0.0029598750180515054,1.875571762079585,3.087510013836107
2018-10-25,0.0010824720742698365,0.006768123729552045,1.8776031153785824,3.108477538989154
2018-10-26,-0.0001273203088072215,-0.009684365387018445,1.8773640735878752,3.078519204574
2018-10-29,-0.00014997354242872392,0.011587460200574995,1.877082539759171,3.1143988991394065
2018-10-30,0.0006539876681146519,0.005419634181700772,1.878310530093707,3.1313236233488784
2018-10-31,0.0015778474683249694,0.013303234627453975,1.8812765569619838,3.173258673654968
2018-11-01,0.0033204298676994966,0.01334773526390265,1.8875335860955553,3.215898429376746
2018-11-02,0.0039666162524276734,0.007990090182984133,1.8950355764171476,3.241696675754506
2018-11-05,0.000237560517102132,-0.01364981367676954,1.8954858155260086,3.197748743033723
2018-11-06,-0.003040364182876549,-0.0010496650338982505,1.8897316002309485,3.194393939009234
2018-11-07,-0.001978931695118678,0.005420152843747417,1.8859956482880587,3.2117550498359595
2018-11-08,0.0009960603111548554,0.005723353581599255,1.887875149593263,3.2301897634740326
2018-11-09,0.0015319146793683575,-0.007845998958666556,1.8907694295767206,3.204944863189765
2018-11-12,-0.0018615844754156874,-0.015560124589711677,1.8872528767556493,3.15546150382858
2018-11-13,5.337845635873642e-05,0.009212343000738699,1.8873536180896537,3.1846650073382254
2018-11-14,-0.0014097231787278553,-0.003989872862034005,1.8846948464540967,3.1719839136491763
2018-11-15,0.0009863443802682122,-0.013196104350067017,1.8865547217123861,3.1304010522421444
2018-11-16,-0.0010976411746494688,-0.003924679434257783,1.8844850976317016,3.118139309056162
2018-11-19,-0.002491650500150896,-0.0026394336251804873,1.8797954642855264,3.109920039196167
2018-11-20,-0.0033345258938742707,-0.009413003199671977,1.8735376768102594,3.0807836972905283
2018-11-21,-0.00346549362800675,0.01182651447224714,1.867056181207004,3.1174349312580496
2018-11-22,-0.0018379478539439973,-0.002958403772531426,1.8636277808811819,3.108225928687317
2018-11-23,0.0019975885216621247,0.00016188651790471908,1.8673542630948017,3.1087291492909896
2018-11-26,-0.001300230622304849,0.00999144528774032,1.8649278496895814,3.139945535215327
2018-11-27,-0.0010837993527471929,-0.0031139254027579,1.862907736989325,3.1301831865511005
2018-11-28,0.00018177000299051055,-0.0011367739060563764,1.8632463885116601,3.126626897714598
2018-11-29,-0.000922275326020235,-0.0016483381350091975,1.861528754528711,3.12147740458404
2018-11-30,0.0008055003133035752,-0.006912937065646219,1.863028820594443,3.099973241834112
2018-12-03,-0.00011535222965719679,0.004486458043068353,1.8628139284604535,3.1139123870323395
2018-12-04,-0.0015820493319262789,-0.01270163748364439,1.8598691949005033,3.0746107268384413
2018-12-05,-0.00013116780642625754,-0.0031966629635302723,1.8596252559367874,3.064797925066814
2018-12-06,0.0026404885004276003,-0.028749097049196592,1.8645420635704626,2.9779422454433906
2018-12-07,-0.012874186533247456,0.005101441343819957,1.8406914592345325,2.9931728591440123
2018-12-10,0.001008517220811579,-0.019912070720389252,1.8425487646742083,2.9341620529238335
2018-12-11,-0.0024159692248073377,0.009161950232947191,1.8381025966287874,2.961168225320957
2018-12-12,-0.0002955114891656979,0.018837680984029603,1.8375594964433426,3.0174784798249377
2018-12-13,-0.0005424297127285536,-0.00951762635836495,1.8365630198572522,2.988895484012796
2018-12-14,0.0015220866445676178,-0.008549979167662869,1.8393605564080957,2.963449426534093
2018-12-17,2.7965241253479888e-05,-0.014246113704873054,1.8394119952890549,2.921531084724607
2018-12-18,-0.0015951464513204554,0.004468385070003578,1.8364802027131752,2.9346148204201072
2018-12-19,-0.0027314924443454895,0.006239425361611595,1.8314707157178827,2.952982372454176
2018-12-20,0.0015427699938208679,-0.008992546354969377,1.8342984344816198,2.9265465822647303
2018-12-21,-0.0011409933008509955,-0.00022358279029610628,1.8322067058072462,2.92589232995644
2018-12-24,0.0010897211566314711,-0.007527011885573032,1.834204388478736,2.903951780589263
2018-12-27,0.004348372119618199,-0.01288865657553373,1.8421975577456793,2.866763909024854
2018-12-28,0.0036628201058566956,0.021681828038667916,1.8489575687935091,2.9295993228799824
2018-12-31,-0.0033848266665313202,0.0021162697977352707,1.8427097477701087,2.9358057103252846
2019-01-02,0.0009487545428537006,0.004822038720423194,1.8444588566207476,2.949996465825348
2019-01-03,0.003852580669988659,-0.008439524634953344,1.851578488831049,2.925204660654939
2019-01-04,0.0026430779598608555,0.02026475014124607,1.8564788282626472,2.9850879124920344
2019-01-07,0.0009600992767817404,0.010080501668587871,1.8582620881593088,3.015331274202235
2019-01-08,0.0019741886534144705,0.011042464633453264,1.8619342716876803,3.04881248046068
2019-01-09,-0.00738817949980136,0.013003828413461704,1.848228659177881,3.0887176122378897
2019-01-10,0.0009560898431528045,0.0011886464003403319,1.8499965768361306,3.09239118816822
2019-01-11,-0.0017463803718044601,0.005771093917855907,1.8467685985857698,3.110289264209406
2019-01-14,0.00418139744650141,-0.0067479427023808825,1.8545068391431612,3.089371864546182
2019-01-15,0.002075942399536572,0.000662254172159038,1.85836068732016,3.091418491571671
2019-01-16,-0.0035120940978110183,0.003082550217632374,1.8518453975710232,3.100962646927271
2019-01-17,0.003052481314435501,0.0027334482501508717,1.8575067572457664,3.109450563203286
2019-01-18,0.001472202985185423,0.012181826272334106,1.8602433981899908,3.147561005874428
2019-01-21,-0.0012661312812372108,-9.055907117172524e-05,1.8578895762710572,3.147275978579378
2019-01-22,0.002900419510208798,-0.004337166482439869,1.8632860576927603,3.133655277669414
2019-01-23,-0.0007680868378112237,-0.00529723729273357,1.8618554416857653,3.1170994508555987
2019-01-24,0.0008723630516575928,0.0024025068327748755,1.8634803642387687,3.124597306803298
2019-01-25,-0.0023848129841808046,0.0008585718366056483,1.8590416069770659,3.127281150022889
2019-01-28,-0.002484614259733564,-0.005858293978421969,1.854428339159694,3.1090141765860397
2019-01-29,0.0016696599481641988,0.009017922016536062,1.8575271901781396,3.137177821895122
2019-01-30,0.00433429605951463,0.0066825927961424725,1.865595736060896,3.1582125086521753
2019-01-31,0.0005828474567281363,-0.006190740890756885,1.866683410734359,3.1387212283169346
2019-02-01,-0.0009208624905942573,0.005308707155950998,1.8649652432190233,3.155428086835365
2019-02-04,-0.0015963945859192993,0.001986203034322287,1.8619903979470405,3.1617016358846715
2019-02-05,-0.0012934323316334756,0.007779137848462625,1.8595835962182723,3.1863928624578657
2019-02-06,-0.0010663005439600828,0.004066284022334443,1.8576017780127776,3.1993760195561505
2019-02-07,-0.000325010503454005,-0.014475038051665834,1.8569981360239955,3.1533984959240677
2019-02-08,-0.0013919107776997832,-0.007818025735629064,1.8544151583585462,3.1288412649413084
2019-02-11,0.00405146665167344,0.009545320804388524,1.8619434996450728,3.15885005246386
2019-02-12,-0.00017303062435312564,-0.0003717807656649086,1.8616213542701303,3.157675871055291
2019-02-13,-0.002422388031676971,0.007820621519165627,1.857117242537706,3.182467676225703
2019-02-14,0.00261018454925392,-0.003929174384797562,1.8619709931069597,3.169987739731092
2019-02-15,-0.0020723173485236645,0.004698388687589983,1.8581163936716014,3.1849166176400603
2019-02-18,-0.0021643418070189874,0.0073516479818458436,1.854099143597805,3.208417281925659
2019-02-19,-0.0016947502859722071,-0.003057918554260297,1.85095956969231,3.1986211886506366
2019-02-20,0.002552569957466392,0.006955684065250267,1.8556903086848677,3.220947343910084
2019-02-21,-0.001335064104797243,0.0018158896253819279,1.8532144962160408,3.2268015424563314
2019-02-22,-0.0017980156238943735,0.001698374384064394,1.8498853813945286,3.2322865159893324
2019-02-25,-0.004811899340963127,-0.00117349985189108,1.8410053013070846,3.2284956529651816
2019-02-26,-0.0038575575895462245,0.0012305626878710285,1.8339171975086241,3.232470964687167
2019-02-27,-0.0013985008302320053,-0.006084596970895362,1.831354255341424,3.2128623972581005
2019-02-28,-0.0011784638201620648,0.0014399097070025846,1.8291973417815237,3.2174919612883808
2019-03-01,4.39294072786243e-05,0.011316481903980602,1.8292776991015556,3.2541094506451045
2019-03-04,-0.00089000722045795,0.000602980711565948,1.8276503530234323,3.256072207569982
2019-03-05,0.003272427667143637,0.0016316887764862287,1.8336410032432462,3.261389440901757
2019-03-06,0.001498741350819156,-0.0043192667237619276,1.8363912172522938,3.2473330086097048
2019-03-07,-0.00010693415265925393,-0.009106750924420481,1.8361948548126386,3.217894603294831
2019-03-08,0.0020762947632897823,-0.007119895240739638,1.8400112972327145,3.1950648998141338
2019-03-11,-0.0011913886086708171,0.002380674420178863,1.8378204340772128,3.2026803704732374
2019-03-12,0.0024523891651406842,0.002662357825817807,1.8423330160391376,3.2112184122390737
2019-03-13,-0.0008042947613958475,0.0018839122338043524,1.8408518329793253,3.217273767979754
2019-03-14,0.0004665539086758946,0.005355781541823035,1.841710889979913,3.234551008705864
2019-03-15,-0.0008575446434155132,0.010723776184804024,1.840132217659231,3.269424262063925
2019-03-18,0.0009801726374925592,-0.0002206790730934216,1.841936749140066,3.2687028481516283
2019-03-19,0.0026996713965531864,0.003309678849854336,1.8469160913656557,3.2795391272447856
2019-03-20,-0.0017161565583118418,-0.008335925394396426,1.8437492124101074,3.252314761539041
2019-03-21,0.0018767129265153566,-0.0021375343631540034,1.8472126493121586,3.2453702516848355
2019-03-22,4.60472316476684e-05,-0.018208331904203234,1.8472977102993204,3.1868122129609264
2019-03-25,-0.000639216207847884,-0.010524456446070474,1.8461172649822601,3.1534486214138875
2019-03-26,-0.0010544085736432704,0.005125230069895181,1.8441717289852801,3.169652259328643
2019-03-27,4.063315653053939e-06,-0.00013231049073958445,1.8441792224523574,3.169232908825585
2019-03-28,0.00042495840943875397,0.0007883325542934472,1.8449630884648813,3.171732303347343
2019-03-29,0.0008905506136080402,0.010987321567352382,1.8466068532946502,3.2067732969066243
2019-04-01,6.370092774478798e-05,0.006324967901896628,1.846724487611053,3.227120314362175
2019-04-02,0.0014209589345087737,0.004693006004105271,1.8493504725378225,3.242300802572974
2019-04-03,0.001635553728351051,0.0120383737567753,1.8523776594868404,3.2815687181560844
2019-04-04,0.0026598220879063203,-0.0028716990606891812,1.857311212779099,3.272158558390909
2019-04-05,0.0007146993040557035,0.0015878872535228794,1.8586391062760426,3.27735850462887
2019-04-08,-0.0012819274830222708,-0.0010805937475311111,1.8562579922585183,3.2738189242889675
2019-04-09,0.0018080447295197326,-0.004282229721605191,1.8596172256450418,3.2598296536009235
2019-04-10,0.0019342628178718227,0.002620856204755384,1.863217695104624,3.268384403863361
2019-04-11,-0.0016567214679158331,0.0069758600023028805,1.8601334179492897,3.291263905216299
2019-04-12,7.32327732563807e-05,0.004601753915855156,1.8602696456662187,3.3064443934271073
2019-04-15,-0.0025230981937943275,0.004828111115436684,1.8555819189674994,3.322446874147423
2019-04-16,-0.0013287901229939536,0.005854500368011273,1.8531178775007109,3.3419551905968525
2019-04-17,-0.0025538352553297365,-0.0032829752473180207,1.8483913576782391,3.331001624409867
2019-04-18,0.0033424155584357725,-0.0011185177137313929,1.8545797860986457,3.3272779229897176
2019-04-23,0.00018681815448740206,0.00362821402827862,1.8549262876370156,3.339371925974479
2019-04-24,0.0008655821073479873,0.004295523859953576,1.8565325737280032,3.353747130172377
2019-04-25,2.9901619220932922e-05,-0.006150789643827537,1.8565880878880716,3.3331822470257846
2019-04-26,0.001543340652847796,-0.0007148217556700587,1.859455648001564,3.3308004672154286
2019-04-29,-0.0004940716559928839,0.002730774786884993,1.8585371705858234,3.3399085635713663
2019-04-30,-0.002166791904022491,-0.004348629638297297,1.8545144670458829,3.325416072279643
2019-05-01,-0.005469811043164412,-0.0005601404084547568,1.8443983152756027,3.323553893951988
2019-05-02,-0.0007576224899715577,-0.006430337041454237,1.8430014868326197,3.302250888396495
2019-05-03,0.002226788472975502,0.000939279501317003,1.8471100340342343,3.3053540821191496
2019-05-07,0.002190834348715933,-0.012228618392610358,1.851161182219576,3.2651803039259124
2019-05-08,-0.0028648545582266394,0.00339514411809283,1.8458654640218932,3.276284901817514
2019-05-09,-0.0021068978377403328,-0.012690363197359389,1.8419805081067104,3.234970359208926
2019-05-10,-0.004406219090744372,0.004201617002410174,1.8338821930046518,3.24859106011889
2019-05-13,-0.003080730060575938,-0.012464558581184448,1.8282411906693545,3.2083501203216502
2019-05-14,0.0008451873857771813,0.012495518784669812,1.8297870502403486,3.248691638716111
2019-05-15,0.0010570679524563283,0.00012393206300131965,1.8317222821465904,3.2490942807225642
2019-05-16,-0.001095454690288449,0.008272354085267608,1.8297168120326788,3.2760834170054958
2019-05-17,-0.0012253255816566191,-0.0016448984520049947,1.8274761862441005,3.270699022069714
2019-05-20,-0.00016200587096172581,-0.008394711904028185,1.827180148353472,3.2433573692701425
2019-05-21,0.0012523868754910255,0.005199680612800961,1.829469918330074,3.26026571260059
2019-05-22,0.00013685495435143843,-0.006664313593127247,1.8297203074853419,3.2386105181460385
2019-05-23,0.005038636929270553,-0.01440360660478035,1.8389628691991946,3.19229718649393
2019-05-24,0.0023474171841432858,0.005036978166534922,1.8432847528867753,3.208417281925659
2019-05-28,-0.0015581152605865507,0.0040488003823817564,1.8404149391146054,3.2214338560171534
2019-05-29,-0.0020695996723323327,-0.013567390166132398,1.8366099557139968,3.178022560893255
2019-05-30,-0.0011456677197007655,0.00869216312671739,1.8345070158392383,3.2057668556992818
2019-05-31,-0.006278977974891637,-0.007415608658879691,1.8230242743585292,3.18208207033343
2019-06-03,-0.0029603681080850853,-0.004919836200112826,1.8176354318507548,3.1664651955053795
2019-06-04,-0.002736125279239173,0.006915620661301247,1.8126689511523346,3.1884391618657704
2019-06-05,0.0016498053546010493,0.0033613125326557025,1.8156619703647454,3.19917453474413
2019-06-06,-0.001360250895188442,-0.00035131740803073797,1.8131938935266148,3.198050806442961
2019-06-07,0.00023686842260335096,0.00871595808182768,1.813623432774182,3.22604671155082
2019-06-10,0.0013911356434014163,0.004005984224507486,1.816148184704252,3.2389961240383087
2019-06-11,-0.0007020047934705672,0.0008334145610469079,1.8148736873768938,3.241696675754506
2019-06-12,0.000201573787805362,-0.003919540668332999,1.8152395552138907,3.2290155820654567
2019-06-13,0.0002702086824054094,-0.004044470019662683,1.815730114976124,3.2159822994773584
2019-06-14,0.0014409657103103767,-0.002825732813294124,1.8183484057915773,3.2069076201146403
2019-06-17,9.988313507793467e-05,0.0020534509460556905,1.818530037201818,3.2134996134522056
2019-06-18,0.0007326459849576988,0.008016865154420572,1.8198628641176247,3.23936534905155
2019-06-19,-0.001395817899543821,-0.0034390813284694843,1.817324438958947,3.228244042663342
2019-06-20,0.00042469790537860903,0.007175855070583381,1.81809641675864,3.251492769029523
2019-06-21,0.0005760500526995401,-0.0030742467746041058,1.8191440330060544,3.2415122270566714
2019-06-24,-0.0011237608198834718,-0.0012893641997457905,1.8171008984283437,3.237335430522673
2019-06-25,-0.0020839136373429048,-0.0006841419747001254,1.813318159904819,3.2351213909135406
2019-06-26,0.0017832167135061582,-0.0013541744264227162,1.8165545839195478,3.230743437185102
2019-06-27,-0.002283718894091286,0.002804914299009198,1.8124108172941105,3.239818116547825
2019-06-28,-0.0018939876089640543,0.007612855367039373,1.808981382342624,3.2645765047250213
2019-07-01,-0.0005412827450755105,0.00882940475158911,1.8080024768904148,3.2935283979328283
2019-07-02,0.0010686960720853874,0.0012521792494801787,1.80993571487371,3.2976550689770168
2019-07-03,0.0016363524892126491,0.006666674194965694,1.8128998321950316,3.319712905438015
2019-07-04,0.003057020089332177,0.00034347577193116763,1.8184503831522274,3.3208533422357926
2019-07-05,0.004823092709216651,-0.0072136367048951655,1.8272421225815085,3.296984108172115
2019-07-08,0.002664959907946601,-0.0037618188441363998,1.832118143895159,3.2846047502747275
2019-07-09,-0.00047374173816395397,-0.00584395119753367,1.8312503986209547,3.265465658838543
2019-07-10,0.0008880960386932592,-0.002468705237442137,1.8328774472265963,3.2574141291797742
2019-07-11,-0.0031324572683858343,0.0012247678405046258,1.8271450199241073,3.261406149398369
2019-07-12,0.0017202370787902917,0.005570039404190652,1.8302908475446007,3.2796229973453976
2019-07-15,0.0011074741665711427,0.0016505988177470954,1.8323189702150091,3.285040809274396
2019-07-16,0.0008716311796771433,0.0036697102580571794,1.8339167728066816,3.2971181037625503
2019-07-17,-0.0015710413346003032,-0.0021339489525491473,1.831037875777635,3.2900897238077333
2019-07-18,7.58327743288317e-05,-0.004040926370487696,1.8311767337245817,3.276821539414402
2019-07-19,0.00416261545081446,0.00442322933231587,1.838815105061426,3.291347775316912
2019-07-22,0.00013299778433124225,0.0013394951173939518,1.8390596796597733,3.295759473656147
2019-07-23,0.002767038616704399,0.0052944278505187015,1.8441554756926881,3.313254907690881
2019-07-24,0.0025419143146667394,0.0017956458448935564,1.8488491237932032,3.319209684834346
2019-07-25,0.0009450514920146582,0.0016461043809936626,1.850597207300513,3.3246779498707433
2019-07-26,0.002691780528649555,0.0018902024747440294,1.8555853192689775,3.3309682074166522
2019-07-29,0.00407380217821771,0.0014491947810899575,1.8631600252355878,3.3357989286413683
2019-07-30,-0.002398945186689488,-0.00564268796707168,1.858695763361746,3.3170290622184293
2019-07-31,-0.004084259190878425,-0.005491758704470939,1.8511198496360786,3.298862667378798
2019-08-01,0.0009026673828836009,-0.0016386040647802247,1.8527915495271265,3.293461563946406
2019-08-02,0.0023853640792890827,-0.019600836453594894,1.8572164072860504,3.229535511165738
2019-08-05,-0.0005675653212209829,-0.02002967094046504,1.8561626147356143,3.165492498908825
2019-08-06,0.002263424739479841,-0.0013363085607878133,1.8603686573531006,3.161265249267423
2019-08-07,0.0040751841308748335,0.005017624068802462,1.8679654708766475,3.177167151390525
2019-08-08,0.0019028226812870632,0.01032608122707046,1.8715232617916322,3.210144809427721
2019-08-09,-0.001644183770656821,-0.002375132140874925,1.8684486619144383,3.2025293387686173
2019-08-12,0.0018817111730581471,-0.009430317454482307,1.8719678526497048,3.1724704257562446
2019-08-13,0.0019543359338798257,0.00502090760340046,1.8756298839453098,3.1884391618657704
2019-08-14,0.0009029099021967322,-0.014685200721308078,1.8773241735206923,3.1419584176300193
2019-08-15,-0.0014284417941553393,-0.00483790289899666,1.8746444395876851,3.1267946379158214
2019-08-16,-0.0004913755249751734,0.009673785955143899,1.873723511471339,3.1571893589482243
2019-08-19,0.0009246529434442677,0.014562511283454427,1.8754568566792977,3.203502362982752
2019-08-20,-0.0004254409970525152,-0.004718433969303604,1.8746591301490805,3.188422453369167
2019-08-21,0.0015984427319021767,0.010451303651418442,1.8776580615820102,3.221920368124216
2019-08-22,0.0003167514273062881,-0.00013016392334108673,1.8782529066570492,3.2215010176211534
2019-08-23,8.207689049088084e-05,0.0016023783942316072,1.8784070741418906,3.2266672192483163
2019-08-27,-0.0010152131796397135,0.005174790208396729,1.8765010581934531,3.2434078223775433
2019-08-28,0.0008526571608473024,-0.0068969750614371605,1.8781017525828474,3.2211150841113083
2019-08-29,0.0014714721869099855,0.004649902521645544,1.8808673613351243,3.23612783212089
2019-08-30,0.0006702932914737932,0.005226675242534284,1.8821285167343622,3.2530863009411535
2019-09-02,0.0022481017006875745,0.004527315721938763,1.8863644927221181,3.267847438648899
2019-09-03,0.0008524536013115958,-0.0008986872249749922,1.8879732165111007,3.2649119851274735
2019-09-04,0.0007532864148805002,0.007931838525887969,1.889395936877443,3.290911716317248
2019-09-05,-0.0007242053747785831,0.0015534003794357432,1.8880281215342651,3.2960277924545913
2019-09-06,0.000997468882176862,0.0028408226010920856,1.8899123103878233,3.3054045352265478
2019-09-09,-0.0006085480367625906,-0.0013711153884781169,1.8887625578369944,3.300875549793489
2019-09-10,0.00015741606548147973,0.0030646586177915935,1.889059902810302,3.3110071234709566
2019-09-11,0.001478343137547558,0.012250510346698107,1.8918546468403743,3.3518181178582944
2019-09-12,-0.001334731149653435,-0.0009813348181939574,1.8893312139394944,3.348530475437814
2019-09-13,0.003943895483610623,0.011614197326986542,1.8967972517401557,3.387647686933879
2019-09-16,0.0006129913984900205,-0.006731924178701831,1.897960328581782,3.3649188896679783
2019-09-17,0.0012205577191077652,-0.0009875504964220738,1.9002783130405345,3.361597502636706
2019-09-18,0.0038345538328398462,0.000693374521272716,1.9075790210625518,3.363929156957242
2019-09-19,0.0020694310013067586,0.0017486899866607786,1.9115307116914544,3.369816772496699
2019-09-20,-0.0004930600069182886,0.003969333228493355,1.9105884446617067,3.38321928009804
2019-09-23,-0.0009056738414648172,-0.0062467057651005575,1.9088588580244823,3.3621511763477767
2019-09-24,0.00026907920299630144,-0.006240867174236442,1.9093725613549741,3.341233776684552
2019-09-25,-0.0004260028839240982,-0.0072655742978113835,1.9085593363677447,3.3170457707150307
2019-09-26,0.0012089071988762793,0.002207394471014368,1.9108680026894622,3.3243758864615063
2019-09-27,-0.0013477777366329266,0.007660350311168074,1.9082943121088192,3.349939558651615
2019-09-30,0.0006151949141330578,-0.0017190061250342836,1.9094686462494561,3.3441859387025854
2019-10-01,0.0006165180404345807,-0.0032102132594111765,1.9106462310813601,3.3334676019384144
2019-10-02,-0.0005010991629448075,-0.020122833872761703,1.9096890476962072,3.267059190750178
2019-10-03,0.0030743231594122272,-0.006629816514857723,1.9155690828957679,3.2454708302820534
2019-10-04,-0.0021684242551067616,0.006809500422068737,1.9114198167446084,3.267646281454458
2019-10-07,0.0002590839000961027,-0.0030951306940902867,1.9119150990025104,3.257548124770206
2019-10-08,8.457016963612759e-05,-0.011356547963353947,1.9120767968240728,3.220762895212255
2019-10-09,0.0002426113776240566,-0.001527176334342073,1.9125407446871128,3.2158479762693495
2019-10-10,-0.00317336196315735,0.003337889976366526,1.9064811803155768,3.2266000576443146
2019-10-11,0.0005824496153950043,0.04104717705561001,1.9075919329931426,3.3617986598311433
2019-10-14,-0.00035108415725867216,-0.005593927726273762,1.9069223252381693,3.3430455019048058
2019-10-15,0.0018807257408506477,0.013312942275653938,1.9105120977717274,3.3878488441283165
2019-10-16,-0.001851332567996081,-0.00044571004823446003,1.9069783765594543,3.386339182317301
2019-10-17,0.0003759930551087984,0.001638225899494472,1.907695521997687,3.3918913174543075
2019-10-18,0.00031791845914193675,0.00036590674711511895,1.9083021100362108,3.3931326604668874
2019-10-21,0.0038804350314584303,0.003961826995695361,1.9157215383894437,3.406602329672236
2019-10-22,-0.0008269593843912753,-0.0062681456453628215,1.9141379693492766,3.3853160326133436
2019-10-23,0.00039548150308471667,-4.955057532285423e-05,1.914895125221209,3.385148292412124
2019-10-24,0.0007339206986820207,-0.001423207092811296,1.9163010222347674,3.3803339520664366
2019-10-25,0.0008418245997637236,-0.0024194955473166857,1.9179148907776489,3.372165135313841
2019-10-28,-0.0013578252937691204,0.005293459541876544,1.9153124646475055,3.390062883737449
2019-10-29,-0.0005807919167193032,-0.002075285240282554,1.9142003896233992,3.3830348314002134
2019-10-30,-0.0050365519888772164,-0.0026413461768317603,1.90458365775778,3.3741108561245254
2019-10-31,-0.0009143679621220258,-0.004664061229012972,1.902842963418791,3.3584104388134457
2019-11-01,-0.0013293948080799764,0.006834260221561195,1.9003150145559786,3.3814412994885803
2019-11-04,0.001235114292326715,0.004498983670355727,1.9026635708595465,3.3966886216858105
2019-11-05,0.0016257614111342357,0.002234610243686319,1.905759363699815,3.404287383848302
2019-11-06,0.0016236601089672708,-0.0038705205055737935,1.9088561825662362,3.391136486548801
2019-11-07,0.0004967028619552911,0.010656960947653005,1.9098045524046865,3.427468948610476
2019-11-08,0.003004755739214277,-0.0037067033794979665,1.9155516786255293,3.414787854921433
2019-11-11,-0.0005472159748777983,0.0025706894683121817,1.91450374489547,3.423577506989107
2019-11-12,-0.003019440414907223,0.0008423310166207898,1.9087317334212965,3.426462507403134
2019-11-13,0.003685432548519189,-0.006748972617113935,1.9157792140083951,3.4034152658489703
2019-11-14,0.003124858939439176,-0.002862672617675699,1.921775117107944,3.393686334177955
2019-11-15,-0.000825326994305912,0.008494920408310236,1.9201896785694166,3.422638227385766
2019-11-18,-0.001371854330634381,0.0017676438639533387,1.917557264100673,3.42869358312645
2019-11-19,0.0009641281248682879,0.004295937676642936,1.919406926502531,3.4434547208341892
2019-11-20,-0.0017362398919556095,-0.002594844750317904,1.9160772670081083,3.4345310731760876
2019-11-21,-0.001693667991343792,-0.0051609795790970026,1.9128348148658227,3.4168511904435253
2019-11-22,4.73556088965648e-05,0.005673661114967032,1.9129254004680505,3.4362923452889444
2019-11-25,-4.905512821534643e-05,0.01055623862184163,1.9128315639688638,3.472758802941054
2019-11-26,0.0010826097981835154,0.007780100078704777,1.914903535528277,3.4998825900495794
2019-11-27,-0.0011822581005537145,0.004275573148710521,1.9126409630474812,3.514878629562557
2019-11-28,0.0016044768856609518,0.0033016844784050647,1.915712214480354,3.5265028289368545
2019-11-29,-0.0007437792730545438,-0.010087043900460557,1.9142878772040208,3.491109646478513
2019-12-02,0.0010163381486073691,-0.005415229446029457,1.9162344300114216,3.4722555823373833
2019-12-03,-0.0005870989748326424,-0.00967451764547178,1.9151097409262325,3.4388251568039134
2019-12-04,-0.0006330421691105141,0.007996836496882764,1.9138977793536172,3.4664351284019292
2019-12-05,0.0009477251786486115,0.002020689664902875,1.9157124882553007,3.4734467998601417
2019-12-06,0.0013802728163739134,0.010840528276853334,1.9183585198294628,3.511305632229443
2019-12-09,0.0008506524163852849,-0.0004969653253628081,1.9199910704079521,3.5095610686131917
2019-12-10,-0.0005558420481185735,-0.006785994799184181,1.9189241551846483,3.4858258301399463
2019-12-11,0.003245339033301729,-0.00646904619730293,1.9251618308588696,3.463348643175882
2019-12-12,-0.001959357338529655,0.007041536813424898,1.921393443911624,3.487822004058035
2019-12-13,9.96582104332358e-05,0.03379930475873216,1.9215849360855075,3.6077228309402387
2019-12-16,-6.182055682801228e-05,0.019015663873975797,1.9214661463066294,3.676982497931709
2019-12-17,0.0014458782276834119,-0.010570850619869177,1.9242463618149892,3.638318381549494
2019-12-18,5.151130452342185e-05,-0.0012501753562990103,1.9243454848082662,3.6337726876198286
2019-12-19,-0.00035141107579686145,0.00013847474954076233,1.9236693672957939,3.634275908223504
2019-12-20,0.0006921419109866466,0.00037845390900770326,1.9250012803710388,3.635651574444094
2019-12-23,-0.0012158615848790657,0.007771571379803888,1.9226621675702542,3.6640163769476164
2019-12-24,0.0008537493767478996,0.006284141149347278,1.9243043400996542,3.6871140716091726
2019-12-27,-0.0019206243442248087,0.003537706433997201,1.920612021252112,3.7001810988080663
2019-12-30,-0.0004974070635528682,-0.005577847392473245,1.9196569328199549,3.6795995071648746
2019-12-31,-0.0005871576549621761,-0.0024144581048854974,1.9185301223970037,3.670725984996589
2020-01-02,-0.0013641471230699856,0.010224762580026692,1.9159147493324122,3.708450821775462
2020-01-03,-0.0001522403595602532,-0.0054472286677622606,1.91562309198366,3.6883049615143517
2020-01-06,0.00115433666830836,-0.010349735242218827,1.9178356427299394,3.650328842051224
2020-01-07,-0.0014129268141492729,0.0032526350804165105,1.915127794771177,3.662221360223964
2020-01-08,-0.00026788837164804023,-0.008315581681081596,1.9146148230173894,3.6318941284131507
2020-01-09,0.0024946911246687777,-0.00040654954942631605,1.9193971583680756,3.6304178835953462
2020-01-10,0.0054119124634671055,-0.003536256697014295,1.9298129269636324,3.617602466698284
2020-01-13,-0.0010651204782404643,0.006935768328240499,1.927758537976063,3.6427805329961265
2020-01-14,0.001241599608137133,0.0018079694925674517,1.9301535287235132,3.6493725263336936
2020-01-15,-0.0007692441235509495,-0.0019784129819910845,1.9286693403887563,3.6421596976810497
2020-01-16,-0.00014465758643182223,0.00037295914461132895,1.9283903639154687,3.643518327787447
2020-01-17,-0.00019484160575969204,0.007563008077474009,1.9280146698420388,3.671178752492861
2020-01-20,-0.003443823832301251,-0.0017881019247223406,1.921386346912196,3.664620176148504
2020-01-21,-0.0007946985330248773,-0.004661353466630658,1.919860030561941,3.6475778372276246
2020-01-22,0.0003930447842507935,0.0008090212546054687,1.9206147698468987,3.6505299992456597
2020-01-23,0.0016168863376120127,-0.010271771772792704,1.9237226975338941,3.613224512969845
2020-01-24,0.0008030350504495279,0.010313143458672513,1.9252681347244256,3.6506810309502797
2020-01-27,0.0006026998856906054,-0.021371921939923766,1.9264288433534915,3.573486793776283
2020-01-28,0.001832882530442967,0.006055707943330546,1.9299629989832683,3.595192441338226
2020-01-29,-0.0008266098476867431,0.0016735963662117825,1.9283683317372633,3.6012143800857013
2020-01-30,-0.0013715783271827965,-0.008283297141430168,1.9257252365470217,3.571507655972381
2020-01-31,-0.00322537763488895,-0.00699420739402612,1.9195240513960108,3.546614944587171
2020-02-03,0.0038692969241527144,0.0008226279746601506,1.926965647492064,3.549533689611993
2020-02-04,0.0013173566226627683,0.01309853260552174,1.929505821239428,3.596333205753587
2020-02-05,0.002290833077942256,0.003729045061430014,1.9339310638095595,3.6097691303481425
2020-02-06,0.0021286493448122636,0.0024551801674377316,1.9380521094759398,3.618642652516425
2020-02-07,0.00020901712049325175,-0.003417502658574989,1.9384572378851401,3.606297039229831
2020-02-10,0.006318695313960744,-0.00027911779333678055,1.9507445375200154,3.6052905980224828
2020-02-11,0.0011468210049080036,0.007079384863844851,1.9529829756294415,3.6309043957024105
2020-02-12,-0.002078027230349542,0.00679108032441178,1.9489288375891767,3.6556460753830042
2020-02-13,-0.0012667867492575573,-0.00550297050739168,1.9464615234728389,3.635584412840085
2020-02-14,0.00015269618964734087,0.005346930590432564,1.9467587634238945,3.655075693175323
2020-02-17,-0.0012374855545372813,0.0016599801846819418,1.9443511675657799,3.661148085030193
2020-02-18,0.002395806731776913,-0.0067947144791400405,1.949015041821798,3.636355952242199
2020-02-19,0.0012107942522386617,0.007921142515556312,1.9513763272589053,3.6652744284567986
2020-02-20,-0.0018359179790953229,0.0007227674416672158,1.9477970470135455,3.6679245270655922
2020-02-21,-0.005549866763542206,-0.003963631613800089,1.937016974572829,3.653414999659685
2020-02-24,0.003228668278718374,-0.030880223755824332,1.9432810667302298,3.542320860959342
2020-02-25,-0.000548919200933778,-0.019214692011903622,1.9422146551535626,3.4749060085637584
2020-02-26,-0.004268691349108006,-0.004499390739734821,1.933941610356801,3.4593061698498944
2020-02-27,-0.0031505133470321797,-0.04155870086999869,1.9278582893248284,3.3184882709220447
2020-02-28,0.004478809238433354,-0.023143384856577853,1.9365121639019534,3.2425691213714187
2020-03-02,0.010996994107449889,-0.0015117376377205005,1.9579255021351702,3.23767091092512
2020-03-03,0.004136840756712513,0.019546903185837294,1.9660419047085231,3.3015799275915985
2020-03-04,0.0019049452778568204,0.0030488698459993913,1.969790676419817,3.3116613757792503
2020-03-05,-0.006762436341564234,-0.021487656305582803,1.9565150308103223,3.2412606167548343
2020-03-06,-0.013181051132406373,-0.030294182858504826,1.9308953244077423,3.1445416822523886
2020-03-09,0.0050410320004500185,-0.06611271982432854,1.940653604764596,2.9433707278769874
2020-03-10,0.005124660871408181,-5.676669905696485e-06,1.9506243228111761,2.9433540193803798
2020-03-11,-0.01908031374283447,-0.011918882701401401,1.9137586217410603,2.908480766022319
2020-03-12,0.009971716740401898,-0.09820138535683576,1.932937545100823,2.6364399042472075
2020-03-13,-0.010753311588593994,-0.009936358578151783,1.9122634222578476,2.6103730114534294
2020-03-16,0.017126214573060974,-0.08109605397928021,1.9452953041257737,2.4070383067675065
2020-03-17,-0.0007066741691229791,-0.030057358704176806,1.943921099797571,2.3357655935525514
2020-03-18,0.005046850556178742,-0.06809868965570409,1.953756577297431,2.1819981183284267
2020-03-19,0.020225820244945944,-0.013817131974750652,1.9936752396461945,2.1520564924098786
2020-03-20,-0.02234805035144811,0.05776268739032986,1.9496146528812153,2.2800253936386654
2020-03-23,0.012540679602476911,-0.038594069132072306,1.9742180950892276,2.193706351612129
2020-03-24,0.006235796878691868,0.08038616359486461,1.9865673819296326,2.377331582654189
2020-03-25,-0.006421075196043716,0.04465330583103899,1.973852349165925,2.485893073648349
2020-03-26,-0.005089816643370131,0.037142590829434496,1.963831326844585,2.579961745733209
2020-03-27,0.0004716183018184301,-0.04052894712799748,1.9647577240757828,2.477489191281733
2020-03-30,0.0031260343816475406,-0.009879526660018456,1.9709092341794672,2.4531332813021995
2020-03-31,0.0028406744989643907,0.03206254737600567,1.9765159053744978,2.533061487185605
2020-04-01,0.0012919402877580044,-0.037369014320256966,1.9790710961235736,2.44015028801271
2020-04-02,-0.001680203529320222,-0.007618059932850585,1.9757486458610494,2.4216317042740254
2020-04-03,0.008686561171031731,-0.023662416690736876,1.9929858650232466,2.3650026778641973
2020-04-06,0.011910408035794556,0.04934662215062602,2.0168650630946297,2.484635022139165
2020-04-07,0.003451656231692174,0.049817063518343474,2.023838616188605,2.611547192861999
2020-04-08,0.005415136838262896,0.018694975371067457,2.0348277060932167,2.6608292312199557
2020-04-09,0.010066756929660439,0.03378621689202532,2.0554152731598965,2.752264513192626
2020-04-14,0.003937185098062481,-0.020025032036862456,2.0635237754063747,2.697698494687312
2020-04-15,0.0008793376113793848,-0.04677883336817068,2.0653391075019867,2.5744094467874103
2020-04-16,0.005335053093449444,0.0020178226599139037,2.076387246294949,2.579609393025364
2020-04-17,0.002129670686881371,0.030779159500154307,2.0808139794167624,2.660242140515672
2020-04-20,0.00171317447581618,-0.002310436566888896,2.084381832119685,2.6541029146743758
2020-04-21,0.0009336459724425815,-0.027123589000943582,2.086328815577477,2.5830816479524663
2020-04-22,0.003674638561290692,0.01205742519493036,2.0940094229802164,2.6144154847794203
2020-04-23,-0.0006029342158333849,0.013250654722625654,2.092747253591616,2.649288738137478
2020-04-24,0.0040374557681559144,-0.006772253805138462,2.1012137080285687,2.6314076982104795
2020-04-27,0.005163311717205888,0.016770238874620702,2.112090986612083,2.675909140833542
2020-04-28,0.0014070207673272644,0.02102150743548492,2.11506483413473,2.732756196743203
2020-04-29,0.002884935858467836,0.032828305297195826,2.1211754706767874,2.823956740719434
2020-04-30,-0.00042357056781389775,-0.0228789228448516,2.120277193433571,2.7600811410461654
2020-05-01,0.0020084056350699498,-0.018784227157411237,2.1245398492348855,2.7087190586695096
2020-05-04,0.00040032541342829305,-0.012249350007914828,2.1253905267909365,2.675741400632317
2020-05-05,0.00163565747449489,0.008825165558663528,2.128869782351792,2.699459766800166
2020-05-06,0.0013531560380578842,-0.006896210767292743,2.1317524252449878,2.6809077660682705
2020-05-07,-0.002683258007637726,0.016469320038323687,2.126040050794256,2.725426080996731
2020-05-11,-0.002857245158388251,0.0014514175067468216,2.1199741032290302,2.7293846842221083
2020-05-12,0.0028381833622524166,-0.006071926066173461,2.125999525038479,2.7128622744015116
2020-05-13,0.0040799825706829196,-0.01840240843362828,2.1346912851036,2.6633956235369287
2020-05-14,-0.0019516787834931257,-0.030274635945765738,2.130529116342547,2.5839706382571994
2020-05-15,-0.00055849865201238,0.016494621596487846,2.12933955091926,2.6269457105726386
2020-05-18,-0.0019936835741006264,0.03570061917176304,2.125098550643954,2.722423465871296
2020-05-19,0.002713376951059973,0.005536071506460516,2.130872574078491,2.737536792478096
2020-05-20,0.0036595302735871944,0.002900208300149032,2.138684852688922,2.7454877435396448
2020-05-21,0.0029243466357486867,0.0011296503865150243,2.1449482622695575,2.748590937262299
2020-05-22,0.0028278145927602715,0.000786971510486012,2.1510223624332134,2.750754851381606
2020-05-26,0.0006835322371867264,0.03207374275465469,2.152493158171732,2.840411988936024
2020-05-27,-0.004426436390033675,0.012336877350968223,2.1429863403118867,2.8756708481863518
2020-05-28,0.0028656910419446943,0.011304559084562626,2.14913628478201,2.9083634789284982
2020-05-29,0.0031022881449347824,-0.017189900177195128,2.1558138773527378,2.858796249466701
2020-06-01,0.0010786727424806704,0.01366551474031219,2.158140549653498,2.8981313266538105
2020-06-02,0.0003155986006707979,0.009149207831807615,2.1588217632803994,2.924768601655268
2020-06-03,0.005074173732459899,0.026084381906915866,2.1698038388813035,3.002063089808907
2020-06-04,0.0033361207845502665,-0.003980601013610752,2.177054654640221,2.9901368270253683
2020-06-05,0.0008342203972916094,0.02237216685699117,2.178871555781768,3.0577865812261824
2020-06-08,0.004202709856349122,-0.005081673998848402,2.1880479901838576,3.042287321109538
2020-06-09,0.006205143838163542,-0.021264451664587014,2.201667354043866,2.9782777258458393
2020-06-10,0.005378489455419973,-0.008472753675929923,2.213540900942031,2.9531501126553983
2020-06-11,-0.00028969406958283066,-0.03654631195172797,2.2128997441443943,2.847171722474821
2020-06-12,-0.0048944814990897305,0.006085100712670766,2.2020952101526006,2.8645498694157276
2020-06-15,0.006682733669221524,0.0006964973281426978,2.2168605072802885,2.8665457157162315
2020-06-16,0.00041275521800153447,0.02173501685137147,2.217775716888027,2.929532161275977
2020-06-17,0.0023932341739266415,0.006716767760734044,2.2230897298261056,2.949275379530634
2020-06-18,-0.0012775902735930988,-0.003652330494251288,2.2202513455421085,2.9385232981556673
2020-06-19,0.0047090646634897594,0.009600818656052112,2.230731308743314,2.9668713921625858
2020-06-22,-0.0010505874811103182,-0.0064604947152915315,2.2283889609926835,2.947765717719616
2020-06-23,-0.00204774185417947,0.004508037906488127,2.2238304645547493,2.9610843552203447
2020-06-24,0.005985503904780961,-0.02884958997420739,2.237181125842887,2.8768787742057182
2020-06-25,-0.0031068219172770114,-0.0022590725182496385,2.230241388334555,2.870387031847787
2020-06-26,0.0009850941451475985,6.425710880719748e-05,2.2324394685486904,2.870571480545618
2020-06-29,-0.0037017867696726952,0.004983704246004805,2.2241907306139224,2.884913267750297
2020-06-30,-0.0003261246308579849,-0.004633159128788478,2.223465485499519,2.8715779217529627
2020-07-01,0.003799442832047192,0.004092342482492128,2.2319294845589592,2.8833534804494625
2020-07-02,0.003610919465765481,0.010330759838883097,2.2400033704841222,2.913295106368008
2020-07-03,0.003327017670889071,-0.003801595577098027,2.247468312391579,2.9022409615838085
2020-07-06,-0.003936968824200345,0.014231848153691828,2.2386374944460536,2.9438405314874476
2020-07-07,-0.0002218063287085883,-0.01146144351900702,2.2381410055463267,2.910292491242575
2020-07-08,-0.0005096519451679327,-0.009544003562977466,2.237000623253001,2.8826487750337706
2020-07-09,0.0014207910154510049,-0.011712036684937033,2.2401811925671926,2.8490840262922923
2020-07-10,0.0008035378528406827,0.01140945041115593,2.241981986358737,2.8817766570344356
2020-07-13,-7.81412496018136e-05,0.011867578503348852,2.241806801929392,2.9161801067820328
2020-07-14,0.0019940661307585443,-0.01217616984093084,2.246281572956746,2.8808875029209133
2020-07-15,0.003877238710545918,0.014216066358283541,2.255007848821666,2.922134883925502
2020-07-16,-0.00043103571564546235,-0.00571638841906541,2.2540360693506383,2.90547847851447
2020-07-17,0.0005493202980299442,0.0015344809626558487,2.25527459725914,2.909940302343523
2020-07-20,9.440235329363647e-05,0.002188071233563349,2.255487510538044,2.9163144299900448
2020-07-21,0.0033744331970478065,0.006644222067192729,2.2631113583173805,2.9357555848354666
2020-07-22,-0.002739213103330931,-0.00206486453575927,2.2569206966719886,2.929699901477203
2020-07-23,0.0022617718834682067,0.0013617879720371207,2.262031113566986,2.9336922493133715
2020-07-24,0.0029526685830441983,-0.012930908961287457,2.26872001196033,2.896001157145296
2020-07-27,0.0017777767260014955,-0.00621106018098061,2.272756876854429,2.8780696641108943
2020-07-28,0.005138158625220756,0.006986814352414328,2.284464714810667,2.8982486137476364
2020-07-29,0.00044879677534723276,-0.0017667901091211746,2.2854902053092703,2.893132537610291
2020-07-30,0.0012606180149663825,-0.013460058064813651,2.288373152200718,2.854451712731473
2020-07-31,0.0018077845813791083,-0.004972080390118094,2.292513779455102,2.840294374224618
2020-08-03,0.0005849471166343549,0.013223725049149593,2.293855171063568,2.8781030811041086
2020-08-04,0.00033321354600940106,0.008681101495680466,2.2946196420381186,2.903196949683752
2020-08-05,0.0004932214597971574,0.018921274296948454,2.295751676836623,2.9586521223025897
2020-08-06,0.004075143528320142,-0.00904965130208879,2.3051262828841868,2.9319981388045244
2020-08-07,0.0024298222394861448,0.008176147785906807,2.3107341402803887,2.956068857680219
2020-08-10,0.004275797862048368,0.0057712378624152905,2.3206355254528126,2.9731783582051037
2020-08-11,0.0004650913854182023,0.015245694139517596,2.321715084071643,3.0188538184279485
2020-08-12,-0.0026273519068599352,0.00512101907387752,2.3156231278790678,3.0343530785445947
2020-08-13,0.00084822696889076,-0.009163116663147619,2.317588135134179,3.006675945342573
2020-08-14,-0.002849897822920877,-0.01060015220656041,2.310992648449005,2.97497304731117
2020-08-17,-0.0015485730427295813,0.002044683173807016,2.30741667707273,2.981062147662646
2020-08-18,0.0034393520001753156,-0.00841371312680117,2.3153663582757398,2.956085566176828
2020-08-19,-0.005238903462028962,-0.002249569716605393,2.3032680959305862,2.949443119731856
2020-08-20,0.001995703585835457,-0.004960129557938231,2.307869326147436,2.9348497222253394
2020-08-21,0.0033660014996221375,0.004635840955574011,2.315650706482222,2.9484868040143297
2020-08-24,0.0015771907197507527,0.0060914462998624685,2.319305810927393,2.9665021671493434
2020-08-25,0.001953340044599747,-0.006080001643692157,2.323840631424889,2.948520548625122
2020-08-26,0.001252770918487251,0.009945836836251942,2.3267536957072568,2.97799237093321
2020-08-27,0.0019394769731120517,0.0004730535806256597,2.331270759877218,2.9794014541470086
2020-08-28,0.007826842429200861,0.0014796378916894781,2.3495888416314368,2.983813152486246
2020-09-01,0.0014434238377261455,-0.010380772385859771,2.352982743004117,2.9529990809507805
2020-09-02,0.002879866584663264,0.005653008979217944,2.3597687861393393,2.9697396840800065
2020-09-03,0.0030912421092547946,-0.013917894934003527,2.367074689118829,2.928693460269855
2020-09-04,0.0037063456755398573,-0.006054964067029545,2.3758641645118326,2.9110139051548716
2020-09-07,0.005895490985889347,0.016453355752117815,2.3899124202706457,2.959306046993302
2020-09-08,0.002317510916328193,-0.0009640632465028887,2.395457491293189,2.9564544635724865
2020-09-09,0.0011767315797077391,-0.0017205423003012754,2.3982779609134193,2.951372132045938
2020-09-10,0.00599430966804951,-0.0008869915948643836,2.4126971550630953,2.948755450430353
2020-09-11,0.000575810803256367,-0.0013320199289843515,2.4140868122013672,2.9448302641981856
2020-09-14,-0.0003041925894244179,0.006891276808563163,2.4133525765630504,2.9651939901503384
2020-09-15,0.001741305064893069,0.007781898910689478,2.4175586205680797,2.9883588464159083
2020-09-16,-0.0002537193610090138,-0.0011288523307868559,2.416945316946459,2.9849873338948165
2020-09-17,-0.0008999495982453338,-0.003242147466110623,2.4147711664391682,2.97532523621023
2020-09-18,-0.004675638411926944,-0.009516490895576268,2.4035069239010824,2.947144882404537
2020-09-21,0.004196063274676037,-0.040591419829024034,2.4136133798706103,2.8299115178628975
2020-09-22,0.0035804722123495723,-0.0029146900503977946,2.4222707449874163,2.8216752118887185
2020-09-23,-0.0032487315705073154,0.010131821402820762,2.414414206348408,2.8504092394054825
2020-09-24,0.003386829849684199,-0.011261953265703895,2.422605279507789,2.8184881480654527
2020-09-25,0.004754377111897297,0.014264538583033115,2.4341506824518144,2.8589806981645323
2020-09-28,-0.002176149867051228,0.018957816367931812,2.4288593652056174,2.9136977483744615
2020-09-29,0.002165294132913085,-0.011382797896564156,2.4341242581025817,2.8807197627196897
2020-09-30,0.0033735940862477287,0.008211450500585471,2.4423498724454578,2.904472037307125
2020-10-01,-0.0011871617779789225,0.003930931619168021,2.4394521284142456,2.9159117879835947
2020-10-02,0.007166649011229307,0.0007073622233093602,2.4569976216984335,2.9179751235056837
2020-10-05,0.00261538896456333,0.010709348558172849,2.4634320367454805,2.9493926666244557
2020-10-06,0.0017219798443614378,0.012114209919953822,2.4676776714603115,2.985339522793868
2020-10-07,0.001950536961490151,0.0002472185050539366,2.4724956652775067,2.9860776452027715
2020-10-08,-0.0012806990453899632,0.00807873015870797,2.4693311692553035,3.0102990681655037
2020-10-09,0.001554566195824616,0.007118244259556761,2.4731728933508466,3.0318035585330176
2020-10-12,-0.0020163644615293326,0.005148655030069449,2.468191099665231,3.0474535227366983
2020-10-13,0.001972254584007223,-0.01534745600755727,2.473063804403398,3.001039940104954
2020-10-14,-0.003156640654751842,0.003314627462231101,2.4652695389762673,3.011003773581198
2020-10-15,0.0030753476888500083,-0.00625337767052514,2.47286276988333,2.992233579540672
2020-10-16,0.0008931379820408501,-0.0008748736841024396,2.475072364136882,2.9896168979250883
2020-10-19,-0.00017621527173457914,0.002420871408437719,2.474636257013169,2.9968631435709523
2020-10-20,-0.0004802507051642475,0.0035255844650041723,2.4734480965360035,3.0074474847446897
2020-10-21,0.0004564564697307139,-0.007917752117906574,2.474577375635979,2.9837292823856316
2020-10-22,0.0009614473160182125,0.005974963595820171,2.476957695504778,3.001610322312633
2020-10-23,-0.0027454458108903674,0.011954326270082305,2.4701666688393544,3.0377078825690806
2020-10-26,-0.0009329247148608603,-0.014253753989166285,2.46786326392292,2.9947162655658266
2020-10-27,-0.0004286142535252764,-0.014988659179095976,2.4668057292056678,2.950164206026574
2020-10-28,-0.0007793721959867307,-0.01945135369394002,2.464883918407654,2.893334022422309
2020-10-29,0.0024200015766155476,-0.004136410461864415,2.470856164884661,2.8813907235245892
2020-10-30,0.001669708387675255,0.0021342800366053183,2.4749852203478864,2.8875469854800713
2020-11-02,0.0017173933998368717,-0.0019712458078107176,2.4792393956306626,2.881860527135049
2020-11-03,-0.0035244189413336686,0.017951418300640398,2.470516897242763,2.934061146709035
2020-11-04,0.0026266225356296616,0.01725287217615623,2.4770145422944925,2.9851213294852457
2020-11-05,0.0014884783608776645,0.0074123152265919146,2.480704270199112,3.0073301976508664
2020-11-06,0.006340467710043512,-0.0005969496898998727,2.496483065131422,3.0055355085447992
2020-11-09,-0.003388865903182701,0.05073947879545493,2.488037137934515,3.1619699546831184
2020-11-10,-0.0012107422058498221,0.009393231191843654,2.4850265892288492,3.191811002004447
2020-11-11,-0.0007971968860782698,0.01625840509593246,2.4830463232059232,3.2441289086722565
2020-11-12,-0.002964552971422264,-0.001966752261015614,2.475696101294551,3.237754781025734
2020-11-13,0.002541410628791747,-0.0016695561508850432,2.4819958634305403,3.2323536775933377
2020-11-16,-0.0010087274831931678,0.017393243824118443,2.4794934683194763,3.2890665741037783
2020-11-17,0.000711897217558276,-0.004697876378520149,2.481259241270378,3.273651184087743
2020-11-18,-0.0027562568339734744,0.009368729545835563,2.4744296698798354,3.304465255623208
2020-11-19,0.003013892470323581,-0.009865836057887378,2.4818985844292065,3.272024235182898
2020-11-20,-0.0003006853010970355,2.5632152974353062e-05,2.481152426191084,3.272108105283511
2020-11-23,0.00043929466359536975,0.0038578480809015048,2.4822426226526884,3.284755781979347
2020-11-24,-0.002806249330217206,0.01052530384920658,2.4752865956933428,3.3195114206260006
2020-11-25,-0.0016641182206056288,-0.011189385716113165,2.471170851660354,3.2825751593634256
2020-11-26,0.0003921496442159871,-0.008884775218378493,2.4721401104654563,3.2535393960550105
2020-11-27,-0.0024418964637174436,0.0034174066301453365,2.466110764786853,3.2646770833222396
2020-11-30,0.0010084735920004337,-0.006515574353086251,2.468599026830485,3.2434749839815447
2020-12-01,0.0008407917266159298,0.025957848661452232,2.4706754772774286,3.328770876304132
2020-12-02,-0.0013090887198026814,0.0016615229765299944,2.4674432599710308,3.3343063029445372
2020-12-03,-0.003096941809756492,0.01272690656156783,2.45981355225451,3.377012892652739
2020-12-04,0.0019813998324866838,0.0024952861191458453,2.4646922581522923,3.3854500282037794
2020-12-07,0.0017892186854437993,-0.012614720877440533,2.4691060790623722,3.3430117572940174
2020-12-08,-0.0004245610626022122,-0.002974822416437206,2.468058015261051,3.333081668428566
2020-12-09,0.0021574020893141803,0.0006741588855998515,2.473388356556994,3.335329452648486
2020-12-10,-0.0060705812039284525,-0.006448094049304132,2.4584189342076503,3.3138921238849823
2020-12-11,0.0030450624696197427,-0.00680074613101489,2.4659163827451076,3.2914316454175276
2020-12-14,0.0008684056202547239,0.007200562467934546,2.4680587284688613,3.315217336998174
2020-12-15,-0.00047081364187640407,0.004462825318526598,2.46689700624934,3.330045636309921
2020-12-16,0.0013430143411962325,0.012225700788585314,2.4702123100589537,3.371007662401875
2020-12-17,-0.0006307521333131984,0.00987319520636376,2.4686547096561764,3.404455124049526
2020-12-18,-0.004693163881302593,-0.008893351760113077,2.457096053087873,3.3743123409365428
2020-12-21,0.0002766741440087154,-0.021312950286095145,2.4577759620873914,3.303156751006624
2020-12-22,-0.0023926171621868123,0.013046671029812273,2.4519024744453133,3.346534301519729
2020-12-23,0.00046932930949952355,0.017248352999384764,2.453053494223136,3.4047571874587628
2020-12-24,0.006686988957084934,0.012187761802548991,2.4695120034552867,3.4465074614494426
2020-12-29,-0.0028222020731253437,0.016933995066263918,2.4625523669291995,3.5053675635825856
2020-12-30,-0.005253359225905718,-0.008771417068341947,2.4496496158003875,3.47475497685914
2020-12-31,-0.00031715040855806974,-0.011008854441213245,2.448872831609135,3.4367116957920025
2021-01-04,-0.0033773089758529027,0.0024179491214635362,2.440616181890914,3.445031544249216
2021-01-05,0.0024230602522744516,0.008701966986430776,2.4465371124411237,3.4751409103689914
2021-01-06,0.0007850072856161286,0.012271449225634612,2.4484584159188696,3.51804865727163
2021-01-07,0.000701947950607668,0.0017483788269849754,2.450177709642829,3.524204919227115
2021-01-08,-0.002488282481068904,0.0025811061329648055,2.444088554283497,3.5333130155830452
2021-01-11,0.0003792480493841337,-0.013771611139439699,2.4450156458879606,3.484987129133829
2021-01-12,0.0007473500634574892,-0.0030417463198801897,2.446843611466084,3.4744027879600834
2021-01-13,-0.0018759653792102058,-0.004679459530002816,2.44225772039398,3.4581824415487206
2021-01-14,-0.0006802408539334521,0.0077068224824703435,2.4405969618386827,3.4849370036440095
2021-01-15,-0.0005778000486479462,-0.007740833617946308,2.43918719211713,3.4580648268373166
2021-01-18,-0.0013778815181737772,0.001149011354199203,2.435828595571174,3.4620404661768847
2021-01-19,0.0020327909086989447,-0.0017652016159406259,2.4407851619200964,3.455934657328803
2021-01-20,-0.0025673905826528176,0.013431737968430113,2.4345267504121777,3.5026670118663916
2021-01-21,0.0005847537034679748,-0.0042135808729941715,2.4359507652540726,3.4879392911518567
2021-01-22,-0.0010057533371487552,-0.009509420641796495,2.433502031260397,3.4549282161214516
2021-01-25,0.0001779895851633355,-0.012040011089768043,2.4339352078267504,3.413580256519648
2021-01-26,-0.00015074505640037318,0.004804072012056793,2.4335683317796417,3.43001879623964
2021-01-27,-0.0019801950199818466,-0.008348359511925807,2.428754159960896,3.4015029620314943
2021-01-28,0.0005378503794384775,0.00442350963922955,2.4300608176690663,3.4165828716450846
2021-01-29,-0.00140322802659835,-0.006882383727241148,2.4266532795589977,3.3931493689634897
2021-02-01,0.0060778289486127755,0.008074645466825459,2.441446974343054,3.420658761964288
2021-02-02,0.0037252343293260777,0.01448804966788586,2.4505588979128907,3.4705781803251403
2021-02-03,0.0021394817393470093,0.0030018010051584554,2.4558074365003555,3.4810118174118436
2021-02-04,0.0009425986679502513,0.002738118246872645,2.458123368644546,3.490556300385024
2021-02-05,0.0008074413183372512,0.012303067205953866,2.460108960534549,3.533766110696903
2021-02-08,0.002769453534524337,0.0009346422092608719,2.4669315610674905,3.537070461613992
2021-02-09,0.003312158462499185,0.0012464974540176144,2.4751159758710766,3.5414821599532234
2021-02-10,0.0007603882227677772,-0.005533233517313718,2.4769987406344733,3.521940426510584
2021-02-11,-0.001095413940357592,0.001023461129992853,2.4742868872559014,3.525546840836907
2021-02-12,0.005067889412452941,0.0009320853261147732,2.486858127496743,3.5288344832573895
2021-02-15,0.0004523452360411299,0.017967168546537238,2.487983300387539,3.5928106615278748
2021-02-16,0.0019014628201884502,-0.00011672615610258674,2.492718608710102,3.5923913110248127
2021-02-17,0.001243184364713212,-0.012540737356456333,2.4958194445660427,3.5476213857945145
2021-02-18,0.0004304683513081793,-0.010246391387628506,2.4968940471221095,3.511456663934061
2021-02-19,-0.0014733391932516314,0.004865382563822962,2.493217983970025,3.528582872955551
2021-02-22,0.0031043274584150794,-0.002613241864784399,2.500969774840868,3.5193738703848223
2021-02-23,-0.0003320995281196782,0.0036442380031544985,2.5001393418596347,3.53222270427509
2021-02-24,0.0005860850024011822,0.012036850641912622,2.5016050655091804,3.5749964555873026
2021-02-25,-0.003932819423606442,-0.005391565914630192,2.491786025429105,3.555773494050507
2021-02-26,-0.004279418718904476,-0.013664875051219383,2.4811454137236675,3.5075147692052915
2021-03-01,-0.0005139235214100026,0.01476815717618507,2.4798706223362137,3.559698680282668
2021-03-02,0.0016667872007795823,-0.002056615156863728,2.4840074856267593,3.5523852730328023
2021-03-03,0.0016428634072953626,0.012127579567357216,2.4880917246331347,3.5957294065526932
2021-03-04,-0.0013221760182857258,-0.006557166769489697,2.4848042032434234,3.5722287422671
2021-03-05,0.0003458921270258573,-0.015850698657390083,2.485663826114347,3.5160528109711238
2021-03-08,0.001619210429970839,0.011804243511489787,2.4896918991758685,3.557803084961801
2021-03-09,-0.00192996536140624,0.008090669259980032,2.4848915138286323,3.5867048526797896
2021-03-10,0.0010182414132161115,0.0011310901709684629,2.487423021899814,3.590764034502387
2021-03-11,0.0006954050484000935,0.005887347363980666,2.4891533900103777,3.6119664614606637
2021-03-12,0.00018456096529320112,-0.0012360529839057222,2.489612832959114,3.607504637631611
2021-03-15,0.002360203106217428,0.0007390563646474391,2.4954957646266056,3.6101717723545943
2021-03-16,-0.0030743487823509646,0.011185930689363133,2.4878355214244197,3.6507816095474936
2021-03-17,0.0021198852564311326,-0.00950541132958449,2.49311504127772,3.6162438365918823
2021-03-18,0.0021427094499441,0.0004637444749668873,2.4984627897259815,3.6179212386041306
2021-03-19,0.0024820840529657033,-0.006899428227058024,2.504671886936153,3.593045563333106
2021-03-22,0.0022516146758891657,0.001660577037263522,2.5103177967364605,3.599017048973179
2021-03-23,-0.0018332324095505772,-0.005800730301285029,2.5057200164807623,3.578200555524749
2021-03-24,-6.411516702905943e-05,0.0033087839023480115,2.5055593669734675,3.59005965670428
2021-03-25,0.00058410463429268,-0.005843425247473277,2.507023303315591,3.569142584658636
2021-03-26,0.00040429408454060794,0.00976979032092018,2.5080370829256675,3.6041832506003377
2021-03-29,0.0006325916585001926,-0.0023856765946330682,2.5096241481927355,3.5955950833446804
2021-03-30,-0.0030168038283127857,0.0064590186101813885,2.502064513156219,3.6188942628182614
2021-03-31,-0.0037299406175720197,-0.0025851564821728346,2.492749344413676,3.6095509370395193
2021-04-01,0.002638375640755399,0.009895714546132695,2.4993348372442714,3.64544734010153
2021-04-06,-0.0007230421380725845,0.011974419315647467,2.497528365995908,3.6893618558290977
2021-04-07,0.0017312435315976864,0.0075234975947022775,2.501855940786567,3.717223437728945
2021-04-08,-0.0002876548127070189,0.003913723051072182,2.501136373382975,3.7318001267388623
2021-04-09,0.0006735345362646379,0.00017082623317854484,2.502821542556469,3.7324376705505418
2021-04-12,0.00436390610243245,-0.004400475113063962,2.513767486925131,3.71604925632038
2021-04-13,6.986859968808787e-05,0.005173129945468702,2.513943126475157,3.73532267096457
2021-04-14,-0.0033105702677492313,0.0038992519823501937,2.50563430216783,3.749916068471093
2021-04-15,0.0015983084913813233,0.005197714005127807,2.5096422808892647,3.7694578019137266
2021-04-16,0.0005740099436760452,0.0022313649514860145,2.5110832540404586,3.777878228968157
2021-04-19,0.0014982129062365767,-0.0013906544290769318,2.514848211029624,3.7726281572403813
2021-04-20,0.000530310830088037,-0.017144144893054047,2.516182215959328,3.708500947265279
2021-04-21,0.0018578997286110717,-0.00103635053759632,2.5208613755742273,3.7046596311337283
2021-04-22,5.3439239171535185e-05,0.012562478175022207,2.520996092087737,3.7514928918861163
2021-04-23,0.0006180526516960825,0.0003308383402913506,2.5225546820030686,3.7527342348986914
2021-04-26,0.0018417856163559577,0.00912138992120326,2.527204968033266,3.7871209761496814
2021-04-27,0.00219571603111567,-0.0064074820033308555,2.532760088997722,3.7629326425625846
2021-04-28,0.003642410552840489,0.0002986734472916197,2.5420022627511965,3.764056698481337
2021-04-29,-0.00010005147306672304,-0.00209224099855021,2.5417479444029443,3.7561896175203966
2021-04-30,0.0018515042053752467,0.004655802565251221,2.5464583607432063,3.7737184685483456
2021-05-04,0.00012104784318470543,-0.007468698488812819,2.5467666226923793,3.74563869333987
2021-05-05,0.004501757454053249,0.0025002479769931085,2.558257393244995,3.7550154361118246
2021-05-06,0.00010991103734022084,0.004701717461308874,2.5585385894218686,3.7727120273409946
2021-05-07,-0.002035729387573459,0.012543618409500468,2.5533353951707856,3.8203335359921082
2021-05-10,-0.0005272484807617333,-0.0034351152586715727,2.5519895078025203,3.8072327641824204
2021-05-11,-0.002959760285362001,-0.02363234438823092,2.54444739753374,3.7183137490369065
2021-05-12,-0.0010477303263503241,-0.0026786672836696113,2.541782898913289,3.708366951674847
2021-05-13,0.0018185102524628663,-0.001742984867055597,2.546409362535294,3.7019089539277092
2021-05-14,0.004146491472775692,0.012016648256556905,2.5569899482377636,3.7466618430438214
2021-05-17,0.007225634467763663,-0.005476981342939169,2.5755327339611203,3.726197538494448
2021-05-18,-0.0008473190491547117,0.005320272055747921,2.57335136030415,3.7460747523395357
2021-05-19,8.425517640538215e-05,-0.004402340231720814,2.5735681876112486,3.7296195041229403
2021-05-20,-0.0016842399301201466,0.007058615573265925,2.5692373294326907,3.7560385858157788
2021-05-21,-0.00011730392426008559,0.0003304380138953178,2.568935965487525,3.7572799288283543
2021-05-24,0.005813492797841361,0.00375637725480793,2.5839139512433125,3.7714202312210228
2021-05-25,-0.0016933024059112207,-0.001994490228318213,2.5795423058364055,3.7639056667767203
2021-05-26,-0.00021232812527984305,0.008926575779142354,2.5789946545974654,3.797654864216025
2021-05-27,-0.004892246606202331,0.000834470966740497,2.5664083894110448,3.8008252195426806
2021-05-28,0.0033643024807452973,0.001102706152360966,2.5750571038102397,3.8050187245732894
2021-06-01,0.0016002493093448453,0.008384781009803888,2.579181136021917,3.837057103007143
2021-06-02,0.0016667356859364334,0.0025454256863568503,2.5834835337457216,3.8468364877855525
2021-06-03,0.0018840805215930316,-0.005724226138557498,2.588355613003097,3.8248792299217707
2021-06-04,0.0013968020986668947,0.0013278740634454778,2.591973559745002,3.829961561448318
2021-06-07,-0.0017420045209506447,0.003296857984659951,2.5874622605783384,3.8426092381441523
2021-06-08,-0.003911038020001676,-0.0005501580574556186,2.577362360722251,3.8404957771322437
2021-06-09,0.003728862366229847,-0.005979713138257736,2.586990930883109,3.8175992396651175
2021-06-10,0.002740348787400658,-0.006621425986359952,2.5940899107415056,3.7924047924882527
2021-06-11,-0.002401180398018819,0.00552673719507446,2.5878685052448107,3.8134224431311137
2021-06-14,0.0005262344266226634,0.00045737515647559235,2.589230689126435,3.815167006747364
2021-06-15,0.0015748854099375056,-0.004971814103059913,2.593311643435916,3.7962457810022228
2021-06-16,0.0032991995849863762,-0.0006187927764855772,2.601881625400666,3.793897418185082
2021-06-17,-0.0006925819907763919,-0.003658674707123666,2.6000802329227817,3.7800421430874676
2021-06-18,0.002805424067053237,-0.00940281948196997,2.6073848020006127,3.7446656691257365
2021-06-21,-0.0002419721455430093,0.005935548288421799,2.606753963831527,3.7669584073919693
2021-06-22,0.0018435575572381632,0.009859019649342216,2.611564097318028,3.804280602164388
2021-06-23,-2.3519549393713956e-05,-0.0008910306837996984,2.6115026752295587,3.8008923811466895
2021-06-24,0.0014712027366080391,-0.00661071408682723,2.6153475527156558,3.775848638056858
2021-06-25,0.001645351756110395,0.00601915586638313,2.6196542614581646,3.798644596926765
2021-06-28,0.002094145908705157,-0.004984565600155477,2.625145947901409,3.7797571157924224
2021-06-29,0.003110054427174387,0.00039040315882665766,2.6333230036318422,3.7812330329926476
2021-06-30,0.0004508476147783453,-0.00740011755086023,2.6345104986965144,3.7533547425961893
2021-07-01,0.002215727440390938,0.01095603034349324,2.6403543276757566,3.7947027021979953
2021-07-02,-0.0019147404872800389,0.005488282326572502,2.6353035713307267,3.8155863572504236
2021-07-05,0.0006894867092119448,0.012034403424463491,2.637121204662903,3.861782074191132
2021-07-06,0.0026456421334515624,-0.005531637912907783,2.644107320939866,3.840479068635637
2021-07-07,-0.0009619128040379136,0.0032616555795037527,2.6415651431253164,3.8530258391166665
2021-07-08,0.0025319692431860115,-0.01391867402627689,2.6482619793355267,3.799768325227939
2021-07-09,-0.00013015568833485522,0.011263960122892769,2.647917315405187,3.84281072295617
2021-07-12,0.00032249266784713996,-0.0005851034670492083,2.6487713870329874,3.840562938736251
2021-07-13,-0.0029567211036246968,0.0013486937486728579,2.640951275415876,3.845746176477598
2021-07-14,-0.0006062370991664229,-0.0077414206420645115,2.639350717983296,3.816089577854096
2021-07-15,0.001300486155212376,-0.010992025357662527,2.6427853899383673,3.7743727208566336
2021-07-16,-0.0030099804260984107,-0.0015255541039564946,2.634842617435935,3.768619100907606
2021-07-19,0.003047818909190499,-0.023695073159812452,2.6428853908205894,3.680371046566988
2021-07-20,0.001019156566866174,0.008107079644833703,2.645580277844762,3.7103293809821456
2021-07-21,-0.00038347145072392197,0.01892066339952514,2.6445659678295064,3.78119961599943
2021-07-22,0.0006768268176752274,0.005984222784636728,2.646356486864943,3.803894996272119
2021-07-23,-0.0010006775814648471,0.009047315335815043,2.6437096617861,3.8384661862209413
2021-07-26,-0.0013543597057111482,0.0021738342941279853,2.6401315515177037,3.846819451671366
2021-07-27,0.003098471449576602,-0.0024535692008189613,2.6483246101775744,3.8373925834095943
2021-07-28,0.001524902686997234,0.0056447456648403005,2.652366128169343,3.8591149394681485
2021-07-29,-0.002348017491919683,0.0019106764828720202,2.6461456318803696,3.866495508322016
2021-07-30,-0.00771191635351301,-0.004421779580374263,2.6258172641937874,3.8494364609045313
2021-08-02,0.0005089175380353602,0.011261493114405496,2.62715392874838,3.893031877108676
2021-08-03,-0.0018024801733591454,0.0034839944881905893,2.622422801042319,3.9066188334078515
2021-08-04,-0.000459793975094147,0.002487275527570887,2.621217303999627,3.9163477650788607
2021-08-05,0.0014192559702770088,0.006761500585396263,2.6249401234997203,3.942917878476319
2021-08-06,-0.002304640265646405,-0.002125126352416018,2.6188975464539044,3.9345475769117093
2021-08-09,-0.000759055697821647,-0.00011932858739527319,2.6169104116176776,3.9340781009188275
2021-08-10,0.0004071350944720752,0.005048302339831778,2.617976064602981,3.9539887317571254
2021-08-11,-0.0026040217374153655,0.007805045458331605,2.61116766647835,3.9849705434938096
2021-08-12,-0.0005197328292347617,-0.00042102071500949023,2.6098109095255504,3.983293141481571
2021-08-13,-0.005232349316698052,0.0017544531647377681,2.5961911299913747,3.990287776825594
2021-08-16,-0.0004653670100918598,-0.003191533975487104,2.594983229367934,3.9775729385257566
2021-08-17,0.0014675888154693255,-0.0008099877280223211,2.5987943936586824,3.9743524577092817
2021-08-18,-0.003735369296363932,0.006013091549711191,2.5891050447874595,3.998322597987758
2021-08-19,0.0015865869487744098,-0.009674781743463257,2.5932161455075073,3.959826221806765
2021-08-20,0.0009199992620395831,0.006081382218882325,2.595603000231623,3.9839808107830708
2021-08-23,0.002424306496478324,-0.00043799048693848874,2.6019031711343414,3.982236247166825
2021-08-24,0.0016680582424651756,0.00611006278692372,2.606246918970062,4.006642446444965
2021-08-25,-0.0005094405703712825,0.004194506104077789,2.604919529194943,4.023483628171405
2021-08-26,0.0005556255972545718,-0.0014184754372976727,2.6063672913337577,4.017780461329781
2021-08-27,0.00053662205162615,0.004469665256539912,2.6077663008330267,4.035778788350606
2021-08-31,0.00033805018472174604,0.0017648810537131965,2.60864800573459,4.042907746902641
2021-09-01,-0.00030067597697343334,0.006146548522229622,2.6078637658538404,4.067834202898644
2021-09-02,-0.0005688705088282488,-0.0010107865898039137,2.606380650956564,4.063724567968644
2021-09-03,-0.0009875547392417562,-0.0013094005335965164,2.6038079779292507,4.058407007019289
2021-09-06,0.001490251541647976,0.0022212003125261504,2.6076911995523493,4.067431560892187
2021-09-07,0.0021732082352657507,-0.006242551258637263,2.6133644178518054,4.042119499003918
2021-09-08,0.0013943991560836674,-0.010369989619398723,2.617011032818155,4.0004193505030585
2021-09-09,0.0010089312035193227,-0.002056715655774255,2.619652749340142,3.9922000806430638
2021-09-10,-0.00037526523110753985,-0.0027896462177920966,2.618669869177649,3.981078774254863
2021-09-13,-0.0002640658981418084,0.0017722686477288363,2.6179784590596427,3.9881405712028895
2021-09-14,0.002182448588762971,-0.003724945313708261,2.6236983018140627,3.9733125995087217
2021-09-15,0.001829749271425203,-0.010802288889223632,2.6285034065981185,3.9306227182971227
2021-09-16,0.0010177800948185881,0.008498827049615798,2.6311800069087234,3.9641707585419943
2021-09-17,-0.0016783146227203347,0.0011037713331525367,2.626767762630843,3.9685487122704304
2021-09-20,0.001177451896165134,-0.010930746097461252,2.6298624768947865,3.9254057359449765
2021-09-21,0.005322179464845906,0.008921026878310201,2.643896389338434,3.9605810527122784
2021-09-22,0.0015324062230240884,0.007304445219549649,2.647951018494516,3.9896168160206944
2021-09-23,-0.0011691997123884227,0.001919543062623319,2.6448568441316467,3.9972824121696164
2021-09-24,0.0019657326635034193,-0.009334094097614098,2.6500610389725434,3.960144993712605
2021-09-27,0.0001047311343478779,-8.52109067039919e-06,2.650338597405497,3.9601112491018164
2021-09-28,0.0012099992787312098,-0.020519487793743352,2.6535474461575834,3.879679822614736
2021-09-29,0.0014706707472791588,0.00094642805199463,2.657452811812777,3.8833533985450623
2021-09-30,-0.0048823881406008865,-0.005183781871727078,2.6445097180350943,3.8632750275055456
2021-10-01,-0.004713927474747131,-0.002412672176127728,2.6320730268778343,3.8539654463375936
2021-10-04,-0.00012886279063665574,-0.014065340780589963,2.6317338724550936,3.80013755024118
2021-10-05,-3.3347944166721454e-05,0.003340218009750373,2.6316461110041933,3.8128520609234333
2021-10-06,0.0032763683352518063,-0.015253851200212054,2.6402824932508713,3.7551327232056515
2021-10-07,0.0002885410027037757,0.007680382252422291,2.641044432929028,3.784084616413462
2021-10-08,0.002265605455675904,-0.0010200598194618493,2.64703478092515,3.780226591785298
2021-10-11,-0.002579876918041673,-0.0021632712809775967,2.640214558442683,3.7720577750327045
2021-10-12,-0.0015604903141667203,-0.000827451053670103,2.636097742158295,3.7689378728134484
2021-10-13,0.0015077328696815218,0.007378520902253882,2.6400752711439406,3.796849907820698
2021-10-14,-0.0011420704646166269,0.009895503988527565,2.637061840255151,3.834608161592787
2021-10-15,0.00032614765100366454,0.0054008162401579796,2.6379220520503046,3.8553742019338086
2021-10-18,6.0107427177166686e-05,-0.0006746038276084221,2.6380806155233207,3.852774228814832
2021-10-19,0.002316198841819353,0.0037112253413180696,2.6441980166134074,3.8670993075229094
2021-10-20,-0.00020432354332438973,-0.0037983041550120333,2.6436577998967783,3.852438748412386
2021-10-21,-9.988196564973662e-05,-0.002161966967044293,2.6433937593458836,3.8441188999551756
2021-10-22,-0.00030657499600530427,0.0006368589904894861,2.642583485125926,3.846567841369529
2021-10-25,0.0030782923093951612,0.00044040950279722324,2.650730662808851,3.8482622794959607
2021-10-26,-0.0012375076330063198,0.00952220788226299,2.6474523922413753,3.8850812536647084
2021-10-27,-0.0018625875180344337,0.0004618371132547594,2.642525869924754,3.8868759427707795
2021-10-28,-0.002534349846169411,0.0012033319211255389,2.6358372641064114,3.891555959908452
2021-10-29,-0.004244074065274989,-0.004029711055938634,2.624674280553812,3.8759056680871877
2021-11-01,-0.00020357932446837752,0.0045166130446148145,2.6241400055223476,3.89345122761174
2021-11-02,0.0010501935406461147,-0.003072165378648961,2.626897308003105,3.8815082563315997
2021-11-03,-0.0012355614173858423,-0.0009944441660909575,2.6236536193428357,3.8776502317034387
2021-11-04,0.001652065698860507,0.01520158286496276,2.627991649862097,3.9370469714334653
2021-11-05,0.000832054568416156,0.005341282261532854,2.6301791922712465,3.958132111297915
2021-11-08,-0.0005209846379836489,-0.002414272397022188,2.6288092662031333,3.9485876283247365
2021-11-09,0.0009979497518002322,-0.007367836909507375,2.631433995213872,3.919601990506135
2021-11-10,-0.0010241873006505305,0.0028290875922927228,2.628740293596433,3.9307065883977357
2021-11-11,-0.0021665362544107288,0.005990514175072903,2.6230511974887394,3.954324212159575
2021-11-12,0.0025943030462188517,-0.0007043940879967181,2.629865021941889,3.9515397903427694
2021-11-15,0.0017625321097358825,0.0027172900435381564,2.6345043307516964,3.962291871717733
2021-11-16,-0.0027107992545971527,-0.0034732068450864517,2.6273723893737295,3.9485538837139385
2021-11-17,-0.0019127636340301787,-0.004496114425535325,2.622351650288616,3.930840583988165
2021-11-18,0.0009146052492554956,0.005977634807953436,2.6247511640100196,3.9544080822601884
2021-11-19,0.0012698294399093937,-0.003488623404562574,2.6280862673685856,3.9406366772631807
2021-11-22,5.73144306064789e-05,-0.002676806279092503,2.6282368989532254,3.9301024615792644
2021-11-23,-0.000279118322905709,-0.008921551806366779,2.627503412247342,3.89519579122799
2021-11-24,-4.8670104038302936e-05,-0.002349711287147116,2.627375534494844,3.8860539502612634
2021-11-25,-0.00885399131873714,0.004861470960761949,2.6042154551910364,3.9049918845030107
2021-11-26,0.00394617459745709,-0.03239626896193393,2.6145124475691803,3.7805119466979313
2021-11-29,-0.0028566313527433607,0.009643710567612374,2.607054406847474,3.817146472168845
2021-11-30,0.0021539655002024336,-0.01045161747001444,2.612675964243853,3.777458878465095
2021-12-01,-0.0035667486082472974,0.01730086089180638,2.6033738049779935,3.843380777546269
2021-12-02,0.004579855554629509,-0.009996176772787635,2.6153242256713867,3.8051530477813014
2021-12-03,0.0004750587739616578,-0.001707496694061561,2.6165669535525664,3.798661305423371
2021-12-06,0.0033804024024624907,0.010332382799065343,2.625426969541189,3.8381139973218867
2021-12-07,-0.0016999711315756,0.015477425474145434,2.6209676109492706,3.897980213044797
2021-12-08,0.0001622976184923481,-0.0003571838867095778,2.6213930222713615,3.8965881659451815
2021-12-09,-0.002629490089595931,-0.003531875098767401,2.614509149801964,3.8828501779413944
2021-12-10,0.0009556583232362339,-0.009562631224124374,2.617008921505717,3.8458968805646356
2021-12-13,0.0010149093806425809,-0.012309563005635127,2.619666296678773,3.7988457541212033
2021-12-14,-0.0037876513834595297,-0.004270116530497248,2.609762681566715,3.7826588247030544
2021-12-15,0.00711489208173428,-0.005192847845810533,2.628397073640673,3.763066965770597
2021-12-16,-0.002552183575696221,0.009498322704072137,2.621697474738625,3.7989800773292117
2021-12-17,-0.0051846086832008035,0.005828986465203911,2.608140174263779,3.8211889454948373
2021-12-20,0.0020461377203244,-0.010169885603055207,2.613482251703514,3.7825248291126186
2021-12-21,-0.002417725625477607,0.011919876273479346,2.607171200960608,3.8278818450472034
2021-12-22,0.002622891111383819,0.011350611987499093,2.6140185030678467,3.8715781674661502
2021-12-23,0.002052405950024554,0.008026348387984328,2.6193890395723316,3.9027778448938752
2021-12-24,0.004718902790140811,0.00015469814649549107,2.6317788920829517,3.903381644094768
2021-12-29,-0.00014928035850128064,0.010554170275522523,2.63138604850909,3.9447967653005778
2021-12-30,0.00018113575796855025,0.0009477389972136763,2.6318627297862034,3.948537175217335
2021-12-31,-0.0005583784960099306,-0.002500993538347984,2.6303935644467793,3.938674247955889
2022-01-04,0.003121191612193403,0.017557242195991307,2.6386163525501054,4.008437135551034
2022-01-05,-0.0002953373301888859,-0.005265610362034323,2.637837185705342,3.9873857402973756
2022-01-06,0.000942484990802608,-0.015016730445308824,2.6403244795955123,3.927955583574139
2022-01-07,0.0023394707479796524,-0.0027196653845003027,2.6465086725293645,3.9172873722997856
2022-01-10,0.002429634397294253,-0.015165827504516116,2.6529465386964626,3.8583266915694208
2022-01-11,0.0030567383686204903,0.001147010227862566,2.6610683089105986,3.8627547707876855
2022-01-12,0.0015952328250013884,0.0008247351828210014,2.665316720128123,3.865941834610946
2022-01-13,-0.00013244565446364834,-0.003856014805158736,2.664963733887036,3.851063409809378
2022-01-14,-0.002589962868477266,-0.009413227714603067,2.6580705072242403,3.814982558049532
2022-01-17,0.005852712445438256,0.005620938563506428,2.6736730436044196,3.8364867207994657
2022-01-18,-0.0029468067496033644,-0.00961693352114601,2.665805843086101,3.799768325227939
2022-01-19,0.007308327978713412,0.00010156248459480821,2.685359792819917,3.8001542587377855
2022-01-20,-0.0018146468148498222,0.002644921092265662,2.6804912319204064,3.8102186708112487
2022-01-21,-0.005189284028042465,-0.020090443171904226,2.666617430265532,3.7344335168510527
2022-01-24,0.0013660821529057608,-0.03709386734032449,2.6702627380737143,3.5984466667654957
2022-01-25,0.0010568685729898132,0.008965595611599042,2.673086346671981,3.630853942595013
2022-01-26,-0.0013869571696979058,0.010450769159088935,2.669381460251543,3.668998129876944
2022-01-27,0.0013058056309987215,-0.0008461456438038084,2.6728694304035363,3.665894936154297
2022-01-28,-0.0032495989051139203,-0.009715433998431777,2.6641977741622767,3.6304516282061368
2022-01-31,8.50324653080322e-05,0.013004520007644516,2.664424327099123,3.6779722306424447
2022-02-01,0.002851667631141562,0.01094482032961075,2.6720332235739304,3.718448072244919
2022-02-02,0.002191962731228039,0.0036697453483238718,2.6778966446692016,3.7321188986447007
2022-02-03,0.0024441504139049433,-0.012737279117075673,2.6844498320872097,3.684883323503441
2022-02-04,0.00044657385327918306,-0.011712677303581387,2.6856489049100176,3.6419752489832162
2022-02-07,0.00288033392401095,0.003921041662673375,2.693395621768725,3.6562836191946877
2022-02-08,0.0011821854422827001,-0.00044973390904701205,2.69658159769922,3.6546396341756564
2022-02-09,0.0005816962195938631,0.018034897467337885,2.6981506453307227,3.7211486239611147
2022-02-10,-0.0010331220233447396,0.0010723053857564224,2.6953645659045447,3.725140971797285
2022-02-11,-0.01229994451905534,-0.007190005893434659,2.6624147869215378,3.6984532436884248
2022-02-14,0.004131047580003046,-0.019731914527786998,2.6734360981909107,3.6261909615715244
2022-02-15,-0.0010332526507080175,0.010793638194494193,2.6706751898595136,3.66554274725524
2022-02-16,0.0006923365922753444,-0.0010805336578094682,2.6725248362345866,3.6615841440298595
2022-02-17,0.0009235348734932435,-0.012506393344359878,2.6749941461925464,3.6160760963906613
2022-02-18,-0.00027229488238653945,-0.009086693224986675,2.6742658581351795,3.5833667571519126
2022-02-21,-0.0020835882050667005,-0.01250141802172422,2.6686995902547626,3.538848442223451
2022-02-22,-0.0028598079605995923,-0.004936916811516312,2.661078524508422,3.5214204974103067
2022-02-23,-0.006526455782126069,-0.007257185149791567,2.643767663914319,3.495957403817412
2022-02-24,0.007984803303070734,-0.028574118075958665,2.664962132914726,3.397477197202112
2022-02-25,-0.0018229735127893699,0.031702429086591266,2.6601084029885556,3.5069109700043986
2022-02-28,-0.0033009563292586467,0.008302383672326386,2.651341978072243,3.536147890507256
2022-03-01,-0.0007544928286162148,-0.027922750990860834,2.649342314024531,3.438774703696515
2022-03-02,-0.005327079433833166,0.013334750471436507,2.635266581629069,3.4849370036440095
2022-03-03,0.00030246471173968055,-0.03407956986042926,2.6360637773317452,3.3681727874776684
2022-03-04,0.0004663332108103519,-0.03507051148693385,2.6372933480894862,3.2520965682304133
2022-03-07,0.0016508054770330584,-0.011302639289333172,2.64165060189276,3.2155462404776927
2022-03-08,0.007962475534141554,0.002490340702513194,2.66276864455376,3.2235640255256697
2022-03-09,-0.0004700744149883817,0.04335975710602469,2.661517239290764,3.3664115153648115
2022-03-10,0.0027128163007164884,-0.005676476471508707,2.66874724905229,3.347356294029242
2022-03-11,0.00497101626111693,0.012499478257190333,2.682046663439922,3.3894590845365586
2022-03-14,-0.0017639879783658975,0.013014679008541918,2.6773197357157508,3.4338601123711903
2022-03-15,0.0029918593786266087,-0.010489013766909139,2.685341894478089,3.3980305432956044
2022-03-16,0.008892753200687392,0.031477352620528976,2.7093284724908893,3.506692776695777
2022-03-17,0.002847924799634064,0.0033523053685549087,2.717055433918015,3.5184680077746937
2022-03-18,0.010276279877043423,0.00858730747270009,2.745120611832281,3.5488122756996923
2022-03-21,0.003294585320171217,-0.007115239621839464,2.7541795604476462,3.5236512455160427
2022-03-22,-0.000448659949836125,0.005033344686253827,2.7529441475450853,3.54143170684582
2022-03-23,-0.0014550727301647858,-0.0052713934537145235,2.7489413264924476,3.522812544509917
2022-03-24,-0.0015668955561942684,-0.005174896911626092,2.744637395329605,3.504629441173682
2022-03-25,0.0012910984177058756,0.0030107982404974365,2.7481832808789393,3.5151970738508167
2022-03-28,-0.001615726041296107,0.005415719789732876,2.743746554817885,3.534286039797178
2022-03-29,-0.001389266082560973,0.01983054505047832,2.7399374073624716,3.605072404713859
2022-03-30,0.0040906138956610626,-0.010265614125000155,2.751168388537321,3.5682534305451115
2022-03-31,-0.001988722604602769,-0.005297844325173884,2.745702514628935,3.549399366403981
2022-04-01,0.0017079229523403326,0.002732563620678974,2.750395969863027,3.5591115895783862
2022-04-04,-0.0022196878985051814,0.005259984516147398,2.74429771982238,3.577881783618908
2022-04-05,-0.00013564659662423462,0.00126969223661888,2.743925490422959,3.5824274775485727
2022-04-06,0.002653611951294195,-0.012073376527503399,2.7512164733391247,3.539435532927738
2022-04-07,0.0016072988382181087,-0.0029853214620043644,2.755642056044622,3.5288849363647885
2022-04-08,0.002219614526760897,0.006467362236259433,2.7617653123030954,3.551781473831914
2022-04-11,-0.0010668692253952075,-0.0027998131920092817,2.75882044105921,3.5418510573488864
2022-04-12,-0.0030751195543697843,-0.005008948314676687,2.750349769213373,3.5241544661197124
2022-04-13,0.0033828934778453758,-0.0011953875709824757,2.759669664728267,3.5199442525925004
2022-04-14,-0.0003804379118369141,0.006512125091328258,2.7586199814459764,3.542941368656844
2022-04-19,0.0045108228775569146,-0.007575416542929148,2.7710917353577686,3.516203515058165
2022-04-20,-0.004132475980874222,0.005793680485631114,2.759663894223211,3.5366344026143195
2022-04-21,-0.007173028494916928,0.0035839332812717117,2.7399395726058553,3.5493322047999762
2022-04-22,-0.0052956423353140054,-0.013220388665880378,2.7254681840772443,3.5027174649737916
2022-04-25,0.0024161053109648784,-0.013625801444598906,2.7320611636909433,3.4553138220137227
2022-04-26,-0.001528176184707822,-0.005212775207775522,2.7278892813829105,3.4373489119861076
2022-04-27,0.0009399434163109373,-0.0026532612814182954,2.730454548367412,3.4282408156301742
2022-04-28,0.0019174363579068188,0.008855895139650016,2.7356950437446645,3.458735787642214
2022-04-29,-0.001907042494465285,0.004311803289454019,2.73048292848661,3.473681374047786
2022-05-03,0.001693266557615622,-0.009114820135138757,2.7351102804801375,3.442163252331797
2022-05-04,0.005340189354876137,-0.014791558674026817,2.749755356219607,3.3916229986558672
2022-05-05,0.0005455337380328123,-0.006425306467653158,2.7512558497854807,3.369900642597314
2022-05-06,-0.0001894674749278673,-0.013545825683442203,2.7507346256658094,3.3245603351593376
2022-05-09,0.002691621843502196,-0.026224207681432077,2.7581485363158134,3.23850961193124
2022-05-10,0.0025666269022971934,0.0040474256609233095,2.765236767080352,3.2516438007341417
2022-05-11,-0.0038921465055109933,0.013435223636580673,2.75449497832866,3.2956251504481338
2022-05-12,0.003957702690701564,-0.008500276328604173,2.7654180513960394,3.2677301515550727
2022-05-13,-0.00016622460267490943,0.022385130310977885,2.7649584090822046,3.3417035802950164
2022-05-16,-0.0001662825495762233,0.00011038592341527931,2.764498682971744,3.3420724776906723
2022-05-17,0.0024039060400687434,0.007076851954987973,2.7711522721509834,3.365807716163919
2022-05-18,-0.005663267363090189,-0.0058077993438256925,2.755502851183907,3.346316435828685
2022-05-19,-0.0002133093219271738,-0.013138983116729008,2.7549151394235794,3.302636821906346
2022-05-20,0.0017646800379757762,0.00743836446719115,2.759780975235377,3.3272946314863234
2022-05-23,0.001123436785721742,0.015517177594336573,2.7628831569297327,3.3793275108590874
2022-05-24,-0.0029386125335008487,-0.01482167534745571,2.7547760315403718,3.3296095773102516
2022-05-25,0.002777742672393102,0.004232845671497287,2.7624387280485854,3.343733171206314
2022-05-26,-0.0014248127243641719,0.01566373883294503,2.7585055728687475,3.396520881484586
2022-05-27,0.002812702612803182,0.006095396834027156,2.766275350615655,3.41728724944319
2022-05-30,-0.0041571794497607326,0.008524144780636789,2.7547993180665644,3.4465412060602345
2022-05-31,-0.00021209176116334522,-0.006293232246049385,2.7542151097826157,3.4249194285989035
2022-06-01,-0.0023740203254498235,-0.0071318266736675184,2.747684302333431,3.400580390924762
2022-06-06,0.00040923208641623494,0.011471538482688004,2.7488089730232588,3.4398148895146567
2022-06-07,0.0022441369624036592,-0.005251068754066779,2.7549846037309917,3.4217995263796457
2022-06-08,0.002277345902690941,-0.004342896592429923,2.7612658061508872,3.406971227067894
2022-06-09,-1.832478792689014e-05,-0.01176703621379005,2.7612152070041907,3.3671162207805065
2022-06-10,0.001235895478802198,-0.020133148780029586,2.764629890055556,3.3000034317941567
2022-06-13,-0.0021543599548442495,-0.026427256088560114,2.758680293218181,3.213935672451874
2022-06-14,-0.0030513638864340573,-0.006030570196401186,2.7502753855345072,3.19461213231786
2022-06-15,0.0004944882162317291,0.014129168080728505,2.751635700606214,3.240069726849662
2022-06-16,-0.001359776124029785,-0.030940736171395145,2.747896634800831,3.1413546184291263
2022-06-17,0.0020200547436829003,0.01053834313522728,2.7534531467727925,3.1746343398755537
2022-06-20,0.0011649558974013876,0.004475904848952439,2.7566626673663395,3.1888755484830216
2022-06-21,-0.00017846675904943058,-0.003250863441621732,2.756170738612073,3.1785257814969294
2022-06-22,-0.0006862390290761278,-0.0030602525669856107,2.7542799955054966,3.1688135583225217
2022-06-23,0.0019480134253949113,-0.010547041585278194,2.7596505992197624,3.1355675814868875
2022-06-24,-0.0030373597239475867,0.02277924046341795,2.751281264412066,3.207813155107187
2022-06-27,0.00027924036578013295,0.010160704916804875,2.7520496404745183,3.240572947453336
2022-06-28,-7.933706045712462e-05,0.0016705734431621266,2.75183130960679,3.2459910869999145
2022-06-29,0.001254996605351675,-0.01628059785199376,2.755287016555526,3.1935722741173
2022-06-30,-0.0017166728691599279,-0.01973245645053545,2.750561147633518,3.1311729192618394
2022-07-01,-0.0009500146233923636,-0.0015977346525222202,2.7479493151566925,3.126174130218324
2022-07-04,0.0025823820096257904,-0.0023636863006029074,2.7550547405442023,3.1187935613644506
2022-07-05,-0.001177752208516322,-0.015048347029326337,2.7518118787576062,3.072212238531478
2022-07-06,-0.0006862151746398821,0.015129019298278479,2.7499241914425636,3.11904517166629
2022-07-07,0.0011746319324098722,0.014998946783579825,2.7531562380705057,3.1661801682103303
2022-07-08,0.0016673942083538804,0.001984731455859645,2.7577506641318075,3.1724704257562446
2022-07-11,0.00225516871016465,-0.004026495506234795,2.7639768750792846,3.159722170463195
2022-07-12,0.0010961715136677875,0.0009551099102385052,2.7670083289873446,3.1627414940852336
2022-07-13,-0.0021246462681505074,-0.007645146051261875,2.7611356559528066,3.1386540667129297
2022-07-14,-0.0002368284170107698,-0.012406082648857009,2.7604818179930164,3.099956205719926
2022-07-15,9.52985546505609e-05,0.018926267409428377,2.7607449004559004,3.159185532866305
2022-07-18,-0.0025367513327055357,0.009585448831820997,2.7537504524888448,3.189613343274342
2022-07-19,0.0028508411811411795,0.013964496352743438,2.761612158594613,3.234467138605249
2022-07-20,-0.0020226580108393542,0.006059682404629285,2.756032006910887,3.2541264867592945
2022-07-21,-0.004323018896964376,0.015822695159478428,2.744143344435735,3.306025042924043
2022-07-22,0.0005629010089115365,0.0058482264370489645,2.7456884603257636,3.325416072279643
2022-07-25,-0.003244291744767507,-0.0011002772306074604,2.7367950800808334,3.3217592048459235
2022-07-26,-0.0008296158633133839,-0.011896940267966727,2.734525533024051,3.2824745807662077
2022-07-27,-0.00016252224580735793,0.003585956032132742,2.7340811479054183,3.294266520341732
2022-07-28,-0.00023451133058446016,0.010943441075660587,2.7334400500727885,3.330515112302803
2022-07-29,0.0018534423704266363,0.015477590382468875,2.738511021603691,3.382464449192535
2022-08-01,0.0024452230640800415,-0.004259074113043937,2.745215485529302,3.3680889173770567
2022-08-02,0.0043676498784937625,-0.010267057642753485,2.757231848141093,3.3336854676294556
2022-08-03,0.001692698914050238,0.007254514215230046,2.76190296377709,3.3579576713171697
2022-08-04,0.0025720915814575153,0.006820255869513403,2.7690159748755714,3.3809380788849066
2022-08-05,-0.0010968465543936135,-0.005188163004175905,2.7659804542989397,3.3634426448501773
2022-08-08,0.0028546470764305013,0.0033308747011009388,2.77388763304898,3.374664529835601
2022-08-09,0.003961840327647461,-0.010292165753304161,2.784899131433941,3.340110048383383
2022-08-10,-0.0005603145376442843,0.01917968615702037,2.7833391490459443,3.4047906044519793
2022-08-11,0.00016639352547820254,-0.0025947324782524817,2.7838023171925768,3.395967535391093
2022-08-12,-0.0011322323869739303,0.004612598654983202,2.7806521897248144,3.4116679527021736
2022-08-15,0.002432223473315634,0.002151221080664456,2.7874235886914103,3.419015104562837
2022-08-16,-0.0019234452991249696,-0.002279043270664971,2.782067284823187,3.4112318937025066
2022-08-17,-0.0022535618979567544,-0.015331039890069675,2.7758047831105443,3.35933300992018
2022-08-18,0.0002999960865218655,0.00546261891563482,2.7766376386028737,3.377733978947455
2022-08-19,-0.0026670882242595534,-0.012437464353622474,2.769241967891058,3.335983704956777
2022-08-22,0.001779788093404538,-0.019727910130283632,2.774175020365115,3.2708166367811193
2022-08-23,-0.0005403872603090454,-0.00991604235093213,2.7726762965083527,3.2385433565420363
2022-08-24,-0.0003032565721692093,-8.811599956004557e-05,2.7718355916800137,3.2382580016294074
2022-08-25,0.007396106574044918,-0.0024530627632408653,2.792412383394152,3.230324086682044
2022-08-26,0.0007489447623694705,-0.004590519712873942,2.794504529376165,3.2155292043635035
2022-08-30,0.005656122512800604,-0.0010438578177929259,2.8103553742592253,3.2121744003390185
2022-08-31,-0.0016760866682687696,-0.004495719166154544,2.805648920397425,3.197765779147908
2022-09-01,0.003194078910754423,-0.030361198441935855,2.8146247115065703,3.1021368283358424
2022-09-02,-0.0019338091801038054,0.01925252801829913,2.8091870238206673,3.1624394306759944
2022-09-05,0.002962066646783768,-0.011925579832292144,2.8175203588624522,3.124949495702352
2022-09-06,-0.0019862462177261337,0.010205643245431162,2.8119296238324845,3.1570049102503908
2022-09-07,0.001866550320934152,-0.0004942977838862106,2.8171831334190225,3.1554447953319746
2022-09-08,0.00013104326219932623,0.0035447707238294157,2.8175523304769032,3.1666499718207897
2022-09-09,-0.00026201610513672746,0.016271927965910038,2.8168141830967266,3.2185989810929416
2022-09-12,0.00022639980914513583,0.016841968524611062,2.81745198148617,3.2732655781954754
2022-09-13,-0.0017421843686621717,-0.017926608089151586,2.8125477339766936,3.215109853860443
2022-09-14,0.0013401735662840872,-0.016730012847558484,2.8163195629919153,3.161768469871098
2022-09-15,-0.004340477259969389,0.0019664016353395652,2.8041218829983507,3.1679918934305893
2022-09-16,0.0007515766743779166,-0.0047342510260097725,2.8062301877748284,3.153029270910826
2022-09-20,0.0011559358506502346,-0.01441410430725476,2.809475885401773,3.1079071567814758
2022-09-21,0.00010091149126660357,0.010020792030337233,2.809759408108156,3.139207412806425
2022-09-22,-0.0010948618941695495,-0.020677510491124096,2.806684793047003,3.074962915737497
2022-09-23,-0.001150784201999063,-0.019777862611345398,2.803456762266827,3.0147441834979527
2022-09-26,-0.001396480471114134,-0.014001906137899311,2.799544521966088,2.972826169306048
2022-09-27,-0.00046997127335529924,-0.023908545249199165,2.798229125585752,2.902593150482862
2022-09-28,-0.0012949545104141201,0.0009761931175802374,2.7946078913312578,2.905428025407069
2022-09-29,-0.00014883851908405752,-0.0311123204131043,2.794191976984097,2.8164251401609453
2022-09-30,-0.002273715790936885,0.02225738783693032,2.7878459957759056,2.879814227727144
2022-10-03,0.003362682617145522,0.00676860498105647,2.7972364166991643,2.8993726696663846
2022-10-04,0.003190301195173183,0.03061151678381968,2.8061746936992766,2.989499283213683
2022-10-05,0.0007919021988982955,-0.014684552007150131,2.8083977897308503,2.945920575506144
2022-10-06,0.00024368084704464344,0.003989163906378934,2.809082225871693,2.9576958065850625
2022-10-07,0.000891637516018294,-0.015966704219898986,2.8115880259365205,2.9108461649536514
2022-10-10,0.0020594806702725742,-0.01322578719351597,2.8173844038440765,2.8726013990744943
2022-10-11,0.0007726403764839829,-0.013000774915116864,2.819562069958612,2.8354970699931203
2022-10-12,-0.0018861482424643327,-0.017479053328290917,2.814248970137922,2.78636589953099
2022-10-13,-0.0028308429125191484,0.0189687750970009,2.8062935389873704,2.8397243196345245
2022-10-14,-0.0019869736996940605,0.006095048047878748,2.80072304357844,2.8570854304612445
2022-10-17,0.00201135469255051,0.027219970002416716,2.806361960044181,2.935923325036688
2022-10-18,-0.0027629055339335614,0.0015128983916259386,2.7986189485847768,2.9403684403691375
2022-10-19,-0.0001006632413110977,-0.016200830443201752,2.7983372447090678,2.8931158291136887
2022-10-20,-0.0028547517038152942,0.0081591133704908,2.7903600785238276,2.9168176505937176
2022-10-21,0.005593413412647656,-0.010539085639916124,2.806011447495663,2.8862384808634856
2022-10-24,-5.8229401959633467e-05,0.007584522492525281,2.8058480598842115,2.908212447223876
2022-10-25,0.0005090773185433845,0.02809461140389935,2.807276817133876,2.991076106628709
2022-10-26,-0.0029930354949332357,0.015265731239445302,2.7988870996003823,3.037087374871583
2022-10-27,-0.003546187514944353,-0.0013264140401254565,2.7889792989544318,3.033061610042197
2022-10-28,-0.0018567509902541251,-0.00917826434281288,2.783805663442083,3.0053507322293886
2022-10-31,0.0016100439698017123,-0.0014968655734506342,2.7882913230492155,3.000855491407124
2022-11-01,0.0029380816155256248,0.01695998582203373,2.7964955970356518,3.052183992981776
2022-11-02,0.0018790273802506193,0.0012028655457037019,2.8017552287797267,3.0558575689121033
2022-11-03,0.0022537311398757014,-0.005957018156037108,2.8080767526169534,3.0377078825690806
2022-11-04,0.0007329591965566748,0.01272951989237292,2.8101357127721336,3.0766236092531325
2022-11-07,-0.00089658422530872,0.011815471625515883,2.8076173185660482,3.1131909731200436
2022-11-08,-0.0005817314400387735,0.0074240846260096305,2.805984514273084,3.1363895739963996
2022-11-09,-0.000893265856320466,-0.0026187136313158277,2.8034791432609025,3.128187012633017
2022-11-10,0.0006069060167180035,0.038304551513064666,2.8051811080347804,3.2503352961175613
2022-11-11,-3.1919317360878724e-05,0.012258638771237784,2.805091569997743,3.2904252042101803
2022-11-14,0.0015530557909229391,0.00031099876647644464,2.809451418372156,3.2914486815317154
2022-11-15,0.0018459324531525363,-0.008516328354716052,2.814642265423431,3.263536646524463
2022-11-16,-0.001141307992590542,-0.01781302654347172,2.8114317241663183,3.2059178874039
2022-11-17,-0.004316585905513924,0.0005178746292138214,2.7993220925471896,3.2075785809195327
2022-11-18,-0.002433112300475525,0.008373810250585478,2.79251930685765,3.234551008705864
2022-11-21,0.0010140734392753382,0.006734525020068105,2.795352562837419,3.256407687972426
2022-11-22,0.00011826209396104083,0.0004634898717199576,2.795683166633423,3.257917349783446
2022-11-23,-0.0005033196487873072,0.0040130469931281,2.7942763984206116,3.271017793975554
2022-11-24,-0.0016592893911507598,0.002038933333436077,2.7896437297686476,3.2776939850313127
2022-11-25,-0.00022610688859172327,0.0002762338194930436,2.7890130434085822,3.2785995200238642
2022-11-28,0.0025934763852591743,-0.013044017197158198,2.79625567060658,3.2361111236242808
2022-11-29,0.00226975923550051,-0.005520026332641592,2.8026097060772095,3.218296917683704
2022-11-30,0.0009208924452467852,-0.0011941975890845669,2.8051917969140066,3.2144559291697314
2022-12-01,0.00038910238312997485,0.012760472626951014,2.806283516108819,3.255736727167533
2022-12-02,0.0033373460601743483,-0.00237794271250813,2.815664700767661,3.2480039694146043
2022-12-05,4.292005727787266e-05,-0.00174198264058667,2.8157855518513424,3.242350928062793
2022-12-06,0.00027425469071771006,-0.011944029385007937,2.816557900152224,3.203854551881808
2022-12-07,-0.0006286934381843419,-0.008913910384080737,2.8147877051954153,3.1754225877742766
2022-12-08,-0.0030126811769277248,-0.005646988380368256,2.8063204082961923,3.157541547847275
2022-12-09,-0.0010308795422809673,0.0048754733565683495,2.8034289206419976,3.172973646359917
2022-12-12,0.0010893278335044653,-0.005119851353780902,2.8064844377222564,3.156770008445163
2022-12-13,0.0003022836291664058,0.014082567703752602,2.8073329202580193,3.2015399336754573
2022-12-14,0.0014650567127006897,-0.0025390914505898365,2.811448836486781,3.193421242412684
2022-12-15,-0.002322009347549302,-0.007597882411568335,2.8049281994281943,3.16924994493977
2022-12-16,0.0008430397619614323,-0.016290757333813133,2.8072938624636508,3.118038730458939
2022-12-19,-0.0009547511048178186,0.003249415413680623,2.8046148746337134,3.128187012633017
2022-12-20,-0.0015731606795105304,-0.005603056916251958,2.8002062334514695,3.1107086147124687
2022-12-21,0.0010297259392273723,0.01704993051208703,2.8030911635339937,3.1642007027888543
2022-12-22,-0.002044538001985456,-0.00540054215330521,2.7973659917870535,3.147158363867971
2022-12-23,0.0010802647717312176,0.0036177757928630427,2.800389520533384,3.1585646975512294
2022-12-28,-0.0010963606283735461,0.002937799268417862,2.797320966147437,3.1678575702225755
2022-12-29,0.0017658319574937928,0.005860319818161486,2.802264928723712,3.1864767325584804
2022-12-30,-0.001529846634378809,-0.007582699246835745,2.797981170735723,3.162406013682785
2023-01-03,0.0015861786290978259,0.01481052443464037,2.8024227903431664,3.209591463334228
2023-01-04,-0.0006390097585169643,0.013331600915158504,2.800632586872307,3.2526669504380945
2023-01-05,-0.001943883441205961,0.0037216211609933936,2.7951937714859985,3.2647946980336444
2023-01-06,0.0035220505048162674,0.002119623179025254,2.805055942457159,3.2717221717736633
2023-01-09,-0.0027031497748328925,-0.0012979051423496202,2.797483695188041,3.2674785412532366
2023-01-10,-0.003788527610653687,-0.004548476071432717,2.786905401699411,3.2526502419414896
2023-01-11,-0.002156278537774125,0.00671758643670195,2.7809025316507254,3.2745737551944774
2023-01-12,0.0003885049091753946,0.016228896843324847,2.781983135832633,3.328150040989054
2023-01-13,0.0007179452650325711,0.005613999339198372,2.7839811646042296,3.346886818036361
2023-01-16,-0.0020159850731878842,0.006469345479491295,2.7783743536548737,3.3686091740949147
2023-01-17,-0.0011083988104887122,-0.006709981315321301,2.7752965128788243,3.346081534023456
2023-01-18,-0.002131277354802022,-0.002866527334539626,2.769387884967082,3.3365036340570593
2023-01-19,0.0010545082336158168,-0.016055116497158295,2.772309767597743,3.2833634072621485
2023-01-20,0.0021029722520423933,0.0065433430525772,2.778145992671873,3.304918023119478
2023-01-23,0.0025143169364662795,0.005017166242270221,2.7851399209849173,3.3215410115372968
2023-01-24,0.0020249018914282315,0.002703260213412051,2.790785269788613,3.3305321484169883
2023-01-25,-0.001971776954244686,-0.002587075861262278,2.78528788529853,3.3219269450471445
2023-01-26,0.002422619328907576,0.0056143855227528405,2.7920437577153447,3.3406299774836605
2023-01-27,-0.0009365471959710469,0.0060024054247627134,2.7894301010604745,3.360742093133976
2023-01-30,-0.0005830569007467517,-0.004913434222322266,2.787804178639606,3.3442698088032
2023-01-31,-0.0007884049439538642,-0.004206980216004297,2.7856071262396824,3.330230085007752
2023-02-01,0.001041445256546474,0.0022640379966798463,2.788509694738658,3.337778394062849
2023-02-02,-0.0006288538371861934,0.03536002363990676,2.786756680969579,3.4579137951326984
2023-02-03,0.002750338766212303,-0.0010288836213199204,2.7944317555907956,3.4543578339137735
2023-02-06,0.00167522903589809,-0.008979893848762188,2.799116992133027,3.4234769283918873
2023-02-07,0.0007359900763785767,-0.010857696546782591,2.8011778727626773,3.386506922518524
2023-02-08,0.0007275921214035197,0.005670197497641638,2.803216729351599,3.4057636286661137
2023-02-09,0.00015114799485754457,-0.0013060268325126856,2.803640461961752,3.401318513333667
2023-02-10,0.0006462583276050406,-0.01226594961861771,2.805452923554023,3.359852939020459
2023-02-13,-0.0020391509430865173,0.004701855600897531,2.799738010344785,3.375687679539555
2023-02-14,0.0007969331736075256,-0.005296157547471481,2.8019701037391407,3.3578567651023725
2023-02-15,0.0019853446602266832,0.007683407879847337,2.8075385058924236,3.3837559176949257
2023-02-16,-0.0012265358714271617,0.00044111457598994264,2.8040970701581602,3.3852488710093387
2023-02-17,-0.0011028583909026273,-0.00459890001999419,2.801006252855609,3.369716193899484
2023-02-20,-0.0005353497144476374,0.0004727861783333509,2.799507136269599,3.371309725811114
2023-02-21,0.001561638818238505,-0.012390863508503713,2.8038823706643052,3.329794026008084
2023-02-22,0.0041021646654918476,-0.00863119072628038,2.8154079816660307,3.3011776132027277
2023-02-23,0.0007794423376159474,0.0055838494733926325,2.817603285289754,3.3196624523306144
2023-02-24,0.0007415967449284559,-0.00476106959577649,2.8196935856988152,3.3038948734155293
2023-02-27,0.0017581188183896075,0.009580020580468585,2.8246553024196457,3.3356983500441486
2023-02-28,-0.0004984985189885401,0.0008646108148244736,2.8232475668409385,3.3385836780757545
2023-03-01,-0.0021257199334245545,-0.001644353655146702,2.817252507377296,3.3330983769251707
2023-03-02,8.136898327333554e-05,-0.0009516262960058697,2.817481753676088,3.329928021598517
2023-03-03,0.000868041492923022,0.0037258072136712173,2.8199285065316984,3.3423578326033048
2023-03-06,-0.003300401831338501,0.006916715377428773,2.81063695069259,3.3655561058620824
2023-03-07,-0.0028233192412416156,-0.005372232901665441,2.8027128167531576,3.3475240342304646
2023-03-08,-0.0019378940451460396,-0.005255138393414072,2.7972867155780086,3.329978474705913
2023-03-09,-0.002303768078315289,-0.008046573198676299,2.7908498331258205,3.3032910742146377
2023-03-10,0.0004893120027159333,-0.01717824324777517,2.7922157636027816,3.2470309452004735
2023-03-13,-0.00019004793897739014,-0.02788887627212233,2.791685159173465,3.157725996545109
2023-03-14,-0.0007916373638575593,0.01605099530834231,2.7894760314227414,3.2088195963145303
2023-03-15,0.0016042680074726335,-0.02668895409702543,2.7939546901014305,3.124312279508246
2023-03-16,0.0012374938481529633,0.00709918688596467,2.797414332043754,3.1465712731636883
2023-03-17,-0.0013111179864541173,-0.015461144052945741,2.793748995167068,3.0982958398218643
2023-03-20,0.0010243410147642027,0.0013146619651056568,2.7966122130531725,3.102371730141069
2023-03-21,0.0015687727633280709,0.015238717491962817,2.8010029052212686,3.150009947288789
2023-03-22,-0.00019383415251606362,-0.0011348209462749281,2.800460027812731,3.146437277573258
2023-03-23,-0.00040061709664150386,-0.001483191105752013,2.799338340345718,3.141773968932188
2023-03-24,-0.0017376494330377085,-0.012690933433296081,2.794478295415773,3.1021538644500284
2023-03-27,0.002444871623361483,0.0019338493441392046,2.8013187947663454,3.1081587670833093
2023-03-28,-0.0008812944692857597,-0.007198174129587898,2.7988510955503645,3.085866028817079
2023-03-29,0.002213288758694318,0.012752252234555783,2.8050526215697276,3.1254697524202104
2023-03-30,0.0017361243306201748,0.014645694714186419,2.809926771515585,3.171581271642726
2023-03-31,0.0005605790841010602,0.0010889927336901195,2.8115023992822756,3.1750369818820103
2023-04-03,-0.00034608276199386476,-0.00258679667779127,2.8105295551185874,3.16683442051862
2023-04-04,0.0015550311973815713,-0.0034169771964922546,2.8149034161217386,3.1560318860362604
2023-04-05,1.3774447534712448e-06,-0.011417556341832835,2.814907293498351,3.120202644578254
2023-04-06,0.001255722925223711,0.010460414930889783,2.8184442573777218,3.153012562414219
2023-04-11,0.0018363569900675288,0.008428476224697334,2.8236246822898337,3.179699962905499
2023-04-12,-0.0007226511222399167,0.002455274361865989,2.821584923850023,3.187516590759035
2023-04-13,-0.0018950667794318534,0.00354060973240955,2.816242895344592,3.1988223458450733
2023-04-14,0.002570028343758639,0.009010084478944691,2.823490028087847,3.2277742390528807
2023-04-17,0.0023944491316655915,0.0022944017956980645,2.8302588318780337,3.2351885525175503
2023-04-18,-0.0029628126650554244,0.00048727894656153126,2.8218857152786287,3.2367653759325754
2023-04-19,-0.0022442883912453014,-0.004956234895399092,2.8155596912927643,3.220762895212255
2023-04-20,0.0024942160506547413,-0.0033910008639761458,2.8225910707108137,3.209859782132668
2023-04-21,0.002578471013819034,0.006983310011014154,2.829878431056707,3.2323536775933377
2023-04-24,0.0022689689100789242,-0.0022391219524120487,2.836306627166825,3.225124140444088
2023-04-25,-5.197096895200943e-05,-0.0005982992749835603,2.836159225393506,3.2231951281300053
2023-04-26,0.0021843043145527347,-0.00038520227992577816,2.842361031075916,3.2219537851174325
2023-04-27,0.0002649088230762612,0.0020803003133700315,2.8431140973339604,3.228663393166404
2023-04-28,-0.0012395895771281614,0.009158864903993091,2.8395919861694643,3.2583701172797204
2023-05-02,0.003823064999026961,-0.005725487911950822,2.850468708864539,3.239767663440422
2023-05-03,0.0004767767747771396,0.002657739824828198,2.851828070172354,3.248389575306875
2023-05-04,0.002775484255112194,-0.006252165184244873,2.859754268510585,3.228143464066123
2023-05-05,-0.003697618321172118,0.010729485643999226,2.849199514484936,3.2629662643167836
2023-05-09,-0.005705074951837107,-0.00906292109349316,2.832990897352851,3.2335278590019114
2023-05-10,-0.0009414977125113538,-0.0001919164668695572,2.8303248981164515,3.2329073513044144
2023-05-11,-0.0018141116350457436,-0.000363262711246648,2.8251950272738773,3.231733169895844
2023-05-12,0.0019536729950591822,-0.0040515460951429105,2.830719929673442,3.218666142696947
2023-05-15,-0.001513563722466245,0.003662189556647988,2.8264386954571394,3.2304751183866576
2023-05-16,0.0017731000674082182,0.0007214065428424732,2.831454699723186,3.232806445089613
2023-05-17,-0.0013116312329316468,-0.002972301225931062,2.8277433098239353,3.223211836626613
2023-05-18,6.284625226500161e-05,0.00429980459684387,2.8279210284777423,3.2371008563350223
2023-05-19,0.0017058936210638319,-0.00047690033307468127,2.8327492779902372,3.2355574499132103
2023-05-22,0.0002255853026228152,-0.0008193903309390294,2.8333883766762917,3.2329073513044144
2023-05-23,-0.00229893394001295,-0.0033782409867839647,2.8268820856041286,3.2220042382248315
2023-05-24,0.00042475172169119055,-0.014531204575421341,2.828083063677703,3.1755231663714976
2023-05-25,0.00011503899190995503,-0.004786540828812136,2.8284084222164863,3.1603597142748807
2023-05-26,-0.0011874636927906002,-0.0024818025482193917,2.8250517832446,3.152526050307154
2023-05-30,0.0005381433642865442,0.0007074601707248718,2.826572475253977,3.1547571260304705
2023-05-31,0.000788583521799207,-0.0045030357352420225,2.828802342833992,3.1405830790270093
2023-06-01,0.004470155175161514,0.005587148054974733,2.8414758333972645,3.1581790916589596
2023-06-02,0.0016386168898344326,0.016931659731783455,2.8461357405485272,3.2121075663525915
2023-06-05,0.0029565126588699166,-0.0018660991127585902,2.854562828151502,3.206119044598334
2023-06-06,-0.000432139652037065,0.005405567575351711,2.8533295248630464,3.223496863921662
2023-06-07,0.001764502028420715,-0.003382817049400799,2.8583686750853787,3.2126107869562666
2023-06-08,0.0011540497054573235,-0.002336712419975129,2.861669278776988,3.205112603390986
2023-06-09,0.003022393897716837,-0.0008324965133432727,2.870331454201537,3.202445468668007
2023-06-12,0.0018708777341276137,0.005177393528184027,2.8757065198863137,3.219068784703406
2023-06-13,-0.0025885765607726323,-0.00011989698644576663,2.8682721597497736,3.218682851193553
2023-06-14,0.0009254998089175443,-0.0006777187205493362,2.8709279738737083,3.216502228577636
2023-06-15,0.002475182884196822,-0.0071228857543417234,2.8780428473304474,3.193672852714521
2023-06-16,0.0011045291284078394,-0.000446542316021592,2.8812234857186416,3.192247061004113
2023-06-19,-0.0008676165096889203,-0.00932294843588366,2.8787247727733747,3.1626242069914094
2023-06-20,-0.002062157996297209,-0.005750022491429974,2.872794504141038,3.1444912291449896
2023-06-21,-0.00019959715520594546,-0.009362875988255581,2.872221159751378,3.11518714703813
2023-06-22,-0.0013909737577248121,-0.013198202395525271,2.8682287528021417,3.0743424080399966
2023-06-23,0.001379538081133997,-0.014603008751132407,2.8721883141469036,3.029773967621718
2023-06-26,0.002299853363166768,-0.004861766243108079,2.8788015278968317,3.015079663900399
2023-06-27,-0.0008597971937450835,0.004446450518239331,2.876327406195661,3.028515916112537
2023-06-28,-0.0011088265001103674,0.01963449668956585,2.873139825708128,3.0885669081508547
2023-06-29,-0.0021446411012459496,-0.007747476292287558,2.8669845747096767,3.0647307634628094
2023-06-30,0.003333957769046114,0.00796469287058521,2.8765589315885496,3.0892378689557534
2023-07-03,0.0024832760772314734,0.004928973117355184,2.883711098294937,3.104502227267169
2023-07-04,-0.002283748497230793,0.0014038272198373392,2.877132941694418,3.1088634724990003
2023-07-05,-0.002731660953799201,-0.007609623936971843,2.8692843147530986,3.0852959742269794
2023-07-06,0.0010639573101156434,-0.02626443437246273,2.872338735373019,3.0053173152361756
2023-07-07,-0.00011311439398834855,0.004871879459871664,2.87201385089254,3.0199945828433052
2023-07-10,0.00030000475220089704,0.0013321493977151988,2.872875597953838,3.024020347672689
2023-07-11,-0.0001318938010297342,0.006198830988772386,2.8724967084584754,3.0428239587064256
2023-07-12,0.0010745186967869857,0.02393388654980022,2.8755849187508877,3.116529068647922
2023-07-13,0.0019027272601075881,0.0028055668231683484,2.881061581209731,3.1252849761047994
2023-07-14,0.004420248381946197,-0.003489307544459308,2.8938247764677185,3.1143988991394065
2023-07-17,-0.0006136754819911301,-0.00878529395854244,2.892049451945503,3.0871578249370515
2023-07-18,0.006188893172044865,0.01154976728023449,2.9100035377042364,3.1230204833882715
2023-07-19,-2.7496862127002853e-05,0.03713066503151374,2.909923522838255,3.2411600381576187
2023-07-20,0.0008223790932003461,-0.0005591306018910558,2.9123175673774115,3.239348312937364
2023-07-21,-0.00019227404575539766,-0.0057747690356730885,2.911757658125941,3.220695733608249
2023-07-24,0.0011682028748020118,-0.002894735432066753,2.915161169401655,3.211386152440296
2023-07-25,-0.004888707252549584,0.00025592914992600413,2.9009445785399333,3.21220814494981
2023-07-26,-0.0013111393224371848,0.001909392646236796,2.8971435284284603,3.218347370791107
2023-07-27,0.000946349958577527,0.004519020466981161,2.899886537805272,3.2329240598010203
2023-07-28,-0.001785735757114272,-0.0077766278364315156,2.8947127276269327,3.207880316711189
2023-07-31,-0.0012148505172295367,0.001029644867601931,2.891198219605732,3.2111849952458584
2023-08-01,0.0012127193382344525,-0.004088076068610391,2.894706558482545,3.1980842234361733
2023-08-02,-0.00012985153972722055,-0.013348042649759861,2.894330700782246,3.155679697137206
2023-08-03,0.00013288251998452806,0.0011049513346197415,2.8947153322942705,3.159168496752124
2023-08-04,0.0015647213815076486,0.005343138759602795,2.89924830075957,3.1760935485791735
2023-08-07,-0.0005145117364062134,-0.003857546018300795,2.8977569871641458,3.1638652223864034
2023-08-08,-0.00010993469984639146,-0.0010714857678433276,2.897438440629514,3.160477001368704
2023-08-09,0.0016222589858647675,0.005066316491889822,2.9021426508677983,3.176529607578842
2023-08-10,0.002347225004488363,0.002984450951055706,2.9089626335502445,3.1860239650622035
2023-08-11,0.000851458550033036,-0.010271780550967335,2.9114405494279336,3.1534653299104938
2023-08-14,-8.840871394088135e-05,-0.002039282225279493,2.9111831640909647,3.1470410767741512
2023-08-15,-0.0007460143796327327,-0.005430069363754342,2.9090121894786334,3.1299987378532683
2023-08-16,0.002292975172031081,-0.004242687560779501,2.915690135460506,3.116747261956544
2023-08-17,0.0014565908205061186,-0.01216690850810842,2.9199401974965014,3.0790558421708876
2023-08-18,-0.0010214638542596537,-0.01423786931010973,2.916959106925494,3.035527259953165
2023-08-21,0.0021341348068752374,-0.01097920837286459,2.9231909383046886,3.0023818617147473
2023-08-22,0.0021972230815947734,0.006976045445359347,2.929620902352074,3.023399839975191
2023-08-23,8.103154997954852e-05,0.011155688224917526,2.9298583036930133,3.057316777615726
2023-08-24,0.0012852956145806907,-0.0017517537430062902,2.9336264587999654,3.051965799673154
2023-08-25,0.0029930865469604074,-0.0035016448479616713,2.9424202103523913,3.0412975883987983
2023-08-29,0.0011006967327457145,0.018448791151541855,2.9456607057384696,3.0979266148086233
2023-08-30,0.00021715990679366384,0.005179183271469157,2.9463004546041613,3.1140129656295557
2023-08-31,0.001605362459375074,0.002216788528849989,2.9510341333664805,3.1209237308729665
2023-09-01,-0.0003704338273235457,-0.0037045822064722955,2.9499411729451492,3.1093834015992785
2023-09-04,0.0008039523061308333,-0.000690795270447353,2.9523137385410894,3.1072361959765775
2023-09-05,0.0023100596148612116,-0.0017667856576828456,2.959141642675336,3.1017512224435717
2023-09-06,-0.0004919781860073815,-0.0021438112175040658,2.9576861675981854,3.0951087759986065
2023-09-07,0.0018582840901006919,-0.0036866662162289288,2.9631874986818487,3.083719150811953
2023-09-08,0.00042368491057662047,0.004304216689599016,2.9644432225090833,3.097020752198496
2023-09-11,0.0010652790411933171,0.003201312027384162,2.967602864394167,3.106951168681525
2023-09-12,-0.0015600802565438891,0.0010738191275283526,2.9629767752296154,3.110289264209406
2023-09-13,0.000517698915583931,0.0010348923861869253,2.964511102218493,3.113509745025885
2023-09-14,-0.00025132123116193507,0.018056464529214722,2.9637661512534086,3.170239350032929
2023-09-15,0.00432874885464447,-0.005831796599528261,2.9766233583196677,3.1518049640124355
2023-09-18,0.0014799015233592794,-0.018287739254425617,2.9810317289347386,3.094689425495541
2023-09-19,-0.0026204295813460473,-0.0012258143687020606,2.9732303711277925,3.0908982348538063
2023-09-20,0.002639348648362572,0.015385769220831236,2.9810881278073023,3.1388218069141534
2023-09-21,-0.0015139907286872596,-0.003951748402522881,2.976578202874129,3.1264424490167664
2023-09-22,0.00019218197945302415,-0.0017075308906715492,2.9771503025370163,3.1211085071883815
2023-09-25,-0.000856231638944647,-0.01034526403673297,2.974602263265682,3.0889862586539176
2023-09-26,0.0006143178333645121,-0.004277409792267761,2.9764301758853464,3.075801616743614
2023-09-27,0.005239150962798632,-0.006373647621350287,2.9920650639132718,3.056259883300981
2023-09-28,0.001233320054624012,-0.006690756519875052,2.9957575142798376,3.035879448852218
2023-09-29,0.005294277283257433,0.009934694778031883,3.0116599440255367,3.066190299784007
2023-10-02,-0.0011130079883460977,-0.016664869727069487,3.008309807160043,3.0155160505176473
2023-10-03,-0.0009515621542463263,-0.01680023510122375,3.0054485749353477,2.9652778602509553
2023-10-04,8.792936730176587e-05,-0.010514552621669893,3.005712853745764,2.934262631521053
2023-10-05,-0.00028761950412249833,0.006103795394171385,3.0048484764170826,2.952227541548663
2023-10-06,-0.0016135146182727153,0.007488977318907075,3.000004018827275,2.9744197012176783
2023-10-09,0.003279053925341481,-0.009075484623672025,3.009857339737822,2.947547524410991
2023-10-10,-0.0017134241185928533,0.02226326328749373,3.0047045932590675,3.0139054824918285
2023-10-11,0.0003875806403263925,-0.005105482536301054,3.005869384299962,2.998557254079799
2023-10-12,-0.001240065272227865,-0.00226815258413815,3.0021442202642836,2.9917637759302114
2023-10-13,0.0025136766544097385,-0.02162176029951013,3.009700132685715,2.9277708891631207
2023-10-16,-0.00022142412920081228,0.003728598036301989,3.0090337862299936,2.9387077468534994
2023-10-17,0.00017461901574157752,0.009662382572811268,3.009559266626178,2.967240289558247
2023-10-18,-0.0021709216392968387,-0.016299907798060786,3.0030328360374106,2.9192665920080785
2023-10-19,-0.00029152224037600654,-0.011000636276376596,3.002157512771425,2.887328792171444
2023-10-20,-0.0005877772553316906,-0.010535719155020828,3.0003934313627467,2.857068394347056
2023-10-23,0.0005313864332841,0.0015429437118434919,3.0019882234145907,2.861480092686291
2023-10-24,0.003229703095067281,-0.0038117216904662854,3.011699427783063,2.850593688103314
2023-10-25,-0.004790158571083289,-0.00728785884304628,2.9973074075046613,2.8298944817487115
2023-10-26,-0.0011029186746320616,-0.005205938721186243,2.9940034435280163,2.8152005056449707
2023-10-27,0.0010254947395845074,0.004939168494217938,2.9970753531540213,2.8291396508432016
2023-10-30,-4.50209422069829e-05,0.008936506734428917,2.9969404250350755,2.854535582832083
2023-10-31,-0.001385934398895119,0.0038415681820467285,2.9927897391621365,2.865522566012281
2023-11-01,0.007251399398850812,0.005999655059481412,3.0145705280361144,2.882766389745174
2023-11-02,-0.0009432403674038502,0.033270430205257995,3.0117284040374472,2.980290608260534
2023-11-03,0.0002975869272440116,0.012111662975756943,3.0126247884084183,3.016606361825603
2023-11-06,0.0006758646028189414,-0.013226735163470948,3.014661603092418,2.9769692212292567
2023-11-07,-0.003029895272385069,0.0007997487873137032,3.0055413178851027,2.9793510010396136
2023-11-08,-0.0018397307524134134,0.004751837884272803,3.000017014268699,2.9935420841572538
2023-11-09,-0.0007467413334309331,0.0106788739290824,2.9977776137936583,3.0256810411883275
2023-11-10,0.002019424099245341,-0.010297980797387751,3.003837514846851,2.994682520955032
2023-11-13,0.000814917883267301,0.0033885988876427575,3.006286393438084,3.004847511625713
2023-11-14,0.0009980522598722122,0.0341544213266598,3.0092883221585627,3.1092490783912683
2023-11-15,-0.0013901154601039943,0.0075458881294530045,3.0051079701971486,3.1327998681666855
2023-11-16,0.0008086645307747429,-0.017554734049499032,3.0075390772663413,3.078284302768769
2023-11-17,0.0015858736368961459,0.011722989356691471,3.0123124381741095,3.114583347837234
2023-11-20,-2.3660311116118654e-05,0.0016788670636955771,3.012241166767798,3.1198167110684056
2023-11-21,-0.0012436508213041775,-0.013614416983518396,3.008497319068954,3.077630050460477
2023-11-22,-0.0024557128330492364,0.007201091925011838,3.001118377583214,3.099872335619312
2023-11-23,0.0016277462737932325,3.255120262224409e-05,3.0060074148161244,3.099973241834112
2023-11-24,0.0011503727913299167,-0.00122912022247057,3.0094674337309035,3.0961653426957687
2023-11-27,-0.0008084079213312224,-0.0010570052188096923,3.0070355395321955,3.0928944087718957
2023-11-28,-0.00013553917369934652,-0.002802378980458542,3.0066279960395614,3.0842390799122357
2023-11-29,-0.0013274743016606894,0.004373931000580811,3.0026394225902604,3.097758874607403
2023-11-30,-0.0014461181806963634,-0.012757262686411863,2.998300389264836,3.0584909590242955
2023-12-01,0.004091474340081455,0.009562775029817061,3.010592988650511,3.0878789112317677
2023-12-04,0.006959184056772833,-0.0025781051810334077,3.0316173306603225,3.0799282877877987
2023-12-05,0.00332131859201397,0.00684959670225993,3.041703037315614,3.1010969701352793
2023-12-06,0.005940726654516347,0.009646317890208422,3.0598267443170064,3.1311558831476534
2023-12-07,0.003705738031028774,-0.0025747358767009842,3.071186696154522,3.123104353488883
2023-12-08,0.001676203438351943,0.004464059962829836,3.0763389467581868,3.137077243297905
2023-12-11,0.00199071967203769,0.0025846363418349227,3.082469174975818,3.1451959345606815
2023-12-12,0.004032952145841878,-0.004720398006599069,3.094925727105343,3.1303843437455363
2023-12-13,0.005040047365750302,0.0018042331429111158,3.1105636742575937,3.136037385097346
2023-12-14,0.001482517673490702,0.029575689506348368,3.1151785598586925,3.230173054977421
2023-12-15,0.00305657188389308,-0.0024957117929744754,3.124714893878747,3.222121525318657
2023-12-18,-0.003499143369912912,0.0006036810086573752,3.1138001756935014,3.224067246129339
2023-12-19,0.005505264577026831,0.004951167797862865,3.130989742642691,3.240069726849662
2023-12-20,-0.0016464840488731743,0.01607937113416824,3.1258388595612914,3.2925891183294893
2023-12-21,-0.0012945089995235778,-0.002964260422631426,3.121795050964541,3.2828434781618734
2023-12-22,0.0012324596685583293,0.0030610707030636064,3.1256449093686522,3.2929078902353326
2023-12-27,-0.0021587492607833113,0.004564006492586259,3.1189047035557973,3.3079710913523113
2023-12-28,-0.0011249028849952718,-8.121513696046634e-05,3.1153982112581544,3.3077024449362913
2023-12-29,0.0019112484677752343,-0.0015021830566421812,3.121358205016143,3.302737400503563
2024-01-02,0.001977700446299713,-0.00907110692642199,3.127537424840102,3.2729133892964213
2024-01-03,-0.00042040938201509627,-0.00954739371759139,3.1262228551121813,3.24181429046591
2024-01-04,-0.000527266387483867,0.002361809372096957,3.124574937364894,3.249479886614828
2024-01-05,-0.0008683370054990314,-0.008382047066957554,3.121862930958493,3.222356427123887
2024-01-08,-0.0034849898835381393,0.009501648258892104,3.111002205976751,3.2531200455519445
2024-01-09,-0.00025096790792336805,-0.005159300896536934,3.1102215422264434,3.2363794424227224
2024-01-10,0.000681637683105201,-0.0007207111179479142,3.112342309147641,3.2340477881021927
2024-01-11,-0.004695758633663262,-0.00897157308336638,3.0977617610378094,3.2051630564983906
2024-01-12,0.0034004959375529276,0.004683368325942183,3.1083136179270485,3.2202092215011806
2024-01-15,-0.0005152231353393192,0.0001667346477898235,3.106712555326866,3.220746186715646
2024-01-16,-0.00011963808657521784,-0.00039068501619610174,3.106340896413932,3.2194881352064644
2024-01-17,-0.00015713664249992088,-0.017284731816868515,3.1058528147837676,3.1643183175002547
2024-01-18,0.003531266515678898,0.004421816373790577,3.116839796394216,3.1783413327990955
2024-01-19,0.0026434031005676054,-0.004050815894915516,3.125089759561145,3.165492498908825
2024-01-22,-0.0030934898673410736,0.010762441815257873,3.1154372637020846,3.1997449169518104
2024-01-23,-0.0031073879675031506,-0.004360601931413299,3.105771416980915,3.185822480250185
2024-01-24,-0.0016101097433149152,0.009385783554616722,3.1007748077859554,3.2158646847659544
2024-01-25,0.0008147274906374959,0.0026774679331875717,3.103302123661197,3.224486596632404
2024-01-26,-0.00010178150340835039,0.0059594115231185185,3.1029862809792643,3.243760011276599
2024-01-29,0.0010626593018812614,-0.0013868740407314561,3.106285450850669,3.2392644428367525
2024-01-30,0.0007146853447021319,0.001981381328031162,3.1085062610345715,3.245689023590678
2024-01-31,-0.0013237429102300733,0.0004391913782413326,3.1043941202192205,3.247114815301086
2024-02-01,0.0016392137227611914,-0.011785301380154323,3.109487058728887,3.2090712066163687
2024-02-02,0.0016780260956145816,0.002161686726289247,3.114709239409767,3.216015716470571
2024-02-05,-0.00036303002369236743,-0.008064728933758758,3.1135787116609634,3.190183725482021
2024-02-06,-0.0016695163562228089,0.007996982663177832,3.1083848778770764,3.2157978507795275
2024-02-07,-0.0009329698603828154,-0.003490500405440855,3.1054862008709465,3.204592674290711
2024-02-08,-0.0024915032401733334,-9.426397580369894e-05,3.097758502729173,3.2042906108814737
2024-02-09,-0.0020416713494965004,-0.002117041927858665,3.091440349936988,3.197514168846075
2024-02-12,0.0009753858747927604,0.007400800254217188,3.0944571682288773,3.221266115815924
2024-02-13,0.0021297622596814433,-0.01469297334067221,3.1010546493593463,3.1742821509764974
2024-02-14,0.0004381593647032158,0.0042238114088331,3.102413703213763,3.1877180755710546
2024-02-15,0.002382331365607307,0.005023130157185918,3.109813491562167,3.203770681781193
2024-02-16,-0.002324108483076002,0.004820963400167244,3.102594339940913,3.2192532334012314
2024-02-19,-0.0002719926884611173,0.0013017851649621548,3.1017505717197835,3.22344673843184
2024-02-20,0.005717960029309173,-0.005599314395725585,3.1195370602642005,3.2054480837934376
2024-02-21,-0.005795115279439396,0.0004917988579506982,3.1015112646105996,3.207024907208463
2024-02-22,-0.0008151640721748646,0.007529508639800397,3.098984054243733,3.231263366285379
2024-02-23,-0.00249478265993382,-0.004364919826288727,3.0912623984931575,3.2171898978791407
2024-02-26,0.0003934089770722452,-0.0027514522076703685,3.092478768120888,3.2083501203216502
2024-02-27,0.004847839414823142,0.0019220821731469329,3.1075070063931785,3.21452276315616
2024-02-28,0.005720318634323122,-0.007863331738739987,3.125333875703551,3.189345024475901
2024-02-29,0.0015488719494725664,0.0021698148051001453,3.1301783684573357,3.196272825833495
2024-03-01,-0.0025926920567792893,0.015595497144573756,3.1220732913898286,3.24651101610019
2024-03-04,0.007444017636700495,-0.005455517889272343,3.145400777421552,3.228847841864237
2024-03-05,-0.005281617242254291,0.0011370891148665407,3.1288317685399085,3.2325214177945636
2024-03-06,0.002743808965373819,0.010437745962804001,3.13742847366252,3.266438355435097
2024-03-07,0.0017005692398618347,0.005673785151328659,3.14276842721057,3.285024100777789
2024-03-08,0.0015512122079913962,0.0009085322805475471,3.147647311075534,3.288010007406614
2024-03-11,-0.0002576032434403149,-0.00366459340846248,3.1468365713480697,3.2759828384082765
2024-03-12,-4.849523578156501e-05,0.0017955928133392973,3.1466839684668626,3.281870453947739
2024-03-13,-0.0014848919405953756,-6.63868138257584e-05,3.1420149501542114,3.281652588256697
2024-03-14,0.0015176977211720274,-0.0039897921983644835,3.146787199583955,3.2685855610578027
2024-03-15,-0.0002194141552904732,0.0013795463267847197,3.1460968256703534,3.273097837994251
2024-03-18,0.0003303745976986973,-0.0013538872081753084,3.14713638785647,3.268669431158411
2024-03-19,-0.002079301714956062,-0.0027595178612358495,3.140599340370265,3.259661913399698
2024-03-20,0.0019101940175925052,0.0026517651864974567,3.146604227866074,3.2683172422593567
2024-03-21,0.0026890900585528044,0.01309876209397487,3.1550771170887506,3.311409765477412
2024-03-22,-0.0006097128551838182,-0.0008615097897113344,3.1531540123417843,3.3085581820565944
2024-03-25,-0.0007840926754077764,-0.0056333131015957605,3.150682616404619,3.289972436713907
2024-03-26,-0.0014962490492052343,0.008331859750851933,3.145971935590162,3.3174985382113045
2024-03-27,0.0022425278707013385,0.0016721919389137696,3.1530347816909003,3.3230506733483174
2024-03-28,-0.0025502869034181256,0.0037283961685865563,3.145003883281372,3.3354634482389223
2024-04-02,-0.0007890836667662915,-0.008626562000243254,3.142523190950776,3.3068136184403483
2024-04-03,0.0019497212566738295,0.0020117429347656923,3.1486562121137824,3.3134727733819243
2024-04-04,0.0030355786674987565,0.006036317647007294,3.158228727453558,3.333534435924838
2024-04-05,0.0006087887628688991,-0.0074395382194598625,3.1601520069894855,3.3088265008550377
2024-04-08,-0.004266453510161618,0.006503185776960407,3.1466980860388047,3.330414533705585
2024-04-09,0.0017739134431683744,-0.004603936586397239,3.152285009969892,3.315116758400953
2024-04-10,-4.7713295292598976e-05,0.0019411200522263528,3.152134607652489,3.3215580476514837
2024-04-11,0.0028658197018805705,-0.0007527597969883004,3.1611810136068343,3.319058653129728
2024-04-12,0.0015733584678561704,-0.003325962680579053,3.1661585992594703,3.308037925338736
2024-04-15,0.00016062402254760002,-0.0011313431840296317,3.166667201235461,3.3042975154219825
2024-04-16,0.002479894431636763,-0.01815467510481028,3.174529946954739,3.2448503225845524
2024-04-17,-0.0009017622476043721,-0.00022750090156797853,3.171668566031232,3.244112200175652
2024-04-18,0.0023234257141126076,0.005702378523489315,3.179046269788577,3.26266420090755
2024-04-19,-0.0024274524586107736,-0.0030584668040862795,3.171338644836293,3.252700695048888
2024-04-22,0.0004465224742708619,0.010674421289138536,3.172755035016226,3.2876073654001616
2024-04-23,-0.0005297880564839236,0.010167773159416527,3.1710745924710255,3.3212055311348494
2024-04-24,0.00012966423148117086,-0.0040638040555887045,3.171485794079522,3.307736189547084
2024-04-25,-0.00018873424911995445,-0.005971340710306805,3.1708872825711683,3.2880434243998256
2024-04-26,0.0004422778883564951,0.011271772361277854,3.17229000607665,3.325315166064847
2024-04-29,0.0010017527255420486,0.013059974771115535,3.17546944847811,3.3690285245979803
2024-04-30,-0.003695930705207329,-0.00596255403844026,3.1637547950487703,3.349000279048276
2024-05-01,0.0026400840294835627,-0.0019452919625848608,3.1721184090203227,3.3424918281937352
2024-05-02,0.0012051133557714924,0.006288396372738703,3.1759434756376272,3.3635769680581853
2024-05-03,0.0011447480681394734,0.005579733229184924,3.1795812125447767,3.3823972875885255
2024-05-07,0.00026355561663777487,0.012253199902147571,3.180419319470941,3.4240974360893874
2024-05-08,-0.0005740284277249382,0.0038577335945291225,3.178594192257048,3.4373322034895053
2024-05-09,-0.0017800613277917483,0.0019160229686434604,3.1729411325478525,3.4439245244446526
2024-05-10,-0.0006450047624059651,0.005541964176805081,3.170895230285806,3.4630636158808334
2024-05-13,-0.002843895801426355,-0.004130483304219723,3.1618903452001765,3.448788990280161
2024-05-14,0.00019746495834142803,0.0028266611167335753,3.1625147693943916,3.4585513389443863
2024-05-15,-0.0028969087237333746,0.007590471353870143,3.1533665100039574,3.484903259033214
2024-05-16,-0.0010338704739000385,0.0022693753456479726,3.150108022193294,3.4928207931015547
2024-05-17,0.0009856678847203735,-0.0035071315210597476,3.153214513236891,3.4805924669087784
2024-05-20,-0.0009675517482517059,0.0059294215098084635,3.150165090497042,3.5012916732633848
2024-05-21,-0.0008429484700032998,-0.0043162577768711685,3.14751078253334,3.486211763649794
2024-05-22,-0.0009729488625005579,-0.003533124826825329,3.1444499047779906,3.4739162758530178
2024-05-23,-0.002690247470918826,-0.0038121071278123253,3.136001925047422,3.460698544567085
2024-05-24,-0.0014448733919214356,0.0067436094923643,3.1314740711844093,3.4841150111344894
2024-05-28,0.0021623452409392932,-0.0031632436057904556,3.138252725493536,3.4731113194576926
2024-05-29,-0.001560819652428558,-0.013076974312394185,3.133358299616978,3.427989205328336
2024-05-30,0.001717338380551564,0.011414163441557434,3.138743959261298,3.467340991012057
2024-05-31,-0.0008804325797957208,0.0028597985119418468,3.1359817229797664,3.4772710798775037
2024-06-03,-3.683807455441589e-05,0.00818635061022377,3.13586620157906,3.50585407568965
2024-06-04,-7.892321160963612e-05,-0.008770194493669337,3.135618718713453,3.4752414889662075
2024-06-05,-0.0006998072899953578,-0.002155018975658507,3.133425157500037,3.4677603415151186
2024-06-06,0.000586625830002648,0.002053671559314907,3.1352638448918366,3.4748893000671495
2024-06-07,0.0021864146849134695,-0.007777841070140568,3.1421263311900045,3.447966997770645
2024-06-10,-0.001253093149120526,-0.005336434814603663,3.1381914201306613,3.429616154233183
2024-06-11,0.0018992922156989287,-0.008798231665153367,3.1441574264675487,3.3995739497174196
2024-06-12,0.00018235601142074938,0.011309035220183006,3.1447308347557534,3.4382380660996277
2024-06-13,-0.0016338400837930189,-0.014813502893183284,3.1395970425049966,3.387681103927092
2024-06-14,9.459043450349972e-05,-0.0037503198326689358,3.1398940323993934,3.3750000102380455
2024-06-17,0.00020938357431268383,0.0019512782230073356,3.140551543468467,3.3815920035756184
2024-06-18,0.0011581313901363635,0.012334573002700466,3.144190821767746,3.423560798492502
2024-06-19,-0.0008225879865948764,-0.0014121147329504424,3.1416055116385047,3.4187297496502085
2024-06-20,-0.0015172932600975371,0.0057534497304931875,3.1368423892103854,3.438455931790677
2024-06-21,-0.0028555508201885188,-0.0027502370062499892,3.1278977533621957,3.4290123550322886
2024-06-24,0.003278716312907207,0.005862678357781093,3.1381700735608846,3.4491745961724267
2024-06-25,0.0006525858352679527,-0.009734681709632653,3.1402186672684675,3.4157608791355667
2024-06-26,-0.0013185951406136983,-0.0032119246653170563,3.1360807189321793,3.4048073129485847
2024-06-27,0.002190909575818608,0.0016589348868674136,3.1429591204362795,3.410460354300393
2024-06-28,0.002295398422816729,-0.002255208296896072,3.150181750079404,3.402777722037283
2024-07-01,-0.0016041030568661688,-0.003154946504274392,3.145132584677932,3.392059057655531
2024-07-02,-0.0010273512088857383,-0.001365756344267055,3.1419030881126058,3.387429493625256
2024-07-03,0.001324367950568177,0.01644773400247246,3.1460668804542675,3.443605752538811
2024-07-04,-0.0006642843257599635,0.003932964635255942,3.143977691522345,3.4571760003413767
2024-07-05,-0.00025744604185697653,0.008522332785107167,3.1431683910900423,3.486765109743288
2024-07-08,-0.0050579793039871755,0.0005579686329681977,3.1273104487989203,3.4887111581715544
2024-07-09,0.0016182385600096284,-0.0073981308230113285,3.132375280103675,3.4629964542768317
2024-07-10,0.004856960511903366,0.013605296646872489,3.147626109505029,3.5104335142301077
2024-07-11,-0.0024347132064571515,0.012399022104299107,3.139971864374168,3.5542304152462743
2024-07-12,-0.0009280012763574771,0.0006605051095238679,3.137059318108648,3.5565787780634133
2024-07-15,0.0006408435134983574,-0.0006322072327993311,3.139070326526144,3.554330993843489
2024-07-16,0.0030332572373628396,0.0011461741639280376,3.1486063896674437,3.558407211780275
2024-07-17,-0.0022265486210685604,-0.005696458580141339,3.1416036633006215,3.5381945175327383
2024-07-18,-0.0033294592522243732,0.006657561061775397,3.1311612154158555,3.5618288497911874
2024-07-19,-7.574110145785215e-05,-0.007872027779676216,3.13092406679762,3.53390010628733
2024-07-22,-0.0005246047973892878,0.0033644219644983764,3.129281999767697,3.545809660574264
2024-07-23,-0.00020984510372559165,-0.002235331079491587,3.1286254041559656,3.537892454123504
2024-07-24,0.001986678121807049,-0.006693246630506522,3.134847154058557,3.5142915388582687
2024-07-25,0.003026845099606988,-0.0031743815984182078,3.1443502257123406,3.5031535239734537
2024-07-26,-0.0018687950040357653,0.022344327207518333,3.1384795669570216,3.582310190454747
2024-07-29,-0.0002907138734631335,-0.004891119058859417,3.1375673000160798,3.564831464916618
2024-07-30,0.001658937747236198,0.008452765934196194,3.1427766486423985,3.5950918627410076
2024-07-31,-0.0033306092630590207,0.00781722383383432,3.1323266996332575,3.623305633539913
2024-08-01,6.916710818457845e-05,-0.0065722639611873745,3.132543361105798,3.5995703950666673
2024-08-02,-0.0030960139438229494,-0.02993199000314206,3.1228599608860947,3.4934245923024427
2024-08-05,-0.0017472005957025875,-0.02872368239791001,3.1174084619200793,3.3945079990698943
2024-08-06,0.0011603741700348283,0.006452525320263192,3.1210279217344543,3.416481965430286
2024-08-07,-0.0017315418311095719,0.01017507369257764,3.1156284074234444,3.4514223803923496
2024-08-08,0.0021691877420128985,-0.0032810567332504093,3.122394125777217,3.440116625306313
2024-08-09,0.0009629314909648447,0.005669299943045658,3.125402225472659,3.4596750672455525
2024-08-12,-0.0030772576226129225,0.0025180149067498547,3.1157993405039632,3.468397557709221
2024-08-13,0.0002247880205139392,0.003230243893371565,3.116499813596064,3.479619442694647
2024-08-14,-0.00020733068882778814,0.00998661276700652,3.1158537345213038,3.5145431491601085
2024-08-15,0.0007423358701035996,0.00674962131020429,3.118167603242053,3.5383452216197773
2024-08-16,0.00043780148100581616,-0.00214976335345618,3.119533040510196,3.5307467870748623
2024-08-19,-0.0009118911317988936,0.005146131773242857,3.1166896626177767,3.548963307404309
2024-08-20,0.0010857512521932548,-0.008129410935694636,3.1200754500505217,3.5202292798875483
2024-08-21,0.0006007224826653782,0.009532147248282996,3.1219503126006405,3.5539450603336458
2024-08-22,-0.001045381455485892,-0.003901461400179329,3.1186883889132244,3.5401064937326363
2024-08-23,0.002786090166159978,0.004010048491418061,3.1273894513087277,3.554330993843489
2024-08-27,-0.0010076315516859156,-0.0012939485025711406,3.124239782142688,3.54973484680643
2024-08-28,0.0023043767678150614,-0.004508720548527023,3.1314475091836016,3.533766110696903
2024-08-29,0.0010372989383598146,-0.001700830912653828,3.1346974416447457,3.527760880446039
2024-08-30,0.0004122637130716056,0.002630749287245493,3.13599003007674,3.537053753117382
2024-09-02,0.0011166869917491465,-0.005039590384113168,3.139493905351444,3.5192732917875986
2024-09-03,-0.0006752541831501833,-0.00822709088355289,3.1373746645525133,3.4904386856736154
2024-09-04,-0.0010905296098993004,0.0,3.1339551294744896,3.4904386856736154
2024-09-05,0.0020533657713588268,-0.002217869082365098,3.1403968970554814,3.482705927920689
2024-09-06,0.0025461710936232505,-0.013016314561886233,3.148403073078921,3.4376676838919527
2024-09-09,0.0038655343012446186,0.007626760530529353,3.1605968857689732,3.463986186987567
2024-09-10,0.0010828237974898484,0.0002517354819993045,3.1640211088717107,3.464858304986904
2024-09-11,0.00044102345330639006,-0.005767873317173766,3.16541682413644,3.4449309656519973
2024-09-12,-0.0012385829378038428,0.007688035810225813,3.161498619878403,3.471517787546057
2024-09-13,0.00024361697167666978,0.009598238863572917,3.1622689084220093,3.5049986661869266
2024-09-16,0.0001570213272581477,0.00163534854138625,3.16276549106917,3.510735250021763
2024-09-17,-0.0006733437247841146,0.0007164316415106953,3.1606365795978206,3.5132513530401326
2024-09-18,0.002986366159127943,-0.005232136814271371,3.170089505644258,3.4949175456168544
2024-09-19,-0.0009252922504914183,0.01559146006218981,3.1671576030338864,3.5498354254036437
2024-09-20,-0.0036944489851777275,-0.01575945830910186,3.1554782884416297,3.4943304549125744
2024-09-23,0.0011629043199208378,0.000638187026947179,3.1591499422519345,3.4965612030183046
2024-09-24,0.0023341066714195505,-0.0036044561894978955,3.166532347517205,3.4839806879264827
2024-09-25,0.0010595031193332933,-0.0007079611016820309,3.1698890763351883,3.481515038015517
2024-09-26,0.002682438462354107,0.01221109921656982,3.1784035233495667,3.5242887893277244
2024-09-27,0.001347049683106301,0.0108968543511061,3.1826878757784245,3.56290245260254
2024-09-30,-0.001856795405805428,-0.008861895703162759,3.1767837586176726,3.531467873369578
2024-10-01,-0.0010742252793111409,-0.00660030680390733,3.1733730094817205,3.5082358555000073
2024-10-02,-0.00039632679355043886,-0.006278348980210069,3.172115565927878,3.4862789252538002
2024-10-03,0.0004581825383318133,-0.002104869128315201,3.17356930690369,3.4789484818897494
2024-10-04,0.0003663139111867665,0.007684919401970802,3.174732042439023,3.5057869140856477
2024-10-07,0.0018014595424418777,-0.0022465487358740432,3.180456348276188,3.497919833124709
2024-10-08,-0.00024630613190019027,-0.01070292098134118,3.1796730788413585,3.460681508452904
2024-10-09,0.00036618989710876054,0.009224893837375348,3.1808376562141594,3.4927536314975445
2024-10-10,-0.002352888615060738,-0.0054899151558576165,3.1733622972986244,3.47363124855797
2024-10-11,-0.00103281119898408,0.0027246461645891173,3.1700865051081606,3.483108569927147
2024-10-14,-0.00021460404722612023,0.0025154504555082724,3.1694062647078893,3.491881185880633
2024-10-15,-0.0018406796403406941,-0.001095792068575463,3.163577768966823,3.488056905863263
2024-10-16,-0.0003941851696813859,0.008862031988959629,3.1623309792763097,3.5191055515863767
2024-10-17,-0.0027487773177214173,0.0057699416500476275,3.153650371603811,3.5394692775385326
2024-10-18,0.0015033927389311982,0.002305262201231173,3.158395112384359,3.547638094291122
2024-10-21,-0.003399972826620446,-0.011556094405117179,3.1476748893869453,3.5068772253936076
2024-10-22,0.001217644185964677,0.002059409255686262,3.151509971824388,3.514106762542859
2024-10-23,-0.001872114497343376,-0.005734815918520653,3.1456155035989064,3.494011683006726
2024-10-24,-0.0012212749056198773,-0.0018885305525238039,3.1417761872291994,3.4874193620515794
2024-10-25,0.0007635216560107745,0.0014083361696179963,3.144175917392882,3.4923342809944833
2024-10-28,0.0013004511431004145,0.0007297668671011337,3.148267424384616,3.4948838010060626
2024-10-29,0.0030110899668103815,-0.010241747982906446,3.157761427314257,3.45927275285668
2024-10-30,-0.0025052467825443293,0.003451318865863584,3.1498603568565384,3.4712324326334274
2024-10-31,-0.002969172688531997,-0.014853076878639015,3.140521748343696,3.420054962763393
2024-11-01,-0.0020647256962094333,0.004438573744147689,3.1340441219524426,3.4352688679674084
2024-11-04,-0.0014543196334417898,-0.0008987781802360928,3.1294895327708128,3.432182710358945
2024-11-05,-0.002686364919366196,-0.004472105060033371,3.1210938638386847,3.4168678989401338
2024-11-06,-0.0014634250058319308,0.003758231826431313,3.1165297174902955,3.4297334413270053
2024-11-07,-0.00025905103993821544,0.00918660442219732,3.1157224817881195,3.461386213868589
2024-11-08,0.0015250478704002747,-0.005710371564818573,3.120477732794804,3.44167674022473
2024-11-11,-0.0017084714394508943,0.00997062712248109,3.1151510372601385,3.476164060072939
2024-11-12,0.0007457201966556612,-0.014371565546735354,3.1174749346851858,3.4265634136179313
2024-11-13,-0.003159431122208025,-0.003363896692089696,3.1076410303057846,3.415056173719875
2024-11-14,-0.0002769279512342772,0.008003641496760139,3.106780556792173,3.442498732734247
2024-11-15,0.0007290392317601436,-0.0022537496154075853,3.109046347527357,3.43474893886713
2024-11-18,0.0036321202312708614,-0.003973347307574926,3.1203593102495644,3.4211285655747474
2024-11-19,-0.0002518611609922363,0.0015775041240164711,3.1195735118911694,3.4265296690071394
2024-11-20,-0.0010185605286411564,-0.008988899460957711,3.1163976551215073,3.3958669567938733
2024-11-21,0.00021679265456429664,0.005178008024024905,3.117073340481004,3.4134963864190397
2024-11-22,0.002660124643122515,0.011326276439181271,3.125376182489665,3.452378368492297
2024-11-25,0.001920983917249915,0.008110255313560799,3.1313857501649784,3.480491888311563
2024-11-26,0.0016579589099061675,-0.008742083967771208,3.136581765269341,3.4501977458763773
2024-11-27,0.004962020273539072,0.0015982588693770339,3.152184225426856,3.4557164640201736
2024-11-28,0.0006798470884524186,0.007794237868058218,3.154327957317152,3.4827563810280924
2024-11-29,-0.002116994973277117,0.00042368870978570783,3.147657324227101,3.4842322982283167
2024-12-02,0.00110648472265248,-0.00012036388650393803,3.151142086531094,3.4838129477252537
2024-12-03,0.00316006479191707,0.005933491854671402,3.161115649946695,3.504545571073072
2024-12-04,-0.0005294768303544676,0.005370210657931196,3.159442355476395,3.5234163437108075
2024-12-05,-0.0013920431093639317,-0.00019519022158043242,3.1550473352545456,3.5227286744093034
2024-12-06,-0.0012003568943030661,0.0027532234938885125,3.151262424510133,3.532440897583712
2024-12-09,-0.0035159728590944484,-0.00046067966370344493,3.1402021266013094,3.530813948678871
2024-12-10,-0.0015608710404240802,-0.0035885163165154665,3.135304499317465,3.5181662719830333
2024-12-11,0.0006925864670141555,-1.90901281733602e-05,3.137476720922474,3.51809911037903
2024-12-12,-0.002445141649736914,-0.0011688235572400174,3.1298145173211562,3.5139894754490366
2024-12-13,0.0017861725749893401,-0.002858670931876972,3.1354099018503625,3.503958480368782
2024-12-16,-0.00032460600859220384,-0.0036544501240172167,3.134392294126549,3.491176808082522
2024-12-17,0.0015450215615026466,-0.013062390000696311,3.1392387407713875,3.4458702452553385
2024-12-18,-0.0007614917818551875,0.002872756986082692,3.136849146212789,3.45578362562418
2024-12-19,0.0017042682602037792,-0.009882650659722714,3.142199736775482,3.4217995263796457
2024-12-20,-0.0027322486354172757,0.002511565728429588,3.133626183705401,3.4304044021319067
2024-12-23,0.002550509954935021,-0.0015463553321950485,3.141628729430141,3.4251038772967304
2024-12-24,1.9782254691095126e-05,0.007435904538867888,3.141690878544534,3.450667549486837
2024-12-27,0.0006038904113745663,-0.004033146212815808,3.1435886885185376,3.4367785297784277
2024-12-30,0.0015724331321780223,-0.004113130040876101,3.1485356598978536,3.42267164437898
2024-12-31,0.004230682604779844,0.010627196388821147,3.16188433203192,3.459239008245889
2025-01-02,-0.0012568489766483656,0.0008530497659915426,3.157912817264867,3.4621911702639188
2025-01-03,0.0023862904324559063,-0.002367060767575424,3.165457512744357,3.4540056450147225
2025-01-06,-0.0008124288950737428,0.0010338209170388524,3.162886847977439,3.4575783147302483
2025-01-07,-0.0006763992322743221,-0.012806765877428461,3.1607481971141365,3.413580256519648
2025-01-08,-0.0027086742329461306,-0.019761213120942145,3.152198344525945,3.3467859118215615
2025-01-09,0.0022931804853935298,0.002647847731651609,3.159435198790834,3.3556594339898473
2025-01-10,0.0006099438476633074,-0.013649232700364777,3.161362864676638,3.310168422464835
2025-01-13,0.0015443272492322315,-0.0007857590300464068,3.166248815275532,3.307568449345859
2025-01-14,0.0018336943124472166,0.002426277150478384,3.172060074127717,3.3156032705080185
2025-01-15,0.0006883663920871844,0.028296164021675452,3.174244365386522,3.410762090092049
2025-01-16,0.0024363629834796936,0.009500484560168942,3.181987405456836,3.4433203976261786
2025-01-17,-0.001266375677673594,0.0033897176798109996,3.177960364411501,3.4550120862220655
2025-01-20,0.0004115274884345662,-0.005389016229541355,3.1792684515970686,3.4364430493759803
2025-01-21,-0.00026290213012191224,0.005306421237074588,3.1784327250108775,3.454726731309437
2025-01-22,-0.0012279463863304218,-0.0007479326898103267,3.174532175355054,3.4521437943046482
2025-01-23,0.002804023220886802,-0.002914813194289323,3.183446128916059,3.4420960907277913
2025-01-24,-0.001995096735033665,-0.0001121279409534992,3.1771011774387174,3.441710157217943
2025-01-27,0.00010172045986190043,-0.00726872034832482,3.177424370068887,3.4167840288395173
2025-01-28,0.003015301512066611,0.010693983450824618,3.187019721745531,3.4535191329076547
2025-01-29,-0.0013584698757602876,-0.001399856445724268,3.182693190856389,3.448688084065362
2025-01-30,-0.001963410104740815,0.01186531914307487,3.1764503894803124,3.4898515949693336
2025-01-31,-0.003660208730728132,0.006964382247000245,3.1648451697516804,3.5142410857508724
2025-02-03,-0.0017101124174405936,-0.011458888547071666,3.159437553861027,3.474201630765647
2025-02-04,0.0021512728739149843,-0.0028284731230687754,3.1662416823118487,3.464388828994021
2025-02-05,0.001264543289530211,0.005292608308490543,3.1702480645722746,3.482773089524695
2025-02-06,0.0018373396245614558,0.010072886526485192,3.1760782413282542,3.5180319487750227
2025-02-07,0.0031651703539881575,-0.007912691638273017,3.186146996275999,3.490304690083188
2025-02-10,-0.0019756073600317825,0.008541927146296757,3.1798586345321866,3.5202463160017348
2025-02-11,0.0032621424187452555,-0.003178619700110019,3.1902487240314463,3.50907455650613
2025-02-12,0.0008100242814240469,-0.0018755523166671395,3.1928339498681884,3.502499271665163
2025-02-13,0.0021233656625065053,0.0017034695796471766,3.1996207066766633,3.508470757305239
2025-02-14,0.002493794411671699,-0.0001482034951560962,3.2076098604275463,3.50795082820496
2025-02-17,0.0018048249340172553,0.0012281088921017869,3.213404262049621,3.512261620329391
2025-02-18,0.001509455093027058,-0.002730714340009044,3.218258414119545,3.502683720362994
2025-02-19,0.0029302844684614597,-0.008357891107269921,3.2277026571674936,3.473530669960749
2025-02-20,0.0014521475280030883,-0.004598198660865194,3.2323931624307884,3.4575953508444384
2025-02-21,-0.0019372230678140613,5.334452401051237e-05,3.226137357233767,3.4577797995422705
2025-02-24,0.004557598660724863,-0.006301984565258323,3.240874353680675,3.436057443483711
2025-02-25,-0.000594584460007517,-0.001763852259969667,3.2389479529138727,3.43000208774303
2025-02-26,0.003016682128182501,0.007192258171437871,3.248733581962603,3.45476047592023
2025-02-27,0.0032436040371313047,-0.008836854509127079,3.2592882957268947,3.424365754887828
2025-02-28,-0.005343003006693393,-0.004334638349289932,3.241920348378462,3.409554491690264
2025-03-03,-0.0025591272101872136,0.002746362529462587,3.233634468633934,3.418931234462223
2025-03-04,0.0037195278592226586,-0.021412709819145448,3.2456844583703064,3.3465008845265123
2025-03-05,0.0008104057803789385,0.008842731303342788,3.24831584591848,3.3762243171364372
2025-03-06,0.00036462572873963085,0.001558842990604603,3.249500481412139,3.3814914249783987
2025-03-07,0.0002121957691414971,-0.0014892701151492105,3.250190084828994,3.3764592189416653
2025-03-10,0.0017939104939762667,-0.0126938257821827,3.2560258678007252,3.333869916327289
2025-03-11,0.0008952592248386035,-0.005296970122369515,3.2589421602192505,3.316257195198733
2025-03-12,0.0006964647495447623,0.005865395606004853,3.261212689134545,3.3357655116481584
2025-03-13,0.0008095834952900241,-0.010001341357977367,3.2638539821316424,3.302569660302337
2025-03-14,-0.00012489161179082614,0.01547246161416993,3.2634463796007624,3.3540659020782186
2025-03-17,0.0013353729924508117,0.001614091134594986,3.267807208777119,3.3594840416247957
2025-03-18,-8.826497658878066e-05,0.0034840742612480824,3.267518788579228,3.3712091472138934
2025-03-19,0.003252730012097023,0.0012232466136765652,3.278164449351931,3.375335490640498
2025-03-20,-0.0011043851312159683,-0.0012133341976472423,3.274546091674361,3.3712425642071038
2025-03-21,-0.0006879221384695808,-0.009322853362887074,3.272294233564787,3.3399590166787667
2025-03-24,0.0022171615472274704,0.0005472921702462941,3.279557487438865,3.341787450395628
2025-03-25,0.001196318821861765,0.0029470459435554375,3.283483231541042,3.3516503776570716
2025-03-26,-0.00055425421889633,0.0028985238963841198,3.281663851353433,3.3613793093280835
2025-03-27,-4.450989083674354e-05,-0.006232203005831494,3.2815177881043,3.340495654275647
2025-03-28,-0.0010081277203495625,-0.0024987240016702827,3.2782112660356106,3.3321590973218345
2025-03-31,0.0036952530347561033,-0.019802123898370994,3.2903474955746086,3.266824288944946
2025-04-01,0.002067616643341967,0.005907927279112712,3.2971577108499006,3.28618157368975
2025-04-02,-0.00283665594618928,0.0029917693471386286,3.2878180617721546,3.2960277924545913
2025-04-03,0.0001104533200560202,-0.022599957442343666,3.2881812322491406,3.222373135620493
2025-04-04,-0.005988439915607571,-0.044988523687196746,3.2685489984045164,3.080615957089305
2025-04-07,0.003494330680282505,-0.03322703733995702,3.279990367771729,2.9799380917438993
2025-04-08,-0.005070469862742025,0.0323444907182342,3.2634013680149714,3.0778983692589215
2025-04-09,0.01574441038420666,-0.02531052082949259,3.315188306034775,3.000972778500948
2025-04-10,0.002697382091526021,0.034435438275044916,3.324142706892512,3.106112467675404
2025-04-11,0.0044637579131511455,-0.00013501726606435227,3.339014041530912,3.1056931171723465
2025-04-14,-0.0005690256871201001,0.024730925077552257,3.337114597239175,3.1834574089364414
2025-04-15,-0.001503852779771005,0.01513375957538976,3.3320998398492265,3.2320014886942854
2025-04-16,-0.0031010364202085023,-0.00010897522497010925,3.3217828817891166,3.231649299795232
2025-04-17,-0.0014536655498317561,-0.000820483116847015,3.316957628451816,3.228998873568852
2025-04-22,0.005967481862220442,-0.0006132155756475299,3.336810690415629,3.2270194081473744
2025-04-23,-0.0027049765488965866,0.012649557922776111,3.3277968923022896,3.2680990489507318
2025-04-24,0.0018024718019664003,0.0010926980888452675,3.333800561460073,3.271672046283846
2025-04-25,0.0006405835266103098,0.005384200764304126,3.3359368233347806,3.2893348929022204
2025-04-28,0.0031600763545043768,0.0062833016876009395,3.3464953124397074,3.310067843867616
2025-04-29,0.0010510259071123756,0.003864073669632262,3.3500144147209956,3.3228829331470897
2025-04-30,-0.0031634547868362806,0.003773865856352643,3.3394335404673887,3.335446739742311
2025-05-01,-0.0011669157747454667,0.012514051155759987,3.3355389755468576,3.377448951652406
2025-05-02,0.003814833391108814,0.005225953368032776,3.3482878028731218,3.395145542881579
2025-05-06,-0.0006542362424431185,0.005518206794546288,3.346097948061653,3.413932445418706
2025-05-07,0.0019438055587995124,-0.0007618673490572547,3.3526084373661083,3.4113324722997294
2025-05-08,5.410780716119678e-05,0.0058929734569925785,3.352789844564653,3.431494713439864
2025-05-09,-0.00018495621198329898,0.002304655736947936,3.3521697825993497,3.4394122475081987
2025-05-12,0.001583106114286711,0.005980791713696476,3.357480825941682,3.460044292258797
2025-05-13,0.001644261243265419,0.006393261668634409,3.363005942661622,3.4822361243102304
2025-05-14,-0.0009010573627713755,0.002881262250816974,3.3599770462056,3.4922838278870874
2025-05-15,-0.0010680913202227936,0.0012097221950657655,3.3563901997671692,3.4965110775284867
2025-05-16,6.571323857232597e-05,0.006098002507732403,3.356610766284099,3.5178979531845904
2025-05-19,0.0016412376118343115,-0.0005342362907398979,3.3621242853818414,3.516019066360331
2025-05-20,-0.0007621147452659437,0.006434107971799108,3.3595629370331808,3.5387144466330214
2025-05-21,0.000348881457645937,-0.006978139163040353,3.3607352307315828,3.514106762542859
2025-05-22,-1.6140168221555654e-05,-0.007185763199146322,3.3606809883373527,3.4889457323592077
2025-05-23,0.0013102329667248553,-0.004384661862035344,3.3650871492772363,3.473681374047786
2025-05-27,0.00017786691124177848,0.011040462759282832,3.365685740167716,3.5122449118327843
2025-05-28,0.0018293086133027686,0.00036288150694296917,3.371848252932211,3.51351967183857
2025-05-29,-0.0020943210298848933,0.0024509185048220417,3.3647939098345336,3.52214158370502
2025-05-30,-0.001794885143788419,0.0014467560824904524,3.3587599080239006,3.5272409513457545
2025-06-02,-0.0022568934941112674,4.755450936677619e-05,3.351188092244049,3.527408691546984
2025-06-03,0.001429135592370512,-0.000532702550813724,3.3559808183353907,3.525530132340299
2025-06-04,8.141673827323699e-05,0.004803374316484366,3.3562540624704993,3.542505309657177
2025-06-05,-0.002710962592118238,-0.0023513397885661647,3.3471677052096904,3.53418546119996
2025-06-06,-0.0007300707587156983,0.004163267086882527,3.3447249277522957,3.5489298904110984
2025-06-09,-0.0011757890345749761,0.006059863505095464,3.3407945479601118,3.570501214765038
2025-06-10,-0.0016648494799402862,0.004855247376385208,3.3352372552059357,3.5878790340883615
2025-06-11,-0.0020405393854738252,0.0018216642900181768,3.32843851113836,3.5944209019361115
2025-06-12,-0.0016658061590716143,-0.0019526147393396087,3.322898593262139,3.587409230477905
2025-06-13,-0.0017514493563996153,-0.0100282061026018,3.317083798305474,3.5516137336306906
2025-06-16,-0.002541798529039612,0.005214625874010892,3.3086631459207987,3.570182442859193
2025-06-17,0.0006345011674228725,-0.002205982915558735,3.3107631627105927,3.5623153618982526
2025-06-18,-0.003360785816004267,0.002501972805251995,3.299655073243345,3.5712393371739393
2025-06-19,0.0002615417035936162,-0.010211553446479726,3.300518183517218,3.53495700060208
2025-06-20,0.0009660372716458966,0.0035289278140524516,3.30370814766229,3.5474536455932943
2025-06-23,0.00423814550051954,-0.0013011747893845182,3.3177394558437725,3.5428407900596204
2025-06-24,6.733126009828027e-05,0.009668520940428138,3.3179628509426644,3.5772609483038256
2025-06-25,-0.0008570819321704494,-0.0013231555492403402,3.3151203032536505,3.572530805676334
2025-06-26,0.0025552643758071517,0.008262290067282407,3.323602144123884,3.6021703681856447
2025-06-27,-0.0019306853417821088,0.011173854382729331,3.3171915046374814,3.642646209788112
2025-06-30,-0.00046310383831947056,-0.0041391133001997815,3.3156556561753514,3.6276000447853223
2025-07-01,0.002707689018936499,0.00539082629953036,3.3246455860608366,3.6472086122143863
2025-07-02,0.0007386718843878553,-0.013459840343395868,3.327102315527599,3.5984466667654957
2025-07-03,0.001134594666397011,0.011590862339158292,3.3308793703773123,3.6403984255681916
2025-07-04,-0.0001340775333185681,-0.0067175085099933085,3.3304328042254636,3.616025970900844
2025-07-07,-0.0007693866728192553,-0.000872511107900209,3.327871399093012,3.6128723240707883
2025-07-08,-0.0007469798478973402,0.002003665752258854,3.3253864744313626,3.620118569716652
2025-07-09,0.0016989224069074542,-0.000639580840624987,3.331040849836902,3.6178039515103015
2025-07-10,0.0006243825962416285,0.005861838740583991,3.3331213432152476,3.639073212455004
2025-07-11,0.0007709515149985976,-0.0037590529855862087,3.3356920089664746,3.6254194221694065
2025-07-14,0.00025100817687251305,0.005145598999360956,3.3365294000278585,3.6441224546059217
2025-07-15,-0.002871697185376729,-0.001580124415568207,3.326961642367401,3.6383688346568914
2025-07-16,0.001710049601854053,-0.004093084803360014,3.3326557790397904,3.623507118351932
2025-07-17,-3.253827493756786e-05,0.007586222469454285,3.3325473419339677,3.651100381453336
2025-07-18,-0.0009977157816953735,0.006041529578020288,3.329224064976283,3.6732253795183443
2025-07-21,0.003528743780236894,0.005201429907382149,3.3409927958945485,3.692381179451136
2025-07-22,-2.701174345916816e-05,-0.0035588165642881364,3.3409025510730874,3.6792640267624224
2025-07-23,0.002608102997753079,0.003604244266108836,3.3496273416623397,3.6925489196523613
2025-07-24,-0.0037464025014109447,0.006425375210678652,3.3371017669831513,3.716351319729616
2025-07-25,0.0032766961229430346,-0.001689520081654905,3.3480543697808534,3.710077770680308
2025-07-28,0.0015695641456381863,-0.007542580349033656,3.3533134820546744,3.6821994802838502
2025-07-29,-0.0002207800009525352,-0.0072557882958630415,3.3525732192215334,3.6555789137789994
2025-07-30,-0.0042131434892569266,-0.0007574071469242938,3.338478060503566,3.6528112004587943
2025-07-31,-0.0005628586842396771,0.008514167777212478,3.3365994978673106,3.684044622497318
2025-08-01,0.0003079661531764209,-0.012070110673500167,3.3376272158224087,3.639845079474701
2025-08-04,0.0024873634634293646,0.00735557169466361,3.345939441290929,3.666716928663809
2025-08-05,-0.0002956097995189508,0.0019286140500511806,3.344950494981798,3.6737954341084453
2025-08-06,0.0002838647604310597,0.0011043805524586503,3.3459001433321838,3.6778549435486245
2025-08-07,-0.0013429216318546996,0.0005562292114049683,3.341409877364154,3.6799012429565305
2025-08-08,0.0012121448009672407,0.0009340110694040504,3.345462605725487,3.6833399170816294
2025-08-11,-0.00038759023715188433,-0.0031517747492699755,3.344166188336342,3.671749134700539
2025-08-12,0.0012213006958524907,-0.0021403359516511955,3.34825291588283,3.6638987622362094
2025-08-13,-0.0012351930899003325,0.0004073936869026795,3.3441197301846004,3.6653917155506237
2025-08-14,-0.0009287846882269552,-0.002286214957377908,3.3410152049245445,3.6570214139860093
2025-08-15,0.0011032564181950276,-0.0019972504996808027,3.3447032354402517,3.6497247152327477
2025-08-18,0.00035144753377052513,-0.0003953134710830142,3.345878929728869,3.648282215025739
2025-08-19,-0.00020051531162164446,0.003841014435987944,3.3452080970309876,3.662322266438763
2025-08-20,0.0001311555396275088,0.002406248666240174,3.3456468683771377,3.6711453354996486
2025-08-21,0.000957139459559836,-0.0031164255046984835,3.3488506520018912,3.659722293319788
2025-08-22,0.0018563198810076606,0.011819180187822909,3.355072963559252,3.703233839423323
2025-08-26,-0.0002762618885299519,-0.009832026096342261,3.354146212785037,3.6670019559588574
2025-08-27,-0.0012901388227537288,-0.002574038995163619,3.349821688756733,3.65757508769708
2025-08-28,0.0007917867450085072,-0.0027830302114253413,3.3524750834907984,3.6474100970264014
2025-08-29,-0.0012528726569666702,-0.006399138476284705,3.3482774892001634,3.6241443345460342
2025-09-01,0.0033855523472950777,0.0012951153311835384,3.359632468505678,3.6288410601803203
2025-09-02,0.0009106520810462572,-0.022002580841032682,3.362693318277754,3.549869170014442
2025-09-03,0.00010872779589721606,0.007072221715031191,3.3630589563876816,3.575063617191309
2025-09-04,-0.0010240704190758814,0.007553572848273404,3.359616710044994,3.6021703681856447
2025-09-05,0.0016840167248698395,0.0046829500115137535,3.3652791272383134,3.619078711516096
2025-09-08,0.00041619261873513893,0.00503930793655627,3.366680023072085,3.637362393449546
2025-09-09,0.00157204379158524,-0.004057230542425572,3.3719767537560754,3.622634672735016
2025-09-10,0.0021442340891764345,-0.0029027820041331864,3.379214818538785,3.61213420166189
2025-09-11,0.0016290361605040518,0.007388834387203502,3.3847241679186024,3.638922508367965
2025-09-12,0.00024503689504833776,-0.003157973629239308,3.3855536518422364,3.6274490130807053
2025-09-15,-0.0002186809419745979,0.000979812370401234,3.384813376725526,3.63100497429963
2025-09-16,0.0031307568975930955,-0.007172242053249178,3.3954270102356867,3.6050556962172524
2025-09-17,-0.00033017947455339473,0.005933459473226321,3.3943060949913493,3.6265097334773633
2025-09-18,0.001269494913880303,0.004900102401231621,3.398617885634159,3.6443236118003615
2025-09-19,0.0025299948418491904,-0.006284069176588858,3.407227257595265,3.6214942359372415
2025-09-22,-0.0005615378048086897,0.0003241731239480572,3.4053145077714806,3.6226684173458104
2025-09-23,0.0032583511156973376,0.004550470554374186,3.416428314606827,3.639190827166406
2025-09-24,-0.0004457974690365612,-0.00022589784246562772,3.414905618943185,3.6383688346568914
2025-09-25,0.0018804479552803782,-0.00474600017407667,3.4213332127155422,3.6211420470381843
2025-09-26,-0.0001953759968915265,0.004330985873183479,3.4206648316233466,3.6368591728458735
2025-09-29,-0.0006896237252138745,0.00849642293173325,3.4183066732139062,3.667891110072383
2025-09-30,-0.002749468197441713,0.006795489936463284,3.408921056366924,3.692901108551418
2025-10-01,3.519821305894108e-05,0.0015476856886706969,3.409041046408272,3.698620983889651
2025-10-02,-0.00018380812175369367,-0.0001087800758501345,3.4084144945609736,3.698218669500774
2025-10-03,0.00022223292511528716,0.0067939764774482825,3.4091720406568298,3.7234298251742497
2025-10-06,0.0004903752787602958,-0.0044201589086227955,3.4108442243118633,3.707007993950865
2025-10-07,-0.0012121800194572724,-0.004394244925830293,3.4067121719952627,3.690754230546295
2025-10-08,0.0004891600494743222,0.0017709325914694318,3.4083790071312032,3.697296098394045
2025-10-09,0.0009777271552709635,0.0004989272989615046,3.411713101493626,3.6991412406075126
2025-10-10,0.0019181428695425403,-0.011447042356413917,3.4182635349774184,3.6570384501002
2025-10-13,0.00037840263117023474,0.011968382147703238,3.4195572596520605,3.7010702529215878
2025-10-14,-0.0013603763665249998,-0.00163753792900323,3.4149085374948487,3.6950145695633236
2025-10-15,0.003256052928569695,-0.00032687172260814634,3.426045782328842,3.6938069711615453
2025-10-16,-0.0017286731211582764,-0.001345057918900494,3.420128385169366,3.688841926728816
2025-10-17,-0.0015945355670065559,-0.009521636538936562,3.4146792144183338,3.653884803270144
2025-10-20,-0.0019785815121846893,0.0039173961646312705,3.4079296727157753,3.6682265904748315
2025-10-21,-0.0001245276664549646,0.001818350884766673,3.407505317608713,3.6749027815305895
2025-10-22,-0.0019973906877599743,0.014568170113179235,3.4007059909352515,3.728831256224219
2025-10-23,0.0008649895469458335,0.0059025093735805,3.4036488386524155,3.750905801181827
2025-10-24,0.0005018963185114456,0.007467092592628788,3.4053575462351953,3.779018993383514
2025-10-27,0.0008702094093272683,-0.0007770784463136948,3.4083222101661907,3.776083539862091
2025-10-28,0.00197973229227367,-0.0012179143849539997,3.4150764593046787,3.7714873928250285
2025-10-29,-0.003267935090828833,-0.001593453071214057,3.403934426740902,3.765482490191742
2025-10-30,0.00021486603907724112,-0.007691554176011195,3.4046658952295092,3.736631175581153
2025-10-31,-0.002205635783362538,-0.004738239506439257,3.3971647177742983,3.7189680013451962
2025-11-03,-0.0028479458622604086,-0.0028048685539090457,3.387503540358005,3.708551400372681
2025-11-04,-0.0012403378745783145,-0.005142373074667361,3.3833044960717946,3.689529596030325
2025-11-05,0.0026359708924103796,0.004486313447271684,3.3922345527575897,3.7061191674549248
2025-11-06,-0.001028213727701213,-0.008609279162905992,3.388748403183423,3.6743491078195194
2025-11-07,0.0009801543308379174,-0.006025862046570296,3.3920715279284344,3.6522745628619058
2025-11-10,-0.0003876242169399285,0.008911481502922314,3.3907569336593646,3.6849671936040496
2025-11-11,0.0004984353485150132,0.0082324587215723,3.3924474280394015,3.7154287486228776
2025-11-12,0.0009724335453426514,-0.0006593448609280017,3.3957479622342333,3.712979807208517
2025-11-13,0.000680047917052642,-0.006335767601362008,3.398058018948388,3.689529596030325
2025-11-14,0.00010886354721923542,-0.008029256452767086,3.398427963734373,3.66002402911144
2025-11-17,-0.0022195294140185074,-0.006054111176506893,3.3908934175739796,3.6379327756572257
2025-11-18,0.0006777853941068565,-0.012205353336346647,3.393192494657803,3.5938003942386163
2025-11-19,-0.001429696448500406,-0.000588349457876447,3.3883447256439334,3.5916866056091217
2025-11-20,0.0009516049694489825,-0.0012991140552465197,3.3915706259710183,3.587023624585636
2025-11-21,0.00030724318789812817,-0.0009825067631794582,3.3926128230378993,3.583501080359924
2025-11-24,0.001194857946298099,0.002253617260057794,3.3966689361851605,3.5915860270119073
2025-11-25,-0.0013816097164555986,0.009565751030242708,3.391979305744817,3.626107091470908
2025-11-26,-0.0010511463846976524,0.012325753050655308,3.388415712217961,3.6710781738956446
2025-11-27,-0.0022508697806793,0.009368602075094046,3.380797406810119,3.705632655347858
2025-11-28,-0.0035212908439497836,0.003330536988819688,3.368913571356212,3.7179949771310605
2025-12-01,0.0013799285812711199,-0.006540571550690544,3.3735656405045424,3.6937565180541414
2025-12-02,0.0018439599646615204,-0.0017589479470441205,3.3797920993899826,3.687265103313792
2025-12-03,0.005758054702569653,0.0008866962055140704,3.399309263706887,3.6905360372376657
2025-12-04,0.002924010343833066,0.003153896766015407,3.4092634250990876,3.7021939812227638
2025-12-05,0.000449960452143458,-0.00031720856729222646,3.4107978039903433,3.701019799814189
2025-12-08,0.004148724614563356,-0.006488518521500453,3.424977658612474,3.6770834041465053
2025-12-09,0.00042237537710605586,-0.000556744728836378,3.426424590395278,3.6750367771210244
2025-12-10,-0.0030572151368427817,-0.0035710797675498895,3.415965269615733,3.661936332928915
2025-12-11,0.0020281823121828806,0.0009660308542454032,3.422900500533585,3.6654755856512313
2025-12-12,-0.0032104307308436584,0.0011205456828715654,3.411929136403696,3.6695852205812307
2025-12-15,-0.0016123541327175295,0.007858730053238006,3.4064323309494022,3.6985371137890386
2025-12-16,-0.004392626110356323,-0.00037192931716312216,3.391501963118082,3.697161775186033
2025-12-17,-0.00011895268286894701,0.005601124862554485,3.3910985588540994,3.717928143144635
2025-12-18,-0.0008921410962967559,0.0072285044357691675,3.3880745695812755,3.744900570930963
2025-12-19,0.00269886217695797,-0.0005779965331473846,3.3972308661232784,3.742736656811656
2025-12-22,-0.006016309396543771,0.001343622744975903,3.376853434074204,3.7477688628483845
2025-12-23,0.0026661231612050617,0.00030879551335516453,3.3858685535961484,3.748926335760348
2025-12-24,0.000502026076204804,-0.001571714952611103,3.3875687746425966,3.743038720220894
2025-12-29,0.0006150504668394323,0.004159032872232515,3.3896529412670175,3.758638558934756
2025-12-30,-0.0003018531774486386,0.006711795195746717,3.388629918165403,3.783950620823031
2025-12-31,0.0004856570107191903,-0.003908614509224861,3.3902760297323495,3.769189483115283
2026-01-02,0.0005978096083219899,-0.0027273509721315037,3.392303375240722,3.7589235862298094
2026-01-05,0.0008804450479311792,0.008208421666337173,3.395291427163268,3.78990539796649
2026-01-06,0.0015691415633711319,0.008725251190250916,3.4006233022007395,3.823117957808913
2026-01-07,0.0037307108152490123,0.00389293825928938,3.4133337390728005,3.8380301272212773
2026-01-08,-0.0017960537230276522,0.0005024785233853635,3.407208710389602,3.8399591395353547
2026-01-09,0.0009586199332482566,0.00629232760294407,3.410476494607418,3.8641975986122774
2026-01-12,0.0015629264273825509,4.323914618353797e-06,3.4158109860737547,3.8642143071088855
2026-01-13,0.0013538892729986498,-0.004563980074458129,3.420438747958081,3.8466182944769343
2026-01-14,0.0015646878706418012,0.001102687702053018,3.4257948562053318,3.8508622526149434
2026-01-15,0.002304110600471445,0.013958620115047893,3.433697367081943,3.9049918845030107
2026-01-16,0.0012819697723499804,0.0013479051977771661,3.4381020860689953,3.9102589923449673
2026-01-19,0.0005891194484998314,-0.00859918464477083,3.440128135607823,3.876778113704103
2026-01-20,0.0016683241924005138,-0.00668122254770509,3.4458721747288443,3.8509628312121613
2026-01-21,0.00315386459411227,0.004927333830330838,3.456757144814833,3.869984635554519
2026-01-22,0.0010566388927676742,0.01290222073595615,3.4604116192467917,3.9202395343178145
2026-01-23,0.0038561251166803006,-0.0022875238159443256,3.4737811601503075,3.911282142048922
2026-01-26,0.001424996888859574,0.001465601529236693,3.4787348161300327,3.9170187258837625
2026-01-27,4.228394671144237e-05,0.00223719477787121,3.4788819138775358,3.925791669454828
2026-01-28,-4.732850688492912e-05,-0.000572732370963891,3.4787172674871876,3.923543885234907
2026-01-29,0.0005505163569636271,-0.005237981874564923,3.4806328854853317,3.90304616369232
2026-01-30,0.0009137395441869457,-0.0006448589808609739,3.483814730859186,3.9005300606739537
2026-02-02,-0.0006806252616238355,0.007399394025400241,3.4814443653033904,3.929498662378371
2026-02-03,0.00032592761357722906,-0.005809493451190306,3.4825792490921113,3.906736448119257
2026-02-04,0.003790555778358875,0.0018359303230646162,3.495805211025339,3.913915532161114
2026-02-05,-0.0028237380308933427,-0.009897395845074541,3.4859478966888298,3.875369030490301
2026-02-06,0.0005850616425547261,0.004512945030558768,3.487987987822468,3.8928978815182482
2026-02-09,0.002558247071368977,0.005675872076050581,3.496922546408674,3.9150562965764664
2026-02-10,-0.0005748982426896205,0.005524590539002006,3.494912749551617,3.9367452356418107
2026-02-11,0.0012613348417588963,-0.002252315314716924,3.49932378608375,3.9278884219701338
2026-02-12,-1.9850266483958023e-05,-0.00477297225799056,3.499254324263503,3.9091853895336146
2026-02-13,0.005117358239707534,0.00523411252676631,3.5172071585768174,3.9297001471903843
2026-02-16,0.0007774453376187063,-0.0022135770311582093,3.5199426580965834,3.921011073719935
2026-02-17,-0.0017124768107700129,0.007683642486055575,3.5139199962255763,3.9512547630477144
2026-02-18,-0.00014135272079410889,0.0055289524548083335,3.5134233291769035,3.9731615678041012
2026-02-19,0.00032608278965843765,-0.004777860489143748,3.5145691828687635,3.9542236335623575
2026-02-20,-0.00012094078155847461,0.007526680414260412,3.5141441538271363,3.984098097876899
2026-02-23,0.0010273328338398762,-0.008664230109907578,3.5177562045706887,3.9497280651225126
2026-02-24,0.001678628981622036,-0.0019426766401444695,3.5236661710186854,3.9420624689735866
2026-02-25,0.0007466022511894332,0.005766093357209456,3.5262979304309106,3.9648584278434953
2026-02-26,-0.00031009039082319743,0.003467347931358944,3.525204628847422,3.978629832840498
2026-02-27,-0.006617200407880203,0.0016091948227412445,3.501954653052034,3.98503737748024
2026-03-02,0.0036005361976919623,-0.01414156509374287,3.514586294237452,3.929079311875311
2026-03-03,0.003664665166891559,-0.031634693646850565,3.5274897051053316,3.8067295435787463
2026-03-04,-0.00012119134690332306,0.008883410445010398,3.527062229780461,3.8406969343266772
2026-03-05,-0.00017742780256084772,-0.008619060646733345,3.5264364863933144,3.807735984786091
2026-03-06,-0.00023264523163228428,-0.008813947938039135,3.525616173184779,3.7743222677492367
2026-03-09,0.0014972747954338913,-0.01806813836690324,3.530898943311619,3.706739675152423
2026-03-10,0.002309329880735317,0.017681448850581205,3.5390623761489874,3.7728630590456143
2026-03-11,-0.0012912191495797465,-0.004947239469544229,3.534495620013326,3.7542438967097116
2026-03-12,0.00100865239154354,-0.009544474812326342,3.5380624960399643,3.7185820678353516
2026-03-13,-0.004870927543210954,-0.004412306127198562,3.5208707538345467,3.7022106897193683
2026-03-16,0.0035911385831968717,-0.002204384739989962,3.533537418907191,3.694058581463379
2026-03-17,-0.000340073802085448,0.007423827424474894,3.5323359597063106,3.7215846829607795
2026-03-18,0.0005868501385346092,-0.004779997408277836,3.534409519928657,3.7038379662417924
2026-03-19,0.0037635840953004276,-0.023868741977214114,3.547736630503781,3.616478738397115
2026-03-20,0.0015585248938541935,-0.010162783846423551,3.553270177324413,3.5799113745302042
2026-03-23,0.0008813781393743452,-0.00447540977139127,3.556403332526422,3.5639256023064907
2026-03-24,0.0010699699547772122,-0.005233230252818188,3.560210613714309,3.5453234760847785
2026-03-25,0.00023958901620595358,0.015944428316190695,3.5610637032640966,3.602304691393654
2026-03-26,0.0015846324062340504,-0.008388811469677293,3.566711153593598,3.572212033770494
2026-03-27,0.0005955746745046158,-0.015679060883650564,3.5688360291261687,3.5166399016754077
2026-03-30,-0.0026178160919540245,-0.0004914576944425875,3.559505690623085,3.5149120465557697
