,strategy_log,benchmark_log,strategy_eq,benchmark_eq
2009-07-02,0.0,-0.017835681297325934,1.0,0.9823224330451674
2009-07-03,0.0,0.0004067520902122368,1.0,0.9827220760203687
2009-07-06,0.0,-0.007702093953463773,1.0,0.9751821322123566
2009-07-07,0.0,-0.00025956900683787865,1.0,0.9749290380039395
2009-07-08,0.0,-0.01676893329780249,1.0,0.9587168286248451
2009-07-09,0.0,0.005155677885843701,1.0,0.9636724275357648
2009-07-10,0.0,-0.006880138385554346,1.0,0.9570649840032242
2009-07-13,0.0,0.013053991479536009,1.0,0.9696404032803511
2009-07-14,0.0,0.01801290288699775,1.0,0.9872646975143693
2009-07-15,0.0,0.02151793690967807,1.0,1.008738807687559
2009-07-16,0.0,-0.002406351270744622,1.0,1.0063143459989723
2009-07-17,0.0,0.0035150942900230575,1.0,1.0098578600549695
2009-07-20,0.0,-1.3204362991459107e-05,1.0,1.0098445256132522
2009-07-21,0.0,0.021145196042708037,1.0,1.0314252462741293
2009-07-22,0.0,0.0066294886265065855,1.0,1.0382857840150888
2009-07-23,0.0,0.011874167295854221,1.0,1.0506880506880516
2009-07-24,0.0,0.006470514274221628,1.0,1.0575085851038553
2009-07-27,0.0,-0.007777318261863897,1.0,1.0493159041122249
2009-07-28,0.0,-0.018670297913130796,1.0,1.0299066159775765
2009-07-29,0.0,0.004053227063492315,1.0,1.0340895327754733
2009-07-30,0.0,0.021915613232955877,1.0,1.057002396687023
2009-07-31,0.004762351370932559,0.008208586242242077,1.0047737093893563,1.0657146005372027
2009-08-03,-0.008038101697171302,0.019582038668358948,0.9967296090902273,1.0867891327812493
2009-08-04,0.004804996634142695,0.010280115615554308,1.0015304162013148,1.0980190743659868
2009-08-05,-0.00045607198462983107,0.0028590705461688515,1.0010737503808897,1.1011628804007265
2009-08-06,0.007210502527116412,0.013398664156154538,1.0083180814346764,1.1160162776457132
2009-08-07,0.004796087752236241,0.0052265289902315715,1.0131656788945884,1.1218644385530072
2009-08-10,-0.0001254441979295053,-5.937360844932016e-05,1.013038591110009,1.1217978313904726
2009-08-11,-0.0005998547936974566,-0.014147799415475504,1.012431097277191,1.106038602753451
2009-08-12,-0.004388119108675372,0.005908318026941473,1.007998162269648,1.1125927735651786
2009-08-13,0.003191196405005651,0.015657593761075006,1.0112200204382258,1.1301503955906054
2009-08-14,0.008005554289581045,0.003776540195424616,1.0193478878436482,1.134426523388415
2009-08-17,0.005825099853800981,-0.028793131807514527,1.025303018853475,1.1022285950012636
2009-08-18,0.00499979664096125,0.009670209043754596,1.030442162072936,1.112939078773507
2009-08-19,-0.0029843853129298023,0.0018893869669192043,1.027371509902319,1.1150438390911448
2009-08-20,-0.0006339825258381113,0.019063817616006062,1.0267203807415612,1.1365047449147314
2009-08-21,-0.003266583803134878,0.01712972732754281,1.0233719844614508,1.156140458374362
2009-08-24,-0.00029263442632054327,0.017486963473217543,1.023072554401774,1.1765356495974113
2009-08-25,0.0008807174039321215,0.003266820716449459,1.0239739891022681,1.1803854655365829
2009-08-26,-0.0029620284472256274,-0.008796203776755718,1.0209454365609973,1.1700480859482174
2009-08-27,-0.0017486813912927258,-0.009368410836749774,1.019161688332766,1.1591377806883734
2009-08-28,0.0,0.013265965789379663,1.019161688332766,1.1746173112795977
2009-09-01,0.002115943652273824,-0.022688079183470933,1.0213204601521577,1.1482675437997383
2009-09-02,0.007505339974288998,-0.011645654412914652,1.0290146550848143,1.13497278017646
2009-09-03,0.00024573246701833137,0.009915514862637309,1.0292675484653908,1.1462825983193927
2009-09-04,0.0015475210075580653,0.016264899396517762,1.0308615947109436,1.165079217641636
2009-09-07,7.948132971393753e-05,0.02155894985745732,1.03094353221745,1.1904698159625895
2009-09-08,0.000167989287655375,0.010995092433910614,1.0311167342346748,1.2036313652608015
2009-09-09,-0.00023986387849169203,0.011203899634182335,1.0308694362357378,1.217192557534213
2009-09-10,-0.0006075292826264606,-0.0012483754588394902,1.0302433430708826,1.2156739922837172
2009-09-11,-0.0020486819038375405,0.008967223404235725,1.0281348627176146,1.2266242358226582
2009-09-14,-0.004146046637003775,-0.009252237869070257,1.0238809920942165,1.2153275569832742
2009-09-15,-0.004370621953281299,0.004494994403707153,1.0194157603805267,1.2208027437988014
2009-09-16,0.0011687876995781997,0.01526879447693652,1.020607937547304,1.2395859636332696
2009-09-17,-0.005727246835394464,0.0063097823800397634,1.014779370719334,1.2474322093244576
2009-09-18,0.00014989692093278083,-0.006127084536840854,1.0149314944235834,1.2398124540043063
2009-09-21,-0.00032004595675522466,-0.009305124739123372,1.0146067216762842,1.228329353165097
2009-09-22,0.0005154279913411085,0.0030320444474440933,1.015129813177259,1.2320593542669762
2009-09-23,0.0017527908352009207,-0.0034334172133512197,1.0169106837011581,1.2278364341439252
2009-09-24,-0.002089688273403269,-0.013544718267752387,1.014787876145846,1.2113178578355972
2009-09-25,-0.00221258885199527,-0.003591574439662182,1.012545049945059,1.2069751228752539
2009-09-28,-0.0007968032118689096,0.011958583672054601,1.0117385721418217,1.2214954843075743
2009-09-29,-0.001064327201780989,0.0050257618702964635,1.0106623241000308,1.227649882051985
2009-09-30,-0.004196959024590528,-0.007985684262477477,1.0064295044366642,1.2178852980429853
2009-10-01,-0.0002318829038739423,-0.008568373983461441,1.0061961576962366,1.2074945806877468
2009-10-02,0.001072314715096112,-0.018292322862430765,1.0072756953410154,1.1856074930976384
2009-10-05,0.0012251552858559551,0.009226963267442656,1.0085105207554619,1.1965976749156781
2009-10-06,0.0006107930614449458,0.024055691553039438,1.0091267001438247,1.2257316738262856
2009-10-07,0.0008448578032974254,0.0027350507087628984,1.0099796289620069,1.2290887008364018
2009-10-08,0.004212695378025953,0.01580695003103294,1.014243340029187,1.2486712066212715
2009-10-09,0.0035792394328271757,0.00041592197391082664,1.017880064257192,1.249190664433766
2009-10-12,0.002613927395366182,0.008791058268309726,1.0205442092662398,1.2602207845309032
2009-10-13,0.0003689533087732109,-0.00756544381683355,1.0209208118991195,1.2507226291720388
2009-10-14,0.0012837337166915308,0.016112255326344638,1.0222322439520979,1.2710378137447784
2009-10-15,0.0023879288965691363,-0.0058970143689975885,1.0246761786762928,1.2635645421453565
2009-10-16,0.0008540680262781739,-0.006239642776575849,1.025551695660101,1.255704896966396
2009-10-19,0.0029391676157689913,0.01269196233748815,1.028570398055303,1.2717438236492111
2009-10-20,0.007040592671525613,-0.006336397322160181,1.03583769628539,1.2637110258660862
2009-10-21,0.0027122617822833684,-0.006907391853328448,1.038650972728139,1.2550121564576224
2009-10-22,-0.0017488360352555423,-0.010896602168189773,1.0368361298728177,1.2414110259051134
2009-10-23,0.002437103202092852,0.0005149286733274749,1.0393660881574767,1.2420504286470113
2009-10-26,0.003094931260410616,-0.014868137119737668,1.0425878377298046,1.2237200594625044
2009-10-27,0.001302908236128661,-0.004888843518335406,1.0439471193277754,1.2177520837179192
2009-10-28,0.002317546740845459,-0.032441625684922926,1.0463693212707559,1.1788801696817472
2009-10-29,0.001901017547784272,0.012677131598570313,1.048360379630777,1.193920119018675
2009-10-30,0.00014094908056800672,-0.008583616881990608,1.04850815547658,1.1837158236632617
2009-11-02,-0.00298596531522829,0.003606061702996044,1.0453820160862064,1.1879920815531853
2009-11-03,0.0012861870659882759,-0.01824139271827896,1.0467274379609448,1.1665179063339386
2009-11-04,-2.092461931110475e-05,0.026605091496717748,1.0467055358169308,1.1979697564454468
2009-11-05,0.0025946388168500123,0.0030644868472204934,1.0494248849688175,1.2016465498725692
2009-11-06,-0.0008388982594779162,0.006882804449501734,1.0485448934226604,1.2099457763058286
2009-11-09,0.006745079109530233,0.01311448363367873,1.055641317745472,1.2259180958261116
2009-11-10,0.0006159902834214199,-0.008906563179065685,1.0562917828595084,1.2150478589374785
2009-11-11,0.0005060076349985785,0.011511127086876627,1.0568264098176756,1.2291152396277236
2009-11-12,0.0016198452169058663,0.007482910473035176,1.0585396922742918,1.238347096428568
2009-11-13,0.002519651464820508,0.008334431652984975,1.0612102063299824,1.248711144900369
2009-11-16,-0.0031433728571895977,0.015833490473609046,1.0578796642817352,1.2686399558935695
2009-11-17,0.0036005165178995212,-0.012904045406617826,1.0616954427514134,1.2523745388397167
2009-11-18,0.0002869289008474618,0.003175335938252033,1.0620001175657514,1.2563575691039566
2009-11-19,0.001499557900452844,-0.02080632360043566,1.063593842875371,1.2304874512496073
2009-11-20,-0.0011243409875951879,-0.007530887421909327,1.0623986727389636,1.2212555944487624
2009-11-23,-0.004396965931711699,0.01111863847411243,1.0577375967746445,1.2349100627681442
2009-11-24,0.001260126039874584,-0.009636188551169766,1.0590713196166492,1.2230673873249427
2009-11-25,-0.00039878084030479276,-0.001133434147604362,1.058649066464699,1.2216819063073996
2009-11-26,-0.0037584362624632542,-0.0321666404439096,1.0546776692207258,1.1830098137588296
2009-11-27,0.0005170519721195979,0.016860604865229334,1.055223133394058,1.2031251768439677
2009-11-30,0.0004328141549110216,-0.012601864485086267,1.05567994775351,1.1880586887157198
2009-12-01,-0.0006830913348966355,0.024007491811273596,1.0549590681701049,1.2169261288840798
2009-12-02,0.0031748925621798273,0.003704135151101795,1.0583137724639626,1.2214421465407015
2009-12-03,-0.00212736073588257,0.0007413332466210676,1.0560647503870024,1.2223479779327344
2009-12-04,0.0021502316074958677,0.0021990445865505137,1.058337977299171,1.2250389333175147
2009-12-07,-0.005083270127339719,-0.0024715375228456793,1.0529718098688146,1.222014942120067
2009-12-08,0.007268622999193572,-0.015545407890694918,1.0606533482670781,1.203165115123065
2009-12-09,-0.002447591785797226,-0.012511770278209156,1.0580604762847916,1.188205172436448
2009-12-10,-0.003758784227604792,0.004374029965996229,1.0540909202805713,1.193413800509727
2009-12-11,0.002612328952460421,0.004688452613981653,1.0568481523407094,1.199022201650323
2009-12-14,-0.00040341971841004274,0.0041133865549003445,1.0564218849448075,1.2039644010734694
2009-12-15,0.0030287203150866737,-0.0012067086934468563,1.05962634162098,1.2025124429855059
2009-12-16,-0.0007230393710969882,0.012604537683616357,1.0588604669694655,1.2177654832056948
2009-12-17,0.0037463785174756494,-0.009231443054478206,1.0628347991037606,1.2065754799000525
2009-12-18,0.000496355738807421,-0.006457617350989153,1.0633624742021481,1.198808980674946
2009-12-21,-0.0006012358832139331,0.011127884867155657,1.0627233346818548,1.2122236892276312
2009-12-22,-0.0004826927966869809,0.0053484056227066645,1.0622104895666116,1.218724522272486
2009-12-23,0.001243659952471107,0.00499382613888244,1.0635323400094354,1.2248258424342529
2009-12-24,0.002234986748206851,0.0019123364009274724,1.0659119789358213,1.2271703625185881
2009-12-29,0.00423103870145182,0.011376679786872401,1.0704314480532375,1.2412112044175132
2009-12-30,0.0004128177209535964,-0.0011061539692693856,1.0708734323472575,1.2398389927956284
2009-12-31,0.007947023174210054,-2.1405259483131545e-05,1.0794175936875667,1.2398124540043063
2010-01-04,0.0037190055503131883,0.02159824815781164,1.0834394276855785,1.2668815007842609
2010-01-05,0.0017786299525414445,0.0049299422167568,1.0853681802635062,1.273142574062416
2010-01-06,0.0035384505185188644,0.0033844570016281494,1.089215504632955,1.2774587702314388
2010-01-07,-0.0008233977546884218,0.004256052480272388,1.0883190161660141,1.28290728816353
2010-01-08,0.001974272730673133,0.006076699643212891,1.0904697771176577,1.2907268649712795
2010-01-11,0.0005708029363008714,0.003842376157393801,1.091092398148435,1.2956958633699767
2010-01-12,-0.001820014467007707,-0.01271626281086391,1.0891084001991063,1.2793237707823786
2010-01-13,0.0006725167327738316,-0.0035466578667797677,1.0898410901675615,1.2747944837300942
2010-01-14,0.002950486677075523,-0.00015676028771416384,1.0930614001889716,1.2745946622424944
2010-01-15,0.00011653699316922957,-0.003119388318660654,1.0931887897005501,1.2706249013739155
2010-01-18,0.0029527303353545312,0.003547767430719162,1.0964214516429645,1.2751407889384232
2010-01-19,0.00033192387924519366,-0.001746095725293273,1.096785440509438,1.2729162137834948
2010-01-20,0.000317362764840299,-0.008734751276982422,1.0971335746087527,1.261846025315146
2010-01-21,0.00027364742170851155,-0.0057384010634571325,1.0974338434647395,1.2546257828780825
2010-01-22,0.000647755634792335,-0.009912894288950369,1.0981449427050616,1.242250250134614
2010-01-25,0.0007644595931276412,-0.003448286694531788,1.0989847511000506,1.2379739922446888
2010-01-26,0.0018331214297559826,-2.143750672622957e-05,1.1010011712050662,1.237947453453367
2010-01-27,0.0027519947104605582,-0.005135416604435505,1.104035293633967,1.2316063735249012
2010-01-28,-0.00014946856397110944,-0.003412954179049521,1.1038702873959843,1.2274101222852878
2010-01-29,-0.004850735150221705,0.0025472750355657325,1.0985286708490503,1.2305406589243644
2010-02-01,0.0007150584955634505,0.008064973798450836,1.09931446401832,1.2405050644209648
2010-02-02,-0.0017574716958439142,0.017954092476330175,1.097384146698851,1.262978347078215
2010-02-03,-0.001404622254430869,-0.006667185365227368,1.0958438185475892,1.2545858445989861
2010-02-04,-0.006032288966704545,-0.02081441593639788,1.0892532700033752,1.2287422655359577
2010-02-05,0.002790801028570364,-0.020581504058510447,1.0922974049613723,1.2037113719111103
2010-02-08,0.0007155321997034397,-0.002826065827088442,1.0930792586136482,1.2003144066218978
2010-02-09,0.0035848409216181504,0.0010648249705020874,1.0970048058978097,1.2015932121056967
2010-02-10,0.003785576049275484,0.004899265525992291,1.1011654713058856,1.2074945806877468
2010-02-11,0.002064567544578927,0.006992100391491007,1.103441250240454,1.2159670898172872
2010-02-12,-0.0012870620964991366,-0.008239505498712774,1.1020219663807098,1.2059892848329121
2010-02-15,0.0033909248047461512,0.0022067756941890337,1.105765182898014,1.2086535713342557
2010-02-16,0.002949548654945876,0.011321081804997135,1.1090315058270783,1.222414585095269
2010-02-17,-0.002165358026892889,0.01660028656378998,1.106632653678043,1.2428763834808507
2010-02-18,-0.0019383812567231584,0.005920276063861252,1.1044896553289867,1.2502563790343035
2010-02-19,0.002743576334633354,0.0048999747774676194,1.10752406767676,1.2563976374751675
2010-02-22,0.0012762016342146249,0.0010914799784096374,1.1089383939926805,1.2577697190049353
2010-02-23,0.0006874721089597275,-0.00571440173059834,1.1097010203212343,1.2506028143347472
2010-02-24,-0.00023692735039713422,-0.003061830025661294,1.1094381329425915,1.2467795371868966
2010-02-25,0.003806611160508006,-0.014236664505366647,1.1136693807696123,1.2291553079989357
2010-02-26,-0.0021786406269185643,0.012654102077522822,1.1112457364953001,1.244807991194325
2010-03-01,0.0028522497066058184,0.014385923203036555,1.1144198112963009,1.262845132753148
2010-03-02,0.0005162472359565534,0.012464494590314956,1.1149952759718214,1.2786843680404782
2010-03-03,-0.0008717108256491832,0.0014054523158950616,1.1140237460273146,1.2804827614288858
2010-03-04,-0.0018259679511803966,0.005508986504263902,1.1119914304064817,1.2875563900531064
2010-03-05,-0.0007350033188806355,0.011255303039387599,1.1111744133064876,1.3021300892522976
2010-03-08,0.0030466023822031917,0.001196271820841588,1.1145648820036484,1.3036887228740048
2010-03-09,-0.00021738848514899628,-0.001196271820841588,1.1143226147663574,1.3021300892522976
2010-03-10,0.006759072366945473,0.00922609491176729,1.121879913352427,1.3141992550665345
2010-03-11,-0.0041905032112552944,-0.0011054341662859457,1.1171885085116173,1.3127472969785716
2010-03-12,-0.003120457838477137,0.008809838627387379,1.113707802395894,1.3243634820507353
2010-03-15,0.0006179808199500362,-0.006316642155343999,1.1143962651632857,1.3160243173383788
2010-03-16,0.002304580429080006,0.005149185994744343,1.116967442590831,1.3228182479168036
2010-03-17,-0.00173776699601814,0.007874253891541727,1.1150280989851669,1.333275572434574
2010-03-18,-0.0010644064893358073,-0.00042970760683935794,1.1138418872585394,1.3327027768552084
2010-03-19,0.0046123490347938605,0.0015580915432344966,1.118991180853085,1.33478086828941
2010-03-22,0.0014055818139919168,-0.002788312024062378,1.120565120398179,1.3310642666753048
2010-03-23,0.0016780843737745819,0.0038157292076430593,1.1224471018367048,1.33615294981918
2010-03-24,0.0020709107975500803,0.005071811856581121,1.1247739982253975,1.3429468803976028
2010-03-25,0.0036659995068462894,0.010832858624270969,1.1289049866223666,1.3575739173636692
2010-03-26,-0.003024954204570119,0.003203531481538846,1.1254952604692694,1.3619299217196716
2010-03-29,0.0017443344461395367,-0.0013800756500383926,1.127460213890811,1.3600516517730705
2010-03-30,0.004158784315040034,-0.002294651919131141,1.132158841260991,1.3569343845296553
2010-03-31,-0.003945565607345707,-0.002044066995736671,1.1277006351308358,1.3541635525866802
2010-04-01,0.0025491978016118403,0.014085859781548749,1.1305790343565256,1.3733730842797867
2010-04-06,-0.0013103821409360043,0.012003904352567929,1.1290985140165448,1.3899582677506461
2010-04-07,0.002967701888798917,-0.0013331088796917356,1.1324543188604668,1.388106536595368
2010-04-08,0.0028084513239213828,-0.0039038886997975197,1.1356392319348312,1.3826980870344858
2010-04-09,-0.0006010393459282567,0.008041170765594075,1.1349568731564375,1.393861421456692
2010-04-12,0.00039101468937406366,0.0017665234499677496,1.1354007447401469,1.3963258864704347
2010-04-13,-0.0020909005162933108,-0.0060188992104066585,1.133029214917236,1.3879467834789785
2010-04-14,0.004412952969132462,0.007334582475596818,1.138040268194372,1.3981642181379383
2010-04-15,0.0033592405582227505,0.004145572934831421,1.1418696475223058,1.4039724407661325
2010-04-16,0.003956770237721035,-0.008710246199166605,1.1463967137330802,1.391796599418151
2010-04-19,0.001123205207876027,-0.0054609505327665175,1.1476850759043387,1.3842167823770972
2010-04-20,0.0013940485543885842,0.0092631089580415,1.1492861203328466,1.3970985035374002
2010-04-21,0.0007911299257834772,-0.0017559378303531048,1.1501957147321624,1.3946474380114344
2010-04-22,0.00013209869112375662,-0.003214631585734651,1.150347664116551,1.3901713586339086
2010-04-23,-0.00046001178332849774,0.01577250029415289,1.1498186123304903,1.4122716671993945
2010-04-26,0.0030448624495388234,0.008322542448864212,1.1533249873527547,1.4240744043634987
2010-04-27,-0.004113065409835516,-0.020794504362743993,1.1485910284560876,1.3947672528487258
2010-04-28,0.006585143717732354,-0.016476735482923388,1.1561796240248776,1.371974333866582
2010-04-29,0.003047019709660959,0.009085699462620056,1.1597078987587124,1.3844964804228943
2010-04-30,0.0004700161390706909,-0.002601282838769592,1.160253108306343,1.3808996936460816
2010-05-04,-0.0001402277402112522,-0.020919554276932928,1.1600904200418625,1.3523119515235167
2010-05-05,0.0032701374761252957,-0.016818215593435326,1.16389028485405,1.3297586622159552
2010-05-06,0.0036098323163189327,-0.007985982944042291,1.1680993260127353,1.319181522860892
2010-05-07,0.005264183321009506,-0.042368622469100004,1.1742646284054867,1.264457104141731
2010-05-10,-0.0009672048153912286,0.0526261138250117,1.1731294230788758,1.3327826534134029
2010-05-11,0.00010824189619098283,-0.002792498327957915,1.1732564117047282,1.329066051799297
2010-05-12,0.0031296727850957037,0.020830159491795897,1.1769340723016766,1.3570410600633986
2010-05-13,-0.0030082933234434244,0.009681127879868967,1.1733988295794886,1.3702425476407074
2010-05-14,-0.0021566183487154063,-0.02591123343929347,1.1708709829132595,1.3351939107523874
2010-05-17,-0.002894678720924972,-0.009110646267510347,1.1674865883247711,1.3230846765669368
2010-05-18,-0.00283639891526038,0.006143013587800894,1.1641798225025157,1.3312374192794685
2010-05-19,-0.0012193749651462206,-0.03281456651663284,1.162761115915462,1.2882623999575384
2010-05-20,0.0004405037938229483,-0.024812571992157473,1.1632734294280713,1.2566906049166242
2010-05-21,0.004699468802248219,0.0014089439845665908,1.1687530622150109,1.2584624595137084
2010-05-24,-0.0006356116887012374,0.003244391733311147,1.1680104251468642,1.262552035219578
2010-05-25,0.004901284103469919,-0.03088039005528387,1.1737492283403532,1.224159770808918
2010-05-26,0.003727850263333084,0.02188212423113889,1.1781329555729962,1.251242217076646
2010-05-27,-0.0008901806436746986,0.026745250591522662,1.1770846710707799,1.285158532201897
2010-05-28,9.1638092396624e-05,-0.0010578702550940733,1.177192541807085,1.283799720067789
2010-06-01,-0.0003239802468519527,-0.0016200152766145948,1.176811216451075,1.2817216286335877
2010-06-02,-0.0012500335427443397,0.004034917991857512,1.175341082007151,1.2869037179155447
2010-06-03,0.002549615967774201,0.014469751416925192,1.1783415738229381,1.3056602688665762
2010-06-04,0.004226605346815797,-0.020752124643863112,1.1833324985238456,1.2788442512489817
2010-06-07,0.0019652401529111773,-0.01281103103866954,1.1856603176768208,1.2625654347073527
2010-06-08,-0.0013140755226177703,-0.012902445379387117,1.1841032937228106,1.246379894211694
2010-06-09,0.0005602158747908978,0.013904296230057511,1.1847668330306194,1.2638309707954924
2010-06-10,-0.0024448853611719673,0.01282948308225329,1.1818737520109648,1.280149725616217
2010-06-11,-0.004377754076385075,0.005489697384332359,1.1767111080132833,1.287196685357002
2010-06-14,0.0016136479007306797,0.01365020488093549,1.1786114382420882,1.3048876517996104
2010-06-15,0.0007740583013124136,0.008629928300466716,1.1795241053931036,1.3161974699425416
2010-06-16,0.001992666878299878,-0.0020566872888423404,1.1818768473470525,1.3134932451621013
2010-06-17,-0.0025936611141267937,0.00038530149080173715,1.1788154311806327,1.3139994335789338
2010-06-18,-0.001330606472518701,0.008972420662555436,1.1772479348296667,1.325842239114251
2010-06-21,0.005203556836434904,0.004521158487047927,1.1833897772235658,1.3318501531379334
2010-06-22,-0.001647515322847897,-0.00592880219606684,1.1814417295924826,1.3239772385633088
2010-06-23,-0.008021122976822774,-0.010671811932622788,1.172003144819311,1.3099231272687246
2010-06-24,-0.0015606841219226357,-0.013813842847151037,1.170175444722591,1.29195246278032
2010-06-25,0.0013565969733337693,-0.00955231959460967,1.1717639784455693,1.2796700759907076
2010-06-28,-0.00400712364233821,0.00403104605376825,1.167077970281634,1.2848388958770038
2010-06-29,0.0033912884227428686,-0.02941797004042712,1.1710425870704964,1.2475920925329609
2010-06-30,-0.005395652817814163,8.539721675937528e-05,1.1647410635404352,1.2476986379745916
2010-07-01,0.006223356032374316,-0.024469162374646913,1.1720122640312103,1.217538992834656
2010-07-02,0.004553122514802817,0.014845999068510807,1.177360746365953,1.2357494170897583
2010-07-05,0.0033807119034391063,0.002691385851868233,1.181347799597588,1.2390797752164369
2010-07-06,0.002385889572555616,0.021242571803103516,1.1841697300627994,1.2656825718586562
2010-07-07,0.0004986974597557929,0.006462594127592425,1.184760419774589,1.2738886523380608
2010-07-08,0.0048882369211135255,0.016233196262900762,1.1905659873357912,1.2947366942110698
2010-07-09,0.005921396804752186,0.002733072276656756,1.197636714599934,1.2982801432210114
2010-07-12,0.002645593771037208,0.0029098781418817055,1.2008093697599147,1.3020634820897643
2010-07-13,0.00395650846661211,0.016659800149479764,1.2055697933162548,1.3239373002842123
2010-07-14,-0.0024631698084657903,-0.004315906795167024,1.2026039244182671,1.3182356230976473
2010-07-15,0.006113303380978574,-0.004364944339757315,1.209978325062967,1.312494137724098
2010-07-16,0.00239372648615348,-0.007866454129658251,1.2128781515384124,1.302209965810491
2010-07-19,-0.00033036555620899986,-0.005004656701627752,1.2124775245535877,1.2957091327656385
2010-07-20,0.0005205592914870638,-0.0036255635782200812,1.2131088553030005,1.2910199625048522
2010-07-21,-0.0029830904809814533,0.01586717458426712,1.2094954340851722,1.3116681828902603
2010-07-22,0.002219223845558678,0.015809331068185273,1.2121825557529997,1.332569562530141
2010-07-23,-0.01315418716512332,0.009006424870262819,1.1963416947762404,1.344625458948718
2010-07-26,0.004603024528525796,0.004389079149360597,1.201861178355455,1.3505400969264312
2010-07-27,0.0031723780788691673,-0.0031316401646499514,1.2056799905668825,1.3463173068954943
2010-07-28,0.002394500363125651,-0.008615750603347294,1.2085704509652755,1.3347675988937502
2010-07-29,0.0004288429318046528,0.005424545019344862,1.2090888490084835,1.3420277796099078
2010-07-30,-0.00017243162566854108,-0.012535810600688535,1.2088803818263554,1.3253093818139814
2010-08-02,-0.0015882634270769393,0.021134655633241906,1.206961885270444,1.3536174258907503
2010-08-03,0.0012487957982727704,-0.0024929489493477064,1.2084700757163902,1.3502471294849738
2010-08-04,-0.0016849889955387574,-0.0009377020703276173,1.2064355315110398,1.3489815933968374
2010-08-05,0.0038225880673910836,0.003912703648843774,1.211056063146082,1.3542700980283104
2010-08-06,-0.0031431115763297995,-0.007533624056563326,1.207255554654357,1.3441058710441114
2010-08-09,0.0013358506257290302,0.012058109908963388,1.208869345394158,1.3604113564691764
2010-08-10,0.00010082047281594021,-0.013049701315145157,1.2089912303172778,1.3427737277934382
2010-08-11,0.011148553870271354,-0.02260519814950257,1.2225451470780477,1.3127605663742339
2010-08-12,0.00030978779036495475,-0.006740428718115865,1.2229239353067374,1.3039417520363656
2010-08-13,0.004859924868783795,-0.0006131646763769538,1.2288817192173214,1.3031424660859618
2010-08-16,-0.000447405581901109,-0.0008283291834541018,1.2283320336520118,1.3020634820897643
2010-08-17,0.0036978727408648196,0.013989813831907227,1.2328826578249914,1.3204071206699335
2010-08-18,-0.0007437086668114633,-0.0025355805318412195,1.2319660931779874,1.3170633630554784
2010-08-19,0.0014297888708710502,-0.005242934532466492,1.233728804439484,1.3101761564310856
2010-08-20,0.000912678290028911,-0.007542216144157621,1.2348553159281719,1.3003316958638915
2010-08-23,0.0022357496852201007,0.0066369438825386595,1.2376192318728487,1.3089906269932552
2010-08-24,-0.00012731036268026933,-0.012833602601196148,1.2374616801487752,1.2922988980807644
2010-08-25,0.0031636191116910795,-0.008000330518715515,1.2413827366644254,1.2820013266793824
2010-08-26,-0.002445283046403459,0.005626601508415874,1.2383509128487593,1.289234968604219
2010-08-27,-0.0003055852042451483,0.010484323020239827,1.237972548946279,1.3028228297610702
2010-08-31,0.002493177632416242,0.004610997075520373,1.241062885192683,1.308844013180413
2010-09-01,0.003471325594887986,0.023716366654012333,1.2453785046774688,1.3402560551049394
2010-09-02,0.004196301717273796,0.007929949913135559,1.2506154688914815,1.3509264705059707
2010-09-03,-0.003036611363458303,0.006202949398904423,1.246823595883402,1.3593322423808627
2010-09-06,0.0008523600823851547,0.0035511574651607702,1.2478867915947318,1.3641680264544918
2010-09-07,-0.0004362908429508675,-0.005788034332882219,1.247342468764687,1.3562949817877548
2010-09-08,0.00265392162238278,0.003470970307471788,1.2506572145051926,1.3610108209319773
2010-09-09,-3.632893641741276e-05,0.01061229660584928,1.2506117802840604,1.375531182364298
2010-09-10,0.00401996436113168,0.007342897243159285,1.2556493136387665,1.3856687404650603
2010-09-13,-0.0006610695220624674,0.010186553188175296,1.254819516454155,1.3998560660847124
2010-09-14,0.0005179255962586068,-0.0034221402301408688,1.255469587930208,1.3950737498700714
2010-09-15,-0.004009590305954916,0.0020889717334835467,1.2504457477420907,1.397991065533772
2010-09-16,-0.0004979874675478708,-0.004986559765756127,1.2498231964551016,1.3910372517468457
2010-09-17,-0.0016164693575399943,-0.00010531093531085389,1.2478045275534613,1.3908907680261162
2010-09-20,0.001611435739509278,0.0102148844599661,1.2498169053383583,1.4051713696917385
2010-09-21,-0.0006183951238269321,-0.0002939877580594441,1.2490442635819903,1.4047583272287623
2010-09-22,0.0007224099837692278,-0.0092219929518631,1.2499469116298965,1.3918632065806833
2010-09-23,9.554096648692497e-05,-0.0021365807121025426,1.2500663384708781,1.388892553150109
2010-09-24,0.0002842570647074847,0.010779975605885284,1.2504217291677064,1.4039457718826969
2010-09-27,-9.854651925050398e-05,0.0022462839542463087,1.2502985105301854,1.4071029774052115
2010-09-28,0.0014589427583519628,-0.0009755866861720364,1.252123955774171,1.4057308958754438
2010-09-29,-0.0017666875122452157,0.0009566334634190099,1.2499137969226028,1.407076308521776
2010-09-30,-0.0015840943162198414,-0.0029107595201001146,1.2479353829919761,1.4029866027237912
2010-10-01,0.0045754606738758075,0.005746970355385628,1.2536583448697947,1.411072738273791
2010-10-04,0.0009094445570691103,-0.002713159974401691,1.2547989962289274,1.4072494611259387
2010-10-05,0.001216822180634756,0.011127038373402343,1.2563267928196549,1.4229954203673
2010-10-06,-0.0005856981431068137,0.011004588643803714,1.2555911799945267,1.4387413796086597
2010-10-07,-0.0025469903296985318,-0.003208841400743623,1.2523972705558695,1.434132085906067
2010-10-08,-0.0007081430411182664,-0.0037876519771007366,1.2515107080875796,1.4287103669495262
2010-10-11,0.0018415662255538599,0.007422284578446181,1.2538175714073496,1.4393541134671242
2010-10-12,-0.0003931603304891133,-0.004749915853464515,1.2533247169683577,1.432533514005263
2010-10-13,0.0017172753263631957,0.013705712733569797,1.2554788696879966,1.4523025718820735
2010-10-14,0.0016865553677248581,-0.0017718682895626614,1.2575980909043547,1.4497315614266986
2010-10-15,-0.0023484261852457786,-0.0045312051879022874,1.2546481797971598,1.443177390614973
2010-10-18,0.001504752792364204,0.0038325512509338466,1.256537536299878,1.4487190545009205
2010-10-19,-0.0026028689505365444,-0.004506596126722329,1.2532711865457442,1.4422049520604052
2010-10-20,-0.002255731846503746,0.0005263799954668968,1.2504473289480962,1.442964299731712
2010-10-21,1.9900079961070963e-05,0.006698386585359373,1.2504722131975279,1.4526622765781765
2010-10-22,-0.000972752465531232,-0.0009174564916687444,1.2492564047052872,1.4513301333275057
2010-10-25,0.003135495456768947,0.007625893253356608,1.253179589836981,1.4624401299828376
2010-10-26,0.001403521292175758,-0.0034125454578006753,1.2549396889535998,1.4574579922805946
2010-10-27,-0.00045297194844386385,-0.01041909376104222,1.2543713652045905,1.4423514357811351
2010-10-28,-0.001789611942992804,0.0019837523759473896,1.252128534725173,1.445215543770077
2010-10-29,9.33646600997486e-05,-0.0004886346621297832,1.2522454447377656,1.4445095338656453
2010-11-01,0.0017173604383751756,0.002928322715552767,1.254397849221836,1.4487457233843581
2010-11-02,-0.004075285801872975,0.004788402913455059,1.2492962218324664,1.4556995371712855
2010-11-03,0.0038021518130395694,-0.0046964556526880585,1.2540552773198386,1.4488789377094236
2010-11-04,0.0006349023936136328,0.012808056819460845,1.2548517328261322,1.4675556121022604
2010-11-05,0.0027432731966111987,0.005747532397032629,1.2582988599945053,1.4760147217440263
2010-11-08,-0.002970275243800672,-0.002928506874027903,1.2545669112426256,1.471698525575004
2010-11-09,0.0009741927553674589,0.005353397537689375,1.255789696756369,1.479598239125179
2010-11-10,-0.00399618995806414,-0.010171424226111725,1.250781336425478,1.4646248969507838
2010-11-11,-0.001184401173124172,-0.00871496657803661,1.2493007864989059,1.4519161983025328
2010-11-12,0.001000721609450616,-0.0029955190150321442,1.2505516145536049,1.447573463342188
2010-11-15,0.0015845390344546048,0.00520432339878063,1.2525347331509504,1.4551267415919205
2010-11-16,-0.0021229271886819504,-0.018992386954815643,1.249878513589131,1.4277511977906188
2010-11-17,0.0022617177871147535,-0.00041995436347619375,1.2527085852603623,1.427151733327817
2010-11-18,0.004065553229752656,0.012172209490559638,1.2578119055760237,1.4446294787950498
2010-11-19,0.004432280058363289,-0.0015966393581745564,1.2633992534004503,1.4423247668976973
2010-11-22,0.002197360346011986,-0.002820980806092166,1.2661784491500667,1.4382617299831502
2010-11-23,0.001084465849577398,-0.01655815169220709,1.267552321261687,1.4146428561671678
2010-11-24,-0.0022661372404342702,0.010472949418179667,1.2646831259652995,1.4295361916912506
2010-11-25,-0.0011151320997058686,0.009635603691949157,1.263273623252501,1.4433772121025743
2010-11-26,0.0017066859708588485,-0.002365472902903676,1.2654314754869516,1.4399669774176997
2010-11-29,-0.0005365950925624246,-0.011144892438871068,1.2647526333152086,1.4240077972009646
2010-11-30,-0.0020614582968347317,-0.00768170848825811,1.2621480840130614,1.413110891428894
2010-12-01,-0.003510577631272033,0.01881729547059585,1.257724983543338,1.4399535779299264
2010-12-02,0.0007194133907882175,0.02444595668016447,1.2586301332878125,1.475588409885389
2010-12-03,0.006952788795589776,0.0004874218811234954,1.2674116152955446,1.4763078192775958
2010-12-06,0.0020900682029922216,0.006224850401238768,1.2700633622134136,1.4855262765906647
2010-12-07,0.005284403275876344,0.013184575942455368,1.2767926536906593,1.5052419967006048
2010-12-08,0.003250484358221984,-0.007167615270210703,1.2809496006255991,1.4944915746492633
2010-12-09,0.0010681784926150429,0.003976519368748654,1.2823186144845202,1.500446280998187
2010-12-10,0.004793537115089814,0.0015613289903768646,1.28848021248234,1.5027908010825217
2010-12-13,0.00442147899077186,0.006952127064264957,1.294189813811377,1.5132747944837306
2010-12-14,-0.005774451873642394,0.004400596431564097,1.286738112467524,1.519948780132748
2010-12-15,0.003360669792270866,-0.0032480957541221045,1.291069688794744,1.515019850105265
2010-12-16,0.002743997530522925,-0.0038587124731375155,1.2946172458504792,1.5091850886857467
2010-12-17,-0.0006187712819240987,0.008595646620982222,1.293816421666718,1.5222134236588913
2010-12-20,0.0009667152403580812,0.000551166453785612,1.2950677784751643,1.5230526478883903
2010-12-21,0.0026007542257190154,0.006416868421986521,1.2984403151411545,1.5328573002686008
2010-12-22,0.004527296650210065,0.003773278356971943,1.3043320664199936,1.5386521234090227
2010-12-23,0.0027583666975391254,0.0016436416132297182,1.3079348591819788,1.5411831955852997
2010-12-24,0.002791839014546023,-0.006616923969568589,1.3115915047581164,1.5310189686010975
2010-12-29,-0.004683155896567141,0.011763925284398624,1.305463477721657,1.5491361168102307
2010-12-30,-0.0009916149900672082,-0.005129697302709957,1.3041696021873725,1.541209864468734
2010-12-31,-0.0028659833429468197,-0.000916680640109746,1.3004372248515317,1.5397977145677533
2011-01-04,0.004696479184862235,0.014071534496054028,1.3065590655054624,1.56161819499533
2011-01-05,-0.0016304972743574368,0.0016194888200153912,1.3044304603244201,1.5641492671716075
2011-01-06,-0.0012529459052941505,-0.0021057806660280676,1.3027971029882892,1.5608589774161397
2011-01-07,0.0021143978614166395,-0.0036338335489976004,1.3055546486436842,1.5551973686007856
2011-01-10,-0.002851507545759207,-0.008524943141575037,1.301837152464821,1.5419957509313624
2011-01-11,0.0013435571706821269,0.01372787619376048,1.3035874206354603,1.5633100429421072
2011-01-12,-0.0013770152051966772,0.0025531277324670754,1.3017935962810978,1.5673064726941215
2011-01-13,-0.0042601602916696995,0.0001444988657777202,1.2962595432405544,1.5675329630651587
2011-01-14,-0.0019092231067522375,-0.0020927474069338814,1.293787055584579,1.5642559427053517
2011-01-17,-0.002533473509090032,-7.668152312589882e-05,1.290513428927037,1.564135997775945
2011-01-18,0.0001650021569708437,0.0075344458636372735,1.2907263839949497,1.575965403823486
2011-01-19,-0.0021807675592765037,-0.008667805557237784,1.2879146767231473,1.5623642732709762
2011-01-20,0.0007900704027485881,-0.019214491370803444,1.2889326220617825,1.5326308098975636
2011-01-21,-0.00022832688524601857,0.0024047720411921603,1.2886383576864078,1.5363208727203477
2011-01-24,-0.003149350043842486,0.003522899699557769,1.2845863683336594,1.5417427217690047
2011-01-25,0.0005771660410894294,-0.006223273064499324,1.2853280019645936,1.5321778291554908
2011-01-26,0.0008660877068498624,0.009578742188375955,1.2864416909529206,1.5469246809588466
2011-01-27,0.0020748906547809723,0.00043914350823115456,1.289113687887517,1.5476041520719568
2011-01-28,-0.0004259148487204562,-0.006164951221444781,1.2885647521343992,1.5380925972253172
2011-01-31,-0.0015604153886781837,-0.00647335811066263,1.2865556238109055,1.5281681300078143
2011-02-01,0.0033441269037390734,0.011871889868407592,1.290865231006071,1.5464184925420146
2011-02-02,-0.0007242489628347742,-0.0001550539884185298,1.2899306616726418,1.5461787327753163
2011-02-03,0.003646308371223703,-0.002665839225706179,1.2946427322529963,1.5420623580938972
2011-02-04,0.0006190183948784438,0.007804791822614732,1.295444388013289,1.5541449233959095
2011-02-07,-0.003126983781797546,0.012318247199788246,1.2913998812708531,1.5734076627637736
2011-02-08,-0.0009735327477166389,0.0016412083192527405,1.290143272969952,1.5759920727069208
2011-02-09,-0.0011698241011021291,-0.002869621278009049,1.2886349147042975,1.5714760550503009
2011-02-10,-0.00016337548182543448,-0.006378060968879495,1.2884244005511043,1.5614849806702635
2011-02-11,0.00013720254958373736,0.006479796579306196,1.2886011877913586,1.5716359382588023
2011-02-14,-0.0011238506003673483,0.0030552701431894036,1.287153806045589,1.5764450534489955
2011-02-15,0.0015733138272015744,-0.007140602027529752,1.2891804968186256,1.5652283812599201
2011-02-16,-0.00227568606518174,0.0048902427442918395,1.2862500623656008,1.572901474346941
2011-02-17,0.0006614603912403875,0.0017347085884598101,1.2871011472835363,1.575632368010818
2011-02-18,-0.0036315669637925012,4.227239556264806e-05,1.282435430337494,1.575698975173352
2011-02-21,5.293255097066872e-05,-0.008541367038338521,1.2825033147129077,1.5622976661084427
2011-02-22,-0.0015263377254576872,-0.006441380760387361,1.280547274689227,1.5522666534493095
2011-02-23,-0.008072175322827595,-0.011262594775104162,1.270252080786703,1.5348821840280438
2011-02-24,0.0008847707598414164,-0.009785718205824523,1.2713764600209967,1.519935510737087
2011-02-25,-0.0013526747214826543,0.017316771435144318,1.269657863834894,1.5464850997045483
2011-02-28,0.0011252341155087026,0.001058945079511986,1.271087330269678,1.5481236098844515
2011-03-01,-0.0013308468023791608,-0.004069795015716693,1.2693968329066596,1.54183586772286
2011-03-02,0.004321184005451466,-0.0026559305111657494,1.2748939987763257,1.5377462920169902
2011-03-03,0.00034751248458325884,0.009398321993154823,1.2753371173475792,1.5522666534493095
2011-03-04,-0.0010132520252116588,0.006040523188007185,1.2740455338908794,1.561671532762202
2011-03-07,-0.0013699029280467548,0.0021218103739144567,1.2723014100964405,1.5649886214932212
2011-03-08,0.0027136962233229186,-0.0003746384296636762,1.275758738575877,1.5644024264260794
2011-03-09,0.00014319949095682586,-0.0011331665651344025,1.2759414396588635,1.5626307019211083
2011-03-10,-0.00030710261269299623,-0.018464125526239883,1.2755496548712462,1.5340428297064315
2011-03-11,-0.0020047781517611627,-0.009256262238224622,1.2729950223829907,1.5199088418536526
2011-03-14,-0.005293554999950489,-0.005255012635711154,1.2662741575453538,1.51194265123306
2011-03-15,0.0015267925876627278,-0.01764419612016077,1.2682089721975245,1.4854996077072293
2011-03-16,0.00020281471652296504,-0.010647322898266864,1.268466209725609,1.4697669178615314
2011-03-17,0.0006371590140971453,0.018258733179981945,1.2692746819405416,1.4968494942213735
2011-03-18,0.0029511349626872574,0.009689070946647504,1.2730260154548236,1.5114230633284518
2011-03-21,0.0011080146519882846,0.014472877257409422,1.2744373286657793,1.5334567647314048
2011-03-22,-0.0012490027019575656,-0.006064689263014955,1.2728465466511203,1.5241849696514624
2011-03-23,-0.0026859539876586285,0.0005068619314236855,1.2694323266649725,1.5249577168105417
2011-03-24,-0.0003774214667824357,0.013716459572830075,1.2689533060562783,1.5460188495668121
2011-03-25,-0.0015394126710194151,0.002048635082838146,1.267001366064056,1.5491893244849886
2011-03-28,0.006093225190175466,0.0006963244634441423,1.274745058776917,1.550268438573301
2011-03-29,-0.0035116171402215825,-8.593353616959121e-05,1.2702764927176784,1.5501352242482331
2011-03-30,-0.002542228289898946,0.0034315944813432253,1.2670512612562648,1.5554637972509193
2011-03-31,0.0019431637203368114,-0.00725453914855656,1.2695157429692054,1.5442204561784054
2011-04-01,0.004180598341762557,0.010016966884011325,1.2748341877738216,1.559766593932165
2011-04-04,0.004449593143162433,0.004932804432538518,1.2805193201174219,1.5674796252982846
2011-04-05,0.0013355307403314872,-0.0024590759023386255,1.2822306355358364,1.5636298093591128
2011-04-06,-0.002810840074442307,0.003716149386207235,1.2786315508761346,1.5694513013829714
2011-04-07,0.00016834027461271292,-0.010409294693436877,1.2788468141807712,1.5531991537247771
2011-04-08,-0.0025923990749617504,0.005712916041902716,1.275535826437752,1.562097844620842
2011-04-11,0.002664851592142041,-0.0031175422642970574,1.2789394732081958,1.5572355217558902
2011-04-12,-0.003383249313177276,-0.012750263098503467,1.274619813477148,1.5375064021581768
2011-04-13,0.0059549166146983905,0.006408357684515309,1.2822327127753466,1.547390931096583
2011-04-14,0.0030901401788208088,-0.001085284517998275,1.2862011199090084,1.545712482637582
2011-04-15,-0.004265071025215483,0.006528559655757604,1.2807270626994172,1.5558367713426848
2011-04-18,-0.0019522094131213122,-0.016262800425597135,1.2782292541879081,1.5307391404631885
2011-04-19,-0.0005900876089697229,0.0072577042938828384,1.2774752094417,1.5418892054897329
2011-04-20,-0.0028100256462835946,0.015576375119824348,1.2738905102478164,1.5660942743728563
2011-04-21,0.0012986410875802257,0.0046081887007769495,1.2755459114588688,1.5733277862055794
2011-04-26,4.90935941330256e-05,0.00497472633964513,1.2756085341293173,1.5811741619888804
2011-04-27,0.0013534329067865232,0.0021544510996491795,1.277336153540348,1.584584396673752
2011-04-28,-0.001956284913497303,0.009946201530388166,1.2748397627157178,1.6004236319610838
2011-05-03,0.0011954629451495801,7.486164924408456e-05,1.27636469773309,1.600543446798374
2011-05-04,-0.004002523903868044,-0.008836425973832718,1.271266227700988,1.5864626666203536
2011-05-05,0.00019048582437947636,-0.005337831942799909,1.2715084089616937,1.578016956466366
2011-05-06,0.001409244105959751,0.005178326555137502,1.2733015378741186,1.5862096374579961
2011-05-09,0.0016769426386010053,-0.0009326930999744576,1.2754385828649035,1.5847308803944804
2011-05-10,0.0009528158220374569,0.013285535850238617,1.276654420069173,1.6059253575679324
2011-05-11,0.00283515196765497,-0.0030988807946599195,1.2802790651421188,1.600956489261353
2011-05-12,-0.0006020176944686545,-0.004236052300576887,1.2795085464472609,1.5941890974742503
2011-05-13,0.005025708000579476,0.002678811948054971,1.2859551686373891,1.5984653553641737
2011-05-16,0.00039108452622446123,-0.004644459824060476,1.2864581841596439,1.5910585608351697
2011-05-17,-0.001175802235603623,-0.009049802814116603,1.2849464526734944,1.5767247514947904
2011-05-18,0.004642541489294007,0.004341693333545393,1.2909257386938777,1.5835852892357485
2011-05-19,0.003493277111910711,0.008293588628982107,1.2954431857834339,1.5967735074173974
2011-05-20,0.004553155737225615,0.00047543823255224993,1.301354988823758,1.5975328550887038
2011-05-23,0.002532958286750232,-0.016521379895428012,1.3046554449209036,1.5713562402130095
2011-05-24,0.0005614532734815193,0.00533511670459319,1.3053881536628331,1.5797620120878986
2011-05-25,0.001191122850239398,-0.0028373274713668906,1.306943957714026,1.5752860628024887
2011-05-26,-0.007372709640788433,0.001335221277978249,1.297343672939801,1.5773908231201257
2011-05-27,0.0010380821949995825,0.009899307359553688,1.298691121567687,1.593083444594615
2011-05-31,0.00228222839218187,0.008493115188313638,1.3016584160519176,1.6066713057514626
2011-06-01,0.005298045434168406,-0.004237540995555733,1.3085729620956201,1.5998773751730397
2011-06-02,0.0025817909652026483,-0.003904413712362498,1.3119557889433033,1.5936429707783208
2011-06-03,0.0023882521117981606,0.0008105211683275826,1.3150928146398884,1.5949351757498924
2011-06-06,0.004688828493218998,0.002019241284262563,1.3212735381530036,1.598158988434942
2011-06-07,0.0013592011254966324,0.0009913824583556163,1.323070635664963,1.5997441608479708
2011-06-08,-0.0030279205152930503,-0.01154963804785325,1.3190705419830846,1.58137398347648
2011-06-09,0.001117065440264573,0.00342262238876323,1.320544853396661,1.5867957024330217
2011-06-10,0.0006943276464942866,-0.010600296024902534,1.3214620625818094,1.5700640352414332
2011-06-13,0.002712201401801355,-0.0005516539148189281,1.325050998598991,1.5691981421284977
2011-06-14,-0.003258103044569515,0.006928730879360856,1.320740871138697,1.580108447388344
2011-06-15,0.0020622760519251326,-0.00829641384258828,1.3234674138836207,1.5670534435317616
2011-06-16,0.0002506091519140362,-0.011241692175113727,1.3237991284934223,1.5495357597854311
2011-06-17,0.0004010364563680224,0.0025671688252568714,1.3243301266725538,1.5535187900496699
2011-06-20,-0.001415679026135974,-0.010689941458105423,1.3224566267387217,1.5370002137413432
2011-06-21,0.0025358839800888647,0.010098141228564117,1.3258144790753577,1.552599689261975
2011-06-22,-3.21783319111933e-05,-0.0016057806510048067,1.325771817263394,1.5501085553647964
2011-06-23,0.002324345501384332,-0.015808106349680884,1.3288569530945327,1.525796941040043
2011-06-24,-0.0013336365761290082,0.006492026053743771,1.3270859220758087,1.5357346776532055
2011-06-27,-0.010696744545290304,0.0018026130194801482,1.3129660758048842,1.5385055095961797
2011-06-28,0.0008127226457782922,0.004949225731630591,1.3140335868042523,1.546138794496219
2011-06-29,0.0026121568217169367,0.016475045353738338,1.3174705355722778,1.571822490350742
2011-06-30,-0.0010657177161804273,0.011359719983706995,1.3160672317776476,1.589779755351373
2011-07-01,0.001212352517937523,0.008867871192318688,1.3176637367677455,1.603940412087586
2011-07-04,0.0004766578707493714,0.005136160753234975,1.3182919612710593,1.6121997002417494
2011-07-05,-0.00023455688538921775,0.003555028393064319,1.3179827830759447,1.6179413157074147
2011-07-06,0.001743956144103899,-0.0011286518106512489,1.3202832926591634,1.6161162534355715
2011-07-07,-0.0044215470561349175,0.002971224587566823,1.3144584847739387,1.6209252385336481
2011-07-08,0.002131332334673687,-0.007713891547551199,1.317263020282078,1.6084696991398701
2011-07-11,-0.007214034013557243,-0.01621451214099956,1.307794434462911,1.5825994511934074
2011-07-12,-0.0031829167425540456,-0.008631314004494683,1.303638451244598,1.5689983206408964
2011-07-13,0.0019390307654634424,0.005520495178851448,1.306168698629587,1.5776839206536972
2011-07-14,0.002781586624175032,-0.006488903366300036,1.3098069777590438,1.5674796252982846
2011-07-15,0.006156502400914605,-0.0016841298885506006,1.3178956810745381,1.5648420076803795
2011-07-18,-0.003979570398191457,-0.018819353905545455,1.3126614443488684,1.5356680704906716
2011-07-19,-0.0003022000410322328,0.005588252135099836,1.3122648179398018,1.544273793945278
2011-07-20,-0.005039074865993614,0.009367294038407081,1.3056688500234794,1.5588074247732608
2011-07-21,-0.0005210700321335932,0.00044430544464368893,1.3049886823367305,1.5595001652820324
2011-07-22,0.012393887459940975,0.00965703168406229,1.3212632092044743,1.5746332605728155
2011-07-25,-0.001142651953741291,-0.0028890037144222447,1.3197543274445889,1.5700907041248706
2011-07-26,0.0010809328910859556,0.00022907179669928723,1.3211816645941357,1.570450408820973
2011-07-27,0.0012307199571196603,-0.011826529936795893,1.322808670224517,1.5519868253113993
2011-07-28,0.0017208171390893472,-0.0029829253900466313,1.3250869417381057,1.5473642622131465
2011-07-29,0.002007764341499337,-0.0054817837899818755,1.327750076628131,1.5389051525713822
2011-08-01,0.0011591009963676214,-0.009489015472922802,1.3292899653357402,1.5243715217434002
2011-08-02,-0.0030508968937414333,-0.022482821458515545,1.3252406189197499,1.4904817454094728
2011-08-03,0.0034325201773857308,-0.01749116023372288,1.3297973501459979,1.4646381663464456
2011-08-04,-0.0019221559296720325,-0.03932768189851643,1.327243727301035,1.4081552925179739
2011-08-05,-0.0011159570746246288,-0.024661631834922204,1.3257634064147128,1.3738526038131824
2011-08-08,-0.0008902844757461019,-0.04472590610796523,1.3245836250838965,1.313759673812237
2011-08-09,-0.0010696122221332948,0.02290539934969793,1.3231675916875865,1.3441991470900798
2011-08-10,0.0039352566708876205,-0.019969134393928556,1.3283848546809938,1.3176228892391846
2011-08-11,-0.00339347606135598,0.024833178431006075,1.3238846524591947,1.3507533179018079
2011-08-12,0.00029766020764195874,0.028429122394690864,1.324278778894708,1.389705108496174
2011-08-15,-0.0014615097014098234,0.009511679579791377,1.322344746259971,1.4029866027237912
2011-08-16,0.0013169746297614308,-0.011372999414481555,1.3240873879981996,1.387120828645138
2011-08-17,0.002211816311345377,-0.004167034719506191,1.3270192672745624,1.3813526743881541
2011-08-18,0.0015321641709160842,-0.05035272683655023,1.3290540370526143,1.313519914045539
2011-08-19,-0.0003076583956035722,-0.010306329161043237,1.3286452053133875,1.300051867725981
2011-08-22,0.005080689618160157,0.009758483281249397,1.335412816722836,1.3128005046533309
2011-08-23,-0.0013274295595360306,0.006805926759204439,1.3336413263002347,1.3217658027119275
2011-08-24,-0.00021121307025805027,0.011971872143782036,1.3333596735665,1.33768491455745
2011-08-25,0.0008078694798594113,-0.0020135797811704492,1.3344372893803043,1.3349940892647858
2011-08-26,0.0014839859562292322,-0.0024278335725949063,1.3364190456627714,1.3317568770919623
2011-08-30,0.0053776013288378815,0.024319077998852023,1.3436251328648499,1.3645410005462564
2011-08-31,-0.0038358996032244515,0.027224833851356323,1.3384809942580551,1.4022007162611623
2011-09-01,-0.0033419360829763257,0.004823981035336544,1.334015342444663,1.408981247351814
2011-09-02,-0.008734549078937576,-0.018685692536518417,1.3224140597080758,1.3828979085220874
2011-09-05,0.00022033082738658386,-0.02901732497160836,1.3227054603930972,1.343346523372804
2011-09-06,0.0034622033110926,-0.001280002376416789,1.3272928723116526,1.3416281366347076
2011-09-07,0.0015879942328760389,0.024529817325907644,1.32940228015869,1.374944987297155
2011-09-08,0.00039458731449473544,0.004234653819001011,1.3299269489413164,1.380779748716675
2011-09-09,-0.0036317309162436097,-0.02083269051740899,1.3251057720321802,1.3523119515235167
2011-09-12,-0.0007574046221134932,-0.01664790567837926,1.3241025107809692,1.3299851525869928
2011-09-13,0.0006202026295559929,0.0027306785681506796,1.3249239773514891,1.3336218776429032
2011-09-14,6.36003079909288e-05,0.009622896588233232,1.3250082456042283,1.3465171283830952
2011-09-15,-0.0014210657953298274,0.021163595172792427,1.3231266589537292,1.3753179613889206
2011-09-16,-0.006225471086639002,0.010032763608323947,1.3149151589431247,1.3891856506836795
2011-09-19,-0.001048562546733737,-0.01928687027483278,1.313537110766439,1.3626493311118817
2011-09-20,2.3413771193364066e-06,0.0077516369458496825,1.313540186255776,1.3732531393503808
2011-09-21,-0.0015713410259159987,-0.004140996282609777,1.311477787462199,1.3675782611393645
2011-09-22,-0.0021236853020043566,-0.0374852438290727,1.308695576676793,1.3172631845430787
2011-09-23,0.0021294570583048856,-0.007389451443087225,1.3114853570142266,1.307565207696614
2011-09-26,-0.007277546222637418,0.0024116579305584196,1.3019756075008486,1.3107224132191293
2011-09-27,0.00213506544287705,0.028840533525309908,1.304758380271775,1.3490747393506914
2011-09-28,-0.0016599329792134716,-0.00876731705752043,1.3025943653632037,1.3372986710700259
2011-09-29,-0.0009535224011806916,-0.005313602537567519,1.3013529044306447,1.3302116429580302
2011-09-30,-0.01182163730604626,-0.01677398024241583,1.2860593578746422,1.3080847956012225
2011-10-03,-0.0062113609743173065,-0.007031278968073096,1.2780959364141755,1.2989195459629097
2011-10-04,0.008176629443774529,-0.03386752058327147,1.2885892949690472,1.255664958687297
2011-10-05,0.010752718782624498,0.014942012633277102,1.3025198949741255,1.274567993359057
2011-10-06,-0.007129128422154945,0.03297926541724472,1.2932670847955237,1.3173031228221768
2011-10-07,-0.0005270406186682948,0.0069937092364984466,1.2925856600960708,1.3265482490186833
2011-10-10,-0.004749642271227057,0.018190623034405107,1.2864608973358413,1.3508998016225355
2011-10-11,0.00507531415996529,0.001409132629401455,1.293006687464018,1.3528047404525725
2011-10-12,0.0003172263993023953,0.016107756169619236,1.2934169283859411,1.3747718346929918
2011-10-13,0.004702828248331454,-0.00871030542893969,1.2995139714897466,1.3628491525994821
2011-10-14,0.008144278329479197,0.010501336234209901,1.3101407901118858,1.3772362997067331
2011-10-17,-0.006599144463904667,-0.00855802353718893,1.301523446590106,1.3655001697051645
2011-10-18,0.0013627021815105001,-0.006999778671353596,1.303298244415852,1.3559753454628634
2011-10-19,0.0018326098517073073,0.005183509825869237,1.3056888714925792,1.3630223052036456
2011-10-20,0.0006845952800618589,-0.011866706830371498,1.306583045970123,1.346943310149617
2011-10-21,0.008477856771351244,0.015154966845040363,1.317707157578357,1.3675116539768328
2011-10-24,-0.0028871890751944384,0.019639265499426628,1.3139081746986074,1.394634038523657
2011-10-25,0.012840702729372018,-0.003895132930500367,1.33088846510055,1.3892123195671162
2011-10-26,0.010460627473197535,-0.0005755174804615848,1.3448834641618295,1.3884130336167126
2011-10-27,0.0008185416993839709,0.029393666511348115,1.345984758024043,1.4298292892248226
2011-10-28,-0.0003700172111268194,0.00370120998460699,1.3454868126275243,1.4351311933440725
2011-10-31,-0.003921998857115045,-0.027612178908913876,1.3402201495604162,1.3960461884246371
2011-11-01,0.0016242121820418411,-0.030233915574511272,1.3423987202055065,1.354469919515913
2011-11-02,0.0009361493229024739,0.008237408950796166,1.3436559942648014,1.365673322309327
2011-11-03,-0.0006379575660966634,0.015006283714482649,1.3427990721260732,1.3863215426947373
2011-11-04,0.007671792887588052,-0.0018178264281125678,1.353140365908214,1.3838037399141212
2011-11-07,0.006550198534496746,-0.008274538209487758,1.3620327957462068,1.3724006457252196
2011-11-08,-0.0018931447663800035,0.011302353201147142,1.3594567097085923,1.3879999911537357
2011-11-09,0.000831203433710307,-0.014539888658694267,1.3605871645475687,1.3679646347189054
2011-11-10,-0.00020830320441066717,-0.007968247249991123,1.3603037793973556,1.3571076672259326
2011-11-11,0.0049983057895015785,0.019624710656769295,1.3671200142756639,1.3840035614017223
2011-11-14,0.008729867505703398,-0.0040024937126279525,1.3791070372979974,1.3784751669114357
2011-11-15,-0.0036432066781314026,-0.008511369644381261,1.3740918066380148,1.366792244584623
2011-11-16,0.00373913193494262,0.0015095666116184958,1.3792393348399568,1.368857066623163
2011-11-17,0.0006893370076961839,-0.012268872363984329,1.3801904233285167,1.3521653377106742
2011-11-18,0.0006788023431313248,-0.010487938296021682,1.381127617870779,1.3380580187413316
2011-11-21,0.0012341914549814494,-0.027913764926744022,1.3828332460943784,1.3012242578602646
2011-11-22,-0.0011347301595505152,-0.006656157413244657,1.381264993444471,1.292591865522221
2011-11-23,0.0012020593769472617,-0.013937596481472525,1.3829263543090446,1.2747012076841258
2011-11-24,-0.000658275467806802,0.003453250897861082,1.382016307379866,1.2791106798991176
2011-11-25,0.005301790104307235,0.003991171970584517,1.3893629256675728,1.2842260319264267
2011-11-28,-0.0019184226009242033,0.02744076641495674,1.3867000954635866,1.31995413992786
2011-11-29,0.0031562254520770506,0.012347097122761497,1.3910837478578428,1.3363527713067784
2011-11-30,-0.0020910872456037107,0.027888139276599944,1.388177909614625,1.3741457013467522
2011-12-01,-0.0031397186913217513,-0.010868030234968629,1.3838262565429935,1.359292304101765
2011-12-02,-0.005240791827583937,0.010092182325120547,1.3765928820677449,1.3730799867462162
2011-12-05,0.00022758623764104844,0.005900692424377851,1.3769062113158983,1.381206060575311
2011-12-06,-0.0022488530602745456,-0.005415716945442739,1.3738132307018502,1.3737460583715524
2011-12-07,-0.0030212312507245077,-0.003117604503993121,1.3696688868995075,1.3694699305737414
2011-12-08,-0.0015046838832804266,-0.01906153447995429,1.367609517938149,1.3436129520229385
2011-12-09,0.002855013337979887,0.004402308347883022,1.371519640422951,1.3495409894884285
2011-12-12,0.0010886488446627148,-0.02290452631521056,1.3730135567225128,1.3189817013732916
2011-12-13,0.0037026242120574565,0.006021486520722874,1.3781067332016814,1.3269478919938833
2011-12-14,-0.001137976844571211,-0.02200521191059579,1.3765393716296817,1.2980670523377495
2011-12-15,-0.002179343673027125,0.008491950924167213,1.373542685849618,1.3091371107139835
2011-12-16,0.007952856078428577,-0.0024553242640052986,1.3845098253849137,1.3059266975167105
2011-12-19,-0.0020291823448321915,-0.005605673862561389,1.381703250979637,1.298626578521455
2011-12-20,-0.0012427510018606916,0.012234563441801072,1.379987204410364,1.3146122975295127
2011-12-21,0.002986107683613715,-0.0025772298447588327,1.3841141534953174,1.3112286016359613
2011-12-22,0.00011801877204221012,0.006137745314697796,1.3842775145877273,1.3193013376981835
2011-12-23,0.002328646377390743,0.008105575078101168,1.3875047635097928,1.330038490353866
2011-12-28,0.0003546987859049485,0.002900379025572164,1.3879969970570072,1.3339017057808122
2011-12-29,-0.0004744079397279717,0.004295042291163398,1.3873386764298978,1.3396431911543611
2011-12-30,-0.00720602935729994,0.004623265654556619,1.3773774069040952,1.3458510567577597
2012-01-03,0.0007194497680481284,0.025322718381429965,1.3783687173162709,1.3803668363458108
2012-01-04,-0.002426832669797779,-0.00854832216248802,1.3750277027634408,1.368617306856467
2012-01-05,-0.0031587116125113826,-0.012655440525151107,1.3706912392156532,1.3514059900393678
2012-01-06,0.001268950453817772,0.009936157983126748,1.3724316825203169,1.3649007052423623
2012-01-09,-0.0016351803899140372,0.0005073151057715108,1.370189342961034,1.3655933156590185
2012-01-10,-0.00037858480586517316,0.009379312875251955,1.369670708274431,1.378461897515775
2012-01-11,0.00277780806257365,0.002403384727310609,1.373480679845941,1.381778856154677
2012-01-12,0.006314603033071487,0.00901200415601977,1.3821811060714773,1.3942877333153285
2012-01-13,0.0024233885274374334,-0.000841112694789814,1.3855347298321785,1.3931154732731603
2012-01-16,-0.000668929487917919,0.001996477046986911,1.3846082147160492,1.3958995746117948
2012-01-17,0.0010563363234905557,0.010782854726254953,1.3860715994442028,1.4110327999946932
2012-01-18,-0.0016124349894124825,0.0064836666363561335,1.3838384499874274,1.4202111889365496
2012-01-19,0.005411540039227501,0.01371277315170083,1.3913474464599653,1.4398203636048579
2012-01-20,0.0001072126443396304,0.0016271079736434046,1.3914966244956384,1.4421650137813078
2012-01-23,0.004111236754244405,0.003844402250217982,1.3972291724181096,1.447719947062918
2012-01-24,-0.0038077593408480034,-0.012099406441162586,1.3919189763758768,1.4303089388503332
2012-01-25,0.0024993540154275968,0.0010704994279855384,1.395402225782072,1.4318409035886044
2012-01-26,0.0030498754086921084,0.014812842427692985,1.399664525152837,1.4532084032741068
2012-01-27,0.004568416859889552,-0.0049716011492453305,1.406073404237029,1.4460015603248204
2012-01-30,-0.0026116863908265133,-0.014896627217085623,1.4024059726378788,1.4246206611515417
2012-01-31,-0.003730437458925191,0.007007258890771695,1.3971841307977981,1.4346384044150142
2012-02-01,-0.0012835885768869935,0.0230937281276411,1.395391871715418,1.4681550765650646
2012-02-02,0.004671645757368384,0.005925608201508226,1.4019258986790932,1.4768806148569615
2012-02-03,0.00014493921715984692,0.013323572465042233,1.4021291074474682,1.4966896110128693
2012-02-06,-5.659224340458615e-05,0.0002224901963572279,1.4020497600609794,1.4970226468255372
2012-02-07,-0.0022396533057890684,-0.003923077085309146,1.398913168430992,1.4911612165225847
2012-02-08,0.0026760997699261475,-0.0028449091325395415,1.4026618132758173,1.486925027003871
2012-02-09,0.001002964456110542,0.0064920388529490225,1.4040693389495973,1.4966096043625612
2012-02-10,-0.001164105096512359,-0.005981573426158349,1.4024358056629536,1.487684244583063
2012-02-13,-4.4063962897040966e-05,0.009624370625830991,1.4023740101451352,1.5020713916903154
2012-02-14,-0.0012831484705263648,-0.002655213676662882,1.4005757100686451,1.4980883614260745
2012-02-15,0.0023842718984679054,0.0038341259317959953,1.4039190475047496,1.5038432462873983
2012-02-16,0.0005116415973007183,-0.007602638134434514,1.4046375346769844,1.4924534214941585
2012-02-17,0.0009682284136967092,0.009664468075250454,1.4059982032616978,1.5069471140430408
2012-02-20,-0.00012355348172970912,0.009501927708697622,1.4058244980195438,1.5213342611502925
2012-02-21,-0.0004271470069237086,-0.003570243309901855,1.4052241325242452,1.5159124121016367
2012-02-22,0.0007642116900224457,0.006106384620885308,1.4062984316771232,1.5251974765772416
2012-02-23,-0.001495265876267183,0.004922706100717988,1.404197212952213,1.5327240859435343
2012-02-24,-0.0002755946386887252,0.0018495278954411276,1.4038102770498406,1.5355615250490418
2012-02-27,0.0019023294413914147,-0.004774142973731799,1.4064833283760025,1.5282480065660085
2012-02-28,0.0014471333224905807,0.00496499795421812,1.4085201707037636,1.5358546225826128
2012-02-29,-0.0015166374268126542,-0.006936903674864325,1.4063855754091754,1.5252374148563372
2012-03-01,0.0009282495483289479,0.007474541032921778,1.407691658275959,1.5366805774164503
2012-03-02,0.0018711190117024635,0.00026003518409112303,1.4103280826630753,1.5370802203916534
2012-03-05,0.0018679150352637743,-0.010831238117903652,1.4129649176184826,1.5205215757121144
2012-03-06,0.00235994313607107,-0.023939224199923004,1.4163033722094107,1.484553707943983
2012-03-07,-5.481959203313064e-05,0.012750271252620848,1.416225733164441,1.5036033564285876
2012-03-08,0.0033478298800510937,0.01506267349792445,1.4209749613590903,1.5264230743862819
2012-03-09,-0.000766693488282235,0.006055739122992065,1.4198859266404642,1.5356947393741092
2012-03-12,0.0020298709510714386,0.003109351672375027,1.4227710390490755,1.5404771856808666
2012-03-13,-0.00018686217514870206,0.015973507578255663,1.4225052017962174,1.5652815889346767
2012-03-14,0.0035296003127058147,1.7037609360670558e-05,1.4275349478762251,1.5653082578181148
2012-03-15,0.0002478825108042394,-0.004349761297534727,1.4278888526849596,1.5585143272396904
2012-03-16,-0.00016801949344321526,0.00796869432940106,1.4276489596771533,1.570983266121244
2012-03-19,-0.001349047782731806,-0.00062772628722918,1.4257242915401198,1.569997428078901
2012-03-20,-0.0006610715283878951,-0.013006866356079172,1.4247820972668686,1.5497089123895949
2012-03-21,0.001161643173866216,0.0020265880164949124,1.4264381473478165,1.552852718424334
2012-03-22,-0.00012349022905623012,-0.009057054770410744,1.4262620070502927,1.5388519448966227
2012-03-23,-0.001021997795434766,0.0012976678188358903,1.424805115020404,1.5408501597726314
2012-03-26,0.0020574254982038504,0.014419984059040658,1.427739563063005,1.5632301663839119
2012-03-27,0.0003546287316867786,-0.0020473106010641118,1.4282459703214077,1.5600330225823005
2012-03-28,0.0013381583265857225,-0.010386180982854043,1.430158468886558,1.543914089249175
2012-03-29,-0.0008784707903556822,-0.013787826442172246,1.4289026681189674,1.5227729498425944
2012-03-30,0.0002032519077897789,0.009395006721975463,1.4291931248292489,1.5371468275541853
2012-04-02,-0.0008800707897380659,0.01001984917850507,1.4279358870174759,1.5526262280532985
2012-04-03,-0.0011826239872548573,-0.0013994915199155855,1.4262481739469104,1.550454860573126
2012-04-04,0.0015389399667572017,-0.024906343434237144,1.4284447740486315,1.512315625324823
2012-04-05,0.0003065225528842239,0.002472133071917071,1.4288826916998165,1.5160588958223644
2012-04-10,-0.0004086153608694862,-0.02170903632245924,1.4282989475546417,1.4835013928312215
2012-04-11,0.0009079023654777131,0.00874381337081509,1.4295962923898429,1.4965297278043674
2012-04-12,0.0022935244959988122,0.01593958289728903,1.4328788694022896,1.5205749134789883
2012-04-13,0.001177006609690914,-0.009099967080741678,1.4345663702074491,1.5068005002301992
2012-04-16,-0.003475972414271541,-0.004936461733946018,1.4295885135364321,1.4993805663976494
2012-04-17,0.0024299737194563385,0.015069650579086158,1.4330666001720793,1.5221468164963576
2012-04-18,-0.0013403415169319182,0.0004987418556368084,1.4311470881995043,1.5229061641676618
2012-04-19,0.0004363061920645532,-0.0007875738757547879,1.4317716427744474,1.5217072352420595
2012-04-20,-0.0016659716132739907,0.00191538330554053,1.429388337671449,1.5246246809978758
2012-04-23,-0.0010069272045579102,-0.02327471480341714,1.427949772055344,1.4895492451340024
2012-04-24,0.00028872777998619923,0.008069999592155597,1.4283621203483003,1.501618541040354
2012-04-25,4.189014273031535e-05,0.005511636980353174,1.4284219558946434,1.5099177674736155
2012-04-26,-0.0023063863558875127,0.002370507691592749,1.4251312592527516,1.5135012848547684
2012-04-27,0.00019499465613866866,0.010358595641474011,1.4254091793281862,1.5292605134917876
2012-04-30,0.0014881751705797574,-0.0054242848485976936,1.4275320170622012,1.5209878258498506
2012-05-01,-0.00020294972656653503,0.0075301519572228415,1.4272423292267014,1.5324843261768377
2012-05-02,0.0038578788088206323,-0.0024369239858330616,1.4327590918221635,1.5287543250749551
2012-05-03,-0.0014256321550424405,0.0006445707390287936,1.4307179596879385,1.5297400330251854
2012-05-04,-0.0003959451441709975,-0.028898374337098076,1.4301515859929783,1.4861656793325644
2012-05-08,-0.0018253513783910353,-0.025758749194576325,1.4275434379416738,1.4483727492925917
2012-05-09,0.0013069429448496453,-0.0077837031622109976,1.4294103754910443,1.4371428077078539
2012-05-10,0.0006336787049061715,0.014283608183454533,1.430316449456134,1.4578176969766983
2012-05-11,-0.0019457018588008804,0.006648536535355021,1.4275361857410094,1.4675423427066019
2012-05-14,-0.0010481313220220593,-0.018580541982267107,1.426040724208358,1.4405263735092912
2012-05-15,-0.0012728096549234902,-0.008460227655088914,1.4242268004410001,1.42839060053252
2012-05-16,-0.0013027298551292795,-0.0044116939403355815,1.4223726256742304,1.4221028583709279
2012-05-17,0.002676517629869735,-0.007748641219004426,1.4261847303900852,1.411126076040663
2012-05-18,-3.3753733541717684e-05,-0.015315545555537824,1.4261365921431417,1.3896785697048513
2012-05-21,0.007316369572426406,0.00034499835564716363,1.4366089977920697,1.3901580892382466
2012-05-22,0.002068581720031224,0.013704711284537652,1.4395838166709332,1.4093409520479159
2012-05-23,0.00029616650717872095,-0.019451613789884803,1.4400102363242002,1.3821918986176545
2012-05-24,-0.0016858852856069147,0.009286221294731334,1.4375845895113093,1.3950870192657312
2012-05-25,0.0016340535849797895,-0.005265689524581063,1.4399356000790096,1.3877602313870383
2012-05-29,0.00388773880607434,0.022814353543935795,1.4455445896681687,1.4197850071700264
2012-05-30,-0.001589073308841434,-0.015421560071462892,1.443249337488963,1.3980576726963063
2012-05-31,0.0015371749635698677,0.0060229499153443555,1.4454695702426574,1.4065035129424093
2012-06-01,0.008823862987934123,-0.02023518053429285,1.4582806340968557,1.3783286831907084
2012-06-06,0.006554397240574059,0.022656864564739365,1.4678701771676455,1.4099137476272818
2012-06-07,-0.0026197368680225316,0.015125288618909494,1.464029776163494,1.4314011922421914
2012-06-08,0.008132079032390934,-0.004299521195175515,1.4759839221610973,1.4252600638934407
2012-06-11,0.002486472694099484,-0.003820711886088901,1.479658482334069,1.4198249454491236
2012-06-12,0.004141258298570114,-0.009142640591351281,1.4857988359226155,1.40690315591761
2012-06-13,-0.0013931691317774675,-0.002142256778739693,1.483730308087512,1.403892434115826
2012-06-14,0.006708654231884095,0.003410192317632621,1.493717604900991,1.4086881498182415
2012-06-15,0.005046349741512202,0.014560753243328506,1.5012744776250206,1.429349769691427
2012-06-18,0.0029454755420005004,-0.0007738348965755648,1.505702963677642,1.4282441168117923
2012-06-19,-0.0016744322123079484,0.013847749762206263,1.5031838757426534,1.4481596584093306
2012-06-20,0.002386159486650415,0.013876306889763157,1.5067749949956601,1.4683948363317612
2012-06-21,5.2406381335623736e-05,-0.007110498548231092,1.506853961689796,1.4579908495808627
2012-06-22,7.026967100734585e-05,-0.01109865048223746,1.506959851542319,1.441898585131174
2012-06-25,0.0018287007843047188,-0.014189385877623195,1.509718151488708,1.4215834005584336
2012-06-26,0.0044437567190140585,-0.0005624086028319653,1.5164418999549452,1.4207841146080318
2012-06-27,0.0011282454248327206,0.008086890075073683,1.51815378412174,1.4323204231220008
2012-06-28,0.0005691734554720725,-0.005942116791638696,1.5190181229130006,1.423834644596799
2012-06-29,0.0007133014913492039,0.02255371275990825,1.5201020273348238,1.4563122710297494
2012-07-02,-0.0007054399889793387,0.014655971461436934,1.519030064724514,1.4778131151324332
2012-07-03,-0.00018962120067072966,0.008643280398112907,1.5187420517273342,1.490641628617977
2012-07-04,-0.0014167656262063931,-0.002559136055090505,1.5165918737021884,1.4868317509579014
2012-07-05,0.0015765502141822359,-0.0027184359078269438,1.5189847426889325,1.4827953829267906
2012-07-06,-0.010122681647724688,-0.005432149136840536,1.503686105961268,1.474762455051549
2012-07-09,-0.0032981684533060383,-0.007916990917099298,1.4987348653839143,1.4631328704916093
2012-07-10,-0.0015397029118780557,0.007456240418573401,1.496429034550307,1.4740831140305521
2012-07-11,-0.0016557729866283712,-0.008868470589446176,1.4939533379398886,1.461068048453068
2012-07-12,-0.0032080233257658734,-0.003992367453431456,1.4891683800161521,1.4552465564292123
2012-07-13,-0.002781149969044027,0.01089784487055745,1.4850325332929888,1.4711923371581719
2012-07-16,-0.005009098106581735,0.0028482191274701307,1.4776124590968516,1.4753885883977869
2012-07-17,0.002052163124596477,-0.0050781624324383046,1.4806478744162754,1.4679153167983667
2012-07-18,0.0007926355441635694,0.00601678355861246,1.4818219537969826,1.4767740694153313
2012-07-19,-0.0052754382215963284,0.014045232571071153,1.4740252771492615,1.4976620495674369
2012-07-20,0.003866232394724305,-0.00656807452280006,1.4797352323206647,1.4878575272793406
2012-07-23,-0.00215261811179133,-0.024654784177593925,1.476553353372715,1.451623230861077
2012-07-24,0.001606691945111881,-0.0010099712195419386,1.4789276266041878,1.4501578732853382
2012-07-25,-0.0006923705235649768,-0.0011489341041528434,1.4779040151091458,1.4484926942219993
2012-07-26,-0.0017446576398174813,0.015160274329623746,1.4753278265152816,1.4706195415788055
2012-07-27,-0.0007557601219469617,0.012557268319929094,1.4742132538050574,1.4892029399256739
2012-07-30,0.0009445661868664189,0.005343991376118851,1.4756064036543712,1.497182530034042
2012-07-31,-0.006804805400206893,-0.009135031314663422,1.4655992761232237,1.4835679999937548
2012-08-01,-0.003418372229171511,0.0044349148422675455,1.4605978654705059,1.4901621090845802
2012-08-02,0.004420796581855735,-0.009846153435256966,1.4670691651320698,1.4755617410019508
2012-08-03,-0.0004549160199680847,0.02006529179143257,1.4664019236473773,1.5054683569795255
2012-08-06,-0.0004249858864013565,0.011026470204376082,1.4657788559329057,1.5221602159841319
2012-08-07,0.0018516180363904444,0.0030147745651820657,1.4684954327550852,1.5267561101989495
2012-08-08,0.0001299348749148829,-0.0021399910482031714,1.468686253922347,1.5234923592348033
2012-08-09,-0.004752926505856295,0.0024104052564286604,1.4617222588854875,1.527169022569812
2012-08-10,-3.397354291982202e-05,0.0005929683227794413,1.4616725998451399,1.528074853961845
2012-08-13,-0.0003743620746096141,-0.0029684493832817793,1.4611255074699694,1.5235455669095617
2012-08-14,0.0028162792482146516,0.0058846520819049175,1.4652462447655499,1.5325375338515947
2012-08-15,-0.0017098786868631317,-0.0005390911922749098,1.4627429921796347,1.531711579017756
2012-08-16,0.0006762759844269218,0.0003652280365713523,1.4637325447042242,1.5322711052014593
2012-08-17,-0.0003485413337175566,0.01001719485306829,1.4632224623084502,1.5476972980258135
2012-08-20,-0.0010090604212198422,-0.004727920501091276,1.4617467271125006,1.5403971790305555
2012-08-21,-0.0012298706941915184,0.006568213310677251,1.459950072703263,1.5505481366190956
2012-08-22,-0.0017821365149383638,-0.01254449182465045,1.4573505594005074,1.5312187900886993
2012-08-23,0.0010045118476398013,-0.0024302535076845544,1.4588152208153027,1.527502058382479
2012-08-24,0.003913617354682978,-0.0015186505494781954,1.464535651868518,1.5251840770894662
2012-08-28,0.0016591177253294281,-0.006475525902356338,1.4669675057359972,1.5153396165222708
2012-08-29,-0.0036418249378060443,0.0010982784304260917,1.4616347832055465,1.517004795585611
2012-08-30,0.002697560668223884,-0.005441669800765325,1.4655829545296857,1.5087721763148825
2012-08-31,-0.003223939197063242,0.007415536421792268,1.460865612493896,1.5200021178996213
2012-09-03,0.005188132597915234,0.008108820980675446,1.4684644718996542,1.5323776506430924
2012-09-04,0.001300898766019333,-0.006480061973114459,1.4703760386269054,1.522479852309025
2012-09-05,0.0012620300132403124,0.0015125581688995027,1.4722328687596296,1.524784434114263
2012-09-06,0.0008913091254871084,0.019920717668968635,1.4735456683185997,1.5554637972509193
2012-09-07,0.003959917625192631,0.011207523691179944,1.4793923563434481,1.5729947503929116
2012-09-10,-0.0004311209444693157,0.0028330427625338217,1.4787546967776142,1.57745743028266
2012-09-11,0.00412134380992823,-0.005173143957421189,1.4848617292395632,1.5693180870579038
2012-09-12,0.001367763270960907,0.0026025675415350946,1.4868940581308425,1.5734076627637736
2012-09-13,0.012289219115211077,0.0029927310996296086,1.505279565387384,1.5781235019079962
2012-09-14,-0.002089777990183803,0.022502649135402564,1.5021371499015457,1.6140380319092553
2012-09-17,-0.0024120774068068667,-0.002909389063006529,1.4985182451141812,1.609348991740582
2012-09-18,0.008673369858069916,-0.012259378486838557,1.5115719761788737,1.5897398170722734
2012-09-19,-0.0011086871076652427,0.0033880046410157405,1.509897044475736,1.5951349972374937
2012-09-20,8.137236369062419e-06,-0.003781941231158825,1.5099093309148686,1.5891136837260362
2012-09-21,-0.0018010809638300193,0.0017588680777116394,1.5071923094841142,1.5919111845524476
2012-09-24,0.00026566627332903054,-0.003932440800765491,1.5075927728406133,1.5856633806699518
2012-09-25,0.0006890613231667741,0.002374775602620005,1.5086319547003597,1.5894334501430432
2012-09-26,0.003067594131286472,-0.016350657139470925,1.5132669307088262,1.5636564782425493
2012-09-27,0.004199974986726605,0.001404715771931464,1.5196359795265182,1.5658545146061578
2012-09-28,-0.006235932177715337,-0.0017285723911566464,1.5101891182297476,1.5631501597336017
2012-10-01,-0.002531327437891396,0.011304472022656498,1.5063711693564006,1.5809210027344054
2012-10-02,-0.005921771603000826,0.0022641625185446657,1.4974771435277534,1.584504520115558
2012-10-03,0.004731261879800404,-0.0018260705603552196,1.5045788869090586,1.5816137432431796
2012-10-04,0.001557706251447083,0.0068577807197733875,1.506924405186961,1.5924973796195865
2012-10-05,-0.0055277126581779225,0.008910859062117638,1.4986175402105961,1.6067513124017732
2012-10-08,0.0003193662688676797,-0.007222595988213953,1.4990962245366177,1.5951882049122537
2012-10-09,-0.001836048553453117,-0.00525821814280647,1.496346336318719,1.5868223713164595
2012-10-10,-0.0017309228069068872,-0.0070345403519862515,1.4937585166223322,1.575698975173352
2012-10-11,-0.005626221047374334,0.005909021425885896,1.4853778987277266,1.5850373774158273
2012-10-12,0.004570447017459682,-0.005063948558623466,1.4921822773961526,1.5770311184240235
2012-10-15,0.0007966986117205303,0.0014687594963351813,1.4933715706362183,1.5793490997170367
2012-10-16,-0.002132281908112966,0.010872101502171105,1.4901906739434907,1.596613624208895
2012-10-17,0.0012789891269212508,0.005043502938065103,1.492097830969074,1.6046864903632332
2012-10-18,-0.0006013642574589494,0.0021063326793715476,1.4912008064111841,1.6080700561646704
2012-10-19,0.000351098973541017,0.00024849248425873327,1.4917244574049426,1.6084696991398701
2012-10-22,0.004592208240571618,-0.0028447707871990247,1.498590519879065,1.6039004738084888
2012-10-23,0.0029231963177740235,-0.012444251589155186,1.5029776031975313,1.5840648087691456
2012-10-24,0.0011282977514529653,-0.0023911481807008528,1.5046743664948035,1.5802815999925062
2012-10-25,-0.0011889709896573976,0.009188271700439898,1.5028864154457526,1.5948685685873594
2012-10-26,-0.0011525740288122878,-0.003874773432244183,1.5011552254490161,1.5887007713551742
2012-10-29,-0.0006537924477123082,-0.00043613724951541144,1.5001741022601873,1.5880080308464033
2012-10-30,-0.0009258900083463793,0.0028146288215040727,1.4987857488785696,1.592483980131812
2012-10-31,-0.006264432670824624,-0.0016157701602086405,1.4894260536655834,1.58991296967644
2012-11-01,-0.00042145643628791905,0.013052260976092356,1.488798457730354,1.6108009498285458
2012-11-02,-0.002347550019606055,0.002395448182772597,1.485307528050945,1.6146641652554918
2012-11-05,-0.0015979160217617712,-0.007477877067010752,1.4829360265893228,1.6026349377203535
2012-11-06,0.0036576585328262218,0.004238509852150685,1.4883700320105409,1.6094421376944368
2012-11-07,0.0029653710127881447,-0.010007179795785248,1.4927901517682698,1.5934164804072826
2012-11-08,-0.0013832297338058131,-0.005499415241265737,1.4907267074817603,1.5846776727197232
2012-11-09,0.0004706866344772048,-0.004490662095312459,1.4914285377767424,1.5775773752120674
2012-11-12,0.0026640989714999,-0.0033072077589988425,1.4954071483633282,1.5723686170466733
2012-11-13,0.00067241336868059,-0.000516905108860044,1.496413018263793,1.571556061700608
2012-11-14,0.0017510376402112733,-0.006676358572923036,1.499035589224212,1.561098737182838
2012-11-15,-0.0009207323112082851,-0.003008283115677912,1.4976560139287982,1.5564095669220503
2012-11-16,0.0010749855893956604,-0.009157218822384294,1.4992668382129681,1.5422222413023992
2012-11-19,0.001893904283643623,0.014390201589822738,1.5021089966386547,1.5645755790302451
2012-11-20,-0.002059036419765975,0.006450102246533973,1.4990192815177021,1.574699867735349
2012-11-21,-0.0005588646285864215,-0.0031774168191560648,1.4981817667141912,1.56970433054533
2012-11-22,0.0005821963300343307,0.006631480477020446,1.4990542565960556,1.5801483856674408
2012-11-23,0.004787722983959394,0.0022904858431544994,1.5062485214457353,1.5837718413276898
2012-11-26,0.0001471134258817971,-0.0038176202480677546,1.5064701271261403,1.5777371283284563
2012-11-27,-0.002765222734405381,0.0019907041454363394,1.5023101559560883,1.5808810644553093
2012-11-28,0.005374233755876466,0.0019698306931719145,1.510405655977996,1.5839982016066108
2012-11-29,0.002367891374296961,0.011372691642105082,1.5139863702005747,1.602115349815744
2012-11-30,-0.0009310676539480769,0.000631781674092835,1.5125774024866792,1.6031278567415226
2012-12-03,-0.0002757652967912117,-0.0005651997126481234,1.5121603436381845,1.6022220253494892
2012-12-04,0.0005525829862668293,0.0021510524061909564,1.5129961686266522,1.6056721983134608
2012-12-05,-0.00017486141616226687,0.004123120700572969,1.5127316271036848,1.6123062456833814
2012-12-06,-0.002732467098159841,0.0038017542117128045,1.5086037798759844,1.6184475041242468
2012-12-07,0.0001802434325665998,0.0031556692939549436,1.5088757203066543,1.623562856151555
2012-12-10,2.593437835194561e-05,-0.0007715252201112577,1.508914852567904,1.6223107195511925
2012-12-11,0.002027910215820391,0.0010176467640548026,1.5119779011562797,1.6239624991267558
2012-12-12,-0.012353547306699244,0.0027606271190041554,1.4934145085813826,1.6284518478999426
2012-12-13,0.003210507047395462,-0.001039470349819993,1.4982168312062447,1.6267599999531661
2012-12-14,0.004936860518620784,0.002666083751771353,1.5056316065245534,1.6311028650056247
2012-12-17,0.0031433561804571665,-0.0020930225066386754,1.5103717890784563,1.6276925002286364
2012-12-18,0.000567363779587539,0.0060950337063925275,1.5112289624668631,1.6376436363295763
2012-12-19,-0.0017225475423098288,0.008835651133793476,1.5086280394815614,1.6521773972496712
2012-12-20,0.0008374082541047764,0.0016434444430188933,1.5098919061665368,1.6548948914257717
2012-12-21,-0.0033943985347681463,-0.004873838673777442,1.5047754199019803,1.6468488242469852
2012-12-24,0.0021380082429062136,0.0026980502669715634,1.5079960838296402,1.6512981046489594
2012-12-27,-0.0001014779479967926,0.00015329748754489003,1.5078430632457047,1.6515512639034329
2012-12-28,0.0020930044869562087,-0.0030697915970083756,1.5110022905278484,1.6464891195508817
2012-12-31,-0.0016723611092879427,0.0012371127620696143,1.508477460863046,1.6485272727059859
2013-01-02,-0.0006791403664710366,0.018962535212807552,1.5074533407274873,1.680085798351238
2013-01-03,-0.0003086633661012753,0.003119117586104281,1.5069881169075665,1.685334364703617
2013-01-04,-0.006212298053159545,0.003440407525205913,1.4976552767699736,1.6911425873318124
2013-01-07,-0.0005596367921934184,0.0021324094777401825,1.496817368259155,1.6947526435042861
2013-01-08,-0.0024369052726259314,-0.006862037416453859,1.4931742069447058,1.6831629972234459
2013-01-09,-0.0005355677518151538,0.0058475007326563855,1.492374725099081,1.6930341266740747
2013-01-10,0.0007262467777010395,0.0017059973565434206,1.4934589510944698,1.6959249035464536
2013-01-11,-0.00044764627982367996,0.005249026962600212,1.4927905593636401,1.704850263325953
2013-01-14,-4.358772635368151e-05,-0.0030285539936425465,1.4927254934352836,1.699694842927432
2013-01-15,-0.0014623143918217237,0.0012297532027147895,1.4905442546802958,1.7017863338494108
2013-01-16,0.0013940914143639343,-0.0008771259192084102,1.4926236587313673,1.700294307390234
2013-01-17,-0.00022131614781158528,0.006559653883110528,1.492293353565366,1.7114843106958744
2013-01-18,0.0004906788054632711,0.007637561249007163,1.4930257699614005,1.724605921714988
2013-01-21,0.0007427214423956293,0.003762448542364183,1.494135084119511,1.7311068848519586
2013-01-22,0.002505754219090507,-0.002835957763238639,1.497883714021622,1.726204493615796
2013-01-23,-0.0018781277495217024,-0.001830586105482368,1.4950731371900914,1.7230474181853954
2013-01-24,0.001500789845094344,0.010153620664588914,1.4973186123437436,1.7406317090942578
2013-01-25,0.0010262291271971047,0.005320055959646908,1.4988559930339231,1.7499166434777484
2013-01-28,0.0015964227224171575,-0.0002740617658396616,1.5012507117819538,1.7494371239443511
2013-01-29,0.0007081058965349843,-0.0018978889920315822,1.5023141327260299,1.7461200352133344
2013-01-30,-0.00023869158093356132,-0.004672286290807293,1.5019555857834013,1.737980691988578
2013-01-31,-0.0019089321226986606,-0.0012271351771921957,1.499091189357834,1.7358492627875028
2013-02-01,0.004704687621026911,0.01865005086783711,1.5061605616739056,1.7685267107080502
2013-02-04,-0.0008128807041222388,-0.007469928690669647,1.504936730297856,1.7553651614098407
2013-02-05,-0.0037063273494514796,0.00498110820088371,1.4993692659311733,1.7641306379808346
2013-02-06,0.0011883028187931468,0.00743295028251012,1.5011520296781027,1.7772921872790466
2013-02-07,0.0025482355950028463,-0.0030702639404687204,1.5049821967250405,1.7718437994390708
2013-02-08,-0.0010278827938517232,0.005593027728549416,1.5034360461868723,1.7817815360522342
2013-02-11,0.0018852355047780341,-0.00012712263697167714,1.50627305057075,1.7815550456811955
2013-02-12,0.005519894877903469,0.007627740346688228,1.5146105092453779,1.7951962446049183
2013-02-13,-0.0031221445299095393,0.009380031106985598,1.5098890507022893,1.8121144638884448
2013-02-14,-0.0038311584439337226,-0.00756363485572642,1.5041154932848269,1.7984599955690617
2013-02-15,0.0028771438583850015,0.004279588465090356,1.5084492814150086,1.806173157027298
2013-02-18,-0.0008383098775886569,-0.004390701633965932,1.5071852633759861,1.798260174081463
2013-02-19,0.0014563757654558732,0.011490146298978487,1.509381890636714,1.8190416087919385
2013-02-20,0.00012415718567421706,0.006198282251645537,1.5095693028784105,1.830351557026986
2013-02-21,0.0020147405714252345,-0.013570672116987481,1.5126137592633633,1.8056802380061243
2013-02-22,0.00045055815928270003,0.008389842836947992,1.513295433289808,1.820893339947218
2013-02-25,-0.004958463614842454,0.0012282984536291508,1.5058103854498528,1.8231313145899226
2013-02-26,0.0012480571188032232,-0.010998703487036465,1.5076908960692166,1.803189104108947
2013-02-27,-0.0008352338724676722,0.006590234259819638,1.506432147311585,1.8151117862024577
2013-02-28,-0.008976517221629897,0.00574472389813252,1.4929701445427,1.8255691107202296
2013-03-01,0.0011827723060586705,0.0033946700945062247,1.4947370329908172,1.8317768462315105
2013-03-04,0.004799644780392992,-0.005549646548024256,1.5019284841893386,1.8216392881307475
2013-03-05,0.00042936941631125985,0.013567985798276894,1.5025735048120907,1.846523698034869
2013-03-06,-0.0003316976257048257,0.004462911381061474,1.502075187398018,1.854782986189033
2013-03-07,-0.00031928695864809364,0.00215955241652388,1.5015956709355232,1.8587928154288218
2013-03-08,-0.0010786520884035426,0.0046760378354786525,1.499976844861151,1.8675049542329443
2013-03-11,-0.0019848097177124525,-0.0004351967944113966,1.4970026288459546,1.8666923988868802
2013-03-12,0.00047086267417885386,0.0005208064012123259,1.4977076774845428,1.8676648374414466
2013-03-13,0.0017831154510680905,-0.003451012427680311,1.5003806455825814,1.8612306115591286
2013-03-14,-0.0003082837170666304,0.008005532114042424,1.4999181739500462,1.8761905542457442
2013-03-15,-0.0068991809479744745,0.0015324526705864372,1.489605582184588,1.8790679316303505
2013-03-18,-0.0011949135375097513,-0.0011207364796828045,1.487826695328539,1.8769631713127117
2013-03-19,0.0038601169052419155,-0.0038327564946047943,1.4935809792664583,1.8697829972468616
2013-03-20,0.0007835534400820601,-0.00037056111274225145,1.4947517383970763,1.8690902567380892
2013-03-21,-0.00302103297816004,-0.003562854071434529,1.490242858268242,1.8624428098803922
2013-03-22,0.007016228313710516,-0.0016608110079179284,1.5007355087766778,1.859352211520412
2013-03-25,-0.0005023374423784807,0.000265067421125309,1.4999818224577903,1.859845130541584
2013-03-26,0.000953261336013168,0.0019177380167612057,1.5014123788725917,1.8634152484349586
2013-03-27,-0.00034779442779455934,-0.009026773111729725,1.5008902868090161,1.8466703118477092
2013-03-28,-0.001525975238387889,0.004361981803981507,1.498601711994156,1.8547430479099332
2013-04-02,-0.002452228925506593,0.009578343422480984,1.494931299713085,1.8725937674689326
2013-04-03,0.001471528215305446,-0.006910054479797978,1.4971327526533629,1.8596986468208536
2013-04-04,0.0025804152303952506,-0.014764452340529033,1.5010009654614673,1.8324429178568484
2013-04-05,0.0031959067005501024,-0.020224028871110633,1.505805698153665,1.7957557707886218
2013-04-08,0.002496423674308679,0.0032217595974870505,1.5095695232437545,1.801550593929044
2013-04-09,0.001290564606985154,0.0055010543101676745,1.5115189779202631,1.8114883305422067
2013-04-10,-0.002554518712657215,0.01431067863416935,1.5076627019682014,1.8375983382553673
2013-04-11,-0.003360456293483302,0.01252068112717275,1.5026047705913794,1.8607509619336162
2013-04-12,-0.005439505691279939,-0.004398215225368318,1.494453532840448,1.8525849498254228
2013-04-15,0.0009921069144304211,-0.01195021518759809,1.495936926244428,1.8305779173059082
2013-04-16,-0.00029432286866486624,-0.0059851573742921715,1.4954967025840773,1.8196543426504004
2013-04-17,-0.0024845223951247006,-0.00944439805987507,1.4917857194539648,1.8025497013670482
2013-04-18,0.008034218408977247,0.0016097805538244359,1.503819327331043,1.8054537476350885
2013-04-19,-0.0005432564887457283,0.004689069925042588,1.503002589592694,1.8139395261602878
2013-04-22,-0.001524123495618128,-0.0018523976108344442,1.500713572847129,1.8105824991501722
2013-04-23,0.0010659274683453002,0.016491307377194175,1.5023140775259543,1.8406889366153503
2013-04-24,0.003286861966370226,0.005600327164254182,1.507260100523508,1.8510263162037162
2013-04-25,-0.001136472401145683,0.007956689225897762,1.5055481140148865,1.8658131062861683
2013-04-26,0.000676801740993678,-0.002222902074271005,1.5065674164935392,1.8616701928134247
2013-04-29,-0.0020963813209190245,0.0012728786114823976,1.5034123849329935,1.8640413817811976
2013-04-30,-5.124125916063527e-05,-0.0030705298677524695,1.503335350163048,1.858326565291086
2013-05-01,0.004887540793371845,0.005682787755826979,1.5107009481809996,1.8689171041339245
2013-05-02,0.001328516260453764,-0.007095996329480769,1.512709272705851,1.855702217068842
2013-05-03,0.005526955007711341,0.012555271683915237,1.5210930959609341,1.8791479382806577
2013-05-07,0.001692091431299586,-0.0003403199587417305,1.5236691033602126,1.878508535538761
2013-05-08,0.0028726165383117985,0.006495897576726861,1.5280523130516053,1.8907508539571605
2013-05-09,0.00035514203854716646,0.006201959588047146,1.5285950850399395,1.902513652842168
2013-05-10,0.001263344191919179,0.002384882652076925,1.5305274471246189,1.907056339382226
2013-05-13,-0.0007345534997756057,-0.0011042792022220027,1.52940360564321,1.9049515790645872
2013-05-14,-0.0007540293499083344,0.005425837166622927,1.5282508251064975,1.9153156275363885
2013-05-15,-0.000217148156061487,0.0068136969838317185,1.5279190042862696,1.928410569672067
2013-05-16,0.0007169509763107424,0.006232266018885824,1.5290148400914516,1.940466466090645
2013-05-17,0.001441926781374344,0.008653597526681267,1.5312211578305437,1.9573313476073
2013-05-20,0.002972444552527124,0.0018903100243630178,1.535779399023286,1.9610348099178574
2013-05-21,-0.0007571795098649365,0.005730454086053882,1.5346169784667232,1.9723046897816956
2013-05-22,-0.0002867940472098668,0.001255475069747547,1.5341769225582755,1.974782424191099
2013-05-23,-0.0011471257693715868,-0.02157465200417441,1.532418037699583,1.9326334897951214
2013-05-24,0.0022636956700990674,-0.007937579142518913,1.5358908950393648,1.9173537806914946
2013-05-28,0.0006721273192471254,0.015812648969417253,1.5369235562703403,1.947913198898745
2013-05-29,0.0010071288404144044,-0.016048929964668446,1.538472216028424,1.9169007999494219
2013-05-30,0.003307648502753328,0.003683413833387661,1.5435693664942212,1.9239745586657537
2013-05-31,-0.004517156607803498,-0.006376424890135013,1.5366125462832687,1.9117455096430143
2013-06-03,0.0007478174832606886,-0.008207345918439302,1.537762081778176,1.8961193652389439
2013-06-04,-0.0025850517938125163,0.0018110264487294359,1.533792020767712,1.8995563988993684
2013-06-05,-0.0028382313526841506,-0.018580461325955255,1.5294449361000526,1.8645876385692435
2013-06-06,0.00039481221639442953,-0.011258489368735525,1.5300488988632208,1.8437129278127984
2013-06-07,0.0032844842462877335,0.011836993647937888,1.5350825823694634,1.8656666225654412
2013-06-10,-0.0008853446643282677,0.0014413167703910545,1.5337241066442118,1.868357577950218
2013-06-11,-0.002958407700460527,-0.015745230293482848,1.5291934305347181,1.839170241272738
2013-06-12,-0.004057507191315876,-0.0030176812643141204,1.5230012880200912,1.8336285773867895
2013-06-13,-0.0008738749601911329,-0.006311393727026271,1.521670956686432,1.8220922688728218
2013-06-14,0.002520489319508682,0.010509072685129794,1.5255111496301972,1.8413417388450246
2013-06-17,0.0018584327459389308,0.006130607781344111,1.5283488455217193,1.8526649564757325
2013-06-18,-0.00045895123143335835,0.006236176842755015,1.5276475688752071,1.8642546027565738
2013-06-19,-0.005737818794794613,0.0011426613505225447,1.51890730295305,1.8663860319576493
2013-06-20,0.0029412953014378795,-0.024786475143393716,1.5233814345120549,1.8206935184596147
2013-06-21,-0.0059585287669204675,-0.009003342163005357,1.5143313118958281,1.8043747636388905
2013-06-24,0.0035108781452835333,-0.020338484741612817,1.519657288560236,1.768047191174657
2013-06-25,-0.0005272040601849296,0.013946641086324263,1.5188563302204137,1.7928782633119031
2013-06-26,-0.003100022747605289,0.011120380030735788,1.5141551317224595,1.8129270192345095
2013-06-27,0.0036462458334197007,0.01411829398684894,1.5196861912360047,1.838703991135002
2013-06-28,0.003118675506554404,-0.0003187888851687859,1.5244329973649258,1.838117926159976
2013-07-01,0.001081644908684694,0.016709636848242226,1.5260827846363096,1.8690902567380892
2013-07-02,0.0005999101901824831,-0.0014835494295954987,1.5269985719174706,1.8663194247951151
2013-07-03,0.0027321390212097212,-0.003031048095600397,1.5311762486992968,1.8606710853754214
2013-07-04,0.004301223840831623,0.024854124340702555,1.5377763645971785,1.907495920636525
2013-07-05,0.005374934997681074,-0.003680177154933517,1.5460640655722897,1.90048889917484
2013-07-08,0.003694687686039234,0.014391527352895395,1.551786854886779,1.9280375955803042
2013-07-09,-0.005448381399247022,0.010132789543940035,1.5433551187660381,1.9476733090399325
2013-07-10,0.012005388279097315,-0.006133391071369232,1.5619953640270166,1.9357640264341982
2013-07-11,-0.0015242395613110572,0.007527736848944144,1.5596163224738122,1.950390933308149
2013-07-12,-0.0012240070164191482,0.003980890988019681,1.5577085089789238,1.9581707019289167
2013-07-15,0.003499720081410204,0.004249608148494843,1.563169603305547,1.9665098666412724
2013-07-16,0.001456911780086998,-0.005420422327052421,1.5654486633064322,1.9558793895193358
2013-07-17,-0.00022052679837536058,0.0028632879218903895,1.5651034779873978,1.9614876605678204
2013-07-18,-0.0009842792314383808,0.006464934378367815,1.5635637370307947,1.9742096286117305
2013-07-19,0.00024567322840014826,-0.0003306538669090031,1.5639479099704512,1.9735569564741706
2013-07-22,0.004690928652662118,0.0023394450994125293,1.5713015121596599,1.9781793894803115
2013-07-23,-0.002200325013425499,-0.0018468324827392024,1.5678479390238527,1.9745293950287386
2013-07-24,0.0023376928037860166,0.0008698981337396106,1.5715173732022132,1.9762477817668347
2013-07-25,0.008086897635826078,-0.004540035413665322,1.584277599111655,1.9672958831960152
2013-07-26,0.00157247009943638,-0.0028684835814623,1.586770787984208,1.9616608131719833
2013-07-29,0.00730264839230915,0.0008010577253525497,1.5984008304991653,1.9632328462814659
2013-07-30,-0.0011327110852909633,0.006256932444342667,1.5965913291742964,1.9755551713501782
2013-07-31,-0.005488934179229512,0.0028953518798431332,1.5878517518820303,1.981283387328065
2013-08-01,0.0037016996480608386,0.012581122181206439,1.593740394422022,2.0063676187197856
2013-08-02,-0.0020629033870725793,0.004689793330594938,1.5904560507708054,2.0157991669161173
2013-08-05,-0.0028492584631405913,0.0042995064381639025,1.5859308801596048,2.0244847669289197
2013-08-06,0.0010322289847673098,-0.005416994898345351,1.5875687691747702,2.0135477927856393
2013-08-07,-0.0026135410231794436,-0.009639365968334701,1.583425010369922,1.9942317156509024
2013-08-08,-0.0011528346725178402,0.007725579272401362,1.5816006349203262,2.0096979768464647
2013-08-09,0.0026906802209764324,0.0025950440592961144,1.5858619468090913,2.014920004407522
2013-08-12,-0.0014416197872360093,-0.0032116786095581773,1.5835773839778993,2.0084591096417657
2013-08-13,-0.0008474933993414112,0.001583912551609501,1.5822358811353276,2.0116428539556024
2013-08-14,-0.00435902581194954,-0.0009606753416395719,1.5753538843867243,2.0097112462421283
2013-08-15,-0.0004839942460978636,-0.026415844380565545,1.5745916066550114,1.9573180782116404
2013-08-16,-0.005874316123432238,0.009591073890884871,1.5653690723537932,1.976181174604304
2013-08-19,-0.004203211014253817,0.0020606601369070887,1.558803304148562,1.980257611006627
2013-08-20,0.002077310082120433,-0.006147302630189699,1.562044787585783,1.9681217079377398
2013-08-21,-0.00018304203298236121,-0.002100471062167486,1.5617588938983331,1.9639920638606585
2013-08-22,-0.0007911454773988561,0.007467083583541978,1.5605238040449352,1.9787122467805798
2013-08-23,-0.0017648895248925606,0.006676376264424633,1.5577720808877822,1.9919670721247582
2013-08-27,-0.0022706996768978665,-0.012455932316713714,1.5542388612854636,1.9673091525916777
2013-08-28,-0.0006607009339911294,-0.009675598637883809,1.5532123133760911,1.9483660495487045
2013-08-29,-0.0012934445330366633,0.007492814839823225,1.551204618101854,1.9630196253060916
2013-08-30,0.001996974670074368,-0.007533812369828752,1.5543054295227587,1.9482861729905083
2013-09-02,0.0019791516284980355,0.016969482719543905,1.557384681793225,1.9816296925363934
2013-09-03,-0.0014845111874748802,-0.0009415879903382773,1.555074442022564,1.9797646919854544
2013-09-04,0.0003934160352986239,-0.0006731060732718674,1.5556863536041605,1.9784325487347825
2013-09-05,3.567231205887786e-05,0.00843483823429736,1.55574184952306,1.995190884809807
2013-09-06,0.003412634735260561,0.004729306542271772,1.5610600976556024,2.004649101889574
2013-09-09,0.003948763243425327,0.002959445423584839,1.5672365410206373,2.01059053884284
2013-09-10,-0.0013702372781331845,0.011711512040490035,1.5650905256993455,2.034276019821355
2013-09-11,0.002705329580601059,-0.0016319300149891802,1.5693303438617163,2.0309589310903386
2013-09-12,0.0007598382630408464,-0.0035285122864578966,1.57052323424882,2.0238052958158073
2013-09-13,0.0032645989114063025,0.001841366861375704,1.5756587408132405,2.0275352969176885
2013-09-16,-0.0016478538186883677,0.0047129187850529775,1.573064423655015,2.0371134589268647
2013-09-17,0.0012362698556598571,-0.009177493109985946,1.5750103583853736,2.018503391696561
2013-09-18,-0.0008389723986703727,-0.004173053647802405,1.573689522317046,2.0100976198216687
2013-09-19,-0.0015314378234492453,0.003169389205288198,1.571281359106972,2.016478507937115
2013-09-20,2.7639441462860284e-05,-0.006947451938343008,1.5713247890463056,2.0025176726885014
2013-09-23,-0.0001543029065067928,-0.007438265491451546,1.5710823477694675,1.9876776749312908
2013-09-24,-0.003080851822999583,0.00949175531441071,1.566249524283404,2.0066340473699205
2013-09-25,0.0004017332405382239,-0.002286348904050328,1.5668788651854018,2.0020514225507666
2013-09-26,-0.0009371662365409002,-0.0012916497415602635,1.5654111270809221,1.9994671426997317
2013-09-27,-0.002211134737840824,-0.005645712259253699,1.5619536160788536,1.9882105322315562
2013-09-30,-0.004793466962659299,-0.0011195750176078434,1.5544843591431088,1.9859858269845123
2013-10-01,0.0020129303250028315,0.0038963044057496177,1.5576165792621846,1.9937389267218446
2013-10-02,0.0030843152977717155,-0.005030577963156091,1.5624281763324976,1.9837344528540324
2013-10-03,-0.003225237272203156,-0.002575271639008392,1.5573970923240574,1.978632370222385
2013-10-04,0.001115195051615296,-0.0009295239551363466,1.5591348626511523,1.9767940385548783
2013-10-07,0.0010053817990037894,-0.004606542033796401,1.5607031767093553,1.967708795566879
2013-10-08,-0.0013129280237010937,-0.007024846101211679,1.5586554303379279,1.9539343823180881
2013-10-09,0.001946035977960618,-0.002020065778216562,1.561691583155745,1.9499912903329464
2013-10-10,0.0013992905324347322,0.017512085591663507,1.5638783730230028,1.9844404627584655
2013-10-11,0.001870380917019918,0.004901852471050461,1.5668061584719328,1.9941917773718048
2013-10-14,-0.0014815002345433103,0.005834765405630549,1.5644866533785884,2.0058614303029554
2013-10-15,-0.000603201100290324,0.004704207216349232,1.5635432378711223,2.0153196473827237
2013-10-16,-0.0035530366325741297,0.005813113667555214,1.5579977689313607,2.027069046779953
2013-10-17,0.0026345369424083244,0.0010050270153154628,1.5621077832248182,2.0291073300271716
2013-10-18,0.0028361161585494545,0.010403991663906709,1.5665443907435135,2.0503283459919457
2013-10-21,0.0007349881541111096,0.008462442221441435,1.5676962055468657,2.067752753692309
2013-10-22,0.0010842178011675105,-0.000612221901223009,1.569396851448426,2.066487217604168
2013-10-23,0.001919185235887443,-0.0011287592910136368,1.5724117068225576,2.0641559669154934
2013-10-24,0.0011900241478991465,0.0020566375023811645,1.5742840285571957,2.0684055559219816
2013-10-25,0.0003180955938725551,-0.0022761124161512214,1.5747848810254421,2.06370298617342
2013-10-28,-0.0006833606862482753,-0.004062036210914499,1.5737091025626695,2.055337152577626
2013-10-29,-0.0022899999675814785,0.006891847599879597,1.5701094319646804,2.069551147080714
2013-10-30,-0.0026389732740545366,0.0030528487485703693,1.565971417592542,2.075878827521402
2013-10-31,-0.0005718702979270306,-0.006631708301895856,1.565076141066844,2.0621577520394863
2013-11-01,0.0015157267983399827,-0.0015709881807577375,1.5674501676486436,2.0589206699587796
2013-11-04,0.00411445413723291,0.0008213785226338643,1.5739126551632698,2.0606125179055557
2013-11-05,0.0014227679914742136,-0.006537886905036316,1.5761535614772837,2.047184409865093
2013-11-06,0.00047601605101177055,0.0023528479498402532,1.576904014471071,2.0520067944509486
2013-11-07,-0.002385355887867263,-0.0009287608542205561,1.5731470198615745,2.0501018556209085
2013-11-08,0.0011970761312851599,-0.003091293156936459,1.5750313242129188,2.0437741751802188
2013-11-11,-0.0014279823564743153,0.005097167930562918,1.5727838123566014,2.0542182303023315
2013-11-12,3.411586917696774e-05,-0.003332358675713465,1.5728374701586736,2.0473842313526953
2013-11-13,0.005044918884091453,-0.012393391008435728,1.5807923566201678,2.0221667856359056
2013-11-14,0.004555729524770665,0.005131843525617796,1.5880104483845465,2.0325709024789202
2013-11-15,0.00230486005754515,-0.0007409255530816949,1.5916748115379196,2.0310654765319693
2013-11-18,-0.0009239548217071911,0.0028752187620852965,1.5902048551124468,2.036913637439262
2013-11-19,0.0024437361758431206,-0.0016298150912739118,1.5940956483437043,2.0335965487082426
2013-11-20,0.0020598170074331954,-0.005702200834958759,1.5973825777460193,2.022033571310839
2013-11-21,0.0007403680784789453,-0.0019981874393213417,1.598565666722315,2.017997203279728
2013-11-22,0.0033674304571811677,0.0025843854456688575,1.6039577991563545,2.0232192308407835
2013-11-25,0.0026888308784556274,0.007360415362276385,1.6082763737709802,2.0381659041317386
2013-11-26,-0.001361911863900043,0.0004050982705852135,1.6060875339389014,2.0389917288734623
2013-11-27,0.000989739666880009,0.006551076187339078,1.6076779293886263,2.0523931680304868
2013-11-28,0.0017040333669480403,0.0016278103615512407,1.6104198016810762,2.0557367955528276
2013-11-29,-0.0012790908118351972,0.0022525321739408355,1.6083612453304679,2.060372628046741
2013-12-02,-0.0020125126368920002,-0.008558092269979056,1.6051276529137466,2.042815006021314
2013-12-03,0.00022702493142523657,-0.011919636977008707,1.6054920982766046,2.0186099371381894
2013-12-04,-0.0010862012949942983,-0.0016577743508019438,1.603749157444013,2.015266309615851
2013-12-05,0.0031814994335413764,0.001961335193964686,1.6088596096196752,2.019222801088766
2013-12-06,0.0016779840171976678,0.010461159302048273,1.611561516574911,2.0404570864492015
2013-12-09,0.002827181308907001,0.004865061534381709,1.6161241398152284,2.050408222550143
2013-12-10,0.0018448658165265094,0.001233662265564206,1.6191084239515066,2.0529392947264156
2013-12-11,0.002000381360691484,-0.0009543444298376613,1.622350499876739,2.0509810181295087
2013-12-12,0.0004749152690861844,-0.012062484484253844,1.623121161886033,2.0263897057589584
2013-12-13,0.002372125307011325,0.0014452293532105642,1.6269759789174247,2.029320420910434
2013-12-16,-0.0006586224176337876,0.009870033604114425,1.625904768864958,2.049449053391235
2013-12-17,0.0001578681366754478,-0.002342744483522452,1.6261614676829792,2.0446533376888167
2013-12-18,-0.0005806047590955466,0.001178604027824548,1.6252175846337953,2.047064595027803
2013-12-19,6.388840170836298e-05,0.014426839830033344,1.6253214205046245,2.0768113277968725
2013-12-20,-0.0017722931027167343,0.002984612128763331,1.6224434256399112,2.0830190633081562
2013-12-23,0.0012021615764046905,0.006698959448604214,1.6243950376275398,2.097019966927983
2013-12-24,-0.0003779659673388523,0.0026201567697281547,1.6237811876003199,2.1025216925348347
2013-12-27,0.00017680919384398675,0.006007365287233668,1.6240683124254849,2.1151903228118725
2013-12-30,-0.0014260355045017745,0.0014223689935892736,1.6217539838997506,2.1182010446136585
2013-12-31,-0.0015084727069304277,0.0021799283464609687,1.619309456492661,2.1228236077119123
2014-01-02,0.0007378604505700122,-0.001023452427308058,1.620504721813116,2.1206521101396287
2014-01-03,0.0023880307836053353,0.006349530522671287,1.6243791612729055,2.1341600947382813
2014-01-06,0.00034990129109823916,0.0017960706087922773,1.6249476330873789,2.1379966412817915
2014-01-07,-0.004174749668552065,0.0012391857136275775,1.6181780240383274,2.1406476583874756
2014-01-08,-0.0016659437395443503,-0.004209429660463115,1.6154844747634545,2.1316556914454425
2014-01-09,0.0027579871152731755,-0.0032988474607673623,1.6199461098677252,2.12463527049598
2014-01-10,0.0011330486457213672,0.01510264598732114,1.6217826278492817,2.156966413208199
2014-01-13,-0.0001807795570034354,0.003889460430064773,1.6214894692036066,2.1653721850830916
2014-01-14,-0.0005659480720248166,-0.0011572387813512108,1.6205720499950058,2.1628677817902533
2014-01-15,-0.003744221768594974,0.003498455095391151,1.6145156142426587,2.1704477289234183
2014-01-16,0.0022634604860159056,-0.005119613540989221,1.6181741454479974,2.1593642710594114
2014-01-17,0.0037275671306182907,-0.0013952359331863562,1.6242172542537692,2.156353549257622
2014-01-20,0.0011551543366117953,0.0024680554367169094,1.6260945599387682,2.161682122260309
2014-01-21,0.0003835539023381421,-0.005121795898601178,1.6267183744784064,2.150638732767511
2014-01-22,0.0015311734996282119,0.00018580798431422352,1.6292110704327512,2.1510383757427123
2014-01-23,0.00028452750131566576,-0.010402498423935924,1.6296746917411156,2.128778183968724
2014-01-24,-0.0002052692504669843,-0.017466899403201452,1.6293402039698384,2.091917884296333
2014-01-27,-0.0006482321564509089,-0.011219535972688988,1.6282843555102615,2.068578708526148
2014-01-28,-0.0006302913857764631,0.012008824982538968,1.627258385271456,2.093569663871898
2014-01-29,0.004108303287612993,-0.0017513641448871908,1.6339574076309948,2.089906269932553
2014-01-30,0.0018678862234277798,0.0008601438670350348,1.6370123063758046,2.0917046633209573
2014-01-31,-0.005217906242703283,-0.0017465098295286197,1.6284927760280505,2.088054668869387
2014-02-03,-0.0024351729124053876,-0.007440989817236954,1.624531939150492,2.0725751382781614
2014-02-04,0.0007184578880677887,-0.0011512061740539536,1.6256995163138808,2.0701905498226143
2014-02-05,0.0007478457476806905,0.0013568768936984554,1.6269157435026447,2.073001450136799
2014-02-06,0.0025724843580799436,0.014577005766145845,1.6311063466242055,2.103440923414643
2014-02-07,-0.0010244629596283415,0.004751183712565776,1.629436194239574,2.113458536586003
2014-02-10,0.0030248129066934902,0.0028701475664885123,1.6343723956497667,2.1195331878643318
2014-02-11,0.0008457274033282152,0.010478673478065303,1.6357552138332043,2.141859856708742
2014-02-12,-0.00035598848428363187,5.5998795007283775e-05,1.6351730074495054,2.1419798016381466
2014-02-13,0.001576120017429124,-0.0031019629451662922,1.6377522684370025,2.1353457542682253
2014-02-14,0.002687360253945201,0.005052855725601546,1.6421594179358725,2.146162653389988
2014-02-17,-0.0015373817011558183,0.008289297556267172,1.6396367317590133,2.1640267724367606
2014-02-18,-0.001008914889370114,0.00597786248985166,1.6379833120673088,2.1770017696430335
2014-02-19,-0.001501070557543642,0.000318157901311622,1.6355264279833213,2.177694510151804
2014-02-20,0.0024487493418253368,0.001314337794038778,1.6395363298659422,2.1805586181407475
2014-02-21,0.0005038767936911069,0.005610823553688249,1.6403626623423715,2.1928277355346992
2014-02-24,0.0007039598517387257,0.0047515187995355035,1.641517818342971,2.203271790656811
2014-02-25,0.0002818705008737543,-0.0006895286369985598,1.641980579008847,2.201753095314199
2014-02-26,9.990150304461728e-05,-0.003406176249262316,1.6421446235306707,2.1942662941348905
2014-02-27,-0.0030553540869505966,0.0031096402636769938,1.6371349473083512,2.2011002930845245
2014-02-28,-0.0015207344622925763,0.012211045290481337,1.6346471918617154,2.228142801073158
2014-03-03,-0.0016262124540536204,-0.021220839180692508,1.6319910685360999,2.1813579040911497
2014-03-04,-1.494139018773659e-05,0.019599316603443384,1.6319666845029281,2.2245327449006815
2014-03-05,0.0006593836576982179,-0.005073059663384782,1.6330431315213814,2.2132761344325087
2014-03-06,0.0006804110845703092,0.003448903479638332,1.6341546502716067,2.220922688728208
2014-03-07,-0.00044035378752731494,-0.006758760933765373,1.6334352024993557,2.2059626159494763
2014-03-10,0.0002227363944650952,-0.0065615798744627085,1.6337990684885477,2.1915354004710137
2014-03-11,0.00042653165760620144,0.001840164366674557,1.6344960841524816,2.1955718985942387
2014-03-12,0.0022827318356618363,-0.009436723290537685,1.6382314622102008,2.174950347092268
2014-03-13,0.0027014713561788243,-0.008642777045125172,1.6426630808303915,2.1562337344203315
2014-03-14,0.0009884263833390017,-0.003794354083947127,1.6442875350528714,2.1480677223121396
2014-03-17,-0.0012310642674858497,0.010640924518687811,1.642264556886551,2.171047193386221
2014-03-18,0.00012525601604153488,0.003479147175788455,1.6424702732855723,2.1786137410316138
2014-03-19,0.003732487351719477,-0.0009421216629927898,1.6486122280599085,2.176562188388733
2014-03-20,-0.003843448375355466,-0.007457871374324299,1.6422880332137162,2.16039004738085
2014-03-21,0.0026242990923145597,-0.0035395469739096797,1.6466035483330772,2.1527567624808106
2014-03-24,0.0004497865642985952,-0.008744704880625065,1.6473443350713157,2.134013611017553
2014-03-25,-0.0021284983960366296,0.008311445390463135,1.6438416943014211,2.1518242622053396
2014-03-26,0.0014250400280253542,0.0061594208957505,1.6461859044154543,2.1651191559207326
2014-03-27,-0.0013622274053943309,-0.003124330884169524,1.643944951552326,2.1583651636214074
2014-03-28,-0.0011828804892941233,-0.0012660613756239059,1.6420015107993415,2.15563426995753
2014-03-31,-0.005563675571145909,0.005669333627658091,1.6328913136965673,2.1678899878637083
2014-04-01,-0.001904818694227282,0.008194298519455856,1.6297839122543332,2.1857273079349304
2014-04-02,0.0032026169561828887,0.0005118506750250162,1.635011852923875,2.1868463603023405
2014-04-03,8.815325732954916e-05,-0.004083642924488373,1.6351559908975053,2.177934269918503
2014-04-04,-0.0009251530571659468,0.005161230901462588,1.633643920889528,2.1892041497823356
2014-04-07,0.0005576445807731017,-0.010453777958437271,1.6345551676212118,2.1664378996836295
2014-04-08,-0.001780117017166846,-0.015385717163717061,1.6316480564185678,2.133360808787879
2014-04-09,0.0036601921057570286,0.009273437521780892,1.6376311447006728,2.15323641210632
2014-04-10,0.0027687875805899724,-0.0009408332668066066,1.6421716804645083,2.1512115283468756
2014-04-11,0.003328708115166946,-0.015608666296133222,1.6476470986424583,2.117894677684429
2014-04-14,0.001846322926783905,-0.012404908011802718,1.6506919973240721,2.0917846699712674
2014-04-15,-0.00023784668155688493,-0.007151837393898575,1.650299432397219,2.0768779349594086
2014-04-16,-0.0002356310540637424,0.00992461036595671,1.6499106164128017,2.09759276250735
2014-04-17,0.0015589682045642258,0.010229500973483852,1.6524847806028748,2.119160213772566
2014-04-22,0.00217175931557419,0.010897216721652114,1.6560774796457092,2.1423794446133475
2014-04-23,-0.002800901152779281,-0.0057745959891590815,1.651445460266288,2.130043720056861
2014-04-24,0.003584120891264719,0.00013759218522579886,1.6573750602952857,2.130336817590433
2014-04-25,9.936221111972682e-05,-0.006499371020145972,1.6575397489277093,2.1165358655503197
2014-04-28,-0.007289325388269296,-0.003909900753022555,1.6455013316285354,2.108276577396157
2014-04-29,0.0031409863338699258,0.004438418428744484,1.6506779544183068,2.117654787825617
2014-04-30,-0.005679114412243434,-0.005007257436663082,1.6413301342515896,2.1070776484705522
2014-05-01,0.005285763540356411,0.0020904473942486845,1.6500287864894871,2.1114869905934284
2014-05-02,0.0016067884710934915,0.005072228754510633,1.6526821648586099,2.1222241432491105
2014-05-06,0.0016377932459530143,0.0004894824346610704,1.6553911343063175,2.123263188966212
2014-05-07,-0.00036943146021686693,-0.0035637339827925274,1.6547796936919943,2.115709910716481
2014-05-08,-0.0002618718269479188,0.005431639231108676,1.6543464102452508,2.1272329498347884
2014-05-09,-0.0009036280436630791,-0.005230161272480771,1.652852171654643,2.1161362225751206
2014-05-12,0.0021891892346113983,0.006037700023359349,1.6564745414149762,2.128951466665003
2014-05-13,-0.0005926970962231967,0.0035914754329784415,1.6554930446581833,2.136611290356362
2014-05-14,0.0019506421465260004,-0.004017109514382611,1.6587254707927512,2.1280455051808542
2014-05-15,0.00037255858669469266,-0.022671888772821447,1.6593435583396265,2.080341507411154
2014-05-16,0.0011695254573611973,-0.014096885747207466,1.6612853381327344,2.0512209079883212
2014-05-19,0.00011149824861870453,-0.0012021848413272807,1.6614705788652087,2.0487564429745784
2014-05-20,0.0023162170415461686,0.003951984797909702,1.665323365556628,2.0568691173159
2014-05-21,-0.00017369839961202892,0.010495072132014727,1.665034126674087,2.0785697829061833
2014-05-22,0.002290022795623985,0.0045974072216949935,1.668851462003884,2.0881478148232424
2014-05-23,0.001485667192733395,0.001969363788816736,1.6713326625332638,2.0922641895046614
2014-05-27,0.001785782628218629,0.008741787904178011,1.6743199659113484,2.1106344969682684
2014-05-28,0.003763213109007113,0.005758481187204012,1.6806326593111065,2.1228236077119123
2014-05-29,0.0026459061078310097,0.0012166381105558344,1.6850853436240052,2.125407887562947
2014-05-30,-0.0014418298410741061,0.003472540767834431,1.6826574879887641,2.1328012826041722
2014-06-02,0.0006169635863328548,0.004617629524751976,1.6836959466997885,2.1426725421469195
2014-06-03,0.0009677394497481374,-0.007018929765489901,1.68532611435034,2.127685930576866
2014-06-04,0.00040337611363039654,0.0009136634006807753,1.686006071778619,2.1296308076859987
2014-06-05,0.0022904506732668974,0.000562816599185112,1.6898722114317422,2.1308297366116027
2014-06-06,-0.00114836179188856,0.014732638401168785,1.6879327405712132,2.16245486941939
2014-06-09,0.00016664097297538713,-0.0008936468256059982,1.6882140427630035,2.1605232617059174
2014-06-10,-4.8836197901936176e-05,-0.0004810991026840128,1.688131598821051,2.159484085896701
2014-06-11,-0.0022194348553546002,-0.00761656052644355,1.6843890554121268,2.143098723913441
2014-06-12,0.0011900445609400777,0.002384111634812669,1.6863947466402895,2.148214206032866
2014-06-13,0.0020305361462724814,-0.01948667815710614,1.6898225110522516,2.1067578820535457
2014-06-16,0.0026576989053822375,-0.006858812756687982,1.6943195236959532,2.092357465550633
2014-06-17,-0.0008120162095803596,-0.007746390514101975,1.6929442672193462,2.0762118633340734
2014-06-18,0.0006397086131643226,0.0024800119774059937,1.694027604721915,2.0813672837325927
2014-06-19,0.004844102184997099,0.0038137265790236796,1.7022535551301894,2.089320204957526
2014-06-20,0.004904779042882034,0.006830779393567354,1.7106232416455482,2.103640744902244
2014-06-23,0.0007066300508515946,-0.0073793001529995905,1.7118324466137487,2.0881744837066774
2014-06-24,0.004163503122572794,-0.008205641966343435,1.7189745240642507,2.0711097807024212
2014-06-25,0.004074339179797917,-0.006012701154196165,1.7259924964082294,2.058694179587741
2014-06-26,0.002244506806365918,0.01239854124131412,1.7298708491805512,2.0843778754422666
2014-06-27,-0.0007671212871492772,0.002215262859422751,1.7285443372909315,2.0890004385405168
2014-06-30,-0.002438334235212161,0.0026810699610440025,1.7243347027898828,2.0946087095889987
2014-07-01,-0.0013225142557301256,0.007432484040101883,1.7220557528678382,2.1102348539930693
2014-07-02,0.00261122942480955,0.0035414504686439585,1.7265583115693752,2.1177213949881484
2014-07-03,0.0016513037181859432,0.008262903561824686,1.7294117390182178,2.1352924165013514
2014-07-04,-0.0005613521999937313,0.0013217410826840137,1.7284412023657532,2.138116586211198
2014-07-07,0.003041551895392918,-0.009886619819406306,1.733706349030287,2.1170819922462485
2014-07-08,0.00031640214001377295,-0.015204054269693401,1.7342549842193729,2.085137223113569
2014-07-09,-0.0008884749562982023,-0.0065957589368323966,1.7327148263952017,2.071429417027316
2014-07-10,-0.0027235411388330543,-0.007079796509065872,1.7280021268123489,2.056815909641142
2014-07-11,-0.0008212245963189243,0.0007445462146566939,1.726583631494662,2.058347874379414
2014-07-14,0.004741145591589554,0.008140777516342013,1.7347890520439357,2.0751728176169704
2014-07-15,0.0016064708088413466,-0.008846489430441196,1.73757817974182,2.0568957861993336
2014-07-16,0.0005080965247003266,0.010289819714014214,1.7384612615027304,2.0781701399309815
2014-07-17,0.001500577668544262,-0.00296590693324994,1.7410719159043437,2.0720156120944555
2014-07-18,-0.00134621562888745,0.00017998924570505892,1.7387296346417,2.0723885861862215
2014-07-21,-0.0014076246547987446,-0.004555007353573615,1.736283877697673,2.0629703073855494
2014-07-22,0.004074278084502298,0.010572834734970726,1.74337241157251,2.0848974633468713
2014-07-23,-0.0007006730573140167,0.0047997366694705335,1.742151305342932,2.0949284760060056
2014-07-24,-0.001232696892589363,0.0014424410150084555,1.7400050839344186,2.097952467203453
2014-07-25,0.004652946388602415,-0.0036195641129843636,1.748120099030179,2.090372520070287
2014-07-28,-0.0006867006236343499,-0.004810222870567316,1.7469200759434451,2.080341507411154
2014-07-29,0.00044032410602840044,0.00450429627332305,1.7476894563401246,2.0897331173283886
2014-07-30,0.0018110306285243493,-0.0036530079240577606,1.7508574432695136,2.0821132319161246
2014-07-31,-0.004938255822180915,-0.008623248500345682,1.7422325747375307,2.06423584347369
2014-08-01,0.0007144621491126363,-0.0060132560419603465,1.7434777787397269,2.0518603107302194
2014-08-04,0.002589642896240437,-0.0026068726065826553,1.747998614733113,2.0465183382397587
2014-08-05,-0.0013099236513877646,-0.0006966884815167163,1.7457103690458542,2.04509304903523
2014-08-06,0.0010120265226849791,-0.005827314158850072,1.7474779685181643,2.033210305220819
2014-08-07,-0.002930120587363526,-0.0014818698754215376,1.7423651416044044,2.0301995834190327
2014-08-08,0.0012144934333852048,0.0002165618293759053,1.7444825181371297,2.0306392947654444
2014-08-11,0.001287449396071346,0.014154684789472682,1.7467298974847303,2.059586741584116
2014-08-12,-0.0007040759540675411,0.0003297889784619201,1.7455004998111172,2.06026608260511
2014-08-13,-0.0003900469391126,0.003981523568642231,1.7448198054439534,2.0684854324801782
2014-08-14,0.0005260448116168822,0.009492692927757673,1.7457379003081621,2.0882144219857763
2014-08-15,0.0024257123333942905,-0.0004976999938950399,1.749977698450193,2.087175376268674
2014-08-18,0.0030024449997897674,0.008174452313884473,1.7552398058817058,2.10430681652758
2014-08-19,0.0005466675982790493,0.006241365057855219,1.7561996009313157,2.117481635221452
2014-08-20,0.0001451092498508681,-0.009252909390818687,1.7564544602287688,2.0979791360868902
2014-08-21,-0.001042990233394488,0.0056794276128595556,1.7546234504100127,2.1099283569717215
2014-08-22,0.003565732518243177,0.0026797243655654057,1.7608911361089212,2.115589965787077
2014-08-26,-0.00017678549368973237,0.007334016082099382,1.7605798636151317,2.13116277242427
2014-08-27,0.0025325059446812516,0.0016613026935488051,1.765044193170362,2.1347062214342105
2014-08-28,-0.0019232982607135186,-0.007120583623521526,1.7616527491681646,2.1195598567477663
2014-08-29,-0.0005036845911971259,-0.0015850877216063708,1.7607656552498918,2.1162028297376514
2014-09-01,0.0038605385459052196,0.004484500996042584,1.7675762968458144,2.1257142544921797
2014-09-02,0.0003363405364139268,0.0005200583561482119,1.7681709043953537,2.126820037463926
2014-09-03,-0.0003737082073480846,0.0016584633511715907,1.7675102478704587,2.1303502170782074
2014-09-04,0.0023790559241448988,0.0002438070919765778,1.7717202595375512,2.1308696748907012
2014-09-05,-0.0006427884083468016,-0.004461116696679923,1.7705817842304519,2.121384788927498
2014-09-08,0.004900468593959718,-0.009863475715491177,1.7792797593274872,2.100563415937925
2014-09-09,0.005186380680756336,0.001178923789215247,1.7885317529386315,2.103041280439443
2014-09-10,0.005144021053673561,-0.007260149194980414,1.797755701684655,2.0878281784983503
2014-09-11,0.0016917499898063703,-0.0032785636703849264,1.800799628930617,2.0809943096408277
2014-09-12,-0.00039040054177286735,0.005776617809399198,1.8000967329942628,2.0930502060594067
2014-09-15,0.0022052893109351206,-0.003998601942077684,1.8040708475036988,2.0846976418592735
2014-09-16,0.00403749362234021,-0.003591326284251295,1.8113694962538158,2.077224240167737
2014-09-17,0.0012541598391286677,-0.00105226313152329,1.8136426682924198,2.0750396032919016
2014-09-18,0.0013473336915174974,0.009335655232586504,1.8160878970634338,2.094502164147369
2014-09-19,0.0027653119535119503,0.008631567667229945,1.8211168968056535,2.1126592506356
2014-09-22,-0.0033775150159155876,-0.007246018903689588,1.814976422749961,2.097406210415408
2014-09-23,0.0018406182062325701,-0.013485554621164297,1.8183201777416962,2.0693113873140176
2014-09-24,-0.001773891018102192,0.00025099780874704436,1.8150975350638712,2.069830845126508
2014-09-25,-0.0045050984295963315,-0.007214927465765797,1.8069387339094127,2.0549509090902016
2014-09-26,0.000886086945728214,-0.002739420239185719,1.8085405483018664,2.049329238553945
2014-09-29,0.0009693186008926657,0.000415900161524263,1.8102944502033453,2.050181732179106
2014-09-30,-0.0013747723283429178,-0.0006759494390262688,1.8078074174306782,2.0487963812536765
2014-10-01,-0.008805683360691426,-0.011036168936009005,1.7919583212086394,2.026309829200764
2014-10-02,-0.0002583326955542203,-0.013615481088670833,1.7914954595739219,1.9989076165160256
2014-10-03,-0.00032371738480025183,0.014876886515279963,1.7909156152067816,2.0288674401683586
2014-10-06,0.0009913843295002718,0.00307472215811444,1.7926919812684028,2.035115244050856
2014-10-07,-0.0012777145393809259,-0.011706654163367247,1.790402895369893,2.011429763072338
2014-10-08,0.005312385189926977,-0.01103476381538293,1.7999395138626009,1.9893561233902908
2014-10-09,-0.0014039819425646545,-0.00821662163613901,1.7974142044466557,1.9730773068486605
2014-10-10,0.0027666010184332116,-0.011523624268839683,1.8023938175403558,1.9504708098663437
2014-10-13,0.0016131304478483924,-0.006688228064733792,1.8053036602333703,1.9374691437766351
2014-10-14,0.0013043143741969009,0.008612408047749653,1.807659880038843,1.9542274798516601
2014-10-15,0.001193274662168929,-0.01671027554111504,1.8098182022510132,1.921843129464682
2014-10-16,0.0004175537327776796,0.003694596092634228,1.8105740563908888,1.9289566963679965
2014-10-17,-0.0009818185458086758,0.018982911821428416,1.8087972735856492,1.9659236715741335
2014-10-20,-0.0016798236517118809,-0.00010839812139096239,1.8057613637547931,1.9657105806908712
2014-10-21,-8.386081417461689e-05,0.01806570068684188,1.8056099374860775,2.001545234133934
2014-10-22,0.0012589708165131792,0.009610879125588667,1.8078845792567384,2.0208745806643327
2014-10-23,-0.0002754122833353369,-0.0022503472373376354,1.8073867341962278,2.016332024216388
2014-10-24,0.00046205325950052223,-0.003070273389074174,1.8082220360900616,2.0101508274964264
2014-10-27,0.002350066812939648,-0.003265799036018535,1.8124764758382934,2.0035967867768134
2014-10-28,0.0026476691358460784,0.0055032991420453925,1.8172816723409573,2.0146535757573862
2014-10-29,-0.0023120853041032107,0.007293071525234396,1.813084815707802,2.029400297468631
2014-10-30,0.0024005713714812887,0.004205387795330751,1.8174424835641325,2.0379526831563632
2014-10-31,-0.0026566918513426367,0.013188669279303511,1.8126205070167942,2.06500859063277
2014-11-03,-0.0026140109307604235,-0.003114253348853069,1.8078884846717123,2.0585876341461113
2014-11-04,-0.0009524639345225316,-0.0038318205240290837,1.8061673558790903,2.0507145894793726
2014-11-05,7.112534629592966e-05,0.008551053890785809,1.8062958247263872,2.0683255492716732
2014-11-06,-0.0030810609643025805,-0.0007216295663177164,1.8007390818983644,2.066833522812499
2014-11-07,0.002376499594363521,-0.0032666435337151967,1.8050236266890258,2.0600929300009474
2014-11-10,-0.0016336038459193536,0.008480232817969835,1.8020773403380685,2.0776372826307146
2014-11-11,-0.0007011563298138091,0.0022096342323809637,1.8008142452693745,2.082233176845531
2014-11-12,-0.0012261325562427298,-0.0016904368120229663,1.7986075614154224,2.0787162666269117
2014-11-13,0.0013172595898491915,0.0017672183523025353,1.8009783556069527,2.0823930600540312
2014-11-14,0.0038212627529354776,0.0007801009955663574,1.8078735328677897,2.08401817074616
2014-11-17,-0.00015362985284523862,0.0002876070229405059,1.8075958108567145,2.0846176352089647
2014-11-18,0.0016051052501434757,0.0032410887916540787,1.8104995221405535,2.091385026996067
2014-11-19,-0.0010718614967616265,-0.006229793197098488,1.80855995707112,2.0783966303020187
2014-11-20,-0.0002670751376645231,0.00016660744901564328,1.808077000167372,2.0787429355103484
2014-11-21,-0.0032831422494079767,0.005566178235701713,1.80215056017414,2.090345851186852
2014-11-24,-0.0005501729780679433,0.001178280322442049,1.801159338330262,2.092810316200592
2014-11-25,0.003104720058782182,0.007704125266773332,1.8067601237935613,2.1089958566962514
2014-11-26,0.0032359528197496205,-0.002732400102919641,1.8126161841682127,2.1032411019270407
2014-11-27,0.0003246815960913812,0.006395594944629934,1.8132048028356427,2.11673568703792
2014-11-28,-0.009637751647350961,-0.002388066640625297,1.7958135262796078,2.1116868120810324
2014-12-01,0.004979541872520459,-0.008361994373725423,1.8047781562804013,2.0941025211721684
2014-12-02,-0.0010040875688406548,0.007175317670096604,1.802966910446052,2.1091824087881896
2014-12-03,-0.0006085127715572286,-0.0013525463524022285,1.801870115794971,2.1063315701949086
2014-12-04,0.0010504535965326456,0.0018261283777665227,1.8037638912260578,2.110181516226195
2014-12-05,-0.0007988410766040761,0.010200028680960926,1.8023235459173457,2.131815574653944
2014-12-08,0.00031566915653657404,-0.003154423465256073,1.8028925736784231,2.125101520633717
2014-12-09,0.0023835935783596443,-0.015044443361732718,1.8071950624948163,2.093369842384298
2014-12-10,3.567677926831871e-05,0.0014752859718321076,1.8072595385442978,2.096460440744277
2014-12-11,0.001116922669321103,-0.0047132344186398,1.8092792354048821,2.0866025806893074
2014-12-12,-0.002621079829932772,-0.018453800623356997,1.8045431795958384,2.0484499459532306
2014-12-15,-0.0005465697207054958,-0.009356131021737824,1.8035571404282893,2.0293737586773073
2014-12-16,0.004036362276850114,0.012583010695038865,1.810851662196644,2.0550707239274923
2014-12-17,0.007358422109181051,0.0011143344002206845,1.8242258191033465,2.0573620363370697
2014-12-18,0.0017409771734528989,0.018520782888328924,1.8274045208343188,2.0958210380023803
2014-12-19,0.0026535983541575905,0.009879415518597057,1.8322601580693914,2.1166291415962917
2014-12-22,0.001504903283656636,0.006436554267587269,1.8350196082298018,2.1302968793113357
2014-12-23,-0.00014943543892492663,0.0064016396972323975,1.8347454117570556,2.1439780165141546
2014-12-24,0.001997500048100455,0.0006646269934034166,1.8384139785666815,2.1454034358107936
2014-12-29,0.0021366430678694693,-0.0033711232665272206,1.8423462124440209,2.1381831933737314
2014-12-30,0.005360290332109413,-0.003770198319104523,1.852248238192099,2.130136996102833
2014-12-31,-0.001593740799575066,0.005929776374063778,1.849298585719042,2.142805756471986
2015-01-02,0.000711619392113554,-0.002078600150900556,1.8506150508099366,2.1383563459778974
2015-01-05,0.0033372303069638264,-0.00815048150276887,1.8568012961653613,2.120998545440071
2015-01-06,-0.003255359502771725,-0.009022029262572673,1.8507665683547436,2.1019488969554683
2015-01-07,0.00027280693625188104,0.004615820774237278,1.851271539188615,2.11167354268537
2015-01-08,-0.0024603663319574393,0.014641482655971316,1.8467223316756338,2.142819025867646
2015-01-09,0.0020309139184805144,-0.004642259049619568,1.850476676848101,2.1328945586501447
2015-01-12,0.004432706173887569,-0.004212206891802239,1.858697503030854,2.1239292605915483
2015-01-13,0.0008139336524430826,0.008823381562873323,1.8602109753277452,2.1427524187051117
2015-01-14,-0.001637791838434221,-0.013324334375889535,1.8571668304928286,2.11439103686147
2015-01-15,-0.002690296931770609,0.002718072110674541,1.8521772150499696,2.120145921722794
2015-01-16,0.0008217650577770646,0.0004523048376103844,1.853699895123059,2.121105090881702
2015-01-19,9.438429412773853e-05,0.00904673575084125,1.8538748635361901,2.1403812297373412
2015-01-20,0.0035602618039858413,0.0036901193289544665,1.8604869067203802,2.148294082591063
2015-01-21,0.0022266926379406584,0.007825894721525728,1.8646342549398316,2.1651723635954916
2015-01-22,0.0035634187853807613,0.007697991887342326,1.8712905802656283,2.181904160879196
2015-01-23,0.0018418096595305851,0.004872443121522352,1.8747403172363868,2.1925613068845653
2015-01-26,0.00039628558349378423,0.0007045138822565633,1.875483397023081,2.1941065410185
2015-01-27,-0.005759448343654145,-0.007104477060993375,1.8647126937063547,2.178573802752517
2015-01-28,0.001279720020047407,0.004380708965484814,1.867100531428119,2.188138435181799
2015-01-29,-0.005439477429856418,-0.004068929248283837,1.8569720520190847,2.179253143773513
2015-01-30,0.0034019163693705897,-0.003257343848407146,1.8633000732369291,2.172166115661516
2015-02-02,0.0018092116196981509,0.003049461699283995,1.8666742287407156,2.1788001630314384
2015-02-03,0.0009636109740294981,0.01304166096832482,1.8684738434374515,2.2074014347338915
2015-02-04,0.0023705612679124867,7.837982193947823e-05,1.8729084293128677,2.2075744572459435
2015-02-05,0.004536192550188415,0.0074189101424426696,1.8814236012053367,2.224013156996076
2015-02-06,0.0033184795626972586,-0.0005632248062354961,1.887677437850164,2.2227608903035985
2015-02-09,-0.0007497710608890644,-0.006397198073349486,1.8862626423875961,2.208586834079608
2015-02-10,0.005369489782035367,0.0047837050681671656,1.896418150921985,2.219177372922447
2015-02-11,0.0006628939872445733,-0.0015679541286068854,1.8976756918736506,2.215700531075039
2015-02-12,-0.00025992183456767623,0.010573675526547532,1.8971825086237284,2.239252927820604
2015-02-13,0.001533728815011775,0.002281853864854355,1.9000945046398108,2.2443684099400283
2015-02-16,-0.003780975157579798,0.0007949472369741528,1.8929238590795687,2.246153273748545
2015-02-17,0.0006703213051625988,0.001570421949937284,1.894193151640756,2.2496834533628216
2015-02-18,-0.00030191248120204923,0.006751342829840468,1.8936213574067193,2.26492322418735
2015-02-19,0.0027623677121968258,0.002801676413351828,1.8988594673655985,2.2712777036035927
2015-02-20,0.0011518944048169617,0.0042606862510048416,1.9010480132064538,2.280975550357941
2015-02-23,0.002348152014202818,0.002647980360238833,1.905517208048669,2.287023532752838
2015-02-24,0.008554065495116042,0.001972679654768328,1.921887041544606,2.291539550409458
2015-02-25,0.0006518353967343658,-0.0007909002925536868,1.9231402039302392,2.28972788762539
2015-02-26,0.00027833534253076753,0.003571629247078434,1.9236755563179238,2.2979205686170214
2015-02-27,-0.0019953066389676332,0.001390353426637958,1.9198410604788585,2.3011177124186313
2015-03-02,0.000273787730799236,-0.0013845789200992442,1.9203667613682451,2.2979338380126824
2015-03-03,0.002255532747344758,-0.0060414587476103065,1.9247031000239436,2.28409281760136
2015-03-04,-0.0027446726806758786,-0.0006009492991747578,1.9194276629926006,2.282720605979476
2015-03-05,0.001977201199410454,0.01013778423516598,1.9232265119768575,2.305980035283584
2015-03-06,0.0013802454398337892,-0.0022035178438120084,1.9258828693906707,2.3009043613511424
2015-03-09,0.002128238293260406,-0.006103488701588944,1.9299859717026575,2.28690358782343
2015-03-10,0.0021689879362319564,-0.01435064124652996,1.9341766310942943,2.2543194159488498
2015-03-11,0.002278774881825115,0.0015588606120040538,1.9385892099456952,2.2578363261674683
2015-03-12,-0.0006675190585326992,0.0065980373884553245,1.9372955965052376,2.2727828693663112
2015-03-13,-0.002906117135830982,0.002832869399229665,1.9316737613873574,2.279230494736408
2015-03-16,-0.001229440738550258,0.0053336568639394955,1.9293003422595587,2.2914196054800517
2015-03-17,-0.00035665164000797623,0.00011047530107788361,1.928612376817718,2.291672764734528
2015-03-18,0.0008556071380356085,0.009303778204387214,1.9302632174686392,2.313093472094788
2015-03-19,-0.001656221297665341,0.004281382174248449,1.927068920379384,2.3230179393122903
2015-03-20,0.003032543728765329,0.005683967861783046,1.93292171108531,2.336259495260811
2015-03-23,0.0009069949031480361,0.0007751539243372463,1.9346756565149925,2.3380711580448774
2015-03-24,0.0001796309756625391,0.001594061392664159,1.9350232154059996,2.3418011591467565
2015-03-25,-0.0017330046166299236,-0.004383995020843301,1.9316727152950428,2.3315571856964756
2015-03-26,-0.00068493725572996,-0.013905920625299828,1.9303500936945728,2.2993591272172114
2015-03-27,0.001243828892459393,-0.005693849902783654,1.9327526127652424,2.2863041233606305
2015-03-30,-0.0030705247160123486,0.0026476055252349084,1.9268271498934084,2.2923653751511854
2015-03-31,-4.223547278196273e-05,-0.006851598593533126,1.9267457711563105,2.2767126919557934
2015-04-01,0.0009023653772413924,0.0019173900332631888,1.9284851845061117,2.281082225891689
2015-04-02,0.00044252921984395293,0.008455478390704485,1.929338784407811,2.300451640793299
2015-04-07,-0.0021230046542562364,0.014527247952228706,1.9252471340220887,2.334114796664073
2015-04-08,0.0008955322847367164,0.002280307689346728,1.9269720272201984,2.3394433696667587
2015-04-09,0.0025194550229943333,0.008730956616417984,1.9318330675882842,2.3599583757271025
2015-04-10,-0.0004256283591037934,0.008968698529505659,1.931010999609797,2.381219329970975
2015-04-13,0.0004491440793039072,-0.002537402537679867,1.9318784965683204,2.3751848771559683
2015-04-14,0.004809287495103609,0.0016251691079602892,1.9411918329692073,2.3790480925829156
2015-04-15,-0.0025448215568513997,0.0008227412877293006,1.9362581265105634,2.3810062390877094
2015-04-16,-0.0013377897418413499,-0.008044084495274717,1.9336695521215528,2.3619300518117887
2015-04-17,0.0009573284457607557,-0.008945572908450217,1.9355215953538885,2.34089545784684
2015-04-20,0.0023113443597786954,0.001768234338440422,1.940000426342969,2.345038371319582
2015-04-21,0.0010255191422301837,0.006178482768049776,1.9419909544039817,2.3595720021475617
2015-04-22,-0.002033191268005329,-0.004356664469110427,1.9380465265998381,2.349314499117389
2015-04-23,0.00026966048895415854,0.0027802505998852922,1.938569211644402,2.355855270441344
2015-04-24,0.00022376122395272903,0.0025244857900208473,1.9390030367987303,2.361810106882379
2015-04-27,0.0030376541965372204,0.003114192584062536,1.9449020124987169,2.369176702948059
2015-04-28,-0.00029737581840729837,-0.007070251548968898,1.9443237316586588,2.352485104127681
2015-04-29,-0.0024095742169451028,-0.010142268567848944,1.9396443792130074,2.328746155290177
2015-04-30,-0.004112201630197624,-0.00037759740441778433,1.9316845478673816,2.327866992781578
2015-05-01,0.0002401160004925109,-0.00036052120017515676,1.9321484319259925,2.3270278986441935
2015-05-05,-0.0013673612607173061,-0.0009278915966710599,1.929508292433804,2.324869670467567
2015-05-06,-0.00039344515349295627,-0.002294618459464104,1.928749286071,2.319541097464884
2015-05-07,0.004205890172801734,0.0020596844942470938,1.9368784769977518,2.324323543771638
2015-05-08,-0.0031276007594560505,0.027579283814754163,1.93083015769647,2.389318865008747
2015-05-11,2.6851522607432933e-05,-0.003647430139523067,1.930882004122175,2.3806198655081694
2015-05-12,0.0004945048324262174,-0.010202642880830837,1.9318370707271217,2.3564547349041427
2015-05-13,-0.0015013315322951208,0.009693318790102268,1.9289389189053088,2.3794076671869075
2015-05-14,-0.0007856199928397476,0.00378873123114154,1.9274241010391626,2.388439702500151
2015-05-15,0.001320435793935299,0.005068181453948384,1.9299708218328866,2.4005754754769217
2015-05-18,0.002353928394479961,9.98167804766581e-05,1.9345191861126312,2.4008151051515076
2015-05-19,-0.002884020438886802,0.008503234843638907,1.92894803076495,2.4213168418161857
2015-05-20,-0.00013843846785896105,-0.0022361794429297532,1.928681008638485,2.415908392255305
2015-05-21,0.0012030998770719687,0.0010526072589538416,1.931002800916835,2.4184527338272406
2015-05-22,-0.0008015648447078398,0.002096421167861351,1.9294555971315093,2.4235281475754546
2015-05-26,-0.0009734567739993251,-0.005174690879670152,1.927578269407295,2.4110195305990323
2015-05-27,-0.003191985429249997,0.007634232951653885,1.9214352770444592,2.4294962534121556
2015-05-28,0.0006015289876973586,-2.7416414209113782e-05,1.9225914237546045,2.4294296462496217
2015-05-29,-0.0014911000422113746,-0.004539520344597037,1.9197267838645842,2.418426195035922
2015-06-01,0.001101831522509257,0.003617848751641617,1.9218431650833088,2.427191541514803
2015-06-02,0.002554397823073976,5.5741551285848345e-06,1.926758592386146,2.42720507109469
2015-06-03,0.0020385593198461154,0.002368132596581418,1.9306904103321783,2.4329598258639007
2015-06-04,1.9240297595060938e-05,-0.009523100173858268,1.9307275577475993,2.4099004782316236
2015-06-05,-0.0005962910271560655,-0.008833599678853332,1.9295766254084472,2.388706131150282
2015-06-08,0.0025475404405891832,-0.0029545306090543733,1.9344985666551429,2.381659041317388
2015-06-09,-0.0003933104485878299,-0.002161342012463763,1.9337378577632833,2.3765170204066393
2015-06-10,0.0010459680458844397,0.010610601727167435,1.935761543942659,2.401867550356382
2015-06-11,-0.0001851425016281339,0.0032890975989570137,1.9354031853825815,2.4097805333022153
2015-06-12,-0.0014611149776680445,-0.007791706806768772,1.932577403699283,2.3910771900259413
2015-06-15,-0.001364333063642038,-0.012355201360636059,1.9299425222859992,2.3617167007442967
2015-06-16,0.0003872284896439214,0.0004229534239339472,1.9306899957261692,2.3627158081823
2015-06-17,-0.0016023604056297981,-0.0016928880937658874,1.9275988117782539,2.3587193784302856
2015-06-18,-0.0012350595357865984,-0.001542956433201681,1.9252195820322233,2.3550827834664907
2015-06-19,0.00044527095032603705,0.0014752253889600553,1.926077017266435,2.3585596253138954
2015-06-22,-0.0011687929257729315,0.011305564298259796,1.923827147146425,2.385375773023606
2015-06-23,0.0023699031109910883,0.005085744106743562,1.9283918378884088,2.3975380847917007
2015-06-24,0.0005199975121737715,-0.0040531215616841365,1.9293948576078852,2.3878402380373456
2015-06-25,-0.001982628743727342,0.0011207013619891626,1.9255733734491567,2.3905177939343525
2015-06-26,-0.0005404454358599306,-0.006855447757196487,1.9245329872693668,2.3741857697179642
2015-06-29,-0.0007922511778359785,-0.016268795760566945,1.9230088775619927,2.3358731216812707
2015-06-30,-0.0017122059948581968,-0.00018246738056326706,1.9197191074194497,2.335446939914747
2015-07-01,0.0016081145817222627,0.010530989980052752,1.9228087192680148,2.360171466610363
2015-07-02,0.0025281988243443087,-0.0017568866973576291,1.9276761122875496,2.3560285531376204
2015-07-03,-0.0027128053005546935,-0.004107712683909526,1.922453789088137,2.3463705145702543
2015-07-06,0.0003682235945918393,-0.009709987917226215,1.923161812280214,2.3236975405175135
2015-07-07,0.002831563598651143,-0.01329654014871906,1.9286150842618195,2.2930049079851975
2015-07-08,0.002313273942511849,-0.005826537509880936,1.93308166350025,2.2796834754784836
2015-07-09,0.0037869069976898114,0.010642673003044223,1.940415942329909,2.3040749663614304
2015-07-10,0.00018220304589870685,0.010942500974916669,1.9407695242357839,2.3294257564954033
2015-07-13,-0.002023547855229442,0.012649598250831673,1.93684625502775,2.3590792132185054
2015-07-14,6.349040175797783e-05,-0.0037622422354886,1.9369692300784516,2.350220460601537
2015-07-15,0.0011221466531231798,-0.000300502064364494,1.939144013602003,2.3495143206049915
2015-07-16,-0.00015844510910479617,0.007248151568230554,1.9388367900568748,2.3666058225847997
2015-07-17,0.0017568292042537492,-0.0005348903343946887,1.9422459889651713,2.365340286496661
2015-07-20,0.001158246771355469,0.001435112054991805,1.9444968924102533,2.368737251785871
2015-07-21,-0.00168548826520023,-0.001435112054991805,1.9412222261973566,2.365340286496661
2015-07-22,0.003783809894404454,-0.00622579369549392,1.9485813560580842,2.350659911763722
2015-07-23,-0.0015299365800576425,-0.0015085646482297932,1.9456024295276326,2.3471164627537844
2015-07-24,-0.0004343771052993712,-0.00683408999988977,1.9447574879011655,2.3311307437457263
2015-07-27,0.004718561037869451,-0.013317538144303143,1.953955628739934,2.3002916274926775
2015-07-28,0.0015954419522250995,0.006942693913968512,1.957075539679418,2.3163174148719476
2015-07-29,0.0013928350912619262,0.00715750226497569,1.9598033224020934,2.332955936109683
2015-07-30,-0.0024993534720230996,0.00046807475733956494,1.9549111972853772,2.33404818950154
2015-07-31,-0.003607035308343308,0.008886848164232575,1.947872465680375,2.3548829619788894
2015-08-03,-0.0017999602840734386,-0.00041308615057999987,1.9443695261255,2.353910393332208
2015-08-04,-0.00047242244238695965,0.0036323547542647106,1.943451179265978,2.362476178507715
2015-08-05,-0.0005423223356379116,0.0022923013036884043,1.942397488029212,2.367897897464257
2015-08-06,-0.0005038434784525702,-0.0016496673478023638,1.9414190702277185,2.363994873850328
2015-08-07,0.004187749427159627,-0.005084526683580393,1.9495662941865226,2.352005584594284
2015-08-10,-8.0876675476153e-05,0.00593504840409409,1.9494086261219488,2.3660063581219957
2015-08-11,-1.596325564201214e-05,-0.005300941318724384,1.9493775074620776,2.353497480961343
2015-08-12,0.002736287387935278,-0.013041047439433129,1.954718868967448,2.323004669916629
2015-08-13,0.002844575818212305,0.008985742342645153,1.9602871309104684,2.3439726567190418
2015-08-14,-0.0008808398423684328,0.0014425321581938988,1.9585611921524855,2.347356352612595
2015-08-17,-0.0005884382648242059,-0.0006812414602404004,1.9574090388218217,2.3457577807117884
2015-08-18,-0.00047905069044743037,0.00045421253513744375,1.9564715652368987,2.346823495312327
2015-08-19,-0.0022196440203481726,-0.012468970005057756,1.9521337108533965,2.3177427040764753
2015-08-20,0.0016037563415519495,-0.009192236257243636,1.9552669694918698,2.296535087599477
2015-08-21,-0.005964398730893439,-0.021269460571730292,1.9436396870040409,2.248204826391423
2015-08-24,0.0016132656330921293,-0.04003446705548441,1.9467778247584777,2.159977004917871
2015-08-25,-0.002548974838756491,0.030807716620268266,1.9418218560696203,2.2275566060060146
2015-08-26,0.004613351366380374,-0.007220220888845219,1.950800858303688,2.2115310788109723
2015-08-27,0.0016693861981576965,0.019133497893555784,1.9540602181401117,2.2542528087863163
2015-08-28,-0.0030781181079035285,0.010838134826000712,1.9480546376835075,2.2788175823655465
2015-09-01,0.003690909279714666,-0.01567190063139634,1.9552580159534558,2.2433825718976856
2015-09-02,0.0038577213668068763,0.0026862789287651623,1.9628154243947782,2.2494170247126903
2015-09-03,-0.00391382009529606,0.011862535855421186,1.9551483315414993,2.2762597112137217
2015-09-04,0.004806747821544393,-0.016474635938399373,1.9645688594376072,2.2390663757286635
2015-09-07,-0.00010678190770775967,0.002050490309978059,1.9643590902269508,2.243662269943479
2015-09-08,0.0020494819593329327,0.009325583061723819,1.968389137087548,2.2646835945127655
2015-09-09,-0.003809374086214922,0.008959583557471618,1.9609050703723536,2.2850653862480423
2015-09-10,-0.002368247120430875,-0.007795644854052597,1.9562666572082303,2.2673210820385603
2015-09-11,0.0012509573022703355,-0.0030421618266149864,1.9587153945818678,2.2604340055062777
2015-09-14,0.0003300561612148853,-0.0025196830692593153,1.9593619873660122,2.2547455977153743
2015-09-15,0.0010976593210917378,0.002130672145051804,1.9615138801213479,2.2595548429976824
2015-09-16,0.0012830120416341172,0.005889965619504167,1.9640321411835628,2.2729028142957173
2015-09-17,0.0006413924759140479,-0.0010848691157985257,1.965292260693758,2.2704383492819775
2015-09-18,6.545799194823654e-05,-0.0054598145514201946,1.965420908989218,2.2580759558420547
2015-09-21,-0.00151223533614957,-0.0033919449552151093,1.9624509762248574,2.2504296617305806
2015-09-22,0.001010831645540577,-0.02174022803113651,1.9644356867095354,2.2020327933599932
2015-09-23,-8.16861290604587e-05,0.007827745933809638,1.9642752261162915,2.219337386223065
2015-09-24,0.00651429060949665,-0.00876587488941638,1.9771128543988505,2.1999679713214526
2015-09-25,-0.0005727932358582746,0.017134174384846546,1.9759807018049507,2.237987391732465
2015-09-28,0.00035644592418242194,-0.011115252900571804,1.9766851576151145,2.2132493354569562
2015-09-29,0.005659924422744132,-0.010388258168230635,1.9879047673348813,2.19037653991662
2015-09-30,-0.000521568130752294,0.01452079068016765,1.9868682099024282,2.2224145850952697
2015-10-01,0.0037850091802516545,0.004825550935150247,1.994402774519785,2.2331648770544947
2015-10-02,-0.0013090906260274416,0.0019309055371721229,1.9917936287199038,2.237481073223518
2015-10-05,0.0024374665273606206,0.018533973670239234,1.9966544806946853,2.2793371702701517
2015-10-06,0.005945000542029323,0.001314133487410274,2.0085599466007085,2.282334492584164
2015-10-07,0.002973404088717563,-0.0059478902958129964,2.014541094736851,2.2687997090099583
2015-10-08,0.00666741827880311,-0.0016100157730800646,2.0280177602133733,2.2651498446505034
2015-10-09,0.0025195562365023507,0.004816690395164969,2.0331339075127626,2.2760866887016697
2015-10-12,-0.0027401665805821956,-0.005805239192607559,2.0275704078645846,2.2629117399156806
2015-10-13,-0.0015298820939637207,-0.005253073906519745,2.0244708357978,2.2510556649847073
2015-10-14,0.002050230806318911,-0.005132095691477545,2.0286257260584466,2.2395326258663983
2015-10-15,-0.0004180334590100759,0.008175158827119944,2.0277778698576228,2.2579162027256654
2015-10-16,-0.0022362700184911433,-0.0033568051662040688,2.0232482775864673,2.250349524988158
2015-10-19,0.0031126725702805887,0.0014552834570764617,2.029555798534043,2.253626805532194
2015-10-20,-0.00012197518476678908,0.003934911243787198,2.029308258187719,2.2625120969404824
2015-10-21,0.0019506183736576117,0.0030980704165948225,2.033270527343123,2.2695323877978266
2015-10-22,-0.000788428846196406,0.00045777622648657257,2.0316680700020506,2.270571563607045
2015-10-23,1.7856918520619603e-05,0.011445251301193338,2.0317043496571583,2.2967081101115254
2015-10-26,-0.0032447361244267,-0.0036026235130268702,2.0251226888105056,2.288448821957366
2015-10-27,-0.0010991796106183957,-0.007801605498963582,2.022897938166232,2.2706647095609
2015-10-28,-0.0046686991416540514,0.005779664838035714,2.0134756483314966,2.283826388951224
2015-10-29,-7.032676371262635e-05,-0.0017280209468619745,2.0133340520843968,2.2798832969660845
2015-10-30,-0.0012906344702407024,0.00016352307009626088,2.010737249878353,2.2802561409657325
2015-11-02,0.00034871247185572316,0.002928498995148132,2.0114385413024367,2.286943656194642
2015-11-03,-0.00018273673047377453,0.0012573850563626365,2.0110710111814996,2.2898210335792486
2015-11-04,-0.0004850420204671165,-0.00037822033239720554,2.010095793764766,2.2889551404663107
2015-11-05,0.0032621961295665556,-0.00381348299267259,2.0166638277660835,2.2802428715700724
2015-11-06,-0.0003626091882974888,0.002846939545030125,2.0159326994973537,2.286743834707043
2015-11-09,-0.004028455645908323,-0.00310404830990052,2.007827939825363,2.279656676502933
2015-11-10,-0.00035540696725656597,-0.004269002164450697,2.0071144705799773,2.26994556035292
2015-11-11,-0.0029811843730054646,0.0036319367174257877,2.00113980250397,2.278204848507081
2015-11-12,-6.367063731062256e-05,-0.013676509101786749,2.0010123927135712,2.247259056720291
2015-11-13,0.0013881525626333905,-0.005581831263295811,2.0037920320297418,2.2347501795596405
2015-11-16,0.0024915625103343335,0.004092854092370146,2.008790829958015,2.2439154291979526
2015-11-17,-0.0010732493047855085,0.014170944515168316,2.0066360531095144,2.2759402049809436
2015-11-18,0.00012017041037700057,0.0002515854554800967,2.0068772058769175,2.276512870468192
2015-11-19,0.00036934885614622567,0.0032482318740107985,2.0076185805818554,2.28391953490508
2015-11-20,0.001519111336292062,0.002586396897031662,2.010670694389964,2.289834302974908
2015-11-23,0.004730451992718098,-0.004793525550908839,2.0202046076639655,2.2788841895280783
2015-11-24,0.0011341754948341917,-0.009214079900665695,2.0224971740650908,2.257982809888198
2015-11-25,0.003056523270276998,0.009471275808023094,2.0286884407970365,2.279470384595221
2015-11-26,0.0070135106155781125,0.0061233309648471845,2.0429666804770106,2.2934711581229332
2015-11-27,0.0014248278811060525,0.0028246596656007483,2.045879631097348,2.299958591680012
2015-11-30,-0.004352212133797258,0.008972009202908637,2.036994877133995,2.320686688623615
2015-12-01,-0.0012351105648102396,0.005501355556368992,2.0344805163172244,2.3334887934099497
2015-12-02,0.0008398719331499359,0.002115704675077268,2.0361899371482255,2.3384309928330946
2015-12-03,0.0028333758118908787,-0.009271566646802398,2.041967409474591,2.3168502721722186
2015-12-04,0.0008165962075728883,-0.0014384848584541032,2.043635553324429,2.3135199140455383
2015-12-07,0.000684586594290319,-0.000622111084776833,2.045035077821046,2.3120810952611204
2015-12-08,0.006934863484693721,-0.009505641723414726,2.0592664060315506,2.2902074071587877
2015-12-09,-0.001286451552107067,-0.003029263748551614,2.0566189628361307,2.283280262255295
2015-12-10,-0.0005690131615301104,-0.003483303288476236,2.055449052456792,2.2753407405181383
2015-12-11,-0.0019389374020522012,-0.011956228291429838,2.0514675266230205,2.2482982325295073
2015-12-14,0.0002776369782060868,-0.00622299076931121,2.0520371689412267,2.234350536584439
2015-12-15,0.0034967695139139204,0.013443212101080348,2.059225230127337,2.2645901883746835
2015-12-16,-0.0024015753655487323,0.004478344192820671,2.054285779148491,2.2747545454509974
2015-12-17,0.002302184472977029,0.0059206546170536,2.0590205720644503,2.2882625300496544
2015-12-18,-0.005549622926246094,-0.004165334123854336,2.047625432900793,2.278750975203014
2015-12-21,-0.007104181378196629,-0.0016967601422219758,2.0331302794937263,2.274887759776067
2015-12-22,-0.0024493195882844157,0.005215592722162654,2.0281565872420577,2.2867836428940227
2015-12-23,0.0007675985493589674,0.013062314397373598,2.029713994951777,2.3168502721722186
2015-12-24,0.00013786985246817297,0.0013330204950321445,2.0299938506122,2.319940740440083
2015-12-29,0.006933701121327412,0.00882115118383986,2.044118131434585,2.3404958148716375
2015-12-30,0.0035953497811238317,-0.0028328572500448956,2.0514806786462625,2.3338749068052635
2015-12-31,0.00037265453526778153,-0.005144487661858932,2.05224531468887,2.3218991471291095
2016-01-04,-0.0027231720687576804,-0.017805608316875166,2.0466643000501716,2.2809222125910704
2016-01-05,0.0012247359678812676,0.0048242177468686975,2.0491724590353675,2.291952462780323
2016-01-06,0.0001313199733591489,-0.008522115551061304,2.049441573977793,2.272503171320519
2016-01-07,0.001166466751399883,-0.015763477342018106,2.0518335742559497,2.2369614853189104
2016-01-08,0.0007076925719045782,-0.0035496043386604725,2.053286155565112,2.2290352329774157
2016-01-11,-0.0008781460765037318,-0.0044562044033114034,2.051483861838064,2.2191242953398005
2016-01-12,-0.002287164475037251,0.0017752917039306482,2.046797142520186,2.223067387324946
2016-01-13,-7.133138674621144e-05,0.00047330826092562006,2.046651146848721,2.2241198325298184
2016-01-14,-0.0003214226235433939,-0.017065208203787208,2.0459934125786226,2.1864867856983516
2016-01-15,-0.0019564578116916193,-0.015515872430336586,2.0419944259837806,2.1528233696433454
2016-01-18,-0.002234417497501509,-0.012565767958690799,2.0374368515667602,2.125940744863215
2016-01-19,-0.0057470987363319945,0.00971528013767653,2.0257610838434292,2.1466955106902534
2016-01-20,0.0019935785887117132,-0.02982999743200665,2.0298036259898837,2.083605258375299
2016-01-21,0.001548932465964477,0.01223856797317957,2.032950090927478,2.1092622853463845
2016-01-22,-0.00041293922455558384,0.018422652223673452,2.032110779397623,2.148480634683
2016-01-25,0.000771151515418788,0.0011773820105265287,2.033678449082393,2.1510117068592773
2016-01-26,-0.0015692172857547809,0.001979831123716025,2.0304896683057327,2.155274565261427
2016-01-27,0.0034552310833149535,0.006284678726176551,2.037517613918081,2.1688624264182734
2016-01-28,-0.0014038903122463781,-0.005197464199127921,2.034659169619477,2.1576190853457624
2016-01-29,0.000968626541096437,0.017813281437621953,2.036630949298154,2.1963977233359624
2016-02-01,0.002706328550480206,9.713209214012863e-05,2.0421502068765274,2.1966110744034517
2016-02-02,-0.0014497677542244663,-0.011565018362059476,2.039191708443317,2.171353560315454
2016-02-03,-0.005757976954162558,-0.019033080900742405,2.02748382877882,2.1304168242407413
2016-02-04,0.001023052554747625,0.005879221960068293,2.0295591126707997,2.14297890907615
2016-02-05,-0.0004099181417322412,-0.005260406073814394,2.0287273300638358,2.1317355680036365
2016-02-08,0.0019448553904036017,-0.03202146636170511,2.0326767506284282,2.0645556098906948
2016-02-09,-0.0012960269242022582,-0.011754163871385614,2.030044053223283,2.040430547657881
2016-02-10,-0.0014435286630408068,0.012689331060352416,2.027115740505386,2.066487217604168
2016-02-11,-0.005245508697187193,-0.02174644593881858,2.0165103269704656,2.022033571310839
2016-02-12,0.006032071125269713,0.01649819703550115,2.028710820817127,2.0556701883902933
2016-02-15,-0.0024491471548523536,0.019050995008557337,2.02374828894828,2.095208174051803
2016-02-16,0.0005535763822472506,-0.0016417106344910337,2.0248688983474863,2.091771270483491
2016-02-17,0.004653099340207093,0.028502868391065306,2.034312769077364,2.1522505740639777
2016-02-18,-0.0004732039834718772,0.00126805057322521,2.033350351899189,2.1549814677278527
2016-02-19,-0.0007608914826356128,-0.0011566572178178802,2.031803781395993,2.1524903338306745
2016-02-22,-0.002007502230701547,0.008056295336974273,2.0277290221850572,2.169901472135376
2016-02-23,-0.0033819386040348566,-0.003665642174262018,2.020882950149226,2.1619619503982177
2016-02-24,-0.0016369007631684834,-0.0069064627080202,2.017577671250654,2.147081884269796
2016-02-25,-0.003095607783165379,0.017320793252974198,2.011341699150107,2.1845949861718603
2016-02-26,-0.002660194872498841,0.010186333500787015,2.005998248736019,2.2069617233874776
2016-02-29,-0.0007695130511818746,0.002176636431768131,2.004455200676922,2.2117707084855573
2016-03-01,-0.0015493941486220395,0.011164289627126678,2.0013519142455554,2.2366019107149193
2016-03-02,-0.0001482546906481616,-0.003609950666151107,2.001055226429854,2.2285424440483568
2016-03-03,0.0004490257450184567,0.0009917735195852373,2.0019539535044215,2.2307537498076275
2016-03-04,0.0007574799249892238,0.01102251371632157,2.0034709679164,2.255478276503244
2016-03-07,0.0018847784937011268,-0.0059118148448202845,2.0072506277013193,2.24218364297208
2016-03-08,0.0019799390269219013,-0.010595784926602292,2.0112287985241646,2.2185513696683214
2016-03-09,0.004303141202884136,-0.003753908164457087,2.0199020477600365,2.2102387437472837
2016-03-10,0.0027322155445967857,-0.012518078966875734,2.0254284016906934,2.1827432550165806
2016-03-11,0.00021448639699716036,0.012741129137081586,2.0258628751236025,2.2107317928605723
2016-03-14,-0.0010304035675798697,0.005875867170498594,2.023776493881583,2.2237599977416003
2016-03-15,0.00030660336636040427,-0.0034985034703165496,2.024397085700277,2.215993758700724
2016-03-16,0.0011387304814880158,0.007068521594241872,2.0267036413917925,2.2317130490586483
2016-03-17,0.004294190202063509,0.005725852742447302,2.0354254053653533,2.2445281630564144
2016-03-18,0.0008980593997628896,0.0030992804155296483,2.03725415932509,2.2514953763311207
2016-03-21,-0.003161992258599534,-0.0022805296101058303,2.0308225511508384,2.246366624816035
2016-03-22,0.003666366021587962,0.00243432898357554,2.038281956046654,2.2518416815394495
2016-03-23,-0.0013541554730305359,-0.002327660333998338,2.03552367337358,2.246606254490619
2016-03-24,0.0017889648826195698,-0.011342094739294595,2.039168412926469,2.2212689939365378
2016-03-29,-0.004253140718366945,0.004899721011188518,2.030513960066781,2.2321792991963822
2016-03-30,-0.0011357680933592855,0.01296731986161781,2.0282090762523337,2.261313168014878
2016-03-31,-0.0013270743617628139,-0.0028848872221391986,2.025519277163405,2.2547989354822455
2016-04-01,0.003335717366979959,-0.004880132960195738,2.032287118520883,2.2438220230598684
2016-04-04,0.004034570701830758,0.00011281865121048895,2.040503087395835,2.2440751823143406
2016-04-05,0.0008482934018037323,-0.00714901545827118,2.0422347670836167,2.228089463306284
2016-04-06,0.0060492623473993295,0.008365210607250262,2.054626222760531,2.2468060759782165
2016-04-07,0.0028742397512152348,-0.009047056280143906,2.0605402061555504,2.2265707679636715
2016-04-08,0.0024130647456803407,0.0068865255285164295,2.0655184270531213,2.241957022508929
2016-04-11,0.0012502169234419268,-0.0030289049742169283,2.0681023880656277,2.2351766215103925
2016-04-12,0.004459177976039704,0.0009829005430077586,2.0773450166343252,2.237374657874002
2016-04-13,0.002087052089453005,0.01493376291653803,2.0816850712764987,2.2710378137447793
2016-04-14,-2.696945386474023e-05,-0.0027371782136924594,2.08162893012406,2.2648300782334947
2016-04-15,-0.0009245145610796417,-0.005343199308450508,2.0797053232057117,2.252760912419257
2016-04-18,0.0031575292922994503,-0.0012425815950756203,2.0862824319253295,2.2499634115928457
2016-04-19,-0.0031175484597290425,0.00910594714209445,2.0797884732182266,2.2705450248157204
2016-04-20,-0.0006720086679583124,-0.0015442753938259557,2.078391306843241,2.2670413839927654
2016-04-21,0.0025716642887316406,-0.0022707398517116673,2.0837431101162456,2.2618993630820197
2016-04-22,0.0004765567195561882,-0.0063750597363601,2.084736368550393,2.2475254853704247
2016-04-25,-0.0046075534166595735,0.005567804917447461,2.075152929430808,2.260074170718059
2016-04-26,-0.0006020259444968967,-0.0011913009037858302,2.073904009507311,2.2573833454253958
2016-04-27,0.0011682319008496267,0.008122434951022939,2.0763282260783766,2.275793461075984
2016-04-28,-0.001590055770600033,-0.0010072690993112587,2.073029371777035,2.2735022787585195
2016-04-29,-0.007298498835679068,-0.015643380984350586,2.0579544483938044,2.238213752011386
2016-05-03,0.00104375352383677,-0.0042646278017723915,2.0601035669811525,2.2286889277690847
2016-05-04,-0.003218383744048135,-0.004234823786422481,2.053484020983508,2.2192707790605284
2016-05-05,-0.002059755644490198,0.00013798032811607186,2.0492586987399473,2.219577015897645
2016-05-06,0.002805674552700487,-0.0007744367778705907,2.055016324958674,2.2178587592516656
2016-05-09,0.001325868025436382,0.002297753744560538,2.0577428124775845,2.222960711791199
2016-05-10,-0.001425749405909214,0.002232811860992001,2.054811077341621,2.2279297101898963
2016-05-11,0.0009352726847777935,-0.00021525416279644105,2.0567337850024607,2.227450190656499
2016-05-12,-0.0026427062717902837,-0.003648842358382254,2.051305617414842,2.219337386223065
2016-05-13,-0.0011538979658017702,-0.0005763765635187212,2.0489399851472827,2.2180585807392625
2016-05-16,0.00046258551726166216,0.0029385679567113243,2.049888014365538,2.224586082667554
2016-05-17,0.0013424514015882721,0.00869294097139317,2.0526417373596106,2.24400857515181
2016-05-18,-0.00091894255962529,0.0021407402778059748,2.0507563439243,2.248817560249888
2016-05-19,0.0011171804002080537,-0.008991061490588592,2.053048688960385,2.2286889277690847
2016-05-20,0.0014059712775154718,0.01141096794955132,2.055937246587102,2.2542660781819808
2016-05-23,0.0024132686890851124,0.006455830794365625,2.0609047671410745,2.268866316172492
2016-05-24,0.003908640549313492,0.006087693294928087,2.068975866319463,2.282720605979476
2016-05-25,-0.002280364751378512,0.0056389551241888825,2.064263221998623,2.2956291261153283
2016-05-26,0.0017549664036876533,-0.002312179112188062,2.067889115331472,2.290327352088192
2016-05-27,0.0030463833466103643,0.002294838100224794,2.0741983035186244,2.2955893179283473
2016-05-31,-8.19864435864957e-05,-0.002766167466814906,2.0740282543473847,2.2892481079077656
2016-06-01,-5.492944668791062e-05,-0.007194944433749129,2.0739143322518254,2.272836207133186
2016-06-02,0.0017048268105837273,0.0008671198400982405,2.077453012569764,2.274807883217869
2016-06-03,0.001828740191845342,-0.0004920537313015672,2.081255610312434,2.2736888308504626
2016-06-06,-0.0007988018991741548,0.006651200251429401,2.079593763209927,2.288861994512455
2016-06-07,3.748496152630661e-05,0.0007911993775433501,2.079671718163191,2.290673657296521
2016-06-08,-0.0011671261475193918,-0.0010182322392235932,2.0772458948189616,2.2883424066078457
2016-06-09,-0.0007024662857589749,-0.0038671233978533337,2.0757872120083514,2.2795101927822037
2016-06-10,0.0007955508632575089,-0.016742120367013058,2.077439263375117,2.2416640550674716
2016-06-13,0.0006288099480624939,-0.015161102863910259,2.0787459886482917,2.2079342920341625
2016-06-14,0.0020801969782164326,-0.020850277707591403,2.083074690487664,2.162374862769081
2016-06-15,-0.0010117101189869508,0.004057723580300987,2.080968288458484,2.171167008223514
2016-06-16,0.0009131181087161632,-0.016474071009076496,2.082869326090195,2.1356920594765527
2016-06-17,-0.000677482349668415,0.024035174384144042,2.0814586967772883,2.187645646252744
2016-06-20,0.003127694868740573,0.032182640598014345,2.08797905599429,2.259195008209463
2016-06-21,-0.0023380542502706007,0.0012493546962346613,2.0831029502091427,2.262019308011422
2016-06-22,-0.0010831681955653985,0.0037150047898570904,2.080847820908042,2.2704383492819775
2016-06-23,0.07362276466988599,0.01687214588100261,2.23982599386663,2.3090705035514523
2016-06-24,0.002441155328305739,-0.0745612012680148,2.2453004362895546,2.1431653310759744
2016-06-27,-0.006394405006600519,-0.07217190985599942,2.2309888816414687,1.9939387482094464
2016-06-28,0.0017240663547050232,0.03513204460360164,2.2348385721173707,2.0652349509116936
2016-06-29,0.0015944125978387172,0.03173000149432781,2.238404669050365,2.131815574653944
2016-06-30,-0.0015089604771055163,0.016620523809139698,2.235029551972555,2.167543552563263
2016-07-01,0.007659059243951462,0.011876778778582064,2.2522134981515336,2.193440469393163
2016-07-04,-0.0003300782423104572,-0.021411269213320594,2.2514702141564418,2.1469753388281654
2016-07-05,0.00033220188238755946,-0.023987536629485717,2.252218281047459,2.0960874666525124
2016-07-06,0.0015506183186128324,-0.004139553184325351,2.255713321007765,2.08742853552315
2016-07-07,0.0021397266746131117,0.014514698608996568,2.260545098469069,2.1179478853591864
2016-07-08,0.0018941222469910377,0.017396297583717413,2.264830904869682,2.1551146820529237
2016-07-11,0.00323071365165376,0.032151982943261714,2.272159757329999,2.225531852338687
2016-07-12,0.005362415408346092,0.006009490014701413,2.2843767488392257,2.2389464307992553
2016-07-13,0.0014649637991840266,-0.003343434955338509,2.287725730549515,2.2314731591998367
2016-07-14,-0.001136366310481137,0.0022063874897941815,2.285127512644941,2.2364020892273198
2016-07-15,-0.009653640182229212,-0.0036221835221894594,2.263173850737005,2.2283160837694367
2016-07-18,-0.002197714577773107,0.00835834230534438,2.258205502079081,2.2470191668614823
2016-07-19,-0.0017053390859739044,0.002285875484602684,2.254357777742066,2.2521614479564565
2016-07-20,4.71617197868392e-05,0.006638134422711772,2.2544640996390215,2.2671613289221697
2016-07-21,-0.0020996177630221375,0.0016732081849522018,2.249735552577134,2.2709579371865845
2016-07-22,0.006128172735862713,-0.003755437851605592,2.2635646509263574,2.2624454897779476
2016-07-25,-0.0005090175102986274,0.006309724671208272,2.262412750077065,2.2767660297226677
2016-07-26,0.0011326249902664353,-0.0012822207122322737,2.264976667000199,2.2738485839668496
2016-07-27,-0.0018648923284983769,0.01146369223708632,2.260756665536895,2.3000652672137583
2016-07-28,-0.0006918503131532861,-0.0007879674848041418,2.259193101268462,2.298253604429687
2016-07-29,0.002814545250086676,0.001772082764500027,2.2655606591671136,2.302329910739897
2016-08-01,0.003406001506234268,-0.008349403918954224,2.273290318327526,2.28318685611721
2016-08-02,0.0022091034294076037,-0.0044558155068372685,2.278317802837851,2.2730360286207847
2016-08-03,0.0017784398291756727,-0.003869658257894315,2.2823732590854964,2.264257152562017
2016-08-04,-3.433440723386036e-05,0.014438981106749793,2.2822948964978336,2.297187889829153
2016-08-05,0.0038472852601154333,0.012740103916947021,2.291092448506964,2.3266415250646526
2016-08-08,-0.00022864498536621567,0.0052707523224686526,2.2905686615905103,2.338937051157815
2016-08-09,0.0014216606529483026,0.007359988128758488,2.293827388782828,2.35621510522956
2016-08-10,-0.0015741135168120032,0.0006951023822789892,2.290219484455378,2.3578534853173503
2016-08-11,-0.0004840501055883705,0.006077664385708559,2.2891111717331922,2.372227363028939
2016-08-12,-0.0001572770542579737,0.0063702407616084145,2.2887511753815577,2.3873872572952743
2016-08-15,-0.0010392397930064205,0.0004407384232187894,2.286373849603549,2.388439702500151
2016-08-16,0.0017005988868567553,-0.006760418307298011,2.290265362440456,2.3723473079583477
2016-08-17,-0.002195238450229925,-0.002800378713489593,2.2852431982963606,2.365713130496311
2016-08-18,0.0029604863602032397,0.006303794620476921,2.2920186539881326,2.3806732032750455
2016-08-19,0.00010896189255928091,0.00017342849322687925,2.2922684102851645,2.381086115645905
2016-08-22,0.0034146414470436403,-0.00011190000871685868,2.3001090638987196,2.380819686995771
2016-08-23,-0.0003153547360655294,0.006158246960202618,2.2993838279712544,2.395526600520029
2016-08-24,-0.0010458032620923687,0.0017889851453194439,2.2969803818481127,2.3998159977135014
2016-08-25,0.0007466012200253163,-0.0073430770738607265,2.298695950546726,2.3822585057801877
2016-08-26,-0.001213680014109371,0.002674977319866656,2.295907761539925,2.388639523987751
2016-08-30,-0.00015732560856060516,-0.004673358748769729,2.2955465848660563,2.3775025982647557
2016-08-31,0.00040404211551454006,-0.006430513305902608,2.296474269763732,2.3622630876244544
2016-09-01,0.005007095589574775,0.0065650010307081175,2.308001771519208,2.3778223646817627
2016-09-02,0.004672013921591332,0.009306927553783595,2.3188100164021512,2.4000558875723157
2016-09-05,0.0010303587926544055,0.0005271554536996348,2.3212004539837547,2.4013214236604514
2016-09-06,0.006258526827574395,-0.0012545094891347475,2.3357733040164743,2.3983108319507784
2016-09-07,0.0008123003644596308,0.0031499282214539903,2.3376714243401673,2.405877249504057
2016-09-08,-0.0002212957519343499,0.007331800981550174,2.337154164820321,2.4235814853423285
2016-09-09,-0.0020260759464748278,-0.01656578551372867,2.33242370673565,2.38376367154291
2016-09-12,0.0023697916089391643,-0.009207238059254053,2.337957619384412,2.3619165222318954
2016-09-13,0.0023671250800374093,-0.003910537560869898,2.3434984127896197,2.3526981950109436
2016-09-14,-0.00012411883712939347,-0.0017001024156115818,2.3432075585424283,2.3487017652589275
2016-09-15,-0.00016837943553854763,0.006845080479457977,2.3428130437913888,2.3648339679877135
2016-09-16,0.008416341331879601,0.0056061702414123005,2.362614167669455,2.3781288617031056
2016-09-19,0.0019929821511696266,0.002120794678930338,2.3673275107799587,2.3831777366599978
2016-09-20,0.00021079195885742922,0.0005810806254586964,2.367826576980936,2.3845629574933125
2016-09-21,0.004245528253051337,0.001880955970909426,2.377900621300086,2.389052436358612
2016-09-22,-0.0022056548807364044,0.0030009954606118328,2.3726615730789087,2.3962327405165778
2016-09-23,0.0014673907814440074,-0.0036034318929214493,2.376145750498456,2.387613617574195
2016-09-26,-0.0019142323519367598,-0.011238371542720671,2.371601606091639,2.360930944373783
2016-09-27,0.0007054584517253938,-0.005323778892378783,2.373275262766995,2.348395268237583
2016-09-28,0.0047102409798478306,0.009237611918869959,2.384480329732301,2.370189339965951
2016-09-29,-0.0014555898742788296,0.0040720924418717885,2.3810120291329118,2.3798606479289797
2016-09-30,-0.0024661112004148358,0.00036377576467572226,2.3751474230571423,2.3807265410419176
2016-10-03,0.0026664714742926504,0.017312897919005366,2.3814891371503255,2.4223026798585297
2016-10-04,0.0032032224919825367,0.008684353321610772,2.3891298075693514,2.4434304197773327
2016-10-05,0.0014017202233958144,-0.007749876560557922,2.392481047338503,2.4245673233846676
2016-10-06,-0.0006448225590357352,-0.004659038973912288,2.3909388188724043,2.4132974435208348
2016-10-07,-0.00011719783587101318,-0.006685015005681194,2.390658622436661,2.397218318374694
2016-10-10,0.001319717954052722,-0.0009061424423251196,2.3938157003106664,2.395047080986636
2016-10-11,0.0014694543916979619,0.005231264985736672,2.397335889049377,2.4076090357299282
2016-10-12,-0.0005656077533423816,-0.006489063000914896,2.395980320679293,2.392036489276961
2016-10-13,-3.330811065277824e-05,-0.0044205294493178116,2.395900516430722,2.3814857586211087
2016-10-14,-0.0021410506883710215,0.005750566655112976,2.3907762595850808,2.3952201034986835
2016-10-17,0.002276895670144146,-0.010494088810267144,2.396226009600513,2.3702158787572736
2016-10-18,-0.0076173591640622575,0.01128359989680483,2.3780424387658687,2.397111903025176
2016-10-19,0.0021324315924678597,0.002558610348549095,2.383118862229755,2.4032530313739247
2016-10-20,0.0017315859862803442,-0.005302155037488987,2.3872490122782217,2.3905443327256726
2016-10-21,0.004851720215013619,-0.0006076144917201987,2.398859419016948,2.3890922445455947
2016-10-24,-0.0013205576177577776,-0.004117890330231688,2.395693677669216,2.3792744528618393
2016-10-25,-0.00019955306270038112,-0.0032863554597231115,2.3952156573553403,2.3714681454497506
2016-10-26,0.0007341148132194326,-0.00749352348296739,2.396974666228497,2.353763909611477
2016-10-27,0.0021811563322316364,-0.004975810007254111,2.4022085485827684,2.3420811173767806
2016-10-28,-0.0014066696230973664,0.003605285056528018,2.398831810323501,2.3505402270185467
2016-10-31,5.058580345331312e-06,-0.005717800254764427,2.398843945037641,2.337138657769406
2016-11-01,0.004356392081574295,-0.0011918979096918747,2.4093170457078137,2.334354686522886
2016-11-02,0.003846022362539151,-0.003418480006782687,2.4186011749843126,2.326388365810181
2016-11-03,0.0017673888081997267,0.006756997482634475,2.4228795633066107,2.3421609939349763
2016-11-04,0.0050008864804279,-0.017829656829333018,2.43502645625984,2.300771147026076
2016-11-07,0.00287169207232702,0.010740438149653642,2.4420291524113216,2.3256156186511006
2016-11-08,0.0010820854993441056,-0.0005671563372739996,2.444673066958936,2.3242970049803153
2016-11-09,-0.001056272730269675,0.008173796638539343,2.4420921887594735,2.3433731922562395
2016-11-10,0.0024756791080569663,0.003886474587456945,2.448145515326463,2.3524983735233422
2016-11-11,-0.0009498175157621129,-0.01222080756548749,2.44582132778662,2.3239239007964367
2016-11-14,0.0010653214949656732,0.0015694407912807407,2.448428302206343,2.3275740253401227
2016-11-15,-0.00280107354400298,0.005746786085923716,2.4415796707027737,2.340988603800695
2016-11-16,-0.002655532495470467,-0.005655239640038445,2.435104577761917,2.3277871162233854
2016-11-17,0.0017998850167587309,0.007235997417886608,2.4394914327386434,2.3446920661112505
2016-11-18,0.003457952432840147,0.0033067905022967636,2.447941679929519,2.3524583051521315
2016-11-21,-0.002526352679224525,-0.007480090679445439,2.4417651212757305,2.3349273520101375
2016-11-22,-0.003737505419689748,0.008606369724478924,2.432656044117658,2.3551093222578108
2016-11-23,-0.0011279765915821255,-0.003206634175226597,2.429913612034893,2.347569443495856
2016-11-24,-0.0007950261368649625,-0.0018118484146949498,2.4279825349330992,2.343319854489368
2016-11-25,0.0006663391662354241,0.0007274411441997586,2.4296009339324987,2.3450251019239188
2016-11-28,-0.0011749742889826482,-0.00484599396230756,2.426747891756475,2.3336886148975506
2016-11-29,0.001211331652704904,0.0007873706824526039,2.429689269423167,2.3355268164729424
2016-11-30,-0.001879819200657194,0.0007811854426389431,2.425126183115225,2.3373520088368975
2016-12-01,-0.002155695283166676,-0.0027680215965197874,2.419903980801954,2.330891114071141
2016-12-02,0.001842870091700905,-0.0035496964055674596,2.4243676612012304,2.322631825916978
2016-12-05,-0.007020359626944853,0.001524455465375496,2.407407331815566,2.326175274926919
2016-12-06,0.003281195099190144,-0.0005614241569258382,2.415319478504271,2.324869670467567
2016-12-07,0.0017036823728477,0.009886754225727046,2.4194379229890703,2.3479690864710574
2016-12-08,5.714373885766283e-05,0.0032004558933405036,2.419576182668224,2.3554956958373507
2016-12-09,0.0024265235753787207,0.002885754686559494,2.425454470335409,2.36230289581144
2016-12-12,-0.0004203377891592946,-0.005195896479925466,2.4244351744049486,2.3500604473009195
2016-12-13,-4.6877054566368966e-05,0.004208554105883167,2.4243215266887415,2.3599716451227613
2016-12-14,0.000606714346663546,-0.001875768601859562,2.425792843629324,2.355549033604223
2016-12-15,0.0029452183335002074,0.004908082113175283,2.4329478645629976,2.367138679885067
2016-12-16,0.000713674925756027,0.0008663050261592531,2.434684818186008,2.3691902325279455
2016-12-19,-0.0005627487839190679,-0.0001349777631940441,2.433315087708576,2.368870466110941
2016-12-20,-0.0005071764880405648,-0.0007031893993012517,2.4320812804135685,2.3672052870476024
2016-12-21,-0.00016771304040304105,-0.001379687252956785,2.431673422869993,2.3639415360834546
2016-12-22,0.00040432450790188576,0.008204957709287086,2.4326568068197925,2.383417366334583
2016-12-23,0.002689108850546809,0.0010055529931669582,2.4392072893021854,2.3858152241857895
2016-12-28,-0.001004010734302229,0.005745799538898311,2.436759527995471,2.399563098643256
2016-12-29,-0.001549761147281816,0.0009266456126812983,2.432986057497946,2.4017876737981876
2016-12-30,0.0018701459700430343,0.0026477454740696516,2.4375403538406553,2.4081554226100903
2017-01-03,0.00481315186720439,0.0035009388841977795,2.4493008856548397,2.4166010026719627
2017-01-04,0.0017893730409427517,0.0005842369007797998,2.453687522122858,2.4180132826650564
2017-01-05,0.0009397509403945962,0.008606777714504688,2.455994461083458,2.4389144021207088
2017-01-06,0.0005721582361105071,0.0018008485991760637,2.457400080622261,2.4433104748479253
2017-01-09,0.001137836677893915,0.002091479806994201,2.4601977919336813,2.448425956967349
2017-01-10,-0.0004048233707844659,0.0018319393656014427,2.459202047934574,2.452915435832652
2017-01-11,0.0011451871434147436,-0.0010433322328129435,2.462019907683348,2.450357564680823
2017-01-12,-0.0005428467792740111,-0.004937641393976122,2.460683770797568,2.438288398866586
2017-01-13,0.002339783580638036,0.003730046254569075,2.466447979151932,2.4474003107380256
2017-01-16,0.000546599012848903,-0.0035006509406745323,2.4677965057006452,2.4388477949581775
2017-01-17,-0.0011879672014629874,-0.003649885999838176,2.464866585061374,2.4299625035498873
2017-01-18,0.003676594987968161,0.003928503852296927,2.473945580862254,2.4395273961634003
2017-01-19,0.0016978226425952586,-0.004877409666347532,2.478149469404723,2.427657791652538
2017-01-20,0.0008077706481082211,-0.004008221974070025,2.480152054513579,2.4179466755025225
2017-01-23,0.002328014379427641,-0.0019191542226888458,2.4859326101572674,2.413310712916495
2017-01-24,0.001310484890017619,-0.0008449572981739095,2.489192522847102,2.4112724296692774
2017-01-25,0.0014464018585257296,0.0018049948035638863,2.492795500587084,2.4156286942095084
2017-01-26,0.0016649850590356964,0.0005126696876907033,2.496949425002219,2.4168674313220984
2017-01-27,-0.0002574292801056561,0.002647781832321172,2.496306719838394,2.4232752485052105
2017-01-30,0.0017042376920541951,-0.006010063982309077,2.5005646470707408,2.4087548870728885
2017-01-31,-0.0028950263775625712,0.003643433555099662,2.4933359151921763,2.417547032527324
2017-02-01,-0.00016690907335576658,0.005078522374972749,2.4929197895335466,2.4298558280161453
2017-02-02,0.002993207039999524,0.001041113143205763,2.500392793141839,2.43238690019242
2017-02-03,-0.0005253854544818455,0.00831726985816772,2.4990794681689597,2.4527020847651597
2017-02-06,0.0005232552244996096,-0.001864619598016759,2.500387466735817,2.4481329895258956
2017-02-07,0.0017950353036530506,0.009870851269933922,2.5048797812367383,2.4724178048750987
2017-02-08,0.0009081524914365512,0.0024969416073830075,2.5071556273020392,2.478599001595062
2017-02-09,-0.0005559760438217083,0.0011548679202277867,2.5057620962559617,2.4814631095840043
2017-02-10,-0.0009361468767963798,0.00470240436183289,2.5034174325415965,2.4931594313985928
2017-02-13,-0.0005151852780497812,0.002316282064565911,2.5021280409018516,2.4989409851433524
2017-02-14,0.0016173819080664198,0.00152873778466045,2.506178211980674,2.5027641321990877
2017-02-15,0.0013273079493992146,0.0021108361526192,2.509506890846316,2.5080526368305622
2017-02-16,-0.00012790315920923364,-0.006474342748285622,2.5091859375128296,2.491867096334903
2017-02-17,0.0006850101273993525,9.626448894906048e-05,2.5109053441297924,2.492106986193713
2017-02-20,0.0006027648655788194,0.002066510562599433,2.5124192858816383,2.4972622765001216
2017-02-21,-0.0010876642641698753,0.0013859868888275173,2.5096881027821545,2.5007258489518693
2017-02-22,0.0009539243331571895,-0.005052086448801063,2.5120832975676977,2.488123825837363
2017-02-23,0.0025021138240020405,-0.0018273641034625143,2.518376686017355,2.483581269389418
2017-02-24,0.0006772579994120196,-0.0029490912943774816,2.5200828544663927,2.476267750906384
2017-02-27,0.0005636646761985871,0.004428384369846938,2.521503736565453,2.487257932724425
2017-02-28,0.0020541912504948023,0.005320248888846635,2.526688711120625,2.5005260274642684
2017-03-01,0.0032056423130058993,0.01124673997254888,2.5348013675549224,2.528807532749713
2017-03-02,-0.0015797233590316249,-0.0016923973915741186,2.5308002437905026,2.5245314049519036
2017-03-03,-0.001067336147509089,-0.0035946731133869037,2.5281004702474266,2.5154728308473384
2017-03-06,0.001115773584100363,-7.944010453009298e-05,2.5309228322357473,2.5152730093597384
2017-03-07,-0.0008271281782270745,0.00023830138390579236,2.528830300159708,2.5158724738225384
2017-03-08,-0.0019208850843050241,0.0023904191381003415,2.5239773702079673,2.521893657241885
2017-03-09,-0.0014507086092985105,-0.0020939662663774783,2.520318469148662,2.516618422006069
2017-03-10,0.0034876565204426495,0.0036932689098314597,2.529123820386005,2.525930155365112
2017-03-13,-0.0011960988611983167,0.003569246118729552,2.526100546692161,2.5349619304941235
2017-03-14,0.002367626390499968,-0.004112643758213963,2.532088494826382,2.5245579437432277
2017-03-15,0.004059779583362931,0.000680488314984018,2.5423891109687724,2.526276460573441
2017-03-16,0.0003511121769012249,0.0033165780183903593,2.543281931474958,2.5346689630526678
2017-03-17,-0.00021676466925005066,0.0035622810895059587,2.54273069755445,2.543714267761573
2017-03-20,-0.0005465634603695091,0.002975442632230596,2.5413413135934473,2.55129421489474
2017-03-21,-0.004138484751375977,-0.008589546090927769,2.5308457441759407,2.529473604375051
2017-03-22,0.0001587456320648916,-0.008201839577424153,2.5312475367738245,2.508812114593981
2017-03-23,0.0006602060088233562,0.008954704473536523,2.5329192333787733,2.5313786732972026
2017-03-24,-0.003453387468109556,-0.0011531772294368636,2.5241871681209878,2.5284612275413867
2017-03-27,0.0018014097887111915,-0.004244966290150032,2.528738361645715,2.517750743769143
2017-03-28,0.0039486282463642945,0.00281617800174061,2.538743148961801,2.5248511713689097
2017-03-29,0.0003424057669679898,0.0013391564534259714,2.5396125780971364,2.5282346070782333
2017-03-30,-0.00010539643740512103,0.0017478629276155289,2.539344926084048,2.532657478781003
2017-03-31,-0.011130633870413683,-0.0021114121602199276,2.511237126445827,2.5273156363826534
2017-04-03,0.00036568405983517926,-0.0009282056512009973,2.5121556137612844,2.524970856114091
2017-04-04,-0.0018456602257807477,0.003470792552533908,2.507523304213718,2.533749732172859
2017-04-05,-0.001510512665866241,0.0025834588486848276,2.5037385177063567,2.540304033076702
2017-04-06,0.0013624390042776989,0.0029741209366278554,2.507152033544927,2.5478704506299774
2017-04-07,0.0017311507212978109,0.0054020442529072454,2.5114960505854422,2.5616714026700884
2017-04-10,-0.0013128832915110175,0.0018132763162395094,2.5082009129228315,2.5663206346517806
2017-04-11,0.0010377031382762737,0.002172632231452809,2.5108050317990815,2.5719023669089367
2017-04-12,-0.0013275847714718943,0.0060624599287830705,2.507473936919397,2.587541780708667
2017-04-13,-0.0017198754614313895,0.005206813832485224,2.503165100418311,2.6010497653073235
2017-04-18,-0.0022344307161668506,-0.011714798594200104,2.4975781955307137,2.570756775750207
2017-04-19,0.0004049769915599053,0.006193909464233371,2.4985898620715346,2.5867292253626055
2017-04-20,0.001373961613289717,-0.0020104860511480638,2.502025188091991,2.581533866684986
2017-04-21,0.004345059459969061,-0.0010532713719033637,2.5129202890942253,2.578816242416768
2017-04-24,0.0010019407721098932,0.01254599904656395,2.515439348152183,2.611373875500027
2017-04-25,0.0010217521010795847,-0.0010463161279581357,2.518010817069467,2.608642981836148
2017-04-26,-0.00257673616363075,0.004915816953085184,2.511530919615075,2.6214981642051294
2017-04-27,-0.0028643310764910803,-0.002146801897659145,2.504347356515363,2.6158763635767595
2017-04-28,-0.0001500668482649751,-0.0010801600331795669,2.5039715651982246,2.613052323959026
2017-05-02,-0.001226043301646968,0.009634626171136418,2.5009034688270266,2.638349776326125
2017-05-03,0.001095809272735478,-0.006173957320511292,2.5036454841268956,2.6221108980635943
2017-05-04,-0.0003648984651461334,-0.0001320798746782259,2.5027320743935078,2.6217645928552633
2017-05-05,-0.000672548563196895,0.0009547302397372448,2.5010494314257876,2.6242688660559885
2017-05-08,0.00041507483064865834,0.0015267639099079133,2.5020877695740884,2.6282785652036655
2017-05-09,-0.0002660811533598228,0.004415080134975824,2.5014220997395786,2.6399082798557156
2017-05-10,-0.0010477360902392868,0.003013106596815973,2.498802642018581,2.6478746005684246
2017-05-11,-5.904070373220511e-05,-0.004088558849407065,2.498655115307191,2.6370707106580977
2017-05-12,0.0009236893705630269,-0.0016532002741858065,2.5009641627350123,2.632714706302094
2017-05-15,0.0001034188080929802,-0.0006073796815773136,2.501222822842735,2.6311161344012866
2017-05-16,0.0001622298725650806,0.00630383921049571,2.5016286288185774,2.647754655639019
2017-05-17,-0.003398863548255358,-0.005160267254739281,2.493140367852764,2.6341267261109573
2017-05-18,0.002448212567758649,-0.0041555658973582155,2.4992515831591646,2.6232031514554506
2017-05-19,0.0002556857911767778,0.006136103875157062,2.499890687979083,2.639348883764128
2017-05-22,0.00018113172617676917,0.005024444667428796,2.5003435385062107,2.652643517295294
2017-05-23,-0.00035354584485281567,0.00037657503687782423,2.499459708683854,2.6536426247332963
2017-05-24,0.001672057897909434,0.0015249530638676845,2.503642445945202,2.6576923922521813
2017-05-25,0.0011032524251314508,0.0008567346936985132,2.506406119779962,2.6599703051739856
2017-05-26,0.0021543735193100375,0.0028655783189659445,2.5118116754553097,2.667603590074024
2017-05-30,-0.002258026211548294,-0.0016493076326113965,2.5061463375016033,2.6632075173468066
2017-05-31,-0.004045839331005291,-0.0009859435675263484,2.4960273557701993,2.6605830390324483
2017-06-01,0.001830634186331822,0.0019208461417150602,2.5006008537012896,2.665698521151871
2017-06-02,-0.00043920934812548924,-0.0003898108207547324,2.4995028075841246,2.6646596055268876
2017-06-05,-0.0006828383744168515,-0.0067267129733963316,2.497796633736926,2.646795356387998
2017-06-06,0.0032177072280955682,-0.010823966795785012,2.505846756543113,2.618301020403517
2017-06-07,-0.000913060233158158,0.002088889046230946,2.5035598117373854,2.6237760771269336
2017-06-08,-0.002159879643280299,0.0024087659783980087,2.498158259315727,2.630103757567621
2017-06-09,-0.0003665871136521437,0.001346359115141027,2.4972426345283765,2.6336472065775633
2017-06-12,0.0014144189869784544,-0.00442559953907562,2.5007772810720588,2.6220174919255075
2017-06-13,0.0004403152903216354,0.008942444423013285,2.5018786540044804,2.64556988867107
2017-06-14,0.0014880822326123807,0.005783951587646996,2.5056044266181456,2.660916074845115
2017-06-15,7.475022422765614e-05,-0.021301946771886904,2.505791728111188,2.604832843991845
2017-06-16,-0.0009513318550859401,0.01334541052183269,2.5034090221697594,2.6398284032975248
2017-06-19,0.0006929582119932631,0.002867264198389563,2.505144381205855,2.6474083504306885
2017-06-20,-5.044430112593177e-05,-0.005125578758271132,2.5050180141356018,2.633873566856485
2017-06-21,0.0014140781730679732,-0.004516605971401688,2.508562811151891,2.622004222529846
2017-06-22,0.0008873306293758407,-0.001230229114767667,2.5107897236276493,2.6187805399369144
2017-06-23,0.0005127216894585034,0.0013572367912626504,2.512077390055667,2.6223372583425144
2017-06-26,0.0011546791196568448,-2.5400244854978382e-05,2.5149797086658072,2.6222706511799827
2017-06-27,-0.0011894987199539224,-0.008048663318099614,2.511989922047839,2.6012495867949217
2017-06-28,0.000293580233388494,-0.0025844247222668315,2.5127275008994117,2.5945355327746915
2017-06-29,-0.0018233753553478275,-0.006697120417587854,2.508150029991614,2.5772176705159637
2017-06-30,-0.0038151665631384114,-0.00032058500828391345,2.49859925035411,2.5763915855900086
2017-07-03,0.0014814515198310321,-0.0010242381161127412,2.5023035472016084,2.573754098064217
2017-07-04,0.0016005992612953396,-0.0009787396240277246,2.5063119394698834,2.571236295283601
2017-07-05,-0.0033447485181567556,0.007725911556740073,2.49794296019204,2.591178375672463
2017-07-06,0.00346287676957481,-0.004229732086278304,2.5066080232043833,2.580241531621298
2017-07-07,-0.0006985847820269416,0.0013414441377790354,2.5048575564807622,2.5837051040730423
2017-07-10,0.0023381028991756227,-0.0019456412176044324,2.5107210232187183,2.5786830280917004
2017-07-11,0.0012603482940159647,-0.007362734289792172,2.5138874011274366,2.5597665939321654
2017-07-12,0.001957911154460476,0.0027284578767314827,2.518814190845564,2.566760345998192
2017-07-13,0.0006537774777985387,0.007775441568526276,2.520461473253693,2.586795832525135
2017-07-14,0.0007444685374627359,-0.0005099784705233645,2.5223385761557475,2.5854769586701276
2017-07-17,0.0013441192703076317,0.0057643160329465815,2.5257311795632345,2.6004235018689705
2017-07-18,0.0017496662983741127,0.004742727817287573,2.5301542345936605,2.612785895308892
2017-07-19,-0.0007820878672161641,0.004095936935057054,2.5281762052617935,2.6235096484767975
2017-07-20,0.0014592685022194684,0.0035480980718567423,2.531868186306856,2.6328346512314997
2017-07-21,-0.002247959035493086,-0.0006428515903014187,2.5261830427197873,2.6311426731926097
2017-07-24,-0.0019367255809466031,-0.0068533163391872876,2.5212952540792486,2.6131722688884307
2017-07-25,0.0020491610371556816,0.001273638856398307,2.526467091230926,2.616502627015111
2017-07-26,4.409954985104103e-06,0.006161751172271579,2.5264782328616366,2.6326746379308803
2017-07-27,-0.0010737831595105513,0.005887756206245598,2.5237667990888077,2.6482209057767525
2017-07-28,0.0012925895171593592,-0.007634994691159136,2.527031102844976,2.6280787437160655
2017-07-31,-0.0006464691839217027,0.0026778719848969956,2.5253979830478626,2.6351258335489636
2017-08-01,0.0013597195617238945,0.004161974776689448,2.5288341516699875,2.646116015367002
2017-08-02,0.003692789406668064,-0.0011182078359475156,2.53818986734862,2.643158761424201
2017-08-03,0.0010520200830753863,0.0033609843451305466,2.540861499122468,2.6520573222281505
2017-08-04,0.0015521110792546923,0.003084417743515644,2.5448082605198254,2.6602500032197813
2017-08-07,0.0007042718561439136,0.0009410225187806986,2.546601128616158,2.6627545366047363
2017-08-08,0.0005280928168743343,-0.0019530278129380463,2.547946325542779,2.6575591779271135
2017-08-09,0.0027626158170219388,-0.003741419824761394,2.554995054344467,2.6476347107096116
2017-08-10,0.0019556872832171444,-0.00887446228377975,2.5599967149287717,2.6242423272646667
2017-08-11,-0.0006454417568332162,-0.0078788918878967,2.5583449192778884,2.6036474446461297
2017-08-14,0.0010662089548164155,0.007528546226623689,2.5610741042225,2.623323096384858
2017-08-15,0.002169504181388702,0.00011682858215600334,2.5666363967271884,2.6236295934062035
2017-08-16,-0.002153350959390979,0.008312655314920647,2.5611154741551863,2.6455298202998607
2017-08-17,-0.00031942280148472904,-0.004344928120382008,2.560297526118087,2.634060118948427
2017-08-18,9.045490063602017e-05,-0.0074417145034075816,2.5605291280510176,2.614530950930427
2017-08-21,-0.0059040884265372665,0.0010388910691165876,2.5454560777561794,2.6172485751986416
2017-08-22,-0.0013819242684345616,0.005294624502713674,2.5419408796562943,2.6311426731926097
2017-08-23,-0.0020225362363116236,-0.0004051207475459506,2.5368049077121,2.6300769585920696
2017-08-24,-0.0003523095148143105,-0.0016677073073303461,2.53591132462404,2.625694415444745
2017-08-25,-0.0010415155820907328,-0.001980620960139845,2.5332715084081348,2.6204990567671276
2017-08-29,0.0031683838895456245,-0.007316528196575689,2.541310613804081,2.6013960705156496
2017-08-30,0.001105622912659312,0.004531894419862681,2.5441218988711025,2.6132120770754144
2017-08-31,-0.007790596261690158,0.009487592981706428,2.524378677905016,2.6381231558629747
2017-09-01,-0.0018199062152885405,-0.000879034107800436,2.519788723369598,2.6358051745699607
2017-09-04,-0.0005012176717115077,-0.00447263461474634,2.518526077189189,2.6240425057770675
2017-09-05,-0.00245936004844129,0.001466106016920321,2.5123397251257016,2.6278924518083517
2017-09-06,0.0008625427242171504,-0.003783737359491113,2.514507660310322,2.6179679845908512
2017-09-07,0.00013676733144200198,0.002256649792444776,2.514851586331299,2.623882492476448
2017-09-08,0.00013091986357224676,-0.004391011682017165,2.515180851911118,2.612386252333689
2017-09-11,0.0031919944953172135,0.00426923576858762,2.523222122363062,2.6235629862436713
2017-09-12,0.0008782336283549246,-0.001443102154368603,2.5254390742410826,2.6197796473749184
2017-09-13,-0.008316637474523058,-0.0038669593335161068,2.504523009219089,2.609668628065476
2017-09-14,0.0002971424932363097,-0.003379855838385737,2.5052673200081212,2.6008632132153844
2017-09-15,7.224224155868682e-07,-0.007490693541878812,2.505269129870044,2.581453729942559
2017-09-18,-0.00011623053180117573,0.0030761060257109563,2.5049779580286304,2.5894067812596053
2017-09-19,-0.0008841035135891681,0.005008534663332398,2.502764276920289,2.602408447349315
2017-09-20,-0.001341576714286318,0.00027130414990850227,2.4994088779108754,2.6031145873458623
2017-09-21,0.0026715289491008485,-0.006288666771000706,2.5060950482560354,2.586795832525135
2017-09-22,-0.0012011428357540754,0.005090434762220042,2.503086677246439,2.5999973201024464
2017-09-25,3.70626035933657e-05,0.002507434010682985,2.5031794498749043,2.6065248220307367
2017-09-26,-0.002127588979929595,-0.0032353148041188717,2.497859374336445,2.5981055205759542
2017-09-27,0.002019447689000606,0.0033937171585058934,2.5029087674540054,2.606937734401597
2017-09-28,0.0015163319841176668,0.005554437435630888,2.5067068869487197,2.6214580958339173
2017-09-29,-0.0032606342882184392,0.009925967698196203,2.498546743374295,2.647608171918291
2017-10-02,-0.0007742703819411193,0.004132313267968257,2.496612941372421,2.65857155476078
2017-10-03,0.0015174054355885965,0.003915778273469783,2.500404191124259,2.669002340487228
2017-10-04,0.00042812335725138156,-0.00029951478244427676,2.501474901742807,2.6682030545368276
2017-10-05,-0.0037826667301549045,0.002946298363152522,2.4920305295731473,2.6760759691114475
2017-10-06,-0.0013557612324763795,0.0038752998443261077,2.4886542204426814,2.686466686466689
2017-10-09,-0.0008139905102792289,-0.0031736713698400365,2.4866293037671596,2.677954239058049
2017-10-10,-0.0011666116880394632,0.002171546980118677,2.48373006442963,2.683775861174023
2017-10-11,0.0003813045746982618,0.0010666243922123897,2.4846773026471687,2.6866399691629654
2017-10-12,-0.0010501914211590805,0.004126700603867661,2.482069285557866,2.697749835726182
2017-10-13,0.000675947811187462,0.00040980686713787406,2.483747602021922,2.6988556186979347
2017-10-16,-0.0032198775009386065,-0.002095057714486259,2.4757631004569833,2.69320727927824
2017-10-17,0.0003456708656708491,-0.004267846114045071,2.4766190475605794,2.6817375779268033
2017-10-18,0.006542914715197118,0.006377750148393702,2.492876482277225,2.6988956870691454
2017-10-19,0.0004693469220310634,-0.006352913141251193,2.494046780797706,2.681804185089338
2017-10-20,-0.00046063071557269036,0.0007646972683179598,2.492898210798015,2.6838557377322183
2017-10-23,-0.0005410657978253894,-0.0007597493444890802,2.4915497536736035,2.681817454484998
2017-10-24,-0.0004957971356278601,-0.0009144233512383693,2.4903147566217565,2.6793662588669154
2017-10-25,-0.0001965298874348543,-0.0019856643703484167,2.4898253834327644,2.6740512154441194
2017-10-26,0.00043854612671913003,0.004478486423769468,2.490917526170856,2.686053774095826
2017-10-27,-0.00037249724548260447,-0.0008583972667661754,2.489989839044809,2.6837490621984696
2017-10-30,0.0006852465638119169,0.003330140355345179,2.4916966807628635,2.6927012209535235
2017-10-31,-0.003404196593110027,0.0007220166358159474,2.4832288766236137,2.6946460980626576
2017-11-01,0.0022643697382421753,0.004946187309592176,2.4888581959698564,2.7080073387563557
2017-11-02,0.0013764580215031839,0.0028148176256799218,2.4922863636212536,2.7156406236563955
2017-11-03,0.0005287087567367604,0.004253792820037461,2.4936044056454727,2.7272170005415766
2017-11-06,-0.00010885298346787354,-0.001946011187401453,2.493332984139118,2.7219149663302127
2017-11-07,0.0017414620341659112,-0.0061610860852745475,2.497678811818189,2.7051965685342823
2017-11-08,-0.0030571116828576345,-0.00033985962575933115,2.490054788425845,2.704277337654474
2017-11-09,0.00026839030891224493,-0.011309853282684301,2.4907231846912468,2.673864663352182
2017-11-10,0.0004206013496976975,-0.002544099015986845,2.4917710065666516,2.6670707327737575
2017-11-13,-0.004551570310826811,-0.011706087906970808,2.4804553072676807,2.636031795033109
2017-11-14,-0.0020684460092226828,0.0029620286198657197,2.475329922005054,2.643851371840862
2017-11-15,-0.00097629057326085,-0.0077491140803207514,2.472914460024727,2.6234430413142658
2017-11-16,-0.0026876464782772933,0.007920433068182575,2.466277063668037,2.6443043525829357
2017-11-17,-0.0003126780417548637,-0.002633147255663104,2.4655060335337224,2.6373506688881223
2017-11-20,6.573775762194636e-05,0.0037056591257602634,2.4656681156991707,2.6471419217805536
2017-11-21,-0.0004981367873426892,0.0036518272179595357,2.464440181570336,2.6568264991392465
2017-11-22,-0.0016929714849946028,0.0034987054497612746,2.4602714843548967,2.6661382324982847
2017-11-23,0.0029570059148911016,-0.0003898441453671353,2.4675572884604384,2.6650990566890695
2017-11-24,0.00018129391767277394,-0.0030687106237810013,2.4680046821419963,2.656933174672991
2017-11-27,0.0013707190783010799,-0.003188866161584869,2.471389942835815,2.648474065031227
2017-11-28,-0.00012572529637248697,0.007261746500939026,2.4710792461344266,2.6677766125860765
2017-11-29,1.598731249852995e-05,0.001666445441076192,2.471118752366342,2.672226023080164
2017-11-30,-0.00029774252414755016,-0.0053333069247880616,2.470383104753767,2.658012158669191
2017-12-01,0.0017850699110812205,-0.004948851044813907,2.4747968495524,2.6448905476500757
2017-12-04,3.8097389144086974e-05,0.004101477892344718,2.4748911346470264,2.65576078453871
2017-12-05,0.002317374469651516,-0.0032607473926091757,2.480633034674282,2.6471151228050056
2017-12-06,-0.0033314609793770834,-0.0021259060273646213,2.472382653057982,2.6414935823608645
2017-12-07,-0.0014267936372341144,-0.0009384452859872994,2.4688575885875794,2.6390158479514616
2017-12-08,0.0006207787319400408,0.009155159324825135,2.4703906786763903,2.6632873939050006
2017-12-11,0.000973875934856088,0.0035998456173302884,2.4727977045901097,2.672892094705497
2017-12-12,0.0009243096422287866,0.00041857962755287303,2.475084391992549,2.6740111470729104
2017-12-13,-1.6881335152690163e-05,-0.000578038270665715,2.4750426096160685,2.6724659129389745
2017-12-14,0.0024791777478471756,-0.0027503271960185316,2.4811862926732107,2.6651258556646225
2017-12-15,-0.00013118076665120113,0.002112043392250129,2.480860830100815,2.670760665504426
2017-12-18,0.00062514565940752,0.01026213756060379,2.4824122143503873,2.6983094920020037
2017-12-19,0.0008839517099165859,0.004241690259012998,2.4846075169998,2.709779193353439
2017-12-20,-0.0017610759485680242,0.0004325579708073235,2.4802357850658314,2.710951583487721
2017-12-21,-0.0006539261339332779,0.003551296867485121,2.4786144242505426,2.720596092475199
2017-12-22,0.0024897441799793473,0.0028555015416991125,2.484793228717186,2.7283758610959676
2017-12-27,-0.0007040813601109895,0.0077284500193979255,2.483044347870566,2.749543669385984
2017-12-28,-0.0017273454655082853,0.00011146574724918423,2.4787589747011025,2.7498501664073287
2017-12-29,-7.467781785381634e-05,0.0040610565633123485,2.478573873301457,2.761040169712968
2018-01-02,0.0029618629546462345,-0.0021638820650178303,2.4859259519871357,2.755072063876271
2018-01-03,0.0008532936107822965,0.0030126655256363932,2.4880480819900685,2.7633846897973036
2018-01-04,0.0006150197593746042,0.0036858318837520443,2.489578751370476,2.7735888550606016
2018-01-05,-0.003127042465840649,0.0053696554159010645,2.4818058922569897,2.7885221288637836
2018-01-08,-0.00011570898610077822,-0.0036373074962341434,2.481518741626772,2.778397840158684
2018-01-09,-0.0031589003790284797,0.0008818445489584548,2.4736922392121636,2.7808490357767655
2018-01-10,5.996920713840301e-05,-0.005524212439231846,2.4738405890226196,2.7655293883940413
2018-01-11,-0.0024495833122386503,-0.001065095402715599,2.4677881264307544,2.762585403846903
2018-01-12,0.0006082864390727957,0.005841741807429912,2.4692897051312475,2.7787709443425634
2018-01-15,0.0010236674199382016,-0.0012759994548829923,2.47181873077251,2.7752274953326195
2018-01-16,-0.001496373342988844,0.002133776481812788,2.4681227331009294,2.781155532798107
2018-01-17,0.0016789634495083209,-0.0051817132698257495,2.4722701016245305,2.766781655086516
2018-01-18,0.0017357482224943583,-0.005039320495811239,2.4765650664694183,2.7528740275126604
2018-01-19,0.0031529230637126647,-0.000566297202036381,2.484385808205991,2.7513155239830653
2018-01-22,-0.004328104884589703,9.191510228490074e-05,2.473656361688331,2.751568423053314
2018-01-23,-0.001989973061007148,0.0007743235028634388,2.468738746749818,2.7536998522543876
2018-01-24,-0.0009575835839938794,-0.006440215770671998,2.466375854566701,2.7360224153916666
2018-01-25,9.285202032721434e-07,-0.0008183487906681108,2.4663781446475745,2.733784310656845
2018-01-26,0.0010416954592594233,0.004565227002439443,2.4689486981962014,2.746293187817498
2018-01-29,-0.0032591936211135864,-0.0018303484421036131,2.4609150151238723,2.7412711118361606
2018-01-30,-0.003765483686637667,-0.0101102723059725,2.451665904396492,2.713695746547257
2018-01-31,-0.001892208157061948,-0.006268756140352494,2.447031228442478,2.696737458892518
2018-02-01,0.0012945611846486504,-0.0028741500519089414,2.4502011114494953,2.6889977586429636
2018-02-02,-0.0021503587411699837,-0.011109011326437823,2.4449379609308135,2.6592909641529894
2018-02-05,-0.0042650675578285654,-0.013719227611696638,2.4345323414616273,2.6230566677347227
2018-02-06,0.0059879494671482986,-0.021970914141476783,2.4491539310795973,2.566054206001644
2018-02-07,-0.0033236033597813987,0.022031815704831814,2.4410274269645047,2.6232164208511146
2018-02-08,-0.0004954860243253969,-0.01865792780528608,2.4398182315838937,2.5747264065266684
2018-02-09,0.0045253904567050425,-0.005717937446354071,2.450884382165868,2.56004629197796
2018-02-12,0.0009765635895603295,0.008384204171729692,2.4532789956715866,2.5816004738475202
2018-02-13,-0.00022159391990955653,-0.003059541877046712,2.452735424190596,2.573714029693005
2018-02-14,0.0021853506848072556,0.006618840019305239,2.4581013723331875,2.5908055316728142
2018-02-15,6.622875777595883e-05,0.00647824006687614,2.458264174724605,2.6076438743981463
2018-02-16,-0.001788673441549364,0.008079682227124962,2.45387107296644,2.628798153108272
2018-02-19,0.002100994530599763,-0.004062239082681884,2.45903206237634,2.6181410071028983
2018-02-20,-0.002875401591841826,0.007567903581243485,2.451971513491224,2.638030009909115
2018-02-21,-0.004202165798511555,-0.0007072171665463145,2.4416895410648296,2.636165009358178
2018-02-22,-0.000460449584072841,-0.0026717678764924813,2.4405655249274516,2.6291311889209394
2018-02-23,0.0005483385009536065,0.0032880456807919956,2.4419041479445975,2.6377901200503064
2018-02-26,0.004228409528875357,0.0013928717608102659,2.452251379461645,2.6414667833853134
2018-02-27,-0.00018619502345778606,0.002372606862978799,2.4517948249639288,2.6477413862433568
2018-02-28,-0.0009888360455855734,-0.009529153122207035,2.4493716001480985,2.6226304859682017
2018-03-01,0.003974157410142135,-0.00691159827258403,2.459125156690279,2.604566415341711
2018-03-02,0.0039829168718773,-0.008485251668115978,2.46893917901063,2.5825595129143117
2018-03-05,-0.0019976912900426815,0.009267526249626457,2.4640119239229903,2.606604698588931
2018-03-06,-0.0006019627261777318,0.0062816945763870535,2.4625291269269676,2.6230301289434026
2018-03-07,-0.0011222619870659776,0.004251849834384203,2.4597670742590263,2.6342066026691513
2018-03-08,0.001324904104359073,0.009752973980283741,2.4630281896069954,2.6600236429408572
2018-03-09,0.0003976208483924337,0.00584723500326767,2.464007735696429,2.6756229883693754
2018-03-12,-0.0029362480534191556,0.0016118558478659395,2.4567834091766296,2.679939184538396
2018-03-13,0.002158243741520888,-0.012721348837089863,2.462091472580648,2.6460626776001313
2018-03-14,-0.00039213637631120633,-0.002172179611797276,2.4611261862267595,2.64032119222658
2018-03-15,0.002394316281027833,0.000418718557892106,2.4670259608688516,2.641426975198331
2018-03-16,-0.003767252697484071,-0.001185871592360499,2.457749534954346,2.6382964385592533
2018-03-19,-0.002766660418640519,-0.005574720377296671,2.4509591742395145,2.6236295934062035
2018-03-20,0.0008729324744855165,0.0014611873116905372,2.4530996301971832,2.6274660098576006
2018-03-21,0.00016537261541024945,-0.002822918939495267,2.4535053392445496,2.6200593454207146
2018-03-22,0.004330893606374566,-0.014034345772877543,2.464154252842584,2.5835453509566513
2018-03-23,-0.00013864232059512902,-0.0038436552445197947,2.463812640460179,2.5736341531348095
2018-03-26,5.797495640814314e-05,-0.006876790666447974,2.4639554840312425,2.5559965244590757
2018-03-27,-0.0015133162927826178,0.010472874486657346,2.460229560014397,2.5829058181226383
2018-03-28,-0.0008265724872255524,-0.001677605942209226,2.4581968421578906,2.578576352557958
2018-03-29,-0.003222567426640535,0.0053533437482133905,2.4502878875004117,2.5924173729692774
2018-04-03,-0.002310795287886918,-0.003216802187159473,2.4446323107526844,2.5840914776525805
2018-04-04,-0.00047715254637011083,-0.006921557393532396,2.4434661264666966,2.566267296884908
2018-04-05,-0.0035128007626429075,0.016066092193954162,2.4348977750607834,2.6078301663058574
2018-04-06,-0.000582413444732711,-0.002352557282369716,2.43348007074514,2.6017023073527663
2018-04-09,0.0021119365021981147,-0.002347780042381231,2.438624856952548,2.5956012473752286
2018-04-10,0.0003876451464160834,0.009760041494152105,2.439570361290519,2.621058452858717
2018-04-11,-0.0006142074332324751,-0.0010424480673503211,2.438072419111423,2.618327559194838
2018-04-12,0.0013677127059859334,0.0059805742061485034,2.441409283152657,2.6340335801571033
2018-04-13,0.0007090985178693876,0.003312161079856324,2.4431410967975316,2.6427723878446634
2018-04-16,-0.0014021284374221195,-0.003382987321334241,2.439717899630948,2.6338470280651642
2018-04-17,-0.0004665246175912413,0.0029241977486567095,2.438579976625978,2.641560189523398
2018-04-18,-0.00035345874637955383,0.009166389038808731,2.4377181915162076,2.6658850732438135
2018-04-19,0.0009291328150190766,0.006733188517722866,2.4399842080338487,2.6838955459192
2018-04-20,-0.0018969566946954444,0.0036465340892757325,2.4353600509549795,2.6937003283915257
2018-04-23,0.0015397814156685985,0.004716644654434887,2.4391128616144866,2.7064355658310983
2018-04-24,0.0002886870713711388,-0.0059785181354410355,2.4398171036111385,2.6903033631023137
2018-04-25,-0.00042692874538607776,-0.008763144432956338,2.4387756978749624,2.6668308429149423
2018-04-26,-0.00035958768576189483,0.005901896633689674,2.4378989018176513,2.6826167404354027
2018-04-27,0.0011618215773202803,0.006632177512290838,2.4407329513762823,2.700467459994397
2018-04-30,-0.002969886941167668,0.0006657346755858384,2.433495003720253,2.702265853382805
2018-05-01,0.0002885057797731562,0.003110801568874777,2.4341971823803057,2.7106851548375874
2018-05-02,-0.0008106716821598364,0.0077347853939251365,2.4322246473029487,2.731733018198197
2018-05-03,0.001015596956031819,-0.006870241329956173,2.434696062019341,2.7130296749219203
2018-05-04,0.0002504882215985956,0.002745920795652168,2.435306001094137,2.7204896771256855
2018-05-08,-0.00043720382239262963,0.008425849635985472,2.4342415087187868,2.7435089563867496
2018-05-09,-0.0010405715787988904,0.0042300335577412085,2.4317098236171035,2.755138671038805
2018-05-10,-0.002150582696600784,0.0008409764525243446,2.426485849854478,2.757456652331816
2018-05-11,0.0012969903808178363,0.00415568725096449,2.4296350204414523,2.768939623078915
2018-05-14,-0.0004899059309775259,0.0007406420084183907,2.4284450193529237,2.770991175721795
2018-05-15,0.0005610083244817015,-0.0007742821498677444,2.429807779448464,2.7688464771250603
2018-05-16,-0.0024368767188321615,0.0021099015792689357,2.4238938461292925,2.774694638032353
2018-05-17,0.0010909938874553837,0.009109157477762864,2.4265397425652355,2.800085236353306
2018-05-18,-0.0006075808391713213,-0.0014091967210809742,2.425065871305474,2.7961421443681655
2018-05-21,0.0002550737029392507,0.007021496416021122,2.4256845207343853,2.8158443348982116
2018-05-22,0.0010740390236303105,0.00253731835456783,2.4282912001558006,2.822998100264854
2018-05-23,-0.0013215796455263084,-0.008839694995744551,2.425084139592026,2.798153628639831
2018-05-24,0.00039324157314564933,-0.0007334497538789009,2.426037971024885,2.7961020759969495
2018-05-25,0.0008733756056179844,0.005748234355122506,2.4281577389491344,2.8122210093300763
2018-05-29,-0.0014275355049531936,-0.017378491463860612,2.4246939305081523,2.7637710633768435
2018-05-30,-0.001179760695058312,0.0036516446836749594,2.4218350586353163,2.7738818225020574
2018-05-31,-0.0026039901108041224,0.0011328116836946123,2.4155368279167857,2.7770258887210275
2018-06-01,0.0008546531446952596,0.006626638139850982,2.417602156506964,2.795489342138491
2018-06-04,-0.0022448439320768582,0.0059721154209118055,2.4121811039607466,2.8122342787257386
2018-06-05,-0.0005550717566895041,-0.002784429608055916,2.4108425418912858,2.8044147019179873
2018-06-06,-0.0017400963777645432,0.005660396835617476,2.4066510913383627,2.8203338137635123
2018-06-07,-0.0021457499547991757,-0.0007891666322148438,2.4014925563103198,2.818108978424355
2018-06-08,-0.0012491974177029767,0.0002741701040491762,2.3984944909879453,2.8188817255834353
2018-06-11,0.000649222633805731,0.007453112980865484,2.400052153478714,2.839969657315256
2018-06-12,-0.0006658273045487041,-0.003627844467553487,2.3984546651072924,2.8296853553095365
2018-06-13,0.003055958376223772,-0.00040962077819095555,2.405795453590251,2.828526494755144
2018-06-14,0.002470313264837158,0.00428131502486373,2.4117458686803963,2.840662267731914
2018-06-15,0.0010550440674023985,-0.015048890766252043,2.4142917096022587,2.798233505198026
2018-06-18,0.0008201997734629475,-0.000280936872840698,2.4162727234180323,2.7974474886432836
2018-06-19,-8.885465465070981e-05,-0.00783067276034366,2.416058035877786,2.77562713830782
2018-06-20,-0.001662157074726774,0.004338839858284871,2.412045503573787,2.7876963041220604
2018-06-21,0.0006356399715260042,-0.009473047098516929,2.413579183491489,2.76141301371262
2018-06-22,-0.007316004350688325,0.013455282478894048,2.3959858625624526,2.7988197002651694
2018-06-25,0.0009003353453069761,-0.011272295538525157,2.39814402471042,2.7674477267118514
2018-06-26,-0.002487784888582663,-0.000828341456641013,2.3921853732398537,2.765156284210162
2018-06-27,-0.0020764114901641825,0.004177779034227669,2.3872233654120913,2.7767326610953407
2018-06-28,-0.001259163153089759,-0.007700829812339549,2.384219353379704,2.755431638480258
2018-06-29,-0.000668110829965359,0.007072175775315159,2.3826269626146894,2.774987605473808
2018-07-02,-0.00025070002446518863,-0.010864800289176912,2.3820297128452643,2.7450011129380405
2018-07-03,-0.0010889704486650104,0.0028736267990137065,2.3794371647404695,2.752900566303984
2018-07-04,0.0034787880924026385,-0.0006147108570910831,2.387729137060645,2.751208848449322
2018-07-05,0.0003652379964836246,-0.0015215729657853672,2.3886013857462953,2.747025866605368
2018-07-06,-0.0009078965989321238,-0.00013573563644442288,2.3864337668077957,2.746653022605716
2018-07-09,-0.004026435141810895,0.009792592039342907,2.3768442647351433,2.77368200101446
2018-07-10,0.0011297615647580983,0.0014590042844560003,2.379531049458137,2.7777317685333465
2018-07-11,-0.0012677596341611553,-0.0100882588154807,2.3765162874459747,2.7498501664073287
2018-07-12,0.003066014508898151,0.006638992221684958,2.383813902443914,2.768167136104064
2018-07-13,-0.004756263060948757,0.0016011788034244745,2.3725027771027474,2.772603017018261
2018-07-16,-0.0005761269104543012,-0.00060076372015061,2.371136308075317,2.7709378379549237
2018-07-17,-0.00044503682539597726,0.0033932332843082946,2.370081299876353,2.7803562468477048
2018-07-18,-0.0025780190794748754,0.005394689410172404,2.363979054297849,2.7953959360004035
2018-07-19,-0.001982276989239734,-0.0036761764748174386,2.3592976344837964,2.7851384329702324
2018-07-20,-0.0017916068804389837,0.0008844714039444312,2.355074484850463,2.787602897983976
2018-07-23,0.0020649019268588107,-0.007449116233809505,2.359942506956543,2.7669148694115844
2018-07-24,0.0034134796053320498,0.00396413097892534,2.3680118870707583,2.7779050512296273
2018-07-25,-6.601002105363277e-05,-0.004773339252057696,2.36785557971522,2.764676764676767
2018-07-26,0.0015488040803396548,0.0007225051146004802,2.371525765564479,2.7666749795527723
2018-07-27,-0.0014090347420142898,0.004817819285975133,2.3681865564525078,2.780036480430697
2018-07-30,0.0010805425707432735,0.0004503483117446194,2.370746865854756,2.781288747123178
2018-07-31,-0.0033139760612473142,-1.91775407625272e-05,2.3629032714146216,2.7812354093563028
2018-08-01,0.00020626635866950857,-0.0036661024620947558,2.3633907091375783,2.77105778288433
2018-08-02,-0.00194994235888088,-0.012212821533966078,2.3587867236951636,2.737421165804872
2018-08-03,0.001036127770448678,0.004190961406631999,2.361231994711991,2.748917666131858
2018-08-06,0.0027160171218825182,0.00019864998520091603,2.367653858236303,2.7494637928277883
2018-08-07,0.002792277941042912,0.0017523528022849177,2.374274244554526,2.7542860473215276
2018-08-08,0.004934273582726344,0.00458426433126391,2.3860185141289447,2.7669414082029067
2018-08-09,0.00019830245471616297,0.0017124751822308326,2.386491714374129,2.7716837861384542
2018-08-10,0.002589695337037258,-0.006688563520652835,2.392680010280754,2.7532070633253274
2018-08-13,0.0013626196749249742,-0.004480830311383244,2.395942545431051,2.740898007652278
2018-08-14,-0.0020658427165098003,-0.003178729045828277,2.390998014044955,2.732199268335932
2018-08-15,0.0003679097304223861,-0.009277532008285405,2.3918778473194298,2.706968423131367
2018-08-16,0.001076062531439938,0.00695888007347456,2.394453042737875,2.725871587895243
2018-08-17,-0.0006615203137474808,-0.0008751813886114235,2.3928695872115324,2.723486999439695
2018-08-20,-0.0015987597378839978,0.004236616853990682,2.389047020154861,2.7350498467449835
2018-08-21,0.003369201710712115,0.005425811224506916,2.3971097763610967,2.749930042965523
2018-08-22,0.0012246538408328773,-1.9396233110313688e-05,2.400047204354729,2.74987670519865
2018-08-23,0.0009300396316317368,0.0011135858611801552,2.4022803816833056,2.7529406346751957
2018-08-24,0.0011998365828182697,0.0012525307151403098,2.405164455430036,2.756390937731282
2018-08-28,-0.0002206998832071516,0.007597366846903597,2.404633694487222,2.7774120021163373
2018-08-29,-0.004271872840521908,-0.005400799889708097,2.39438331486367,2.762452189521836
2018-08-30,0.003824965686157839,-0.0021772165631386287,2.4035592865837025,2.7564442754981537
2018-08-31,-0.0037405923932523066,-0.00013536621821685912,2.394585345391294,2.7560711713142747
2018-09-03,0.0007540729774230669,0.00033347383339332737,2.3963917184753556,2.756990402194082
2018-09-04,0.0006836331027814024,-0.007142838803964935,2.398030531290856,2.7373678280380016
2018-09-05,0.0009865539994356911,-0.007821776684014736,2.400397485274252,2.7160402666315946
2018-09-06,0.0007727921878744389,-0.005163268748482608,2.402253210651348,2.702052762499546
2018-09-07,0.000408222438484449,-0.003650027949650081,2.403234064504512,2.6922081718402344
2018-09-10,-0.0009757692863035937,0.002480945956197189,2.4008902062349957,2.6988956870691454
2018-09-11,0.004737725474174225,-0.0016499645427643372,2.4122919527712785,2.694446276575054
2018-09-12,0.0018936275151828852,0.007589860228030432,2.4168642629475876,2.714974552031058
2018-09-13,0.0017931919851530212,-0.006739886430873199,2.4212020526556164,2.696737458892518
2018-09-14,0.0020232480225340233,0.006514174181978305,2.426105703899377,2.7143618181725966
2018-09-17,0.0010923636050936298,-7.361908854264243e-05,2.4287573414849493,2.7141619966849957
2018-09-18,0.002074964776173043,0.004109476291866088,2.4338021595182333,2.7253387305949732
2018-09-19,0.0002877046614921402,0.00206056978604785,2.434502476482073,2.7309602710391148
2018-09-20,0.0037676006673869594,0.002474961205823689,2.4436920100132467,2.7377276628262175
2018-09-21,-0.0009371239120287614,0.0019007294318313939,2.441403040488582,2.742936290899497
2018-09-24,-0.002352985061011971,-0.0049807560032189,2.435665208769872,2.729308361371439
2018-09-25,0.0014705084256131774,-0.0013187072972300484,2.4392495097078157,2.725711574594623
2018-09-26,-0.0030375783998827007,-0.0012029856312647524,2.4318513400339055,2.7224345542348187
2018-09-27,-0.0018630889939877633,-0.0030531615894311415,2.4273248025476986,2.7141351977094432
2018-09-28,0.0003611252311083654,-0.003303702012757981,2.4282015290725,2.7051832991386204
2018-10-01,-0.0019287813458919987,0.004628030160649388,2.4235225730512577,2.717731984486254
2018-10-02,0.00011376220067542224,-0.006703339627526006,2.423798293995568,2.6995750280901407
2018-10-03,-0.0029589081239484363,0.001730541320037915,2.416637097418787,2.70425079886315
2018-10-04,0.0017902592663106734,-0.010463457014980193,2.420967379382901,2.6761025079027716
2018-10-05,0.0006885398411158646,-0.008533583523313126,2.4226348858841,2.6533629266875
2018-10-08,-0.0018275870368735544,-0.013745020058129498,2.418211353198321,2.6171418996648974
2018-10-09,-0.00214615253411644,-0.004924019568543159,2.4130270678980317,2.604286717295916
2018-10-10,0.0007417657958447492,-0.01600498215846713,2.4148176328492643,2.5629369387582273
2018-10-11,-0.0016237875001674034,-0.02161528122450207,2.4108996639971547,2.508132773572983
2018-10-12,-0.005025729251391688,0.007708726273763844,2.398813531288218,2.5275419966615784
2018-10-15,0.0022728531776234706,-0.009000246052423222,2.4042718829114915,2.5048955614001627
2018-10-16,-0.0010686184499019988,0.018254491358037583,2.4017040059035697,2.551041055640267
2018-10-17,0.0034918845902372053,-0.0071219641423461155,2.4101051384683374,2.5329371768267945
2018-10-18,0.00046721396104654114,-0.0027701955724648286,2.411231436327174,2.525930155365112
2018-10-19,-0.0006369970840639011,-0.008771872177101514,2.4096959780263796,2.5038699151708337
2018-10-22,-0.00011593875250653603,-0.002002533688321151,2.4094166170754607,2.498860848400929
2018-10-23,-0.0003261258571355609,-0.021886960414427392,2.4086309721325487,2.444762563028003
2018-10-24,0.0015447849485797484,0.0029598750180515054,2.4123546644163727,2.4520094743485013
2018-10-25,0.001094609881479531,0.006768123729552045,2.4149966974035832,2.468661264981897
2018-10-26,-5.959133170104316e-05,-0.009684365387018445,2.414852788822226,2.4448692385617496
2018-10-29,0.00033078059324170107,0.011587460200574995,2.4156517073863975,2.4733638347304594
2018-10-30,0.0006825988220245845,0.005419634181700772,2.4173011913001226,2.486804951982351
2018-10-31,0.0010875329341356928,0.013303234627453975,2.419931515980499,2.520108533249139
2018-11-01,0.003945826471075403,0.01334773526390265,2.4294990092350597,2.553971770791745
2018-11-02,0.00498738023683,0.007990090182984133,2.441646110506658,2.574459977876537
2018-11-05,-0.00024391337769635619,-0.01364981367676954,2.441050632982124,2.5395578247089423
2018-11-06,-0.0032226573167130988,-0.0010496650338982505,2.4331966254839705,2.536893538207598
2018-11-07,-0.0023742719320463536,0.005420152843747417,2.4274264077745484,2.5506812208520517
2018-11-08,0.0003740880791162907,0.005723353581599255,2.4283346489271316,2.565321527213777
2018-11-09,0.002055345679662551,-0.007845998958666556,2.433330848756598,2.5452727712911694
2018-11-12,-0.0024608987186509855,-0.015560124589711677,2.427350030101652,2.50597454539636
2018-11-13,4.964952696713521e-05,0.009212343000738699,2.4274705498742803,2.5291671073537065
2018-11-14,-0.0017269052416643037,-0.003989872862034005,2.423282155778462,2.5190961564154724
2018-11-15,0.0004653231786357363,-0.013196104350067017,2.4244100275260028,2.4860722731944818
2018-11-16,-0.00032855020350908316,-0.003924679434257783,2.423613617955497,2.4763343580689203
2018-11-19,-0.001971544681497301,-0.0026394336251804873,2.4188400626020763,2.469806856140629
2018-11-20,-0.0038026864175436216,-0.009413003199671977,2.4096594389292547,2.446667631950156
2018-11-21,-0.0031784041450443343,0.01182651447224714,2.4020127259898856,2.475774961977328
2018-11-22,-0.0025077995380229138,-0.002958403772531426,2.395996506474613,2.468461443494296
2018-11-23,0.0019360153888048118,0.00016188651790471908,2.400639685765671,2.4688610864694973
2018-11-26,-0.0013003339472204773,0.00999144528774032,2.3975200811906605,2.493652220327649
2018-11-27,-0.0008309097424453987,-0.0031139254027579,2.395528785805426,2.485899250682431
2018-11-28,-0.0003900795400733003,-0.0011367739060563764,2.394594521269014,2.4830749508804724
2018-11-29,-0.000529941593425911,-0.0016483381350091975,2.3933258622200935,2.4789853751746
2018-11-30,-5.610721390549847e-05,-0.006912937065646219,2.3931915831410437,2.461907402774685
2018-12-03,6.43196149485198e-05,0.004486458043068353,2.393345517252608,2.4729774611509185
2018-12-04,-0.001608619421201911,-0.01270163748364439,2.3894986300901446,2.4417652407139943
2018-12-05,0.00044878548781763497,-0.0031966629635302723,2.3905712430670554,2.4339722026975643
2018-12-06,0.0027002736642043963,-0.028749097049196592,2.397035162885714,2.3649939812883307
2018-12-07,-0.014160048888634192,0.005101441343819957,2.3633322086691044,2.37708968589389
2018-12-10,0.0007927388678560152,-0.019912070720389252,2.3652064567650757,2.330225042445804
2018-12-11,-0.0019182301484328458,0.009161950232947191,2.360673795166374,2.3516725487816172
2018-12-12,0.0004211134056107096,0.018837680984029603,2.3616681158939925,2.3963924936329657
2018-12-13,-0.0003682257897183849,-0.00951762635836495,2.3607986488768784,2.373692720604681
2018-12-14,0.0022710364503076915,-0.008549979167662869,2.366166201306947,2.3534842115656858
2018-12-17,-6.614974302420428e-05,-0.014246113704873054,2.366009685197585,2.3201938996945564
2018-12-18,-0.0010449334558206593,0.004468385070003578,2.3635386537772676,2.3305846170497944
2018-12-19,-0.001533970623989836,0.006239425361611595,2.3599158342734503,2.345171585644649
2018-12-20,0.0026899828149930093,-0.008992546354969377,2.366272513157875,2.3241770600509093
2018-12-21,-0.0017421017926359307,-0.00022358279029610628,2.362153814208908,2.323657472146302
2018-12-24,-0.0007016367523446121,-0.007527011885573032,2.3604970215794374,2.306232934353828
2018-12-27,0.00485089782484573,-0.01288865657553373,2.371975369084169,2.276699422560131
2018-12-28,0.0032015173250164036,0.021681828038667916,2.379581458339382,2.3266014566934405
2018-12-31,-0.002953883270632423,0.0021162697977352707,2.3725628236955956,2.331530386720926
2019-01-02,0.0012559516001683303,0.004822038720423194,2.3755445198115726,2.3428002665847605
2019-01-03,0.004040176532446328,-0.008439524634953344,2.385161553207028,2.323111345450375
2019-01-04,0.002729373547261211,0.02026475014124607,2.3916804422510918,2.3706688594993475
2019-01-07,0.0012301106848410588,0.010080501668587871,2.3946242841723198,2.3946872461984157
2019-01-08,0.002726906063246824,0.011042464633453264,2.401163110983364,2.421277033629201
2019-01-09,-0.007825209397238084,0.013003828413461704,2.382446831750865,2.4529685134152928
2019-01-10,0.0011905807053120498,0.0011886464003403319,2.385285016188738,2.45588595917111
2019-01-11,-0.0013720956909053744,0.005771093917855907,2.3820144211942083,2.470100083766311
2019-01-14,0.004110589763368441,-0.0067479427023808825,2.391826057280038,2.453488101319902
2019-01-15,0.002117782658967454,0.000662254172159038,2.3968967924897715,2.4551134721962606
2019-01-16,-0.004057305581052934,0.003082550217632374,2.387191551634089,2.4626931591451977
2019-01-17,0.0040100997579117555,0.0027334482501508717,2.396783647674266,2.469434012140977
2019-01-18,0.002384048885239013,0.012181826272334106,2.402504513760235,2.4997002027225426
2019-01-21,-0.001221939362948918,-9.055907117172524e-05,2.3995705918276196,2.4994738424436194
2019-01-22,0.002996581593453928,-0.004337166482439869,2.4067718851381077,2.488656683137631
2019-01-23,-0.0006754387809484723,-0.00529723729273357,2.4051468069521857,2.475508533327192
2019-01-24,0.0014628883077699223,0.0024025068327748755,2.4086678429077812,2.4814631095840043
2019-01-25,-0.00256619150765068,0.0008585718366056483,2.402494664111767,2.4835945387850797
2019-01-28,-0.002662888629749946,-0.005858293978421969,2.396105598847684,2.4690874467484205
2019-01-29,0.0021542359093371984,0.009017922016536062,2.4012729394082273,2.4914541839640383
2019-01-30,0.00457678195815208,0.0066825927961424725,2.4122882301378072,2.508159312364307
2019-01-31,0.0009881598951331093,-0.006190740890756885,2.414673134761819,2.4926799118651934
2019-02-01,-0.0009708383915882097,0.005308707155950998,2.412330014958824,2.505948006605036
2019-02-04,-0.0012817885201262492,0.001986203034322287,2.4092398988996226,2.510930274399393
2019-02-05,-0.0009791079187909555,0.007779137848462625,2.406882147471245,2.530539318975587
2019-02-06,-0.0003447460022641205,0.004066284022334443,2.406052527485287,2.540850159772633
2019-02-07,-0.0005874951201050511,-0.014475038051665834,2.404639398510507,2.5043361653085707
2019-02-08,-0.001404477001726046,-0.007818025735629064,2.4012645083104522,2.4848335360818963
2019-02-11,0.004448223461740394,0.009545320804388524,2.411969661238747,2.508665630873254
2019-02-12,7.05322539473383e-05,-0.0003717807656649086,2.4121397888950797,2.5077331305977846
2019-02-13,-0.0019306245645281856,0.007820621519165627,2.4074873450718206,2.527422051732173
2019-02-14,0.0028673580001509196,-0.003929174384797562,2.414400379506839,2.517510853910329
2019-02-15,-0.002117098653423342,0.004698388687589983,2.4092942626982503,2.5293669288413057
2019-02-18,-0.0016766740198526167,0.0073516479818458436,2.4052580462569897,2.548030463930598
2019-02-19,-0.0017666807287533093,-0.003057918554260297,2.4010124746080552,2.540250695309828
2019-02-20,0.0031083340744548576,0.006955684065250267,2.408487234503246,2.557981469939421
2019-02-21,-0.001731037496234311,0.0018158896253819279,2.404321659214804,2.562630701921111
2019-02-22,-0.0015212439506554517,0.001698374384064394,2.400666880045464,2.566986706277113
2019-02-25,-0.004551062275572542,-0.00117349985189108,2.3897661194065902,2.563976114567444
2019-02-26,-0.0037398204593245025,0.0012305626878710285,2.3808455143081155,2.5671331899978442
2019-02-27,-0.0015939887267372903,-0.006084596970895362,2.377053496417986,2.551560643544874
2019-02-28,-0.0012042380252564443,0.0014399097070025846,2.374192681106548,2.5552373068798855
2019-03-01,6.0661352012307914e-05,0.011316481903980602,2.374336707212887,2.584317837931503
2019-03-04,-0.0006749181405588698,0.000602980711565948,2.37273476494815,2.5858766016453294
2019-03-05,0.003262036487802703,0.0016316887764862287,2.380487350060517,2.590099391676263
2019-03-06,0.0017359207376988987,-0.0043192667237619276,2.3846232761986865,2.578936187346173
2019-03-07,0.0005487691310905676,-0.009106750924420481,2.385932242969374,2.5555570732968884
2019-03-08,0.0016505494148034779,-0.007119895240739638,2.3898735938391638,2.537426395507868
2019-03-11,-0.0014853688574637286,0.002380674420178863,2.3863263851384575,2.543474377902764
2019-03-12,0.002816566204687452,0.002662357825817807,2.393057105698632,2.550255039085528
2019-03-13,-0.0005286404690886429,0.0018839122338043524,2.3917923731915662,2.5550640241836042
2019-03-14,0.0005786496170629671,0.005355781541823035,2.3931767834380078,2.5687850996655217
2019-03-15,-0.0007929605423115616,0.010723776184804024,2.391279840877664,2.596480409883829
2019-03-18,0.001058573144773806,-0.0002206790730934216,2.39381252577846,2.595907484212349
2019-03-19,0.002594044223371873,0.003309678849854336,2.400030242362066,2.6045133377590695
2019-03-20,-0.002065606662431167,-0.008335925394396426,2.3950778405214055,2.58289254872698
2019-03-21,0.002075768148023604,-0.0021375343631540034,2.400054630358704,2.577377423632353
2019-03-22,-4.459450902973396e-05,-0.018208331904203234,2.3999476034872416,2.5308723547882552
2019-03-25,-0.001394601993561932,-0.010524456446070474,2.3966029645371347,2.504375973495554
2019-03-26,-0.0010068557708338582,0.005125230069895181,2.394191145392655,2.5172444252601944
2019-03-27,-2.3748059196798156e-06,-0.00013231049073958445,2.3941854596601013,2.516911389447529
2019-03-28,0.00033043953454433444,0.0007883325542934472,2.3949767239143003,2.518896334927874
2019-03-29,0.0005261248151447752,0.010987321567352382,2.3962371121321313,2.546724859471245
2019-04-01,5.298997480349154e-05,0.006324967901896628,2.3963640920406277,2.5628838611755853
2019-04-02,0.0015144725131505184,0.004693006004105271,2.399996069160082,2.5749397575941586
2019-04-03,0.0012964093443978263,0.0120383737567753,2.403109464171801,2.606125179055536
2019-04-04,0.0030058934335531716,-0.0028716990606891812,2.410343822538313,2.598651907456111
2019-04-05,0.0012063558620959334,0.0015878872535228794,2.4132533095237925,2.602781551533197
2019-04-08,-0.0010989112686717343,-0.0010805937475311111,2.4106028148637515,2.5999705211268944
2019-04-09,0.001592260209449749,-0.004282229721605191,2.414444179220873,2.588860654563679
2019-04-10,0.0021594915101478735,0.002620856204755384,2.419663784746108,2.5956545851421002
2019-04-11,-0.0012487371038196154,0.0069758600023028805,2.4166441465588373,2.6138248109338766
2019-04-12,-0.00035828322605926846,0.004601753915855156,2.415778458587771,2.6258807073524566
2019-04-15,-0.0024096996416484487,0.004828111115436684,2.4099641662643383,2.638589406000706
2019-04-16,-0.0017602591131984763,0.005854500368011273,2.4057257363400417,2.6540823360797106
2019-04-17,-0.0029600868055129686,-0.0032829752473180207,2.3986151085599645,2.645383336579132
2019-04-18,0.004440026028869937,-0.0011185177137313929,2.409288700052459,2.642426082636332
2019-04-23,0.0006349646893210902,0.00362821402827862,2.4108189990948854,2.652030783436829
2019-04-24,0.0006417736733934724,0.004295523859953576,2.4123666958422136,2.6634471470213943
2019-04-25,0.0001942084232556885,-0.006150789643827537,2.4128352432709836,2.6471151228050056
2019-04-26,0.001479610741313344,-0.0007148217556700587,2.416407942664352,2.645223583462742
2019-04-29,-0.0006547391475266416,0.002730774786884993,2.414826343611803,2.6524569652033536
2019-04-30,-0.0022935399447019207,-0.004348629638297297,2.4092941894665447,2.6409474556649317
2019-05-01,-0.006479902907541078,-0.0005601404084547568,2.393732670061716,2.639468568509303
2019-05-02,-0.001021840374897489,-0.006430337041454237,2.3912879066644357,2.6225503492257753
2019-05-03,0.0025424958168087566,0.000939279501317003,2.3973754817016304,2.625014814239521
2019-05-07,0.002260545542095699,-0.012228618392610358,2.4028009881513386,2.5931099833859355
2019-05-08,-0.0032163216353519345,0.00339514411809283,2.3950852221916525,2.601928927815919
2019-05-09,-0.002690911732878289,-0.012690363197359389,2.3886489229064183,2.5691181354781905
2019-05-10,-0.004698756457738715,0.004201617002410174,2.377451570771513,2.5799352947841787
2019-05-13,-0.003569823533748772,-0.012464558581184448,2.368979618887388,2.547977126163723
2019-05-14,0.000598591919350197,0.012495518784669812,2.3703980954463075,2.5800151713423753
2019-05-15,0.0013636194957862419,0.00012393206300131965,2.373632621332106,2.580334937759381
2019-05-16,-0.00014662509737219174,0.008272354085267608,2.3732846127318985,2.6017689145153002
2019-05-17,-0.0014048917781129338,-0.0016448984520049947,2.369952745696666,2.5974927867174937
2019-05-20,-0.00016364329320354347,-0.008394711904028185,2.3695649505555254,2.575778851731547
2019-05-21,0.0006765688500126024,0.005199680612800961,2.37116866684022,2.5892069597720075
2019-05-22,0.0001772453705061462,-0.006664313593127247,2.371588982757531,2.5720090424426814
2019-05-23,0.004901388259586947,-0.01440360660478035,2.38324159481401,2.535228359144259
2019-05-24,0.002972236072048648,0.005036978166534922,2.390335688889132,2.548030463930598
2019-05-28,-0.0018931782258118398,0.0040488003823817564,2.3858146383381102,2.558367843518963
2019-05-29,-0.00248628207537776,-0.013567390166132398,2.379890198134255,2.523891872117891
2019-05-30,-0.0010453298502232982,0.00869216312671739,2.3774037276871978,2.5459255735208455
2019-05-31,-0.006973856722950351,-0.007415608658879691,2.3608817326924054,2.5271158148950517
2019-06-03,-0.004131898818730313,-0.004919836200112826,2.3511469337020032,2.5147133530839176
2019-06-04,-0.0035787431928638305,0.006915620661301247,2.34274782071604,2.5321644296677146
2019-06-05,0.0020192042959561642,0.0033613125326557025,2.3474830863054024,2.5406901464720133
2019-06-06,-0.0018734829743295152,-0.00035131740803073797,2.3430892338996987,2.539797714567756
2019-06-07,0.0006350366820976957,0.00871595808182768,2.3445776540633347,2.5620312374583074
2019-06-10,0.001365210244418772,0.004005984224507486,2.3477806814008817,2.5723152792798007
2019-06-11,-0.0008031927117407868,0.0008334145610469079,2.3458957181645164,2.574459977876537
2019-06-12,0.0007960597658614962,-0.003919540668332999,2.3477639348680706,2.564389026938303
2019-06-13,4.47595200217402e-06,-0.004044470019662683,2.347774443370273,2.5540383779542783
2019-06-14,0.0013326256579783433,-0.002825732813294124,2.3509052334549243,2.5468315350049937
2019-06-17,-5.9680239534996924e-05,0.0020534509460556905,2.35076493505403,2.552066701869593
2019-06-18,0.000999527144473006,0.008016865154420572,2.3531157630793866,2.5726085069054854
2019-06-19,-0.00185111019222151,-0.0034390813284694843,2.3487639156241364,2.5637762930798407
2019-06-20,0.0005502362385887186,0.007175855070583381,2.35005664626741,2.582239746497303
2019-06-21,0.00015051575342009302,-0.0030742467746041058,2.3504103934356957,2.5743134941558057
2019-06-24,-0.0017441626406178214,-0.0012893641997457905,2.3463144684553625,2.570996405424791
2019-06-25,-0.0027955845319064254,-0.0006841419747001254,2.339764308049867,2.569238080407594
2019-06-26,0.00170853873556514,-0.0013541744264227162,2.3437653029563754,2.565761238560188
2019-06-27,-0.0025937649883443397,0.002804914299009198,2.337694003738125,2.572968081509476
2019-06-28,-0.0020396986820548756,0.007612855367039373,2.3329306718919325,2.5926304638525397
2019-07-01,-0.0006446789384708996,0.00882940475158911,2.331427165314436,2.615623204322284
2019-07-02,0.0009890211821559707,0.0012521792494801787,2.333734136799369,2.618900484866322
2019-07-03,0.0013311287194940746,0.006666674194965694,2.3368427058262733,2.6364181686126487
2019-07-04,0.0037506598301021987,0.00034347577193116763,2.345623865169047,2.6373238699125685
2019-07-05,0.005695526645054098,-0.0072136367048951655,2.359021545598038,2.6183676275660503
2019-07-08,0.0031727476377872614,-0.0037618188441363998,2.3665180115431443,2.6085363063024047
2019-07-09,-0.0006505597921534665,-0.00584395119753367,2.3649789507572407,2.5933366038490875
2019-07-10,0.0008336076486237811,-0.002468705237442137,2.366951237241764,2.5869423162458642
2019-07-11,-0.0034209443229833722,0.0012247678405046258,2.3588678631135753,2.590112661071928
2019-07-12,0.002220056590095938,0.005570039404190652,2.3641105005809147,2.604579944921603
2019-07-15,0.0005292310551252047,0.0016505988177470954,2.3653619924105302,2.608882611510735
2019-07-16,0.0007805625870469562,0.0036697102580571794,2.367209026255607,2.61847404291557
2019-07-17,-0.0019571287431338113,-0.0021339489525491473,2.3625806240961347,2.6128923106584105
2019-07-18,9.106601395899758e-05,-0.004040926370487696,2.362795784692988,2.6023551095824438
2019-07-19,0.004280220027429231,0.00442322933231587,2.3729307449884325,2.613891418096411
2019-07-22,0.00022071849695306484,0.0013394951173939518,2.373454552500717,2.6173950589193704
2019-07-23,0.002725416764977064,0.0052944278505187015,2.379932028229986,2.6312894170975665
2019-07-24,0.0020433817359348442,0.0017956458448935564,2.384800109849921,2.6360185256374504
2019-07-25,0.0007641870864280641,0.0016461043809936626,2.3866232398150458,2.6403612605977935
2019-07-26,0.0030445074614206618,0.0018902024747440294,2.3939004041457963,2.6453567977878083
2019-07-29,0.0042045022814061125,0.0014491947810899575,2.403986753036213,2.649193214239207
2019-07-30,-0.0025000153010261254,-0.00564268796707168,2.3979842556641344,2.6342867394115776
2019-07-31,-0.0043115895065516255,-0.005491758704470939,2.3876673889400637,2.619859523933113
2019-08-01,0.0015354179046057166,-0.0016386040647802247,2.391336272112957,2.6155701267396423
2019-08-02,0.0035973249435006915,-0.019600836453594894,2.399954177141779,2.564801939309167
2019-08-05,-0.0008205637719619779,-0.02002967094046504,2.3979856694431527,2.5139408661090643
2019-08-06,0.0019346447919812355,-0.0013363085607878133,2.4026294104760866,2.510583709006835
2019-08-07,0.004068903675010697,0.005017624068802462,2.4124253940556857,2.523212531096893
2019-08-08,0.002408348895258776,0.01032608122707046,2.418242357915995,2.549402415368252
2019-08-09,-0.002347839893888961,-0.002375132140874925,2.412571371923602,2.543354432973356
2019-08-12,0.002591625009957817,-0.009430317454482307,2.4188319612752434,2.5194825299950137
2019-08-13,0.001481279391736202,0.00502090760340046,2.4224175822091243,2.5321644296677146
2019-08-14,0.0015264036848926983,-0.014685200721308078,2.42611799277465,2.495250792228455
2019-08-15,-0.0023368432952839296,-0.00483790289899666,2.4204551543696327,2.4832081652055384
2019-08-16,-0.0011328456221775147,0.009673785955143899,2.4177147048905026,2.507346757018244
2019-08-19,0.0011831912734179659,0.014562511283454427,2.420577016828274,2.5441271801324383
2019-08-20,-0.001163134631074077,-0.004718433969303604,2.417763196615917,2.5321511602720563
2019-08-21,0.0029626131349099255,0.010451303651418442,2.424936714551668,2.5587542170985005
2019-08-22,5.739119195853214e-05,-0.00013016392334108673,2.4250758885537826,2.5584211812858317
2019-08-23,0.0004171622130506721,0.0016023783942316072,2.426087749618694,2.5625240263873637
2019-08-27,-0.0008565050250101666,0.005174790208396729,2.424010682906047,2.5758189201027597
2019-08-28,-0.000757143038668035,-0.0068969750614371605,2.4221760547174522,2.558114684264488
2019-08-29,0.0017464603340100935,0.004649902521645544,2.426409985238694,2.5700373663579996
2019-08-30,0.0003676868019608392,0.005226675242534284,2.427302308204048,2.58350528258544
2019-09-02,0.0024594304881408804,0.004527315721938763,2.433279436657885,2.5952281431913518
2019-09-03,0.00035230007758966315,-0.0008986872249749922,2.4341368322136097,2.5928968925026767
2019-09-04,0.0012530395971044235,0.007931838525887969,2.437188813776689,2.613545112888085
2019-09-05,-0.00044965454118271915,0.0015534003794357432,2.4360931671085653,2.617608149802633
2019-09-06,0.001136156599701128,0.0028408226010920856,2.4388625233511463,2.625054882610731
2019-09-09,-0.0005866331244846081,-0.0013711153884781169,2.4374322253799865,2.6214580958339173
2019-09-10,0.00022625142410478678,0.0030646586177915935,2.4379837602825636,2.6295042931048194
2019-09-11,0.0012755181995822984,0.012250510346698107,2.4410954370173656,2.66191518228312
2019-09-12,-0.001482182152460544,-0.0009813348181939574,2.4374799689811546,2.6593042335486503
2019-09-13,0.004726723720427007,0.011614197326986542,2.4490285353083836,2.6903699702648445
2019-09-16,0.0011811173798915095,-0.006731924178701831,2.45192283439229,2.6723194292182453
2019-09-17,0.0015824003659396077,-0.0009875504964220738,2.455805829398799,2.669681681508226
2019-09-18,0.003998293689173025,0.000693374521272716,2.4656445182249818,2.671533412663506
2019-09-19,0.0025566827355824077,0.0017486899866607786,2.4719564543676626,2.6762091834365163
2019-09-20,-0.0012461505023611233,0.003969333228493355,2.468877943132781,2.6868530600462264
2019-09-23,-0.001359165115026502,-0.0062467057651005575,2.465524609742324,2.6701213928546377
2019-09-24,0.0007485375822462602,-0.006240867174236442,2.4673708384722595,2.6535094104082275
2019-09-25,-0.0005311775705427664,-0.0072655742978113835,2.46606057444689,2.6343000088072346
2019-09-26,0.0008826036502841861,0.002207394471014368,2.468238089311648,2.6401213707389806
2019-09-27,-0.0017720491779812185,0.007660350311168074,2.4638681230754913,2.6604232859160604
2019-09-30,0.0006835764836094966,-0.0017190061250342836,2.465552941168548,2.6558539304925644
2019-10-01,0.0008502753888540138,-0.0032102132594111765,2.4676502316652305,2.647341743268157
2019-10-02,-0.000818365843705453,-0.020122833872761703,2.4656316170966903,2.594602139937228
2019-10-03,0.003126862039817261,-0.006629816514857723,2.473353373145828,2.5774573001905474
2019-10-04,-0.0022440638755965915,0.006809500422068737,2.467809233218241,2.595068390074959
2019-10-07,0.0003912282180755901,-0.0030951306940902867,2.468774898712582,2.5870487315953814
2019-10-08,-0.00041470669026081567,-0.011356547963353947,2.4677512935079715,2.5578349862186944
2019-10-09,6.75662272016334e-05,-0.001527176334342073,2.4679180357855555,2.5539317024205355
2019-10-10,-0.003664774848747832,0.003337889976366526,2.4588902243913613,2.562470688620494
2019-10-11,0.0006611522084287077,0.04104717705561001,2.460516462629764,2.6698414346246158
2019-10-14,-0.0006738460733702665,-0.005593927726273762,2.4588590117690514,2.654948229192643
2019-10-15,0.0018236957713821124,0.013312942275653938,2.4633473139561413,2.690529723381234
2019-10-16,-0.0016975069160122397,-0.00044571004823446003,2.459169311951063,2.6893307944556324
2019-10-17,0.0005048241412180785,0.001638225899494472,2.4604110733962847,2.6937401365785067
2019-10-18,0.000735887162236816,0.00036590674711511895,2.462222324675567,2.694725974620852
2019-10-21,0.004509954973942034,0.003961826995695361,2.4733519146060567,2.7054231889974365
2019-10-22,-0.0009980302749257527,-0.0062681456453628215,2.4708846659139745,2.688518239109565
2019-10-23,0.0006088579280056913,-4.955057532285423e-05,2.4723895417132953,2.6883850247845014
2019-10-24,0.000990811541775966,-0.001423207092811296,2.4748404277895926,2.684561617544537
2019-10-25,0.0009405074018296843,-0.0024194955473166857,2.4771691284387196,2.678074183987457
2019-10-28,-0.0015423554156147653,0.005293459541876544,2.4733513981234125,2.6922880483984315
2019-10-29,-0.0006230647056794868,-0.002075285240282554,2.4718108201522178,2.6867065763255016
2019-10-30,-0.006033318664828755,-0.0026413461768317603,2.4569424955669,2.679619418121389
2019-10-31,-0.00127551676992929,-0.004664061229012972,2.453810622014286,2.6671506093319524
2019-11-01,-0.0015761570412913496,0.006834260221561195,2.4499460774889834,2.6854410402373623
2019-11-04,0.0008254657009526675,0.004498983670355727,2.451969258863668,2.6975500142385833
2019-11-05,0.0012305099993032565,0.002234610243686319,2.4549882886469123,2.703584727237814
2019-11-06,0.0019378982581057223,-0.0038705205055737935,2.4597504189468293,2.693140672115707
2019-11-07,0.0003963408019461907,0.010656960947653005,2.460725511622204,2.721994842888403
2019-11-08,0.0030051681550703523,-0.0037067033794979665,2.468131528156958,2.711923891950174
2019-11-11,-0.00022050908381201405,0.0025706894683121817,2.467587342736076,2.7189043746205392
2019-11-12,-0.002901616175697625,0.0008423310166207898,2.460437729120977,2.721195556938003
2019-11-13,0.004364377018218644,-0.006748972617113935,2.471199474074607,2.702892116821158
2019-11-14,0.0033491928093994823,-0.002862672617675699,2.479489872906334,2.695165685967261
2019-11-15,-0.00040597741188202807,0.008494920408310236,2.4784834603291532,2.7181584264370082
2019-11-18,-0.0014729722675028215,0.0017676438639533387,2.474835410324449,2.7229674115350875
2019-11-19,0.0008625758500063134,0.004295937676642936,2.47697106453159,2.7346902721409934
2019-11-20,-0.0018095689718505698,-0.002594844750317904,2.4724928675741764,2.727603374121114
2019-11-21,-0.002062664489363944,-0.0051609795790970026,2.467398200436828,2.7135625322221912
2019-11-22,0.0003744785127328886,0.005673661114967032,2.468322361073598,2.72900212453432
2019-11-25,0.00034410270608683114,0.01055623862184163,2.4691718636272193,2.757962710656535
2019-11-26,0.0011805204914917687,0.007780100078704777,2.472088492840798,2.779503623130429
2019-11-27,-0.0013184635463762862,0.004275573148710521,2.4688312820082903,2.7914130358282816
2019-11-28,0.0013368998750975401,0.0033016844784050647,2.4721340694970118,2.8006446324448957
2019-11-29,-0.0025338158399796874,-0.010087043900460557,2.465878066160419,2.7725364098557255
2019-12-02,0.001439774001417739,-0.005415229446029457,2.469430930337737,2.7575630676813354
2019-12-03,-0.00011964518368486401,-0.00967451764547178,2.4691354924946896,2.7310136088059864
2019-12-04,-0.0003712485027519035,0.007996836496882764,2.4682189997738107,2.7529406346751957
2019-12-05,0.0003871106343310086,0.002020689664902875,2.4691746585573857,2.7585090975366957
2019-12-06,0.0014572608783104252,0.010840528276853334,2.4727755132441147,2.788575466630657
2019-12-09,-0.004580235090950446,-0.0004969653253628081,2.4614755181381565,2.7871899856131117
2019-12-10,-0.0006031259800154609,-0.006785994799184181,2.459991385908337,2.7683401586161107
2019-12-11,0.0034872965266203116,-0.00646904619730293,2.468585080996285,2.750489439057112
2019-12-12,-0.0027782102089068325,0.007041536813424898,2.4617363507340047,2.769925461121258
2019-12-13,-0.000428819951453069,0.03379930475873216,2.4606809353793464,2.8651471647529494
2019-12-16,-0.000471490226921585,0.019015663873975797,2.459521021832181,2.9201511514257916
2019-12-17,0.0009330783778376112,-0.010570850619869177,2.461817018723436,2.889445249497813
2019-12-18,-0.0006187136606934099,-0.0012501753562990103,2.460294330006554,2.8858351933253372
2019-12-19,-0.0005375320410376033,0.00013847474954076233,2.458972198349691,2.886234836300541
2019-12-20,0.0003348401966731552,0.00037845390900770326,2.4597956989470573,2.88732734987663
2019-12-23,-0.0010675583295691625,0.007771571379803888,2.4571711247518944,2.909853840208639
2019-12-24,0.0006184089697574043,0.006284141149347278,2.458691131360089,2.9281973486966906
2019-12-27,-0.004822608895743347,0.003537706433997201,2.4468623713055013,2.938574796656267
2019-12-30,-0.0008516343076494421,-0.005577847392473245,2.444779426443547,2.922229503044223
2019-12-31,-0.0011763578157978891,-0.0024144581048854974,2.441905181958783,2.915182413211324
2020-01-02,-1.5077639479534597e-05,0.010224762580026692,2.4418683640703702,2.9451423669557713
2020-01-03,-0.0006829672099358797,-0.0054472286677622606,2.440201217414783,2.9291431183678234
2020-01-06,0.0006948606339640392,-0.010349735242218827,2.4418974064189514,2.898983603320005
2020-01-07,-0.0012166680685714555,0.0032526350804165105,2.4389282344324745,2.9084282908198813
2020-01-08,-0.0006889329600367389,-0.008315581681081596,2.4372485550442917,2.8843432969582787
2020-01-09,0.003262358118565403,-0.00040654954942631605,2.445212716564766,2.883170906823998
2020-01-10,0.005085107781480833,-0.003536256697014295,2.4576785549809856,2.8729932803520177
2020-01-13,-0.0011926200219106022,0.006935768328240499,2.4547492254646204,2.8929889586919817
2020-01-14,0.0007176886642892997,0.0018079694925674517,2.456511603501132,2.898224125556582
2020-01-15,-0.0014225788865377801,-0.0019784129819910845,2.4530195064401528,2.8924959095786975
2020-01-16,0.00013783826781562421,0.00037295914461132895,2.4533576497038436,2.893574893574893
2020-01-17,-0.0004883344714287068,0.007563008077474009,2.4521598830719205,2.915541987815313
2020-01-20,-0.004866666249693213,-0.0017881019247223406,2.44025503129693,2.9103333597420322
2020-01-21,-0.0021172027304708144,-0.004661353466630658,2.4350939821032327,2.8967988363520547
2020-01-22,0.0008411382518080193,0.0008090212546054687,2.4371430944709096,2.899143356436393
2020-01-23,0.0009615510580268539,-0.010271771772792704,2.439487659020578,2.8695164385046112
2020-01-24,-7.185518956460296e-05,0.010313143458672513,2.4393123754699904,2.8992633013658007
2020-01-27,0.00025565570928038934,-0.021371921939923766,2.4399360793288265,2.837957912859361
2020-01-28,0.0019479751901761192,0.006055707943330546,2.444693646584039,2.8551958985598924
2020-01-29,-0.0012136985292617807,0.0016735963662117825,2.441728325367693,2.8599783448666525
2020-01-30,-0.006526599542277804,-0.008283297141430168,2.4258440339859755,2.8363861399341035
2020-01-31,-0.0035258565454983066,-0.00699420739402612,2.417305916853725,2.816617082057293
2020-02-03,0.00374249474817592,0.0008226279746601506,2.4263696214065757,2.818935063350309
2020-02-04,0.002189135852583266,0.01309853260552174,2.4316870923459724,2.856101860044043
2020-02-05,0.002693220696885854,0.003729045061430014,2.438244989319416,2.8667722754450766
2020-02-06,0.0021613945018785037,0.0024551801674377316,2.443520698023612,2.873819365277973
2020-02-07,0.0006005705471510661,-0.003417502658574989,2.44498864534504,2.8640148429898784
2020-02-10,0.00659688886162005,-0.00027911779333678055,2.4611712825483005,2.863215557039474
2020-02-11,0.0014732886752221153,0.007079384863844851,2.4647999707228947,2.883557280403537
2020-02-12,-0.0016540946852849458,0.00679108032441178,2.4607263282150424,2.9032063933509424
2020-02-13,-0.001345894332629919,-0.00550297050739168,2.4574166783148668,2.887274012109755
2020-02-14,0.0008043950534062382,0.005346930590432564,2.4593942073857327,2.9027534126088663
2020-02-17,-0.0012818337445718911,0.0016599801846819418,2.4562436925489997,2.9075759272868344
2020-02-18,0.003293369397363381,-0.0067947144791400405,2.4643463455495853,2.8878867459682165
2020-02-19,0.002169162144299884,0.007921142515556312,2.469697714247695,2.9108529476466427
2020-02-20,-0.0005974482883492815,0.0007227674416672158,2.468222638260266,2.9129575778721644
2020-02-21,-0.005809075010674141,-0.003963631613800089,2.4539261128093544,2.9014345387538554
2020-02-24,0.004396188489609883,-0.030880223755824332,2.464737782196482,2.813206847372419
2020-02-25,0.00020250167291451394,-0.019214692011903622,2.4652369462597457,2.7596679580910863
2020-02-26,-0.0043499243553014,-0.004499390739734821,2.454536641655875,2.7472790258598416
2020-02-27,-0.004059453348372001,-0.04155870086999869,2.4445927616811964,2.635445599965967
2020-02-28,0.004498893543297624,-0.023143384856577853,2.4556155007457994,2.5751528484774218
2020-03-02,0.011348288599781799,-0.0015117376377205005,2.483641255544253,2.571262834074924
2020-03-03,0.005096305598168743,0.019546903185837294,2.496330958215022,2.6220174919255075
2020-03-04,0.001488332983404725,0.0030488698459993913,2.5000490961449384,2.630023881009429
2020-03-05,-0.00710974265573756,-0.021487656305582803,2.482337427754806,2.574113672668205
2020-03-06,-0.01569979872215057,-0.030294182858504826,2.443669562872964,2.4973023448713327
2020-03-09,0.005189519222875481,-0.06611271982432854,2.456383995405398,2.337538300744609
2020-03-10,0.004320425113774606,-5.676669905696485e-06,2.4670195770816012,2.337525031348947
2020-03-11,-0.018949526323429472,-0.011918882701401401,2.4207108743757466,2.30982972113064
2020-03-12,0.00976647684636582,-0.09820138535683576,2.444468516471393,2.0937828848472733
2020-03-13,-0.010137399125976148,-0.009936358578151783,2.419813145284099,2.073081326694995
2020-03-16,0.01752950034209135,-0.08109605397928021,2.4626052267767196,1.9115988958301717
2020-03-17,0.0005355577258810604,-0.030057358704176806,2.463924447259544,1.8549962071644077
2020-03-18,0.005483872469736655,-0.06809868965570409,2.4774734111437464,1.7328786093569286
2020-03-19,0.019414377780446093,-0.013817131974750652,2.5260419543916046,1.7090998523324419
2020-03-20,-0.022830561985138567,0.05776268739032986,2.4690243456081014,1.8107289828709021
2020-03-23,0.012812329625813579,-0.038594069132072306,2.5008618199618384,1.742176943228193
2020-03-24,0.006397149545060708,0.08038616359486461,2.5169114883460253,1.8880066908976252
2020-03-25,-0.006164256480812121,0.04465330583103899,2.5014443211619635,1.9742230280995066
2020-03-26,-0.00548830725879692,0.037142590829434496,2.4877532309578774,2.0489295955787408
2020-03-27,-0.00015974495013004134,-0.04052894712799748,2.487355856682174,1.9675489123583725
2020-03-30,0.0025518231044100075,-0.009879526660018456,2.493711254302631,1.9482061663402002
2020-03-31,0.0020467573319511937,0.03206254737600567,2.498820503008624,2.0116827922346974
2020-04-01,-0.0008401388548629728,-0.037369014320256966,2.4967220284411593,1.9378954556352725
2020-04-02,-0.0012524205159974758,-0.007618059932850585,2.4935970398583804,1.923188542111014
2020-04-03,0.01059107804493908,-0.023662416690736876,2.5201472703217416,1.8782154380051883
2020-04-06,0.014849918316302599,0.04934662215062602,2.557850503540416,1.973223920661502
2020-04-07,0.0031619095926800995,0.049817063518343474,2.5659509953467388,2.074013826970464
2020-04-08,0.005372098286036085,0.018694975371067457,2.5797726286367806,2.113152169656769
2020-04-09,0.009983864317836237,0.03378621689202532,2.605657730189575,2.185767376306141
2020-04-14,0.0048126671055796115,-0.020025032036862456,2.6182281177186533,2.1424326522881065
2020-04-15,0.0013735501800984408,-0.04677883336817068,2.621826856379559,2.044520123363751
2020-04-16,0.005711973917278646,0.0020178226599139037,2.6368455152586976,2.0486497674408315
2020-04-17,0.0022504707598044772,0.030779159500154307,2.642786341309232,2.112685919519035
2020-04-20,0.0022592775110844556,-0.002310436566888896,2.6487638789723476,2.1078103272584228
2020-04-21,0.00011978910954885016,-0.027123589000943582,2.6490811910437007,2.0514073299881446
2020-04-22,0.002546166555510708,0.01205742519493036,2.6558347872169117,2.0762917398922673
2020-04-23,-0.0007270993900551682,0.013250654722625654,2.653904433227687,2.103987050110572
2020-04-24,0.0044628691839493344,-0.006772253805138462,2.665774930074924,2.0897864550952607
2020-04-27,0.005232440434855112,0.016770238874620702,2.6797599947106985,2.125128189517152
2020-04-28,0.003228005528841893,0.02102150743548492,2.6884242514003667,2.1702744462271415
2020-04-29,0.0037599317840130704,0.032828305297195826,2.6985515702752845,2.2427032308766885
2020-04-30,-0.00019522824237577004,-0.0228789228448516,2.6980247882183,2.1919751118174253
2020-05-01,0.0026214188713916974,-0.018784227157411237,2.70510671961243,2.1511848594634406
2020-05-04,7.829882409537546e-05,-0.012249350007914828,2.7053185345799515,2.1249949751920845
2020-05-05,0.0017027077015306234,0.008825165558663528,2.70992882515866,2.14383140270131
2020-05-06,0.0011139954286916167,-0.006896210767292743,2.712949355598148,2.129097950385731
2020-05-07,-0.0032170700927981787,0.016469320038323687,2.704235631209293,2.164453084295398
2020-05-11,-0.0031199605295210717,0.0014514175067468216,2.6958116708226925,2.167596890330137
2020-05-12,0.003522003110436812,-0.006071926066173461,2.7053230676651006,2.1544752793110242
2020-05-13,0.004546336488222252,-0.01840240843362828,2.7176503774562715,2.1151903228118725
2020-05-14,-0.002650406844092409,-0.030274635945765738,2.710457035148749,2.0521133398925793
2020-05-15,-0.0016346119698295205,0.016494621596487846,2.7060301087745193,2.086242875993207
2020-05-18,-0.0021769551301347315,0.03570061917176304,2.700145610115648,2.1620684958398484
2020-05-19,0.002985182629445351,0.005536071506460516,2.7082180807928657,2.1740710544915545
2020-05-20,0.005246305728992124,0.002900208300149032,2.7224635562111095,2.1803854655365815
2020-05-21,0.0039816692713713926,0.0011296503865150243,2.73332511491292,2.182849930550327
2020-05-22,0.002873021186651281,0.000786971510486012,2.7411893074645617,2.184568447380536
2020-05-26,0.0006837066940324841,0.03207374275465469,2.7430641177808344,2.2557715041289277
2020-05-27,-0.004823481264126462,0.012336877350968223,2.7298648581842264,2.2837730511843515
2020-05-28,0.0032588569315511666,0.011304559084562626,2.7387756087440085,2.3097365751767875
2020-05-29,0.002671179742102754,-0.017189900177195128,2.7461011502314943,2.2703717421194445
2020-06-01,0.0011588973750522185,0.01366551474031219,2.7492854444248294,2.3016105013476897
2020-06-02,0.0002443339610651021,0.009149207831807615,2.749957270299161,2.322765040242043
2020-06-03,0.006324399955616022,0.026084381906915866,2.767404212504062,2.384150045122452
2020-06-04,0.0035426293323198126,-0.003980601013610752,2.777225486136093,2.3746785586470205
2020-06-05,0.001581845101914159,0.02237216685699117,2.7816221031350006,2.428404000020293
2020-06-08,0.004659349417674432,-0.005081673998848402,2.794612893274675,2.416094944347244
2020-06-09,0.006687773430644352,-0.021264451664587014,2.813365267051145,2.365260409938465
2020-06-10,0.006710516406893716,-0.008472753675929923,2.8323078871319423,2.345304799969714
2020-06-11,0.0004984037220279898,-0.03654631195172797,2.8337198717647873,2.2611398853185998
2020-06-12,-0.0040772820790074245,0.006085100712670766,2.8221895187391897,2.2749410975429387
2020-06-15,0.006123158313458355,0.0006964973281426978,2.8395232463743976,2.2765261398638534
2020-06-16,-0.0002898934204005727,0.02173501685137147,2.8387002065708753,2.326548118926568
2020-06-17,0.002119775588308778,0.006716767760734044,2.844723996256821,2.3422276010975107
2020-06-18,-0.0024064169663609216,-0.003652330494251288,2.837886634239104,2.3336886148975506
2020-06-19,0.004518422298382001,0.009600818656052112,2.850738417514283,2.3562018358339007
2020-06-22,-0.0026602358669434974,-0.0064604947152915315,2.843164859120991,2.341028672171907
2020-06-23,-0.0019460986002192893,0.004508037906488127,2.837637160436387,2.3516059416190838
2020-06-24,0.006934273860568164,-0.02884958997420739,2.857382494280206,2.2847323504353745
2020-06-25,-0.003054108815413509,-0.0022590725182496385,2.848669049892021,2.279576799944738
2020-06-26,0.0015081594019429332,6.425710880719748e-05,2.852968538244583,2.2797232836654664
2020-06-29,-0.0038512029387037334,0.004983704246004805,2.8420023075700085,2.2911131084587053
2020-06-30,0.00025296225099706105,-0.004633159128788478,2.8427213178084605,2.2805225696158686
2020-07-01,0.005179598830730117,0.004092342482492128,2.8574836723554586,2.2898743713461207
2020-07-02,0.0040138316536232335,0.010330759838883097,2.8689761798349243,2.313653128370605
2020-07-03,0.0036773735327193698,-0.003801595577098027,2.8795458993968768,2.304874252311836
2020-07-06,-0.004584852775487472,0.014231848153691828,2.8663738244740546,2.337911404928488
2020-07-07,0.0006955718788244987,-0.01146144351900702,2.86836828706619,2.311268539915057
2020-07-08,-0.00020186696477475648,-0.009544003562977466,2.8677893167056845,2.289314715070301
2020-07-09,0.0018605732982280973,-0.011712036684937033,2.8731300157736586,2.262658580661209
2020-07-10,0.00018470033100555737,0.01140945041115593,2.873660732848895,2.2886221046536424
2020-07-13,-0.0003429586700224999,0.011867578503348852,2.8726753549674635,2.3159443106880677
2020-07-14,0.0017547956098473779,-0.01217616984093084,2.8777207385826955,2.2879159646570946
2020-07-15,0.003800915085711585,0.014216066358283541,2.888679524263927,2.3206734192279552
2020-07-16,-0.0011222251407014207,-0.00571638841906541,2.885439593784116,2.307445392859323
2020-07-17,0.0006754987409986467,0.0015344809626558487,2.8873893630561493,2.310988841869264
2020-07-20,8.167807505585992e-05,0.002188071233563349,2.8876252090928545,2.316050986221813
2020-07-21,0.0037301894424677387,0.006644222067192729,2.8984167128252345,2.3314905785339435
2020-07-22,-0.002841507786511709,-0.00206486453575927,2.8901925292416495,2.3266813332516367
2020-07-23,0.002180987632679381,0.0013617879720371207,2.8965028823036065,2.329851938261924
2020-07-24,0.0032908673267088824,-0.012930908961287457,2.906050590504527,2.2999187834930304
2020-07-27,0.0014155648434418403,-0.00621106018098061,2.9101672065347572,2.2856781201065046
2020-07-28,0.005318652897629797,0.006986814352414328,2.9256866103569554,2.3017036473015464
2020-07-29,0.001085880910511257,-0.0017667901091211746,2.9288652831149737,2.297640610386996
2020-07-30,0.0015147465033067914,-0.013460058064813651,2.933305133336107,2.2669214390633585
2020-07-31,0.001449956907210751,-0.004972080390118094,2.937561384319715,2.255678097990843
2020-08-03,0.0013408205488398023,0.013223725049149593,2.9415027687414157,2.2857046588978283
2020-08-04,0.00038012350423525403,0.008681101495680466,2.9426211156230893,2.3056334698910246
2020-08-05,0.0010113606346647034,0.018921274296948454,2.945598672220129,2.3496743339056088
2020-08-06,0.006135195639334044,-0.00904965130208879,2.9637260469840228,2.3285065256155932
2020-08-07,0.001861626276280893,0.008176147785906807,2.9692485360792724,2.347622781262729
2020-08-10,0.004065577437985308,0.0057712378624152905,2.981344818460158,2.3612106424195787
2020-08-11,0.0006418848830137192,0.015245694139517596,2.9832591129427968,2.3974847470248273
2020-08-12,-0.0014625354378474814,0.00512101907387752,2.9788991798253437,2.4097938026978776
2020-08-13,0.0018571160061633576,-0.009163116663147619,2.9844364812870747,2.3878134390617953
2020-08-14,-0.003073140632538927,-0.01060015220656041,2.9752789666434825,2.362635931624104
2020-08-17,-0.0004812248914469459,0.002044683173807016,2.9738475327941587,2.3674717156977327
2020-08-18,0.0037950316708602553,-0.00841371312680117,2.9851548205521214,2.347636050658392
2020-08-19,-0.004728586937990848,-0.002249569716605393,2.9710725772549913,2.342360815422576
2020-08-20,0.0025602265151279256,-0.004960129557938231,2.978688941694456,2.3307711691417357
2020-08-21,0.003828625734063092,0.004635840955574011,2.9901150860882417,2.341601337659157
2020-08-24,0.0024073544156871744,0.0060914462998624685,2.9973220241907175,2.3559086082082157
2020-08-25,0.0029003622444907125,-0.006080001643692157,3.006027962909306,2.3416281366347063
2020-08-26,0.0015134457615351854,0.009945836836251942,3.0105808676069437,2.365033789475314
2020-08-27,0.0019935609282768453,0.0004730535806256597,3.0165886304269214,2.3661528418427222
2020-08-28,0.008294612706771237,0.0014796378916894781,3.041714123876658,2.3696564826656834
2020-09-01,0.0010691639111094643,-0.010380772385859771,3.0449679539747185,2.3451848550403085
2020-09-02,0.0024838621885378237,0.005653008979217944,3.0525406355963294,2.3584797487557037
2020-09-03,0.0033939009372756877,-0.013917894934003527,3.0629182564678814,2.3258820473012327
2020-09-04,0.0027854081001981636,-0.006054964067029545,3.0714616266523063,2.311841465586537
2020-09-07,0.005618648517959301,0.016453355752117815,3.088767662707647,2.350193661625989
2020-09-08,0.0034904639699868826,-0.0009640632465028887,3.0995677326083455,2.347929018099846
2020-09-09,0.0005563822407509245,-0.0017205423003012754,3.101292756890711,2.3438927801608496
2020-09-10,0.005476620246126201,-0.0008869915948643836,3.1183239537223955,2.3418146887266467
2020-09-11,0.0006363460132032986,-0.0013320199289843515,3.1203089182333676,2.3386974214832286
2020-09-14,-0.0015910610604131887,0.006891276808563163,3.115348263615785,2.3548696925832266
2020-09-15,0.001643703684721801,0.007781898910689478,3.1204731838071242,2.373266538838156
2020-09-16,6.83149895686823e-05,-0.0011288523307868559,3.1206863661818183,2.3705889829411535
2020-09-17,-0.0006561795289632276,-0.003242147466110623,3.1186393073645107,2.362915629669903
2020-09-18,-0.005951957905383975,-0.009516490895576268,3.100132428202922,2.340535623058621
2020-09-21,0.0047044066068923415,-0.040591419829024034,3.114751070738706,2.2474323394165716
2020-09-22,0.004361364281016847,-0.0029146900503977946,3.1283653015325847,2.2408913079083925
2020-09-23,-0.0030684062503869257,0.010131821402820762,3.118780917799185,2.2637110258660864
2020-09-24,0.004105523334546095,-0.011261953265703895,3.1316114656674685,2.2383602357321144
2020-09-25,0.00713399700980605,0.014264538583033115,3.1540322523218394,2.2705182258401733
2020-09-28,-0.0025629710583794027,0.018957816367931812,3.145958909233644,2.3139728947876117
2020-09-29,0.0024853523633966536,-0.011382797896564156,3.1537874499552236,2.2877827503320276
2020-09-30,0.00408469256773243,0.008211450500585471,3.1666960479914765,2.306646106908921
2020-10-01,-0.001873530264162394,0.003930931619168021,3.1607687013736046,2.31573121980481
2020-10-02,0.0076124801339524425,0.0007073622233093602,3.1849218061971896,2.3173698600768247
2020-10-05,0.003318513354603431,0.010709348558172849,3.195508568184356,2.342320747051364
2020-10-06,0.001579145334736026,0.012114209919953822,3.200558727049854,2.370868680986946
2020-10-07,0.0015630516418548702,0.0002472185050539366,3.205565277352052,2.3714548760540874
2020-10-08,-0.0009854529725209984,0.00807873015870797,3.2024078995000855,2.3906908164464005
2020-10-09,0.002320164893885444,0.007118244259556761,3.209846640099807,2.407769049030549
2020-10-12,-0.0016147300543930684,0.005148655030069449,3.2046677866104916,2.4201977894487743
2020-10-13,0.0025191687216964452,-0.01534745600755727,3.212751062755318,2.3833374897763875
2020-10-14,-0.0036947521339119388,0.003314627462231101,3.200902645871008,2.3912504727222226
2020-10-15,0.0033632276259780115,-0.00625337767052514,3.2116861335749394,2.3763437377103593
2020-10-16,0.002101844363695822,-0.0008748736841024396,3.2184436971584502,2.3742656462761578
2020-10-19,-0.0002496289885819151,0.002420871408437719,3.2176403805832448,2.3800204010453703
2020-10-20,-0.00023960375985735772,0.0035255844650041723,3.2168695142051176,2.3884261729202594
2020-10-21,0.0008771292425433384,-0.007917752117906574,3.2196923623458176,2.369589875503148
2020-10-22,0.0004927076898361678,0.005974963595820171,3.2212791204035005,2.3837904705184614
2020-10-23,-0.002819194740414973,0.011954326270082305,3.2122104963647913,2.4124580891992196
2020-10-26,-0.0009576988054341081,-0.014253753989166285,3.2091356388383283,2.378315413795046
2020-10-27,-0.00101007243681394,-0.014988659179095976,3.2058958158869237,2.342933480909829
2020-10-28,6.222794656951915e-05,-0.01945135369394002,3.2060953184077143,2.2978006236876145
2020-10-29,0.0030185153135610016,-0.004136410461864415,3.215787586994435,2.288315607632298
2020-10-30,0.001506013170044655,0.0021342800366053183,3.2206342541087163,2.2932047294727997
2020-11-02,0.002009941336039334,-0.0019712458078107176,3.227114049847508,2.288688711816177
2020-11-03,-0.0040179366151977865,0.017951418300640398,3.214173724258053,2.3301449057033814
2020-11-04,0.0032547000220977686,0.01725287217615623,3.2246519380209993,2.370695398290668
2020-11-05,0.0011316390802445166,0.0074123152265919146,3.2283031457092584,2.388333026966405
2020-11-06,0.006594218437661144,-0.0005969496898998727,3.249661625680816,2.386907737761879
2020-11-09,-0.003315164503466038,0.05073947879545493,3.238906300497585,2.511143365282658
2020-11-10,-0.0009687933170437612,0.009393231191843654,3.2357699891831544,2.5348422457489495
2020-11-11,-0.0008737364384317238,0.01625840509593246,3.232944013795839,2.5763915855900086
2020-11-12,-0.002571816910290542,-0.001966752261015614,3.2246401562886913,2.5713294412374594
2020-11-13,0.0023675228835533277,-0.0016695561508850432,3.2322836101056063,2.5670400440439853
2020-11-16,-0.0011260214598583238,0.017393243824118443,3.2286460377728803,2.6120797553123447
2020-11-17,0.0010452849489363386,-0.004697876378520149,3.2320226573389657,2.5998373068018266
2020-11-18,-0.0030508466614963753,0.009368729545835563,3.2221772778130284,2.6243089344272015
2020-11-19,0.002693288038580921,-0.009865836057887378,3.2308672263478426,2.5985452319223663
2020-11-20,-0.00013983889088375282,2.5632152974353062e-05,3.2304154570465125,2.5986118390849007
2020-11-23,0.00032032599818834176,0.0038578480809015048,3.23145040885449,2.608656251231812
2020-11-24,-0.002785017103333675,0.01052530384920658,3.2224632846534775,2.6362581553120337
2020-11-25,-0.001839196095336858,-0.011189385716113165,3.2165419896434426,2.6069244650059353
2020-11-26,0.0009031563145846678,-0.008884775218378493,3.2194483421002458,2.583865117373661
2020-11-27,-0.002016799588481455,0.0034174066301453365,3.2129619031311045,2.592710340410734
2020-11-30,0.0011678574059622534,-0.006515574353086251,3.216716376402734,2.5758722578696287
2020-12-01,0.000326094544976395,0.025957848661452232,3.2177655011134405,2.6436117421662764
2020-12-02,-0.002044242377952817,0.0016615229765299944,3.2111943273380734,2.648007814893494
2020-12-03,-0.003062794979650196,0.01272690656156783,3.2013741437548027,2.6819241300187415
2020-12-04,0.0015465122265637843,0.0024952861191458453,3.206328938347602,2.688624654459085
2020-12-07,0.002691737292898223,-0.012614720877440533,3.2149711596008075,2.6549214302170965
2020-12-08,8.171322460795351e-05,-0.002974822416437206,3.215233875994836,2.6470352462468107
2020-12-09,0.0020997658125452463,0.0006741588855998515,3.221992207140199,2.6488203702395547
2020-12-10,-0.006641412537162442,-0.006448094049304132,3.2006645290494067,2.6317954754222823
2020-12-11,0.0027480593411144958,-0.00680074613101489,3.209472241621777,2.613958025258947
2020-12-14,0.0008326406323059675,0.007200562467934546,3.212145691475442,2.6328479206271607
2020-12-15,-0.001285377077511975,0.004462825318526598,3.208019525441711,2.644624118999941
2020-12-16,0.0008432811971288167,0.012225700788585314,3.2107259289567542,2.6771549531076464
2020-12-17,-0.001411054557929081,0.00987319520636376,3.206198614395547,2.7037179415628807
2020-12-18,-0.003471495775236778,-0.008893351760113077,3.1950876065180447,2.679779431422006
2020-12-21,-0.00018776029444370318,-0.021312950286095145,3.194487752244441,2.623269758617985
2020-12-22,-0.002347169109442735,0.013046671029812273,3.1869985419317275,2.6577189310435063
2020-12-23,-0.0010190369645682654,0.017248352999384764,3.183752526797077,2.703957831421693
2020-12-24,0.006397490495809791,0.012187761802548991,3.2041858446155507,2.737114668783526
2020-12-29,-0.003248996925018753,0.016933995066263918,3.1937923480212382,2.783859627486435
2020-12-30,-0.005662864889979309,-0.008771417068341947,3.1757574462690097,2.75954801316168
2020-12-31,-0.0008879362386350897,-0.011008854441213245,3.1729388277093236,2.7293351603469853
2021-01-04,-0.0031186208818807025,0.0024179491214635362,3.1630590480752288,2.7359425388334717
2021-01-05,0.00198775408885064,0.008701966986430776,3.169352684659977,2.759854510183028
2021-01-06,0.0010519483260040877,0.012271449225634612,3.1726884341215422,2.793930578424665
2021-01-07,-0.002388417378868407,0.0017483788269849754,3.165119772087696,2.7988197002651694
2021-01-08,-0.003066292075744409,0.0025811061329648055,3.155429454675988,2.806053082005775
2021-01-11,0.0012868684791577617,-0.013771611139439699,3.1594926912442114,2.767674086990778
2021-01-12,0.0007817709256019211,-0.0030417463198801897,3.1619636565084313,2.759268315115883
2021-01-13,-0.0020210065820072754,-0.004679459530002816,3.155579760267622,2.746386593955581
2021-01-14,-0.0006219238445746909,0.0077068224824703435,3.1536178401169535,2.7676342788037953
2021-01-15,-0.0003760013132698074,-0.007740833617946308,3.1524322985640763,2.746293187817498
2021-01-18,-0.001792549880435007,0.001149011354199203,3.146786468152302,2.7494505234321287
2021-01-19,0.0024057040394484253,-0.0017652016159406259,3.154365818251191,2.7446014699628396
2021-01-20,-0.002997195065111531,0.013431737968430113,3.1449257225581224,2.781714928889701
2021-01-21,0.0014503208342066388,-0.0042135808729941715,3.149490183021549,2.7700186070751105
2021-01-22,-0.0017672390443218451,-0.009509420641796495,3.1439291962441933,2.7438021840124325
2021-01-25,-0.00012861215769998844,-0.012040011089768043,3.143524874727497,2.7109648528833796
2021-01-26,-0.0003200890510776961,0.004804072012056793,3.1425188278541905,2.724019856739965
2021-01-27,-0.002371251302342028,-0.008348359511925807,3.13507595394074,2.701373421478545
2021-01-28,0.0012547745344598119,0.00442350963922955,3.13901223646842,2.713349441338931
2021-01-29,-0.00013846006602232256,-0.006882383727241148,3.1385776387148248,2.6947392440165103
2021-02-01,0.006954001673451878,0.008074645466825459,3.1604793769684023,2.716586393327526
2021-02-02,0.003799160447447479,0.01448804966788586,3.172509382703632,2.756230924430664
2021-02-03,0.002230074979074714,0.0030018010051584554,3.179592211182785,2.764517011560378
2021-02-04,0.0006986019237809611,0.002738118246872645,3.181814256490548,2.7720969586935436
2021-02-05,0.0007610211818666751,0.012303067205953866,3.1842366061492937,2.806412916793996
2021-02-08,0.002677273673137387,0.0009346422092608719,3.1927731011516567,2.8090371349241288
2021-02-09,0.0030678964944560287,0.0012464974540176144,3.2025832391057847,2.8125407757470855
2021-02-10,0.0004509364314032781,-0.005533233517313718,3.2040277262243553,2.797021306876761
2021-02-11,-0.0008908188355072175,0.001023461129992853,3.2011747888901687,2.799885414865704
2021-02-12,0.0044606628465613946,0.0009320853261147732,3.2154860454516756,2.8024963636001754
2021-02-15,6.360280760447896e-05,0.017967168546537238,3.2156905658959474,2.853304359217632
2021-02-16,0.0021755072626097093,-0.00011672615610258674,3.222693939259018,2.8529713234049634
2021-02-17,0.001281760169847688,-0.012540737356456333,3.226827308418051,2.817416368007694
2021-02-18,0.0010467986424360883,-0.010246391387628506,3.2302069154392887,2.788695411560063
2021-02-19,-0.002110009376099992,0.004865382563822962,3.2233983341721877,2.802296542112573
2021-02-22,0.003138029610120375,-0.002613241864784399,3.2335293409761703,2.7949830236295443
2021-02-23,-0.0006667948733856742,0.0036442380031544985,3.2313739588673953,2.805187188892841
2021-02-24,0.0005991453048729885,0.012036850641912622,3.233310601510379,2.8391568417849657
2021-02-25,-0.004032478822203378,-0.005391565914630192,3.2202985979308374,2.8238905321691155
2021-02-26,-0.005159849131294383,-0.013664875051219383,3.203725138055093,2.7855648749209876
2021-03-01,-0.0006099833108556469,0.01476815717618507,3.2017715150875885,2.8270077994125287
2021-03-02,0.001781258644029486,-0.002056615156863728,3.2074797807144866,2.8211997068764467
2021-03-03,0.0018378593771285325,0.012127579567357216,3.21338009782218,2.8556223405106453
2021-03-04,-0.001177567456910133,-0.006557166769489697,3.209598353059085,2.8369588054213573
2021-03-05,-9.341520069446025e-05,-0.015850698657390083,3.2092985417884683,2.7923455361037486
2021-03-08,0.0015428018758459078,0.011804243511489787,3.2142536750104376,2.8255023734655786
2021-03-09,-0.0024370833071432323,0.008090669259980032,3.2064298086136485,2.84845530574834
2021-03-10,0.0005976723311669239,0.0011310901709684629,3.2083467757941437,2.851678988341274
2021-03-11,0.0012208602867307887,0.005887347363980666,3.21226611095228,2.868517331066609
2021-03-12,-0.0004423153648040976,-0.0012360529839057222,3.2108455904777418,2.8649738820566677
2021-03-15,0.003492216985907049,0.0007390563646474391,3.2220781618605816,2.867092041862081
2021-03-16,-0.0032518299361404125,0.011185930689363133,3.2116175289547826,2.8993431779239915
2021-03-17,0.001689233321920003,-0.00950541132958449,3.217047285073283,2.8719142963558193
2021-03-18,0.0027621918964164795,0.0004637444749668873,3.2259456708814165,2.8732464396064947
2021-03-19,0.001909394857873959,-0.006899428227058024,3.2321111592599086,2.8534909113095726
2021-03-22,0.0020533247283523485,0.001660577037263522,3.2387545512143667,2.858233289245119
2021-03-23,-0.002908107998897279,-0.005800730301285029,3.229349585154251,2.8417014435411287
2021-03-24,-0.0009234013308633303,0.0033087839023480115,3.226368975810603,2.8511195922496855
2021-03-25,-0.0006371514807469472,-0.005843425247473277,3.224313944792779,2.834507869987504
2021-03-26,-0.00013915544697567887,0.00976979032092018,3.2238652951613456,2.8623361343466476
2021-03-29,0.0005590985231572319,-0.0023856765946330682,3.2256682574565403,2.855515664976899
2021-03-30,-0.003406659763483489,0.0064590186101813885,3.2146981994304187,2.8740191867655733
2021-03-31,-0.0051456901395641515,-0.0025851564821728346,3.198198845291868,2.866598992748798
2021-04-01,0.002390383336570798,0.009895714546132695,3.205852910949629,2.8951068583131674
2021-04-06,-0.0012831377152456454,0.011974419315647467,3.2017419981677087,2.9299824726894377
2021-04-07,0.0015737428401591405,0.0075234975947022775,3.2067846836176694,2.952109320046244
2021-04-08,-0.000447676753870314,0.003913723051072182,3.205349401955235,2.963685696931429
2021-04-09,0.00010059014320534039,0.00017082623317854484,3.205671844727611,2.9641920154403714
2021-04-12,0.00505409551828101,-0.004400475113063962,3.22191462814527,2.951176819770778
2021-04-13,-0.00030485758991240664,0.005173129945468702,3.2209325527210093,2.9664831977578365
2021-04-14,-0.00336789243676055,0.0038992519823501937,3.2101030448824748,2.978072844038681
2021-04-15,0.002272627447511836,0.005197714005127807,3.2174067092821885,2.9935923129090014
2021-04-16,0.0003451939999206586,0.0022313649514860145,3.218517530486914,3.000279567953681
2021-04-19,0.0014491011117797902,-0.0013906544290769318,3.223184868724397,2.996110115689615
2021-04-20,-1.0790583141018055e-05,-0.017144144893054047,3.2231500888677402,2.9451821751427527
2021-04-21,0.0020681118630826965,-0.00103635053759632,3.2298228214033604,2.9421315150618716
2021-04-22,-0.0002450311875084769,0.012562478175022207,3.2290315110338095,2.979325110731157
2021-04-23,-5.581736816096688e-06,0.0003308383402913506,3.2290134874800454,2.9803109487734987
2021-04-26,0.0016465769172052183,0.00912138992120326,3.2343346862331503,3.007619885412262
2021-04-27,0.002769679106557224,-0.0064074820033308555,3.2433051723867874,2.9884102236270444
2021-04-28,0.004244908147909437,0.0002986734472916197,3.257101967285436,2.989302915715532
2021-04-29,0.00039730948005051257,-0.00209224099855021,3.2583963018832063,2.983055111833036
2021-04-30,0.0021728321665086432,0.004655802565251221,3.2654839475228705,2.996976008802556
2021-05-04,0.000862040194108794,-0.007468698488812819,3.2683001395998392,2.9746758787494674
2021-05-05,0.005260352014132691,0.0025002479769931085,3.2855378472779906,2.9821226115575645
2021-05-06,0.00041024032219156106,0.004701717461308874,3.286885983894123,2.996176722852149
2021-05-07,-0.0021641509491028364,0.012543618409500468,3.279780358069218,3.033996321775561
2021-05-10,-0.0005154055848768469,-0.0034351152586715727,3.2780903765058786,3.023592074840433
2021-05-11,-0.003634381834242793,-0.02363234438823092,3.266198167894053,2.952975213159183
2021-05-12,-0.0009426584015094581,-0.0026786672836696113,3.263120709473997,2.945075759793236
2021-05-13,-0.0003032592343454419,-0.001742984867055597,3.262131288019244,2.9399470082781503
2021-05-14,0.0046287994085554545,0.012016648256556905,3.277266040239102,2.9754884340955305
2021-05-17,0.007895454556680066,-0.005476981342939169,3.303243964137485,2.9592362864373367
2021-05-18,-0.0012129844874723046,0.005320272055747921,3.2992396095516257,2.975022183957795
2021-05-19,-0.00039015958494021546,-0.004402340231720814,3.297952630674842,2.9619539107055517
2021-05-20,-0.0014342415300163686,0.007058615573265925,3.2932259604515175,2.9829351669036295
2021-05-21,9.648436362335103e-05,0.0003304380138953178,3.2935437205917752,2.983921004945972
2021-05-24,0.006351259484609623,0.00375637725480793,3.3145284405450197,2.995150816438598
2021-05-25,-0.0023941690063540334,-0.001994490228318213,3.306602391218847,2.9891829707861275
2021-05-26,-0.0005700277780425567,0.008926575779142354,3.3047180731127646,3.0159855889159437
2021-05-27,-0.005636071174809071,0.000834470966740497,3.286144836048386,3.018503391696558
2021-05-28,0.0039886592350797554,0.001102706152360966,3.2992783230865252,3.0218337498232364
2021-06-01,0.0015209834798141865,0.008384781009803888,3.304300289106778,3.0472776859110637
2021-06-02,0.0016636011160256934,0.0025454256863568503,3.3098019017310296,3.055044185136168
2021-06-03,0.0023963680056093882,-0.005724226138557498,3.317742916109479,3.037606377948034
2021-06-04,0.0014077927240366804,0.0013278740634454778,3.32241689967509,3.0416426158870298
2021-06-07,-0.0018277924293241684,0.003296857984659951,3.3163497576460443,3.05168702803394
2021-06-08,-0.004940615157456774,-0.0005501580574556186,3.300005358705343,3.0500085795749414
2021-06-09,0.00343418408389207,-0.005979713138257736,3.311357666385077,3.031824824203274
2021-06-10,0.002077078681981657,-0.006621425986359952,3.3182427647725445,3.0118161366518805
2021-06-11,-0.002362545782650816,0.00552673719507446,3.3104125176236323,3.0285077354722554
2021-06-14,9.799697112225915e-05,0.00045737515647559235,3.3107369439196623,3.0298932164898003
2021-06-15,0.0008077107285703712,-0.004971814103059913,3.3134121419163614,3.0148665365485328
2021-06-16,0.004344836547145327,-0.0006187927764855772,3.3278396960721404,3.0130015359975926
2021-06-17,-0.0011353525882995142,-0.003658674707123666,3.324063568683388,3.0019980847838927
2021-06-18,0.002724402496902319,-0.00940281948196997,3.333132003193478,2.9739031315903866
2021-06-21,-0.00047026816353486905,0.005935548288421799,3.3315649058343957,2.9916073674286565
2021-06-22,0.001272630316250909,0.009859019649342216,3.3358074553600923,3.021247554756097
2021-06-23,0.00020715975017527395,-0.0008910306837996984,3.3364985719824793,3.018556729463433
2021-06-24,0.0015922375181446355,-0.00661071408682723,3.3418153018131247,2.9986677266572137
2021-06-25,0.0018553967029794614,0.00601915586638313,3.3480214505596493,3.016771605470686
2021-06-28,0.0018026450247513788,-0.004984565600155477,3.3540621877869206,3.001771724504973
2021-06-29,0.002028894543027066,0.00039040315882665766,3.360874134280497,3.0029438544550264
2021-06-30,0.0002621961194524177,-0.00740011755086023,3.3617554579712503,2.9808037377025554
2021-07-01,0.0023411791458542866,0.01095603034349324,3.3696351500291475,3.01364106883161
2021-07-02,-0.002341024769031596,0.005488282326572502,3.3617559769484164,3.0302262523024672
2021-07-05,0.0007520253794389009,0.012034403424463491,3.364285053608288,3.0669135294628096
2021-07-06,0.00287883474713218,-0.005531637912907783,3.373984228782483,3.04999531017928
2021-07-07,-0.0011776750353650347,0.0032616555795037527,3.3700131105888778,3.0599595855837625
2021-07-08,0.0027055961469158872,-0.01391867402627689,3.3791433508777793,3.017664037374947
2021-07-09,4.0225463743601586e-05,0.011263960122892769,3.379279281220036,3.051847041334558
2021-07-12,-0.00046721715826317516,-0.0005851034670492083,3.3777007927344536,3.0500619173418153
2021-07-13,-0.003511157843747242,0.0013486937486728579,3.365861948290641,3.0541782920232343
2021-07-14,-0.0004513919350484537,-0.0077414206420645115,3.364342968206168,3.030625895277668
2021-07-15,0.0013851357229305548,-0.010992025357662527,3.369006268742116,2.997495596707161
2021-07-16,-0.003273796679765334,-0.0015255541039564946,3.357994861594265,2.9929262412836666
2021-07-19,0.0035725933149107405,-0.023695073159812452,3.3700130668854578,2.9228422369026843
2021-07-20,0.0011129961784732865,0.008107079644833703,3.3737659666444393,2.946634263322834
2021-07-21,-0.001681937748410638,0.01892066339952514,3.368096271684414,3.0029173156637006
2021-07-22,0.00026600038116367784,0.005984222784636728,3.3689923057438955,3.020941317918979
2021-07-23,-0.0012631783030037358,0.009047315335815043,3.364739354443704,3.0483967382784716
2021-07-26,-0.001749685969373247,0.0021738342941279853,3.3588572646102812,3.0550306555562785
2021-07-27,0.0032512632841937804,-0.0024535692008189613,3.369795565924815,3.0475441145612
2021-07-28,0.001933484389679956,0.0056447456648403005,3.376317315867075,3.064795369657396
2021-07-29,-0.0021958269175529513,0.0019106764828720202,3.368911641188229,3.0706567999603473
2021-07-30,-0.008089715983117647,-0.004421779580374263,3.341768042870229,3.05710900717471
2021-08-02,0.00034744960476640915,0.011261493114405496,3.3429293405904796,3.0917312021122783
2021-08-03,-0.00217793207999749,0.0034839944881905893,3.335656590191434,3.10252156244272
2021-08-04,-0.00019274698038198966,0.002487275527570887,3.335013714414256,3.110247993296612
2021-08-05,0.0015430478264946677,0.006761500585396263,3.340163772448685,3.1313491944240974
2021-08-06,-0.002728527980363877,-0.002125126352416018,3.3310624643699365,3.124701747566402
2021-08-09,-0.0005336190916674503,-0.00011932858739527319,3.3292854200179764,3.1243289035667496
2021-08-10,0.00042384547627733523,0.005048302339831778,3.33069682166946,3.1401413398785283
2021-08-11,-0.002324357174477287,0.007805045458331605,3.322964082920829,3.164746181828966
2021-08-12,-0.0002748489149628603,-0.00042102071500949023,3.3220508953482333,3.1634140385782987
2021-08-13,-0.005432986526390629,0.0017544531647377681,3.304051177980089,3.168968971859907
2021-08-16,-0.0008803234720827079,-0.003191533975487104,3.3011438240688546,3.1588712219461264
2021-08-17,0.001387897919303065,-0.0008099877280223211,3.3057286556167185,3.1563136109785286
2021-08-18,-0.0042835718772780826,0.006013091549711191,3.291598614443094,3.17534999006747
2021-08-19,0.001581183318017386,-0.009674781743463257,3.2968073521612404,3.1447773024645564
2021-08-20,0.0006454148551998809,0.006081382218882325,3.2989358474083965,3.163960165274225
2021-08-23,0.002555046263533434,-0.00043799048693848874,3.3073755584536535,3.162574684256684
2021-08-24,0.0017784569323247104,0.00611006278692372,3.313262817009544,3.181957368553951
2021-08-25,-0.0004259700842128095,0.004194506104077789,3.311851766722304,3.195332138827538
2021-08-26,0.0007592270655344412,-0.0014184754372976727,3.314367168980547,3.190802851775257
2021-08-27,0.00039524121969548626,0.004469665256539912,3.3156774024150075,3.2050965927444253
2021-08-31,0.0002914013730335608,0.0017648810537131965,3.316643736151258,3.2107582015597793
2021-09-01,-0.00012098480714303988,0.006146548522229622,3.3162424969208923,3.2305540584121406
2021-09-02,-0.0005661927471586096,-0.0010107865898039137,3.3143653959219486,3.227290307447993
2021-09-03,-0.001237032101468521,-0.0013094005335965164,3.3102679543870615,3.223067257232831
2021-09-06,0.002177813610425342,0.0022212003125261504,3.3174849567828595,3.2302342919951315
2021-09-07,0.0025790470894213216,-0.006242551258637263,3.3260519492948,3.2101321983056543
2021-09-08,0.0016438018193881652,-0.010369989619398723,3.331523815640237,3.1770151691308066
2021-09-09,0.0010288067355727357,-0.002056715655774255,3.3349530735008086,3.170487667202515
2021-09-10,-0.0005183882503459982,-0.0027896462177920966,3.3332247210295622,3.161655453376876
2021-09-13,-0.0004588606965660732,0.0017722686477288363,3.3316955860690562,3.1672637244253554
2021-09-14,0.002125891773077567,-0.003724945313708261,3.338785944302641,3.155487786236803
2021-09-15,0.0017565633491410384,-0.010802288889223632,3.3446558872770593,3.121584740507213
2021-09-16,0.001345338084408846,0.008498827049615798,3.3491586083834135,3.1482276055206433
2021-09-17,-0.0013840968608315335,0.0011037713331525367,3.3445262550195234,3.1517044473680476
2021-09-20,0.001403324471356114,-0.010930746097461252,3.3492230053198178,3.117441566850238
2021-09-21,0.006057720146699745,0.008921026878310201,3.3695732367675246,3.145376766927362
2021-09-22,0.0015825013634515077,0.007304445219549649,3.374909812464414,3.1684361145596367
2021-09-23,-0.0013313455596007516,0.001919543062623319,3.370419630926393,3.174523905141515
2021-09-24,0.0021715669893786005,-0.009334094097614098,3.377746675642137,3.145030461719028
2021-09-27,-7.521859814021764e-07,-8.52109067039919e-06,3.377744134949394,3.145003662743481
2021-09-28,0.001392937580720632,-0.020519487793743352,3.382452400091475,3.081127393873781
2021-09-29,0.0011759696237171008,0.00094642805199463,3.3864324010891256,3.0840448396295947
2021-09-30,-0.005035695235095396,-0.005183781871727078,3.3694222245610774,3.0680991889927536
2021-10-01,-0.005265953382509236,-0.002412672176127728,3.3517256397899953,3.0607057939515268
2021-10-04,-0.00016054472463643992,-0.014065340780589963,3.351187581112495,3.0179572650006308
2021-10-05,0.00019598925190027403,0.003340218009750373,3.3518444422262514,3.02805475473018
2021-10-06,0.003288530360066193,-0.015253851200212054,3.362885228467124,2.9822157575114216
2021-10-07,-0.00012912226884485506,0.007680382252422291,3.362451033129306,3.0052084979811684
2021-10-08,0.002798243431497741,-0.0010200598194618493,3.371873166209422,3.0021445685046206
2021-10-11,-0.0025817530599975616,-0.0021632712809775967,3.363179050204119,2.9956571349475425
2021-10-12,-0.001621695285856408,-0.000827451053670103,3.357729418608177,2.9931794005381396
2021-10-13,0.0015235568365640024,0.007378520902253882,3.3628490092225594,3.01534631626616
2021-10-14,-0.001435267279857416,0.009895503988527565,3.3580258841372985,3.045332808801932
2021-10-15,0.0003424326512012992,0.0054008162401579796,3.3591759787473414,3.0618245861347035
2021-10-18,0.0002683185687643117,-0.0006746038276084221,3.3600774289706954,3.0597597640961633
2021-10-19,0.002352444554146062,0.0037112253413180696,3.3679911294412426,3.071136319493745
2021-10-20,7.521533944008759e-05,-0.0037983041550120333,3.3682444635644613,3.059493335446031
2021-10-21,8.847037867002947e-05,-0.002161966967044293,3.368542466609633,3.0528859569595475
2021-10-22,-0.00016986168900085414,0.0006368589904894861,3.3679703288902987,3.054830834068677
2021-10-25,0.003539962204163095,0.00044040950279722324,3.379913944060006,3.0561765068992397
2021-10-26,-0.0008983689845676894,0.00952220788226299,3.376878897702036,3.0854170512514805
2021-10-27,-0.0017148607853991393,0.0004618371132547594,3.3710929829404006,3.0868423404560095
2021-10-28,-0.001981654011763348,0.0012033319211255389,3.3644192576978793,3.0905590721622263
2021-10-29,-0.005053077916697873,-0.004029711055938634,3.3474614656493205,3.07813007155977
2021-11-01,-0.00020087315065562357,0.0045166130446148145,3.346789118048569,3.0920642379249483
2021-11-02,0.0010440652753664105,-0.003072165378648961,3.350285209106752,3.0825794820538603
2021-11-03,-0.0012895844443125805,-0.0009944441660909575,3.345967518029072,3.0795155525773152
2021-11-04,0.0016296971525177357,0.01520158286496276,3.351424877479343,3.126686693046746
2021-11-05,0.0007247346691637796,0.005341282261532854,3.3538546516435863,3.143431889818224
2021-11-08,-0.00047282627695639996,-0.002414272397022188,3.3522692358778508,3.1358519426850604
2021-11-09,0.0009154912791405803,-0.007367836909507375,3.3553396143665464,3.1128324032397643
2021-11-10,-0.0011385821666086205,0.0028290875922927228,3.3515214585732394,3.121651347669747
2021-11-11,-0.0024009276998228626,0.005990514175072903,3.3434843499859115,3.140407768528663
2021-11-12,0.002818985946454569,-0.0007043940879967181,3.352922882675799,3.1381964627693963
2021-11-15,0.0020516883483582744,0.0027172900435381564,3.3598090972546535,3.146735448969354
2021-11-16,-0.0028910625987864686,-0.0034732068450864517,3.3501097063634573,3.1358251437095057
2021-11-17,-0.0018465174161905805,-0.004496114425535325,3.3439293782423154,3.121757763019262
2021-11-18,0.0010276634034232768,0.005977634807953436,3.347367578441638,3.140474375691198
2021-11-19,0.0014074644137762231,-0.003488623404562574,3.352082196238222,3.129537531640027
2021-11-22,0.00018441505203885592,-0.002676806279092503,3.3527004276547174,3.121171567952123
2021-11-23,-0.000370779358432014,-0.008921551806366779,3.351457545972812,3.093449718942493
2021-11-24,-0.00020454611638719557,-0.002349711287147116,3.350772088453774,3.0861895382263342
2021-11-25,-0.009521228549036136,0.004861470960761949,3.3190200208004756,3.101229487563262
2021-11-26,0.004069450076523355,-0.03239626896193393,3.3325541265844745,3.0023711889677753
2021-11-29,-0.003092353276955462,0.009643710567612374,3.3222646095209893,3.031465249599285
2021-11-30,0.0025704699773984123,-0.01045161747001444,3.3308153759928523,2.999946532141012
2021-12-01,-0.0032826637224418437,0.01730086089180638,3.3198993558061356,3.052299761892404
2021-12-02,0.004776144483845071,-0.009996176772787635,3.3357936011931435,3.021940425356982
2021-12-03,3.162457903880915e-05,-0.001707496694061561,3.335899095929646,3.016784874866347
2021-12-06,0.002973163884126115,0.010332382799065343,3.3458320294453348,3.0481170402326767
2021-12-07,-0.00207759368732082,0.015477425474145434,3.338887965911182,3.0956610247017613
2021-12-08,0.0005514698260503826,-0.0003571838867095778,3.3407297696798697,3.0945555019142397
2021-12-09,-0.0034168310890533397,-0.003531875098767401,3.3293345392179114,3.0836451966543974
2021-12-10,0.0009694566991362505,-0.009562631224124374,3.332563749927686,3.054297976768412
2021-12-13,0.001129829609387676,-0.012309563005635127,3.3363311069625325,3.0169313585870756
2021-12-14,-0.0044596982007452475,-0.004270116530497248,3.3214852058526776,3.004076176218097
2021-12-15,0.00803631681890006,-0.005192847845810533,3.3482852558885106,2.9885168991607904
2021-12-16,-0.002970185784158167,0.009498322704072137,3.3383549813007796,3.0170380341208185
2021-12-17,-0.006829549845155328,0.005828986465203911,3.315633197649312,3.034675662796559
2021-12-20,0.002297656427799947,-0.010169885603055207,3.323260142271923,3.0039697608685767
2021-12-21,-0.00263435310762683,0.011919876273479346,3.3145170228768546,3.039990966403582
2021-12-22,0.0035472436158855173,0.011350611987499093,3.326295300084873,3.074693298083577
2021-12-23,0.0025051991347367713,0.008026348387984328,3.334638778866782,3.0994711625460623
2021-12-24,0.005127579327825933,0.00015469814649549107,3.3517813160352903,3.09995068207946
2021-12-29,-2.6854843414125633e-05,0.010554170275522523,3.351691305681502,3.1328413509753847
2021-12-30,0.0002291352929665359,0.0009477389972136763,3.3524593844443786,3.1358118743138466
2021-12-31,-0.00048147110219980355,-0.002500993538347984,3.350845660641333,3.127979028110434
2022-01-04,0.0025854916439959725,0.017557242195991307,3.3595204535671392,3.1833826577584787
2022-01-05,-0.0007133823442440129,-0.005265610362034323,3.3571246856413106,3.16666425996255
2022-01-06,0.0017940900815676245,-0.015016730445308824,3.363153075862963,3.1194665807017996
2022-01-07,0.0021408963247108396,-0.0027196653845003027,3.3703609508259573,3.110994201664374
2022-01-10,0.0026450671044842902,-0.015165827504516116,3.379287582272313,3.0641693664032674
2022-01-11,0.0034042029752996547,0.001147010227862566,3.3908109659544663,3.0676860164376625
2022-01-12,0.002333792757591063,0.0008247351828210014,3.3987336573931515,3.070217088613936
2022-01-13,0.0006266904265395238,-0.003856014805158736,3.400864278788881,3.0584010820541714
2022-01-14,-0.002935512424278955,-0.009413227714603067,3.3908956381379594,3.029746732769071
2022-01-17,0.006163020874673677,0.005620938563506428,3.4118583291389455,3.046824705168991
2022-01-18,-0.003306614807996858,-0.00961693352114601,3.400595259443798,3.017664037374947
2022-01-19,0.007759748844740732,0.00010156248459480821,3.427085671126745,3.0179705343962913
2022-01-20,-0.0021490071782317437,0.002644921092265662,3.4197287472914755,3.0259633939003217
2022-01-21,-0.00541339932000524,-0.020090443171904226,3.4012664071125562,2.965777057761292
2022-01-24,0.0013422509363683135,-0.03709386734032449,3.405834825428336,2.8577803085030413
2022-01-25,0.0016726320600736302,0.008965595611599042,3.4115363008547064,2.8835172120323267
2022-01-26,-0.0015951504606277838,0.010450769159088935,3.4060987251816144,2.9138102015894396
2022-01-27,0.0006348330755348321,-0.0008461456438038084,3.4082617158072495,2.9113457365757003
2022-01-28,-0.0035416703263594952,-0.009715433998431777,3.396212126854987,2.883197705799547
2022-01-31,-1.748744115466711e-05,0.013004520007644516,3.3961527363145656,2.9209371679805303
2022-02-01,0.0031457701239062477,0.01094482032961075,3.406853073705432,2.9530818886929286
2022-02-02,0.001996741158583919,0.0036697453483238718,3.4136624735009575,2.9639388561858993
2022-02-03,0.002744394303037394,-0.012737279117075673,3.423043776454821,2.9264257542838377
2022-02-04,0.0004119060523762265,-0.011712677303581387,3.424454039331859,2.8923494258579674
2022-02-07,0.0030551363894421794,0.003921041662673375,3.4349322114537197,2.903712711859888
2022-02-08,0.0009114428150718548,-0.00044973390904701205,3.438064382918865,2.902407107400538
2022-02-09,0.0004848649637746545,0.018034897467337885,3.43973178408088,2.955226587289664
2022-02-10,-0.0008330291214243083,0.0010723053857564224,3.436867580482987,2.9583971922999526
2022-02-11,-0.012974521160422303,-0.007190005893434659,3.392563900350524,2.9372025850343855
2022-02-14,0.0045271940495907066,-0.019731914527786998,3.407957514099707,2.879814009905997
2022-02-15,-0.0011730507406713,0.010793638194494193,3.4039621508536744,2.9110660385299036
2022-02-16,0.0009513908803288967,-0.0010805336578094682,3.407202190428641,2.907922232495163
2022-02-17,0.000593397971003166,-0.012506393344359878,3.4092246172878915,2.8717810820307546
2022-02-18,-0.00033095372052573385,-0.009086693224986675,3.4080965084029047,2.845804288642661
2022-02-21,-0.001584970098237574,-0.01250141802172422,3.402699055875535,2.8104491547329924
2022-02-22,-0.0030919931405921555,-0.004936916811516312,3.39219418260257,2.7966083945059
2022-02-23,-0.006946602541336505,-0.007257185149791567,3.3687116143369544,2.7763863558870114
2022-02-24,0.008761249322115904,-0.028574118075958665,3.3983554053866407,2.6981762776769354
2022-02-25,-0.0021159990389944426,0.031702429086591266,3.3911720912378436,2.7850853553875905
2022-02-28,-0.003216972213304129,0.008302383672326386,3.3802803135161086,2.8083044561362582
2022-03-01,-0.00017905011549510083,-0.027922750990860834,3.3796751281164426,2.7309735404347752
2022-03-02,-0.005256905842615704,0.013334750471436507,3.3619551112272528,2.7676342788037953
2022-03-03,-3.170982793019596e-05,-0.03407956986042926,3.361848505899394,2.674903578977167
2022-03-04,0.000302685118621726,-0.03507051148693385,3.3628662414321204,2.5827192660306983
2022-03-07,0.001387778184920301,-0.011302639289333172,3.3675363936589435,2.553692072745951
2022-03-08,0.007934859285103539,0.002490340702513194,3.3943636154372077,2.5600595613736243
2022-03-09,9.801666642114063e-05,0.04335975710602469,3.394696335949225,2.673504828563961
2022-03-10,0.00278559285090426,-0.005676476471508707,3.404165760651324,2.658371733273179
2022-03-11,0.004959523154083844,0.012499478257190333,3.4210907347703583,2.6918085288650366
2022-03-14,-0.0016609383525019897,0.013014679008541918,3.4154132302593023,2.7270705168208456
2022-03-15,0.0037950573647240905,-0.010489013766909139,3.4283995457121867,2.6986157288391204
2022-03-16,0.009776302501319799,0.031477352620528976,3.462080988491812,2.7849120726913137
2022-03-17,0.002597816885666131,0.0033523053685549087,3.47108653325678,2.7942636142373356
2022-03-18,0.010685033013413095,0.00858730747270009,3.5083740619356325,2.8183621376788257
2022-03-21,0.0037896611631400533,-0.007115239621839464,3.521694835530874,2.798379988918756
2022-03-22,-0.00015632455321522016,0.005033344686253827,3.5211443511873797,2.8125007073758703
2022-03-23,-0.0013855009202904773,-0.0052713934537145235,3.5162691805049375,2.7977139172934176
2022-03-24,-0.0014393486605801915,-0.005174896911626092,3.511211683793442,2.7832734324192936
2022-03-25,0.00032023962633580564,0.0030107982404974365,3.5123362929736466,2.7916659348985244
2022-03-28,-0.002428178774291087,0.005415719789732876,3.5038180586221284,2.806825829164855
2022-03-29,-0.0013717306629547053,0.01983054505047832,3.499015058917815,2.8630422743431954
2022-03-30,0.004497045415834859,-0.010265614125000155,3.5147857226659642,2.8338017299909546
2022-03-31,-0.0023625062376625254,-0.005297844325173884,3.506491820527544,2.8188283878165636
2022-04-01,0.0014872664014271082,0.002732563620678974,3.5117107880345926,2.8265415492747965
2022-04-04,-0.002594912758676251,0.005259984516147398,3.502610017864978,2.8414482842866566
2022-04-05,0.00029915133551270204,0.00126969223661888,3.5036579850721816,2.845058340459131
2022-04-06,0.0026507005309591904,-0.012073376527503399,3.512957452760479,2.810915404870729
2022-04-07,0.0013830569821696671,-0.0029853214620043644,3.517819434517473,2.8025364319713866
2022-04-08,0.003022560541727417,0.006467362236259433,3.528468342109864,2.820720187343053
2022-04-11,-0.0007347632981533561,-0.0027998131920092817,3.525876705309784,2.8128337431885426
2022-04-12,-0.003731804185363608,-0.005008948314676687,3.512743344670592,2.798779631893955
2022-04-13,0.0023516200900526784,-0.0011953875709824757,3.5210137030502398,2.7954360043716178
2022-04-14,-0.0010407531678734306,0.006512125091328258,3.517351103146492,2.813699636301479
2022-04-19,0.003888505031435137,-0.007575416542929148,3.5310549671129907,2.792465220848929
2022-04-20,-0.002895029141820868,0.005793680485631114,3.520847243040566,2.808690829715796
2022-04-21,-0.008217950198465288,0.0035839332812717117,3.4920316604231076,2.8187750500496915
2022-04-22,-0.006098832214591536,-0.013220388665880378,3.470799157786888,2.7817549972609132
2022-04-25,0.002250811518231929,-0.013625801444598906,3.478620070907544,2.7441084208495523
2022-04-26,-0.0020619427925535677,-0.005212775207775522,3.4714547451089266,2.7298412186717043
2022-04-27,-0.00014035537969562368,-0.0026532612814182954,3.4709675419516723,2.722607836931096
2022-04-28,0.002706496463060537,0.008855895139650016,3.4803744274362933,2.746826045117767
2022-04-29,-0.002116686077428439,0.004311803289454019,3.473015358508478,2.7586953894444024
2022-05-03,0.0021441372318537866,-0.009114820135138757,3.480469969043517,2.7336646259116706
2022-05-04,0.005401235546372471,-0.014791558674026817,3.4993196671624482,2.693527045695247
2022-05-05,0.0005834302069286923,-0.006425306467653158,3.501361871643933,2.676275790599052
2022-05-06,0.00011352211899884356,-0.013545825683442203,3.5017593762253387,2.640267854459709
2022-05-09,0.002612696349540194,-0.026224207681432077,3.510920372403989,2.5719289057002586
2022-05-10,0.0028953446240086913,0.0040474256609233095,3.5211004271012385,2.58235969142671
2022-05-11,-0.0038086153539158563,0.013435223636580673,3.5077154153123504,2.617288383385624
2022-05-12,0.004345009373741268,-0.008500276328604173,3.522989630947066,2.5951349972374946
2022-05-13,1.596998839554863e-05,0.022385130310977885,3.5230458934998445,2.65388251459211
2022-05-16,-0.0003593685504101824,0.00011038592341527931,3.521780049070031,2.654175482033562
2022-05-17,0.0030807774414546634,0.007076851954987973,3.5326465997163137,2.673025309030564
2022-05-18,-0.0059419584491686005,-0.0058077993438256925,3.5117180004158324,2.6575459085314557
2022-05-19,-0.0002119282348298214,-0.013138983116729008,3.5109738470751215,2.6228568462471236
2022-05-20,0.0018896154974242575,0.00743836446719115,3.5176145098412883,2.6424393520319924
2022-05-23,0.001889517205489769,0.015517177594336573,3.5242673863628577,2.6837623315941315
2022-05-24,-0.0035783999264964545,-0.01482167534745571,3.5116786853430786,2.6442778137916103
2022-05-25,0.003542583046595961,0.004232845671497287,3.5241411603616677,2.655494355888576
2022-05-26,-0.001609657491458902,0.01566373883294503,3.5184730632132872,2.6974167999135163
2022-05-27,0.002516812229678029,0.006095396834027156,3.527339552212266,2.7139088374305183
2022-05-30,-0.004500139466068236,0.008524144780636789,3.5115016952936524,2.7371414677590757
2022-05-31,-0.00036937882147859615,-0.006293232246049385,3.5102048604622302,2.719970089221078
2022-06-01,-0.002498357447841294,-0.0071318266736675184,3.5014460598688766,2.700640742690677
2022-06-06,0.0003689534367430761,0.011471538482688004,3.502738168775589,2.731799625360731
2022-06-07,0.0026949113845204115,-0.005251068754066779,3.5121904685781433,2.717492354811674
2022-06-08,0.0022521946225052348,-0.004342896592429923,3.5201095193390888,2.7057161564388896
2022-06-09,-8.823224900014666e-05,-0.01176703621379005,3.5197989458609706,2.6740644848397834
2022-06-10,0.0011336623241438664,-0.020133148780029586,3.5237914719750747,2.6207654854172615
2022-06-13,-0.002542947370824381,-0.026427256088560114,3.514842039506651,2.5524130070779227
2022-06-14,-0.00391003103969936,-0.006030570196401186,3.5011257311033077,2.537066820903878
2022-06-15,0.00029235104688920296,0.014129168080728505,3.5021494385097616,2.573167902997077
2022-06-16,-0.001794337817075534,-0.030940736171395145,3.4958710338052112,2.4947712726950573
2022-06-17,0.002456112876140194,0.01053834313522728,3.5044678407070493,2.521201046825225
2022-06-20,0.0012885400194245374,0.004475904848952439,3.5089863983125453,2.532510995060275
2022-06-21,-0.0001233302136795047,-0.003250863441621732,3.5085536609555863,2.524291515093094
2022-06-22,-0.0007142913137992844,-0.0030602525669856107,3.5060484263917284,2.5165783536348587
2022-06-23,0.001881595536266119,-0.010547041585278194,3.5126516017652563,2.490175378480242
2022-06-24,-0.0026796345425516514,0.02277924046341795,3.503251579134579,2.547550684212973
2022-06-27,0.00017814968147269517,0.010160704916804875,3.5038757378827112,2.5735675459722795
2022-06-28,-0.0003640741469996604,0.0016705734431621266,3.502600299503407,2.5778704727456394
2022-06-29,0.0019620189552229774,-0.01628059785199376,3.509479213756972,2.5362409961621526
2022-06-30,-0.001403143919607621,-0.01973245645053545,3.5045583624758296,2.4866852672371724
2022-07-01,-0.002221752344611405,-0.0015977346525222202,3.496780744886541,2.4827153762764818
2022-07-04,0.0024173966137219687,-0.0023636863006029074,3.505244076311016,2.476853945973526
2022-07-05,-0.0012139351310045676,-0.015048347029326337,3.5009915190705794,2.4398604319760686
2022-07-06,-0.0010932566503436853,0.015129019298278479,3.497166128257544,2.4770537674611286
2022-07-07,0.00031227417310470513,0.014998946783579825,3.498258373449562,2.514486992804995
2022-07-08,0.0014780883216118472,0.001984731455859645,3.503432931582221,2.5194825299950137
2022-07-11,0.0024470054830373275,-0.004026495506234795,3.512016348726656,2.509358241289912
2022-07-12,0.00039259198846105614,0.0009551099102385052,3.5133954088947843,2.5117560991411207
2022-07-13,-0.002663261138808799,-0.007645146051261875,3.5040507685691527,2.4926265740983213
2022-07-14,-0.0005973879459579073,-0.012406082648857009,3.501958116002928,2.4618938731947955
2022-07-15,0.0004829642219620041,0.018926267409428377,3.5036498449691647,2.508932059523385
2022-07-18,-0.0025078824536900867,0.009585448831820997,3.494874111852205,2.5330969299431856
2022-07-19,0.0036502391065461504,0.013964496352743438,3.5076545496438523,2.568718492502986
2022-07-20,-0.003026581363517778,0.006059682404629285,3.497054396958147,2.5843313675113952
2022-07-21,-0.004751642401688374,0.015822695159478428,3.4804770609812086,2.625547671539786
2022-07-22,0.0005981909818715623,0.0058482264370489645,3.4825596738097024,2.6409474556649317
2022-07-25,-0.0033042752234166734,-0.0011002772306074604,3.4710713289448125,2.6380432793047794
2022-07-26,-0.0016593684842727315,-0.011896940267966727,3.4653163187367184,2.606844588447741
2022-07-27,5.5386614735502995e-05,0.003585956032132742,3.465508256191935,2.6162093993894247
2022-07-28,-0.0005178012311977718,0.010943441075660587,3.463714276252747,2.6449969629995933
2022-07-29,0.0024017047793161808,0.015477590382468875,3.4720430930602615,2.6862535955834272
2022-08-01,0.002231372422994119,-0.004259074113043937,3.4797991643932673,2.6748369718146336
2022-08-02,0.004197613349031048,-0.010267057642753485,3.4944367157153384,2.6475147657802056
2022-08-03,0.002340743261833324,0.007254514215230046,3.502625875532796,2.6667910347279604
2022-08-04,0.002743969122924654,0.006820255869513403,3.512250171130654,2.68504139726216
2022-08-05,-0.0010461929869110182,-0.005188163004175905,3.508577601076832,2.671147039083967
2022-08-08,0.0031101841175173684,0.0033308747011009388,3.5195069106791927,2.680059129467804
2022-08-09,0.0040720841300095345,-0.010292165753304161,3.5338678585653436,2.652616978503971
2022-08-10,-0.0010648977389847805,0.01917968615702037,3.5301066536776124,2.7039843702130186
2022-08-11,0.0003381787551454184,-0.0025947324782524817,3.531300662634136,2.6969773487513313
2022-08-12,-0.0007805721754301632,0.004612598654983202,3.528545303112195,2.7094461575407682
2022-08-15,0.002345854160652045,0.002151221080664456,3.5368324722372573,2.7152810490524044
2022-08-16,-0.0020574191722997244,-0.002279043270664971,3.529563205827921,2.7090998523324394
2022-08-17,-0.002480668656996858,-0.015331039890069675,3.5208183800024337,2.667883288119822
2022-08-18,0.00041764172696671643,0.00546261891563482,3.5222891277724355,2.682496795505993
2022-08-19,-0.0024460097483497353,-0.012437464353622474,3.5136841025075354,2.649339958144162
2022-08-22,0.0020639285876973322,-0.019727910130283632,3.5209435845240757,2.597586192855578
2022-08-23,-0.0006038645842875434,-0.00991604235093213,3.518818053221235,2.571955704675812
2022-08-24,-0.0004360656559327561,-8.811599956004557e-05,3.5172839520274803,2.571729084212661
2022-08-25,0.006964975147651769,-0.0024530627632408653,3.5418672590219793,2.5654282027475226
2022-08-26,0.0011925548043525533,-0.004590519712873942,3.5460936494383097,2.5536785431660594
2022-08-30,0.005740176352256084,-0.0010438578177929259,3.566507385518207,2.551014256664718
2022-08-31,-0.002167860074720797,-0.004495719166154544,3.5587840711081404,2.5395713542888307
2022-09-01,0.0029299459419557597,-0.030361198441935855,3.569226406324169,2.4636256594206687
2022-09-02,-0.0013544708278014645,0.01925252801829913,3.564395265837009,2.5115162092823056
2022-09-05,0.0033081759942473962,-0.011925579832292144,3.5762064386368047,2.4817428076297987
2022-09-06,-0.00176637393050679,0.010205643245431162,3.5698950965495406,2.5072002732975136
2022-09-07,0.0014340964403165755,-0.0004942977838862106,3.5750183431365996,2.5059612760006997
2022-09-08,6.269755689096803e-05,0.0035447707238294157,3.5752424950793706,2.514860096988874
2022-09-09,0.0002586957193326972,0.016271927965910038,3.576167514652567,2.5561164693884795
2022-09-12,0.0006151547583517171,0.016841968524611062,3.578368087893024,2.59953106996471
2022-09-13,-0.001949667027371164,-0.017926608089151586,3.571398258251592,2.5533455073533915
2022-09-14,0.0014507657328868885,-0.016730012847558484,3.576583280680168,2.510983351982038
2022-09-15,-0.004794027990031393,0.0019664016353395652,3.559478074502816,2.5159258115894145
2022-09-16,0.0014332311502423037,-0.0047342510260097725,3.5645832869586513,2.504042937682886
2022-09-20,0.0012635919973350432,-0.01441410430725476,3.5690903127950913,2.468208284239824
2022-09-21,0.0009090515514730928,0.010020792030337233,3.5723362750312573,2.4930660252605086
2022-09-22,-0.00085689510867546,-0.020677510491124096,3.5692764687044036,2.4420449387597905
2022-09-23,-0.0009145819550014135,-0.019777862611345398,3.5660135651774993,2.394220996060683
2022-09-26,-0.000709991530724644,-0.014001906137899311,3.563482624327376,2.360930944373783
2022-09-27,-0.000177022410719127,-0.023908545249199165,3.5628518638736772,2.30515395035763
2022-09-28,-0.0013442512375544077,0.0009761931175802374,3.5580657134614686,2.30740532448811
2022-09-29,-0.0003766785315201626,-0.0311123204131043,3.5567257188829084,2.2367218556443285
2022-09-30,-0.001699885839657511,0.02225738783693032,3.550684827065716,2.2870636011240495
2022-10-03,0.003093337387143259,0.00676860498105647,3.5616852985043135,2.3025963393900306
2022-10-04,0.004180378481598172,0.03061151678381968,3.5766056557260737,2.3741722401380736
2022-10-05,-0.00021315050870717497,-0.014684552007150131,3.5758433816535504,2.339563314596165
2022-10-06,0.000740576006873189,0.003989163906378934,3.5784925462991484,2.348914856142189
2022-10-07,0.0008839744690955505,-0.015966704219898986,3.5816572408964618,2.3117082512614733
2022-10-10,0.0027340045493945216,-0.01322578719351597,3.5914629063464867,2.2813353851461597
2022-10-11,0.0016859641620714126,-0.013000774915116864,3.5975230912878153,2.2518682203307705
2022-10-12,-0.0022667589424219528,-0.017479053328290917,3.589377609060166,2.2128496924817562
2022-10-13,-0.001990202598838316,0.0189687750970009,3.5822411242952445,2.2552253774330016
2022-10-14,-0.001394723782761538,0.006095048047878748,3.577248369969551,2.2690130600774507
2022-10-17,0.0013574259933576147,0.027219970002416716,3.5821075171118375,2.3316237928590087
2022-10-18,-0.0029548155876926094,0.0015128983916259386,3.5715386721670352,2.3351539724732913
2022-10-19,0.0006356776023831277,-0.016200830443201752,3.573809741064317,2.297627340991338
2022-10-20,-0.0025664950937185496,0.0081591133704908,3.564649335993547,2.316450629197014
2022-10-21,0.006128125477868599,-0.010539085639916124,3.5865610246253565,2.292165553663582
2022-10-24,-0.0009525972149858407,0.007584522492525281,3.583146103362401,2.309616630247378
2022-10-25,0.0014951497600986419,0.02809461140389935,3.5885074504088545,2.375424506830551
2022-10-26,-0.002726405404536553,0.015265731239445302,3.578737049391091,2.411965300270163
2022-10-27,-0.003682479801327641,-0.0013264140401254565,3.5655826577483865,2.40876815646855
2022-10-28,-0.0021873998415675635,-0.00917826434281288,3.557791826745393,2.3867609938569223
2022-10-31,0.0017266210025922652,-0.0014968655734506342,3.563940091170102,2.38319100605566
2022-11-01,0.002833070312483154,0.01695998582203373,3.574051300157913,2.423954589526207
2022-11-02,0.0016570406429343393,0.0012028655457037019,3.579978557919466,2.4268720352820217
2022-11-03,0.002350180812523775,-0.005957018156037108,3.588402049322312,2.4124580891992196
2022-11-04,0.0007552690340504125,0.01272951989237292,3.5911132819980494,2.4433638126147996
2022-11-07,-0.0014746955977489248,0.011815471625515883,3.585821385976988,2.4724045354794395
2022-11-08,-0.0011201776945194992,0.0074240846260096305,3.5818068777449565,2.490828180709914
2022-11-09,-0.0011412960248014252,-0.0026187136313158277,3.577721307659702,2.4843139481772885
2022-11-10,0.00041304240996888834,0.038304551513064666,3.579199363519679,2.581320515617496
2022-11-11,5.709664614855938e-05,0.012258638771237784,3.579403729633487,2.613158739308543
2022-11-14,0.002160948816958042,0.00031099876647644464,3.5871470012820788,2.613971554838838
2022-11-15,0.0021406519935409387,-0.008516328354716052,3.594834059384198,2.591804639110815
2022-11-16,-0.0012556156841931766,-0.01781302654347172,3.590323161926608,2.5460455184502515
2022-11-17,-0.004520090301982015,0.0005178746292138214,3.5741311991567937,2.547364392305259
2022-11-18,-0.0024798128730452724,0.008373810250585478,3.565279003030487,2.5687850996655217
2022-11-21,0.0008727261702525528,0.006734525020068105,3.568391873464853,2.58614303029546
2022-11-22,-0.00012762165200550264,0.0004634898717199576,3.567936498457432,2.587341959221065
2022-11-23,-0.0015452067537081856,0.0040130469931281,3.5624275562067247,2.597745945971965
2022-11-24,-0.0025696331129799765,0.002038933333436077,3.5532851757081385,2.6030479801833266
2022-11-25,-0.00015725704417850222,0.0002762338194930436,3.552726440517957,2.60376712939131
2022-11-28,0.0025800329944743973,-0.013044017197158198,3.561904426617155,2.570024096962336
2022-11-29,0.0021428725733874344,-0.005520026332641592,3.569545317726125,2.555876579529666
2022-11-30,0.0010775496726444763,-0.0011941975890845669,3.573393753182541,2.552826179633012
2022-12-01,0.0004326665020737726,0.012760472626951014,3.574940175476701,2.5856101729951946
2022-12-02,0.0034587914967286297,-0.00237794271250813,3.5873265567636548,2.5794690446464434
2022-12-05,0.00018015382348294672,-0.00174198264058667,3.5879728855764927,2.574979565781141
2022-12-06,0.0009279656920072331,-0.011944029385007937,3.591303946634312,2.544406878178234
2022-12-07,-0.00024430452919308213,-0.008913910384080737,3.590426681978668,2.5218270500793496
2022-12-08,-0.003205724200006696,-0.005646988380368256,3.5789351933886153,2.507626455064036
2022-12-09,-0.001115426699989008,0.0048754733565683495,3.5749453791027395,2.5198821729702146
2022-12-12,0.0011405067116078448,-0.005119851353780902,3.5790249542504453,2.5070137212055763
2022-12-13,0.0006888983066682566,0.014082567703752602,3.5814913879444057,2.5425686766028424
2022-12-14,0.0016544817513689128,-0.0025390914505898365,3.587421804618745,2.536121051232748
2022-12-15,-0.0030607622767716276,-0.007597882411568335,3.5764583461174504,2.5169249190274168
2022-12-16,0.0010423701797799565,-0.016290757333813133,3.5801882832965863,2.4762544815107224
2022-12-19,-0.001135368350734729,0.003249415413680623,3.5761257574980716,2.4843139481772885
2022-12-20,-0.0019138402826498976,-0.005603056916251958,3.5692881690806755,2.4704331195789804
2022-12-21,0.001319399493665308,0.01704993051208703,3.5740005941857333,2.512914959695514
2022-12-22,-0.0027198056684172075,-0.00540054215330521,3.564293214188379,2.499380436305534
2022-12-23,0.0013362962199469765,0.0036177757928630427,3.569059349512355,2.5084390104101018
2022-12-28,-0.001282423765636867,0.002937799268417862,3.564485236584021,2.515819136055668
2022-12-29,0.002443354603892054,0.005860319818161486,3.5732051866242105,2.5306059261381226
2022-12-30,-0.0009944596777719346,-0.007582699246835745,3.5696535444208872,2.5114896704909864
2023-01-03,0.0017747965018553194,0.01481052443464037,3.575994578402355,2.548962964206067
2023-01-04,7.088104183516886e-06,0.013331600915158504,3.576019925514318,2.583172246772774
2023-01-05,-0.0020631238892768826,0.0037216211609933936,3.5686497587752397,2.592803746548818
2023-01-06,0.0036153736864156186,0.002119623179025254,3.5815751121214774,2.598305342063555
2023-01-09,-0.002502350609363629,-0.0012979051423496202,3.5726239595890052,2.594935175749894
2023-01-10,-0.004458475929235751,-0.004548476071432717,3.556730957271864,2.583158977377114
2023-01-11,-0.0017649308912042329,0.00671758643670195,3.5504591092508884,2.600569985589696
2023-01-12,0.00041625473716083483,0.016228896843324847,3.5519373123073787,2.643118693052991
2023-01-13,0.000324825330486786,0.005613999339198372,3.5530912589241166,2.6579988892735273
2023-01-16,-0.0020170647968433325,0.006469345479491295,3.5459316667338823,2.675250144369723
2023-01-17,-0.0007980137557437793,-0.006709981315321301,3.5431030932572822,2.657359356439517
2023-01-18,-0.0022749987449504263,-0.002866527334539626,3.535051700094141,2.6497528705150266
2023-01-19,0.0006360503555088438,-0.016055116497158295,3.537300886206714,2.6075504682600603
2023-01-20,0.0030036281685064253,0.0065433430525772,3.547941595155728,2.624668509031189
2023-01-23,0.0026117572280578384,0.005017166242270221,3.557220068547324,2.6378699966084986
2023-01-24,0.0023670105762985893,0.002703260213412051,3.5656500190268674,2.6450104925794817
2023-01-25,-0.002468150456992809,-0.002587075861262278,3.5568603099272664,2.6381764936298437
2023-01-26,0.002329032688644361,0.0056143855227528405,3.5651540082562643,2.6530298908748313
2023-01-27,-0.0013514679637798726,0.0060024054247627134,3.560339071177629,2.669002340487228
2023-01-30,-0.00035001621434543146,-0.004913434222322266,3.55909311283968,2.6559205376550996
2023-01-31,-0.0009790517528428227,-0.004206980216004297,3.5556102817031916,2.6447706027206697
2023-02-01,0.0014732218334992616,0.0022640379966798463,3.560852344814418,2.650765247348692
2023-02-02,-0.0016309512015499693,0.03536002363990676,3.5550495017673187,2.7461732428880916
2023-02-03,0.0025895387842188432,-0.0010288836213199204,3.5642673701948335,2.743349203270359
2023-02-06,0.001932929549188956,-0.008979893848762188,3.571163510645597,2.718824498062344
2023-02-07,0.0004257610095674809,-0.010857696546782591,3.5726842965499177,2.689464008780699
2023-02-08,0.0002782511011118864,0.005670197497641638,3.573678538207361,2.7047571173721003
2023-02-09,-0.00019580290374205073,-0.0013060268325126856,3.572978870073301,2.70122693775782
2023-02-10,0.0004586993962680118,-0.01226594961861771,3.5746181692679144,2.668296200490684
2023-02-13,-0.002043050827231629,0.004701855600897531,3.5673224979115665,2.680871684813869
2023-02-14,0.0011065706851357071,-0.005296157547471481,3.571272177308867,2.6667108979855385
2023-02-15,0.0014578777463287137,0.007683407879847337,3.5764824525916126,2.6872792418127496
2023-02-16,-0.0016924806335909556,0.00044111457598994264,3.5704344448159446,2.688464901342693
2023-02-17,-0.0007906573513385781,-0.00459890001999419,3.567612570289603,2.6761293068783245
2023-02-20,-0.001176009584847874,0.0004727861783333509,3.563419489746625,2.677394842966461
2023-02-21,0.0014846792076582253,-0.012390863508503713,3.5687139538890933,2.64442429751234
2023-02-22,0.0041175094549849725,-0.00863119072628038,3.5834384606812106,2.621697985692732
2023-02-23,0.0006000334745321846,0.0055838494733926325,3.5855892889314878,2.6363781002414366
2023-02-24,0.0012167561406526087,-0.00476106959577649,3.5899547320179095,2.6238559536851276
2023-02-27,0.0013138400240797882,0.009580020580468585,3.5946744580330168,2.649113337681012
2023-02-28,-0.0013816384739210432,0.0008646108148244736,3.589711346902738,2.651404780182703
2023-03-01,-0.002489046778209082,-0.001644353655146702,3.5807874979859267,2.647048515642471
2023-03-02,0.00017284154533233926,-0.0009516262960058697,3.5814064603202476,2.644530712861858
2023-03-03,0.0009073544583197931,0.0037258072136712173,3.584657540156918,2.6544021024967157
2023-03-06,-0.0033656456519785567,0.006916715377428773,3.572613133065722,2.6728254875429633
2023-03-07,-0.0034623493566767966,-0.005372232901665441,3.560264887588443,2.658504947598245
2023-03-08,-0.0021984797530423296,-0.005255138393414072,3.552446314953564,2.644570781233067
2023-03-09,-0.0023120575900516483,-0.008046573198676299,3.5442423421711977,2.623376434151732
2023-03-10,0.0001432681798276725,-0.01717824324777517,3.5447501556963195,2.5786962974873644
2023-03-13,-0.00038055326197702216,-0.02788887627212233,3.54340144610587,2.507772938784767
2023-03-14,-0.0006661942526579327,0.01605099530834231,3.541041638560003,2.548349970163374
2023-03-15,0.0005249694060989891,-0.02668895409702543,3.5429010651142923,2.4812367493050793
2023-03-16,0.0008266264086070515,0.00709918688596467,3.5458309314834207,2.4989141861678004
2023-03-17,-0.0009001860875835802,-0.015461144052945741,3.542640460034427,2.46057525952401
2023-03-20,0.0013776134315513378,0.0013146619651056568,3.547524212304316,2.4638122115126055
2023-03-21,0.0012424149614446444,0.015238717491962817,3.5519344485662265,2.5016450798316785
2023-03-22,-0.0002248627097369878,-0.0011348209462749281,3.551135840753237,2.4988077708182845
2023-03-23,9.266231011967167e-05,-0.001483191105752013,3.551464912449826,2.495104308507726
2023-03-24,-0.002267829199946517,-0.012690933433296081,3.5434199223984444,2.4636391890005576
2023-03-27,0.0024495072094512485,0.0019338493441392046,3.552110194140918,2.468408105727422
2023-03-28,-0.0004490447054556057,-0.007198174129587898,3.5505154959372325,2.4507038698891543
2023-03-29,0.0018637752139437566,0.012752252234555783,3.5571390291865086,2.4821559801848885
2023-03-30,0.001336595303023238,0.014645694714186419,3.5618966633125457,2.5187763899984685
2023-03-31,0.0005432227949307318,0.0010889927336901195,3.5638320924102525,2.5215208132422338
2023-04-03,-0.0006127071026723876,-0.00258679667779127,3.56164917598699,2.515006580709602
2023-04-04,0.0015149665820368104,-0.0034169771964922546,3.5670490447431256,2.5064275261384354
2023-04-05,2.5219975082101586e-06,-0.011417556341832835,3.5670580408432717,2.4779729983409378
2023-04-06,0.0015989053420922684,0.010460414930889783,3.572765991020314,2.5040296682872247
2023-04-11,0.001916325471278675,0.008428476224697334,3.5796191378244777,2.5252240153685634
2023-04-12,-0.0010233558563976898,0.002455274361865989,3.575957787367859,2.5314317508798445
2023-04-13,-0.0017619200052640417,0.00354060973240955,3.5696627830798078,2.540410448426216
2023-04-14,0.002716192140190565,0.009010084478944691,3.579371852954765,2.5634031888959607
2023-04-17,0.0035211483011354113,0.0022944017956980645,3.5919975675356772,2.56929141817447
2023-04-18,-0.0023598959351704917,0.00048727894656153126,3.5835308213262413,2.5705436848669465
2023-04-19,-0.0023472053970714094,-0.004956234895399092,3.575129402227191,2.5578349862186944
2023-04-20,0.0029964285599228735,-0.0033910008639761458,3.585858087916183,2.549176055089326
2023-04-21,0.0026929520917026166,0.006983310011014154,3.5955276459392103,2.5670400440439853
2023-04-24,0.002739295023680399,-0.0022391219524120487,3.6053903592006487,2.5612985586704395
2023-04-25,5.555102533125802e-05,-0.0005982992749835603,3.6055906478948914,2.5597665939321654
2023-04-26,0.0019444261519572699,-0.00038520227992577816,3.6126082730598426,2.558780755889826
2023-04-27,-0.00025843453450870876,0.0020803003133700315,3.6116747709522192,2.5641093288925094
2023-04-28,-0.00168206569595508,0.009158864903993091,3.605604803188499,2.5877015338250553
2023-05-02,0.003907823835330925,-0.005725487911950822,3.6197224382285715,2.5729280131382617
2023-05-03,0.0010568630953849138,0.002657739824828198,3.6235500115432924,2.579775281483563
2023-05-04,0.0028159332368177044,-0.006252165184244873,3.633768066384201,2.563696416521646
2023-05-05,-0.003565700010496402,0.010729485643999226,3.6208342123770865,2.591351658368741
2023-05-09,-0.0054502862582808745,-0.00906292109349316,3.601153311417304,2.5679725443194577
2023-05-10,6.914851909174344e-05,-0.0001919164668695572,3.6014023344454986,2.567479755390402
2023-05-11,-0.0020731800726155945,-0.000363262711246648,3.5939437130963063,2.5665472551149313
2023-05-12,0.001895344363122782,-0.0040515460951429105,3.6007619334509537,2.556169807155352
2023-05-15,-0.0011978417943671674,0.003662189556647988,3.5964513725159306,2.5655481476769246
2023-05-16,0.0024994934679497174,0.0007214065428424732,3.6054519229519575,2.567399618647976
2023-05-17,-0.0010608138681853076,-0.002972301225931062,3.601629237488372,2.5597798633278273
2023-05-18,0.00020959302750599368,0.00429980459684387,3.6023841929781506,2.5708101135170796
2023-05-19,0.0023754149090024095,-0.00047690033307468127,3.6109515215496177,2.5695843856159244
2023-05-22,0.00011730572216938154,-0.0008193903309390294,3.611375131671031,2.567479755390402
2023-05-23,-0.0020291803505221384,-0.0033782409867839647,3.604054430239189,2.5588208242610366
2023-05-24,0.000723018027712289,-0.014531204575421341,3.6066611688110415,2.5219069266375462
2023-05-25,-0.00033518567573226994,-0.004786540828812136,3.6054524702305772,2.509864559798859
2023-05-26,-0.0010144874575673422,-0.0024818025482193917,3.6017966386318694,2.503643294707685
2023-05-30,0.0006216135249498779,0.0007074601707248718,3.6040362601539604,2.50541514930477
2023-05-31,0.0012277825680623504,-0.0045030357352420225,3.6084639506132135,2.494158538836593
2023-06-01,0.004280856865486092,0.005587148054974733,3.6239443793991333,2.508132773572983
2023-06-02,0.0019085343755548575,0.016931659731783455,3.630867406138144,2.5509611790820728
2023-06-05,0.003042374917547675,-0.0018660991127585902,3.64193068685388,2.5462052715666386
2023-06-06,-0.0005617740154139595,0.005405567575351711,3.639885319399002,2.5600062236067505
2023-06-07,0.00144952373193818,-0.003382817049400799,3.645165245315484,2.551360822057276
2023-06-08,0.001787515063387296,-0.002336712419975129,3.651686860105865,2.545405985616234
2023-06-09,0.002865046337081076,-0.0008324965133432727,3.6621641139105274,2.5432878258108245
2023-06-12,0.002170583615802629,0.005177393528184027,3.6701217806006965,2.556489573572362
2023-06-13,-0.002182038288617988,-0.00011989698644576663,3.662122165259061,2.5561830765510125
2023-06-14,0.0011691584335573198,-0.0006777187205493362,3.666406270183986,2.5544512903251397
2023-06-15,0.002770698088609383,-0.0071228857543417234,3.6765788611102503,2.5363208727203492
2023-06-16,0.0012523510162959022,-0.000446542316021592,3.6811861127294163,2.5351885509572774
2023-06-19,-0.0010681621584059655,-0.00932294843588366,3.6772561083404027,2.5116629531872654
2023-06-20,-0.002697944679876248,-0.005750022491429974,3.667348445958614,2.4972622765001216
2023-06-21,-0.00015374573635316925,-0.009362875988255581,3.6667846501130406,2.4739898379845844
2023-06-22,-0.0007452548220528889,-0.013198202395525271,3.664052979193009,2.441552149830731
2023-06-23,0.0012113997217772991,-0.014603008751132407,3.6684943015177627,2.4061572077340814
2023-06-26,0.0030360062650780116,-0.004861766243108079,3.679648797192058,2.394487424710815
2023-06-27,-0.0009448751815083024,0.004446450518239331,3.6761736304248886,2.405158100296079
2023-06-28,-0.0011320029152145207,0.01963449668956585,3.6720145456505895,2.4528488286701173
2023-06-29,-0.002476214754737803,-0.007747476292287558,3.6629330975013357,2.4339188649306926
2023-06-30,0.0040465866717907355,0.00796469287058521,3.6777855042617933,2.453381685970387
2023-07-03,0.003249138228429597,0.004928973117355184,3.689754571787398,2.4655041895514973
2023-07-04,-0.0021095810987972335,0.0014038272198373392,3.681978939830337,2.4689677620032415
2023-07-05,-0.0021858824333025463,-0.007609623936971843,3.6739393567388463,2.450251149331308
2023-07-06,0.0015844248333570633,-0.02626443437246273,3.679765051460869,2.3867344550656
2023-07-07,0.00021425829990493893,0.004871879459871664,3.6805535561336638,2.3983907085089746
2023-07-10,-0.00018704447169468638,0.0013321493977151988,3.679865193317449,2.4015878523105854
2023-07-11,-0.0002221358530332824,0.006198830988772386,3.6790478541072167,2.416521126113769
2023-07-12,0.00143275648052377,0.02393388654980022,3.684322811724836,2.4750555525851192
2023-07-13,0.0019942383039800804,0.0028055668231683484,3.691677560523613,2.4820092362799318
2023-07-14,0.004234405606981561,-0.003489307544459308,3.7073427636904586,2.4733638347304594
2023-07-17,-9.245115163807619e-05,-0.00878529395854244,3.707000031425679,2.451729776302706
2023-07-18,0.006871245612553897,0.01154976728023449,3.7325594510889677,2.480210842891526
2023-07-19,0.00044386209964411886,0.03713066503151374,3.7342165605008,2.574033796110012
2023-07-20,0.00108024009810076,-0.0005591306018910558,3.7382525905126958,2.572594977325596
2023-07-21,-7.564026390148365e-06,-0.0057747690356730885,3.7382243143783893,2.5577816484518214
2023-07-24,0.0017473449225167423,-0.002894735432066753,3.7447619917786414,2.5503882534105937
2023-07-25,-0.004866180979661917,0.00025592914992600413,3.7265835678229813,2.551041055640267
2023-07-26,-0.0018291085044043506,0.001909392646236796,3.7197734722272635,2.555916647900881
2023-07-27,0.0014542480529615527,0.004519020466981161,3.7251868808221227,2.5674930247860623
2023-07-28,-0.0014565642930475333,-0.0077766278364315156,3.7197648563488146,2.547604021979843
2023-07-31,-0.0007992960010317312,0.001029644867601931,3.716792851088545,2.550228500294204
2023-08-01,0.0014710235740573406,-0.004088076068610391,3.7222643643682387,2.539824253359078
2023-08-02,-0.00027717728164695416,-0.013348042649759861,3.721232780222601,2.5061478280926406
2023-08-03,-0.00042638132194878424,0.0011049513346197415,3.7196464542843986,2.5089185299434997
2023-08-04,0.001012314260730112,0.005343138759602795,3.723413811988183,2.522359907379618
2023-08-07,0.0005418091510582563,-0.003857546018300795,3.7254317382807964,2.5126485310453783
2023-08-08,0.00029629164735275665,-0.0010714857678433276,3.726535716129263,2.5099577057527136
2023-08-09,0.002360833778423539,0.005066316491889822,3.7353438406923667,2.5227062125879476
2023-08-10,0.00322176585353653,0.002984450951055706,3.7473976507800817,2.5302463515341302
2023-08-11,0.0011641597083358263,-0.010271780550967335,3.7517627604856623,2.5043892428912153
2023-08-14,0.0011385024771390418,-0.002039282225279493,3.756036584099859,2.499287290351682
2023-08-15,-0.0006137347102203841,-0.005430069363754342,3.7537320813243475,2.485752766961702
2023-08-16,0.0021892626941920554,-0.004242687560779501,3.761958989079225,2.475228835281397
2023-08-17,0.002192738086172492,-0.01216690850810842,3.7702170303852522,2.4452954203282746
2023-08-18,-0.0005744785515791073,-0.01423786931010973,3.768051743581461,2.4107263029733472
2023-08-21,0.0022698248616296276,-0.01097920837286459,3.7766142751562173,2.384403204376923
2023-08-22,0.002675695876190419,0.006976045445359347,3.786732877512631,2.4010950633815287
2023-08-23,-0.000386491681751483,0.011155688224917526,3.785269619541189,2.4280308958364167
2023-08-24,0.0014471963247507092,-0.0017517537430062902,3.7907516136268455,2.42378130682993
2023-08-25,0.0026376473965101415,-0.0035016448479616713,3.80076347783059,2.4153089277925024
2023-08-29,0.0005684888167607329,0.018448791151541855,3.8029247836437743,2.4602820318983256
2023-08-30,-9.111453512767296e-05,0.005179183271469157,3.802578297705179,2.473057337709111
2023-08-31,0.001780183025216515,0.002216788528849989,3.8093536119031968,2.478545663828186
2023-09-01,-7.88470049304965e-05,-0.0037045822064722955,3.8090532676209565,2.469380674374103
2023-09-04,0.0015688102330346132,-0.000690795270447353,3.8150336391728614,2.467675426939554
2023-09-05,0.0031479344144191438,-0.0017667856576828456,3.8270620372289357,2.463319422583549
2023-09-06,0.0008024768084413693,-0.0021438112175040658,3.830134398342673,2.458044187347738
2023-09-07,0.0011208558637359723,-0.0036866662162289288,3.834429833774245,2.4489988826388296
2023-09-08,0.00024446621883433557,0.004304216689599016,3.8353673369263497,2.4595626225061173
2023-09-11,0.0013689155341290414,0.003201312027384162,3.840621226097758,2.4674490666606292
2023-09-12,-0.0002687127415591068,0.0010738191275283526,3.839589340885365,2.470100083766311
2023-09-13,0.000586082259297486,0.0010348923861869253,3.841840315644799,2.472657694733912
2023-09-14,-0.0011905525537678646,0.018056464529214722,3.837269124507421,2.51771067539793
2023-09-15,0.004047714342661481,-0.005831796599528261,3.852832771127617,2.503070629220432
2023-09-18,0.0014376968010914122,-0.018287739254425617,3.8583759602356302,2.4577111515350665
2023-09-19,-0.0022134277514443516,-0.0012258143687020606,3.849845168438274,2.454700299641166
2023-09-20,0.0029387571183295278,0.015385769220831236,3.8611755688244953,2.4927597884233883
2023-09-21,-0.0008400525276378019,-0.003951748402522881,3.857933340539951,2.482928467159743
2023-09-22,-7.529670145267945e-05,-0.0017075308906715492,3.8576428618211653,2.478692407733146
2023-09-25,-0.0007074324823789526,-0.01034526403673297,3.8549148050270645,2.453181864482787
2023-09-26,0.0005355345022502403,-0.004277409792267761,3.856979797796476,2.442711010385122
2023-09-27,0.0058418286939168115,-0.006373647621350287,3.879577554897997,2.427191541514803
2023-09-28,0.0009218895027153214,-0.006690756519875052,3.8831557458157304,2.4110060010191408
2023-09-29,0.0062111638753912825,0.009934694778031883,3.907349721098628,2.435077985669312
2023-10-02,-0.001382430348476779,-0.016664869727069487,3.9019518142368685,2.3948339901033733
2023-10-03,-0.0008404148555127375,-0.01680023510122375,3.8986739335494307,2.3549362997457637
2023-10-04,0.0007044311860798703,-0.010514552621669893,3.9014212485861672,2.330304919004
2023-10-05,-0.0004317398557639274,0.006103795394171385,3.8997372130978065,2.344572121181844
2023-10-06,-0.0016443052258229309,0.007488977318907075,3.8933301238677167,2.36219648046192
2023-10-09,0.002865342286234713,-0.009075484623672025,3.9045018450649933,2.3408553894756277
2023-10-10,-0.0013204440811733324,0.02226326328749373,3.8993495711071864,2.393554924435345
2023-10-11,0.0004658654715631506,-0.005105482536301054,3.9011665666387985,2.3813658136917004
2023-10-12,-0.0011871674253305458,-0.00226815258413815,3.8965379767692703,2.37597063352648
2023-10-13,0.002441026052257955,-0.02162176029951013,3.906061145907424,2.3251493685133626
2023-10-16,0.0003940798382209456,0.003728598036301989,3.907600749195267,2.33383509861828
2023-10-17,0.0006977723140526932,0.009662382572811268,3.9103283163121683,2.356494803275357
2023-10-18,-0.002597729803709966,-0.016299907798060786,3.9001835223243653,2.31839550630615
2023-10-19,-0.0007414272571132474,-0.011000636276376596,3.8972928916817624,2.293031446776518
2023-10-20,-0.00041211237375651154,-0.010535719155020828,3.8956870999629922,2.26899953049756
2023-10-23,-0.00037078271298767633,0.0015429437118434919,3.8942429142872035,2.272503171320519
2023-10-24,0.003669621437061713,-0.0038117216904662854,3.9085595638428474,2.263857509586815
2023-10-25,-0.004275016645964882,-0.00728785884304628,3.8918860717671566,2.2474188098366827
2023-10-26,-0.0006532153192375726,-0.005205938721186243,3.889344662298516,2.235749286997643
2023-10-27,0.0006304678390668766,0.004939168494217938,3.8917975421728292,2.24681934537388
2023-10-30,0.0004475627698084445,0.008936506734428917,3.8935397557062124,2.2669880462258907
2023-10-31,-0.001348370425303948,0.0038415681820467285,3.888293359687363,2.275713584517791
2023-11-01,0.007872202003332168,0.005999655059481412,3.9190235890497434,2.2894081212083837
2023-11-02,-0.0008084931377644257,0.033270430205257995,3.9158563658828824,2.366858981839273
2023-11-03,0.00040179780748101246,0.012111662975756943,3.917430064518264,2.395699883216308
2023-11-06,0.00018558191521322312,-0.013226735163470948,3.918157136155938,2.3642212341292494
2023-11-07,-0.0025465778919079975,0.0007997487873137032,3.9081919377783274,2.366112773471514
2023-11-08,-0.0032574448985313808,0.004751837884272803,3.8954819302015666,2.3773829135195745
2023-11-09,-0.0007452522769070276,0.0106788739290824,3.892579894931946,2.402906726165597
2023-11-10,0.001720544909206658,-0.010297980797387751,3.8992830183126648,2.3782886148194944
2023-11-13,0.001217141715370778,0.0033885988876427575,3.904031887771588,2.3863613508817187
2023-11-14,0.001144255425032558,0.0341544213266598,3.9085016542282327,2.4692739988403587
2023-11-15,-0.0013346977562200281,0.0075458881294530045,3.90328846562962,2.487977342116634
2023-11-16,6.147754620299201e-05,-0.017554734049499032,3.9035284376029775,2.4446826864698092
2023-11-17,0.0020014153388423247,0.011722989356691471,3.911348842622392,2.4735103184511846
2023-11-20,-0.00012558407655730632,0.0016788670636955771,3.910857670332253,2.4776665013195918
2023-11-21,-0.0020050425850155966,-0.013614416983518396,3.9030240901146436,2.444163098565201
2023-11-22,-0.002652512026305009,0.007201091925011838,3.8926849901321816,2.4618272660322607
2023-11-23,0.0012827076586395762,3.255120262224409e-05,3.897681370744472,2.461907402774685
2023-11-24,0.0008946824423175691,-0.00122912022247057,3.901170118260483,2.458883281485121
2023-11-27,-0.00134859425201596,-0.0010570052188096923,3.895912568610308,2.4562856021463135
2023-11-28,-3.2063000352018796e-05,-0.002802378980458542,3.8957876559667968,2.4494117950096945
2023-11-29,-0.000209028716419155,0.004373931000580811,3.894973409577032,2.4601488175732618
2023-11-30,-0.0015541440771515227,-0.012757262686411863,3.888924761174893,2.428963396111886
2023-12-01,0.003857515176094243,0.009562775029817061,3.9039553191240937,2.452302441789957
2023-12-04,0.008131055493585103,-0.0025781051810334077,3.9358280001348716,2.445988290929158
2023-12-05,0.003810944093901969,0.00684959670225993,3.950855837542902,2.46279983467894
2023-12-06,0.006527543952873006,0.009646317890208422,3.9767295767882542,2.486671737657283
2023-12-07,0.003668248572697123,-0.0025747358767009842,3.9913439976588685,2.4802774500540594
2023-12-08,0.0019401818631426305,0.004464059962829836,3.9990954480728735,2.4913743074058448
2023-12-11,0.002317700352646216,0.0025846363418349227,4.008374902346462,2.497821932775942
2023-12-12,0.004173878818005766,-0.004720398006599069,4.025140337553852,2.4860590037988195
2023-12-13,0.005174201919406212,0.0018042331429111158,4.046021200729643,2.49054848266412
2023-12-14,0.0015056716409337242,0.029575689506348368,4.052117768673161,2.565308257818112
2023-12-15,0.0025638215758321996,-0.0024957117929744754,4.062520004676869,2.558913970214893
2023-12-18,-0.0035445257794889627,0.0006036810086573752,4.048145787731261,2.5604592043488226
2023-12-19,0.005625479654181138,0.004951167797862865,4.070982723631623,2.573167902997077
2023-12-20,-0.0015103013721235836,0.01607937113416824,4.0648389534783105,2.614877256138754
2023-12-21,-0.0010822519880498839,-0.002964260422631426,4.060442153091939,2.6071375558892007
2023-12-22,0.0011392267977860168,0.0030610707030636064,4.065070553501915,2.6151304153932284
2023-12-27,-0.0017936590851758182,0.004564006492586259,4.0577857379625994,2.627093165857949
2023-12-28,-0.0004828634987311955,-8.121513696046634e-05,4.0558268543188305,2.6268798147904615
2023-12-29,0.0011616970382247087,-0.0015021830566421812,4.060541234173415,2.6229367228053166
2024-01-02,0.002571190188139229,-0.00907110692642199,4.070995091621887,2.5992513719189154
2024-01-03,-0.001489121973369847,-0.00954739371759139,4.064937394821582,2.57455338401462
2024-01-04,-0.0005853469789903721,0.002361809372096957,4.062558692248839,2.580641174596495
2024-01-05,-0.0006374659797537376,-0.008382047066957554,4.0599697745529255,2.5591005223068324
2024-01-08,-0.00422574405450836,0.009501648258892104,4.042849579673631,2.5835320815609895
2024-01-09,-0.000466738231683654,-0.005159300896536934,4.040963067497777,2.5702371878455965
2024-01-10,0.0008316063752592462,-0.0007207111179479142,4.044324955837035,2.5683854566903217
2024-01-11,-0.003971777291883959,-0.00897157308336638,4.0282936552687145,2.5454460539874497
2024-01-12,0.004130121382425776,0.004683368325942183,4.044965401498078,2.5573952748722797
2024-01-15,-0.0008472981948949992,0.0001667346477898235,4.041539561174091,2.557821716823031
2024-01-16,-0.00032816431351848964,-0.00039068501619610174,4.040213489715007,2.556822609385028
2024-01-17,-0.0013006282150335407,-0.017284731816868515,4.034962089855224,2.5130083658335947
2024-01-18,0.0036838805793024208,0.004421816373790577,4.04985382117489,2.5241450313723632
2024-01-19,0.0029598598837441087,-0.004050815894915516,4.061858578470738,2.5139408661090643
2024-01-22,-0.002424452304932744,0.010762441815257873,4.052022724175566,2.541143127214088
2024-01-23,-0.003326504164774878,-0.004360601931413299,4.0385660479614485,2.5300863382335117
2024-01-24,-0.0013575170392173903,0.009385783554616722,4.033087345294817,2.5539449718161955
2024-01-25,0.0012127839898056717,0.0026774679331875717,4.0379815762792814,2.560792240161494
2024-01-26,0.00023284279390562118,0.0059594115231185185,4.0389219006608705,2.5760986181485555
2024-01-29,0.0009412699495630283,-0.0013868740407314561,4.042725406256533,2.572528370163063
2024-01-30,0.0004255100108458351,0.001981381328031162,4.044445992425355,2.5776305828868264
2024-01-31,-0.0014365562298413054,0.0004391913782413326,4.038640089590091,2.5787629046498983
2024-02-01,0.0017147514733560367,-0.011785301380154323,4.045571294582697,2.5485497916509763
2024-02-02,0.002227647521329407,0.002161686726289247,4.054593446805983,2.5540649167456
2024-02-05,-0.00040088576082782194,-0.008064728933758758,4.052968343789307,2.53354991068526
2024-02-06,-0.0017818930329856536,0.007996982663177832,4.045752818291098,2.55389189423355
2024-02-07,-0.000806056770049629,-0.003490500405440855,4.0424930258073655,2.5449930732453754
2024-02-08,-0.0028170703869218766,-9.426397580369894e-05,4.031121063744358,2.544753183386562
2024-02-09,-0.001989879774078987,-0.002117041927858665,4.0231075930385805,2.5393715328012325
2024-02-12,0.0012306634577200996,0.007400800254217188,4.0280617323536525,2.558234629193892
2024-02-13,0.0027922733297639337,-0.01469297334067221,4.03932489930184,2.520921348779429
2024-02-14,0.0002081779784808771,0.0042238114088331,4.040165885328152,2.5315917641804635
2024-02-15,0.00265918325409023,0.005023130157185918,4.050923723987085,2.5443402710156984
2024-02-16,-0.0020005992565474274,0.004820963400167244,4.042827550296421,2.5566360572930864
2024-02-19,-0.00040986225742379993,0.0013017851649621548,4.041170887395271,2.559966415419765
2024-02-20,0.006099672952287903,-0.005599314395725585,4.06589603916212,2.5456724142663707
2024-02-21,-0.006483425730888824,0.0004917988579506982,4.039620374364302,2.5469246809588477
2024-02-22,-0.00034034171650267455,0.007529508639800397,4.038245756965163,2.5661741509310487
2024-02-23,-0.002448397750522503,-0.004364919826288727,4.028370619203461,2.55499741702107
2024-02-26,0.0005850850455308468,-0.0027514522076703685,4.030728248250106,2.547977126163723
2024-02-27,0.0048485479617940246,0.0019220821731469329,4.050318882168063,2.5528792572156584
2024-02-28,0.006187957545603151,-0.007863331738739987,4.075459788666001,2.5328838390599255
2024-02-29,0.0015730487304680511,0.0021698148051001453,4.0818757304841915,2.5383856947588868
2024-03-01,-0.0014046416374759439,0.015595497144573756,4.076146182796815,2.578283385116499
2024-03-04,0.007790201435757336,-0.005455517889272343,4.108024189473567,2.5642558126132395
2024-03-05,-0.004868988880685744,0.0011370891148665407,4.088070881011446,2.5671732583690536
2024-03-06,0.0031208184967682945,0.010437745962804001,4.10084893685853,2.5941090908239404
2024-03-07,0.0021220088105310263,0.005673785151328659,4.109560213867633,2.6088693421150735
2024-03-08,0.002127801155371032,0.0009085322805475471,4.1183138505351735,2.6112406611749592
2024-03-11,-0.0006621049827468644,-0.00366459340846248,4.115587996914432,2.601689037957105
2024-03-12,0.0006327190890728395,0.0017955928133392973,4.118192831980373,2.6063648087301194
2024-03-13,-0.0012324955970847338,-6.63868138257584e-05,4.113120304023314,2.6061917862180706
2024-03-14,0.002311245425095973,-0.0039897921983644835,4.122637728824397,2.595814338258493
2024-03-15,0.00014942863195803913,0.0013795463267847197,4.123253814969583,2.5993978556396424
2024-03-18,0.0008247586353481793,-0.0013538872081753084,4.126655906918719,2.5958809454210234
2024-03-19,-0.0024928531026174403,-0.0027595178612358495,4.116381571462895,2.588727440238611
2024-03-20,0.0022478675579100586,0.0026517651864974567,4.125645059700077,2.5956012473752286
2024-03-21,0.002938770663688687,0.01309876209397487,4.137787217139673,2.629824059521827
2024-03-22,-0.00013043975652705215,-0.0008615097897113344,4.13724752038223,2.6275594159956825
2024-03-25,-6.685481418149914e-05,-0.0056333131015957605,4.136970934713676,2.612799164704554
2024-03-26,-0.0023239231977947757,0.008331859750851933,4.1273680944433,2.6346595834112247
2024-03-27,0.0025397021355204035,0.0016721919389137696,4.137863702224119,2.639068925534104
2024-03-28,-0.0026696446292028796,0.0037283961685865563,4.126831808784665,2.648926785589075
2024-04-02,-0.0008306823867925112,-0.008626562000243254,4.1234051457192225,2.6261739349781412
2024-04-03,0.0025751510068093716,0.0020117429347656923,4.134037220355092,2.6314624396096167
2024-04-04,0.003726646134714105,0.006036317647007294,4.14947205640604,2.6473948208507996
2024-04-05,0.000960236493312405,-0.0074395382194598625,4.153458444533954,2.627772506878945
2024-04-08,-0.004392759532296596,0.006503185776960407,4.135253315012201,2.6449170864413993
2024-04-09,0.0018724560569983646,-0.004603936586397239,4.143003648944527,2.6327680440689645
2024-04-10,-0.00020406874425621998,0.0019411200522263528,4.1421582776523005,2.637883526188388
2024-04-11,0.003235873226429372,-0.0007527597969883004,4.155583486144476,2.6358985807080444
2024-04-12,0.0014763287296767516,-0.003325962680579053,4.161723024306812,2.6271462434405928
2024-04-15,0.0008698011611709982,-0.0011313431840296317,4.165344470566589,2.6241757201021336
2024-04-16,0.0033859759647261113,-0.01815467510481028,4.179472131290954,2.576964511261488
2024-04-17,-0.0014208223814185339,-0.00022750090156797853,4.173538060372964,2.576378316194349
2024-04-18,0.0033711050231029285,0.005702378523489315,4.1876312369349025,2.5911117685099305
2024-04-19,-0.0024112292828756543,-0.0030584668040862795,4.1775460615918645,2.5831990457483247
2024-04-22,0.0005732000830404218,0.010674421289138536,4.179941317756209,2.610920894757954
2024-04-23,-0.0004192967344410618,0.010167773159416527,4.178189049397392,2.637603567958365
2024-04-24,-0.0001574466554420863,-0.0040638040555887045,4.177531259290544,2.6269066137660118
2024-04-25,0.00010939521344491363,-0.005971340710306805,4.17798828621215,2.61126719996628
2024-04-26,0.00019426949623635616,0.011271772361277854,4.17880002073687,2.640867318922511
2024-04-29,0.0005530904643286928,0.013059974771115535,4.181111914464928,2.675583180182395
2024-04-30,-0.003339309793863653,-0.00596255403844026,4.167173172341322,2.659677337732531
2024-05-01,0.0025328954565726207,-0.0019452919625848608,4.177741565002996,2.6545085178462315
2024-05-02,0.0012793570570879419,0.006288396372738703,4.183089808583976,2.6712537146177096
2024-05-03,0.0003781921118915007,0.005579733229184924,4.18467211934278,2.6862002578165525
2024-05-07,7.102582407821312e-05,0.012253199902147571,4.184969349683943,2.7193172869914024
2024-05-08,-0.0006211909291418833,0.0038577335945291225,4.182370491962175,2.7298279492760464
2024-05-09,-0.0015411373455569517,0.0019160229686434604,4.175929848836648,2.735063376324875
2024-05-10,-0.0013733629279345499,0.005541964176805081,4.170198717954748,2.7502630787781897
2024-05-13,-0.0032869985820623785,-0.004130483304219723,4.156513784182275,2.738926591751824
2024-05-14,-0.0006593852905777157,0.0028266611167335753,4.153773943537483,2.7466795613970407
2024-05-15,-0.00392113057749484,0.007590471353870143,4.137518344506525,2.7676074798282424
2024-05-16,-0.0010140574587445563,0.0022693753456479726,4.1333247897806675,2.7738953520819516
2024-05-17,0.0015605471454494047,-0.0035071315210597476,4.139780073559862,2.7641839757477067
2024-05-20,-0.0017117249312543854,0.0059294215098084635,4.132699970121552,2.7806226754978427
2024-05-21,-0.0009239198054515375,-0.0043162577768711685,4.128883450119867,2.7686466556374563
2024-05-22,-0.000691008486663273,-0.003533124826825329,4.1260313421442865,2.7588819415363433
2024-05-23,-0.0036047263218151448,-0.0038121071278123253,4.111184903111687,2.748384808831588
2024-05-24,-0.00042731353145565826,0.0067436094923643,4.109428513463529,2.7669814765741165
2024-05-28,0.0019019552729113583,-0.0031632436057904556,4.11725190020081,2.758242668886561
2024-05-29,-0.0022377793237227436,-0.013076974312394185,4.1080487002338195,2.7224080154434938
2024-05-30,0.002685808156476057,0.011414163441557434,4.119096961053175,2.753660044067404
2024-05-31,-0.0006027637991461166,0.0028597985119418468,4.116614866653355,2.7615462280376852
2024-06-03,-0.0002425212797611847,0.00818635061022377,4.1156166210004095,2.7842460010659735
2024-06-04,-0.0006184610226281466,-0.008770194493669337,4.113072059473409,2.7599343867412207
2024-06-05,-0.0012400555121427528,-0.002155018975658507,4.107974782900364,2.7539930798800722
2024-06-06,0.0005953497483725976,0.002053671559314907,4.110421192816189,2.759654688695423
2024-06-07,0.0026116926292664992,-0.007777841070140568,4.1211703802254505,2.738273789522149
2024-06-10,-0.0013441847928432281,-0.005336434814603663,4.115634487136824,2.7237000903229562
2024-06-11,0.0018013605081459143,-0.008798231665153367,4.123054909989712,2.6998414567402773
2024-06-12,0.0006351398857511366,0.011309035220183006,4.125674458415972,2.7305473586682507
2024-06-13,-0.001542691163468342,-0.014813502893183284,4.119314723700192,2.690396509056167
2024-06-14,-0.0006582441610483544,-0.0037503198326689358,4.1166041010594325,2.6803255581179353
2024-06-17,0.0005324858879914142,0.0019512782230073356,4.118796718366773,2.68556072498254
2024-06-18,0.0016132354882727414,0.012334573002700466,4.125446669928526,2.718891105224879
2024-06-19,-0.0014978109428348163,-0.0014121147329504424,4.119272156043802,2.715054428589254
2024-06-20,-0.001507482114756654,0.0057534497304931875,4.1130671051194785,2.7307203811803054
2024-06-21,-0.003161975099968416,-0.0027502370062499892,4.100082229094583,2.723220570789558
2024-06-24,0.003768123103440058,0.005862678357781093,4.115560988288186,2.73923282858894
2024-06-25,0.001026543057446704,-0.009734681709632653,4.119787958060254,2.7126966391092546
2024-06-26,-0.001930516839277466,-0.0032119246653170563,4.111842310104271,2.703997639608679
2024-06-27,0.001435876814257108,0.0016589348868674136,4.117750649950207,2.708487118473978
2024-06-28,0.002479824181961588,-0.002255208296896072,4.127974619170915,2.7023857983122097
2024-07-01,-0.002078910388639994,-0.003154946504274392,4.11940184395434,2.6938733509035733
2024-07-02,-0.0014959617979604016,-0.001365756344267055,4.113243983275893,2.6901966875685663
2024-07-03,0.001755383977545346,0.01644773400247246,4.1204706467888705,2.734810217070403
2024-07-04,-0.00020293240099612402,0.003932964635255942,4.1196345546252475,2.74558730800518
2024-07-05,2.0075072131635232e-05,0.008522332785107167,4.119717257416217,2.7690861067996417
2024-07-08,-0.005637281173552468,0.0005579686329681977,4.096558590169852,2.7706316011178034
2024-07-09,0.0015790310567395773,-0.0073981308230113285,4.1030322931534196,2.75020974101132
2024-07-10,0.005018946992248028,0.013605296646872489,4.123676958644844,2.787882856213999
2024-07-11,-0.0024918602733327295,0.012399022104299107,4.113414123937065,2.8226650644521887
2024-07-12,-0.0008599923323477257,0.0006605051095238679,4.109878140008171,2.824530065003127
2024-07-15,0.0002279103175100326,-0.0006322072327993311,4.11081493038803,2.8227449410103804
2024-07-16,0.0037228501202495735,0.0011461741639280376,4.126147400782068,2.825982153183205
2024-07-17,-0.0022859109245458383,-0.005696458580141339,4.116726167514826,2.8099298270126116
2024-07-18,-0.0033533250067265606,0.006657561061775397,4.102944566719006,2.828699517267192
2024-07-19,0.0003250388929006607,-0.007872027779676216,4.104278400040715,2.80651933214351
2024-07-22,-0.0009342383088418216,0.0033644219644983764,4.100445816481193,2.815977549223281
2024-07-23,-0.0002365481408680356,-0.002235331079491587,4.0994759783578,2.809689937153801
2024-07-24,0.0023231643924948057,-0.006693246630506522,4.109010806176485,2.790946785690544
2024-07-25,0.0032029775873505047,-0.0031743815984182078,4.122192975521606,2.782101302469238
2024-07-26,-0.0020231318509670877,0.022344327207518333,4.113861666127407,2.8449651945052747
2024-07-29,-5.199287376345379e-05,-0.004891119058859417,4.113647780197439,2.8310841057227387
2024-07-30,0.0014489494468911837,0.008452765934196194,4.119612568167811,2.8551160220016976
2024-07-31,-0.00412322562983913,0.00781722383383432,4.1026614467064455,2.8775225674043017
2024-08-01,-0.000563456478631986,-0.0065722639611873745,4.100350426675412,2.8586727404073007
2024-08-02,-0.003619564795979978,-0.02993199000314206,4.085535770098746,2.7743748716153447
2024-08-05,-0.0021216201967076565,-0.02872368239791001,4.076877003449589,2.695818228012711
2024-08-06,0.0013985746235080808,0.006452525320263192,4.082582809237317,2.7132693045965084
2024-08-07,-0.0014037971171193164,0.01017507369257764,4.076855712041082,2.741017952581686
2024-08-08,0.002420555153630778,-0.0032810567332504093,4.086735919114465,2.7320392550353154
2024-08-09,0.0010513903961272522,0.005669299943045658,4.0910349335865765,2.7475719933012956
2024-08-12,-0.002727922654111257,0.0025180149067498547,4.079890114725646,2.754499138204789
2024-08-13,0.00047783180067887445,0.003230243893371565,4.081840081806776,2.7634112285886276
2024-08-14,-0.000700656829326993,0.00998661276700652,4.078981114371726,2.791146607178147
2024-08-15,0.0004892169281556251,0.00674962131020429,4.080977109179919,2.8100495117577906
2024-08-16,0.00013665004244812508,-0.00214976335345618,4.081534812979375,2.804015058942786
2024-08-19,-0.0010439321204148146,0.005146131773242857,4.07727619093044,2.818482082608231
2024-08-20,0.0011973755348529884,-0.008129410935694636,4.082161145669311,2.7956623646505396
2024-08-21,0.0006812798428218237,0.009532147248282996,4.0849431873398565,2.8224384439890384
2024-08-22,-0.0014251195440621377,-0.003901461400179329,4.079125801187121,2.811448262170998
2024-08-23,0.003496129538449289,0.004010048491418061,4.093411911887008,2.8227449410103804
2024-08-27,-0.0009711067404159764,-0.0012939485025711406,4.089438701506011,2.819094816466698
2024-08-28,0.0017447563770956805,-0.004508720548527023,4.0965800038640054,2.806412916793996
2024-08-29,0.0007570999507530204,-0.001700830912653828,4.099682698760058,2.801643739882901
2024-08-30,0.00014268850337074458,0.002630749287245493,4.100267718085413,2.809023865528465
2024-09-02,0.0010555782114432986,-0.005039590384113168,4.104598156505832,2.794903147071346
2024-09-03,-0.0019497956894885874,-0.00822709088355289,4.096602825876782,2.7720035525554567
2024-09-04,-0.000951466323721232,0.0,4.092706899961364,2.7720035525554567
2024-09-05,0.0016169094144737066,-0.002217869082365098,4.099329789141622,2.765862424206707
2024-09-06,0.002249090828871883,-0.013016314561886233,4.108559929996656,2.7300943779261795
2024-09-09,0.003999861633651224,0.007626760530529353,4.1250265112996845,2.750995757566059
2024-09-10,0.0009789425245317913,0.0002517354819993045,4.129066652376721,2.7516883679827187
2024-09-11,0.0006565846421998664,-0.005767873317173766,4.131778624349438,2.735862662275277
2024-09-12,-0.0015085902905840158,0.007688035810225813,4.125550162513678,2.7569771327984203
2024-09-13,8.125536224817473e-05,0.009598238863572917,4.125885399206311,2.7835666600449804
2024-09-16,0.0005276235117995517,0.00163534854138625,4.1280628877464824,2.7881224858885822
2024-09-17,-0.0012989298066945253,0.0007164316415106953,4.122704304782671,2.790120700764593
2024-09-18,0.002793146290234653,-0.005232136814271371,4.13423571798229,2.7755605311452873
2024-09-19,-0.0008633187780589093,0.01559146006218981,4.13066809487363,2.8191746930248884
2024-09-20,-0.0038435434536950998,-0.01575945830910186,4.114822164326928,2.775094281007556
2024-09-23,0.0010485859886107708,0.000638187026947179,4.11913917217548,2.7768658754204076
2024-09-24,0.004005547052455179,-0.0036044561894978955,4.135671666683062,2.7668748010403754
2024-09-25,0.0014347544710974934,-0.0007079611016820309,4.141609598816553,2.7649166545355794
2024-09-26,0.003154614713510617,0.01221109921656982,4.154695410890193,2.7988863074277
2024-09-27,0.0011464140350749487,0.0108968543511061,4.159461143249979,2.8295521409844677
2024-09-30,-0.003273015209703121,-0.008861895703162759,4.145869418758036,2.804587724430037
2024-10-01,-0.00040777238543476216,-0.00660030680390733,4.144179192332699,2.7861375404082387
2024-10-02,-0.0008195580570456651,-0.006278348980210069,4.140784188277275,2.768699993404329
2024-10-03,-0.0012241927414087261,-0.002104869128315201,4.135718171853194,2.7628783712883584
2024-10-04,0.0005983833553446394,0.007684919401970802,4.138193657340418,2.784192663299104
2024-10-07,0.001882579181474613,-0.0022465487358740432,4.145991472267637,2.7779448594166087
2024-10-08,0.0008884378940641726,-0.01070292098134118,4.149676564945662,2.7483712792517028
2024-10-09,-0.0003099191596218899,0.009224893837375348,4.148390699939345,2.773842014315075
2024-10-10,-0.002764513958343374,-0.0054899151558576165,4.136938253462583,2.758655581257422
2024-10-11,-0.0006220438780855477,0.0027246461645891173,4.134365696552589,2.7661821906237165
2024-10-14,-0.0002669399065634902,0.0025154504555082724,4.1332622166478155,2.7731491437141917
2024-10-15,-0.0015998100172576846,-0.001095792068575463,4.126655068849477,2.7701120132131956
2024-10-16,-0.0018910257009201797,0.008862031988959629,4.11885883182101,2.7947699327462803
2024-10-17,-0.0018122512296415323,0.0057699416500476275,4.111401184444705,2.8109422038462806
2024-10-18,0.000846559250463822,0.002305262201231173,4.1148832028092395,2.817429637403356
2024-10-21,-0.003934523774739175,-0.011556094405117179,4.098724905464883,2.7850585564120416
2024-10-22,0.0016720755955735964,0.002059409255686262,4.10558401623006,2.7908000417855883
2024-10-23,-0.0019624398088864408,-0.005734815918520653,4.097534955199969,2.774841121753078
2024-10-24,-0.001419028227380261,-0.0018885305525238039,4.091724560967581,2.7696056947042496
2024-10-25,0.0005619396949004357,0.0014083361696179963,4.094024509574674,2.773508978502407
2024-10-28,0.001130786610937928,0.0007297668671011337,4.098656596132105,2.7755337321697375
2024-10-29,0.0026067750937946678,-0.010241747982906446,4.109354809925441,2.747252487068519
2024-10-30,-0.0017205214753790565,0.003451318865863584,4.102290655482331,2.7567505123352687
2024-10-31,-0.0034861014801131633,-0.014853076878639015,4.088014552386472,2.716106873794127
2024-11-01,-0.0022654879907185394,0.004438573744147689,4.078763687330624,2.728189309004025
2024-11-04,-0.0016649471508164155,-0.0008987781802360928,4.071978411480822,2.7257383735701723
2024-11-05,-0.0030321848097219824,-0.004472105060033371,4.059650120669751,2.713575801617854
2024-11-06,-0.0014102680072320339,0.003758231826431313,4.05392896111637,2.7237932362768094
2024-11-07,-0.00017511558784051996,0.00918660442219732,4.053219117117469,2.7489309355275173
2024-11-08,0.0015537583715924518,-0.005710371564818573,4.059521735357553,2.7332782523321297
2024-11-11,-0.0016484942613412931,0.00997062712248109,4.052835149986083,2.7606670655290877
2024-11-12,0.0008605707565045593,-0.014371565546735354,4.056324402556117,2.721275693680425
2024-11-13,-0.00336795654095579,-0.003363896692089696,4.04268585815668,2.7121369828334343
2024-11-14,0.00024148061801343882,0.008003641496760139,4.043662206315976,2.733931054561806
2024-11-15,0.0011695681011290708,-0.0022537496154075853,4.0483943113643654,2.7277763966331636
2024-11-18,0.004414127044621747,-0.003973347307574926,4.066303936782386,2.7169594975114046
2024-11-19,-0.0003321511525769763,0.0015775041240164711,4.06495353352447,2.721248894704875
2024-11-20,-0.000947875435102783,-0.008988899460957711,4.0611022894633795,2.6968974721931356
2024-11-21,0.0004073424085375288,0.005178008024024905,4.062756885622,2.7108982457208497
2024-11-22,0.0028098601837527725,0.011326276439181271,4.074188717834766,2.7417771701608777
2024-11-25,0.002135775011072821,0.008110255313560799,4.0828995671846595,2.764104099189515
2024-11-26,0.0017517365965741528,-0.008742083967771208,4.0900579997903,2.7400453839350023
2024-11-27,0.0049265262686642355,0.0015982588693770339,4.110257493780933,2.7444281872665566
2024-11-28,0.0007617877127020752,0.007794237868058218,4.113389830372021,2.7659024925779216
2024-11-29,-0.002158769215983968,0.00042368870978570783,4.104519548922973,2.767074622527974
2024-12-02,0.001378859068472692,-0.00012036388650393803,4.1101830065824,2.7667415867153045
2024-12-03,0.003455259945306585,0.005933491854671402,4.124409320946237,2.783206825256762
2024-12-04,-0.00047565060273433725,0.005370210657931196,4.122448009653232,2.7981934368268124
2024-12-05,-0.001617568405265522,-0.00019519022158043242,4.115785058343047,2.7976473101308827
2024-12-06,-0.0012180287900665904,0.0027532234938885125,4.110774965486342,2.8053604715891183
2024-12-09,-0.0038101725564686243,-0.00046067966370344493,4.095142004578851,2.804068396709661
2024-12-10,-0.0016265776348524524,-0.0035885163165154665,4.088486352617406,2.7940239845627475
2024-12-11,0.0007900633905647602,-1.90901281733602e-05,4.091717792360464,2.7939706467958767
2024-12-12,-0.002375145412011249,-0.0011688235572400174,4.082010899822635,2.7907068958317347
2024-12-13,0.0018366401776214077,-0.002858670931876972,4.089514974079451,2.782740575119023
2024-12-16,-0.0006404949663890293,-0.0036544501240172167,4.086896498973159,2.7725897476226007
2024-12-17,0.0020451209449996064,-0.013062390000696311,4.09526324919514,2.7366086104588083
2024-12-18,-0.0009293346463932167,0.002872756986082692,4.091459147087295,2.744481525033429
2024-12-19,0.0019091986085259314,-0.009882650659722714,4.09927801671025,2.717492354811674
2024-12-20,-0.0021783361872903958,0.002511565728429588,4.0903581298480365,2.724326093577081
2024-12-23,0.0024696445828225155,-0.0015463553321950485,4.1004723447625855,2.720116572941803
2024-12-24,7.656501865047473e-05,0.007435904538867888,4.100786309523344,2.7404184881188813
2024-12-27,0.0006102007413572223,-0.004033146212815808,4.103289375978399,2.7293882379296295
2024-12-30,0.0016929325763572868,-0.004113130040876101,4.11024185160896,2.7181849652283314
2024-12-31,0.004676076446521117,0.010627196388821147,4.129506663484112,2.7472256880929695
2025-01-02,-0.0012536575353242511,0.0008530497659915426,4.1243329200670855,2.7495702081773037
2025-01-03,0.0031398760090244338,-0.002367060767575424,4.1373031658819235,2.743069505224567
2025-01-06,-0.000816226971079707,0.0010338209170388524,4.133927565265941,2.7459068142379564
2025-01-07,-0.0005553939202553581,-0.012806765877428461,4.131632244492019,2.7109648528833796
2025-01-08,-0.0035002767079643448,-0.019761213120942145,4.117195669124664,2.657918752531104
2025-01-09,0.0021803092300387095,0.002647847731651609,4.126182222016056,2.664965842364003
2025-01-10,0.00032655259124292845,-0.013649232700364777,4.1275298575375565,2.6288382214794837
2025-01-13,0.0019316920727279045,-0.0007857590300464068,4.1355106800074,2.6267733994409443
2025-01-14,0.0019685228845796265,0.002426277150478384,4.143659545402965,2.6331544176485036
2025-01-15,0.0007201218379695195,0.028296164021675452,4.146644559788747,2.7087267481485626
2025-01-16,0.002994152200126678,0.009500484560168942,4.159078850510647,2.734583596607249
2025-01-17,-0.0014994379421792584,0.0033897176798109996,4.152847242999599,2.7438687911749673
2025-01-20,0.0004832981375878142,-0.005389016229541355,4.154854791420957,2.7291218092794964
2025-01-21,0.00018569410781452416,0.005306421237074588,4.15562639511346,2.743642170711817
2025-01-22,-0.0011256141596263558,-0.0007479326898103267,4.150951394817874,2.7415908782531675
2025-01-23,0.0036660287794332154,-0.002914813194289323,4.166196830121004,2.7336112881447976
2025-01-24,-0.0021597412925535944,-0.0001121279409534992,4.157208632378765,2.733304791123452
2025-01-27,0.0002572847616191851,-0.00726872034832482,4.158278356416694,2.7135091944553174
2025-01-28,0.0035844635541568384,0.010693983450824618,4.173210299147963,2.7426831316450255
2025-01-29,-0.0015512652140043028,-0.001399856445724268,4.166741561840962,2.738846455009401
2025-01-30,-0.002247668574339794,0.01186531914307487,4.157386625112106,2.7715373024177246
2025-01-31,-0.004014060897196643,0.006964382247000245,4.140732070586217,2.7909067173193347
2025-02-03,-0.0019216625050551407,-0.011458888547071666,4.13278262154807,2.7591085619994944
2025-02-04,0.0023919733568005847,-0.0028284731230687754,4.1426799598340045,2.7513155239830653
2025-02-05,0.0009969779410947369,0.005292608308490543,4.146812179894825,2.76591576197358
2025-02-06,0.002136424897249038,0.010072886526485192,4.155681003094175,2.7939173090290037
2025-02-07,0.0033919099662648904,-0.007912691638273017,4.169800631622296,2.771897137205943
2025-02-10,-0.002110903324811628,0.008541927146296757,4.1610078692058945,2.795675894230429
2025-02-11,0.0033767474015095698,-0.003178619700110019,4.1750822912263486,2.786803612033575
2025-02-12,0.000303574731211142,-0.0018755523166671395,4.17634993311298,2.7815817145646307
2025-02-13,0.0029171030283798322,0.0017034695796471766,4.188550562745502,2.7863240925001795
2025-02-14,0.0026096269620185407,-0.0001482034951560962,4.199495391975218,2.7859111801293173
2025-02-17,0.0020516988572306773,0.0012281088921017869,4.208120336741004,2.7893346842098494
2025-02-18,0.0021075787091317287,-0.002730714340009044,4.2169986341370995,2.781728198285359
2025-02-19,0.0033210664134862436,-0.008357891107269921,4.231026848088088,2.758575704699225
2025-02-20,0.0015068296590415638,-0.004598198660865194,4.237407090593092,2.7459203438178488
2025-02-21,-0.002074036019488342,5.334452401051237e-05,4.228627663229409,2.746066827538578
2025-02-24,0.00474149063464726,-0.006301984565258323,4.248725270347579,2.728815572442378
2025-02-25,-0.0005250667060497419,-0.001763852259969667,4.24649499173873,2.724006587344301
2025-02-26,0.0027319975138585012,0.007192258171437871,4.258112267457201,2.7436689696873673
2025-02-27,0.003935412253403606,-0.008836854509127079,4.274902711640691,2.7195303778746625
2025-02-28,-0.005556100871502484,-0.004334638349289932,4.251216782596986,2.707767709081769
2025-03-03,-0.0024806534323328967,0.002746362529462587,4.240684056516415,2.7152144418898696
2025-03-04,0.003611147843776266,-0.021412709819145448,4.256025477000488,2.6576923922521813
2025-03-05,0.00047746640634078953,0.008842731303342788,4.258058071399443,2.68129786658039
2025-03-06,0.00035997582921852805,0.001558842990604603,4.2595911453027755,2.6854808484243446
2025-03-07,-7.337965714515355e-05,-0.0014892701151492105,4.259278589432716,2.6814844186723277
2025-03-10,0.001726713220101454,-0.0126938257821827,4.266639495339054,2.6476612495009357
2025-03-11,0.0009643592980965572,-0.005296970122369515,4.270756053409507,2.633673745368886
2025-03-12,0.0005846305743352064,0.005865395606004853,4.273253597973175,2.6491666754478875
2025-03-13,0.0009458652641112335,-0.010001341357977367,4.277297432275948,2.6228035084802483
2025-03-14,-0.00040993468122253697,0.01547246161416993,4.27554437905976,2.6637003062758673
2025-03-17,0.0012089070925203125,0.001614091134594986,4.280716240504111,2.6680032330492263
2025-03-18,7.237613645080874e-05,0.0034840742612480824,4.28102607341896,2.677314966408265
2025-03-19,0.0032611758342522145,0.0012232466136765652,4.29501004189182,2.6805919867680728
2025-03-20,-0.0010770019663014045,-0.0012133341976472423,4.29038679769985,2.677341505199585
2025-03-21,-0.0010307035069671584,-0.009322853362887074,4.285966959144049,2.6524970335745657
2025-03-24,0.002076257378013193,0.0005472921702462941,4.294874974130723,2.653949121754643
2025-03-25,0.0013171760933404194,0.0029470459435554375,4.300535808109687,2.661781967958054
2025-03-26,-0.000767233457406652,0.0028985238963841198,4.297237558578417,2.6695083988119483
2025-03-27,-0.00020230715226245697,-0.006232203005831494,4.29636828461848,2.6529232153410853
2025-03-28,-0.00087734963528687,-0.0024987240016702827,4.292600520535817,2.6463025674589438
2025-03-31,0.003791881188300122,-0.019802123898370994,4.3089084510258395,2.594415587845287
2025-04-01,0.002136131731969747,0.005907927279112712,4.318122685003264,2.6097885729948795
2025-04-02,-0.003276056807192354,0.0029917693471386286,4.303999416732898,2.617608149802633
2025-04-03,-4.725727531275218e-05,-0.022599957442343666,4.303796026253393,2.5591137917024933
2025-04-04,-0.007064854410348067,-0.044988523687196746,4.273497487321322,2.44653441762509
2025-04-07,0.003523989868077511,-0.03322703733995702,4.288583815589411,2.3665790236092494
2025-04-08,-0.005324314387610565,0.0323444907182342,4.265810726418972,2.444376189448464
2025-04-09,0.0164798437247159,-0.02531052082949259,4.336693081406516,2.383284152009515
2025-04-10,0.002964539604993843,0.034435438275044916,4.349568455149147,2.466782995035294
2025-04-11,0.004908518210843444,-0.00013501726606435227,4.370970875233252,2.4664499592226288
2025-04-14,0.00044594912078854123,0.024730925077552257,4.372920540545509,2.5282080682869137
2025-04-15,-0.0015773216202492172,0.01513375957538976,4.3660284753639065,2.566760345998192
2025-04-16,-0.0032922843446546593,-0.00010897522497010925,4.351677904208839,2.566480647952398
2025-04-17,-0.00180163103608811,-0.000820483116847015,4.343844844498059,2.564375757542644
2025-04-22,0.006591742391987263,-0.0006132155756475299,4.372572930753665,2.562803724433161
2025-04-23,-0.003261114848691714,0.012649557922776111,4.358336693860666,2.595427964678949
2025-04-24,0.001931505239401035,0.0010926980888452675,4.366762979107313,2.598265533876573
2025-04-25,0.0005486762409461807,0.005384200764304126,4.369159575621452,2.6122928461956056
2025-04-28,0.003151836270781913,0.0062833016876009395,4.382952175835486,2.628758344921289
2025-04-29,0.0009384664696267023,0.003864073669632262,4.387067360169715,2.6389357112090344
2025-04-30,-0.0030939362550290294,0.003773865856352643,4.3735150292455645,2.64891351619341
2025-05-01,-0.0009124249251998115,0.012514051155759987,4.36952634508629,2.6822704352270703
2025-05-02,0.0036505205370303113,0.005225953368032776,4.385506541016433,2.6963245465216574
2025-05-06,-0.0007129902836803615,0.005518206794546288,4.382380831896201,2.7112445509291776
2025-05-07,0.0022535274203088714,-0.0007618673490572547,4.392267783341062,2.7091797288906374
2025-05-08,-0.00016485823390399094,0.0058929734569925785,4.3915437415152345,2.725191986690017
2025-05-09,0.00023477769444333317,0.002304655736947936,4.392574899071575,2.7314798589437213
2025-05-12,0.0018583758141044505,0.005980791713696476,4.400745543738385,2.7478652209269825
2025-05-13,0.0017274148877336375,0.006393261668634409,4.4083540267192,2.7654893200228288
2025-05-14,-0.0009058068178510585,0.002881262250816974,4.404362717536733,2.7734689101311987
2025-05-15,-0.0011674497614464297,0.0012097221950657655,4.399223845603891,2.7768260672334257
2025-05-16,1.0883788707704341e-05,0.006098002507732403,4.399271726087264,2.793810893679486
2025-05-19,0.002054752041338723,-0.0005342362907398979,4.408320431886561,2.792318737128198
2025-05-20,-0.0011145448811462275,0.006434107971799108,4.403409897928319,2.8103427393834775
2025-05-21,0.00011300954509258659,-0.006978139163040353,4.4039075533971195,2.7908000417855883
2025-05-22,-0.0003381974723604683,-0.007185763199146322,4.402418414819697,2.7708178930255176
2025-05-23,0.001493934922310484,-0.004384661862035344,4.409000256629749,2.7586953894444024
2025-05-27,-0.0002333332757240732,0.011040462759282832,4.407971610170593,2.7893214148141885
2025-05-28,0.0023077616096244804,0.00036288150694296917,4.418155904770981,2.7903337916478503
2025-05-29,-0.0025673209941539316,0.0024509185048220417,4.406827628244479,2.797181059993149
2025-05-30,-0.0022370622767838933,0.0014467560824904524,4.396980299048083,2.801230827512035
2025-06-02,-0.0017625998519350174,4.755450936677619e-05,4.389237008390214,2.801364041837106
2025-06-03,0.001454324811644466,-0.000532702550813724,4.395625028677984,2.7998721454700415
2025-06-04,-0.0007214517735866831,0.004803374316484366,4.392454940875257,2.81335333109315
2025-06-05,-0.0018993690402970655,-0.0023513397885661647,4.384119966051997,2.806745952606661
2025-06-06,-0.000599906777425667,0.004163267086882527,4.381490691509978,2.8184555438169108
2025-06-09,-0.0010325804241557545,0.006059863505095464,4.376968785011149,2.835586853983703
2025-06-10,-0.0017656680332696043,0.004855247376385208,4.369247329914077,2.8493878060238114
2025-06-11,-0.0022620909058123574,0.0018216642900181768,4.3593748656794435,2.8545831647014306
2025-06-12,-0.002128358784663856,-0.0019526147393396087,4.3501064186775,2.849014701839935
2025-06-13,-0.0011804183018954127,-0.0100282061026018,4.344974502945223,2.820586973017987
2025-06-16,-0.00278283209109998,0.005214625874010892,4.3328999769448835,2.835333694729228
2025-06-17,0.0005732583582788942,-0.002205982915558735,4.335384560158259,2.829085890846731
2025-06-18,-0.0030036641626853995,0.002501972805251995,4.322382058273631,2.8361730490508426
2025-06-19,0.0002813065092387685,-0.010211553446479726,4.323598143520369,2.8073586864651277
2025-06-20,0.0009885571065385386,0.0035289278140524516,4.3278743804949436,2.81728315368263
2025-06-23,0.005242171567842371,-0.0013011747893845182,4.350621410346776,2.81361975974328
2025-06-24,0.00017645117331411696,0.009668520940428138,4.351389150331597,2.8409552351733676
2025-06-25,-0.00041511626977613816,-0.0013231555492403402,4.349583192766285,2.837198695280168
2025-06-26,0.003003035660199039,0.008262290067282407,4.362664778604493,2.8607375624458413
2025-06-27,-0.002231269701321061,0.011173854382729331,4.3529413486983035,2.8928822831582344
2025-06-30,-0.0007094883367100282,-0.0041391133001997815,4.349854082900061,2.880933062273405
2025-07-01,0.0029306175002139366,0.00539082629953036,4.362620539061629,2.8965056087263727
2025-07-02,0.000710888821102464,-0.013459840343395868,4.365722979848141,2.8577803085030413
2025-07-03,0.0008993947255880681,0.011590862339158292,4.369651254339472,2.8910971591654904
2025-07-04,-0.00011351805658106108,-0.0067175085099933085,4.369155248174503,2.871741273843773
2025-07-07,-0.0009753355202416524,-0.000872511107900209,4.364895933335685,2.869236740458815
2025-07-08,-0.0007518465148811296,0.002003665752258854,4.361615434910574,2.874991495228027
2025-07-09,0.0016210206815142915,-0.000639580840624987,4.368691437359059,2.873153293652636
2025-07-10,0.0007978136243137283,0.005861838740583991,4.372178229628449,2.890044713960615
2025-07-11,0.0009585161380455007,-0.0037590529855862087,4.376371042138172,2.8792012760475325
2025-07-14,0.0003899993412377371,0.005145598999360956,4.378078156826782,2.894054673292519
2025-07-15,-0.003105009174260356,-0.001580124415568207,4.3645052668629125,2.8894853178690223
2025-07-16,0.0018246715995604336,-0.004093084803360014,4.372476325740277,2.8776825807049207
2025-07-17,5.7317420056711725e-05,0.007586222469454285,4.372726951985084,2.899596337178465
2025-07-18,-0.0011716132461107758,0.006041529578020288,4.3676068071669505,2.9171673586916675
2025-07-21,0.003846379815566807,0.005201429907382149,4.384438631876056,2.9323803305406466
2025-07-22,-0.00013941866850373076,-0.0035588165642881364,4.383827401889289,2.921963074394086
2025-07-23,0.002841867202210578,0.003604244266108836,4.396303376337623,2.9325135448657145
2025-07-24,-0.0040586754333339576,0.006425375210678652,4.378496368703146,2.9514167096295907
2025-07-25,0.0032461313958539423,-0.001689520081654905,4.39273263713011,2.946434441835233
2025-07-28,0.001636960099920657,-0.007542580349033656,4.399929253866911,2.924294325082762
2025-07-29,-0.0002850892059937313,-0.0072557882958630415,4.398675060316513,2.9031530555840708
2025-07-30,-0.005097328170342166,-0.0007574071469242938,4.3763106178946956,2.9009550192204596
2025-07-31,-0.0011660265277865505,0.008514167777212478,4.371210697519449,2.9257596826585006
2025-08-01,-0.00044483664805394216,-0.012070110673500167,4.369266655227513,2.890657708003307
2025-08-04,0.00031148378351182783,0.00735557169466361,4.370627822916281,2.9119985388053724
2025-08-05,-0.0006935208229511489,0.0019286140500511806,4.367597752341686,2.917620079249515
2025-08-06,0.00010357874326502894,0.0011043805524586503,4.368050166057778,2.9208440220266785
2025-08-07,-0.0013821475013595344,0.0005562292114049683,4.362017046725792,2.922469132718807
2025-08-08,0.0006652521049460766,0.0009340110694040504,4.364919853189937,2.925200026382683
2025-08-11,0.0006664137242386602,-0.0031517747492699755,4.367829665146927,2.9159949685573863
2025-08-12,0.0011217311714207057,-0.0021403359516511955,4.372731944839713,2.9097604340705536
2025-08-13,-0.0008299567114928049,0.0004073936869026795,4.369104272228386,2.9109460936004985
2025-08-14,-0.0011343134758220867,-0.002286214957377908,4.3641511481039315,2.9042986467427996
2025-08-15,0.0013769605271769319,-0.0019972504996808027,4.370164551128676,2.898503823602377
2025-08-18,0.00025321484781904027,-0.0003953134710830142,4.37127128179484,2.897358232443649
2025-08-19,0.00013340937081708594,0.003841014435987944,4.37185448924802,2.908508427562304
2025-08-20,6.322695748370129e-05,0.002406248666240174,4.3721309170446885,2.915515449023991
2025-08-21,0.0009569241584970319,-0.0031164255046984835,4.376316717170539,2.9064436055237652
2025-08-22,0.0015203511849819686,0.011819180187822909,4.382975315898984,2.940999193298802
2025-08-26,-0.0004593445213754961,-0.009832026096342261,4.380962482527686,2.9122248990842943
2025-08-27,-0.0017229314561363835,-0.002574038995163619,4.373420883153379,2.904738358089211
2025-08-28,0.0009444427841946701,-0.0027830302114253413,4.377553280047769,2.8966656220269886
2025-08-29,-0.0014256905520295244,-0.006399138476284705,4.371316690475185,2.878188639029637
2025-09-01,0.0035583910149187326,0.0012951153311835384,4.386899252491884,2.8819186401315204
2025-09-02,0.001011372114241559,-0.022002580841032682,4.391338284442025,2.819201492000443
2025-09-03,0.0005000080887571261,0.007072221715031191,4.393534538131263,2.8392101795518383
2025-09-04,-0.0006652458281000476,0.007553572848273404,4.390612729577388,2.8607375624458413
2025-09-05,0.0018238097685634616,0.0046829500115137535,4.398627678613078,2.8741656704863043
2025-09-08,0.0007461497152756695,0.00503930793655627,4.401910938152337,2.88868603191862
2025-09-09,0.0015137027786655734,-0.004057230542425572,4.408579168557062,2.8769897101040334
2025-09-10,0.0024766891313115426,-0.0029027820041331864,4.419511380925959,2.8686505453916777
2025-09-11,0.0012360873823762616,0.007388834387203502,4.424977660884033,2.889925029215436
2025-09-12,0.0006012242972966346,-0.003157973629239308,4.42763886487884,2.8808131173439993
2025-09-15,0.0001475913311401885,0.000979812370401234,4.428292394219161,2.8836371569617323
2025-09-16,0.003916826725994304,-0.007172242053249178,4.445671261006108,2.8630290049475335
2025-09-17,-0.0002919662093722456,0.005933459473226321,4.444373464685472,2.880067169160468
2025-09-18,0.0012688626270033728,0.004900102401231621,4.45001634333708,2.8942144264089107
2025-09-19,0.002861606163974763,-0.006284069176588858,4.462768775051314,2.876084008804116
2025-09-22,-0.0004284466691281375,0.0003241731239480572,4.460857126183592,2.877016509079585
2025-09-23,0.0034240462676438403,0.004550470554374186,4.4761574870000995,2.8901381200986966
2025-09-24,-0.0005039722778996739,-0.00022589784246562772,4.473902196064928,2.8894853178690223
2025-09-25,0.0021295495128240264,-0.00474600017407667,4.483439744042922,2.8758043107583195
2025-09-26,-7.571839893753449e-05,0.004330985873183479,4.483100278015844,2.888286388943419
2025-09-29,-0.0006304443465956583,0.00849642293173325,4.480274823529835,2.912931039080845
2025-09-30,-0.004045411033911175,0.006795489936463284,4.462186881571714,2.932793242911511
2025-10-01,-0.0004967170041895399,0.0015476856886706969,4.459970987853371,2.9373357993594538
2025-10-02,-0.0004978461876110742,-0.0001087800758501345,4.457751160912251,2.9370162931266734
2025-10-03,0.00023216808990030534,0.0067939764774482825,4.458786228634729,2.9570382500737313
2025-10-06,-8.706203975056661e-05,-0.0044201589086227955,4.458398054508713,2.9439965156128087
2025-10-07,-0.0010035782596871999,-0.004394244925830293,4.45392594757817,2.931088255661189
2025-10-08,0.0010778635825152787,0.0017709325914694318,4.458729260349203,2.936283614338808
2025-10-09,0.0012662821735986247,0.0004989272989615046,4.464378845958346,2.937748971914546
2025-10-10,0.001202154044244361,-0.011447042356413917,4.46974894423901,2.904312176322692
2025-10-13,0.00035319964520522134,0.011968382147703238,4.471327936813665,2.9392809366528145
2025-10-14,-0.0016572374086033163,-0.00163753792900323,4.463924021607801,2.9344716913705073
2025-10-15,0.00308040618777195,-0.00032687172260814634,4.477695921418388,2.9335126523037194
2025-10-16,-0.002070422249819204,-0.001345057918900494,4.468434790688587,2.9295695603185736
2025-10-17,-0.002418443153297672,-0.009521636538936562,4.457641192276038,2.9018076429377335
2025-10-20,-0.003101982630463556,0.0039173961646312705,4.443835090938562,2.913197467730979
2025-10-21,0.0006287588647413927,0.001818350884766673,4.446630070237364,2.9184995019423403
2025-10-22,-0.0029032695196720727,0.014568170113179235,4.433739026830741,2.9613279074514285
2025-10-23,0.0006289828493241863,0.0059025093735805,4.436528649857548,2.9788588605934185
2025-10-24,9.326306825812388e-05,0.007467092592628788,4.436942433426912,3.001185529437828
2025-10-27,0.0010269182335318333,-0.0007770784463136948,4.441501150827319,2.9988542787491554
2025-10-28,0.002180793848610409,-0.0012179143849539997,4.451197718480223,2.995204154205471
2025-10-29,-0.0033483335338738156,-0.001593453071214057,4.43631854800754,2.9904352374786014
2025-10-30,-0.00018432271927941923,-0.007691554176011195,4.435500909066212,2.967522373567052
2025-10-31,-0.0026416817820424056,-0.004738239506439257,4.423799190034511,2.95349480106379
2025-11-03,-0.002890831309804889,-0.0028048685539090457,4.411029199664796,2.9452222435139666
2025-11-04,-0.00346586216564406,-0.005142373074667361,4.395767642953194,2.9301156870145073
2025-11-05,0.0030661637389594537,0.004486313447271684,4.409266470537127,2.94329063580049
2025-11-06,-0.0013217230779551622,-0.008609279162905992,4.40344249097811,2.918059790595929
2025-11-07,0.00027685939036555115,-0.006025862046570296,4.404661794161651,2.9005288374539346
2025-11-10,-0.0007434695281474061,0.008911481502922314,4.401388279365932,2.926492361446368
2025-11-11,0.00034175130215860223,0.0082324587215723,4.40289271659876,2.950684030841718
2025-11-12,0.0012890973094008187,-0.0006593448609280017,4.408572133627422,2.9487391537325824
2025-11-13,0.0009124630072100336,-0.006335767601362008,4.412596628436063,2.9301156870145073
2025-11-14,-0.00015868334242422706,-0.008029256452767086,4.4118964784068355,2.9066832351983463
2025-11-17,-0.0018403286769383526,-0.006054111176506893,4.403784605343698,2.889139012660695
2025-11-18,0.001195640339938068,-0.012205353336346647,4.409053096849099,2.8540903757723752
2025-11-19,-0.001656938823825416,-0.000588349457876447,4.401753614664362,2.852411667129144
2025-11-20,0.0011818517835214496,-0.0012991140552465197,4.406958910362592,2.848708465002817
2025-11-21,0.0005147321792938032,-0.0009825067631794582,4.409227897836918,2.845910964176406
2025-11-24,0.002273347278522942,0.002253617260057794,4.419263006400348,2.852331790570952
2025-11-25,-0.0019988656296493954,0.009565751030242708,4.410438316091775,2.8797474027434604
2025-11-26,-0.0011350534297054579,0.012325753050655308,4.405435072965885,2.9154621112571197
2025-11-27,-0.003002024543077204,0.009368602075094046,4.392229680128023,2.94290426222095
2025-11-28,-0.0038055027028860546,0.003330536988819688,4.375546801711295,2.952722053904707
2025-12-01,0.0012619508560177684,-0.006540571550690544,4.381072012282114,2.9334725839325038
2025-12-02,0.0024916724043433603,-0.0017589479470441205,4.392001819611465,2.928317293626098
2025-12-03,0.006012916784023024,0.0008866962055140704,4.418490117225361,2.930914972964906
2025-12-04,0.0030734881480743536,0.003153896766015407,4.432091184886487,2.9401733685570774
2025-12-05,0.00018132585382461754,-0.00031720856729222646,4.4328949104707265,2.939240868281604
2025-12-08,0.004271813672833396,-0.006488518521500453,4.451871915816652,2.9202312881682126
2025-12-09,0.00047712268895662565,-0.000556744728836378,4.453996511722168,2.9186059172918597
2025-12-10,-0.003112413484357196,-0.0035710797675498895,4.440155383749858,2.9082019305409585
2025-12-11,0.0018708271786521341,0.0009660308542454032,4.448469922226426,2.9110127007630284
2025-12-12,-0.0032113150096081122,0.0011205456828715654,4.434207396982993,2.9142764517271758
2025-12-15,-0.0012551088857494543,0.007858730053238006,4.428645475016765,2.9372691921969203
2025-12-16,-0.005206774378464845,-0.00037192931716312216,4.405646444566957,2.9361769388050623
2025-12-17,-1.3833938548261232e-07,0.005601124862554485,4.405645835092577,2.952668976322063
2025-12-18,-0.0006535461956905493,0.0072285044357691675,4.402767482688076,2.9740896836823234
2025-12-19,0.002315404308893704,-0.0005779965331473846,4.412973480434517,2.9723711668521138
2025-12-22,-0.006065879998322989,0.001343622744975903,4.38628593641656,2.9763675966041268
2025-12-23,0.0027773499591602696,0.00030879551335516453,4.3984851203427136,2.977286827483935
2025-12-24,-3.5123673778793794e-05,-0.001571714952611103,4.398330632099339,2.9726110567109276
2025-12-29,0.0004884808601331907,0.004159032872232515,4.4004796572657545,2.9849999889421706
2025-12-30,-0.0004966123290383326,0.006711795195746717,4.398294867355978,3.005102082631652
2025-12-31,0.00047334623791026476,-0.003908614509224861,4.400377276496046,2.9933792220257387
2026-01-02,0.0004513098577721108,-0.0027273509721315037,4.402363658341984,2.9852263492210964
2026-01-05,0.0014226799068706186,0.008208421666337173,4.408631270006888,3.009831191171531
2026-01-06,0.0018678874616865455,0.008725251190250916,4.416873792735246,3.0362076275348273
2026-01-07,0.004236371321165997,0.00389293825928938,4.435625000696081,3.0480504330701454
2026-01-08,-0.002137522987086209,0.0005024785233853635,4.426153876274216,3.049582397808415
2026-01-09,0.0004717021231472451,0.00629232760294407,4.428242194948486,3.068831867780621
2026-01-12,0.0013703599127495398,4.323914618353797e-06,4.434314640303953,3.0688451371762833
2026-01-13,0.002013027574653252,-0.004563980074458129,4.443250028523621,3.0548709024398932
2026-01-14,0.0022863412429038527,0.001102687702053018,4.453420436397496,3.0582413289377843
2026-01-15,0.0027996033736493097,0.013958620115047893,4.465905716036274,3.101229487563262
2026-01-16,0.0017202471798521389,0.0013479051977771661,4.473594789407004,3.105412469407213
2026-01-19,0.00028908866102009636,-0.00859918464477083,4.474888241886835,3.0788229421606563
2026-01-20,0.001915308306089375,-0.00668122254770509,4.483467245601274,3.0583212054959783
2026-01-21,0.0032319181554519077,0.004927333830330838,4.497980885606755,3.073427761995439
2026-01-22,0.0009382489157065693,0.01290222073595615,4.5022030917259634,3.113338721748707
2026-01-23,0.004987397898884105,-0.0022875238159443256,4.524713457380696,3.1062250247532788
2026-01-26,0.0006108281682764837,0.001465601529236693,4.527478124096036,3.1107808505968837
2026-01-27,0.0004904075135685517,0.00223719477787121,4.529698977902797,3.1177480638715864
2026-01-28,0.00042537562044902763,-0.000572732370963891,4.531626211285958,3.1159629398788424
2026-01-29,0.0006528475839337039,-0.005237981874564923,4.534585638431606,3.0996842534293254
2026-01-30,0.0010875352413105615,-0.0006448589808609739,4.539519842692332,3.097686038553318
2026-02-02,-0.0011210004106243605,0.007399394025400241,4.5344338902946015,3.1206920484187255
2026-02-03,0.0001980126846918347,-0.005809493451190306,4.5353318546240065,3.102614968580804
2026-02-04,0.0041301231376919285,0.0018359303230646162,4.55410206861974,3.108316385583143
2026-02-05,-0.0033127381223907798,-0.009897395845074541,4.539040482403299,3.077703889793246
2026-02-06,0.0006940304792048257,0.004512945030558768,4.54219180827604,3.0916247867627646
2026-02-09,0.0026153902806036067,0.005675872076050581,4.554086961037001,3.109222347067287
2026-02-10,-0.0008053256196249752,0.005524590539002006,4.5504209145120065,3.126447063372163
2026-02-11,0.0015096128125663079,-0.002252315314716924,4.557295475884533,3.119413242934927
2026-02-12,6.457935789318421e-05,-0.00477297225799056,4.557589792603387,3.104559845689937
2026-02-13,0.005652205958890091,0.00523411252676631,4.583423167790103,3.12085206171934
2026-02-16,0.0008611547708402838,-0.0022135770311582093,4.5873719045105315,3.113951455607174
2026-02-17,-0.0015216789741789752,0.007683642486055575,4.580396705489471,3.137970102490469
2026-02-18,-0.00017268164419638986,0.0055289524548083335,4.579605823342675,3.155367841307395
2026-02-19,0.00043420237247394596,-0.004777860489143748,4.5815947308190905,3.1403278919704696
2026-02-20,0.00011850114174041926,0.007526680414260412,4.582137687195524,3.1640533112280833
2026-02-23,0.0010151919074460117,-0.008664230109907578,4.586791798302618,3.1367576439849785
2026-02-24,0.001739057640195871,-0.0019426766401444695,4.5947754336123445,3.1306698534030972
2026-02-25,0.0007940532499713219,0.005766093357209456,4.598425378911976,3.1487737322165708
2026-02-26,-0.00035337641919943176,0.003467347931358944,4.5968006908977435,3.1597105762677375
2026-02-27,-0.006558681720375742,0.0016091948227412445,4.566750391131024,3.1647992594116143
2026-03-02,0.0034954209933685003,-0.01414156509374287,4.582741037058296,3.1203590126060585
2026-03-03,0.004319165523256451,-0.031634693646850565,4.602577461710622,3.0231924318652306
2026-03-04,-0.00019805436912904436,0.008883410445010398,4.601665991398392,3.0501683326913276
2026-03-05,-0.0004239014637598264,-0.008619060646733345,4.599715751832812,3.0239917178156324
2026-03-06,-0.0005130777385545147,-0.008813947938039135,4.597356345408084,2.997455528335952
2026-03-09,0.001965008750191308,-0.01806813836690324,4.60639907246376,2.943783424729548
2026-03-10,0.002321421031089634,0.017681448850581205,4.6171048856903605,2.9962966677815563
2026-03-11,-0.001240728703585878,-0.004947239469544229,4.6113798634653484,2.9815098776991036
2026-03-12,0.0012472503170602772,-0.009544474812326342,4.6171349967619815,2.9531883040424467
2026-03-13,-0.005344648715927087,-0.004412306127198562,4.592523859656726,2.9401866379527366
2026-03-16,0.0033223970732734025,-0.002204384739989962,4.6078074224604135,2.933712473791317
2026-03-17,0.00038462971075070096,0.007423827424474894,4.60958006297976,2.955572892497991
2026-03-18,0.0013790717413113395,-0.004779997408277836,4.615941389938866,2.941478973016425
2026-03-19,0.004174252755569499,-0.023868741977214114,4.635249766992049,2.872100848447761
2026-03-20,0.0020559978153562447,-0.010162783846423551,4.644789633998959,2.8430601255831216
2026-03-23,0.0006114433277543762,-0.00447540977139127,4.647630528063843,2.83036469633053
2026-03-24,0.001113506525418757,-0.005233230252818188,4.652808577345389,2.8155914358279697
2026-03-25,0.0007694981370142822,0.015944428316190695,4.656390282758626,2.8608442379795846
2026-03-26,0.0018104228269984382,-0.008388811469677293,4.6648279535892545,2.8369455360256963
2026-03-27,-0.0027845451093550973,-0.015679060883650564,4.651856597769133,2.7928117862414825
2026-03-30,0.0,-0.0004914576944425875,4.651856597769133,2.7914395746196035
