candidate,period,start,end,n_days,sharpe,ann_return,ann_vol,max_drawdown,corr_to_benchmark,beta_to_benchmark,final_equity
fw1_current_locked_scale_on_strong_mn200,Full_Sample,2002-01-30,2026-03-27,5942,0.28508695239261694,0.013982552255292682,0.0490466229265945,-0.22056374274866153,-0.007304109427144163,-0.0020856543833745566,1.3905504895224414
fw1_current_locked_scale_on_strong_mn200,Pre_GFC,2002-01-30,2007-06-30,1227,-0.9897342489585029,-0.04854190855187257,0.04904539638084992,-0.22056374274866153,-0.02672837950848608,-0.009868201591053258,0.7895020377241714
fw1_current_locked_scale_on_strong_mn200,GFC,2007-07-01,2009-06-30,506,0.8127859326843875,0.05234111496257419,0.06439717133108742,-0.07795436552879709,0.061077062088625546,0.013394410775998605,1.1108190605461812
fw1_current_locked_scale_on_strong_mn200,Post_GFC_Recovery,2009-07-01,2012-12-31,863,0.5509763018502131,0.029747944836274305,0.05399133272407331,-0.09616555631372159,-0.05537810824270674,-0.016670500198720333,1.1072449537230062
fw1_current_locked_scale_on_strong_mn200,QE_Expansion,2013-01-01,2019-12-31,1770,0.027145811149487945,0.0012261319596991631,0.04516836697002852,-0.14823408388481774,-0.04714919288012752,-0.016647983259091684,1.0086493083061534
fw1_current_locked_scale_on_strong_mn200,COVID,2020-01-01,2020-12-31,254,0.938555178670761,0.056228706040871566,0.05990985646736943,-0.07203897247773738,0.08088612748147983,0.015908187359503972,1.0583117667687603
fw1_current_locked_scale_on_strong_mn200,Post_COVID_Inflation,2021-01-01,2026-03-27,1322,1.3775724072741866,0.05600289094272359,0.040653319307938925,-0.07552095773981127,-0.013419152708363318,-0.003637216309449442,1.3415061076910746
fw1_current_locked_scale_on_strong_mn250,Full_Sample,2002-01-30,2026-03-27,5942,0.28508695239261694,0.013982552255292682,0.0490466229265945,-0.22056374274866153,-0.007304109427144163,-0.0020856543833745566,1.3905504895224414
fw1_current_locked_scale_on_strong_mn250,Pre_GFC,2002-01-30,2007-06-30,1227,-0.9897342489585029,-0.04854190855187257,0.04904539638084992,-0.22056374274866153,-0.02672837950848608,-0.009868201591053258,0.7895020377241714
fw1_current_locked_scale_on_strong_mn250,GFC,2007-07-01,2009-06-30,506,0.8127859326843875,0.05234111496257419,0.06439717133108742,-0.07795436552879709,0.061077062088625546,0.013394410775998605,1.1108190605461812
fw1_current_locked_scale_on_strong_mn250,Post_GFC_Recovery,2009-07-01,2012-12-31,863,0.5509763018502131,0.029747944836274305,0.05399133272407331,-0.09616555631372159,-0.05537810824270674,-0.016670500198720333,1.1072449537230062
fw1_current_locked_scale_on_strong_mn250,QE_Expansion,2013-01-01,2019-12-31,1770,0.027145811149487945,0.0012261319596991631,0.04516836697002852,-0.14823408388481774,-0.04714919288012752,-0.016647983259091684,1.0086493083061534
fw1_current_locked_scale_on_strong_mn250,COVID,2020-01-01,2020-12-31,254,0.938555178670761,0.056228706040871566,0.05990985646736943,-0.07203897247773738,0.08088612748147983,0.015908187359503972,1.0583117667687603
fw1_current_locked_scale_on_strong_mn250,Post_COVID_Inflation,2021-01-01,2026-03-27,1322,1.3775724072741866,0.05600289094272359,0.040653319307938925,-0.07552095773981127,-0.013419152708363318,-0.003637216309449442,1.3415061076910746
fw1_current_locked_scale_on_mild_mn200,Full_Sample,2002-01-30,2026-03-27,5942,0.43505658275386105,0.017835527751174477,0.04099588066976833,-0.20611003539448647,-0.0060425707479615405,-0.0014422080857628822,1.5227995046361102
fw1_current_locked_scale_on_mild_mn200,Pre_GFC,2002-01-30,2007-06-30,1227,-1.0888575119788162,-0.04498986012467958,0.04131840909369128,-0.20611003539448647,-0.024476335483550247,-0.007613022676338941,0.8032753105370218
fw1_current_locked_scale_on_mild_mn200,GFC,2007-07-01,2009-06-30,506,0.8712227474013586,0.04902517700400006,0.05627169073607181,-0.06617815143706662,0.05563215446341745,0.010660916139000613,1.1034475805807746
fw1_current_locked_scale_on_mild_mn200,Post_GFC_Recovery,2009-07-01,2012-12-31,863,0.7478121100425904,0.03334353231453343,0.044588114937901185,-0.08579851330849775,-0.05081530836793054,-0.012632815250618056,1.1209632570547297
fw1_current_locked_scale_on_mild_mn200,QE_Expansion,2013-01-01,2019-12-31,1770,0.27459776056701074,0.010165201276487734,0.037018514846944996,-0.11479029573576105,-0.0458441738911405,-0.013266492656063446,1.0740090661561696
fw1_current_locked_scale_on_mild_mn200,COVID,2020-01-01,2020-12-31,254,1.7250715605644593,0.08537475789778909,0.04949056018861831,-0.059642383804026755,0.08806040869381418,0.014307094343861099,1.089863365183914
fw1_current_locked_scale_on_mild_mn200,Post_COVID_Inflation,2021-01-01,2026-03-27,1322,1.5235841355738209,0.05137780752917735,0.033721673998546295,-0.059506460249597715,-0.015151313361446626,-0.003406492440601327,1.3093484005936062
fw1_current_locked_scale_on_mild_mn250,Full_Sample,2002-01-30,2026-03-27,5942,0.43505658275386105,0.017835527751174477,0.04099588066976833,-0.20611003539448647,-0.0060425707479615405,-0.0014422080857628822,1.5227995046361102
fw1_current_locked_scale_on_mild_mn250,Pre_GFC,2002-01-30,2007-06-30,1227,-1.0888575119788162,-0.04498986012467958,0.04131840909369128,-0.20611003539448647,-0.024476335483550247,-0.007613022676338941,0.8032753105370218
fw1_current_locked_scale_on_mild_mn250,GFC,2007-07-01,2009-06-30,506,0.8712227474013586,0.04902517700400006,0.05627169073607181,-0.06617815143706662,0.05563215446341745,0.010660916139000613,1.1034475805807746
fw1_current_locked_scale_on_mild_mn250,Post_GFC_Recovery,2009-07-01,2012-12-31,863,0.7478121100425904,0.03334353231453343,0.044588114937901185,-0.08579851330849775,-0.05081530836793054,-0.012632815250618056,1.1209632570547297
fw1_current_locked_scale_on_mild_mn250,QE_Expansion,2013-01-01,2019-12-31,1770,0.27459776056701074,0.010165201276487734,0.037018514846944996,-0.11479029573576105,-0.0458441738911405,-0.013266492656063446,1.0740090661561696
fw1_current_locked_scale_on_mild_mn250,COVID,2020-01-01,2020-12-31,254,1.7250715605644593,0.08537475789778909,0.04949056018861831,-0.059642383804026755,0.08806040869381418,0.014307094343861099,1.089863365183914
fw1_current_locked_scale_on_mild_mn250,Post_COVID_Inflation,2021-01-01,2026-03-27,1322,1.5235841355738209,0.05137780752917735,0.033721673998546295,-0.059506460249597715,-0.015151313361446626,-0.003406492440601327,1.3093484005936062
fw1_current_locked_scale_off_mn200,Full_Sample,2002-01-30,2026-03-27,5942,0.5488790726271942,0.02180860151222852,0.03973298054130989,-0.20745238514444098,-0.004103195210420991,-0.0009491596893655968,1.6723552746465034
fw1_current_locked_scale_off_mn200,Pre_GFC,2002-01-30,2007-06-30,1227,-1.1137015201737352,-0.04506453575971436,0.040463746294145654,-0.20745238514444098,-0.01963740949824998,-0.005981600727566226,0.8029832933501108
fw1_current_locked_scale_off_mn200,GFC,2007-07-01,2009-06-30,506,0.814180416444709,0.048235033329593106,0.05924366682782863,-0.06629963705494435,0.043245984694935756,0.008725019474597112,1.101698284676626
fw1_current_locked_scale_off_mn200,Post_GFC_Recovery,2009-07-01,2012-12-31,863,0.9103662763612,0.03812707030397885,0.04188102228080714,-0.08307757575864805,-0.04138348906249408,-0.009663419759159617,1.1394777985375386
fw1_current_locked_scale_off_mn200,QE_Expansion,2013-01-01,2019-12-31,1770,0.533841023863723,0.01845041879714393,0.034561635341561696,-0.09222082666921128,-0.04068528788013405,-0.01099220085725194,1.1383640948293308
fw1_current_locked_scale_off_mn200,COVID,2020-01-01,2020-12-31,254,2.4919174880088746,0.11638485193732565,0.04670493806370814,-0.05580354619618666,0.08958160603897469,0.013735042873882506,1.1244663204037937
fw1_current_locked_scale_off_mn200,Post_COVID_Inflation,2021-01-01,2026-03-27,1322,1.5265772385465204,0.049433671227456934,0.03238203084602752,-0.054611575110177335,-0.015761776892885562,-0.0034029634261384376,1.2960622232987384
fw1_current_locked_scale_off_mn250,Full_Sample,2002-01-30,2026-03-27,5942,0.5488790726271942,0.02180860151222852,0.03973298054130989,-0.20745238514444098,-0.004103195210420991,-0.0009491596893655968,1.6723552746465034
fw1_current_locked_scale_off_mn250,Pre_GFC,2002-01-30,2007-06-30,1227,-1.1137015201737352,-0.04506453575971436,0.040463746294145654,-0.20745238514444098,-0.01963740949824998,-0.005981600727566226,0.8029832933501108
fw1_current_locked_scale_off_mn250,GFC,2007-07-01,2009-06-30,506,0.814180416444709,0.048235033329593106,0.05924366682782863,-0.06629963705494435,0.043245984694935756,0.008725019474597112,1.101698284676626
fw1_current_locked_scale_off_mn250,Post_GFC_Recovery,2009-07-01,2012-12-31,863,0.9103662763612,0.03812707030397885,0.04188102228080714,-0.08307757575864805,-0.04138348906249408,-0.009663419759159617,1.1394777985375386
fw1_current_locked_scale_off_mn250,QE_Expansion,2013-01-01,2019-12-31,1770,0.533841023863723,0.01845041879714393,0.034561635341561696,-0.09222082666921128,-0.04068528788013405,-0.01099220085725194,1.1383640948293308
fw1_current_locked_scale_off_mn250,COVID,2020-01-01,2020-12-31,254,2.4919174880088746,0.11638485193732565,0.04670493806370814,-0.05580354619618666,0.08958160603897469,0.013735042873882506,1.1244663204037937
fw1_current_locked_scale_off_mn250,Post_COVID_Inflation,2021-01-01,2026-03-27,1322,1.5265772385465204,0.049433671227456934,0.03238203084602752,-0.054611575110177335,-0.015761776892885562,-0.0034029634261384376,1.2960622232987384
fw1_buffered_1_scale_on_strong_mn200,Full_Sample,2002-01-30,2026-03-27,5942,0.26570311228346555,0.013440999254932657,0.050586532989471036,-0.2500044018296059,-0.004769003180309934,-0.0014045218162222256,1.372906778768297
fw1_buffered_1_scale_on_strong_mn200,Pre_GFC,2002-01-30,2007-06-30,1227,-1.1044888807985154,-0.05611890895796282,0.050809845108979616,-0.2500044018296059,-0.04356865968219364,-0.016664381740859237,0.7609058557220103
fw1_buffered_1_scale_on_strong_mn200,GFC,2007-07-01,2009-06-30,506,0.8213563429057839,0.05447820272143703,0.06632712243836184,-0.07867011393548295,0.07665012789498453,0.017313414387015277,1.1155959786707996
fw1_buffered_1_scale_on_strong_mn200,Post_GFC_Recovery,2009-07-01,2012-12-31,863,0.4706334098651993,0.02615448860294568,0.0555729535020409,-0.10986657831220337,-0.0536329548663657,-0.0166181115848605,1.0937025169792496
fw1_buffered_1_scale_on_strong_mn200,QE_Expansion,2013-01-01,2019-12-31,1770,0.050104714652377924,0.0022940583756429606,0.045785279719861384,-0.15076810913719718,-0.04875126004910969,-0.017448765076787012,1.0162435439744306
fw1_buffered_1_scale_on_strong_mn200,COVID,2020-01-01,2020-12-31,254,0.9414157380057981,0.059913678410333994,0.06364210411146216,-0.07758211269107762,0.08597673946870146,0.017962793425068062,1.0622498765471808
fw1_buffered_1_scale_on_strong_mn200,Post_COVID_Inflation,2021-01-01,2026-03-27,1322,1.41361284390756,0.059991276083001595,0.04243826472117467,-0.07670606697933768,-0.0038927998073942914,-0.0011014574155283148,1.3698704027277109
fw1_buffered_1_scale_on_strong_mn250,Full_Sample,2002-01-30,2026-03-27,5942,0.26570311228346555,0.013440999254932657,0.050586532989471036,-0.2500044018296059,-0.004769003180309934,-0.0014045218162222256,1.372906778768297
fw1_buffered_1_scale_on_strong_mn250,Pre_GFC,2002-01-30,2007-06-30,1227,-1.1044888807985154,-0.05611890895796282,0.050809845108979616,-0.2500044018296059,-0.04356865968219364,-0.016664381740859237,0.7609058557220103
fw1_buffered_1_scale_on_strong_mn250,GFC,2007-07-01,2009-06-30,506,0.8213563429057839,0.05447820272143703,0.06632712243836184,-0.07867011393548295,0.07665012789498453,0.017313414387015277,1.1155959786707996
fw1_buffered_1_scale_on_strong_mn250,Post_GFC_Recovery,2009-07-01,2012-12-31,863,0.4706334098651993,0.02615448860294568,0.0555729535020409,-0.10986657831220337,-0.0536329548663657,-0.0166181115848605,1.0937025169792496
fw1_buffered_1_scale_on_strong_mn250,QE_Expansion,2013-01-01,2019-12-31,1770,0.050104714652377924,0.0022940583756429606,0.045785279719861384,-0.15076810913719718,-0.04875126004910969,-0.017448765076787012,1.0162435439744306
fw1_buffered_1_scale_on_strong_mn250,COVID,2020-01-01,2020-12-31,254,0.9414157380057981,0.059913678410333994,0.06364210411146216,-0.07758211269107762,0.08597673946870146,0.017962793425068062,1.0622498765471808
fw1_buffered_1_scale_on_strong_mn250,Post_COVID_Inflation,2021-01-01,2026-03-27,1322,1.41361284390756,0.059991276083001595,0.04243826472117467,-0.07670606697933768,-0.0038927998073942914,-0.0011014574155283148,1.3698704027277109
fw1_buffered_1_scale_on_mild_mn200,Full_Sample,2002-01-30,2026-03-27,5942,0.3986720670227794,0.016914186314328995,0.04242631403961027,-0.2379721988283996,-0.003214864832493337,-0.0007940794957451047,1.490073986548063
fw1_buffered_1_scale_on_mild_mn200,Pre_GFC,2002-01-30,2007-06-30,1227,-1.2387687011301198,-0.053509259079884415,0.04319552070622086,-0.2379721988283996,-0.0396189760081629,-0.012882765308806696,0.7706360003986861
fw1_buffered_1_scale_on_mild_mn200,GFC,2007-07-01,2009-06-30,506,0.918200432323869,0.05349892349337998,0.058264973103944,-0.06773381461746286,0.07045074977261642,0.013978863160172113,1.1134045035455318
fw1_buffered_1_scale_on_mild_mn200,Post_GFC_Recovery,2009-07-01,2012-12-31,863,0.6518138892101559,0.02992568467818296,0.045911394607509516,-0.09822778755671324,-0.05068562079815445,-0.012974532632526981,1.1079191260716679
fw1_buffered_1_scale_on_mild_mn200,QE_Expansion,2013-01-01,2019-12-31,1770,0.2652060438033813,0.00997154371606719,0.03759923255542359,-0.1154434100835644,-0.04517283618105587,-0.01327728622764006,1.0725491772901352
fw1_buffered_1_scale_on_mild_mn200,COVID,2020-01-01,2020-12-31,254,1.7619392632729667,0.09254976296351297,0.05252721526370503,-0.06416760174836544,0.0904497678269893,0.015596968975080124,1.0977737714102205
fw1_buffered_1_scale_on_mild_mn200,Post_COVID_Inflation,2021-01-01,2026-03-27,1322,1.5503551658869925,0.05454339079853834,0.035181222985981316,-0.061765521453405525,-0.004368280880034837,-0.0010246357670298553,1.3312739749497389
fw1_buffered_1_scale_on_mild_mn250,Full_Sample,2002-01-30,2026-03-27,5942,0.3986720670227794,0.016914186314328995,0.04242631403961027,-0.2379721988283996,-0.003214864832493337,-0.0007940794957451047,1.490073986548063
fw1_buffered_1_scale_on_mild_mn250,Pre_GFC,2002-01-30,2007-06-30,1227,-1.2387687011301198,-0.053509259079884415,0.04319552070622086,-0.2379721988283996,-0.0396189760081629,-0.012882765308806696,0.7706360003986861
fw1_buffered_1_scale_on_mild_mn250,GFC,2007-07-01,2009-06-30,506,0.918200432323869,0.05349892349337998,0.058264973103944,-0.06773381461746286,0.07045074977261642,0.013978863160172113,1.1134045035455318
fw1_buffered_1_scale_on_mild_mn250,Post_GFC_Recovery,2009-07-01,2012-12-31,863,0.6518138892101559,0.02992568467818296,0.045911394607509516,-0.09822778755671324,-0.05068562079815445,-0.012974532632526981,1.1079191260716679
fw1_buffered_1_scale_on_mild_mn250,QE_Expansion,2013-01-01,2019-12-31,1770,0.2652060438033813,0.00997154371606719,0.03759923255542359,-0.1154434100835644,-0.04517283618105587,-0.01327728622764006,1.0725491772901352
fw1_buffered_1_scale_on_mild_mn250,COVID,2020-01-01,2020-12-31,254,1.7619392632729667,0.09254976296351297,0.05252721526370503,-0.06416760174836544,0.0904497678269893,0.015596968975080124,1.0977737714102205
fw1_buffered_1_scale_on_mild_mn250,Post_COVID_Inflation,2021-01-01,2026-03-27,1322,1.5503551658869925,0.05454339079853834,0.035181222985981316,-0.061765521453405525,-0.004368280880034837,-0.0010246357670298553,1.3312739749497389
fw1_buffered_1_scale_off_mn200,Full_Sample,2002-01-30,2026-03-27,5942,0.4953792953229705,0.02048679305146701,0.04135577171853805,-0.2443213539982344,-0.0012226139063539804,-0.00029436855940817374,1.6210361971921428
fw1_buffered_1_scale_off_mn200,Pre_GFC,2002-01-30,2007-06-30,1227,-1.277157204532777,-0.05493283263140189,0.043011801864671774,-0.2443213539982344,-0.031516638841544535,-0.010204568997881096,0.7653128473786227
fw1_buffered_1_scale_off_mn200,GFC,2007-07-01,2009-06-30,506,0.8923047462044295,0.05516506950484317,0.06182312684035046,-0.0691722990167889,0.055527371279256596,0.011690599013805019,1.1171356532924035
fw1_buffered_1_scale_off_mn200,Post_GFC_Recovery,2009-07-01,2012-12-31,863,0.8038250173247905,0.03466399713631796,0.043123809771040945,-0.0936812334803675,-0.043246755246027176,-0.010398174884661564,1.1260438077920512
fw1_buffered_1_scale_off_mn200,QE_Expansion,2013-01-01,2019-12-31,1770,0.4853349086219842,0.017093060660604037,0.0352191040803896,-0.09120293212033104,-0.03736403728985613,-0.010286913296232306,1.1275627018654124
fw1_buffered_1_scale_off_mn200,COVID,2020-01-01,2020-12-31,254,2.576963342795432,0.1273191315561977,0.04940665217926024,-0.05959879309659155,0.08873384334522202,0.014392064413359036,1.1369276732801443
fw1_buffered_1_scale_off_mn200,Post_COVID_Inflation,2021-01-01,2026-03-27,1322,1.5423605135773546,0.05197638310734547,0.033699243886107615,-0.058116270175735396,-0.0043537540372417865,-0.0009782099373684234,1.3134664085623027
fw1_buffered_1_scale_off_mn250,Full_Sample,2002-01-30,2026-03-27,5942,0.4953792953229705,0.02048679305146701,0.04135577171853805,-0.2443213539982344,-0.0012226139063539804,-0.00029436855940817374,1.6210361971921428
fw1_buffered_1_scale_off_mn250,Pre_GFC,2002-01-30,2007-06-30,1227,-1.277157204532777,-0.05493283263140189,0.043011801864671774,-0.2443213539982344,-0.031516638841544535,-0.010204568997881096,0.7653128473786227
fw1_buffered_1_scale_off_mn250,GFC,2007-07-01,2009-06-30,506,0.8923047462044295,0.05516506950484317,0.06182312684035046,-0.0691722990167889,0.055527371279256596,0.011690599013805019,1.1171356532924035
fw1_buffered_1_scale_off_mn250,Post_GFC_Recovery,2009-07-01,2012-12-31,863,0.8038250173247905,0.03466399713631796,0.043123809771040945,-0.0936812334803675,-0.043246755246027176,-0.010398174884661564,1.1260438077920512
fw1_buffered_1_scale_off_mn250,QE_Expansion,2013-01-01,2019-12-31,1770,0.4853349086219842,0.017093060660604037,0.0352191040803896,-0.09120293212033104,-0.03736403728985613,-0.010286913296232306,1.1275627018654124
fw1_buffered_1_scale_off_mn250,COVID,2020-01-01,2020-12-31,254,2.576963342795432,0.1273191315561977,0.04940665217926024,-0.05959879309659155,0.08873384334522202,0.014392064413359036,1.1369276732801443
fw1_buffered_1_scale_off_mn250,Post_COVID_Inflation,2021-01-01,2026-03-27,1322,1.5423605135773546,0.05197638310734547,0.033699243886107615,-0.058116270175735396,-0.0043537540372417865,-0.0009782099373684234,1.3134664085623027
fw1_buffered_2_scale_on_strong_mn200,Full_Sample,2002-01-30,2026-03-27,5942,0.13525487177672488,0.007410404441535179,0.05478844750056823,-0.257761429289478,0.005407388508415556,0.0017248150378519147,1.1909277577264785
fw1_buffered_2_scale_on_strong_mn200,Pre_GFC,2002-01-30,2007-06-30,1227,-1.003680894678359,-0.05673417974825572,0.05652611307943331,-0.257761429289478,-0.05048321401147473,-0.02148143325233514,0.7586297581141481
fw1_buffered_2_scale_on_strong_mn200,GFC,2007-07-01,2009-06-30,506,0.6162236537646121,0.046299256837052966,0.07513385205875035,-0.10897174347544203,0.06415056807178282,0.016414015746400973,1.097424387188379
fw1_buffered_2_scale_on_strong_mn200,Post_GFC_Recovery,2009-07-01,2012-12-31,863,0.4096197794959257,0.02428056236503771,0.05927585429325982,-0.11965021392527408,-0.021251818755172614,-0.007023610067496703,1.086706204933215
fw1_buffered_2_scale_on_strong_mn200,QE_Expansion,2013-01-01,2019-12-31,1770,-0.17552780158850842,-0.008680734325278761,0.049455039297017424,-0.15756888295177085,-0.04214527788585439,-0.016293427464491802,0.9408497483828075
fw1_buffered_2_scale_on_strong_mn200,COVID,2020-01-01,2020-12-31,254,0.32407809529150056,0.020395173956009642,0.06293289874363359,-0.08026741749871558,0.13215941444295265,0.02730387056930489,1.0207697917161693
fw1_buffered_2_scale_on_strong_mn200,Post_COVID_Inflation,2021-01-01,2026-03-27,1322,1.3373833687381502,0.060097154336650846,0.0449363703343745,-0.07591170381363788,0.01513068255184541,0.004533196379641285,1.3706314958269867
fw1_buffered_2_scale_on_strong_mn250,Full_Sample,2002-01-30,2026-03-27,5942,0.13525487177672488,0.007410404441535179,0.05478844750056823,-0.257761429289478,0.005407388508415556,0.0017248150378519147,1.1909277577264785
fw1_buffered_2_scale_on_strong_mn250,Pre_GFC,2002-01-30,2007-06-30,1227,-1.003680894678359,-0.05673417974825572,0.05652611307943331,-0.257761429289478,-0.05048321401147473,-0.02148143325233514,0.7586297581141481
fw1_buffered_2_scale_on_strong_mn250,GFC,2007-07-01,2009-06-30,506,0.6162236537646121,0.046299256837052966,0.07513385205875035,-0.10897174347544203,0.06415056807178282,0.016414015746400973,1.097424387188379
fw1_buffered_2_scale_on_strong_mn250,Post_GFC_Recovery,2009-07-01,2012-12-31,863,0.4096197794959257,0.02428056236503771,0.05927585429325982,-0.11965021392527408,-0.021251818755172614,-0.007023610067496703,1.086706204933215
fw1_buffered_2_scale_on_strong_mn250,QE_Expansion,2013-01-01,2019-12-31,1770,-0.17552780158850842,-0.008680734325278761,0.049455039297017424,-0.15756888295177085,-0.04214527788585439,-0.016293427464491802,0.9408497483828075
fw1_buffered_2_scale_on_strong_mn250,COVID,2020-01-01,2020-12-31,254,0.32407809529150056,0.020395173956009642,0.06293289874363359,-0.08026741749871558,0.13215941444295265,0.02730387056930489,1.0207697917161693
fw1_buffered_2_scale_on_strong_mn250,Post_COVID_Inflation,2021-01-01,2026-03-27,1322,1.3373833687381502,0.060097154336650846,0.0449363703343745,-0.07591170381363788,0.01513068255184541,0.004533196379641285,1.3706314958269867
fw1_buffered_2_scale_on_mild_mn200,Full_Sample,2002-01-30,2026-03-27,5942,0.22925237540886087,0.01055561056244536,0.0460436256925143,-0.26655244614195117,0.007684606462324841,0.002059952035381763,1.282606832883565
fw1_buffered_2_scale_on_mild_mn200,Pre_GFC,2002-01-30,2007-06-30,1227,-1.2323643922192324,-0.05943665602151302,0.04822977391815089,-0.26655244614195117,-0.044808564446857935,-0.016268345660918084,0.7487127289514145
fw1_buffered_2_scale_on_mild_mn200,GFC,2007-07-01,2009-06-30,506,0.7020037824359798,0.04637202954351875,0.06605666622280303,-0.08466311304510177,0.055536835000863996,0.012493279656720957,1.09758475782031
fw1_buffered_2_scale_on_mild_mn200,Post_GFC_Recovery,2009-07-01,2012-12-31,863,0.5152792832296703,0.025305027047421207,0.0491093429738029,-0.11057683371129723,-0.014776356951864281,-0.004045926277612458,1.0905254845199404
fw1_buffered_2_scale_on_mild_mn200,QE_Expansion,2013-01-01,2019-12-31,1770,0.05339176960726339,0.0021631272121689924,0.04051424457515492,-0.11749612452572344,-0.03772058730771152,-0.01194645826187877,1.0153093998828089
fw1_buffered_2_scale_on_mild_mn200,COVID,2020-01-01,2020-12-31,254,1.1769814552087094,0.06185871596312977,0.05255708634097435,-0.06585977407078059,0.13553787209883203,0.02338515853632183,1.064334432884724
fw1_buffered_2_scale_on_mild_mn200,Post_COVID_Inflation,2021-01-01,2026-03-27,1322,1.4436859021910924,0.053560424046390116,0.037099776319143296,-0.060744870998714395,0.018569171436861726,0.004593162817969401,1.3244266977723889
fw1_buffered_2_scale_on_mild_mn250,Full_Sample,2002-01-30,2026-03-27,5942,0.22925237540886087,0.01055561056244536,0.0460436256925143,-0.26655244614195117,0.007684606462324841,0.002059952035381763,1.282606832883565
fw1_buffered_2_scale_on_mild_mn250,Pre_GFC,2002-01-30,2007-06-30,1227,-1.2323643922192324,-0.05943665602151302,0.04822977391815089,-0.26655244614195117,-0.044808564446857935,-0.016268345660918084,0.7487127289514145
fw1_buffered_2_scale_on_mild_mn250,GFC,2007-07-01,2009-06-30,506,0.7020037824359798,0.04637202954351875,0.06605666622280303,-0.08466311304510177,0.055536835000863996,0.012493279656720957,1.09758475782031
fw1_buffered_2_scale_on_mild_mn250,Post_GFC_Recovery,2009-07-01,2012-12-31,863,0.5152792832296703,0.025305027047421207,0.0491093429738029,-0.11057683371129723,-0.014776356951864281,-0.004045926277612458,1.0905254845199404
fw1_buffered_2_scale_on_mild_mn250,QE_Expansion,2013-01-01,2019-12-31,1770,0.05339176960726339,0.0021631272121689924,0.04051424457515492,-0.11749612452572344,-0.03772058730771152,-0.01194645826187877,1.0153093998828089
fw1_buffered_2_scale_on_mild_mn250,COVID,2020-01-01,2020-12-31,254,1.1769814552087094,0.06185871596312977,0.05255708634097435,-0.06585977407078059,0.13553787209883203,0.02338515853632183,1.064334432884724
fw1_buffered_2_scale_on_mild_mn250,Post_COVID_Inflation,2021-01-01,2026-03-27,1322,1.4436859021910924,0.053560424046390116,0.037099776319143296,-0.060744870998714395,0.018569171436861726,0.004593162817969401,1.3244266977723889
fw1_buffered_2_scale_off_mn200,Full_Sample,2002-01-30,2026-03-27,5942,0.30139038847170485,0.013542050700906397,0.04493192622888753,-0.2892088147101579,0.009529318870205533,0.0024927737263012936,1.3761819438428262
fw1_buffered_2_scale_off_mn200,Pre_GFC,2002-01-30,2007-06-30,1227,-1.3641069575157228,-0.06587694690386829,0.048293095010556744,-0.2892088147101579,-0.034427312391742404,-0.012515704323167008,0.7255988308480497
fw1_buffered_2_scale_off_mn200,GFC,2007-07-01,2009-06-30,506,0.6987161628958038,0.04882440568244722,0.06987730966476607,-0.07802466617853843,0.04051816083751152,0.00964194353365958,1.1030028307171578
fw1_buffered_2_scale_off_mn200,Post_GFC_Recovery,2009-07-01,2012-12-31,863,0.5895770174135427,0.027300919672007838,0.04630594284657869,-0.11059054048355166,-0.006031118001940664,-0.0015571162055456158,1.0980049114649086
fw1_buffered_2_scale_off_mn200,QE_Expansion,2013-01-01,2019-12-31,1770,0.3116792477450571,0.011706222811965693,0.037558557063577684,-0.09201896998513026,-0.02971597804234303,-0.008724728200593647,1.0856971109766111
fw1_buffered_2_scale_off_mn200,COVID,2020-01-01,2020-12-31,254,2.028869382286869,0.10278000990105496,0.0506587613763509,-0.061926147299342316,0.12795218609889236,0.021278972430101198,1.1091519610402063
fw1_buffered_2_scale_off_mn200,Post_COVID_Inflation,2021-01-01,2026-03-27,1322,1.4269702032986804,0.05008010534911037,0.03509541070538252,-0.0548836048155501,0.02118658605604385,0.004957461316776458,1.3004649085610664
fw1_buffered_2_scale_off_mn250,Full_Sample,2002-01-30,2026-03-27,5942,0.30139038847170485,0.013542050700906397,0.04493192622888753,-0.2892088147101579,0.009529318870205533,0.0024927737263012936,1.3761819438428262
fw1_buffered_2_scale_off_mn250,Pre_GFC,2002-01-30,2007-06-30,1227,-1.3641069575157228,-0.06587694690386829,0.048293095010556744,-0.2892088147101579,-0.034427312391742404,-0.012515704323167008,0.7255988308480497
fw1_buffered_2_scale_off_mn250,GFC,2007-07-01,2009-06-30,506,0.6987161628958038,0.04882440568244722,0.06987730966476607,-0.07802466617853843,0.04051816083751152,0.00964194353365958,1.1030028307171578
fw1_buffered_2_scale_off_mn250,Post_GFC_Recovery,2009-07-01,2012-12-31,863,0.5895770174135427,0.027300919672007838,0.04630594284657869,-0.11059054048355166,-0.006031118001940664,-0.0015571162055456158,1.0980049114649086
fw1_buffered_2_scale_off_mn250,QE_Expansion,2013-01-01,2019-12-31,1770,0.3116792477450571,0.011706222811965693,0.037558557063577684,-0.09201896998513026,-0.02971597804234303,-0.008724728200593647,1.0856971109766111
fw1_buffered_2_scale_off_mn250,COVID,2020-01-01,2020-12-31,254,2.028869382286869,0.10278000990105496,0.0506587613763509,-0.061926147299342316,0.12795218609889236,0.021278972430101198,1.1091519610402063
fw1_buffered_2_scale_off_mn250,Post_COVID_Inflation,2021-01-01,2026-03-27,1322,1.4269702032986804,0.05008010534911037,0.03509541070538252,-0.0548836048155501,0.02118658605604385,0.004957461316776458,1.3004649085610664
fw1_buffered_3_scale_on_strong_mn200,Full_Sample,2002-01-30,2026-03-27,5942,0.24727022667013995,0.012305849933955781,0.04976680815831444,-0.25048007783419246,-0.01280322462340069,-0.003709583187037382,1.3366468514710648
fw1_buffered_3_scale_on_strong_mn200,Pre_GFC,2002-01-30,2007-06-30,1227,-1.1838028619340202,-0.05834932144422439,0.04928972831582537,-0.25048007783419246,-0.03596681562907194,-0.013345214169643058,0.7526871381910287
fw1_buffered_3_scale_on_strong_mn200,GFC,2007-07-01,2009-06-30,506,0.852656837050357,0.0560891879619163,0.06578166681445813,-0.05703191641236782,0.05441245516714566,0.012189387398116385,1.119210502443128
fw1_buffered_3_scale_on_strong_mn200,Post_GFC_Recovery,2009-07-01,2012-12-31,863,0.5669493884998585,0.03112561894128084,0.0549001719953149,-0.10035721825805033,-0.058948368006755826,-0.01804396427585764,1.112481263855013
fw1_buffered_3_scale_on_strong_mn200,QE_Expansion,2013-01-01,2019-12-31,1770,0.016204551154585554,0.0007370711125461912,0.04548543835091756,-0.14186211442084284,-0.05084142680102813,-0.018077696585922065,1.0051904711640376
fw1_buffered_3_scale_on_strong_mn200,COVID,2020-01-01,2020-12-31,254,1.2370322575566055,0.07793590834489554,0.06300232501522238,-0.06249148183996245,0.024216206656465542,0.0050085390658877555,1.0817222504148183
fw1_buffered_3_scale_on_strong_mn200,Post_COVID_Inflation,2021-01-01,2026-03-27,1322,1.2544527731628878,0.05171944241737018,0.0412286883363241,-0.06687601471996685,0.009443834539309286,0.0025959475362192425,1.3116971548859389
fw1_buffered_3_scale_on_strong_mn250,Full_Sample,2002-01-30,2026-03-27,5942,0.24727022667013995,0.012305849933955781,0.04976680815831444,-0.25048007783419246,-0.01280322462340069,-0.003709583187037382,1.3366468514710648
fw1_buffered_3_scale_on_strong_mn250,Pre_GFC,2002-01-30,2007-06-30,1227,-1.1838028619340202,-0.05834932144422439,0.04928972831582537,-0.25048007783419246,-0.03596681562907194,-0.013345214169643058,0.7526871381910287
fw1_buffered_3_scale_on_strong_mn250,GFC,2007-07-01,2009-06-30,506,0.852656837050357,0.0560891879619163,0.06578166681445813,-0.05703191641236782,0.05441245516714566,0.012189387398116385,1.119210502443128
fw1_buffered_3_scale_on_strong_mn250,Post_GFC_Recovery,2009-07-01,2012-12-31,863,0.5669493884998585,0.03112561894128084,0.0549001719953149,-0.10035721825805033,-0.058948368006755826,-0.01804396427585764,1.112481263855013
fw1_buffered_3_scale_on_strong_mn250,QE_Expansion,2013-01-01,2019-12-31,1770,0.016204551154585554,0.0007370711125461912,0.04548543835091756,-0.14186211442084284,-0.05084142680102813,-0.018077696585922065,1.0051904711640376
fw1_buffered_3_scale_on_strong_mn250,COVID,2020-01-01,2020-12-31,254,1.2370322575566055,0.07793590834489554,0.06300232501522238,-0.06249148183996245,0.024216206656465542,0.0050085390658877555,1.0817222504148183
fw1_buffered_3_scale_on_strong_mn250,Post_COVID_Inflation,2021-01-01,2026-03-27,1322,1.2544527731628878,0.05171944241737018,0.0412286883363241,-0.06687601471996685,0.009443834539309286,0.0025959475362192425,1.3116971548859389
fw1_buffered_3_scale_on_mild_mn200,Full_Sample,2002-01-30,2026-03-27,5942,0.3814524588889032,0.015946285559619154,0.041804123129963774,-0.2295408253758081,-0.010768186793150185,-0.0026207624683169052,1.4564519238443459
fw1_buffered_3_scale_on_mild_mn200,Pre_GFC,2002-01-30,2007-06-30,1227,-1.2491602295340125,-0.052364568093599045,0.041919816894213126,-0.2295408253758081,-0.03423965668416651,-0.010804779622724404,0.7749431744568201
fw1_buffered_3_scale_on_mild_mn200,GFC,2007-07-01,2009-06-30,506,0.8419183894669513,0.04926275173803742,0.058512502345063916,-0.05310500135821594,0.04359167002633967,0.008686220761126814,1.103974089248877
fw1_buffered_3_scale_on_mild_mn200,Post_GFC_Recovery,2009-07-01,2012-12-31,863,0.8131988915246432,0.0368186046916698,0.04527626030409321,-0.08825751949064131,-0.049291350435919916,-0.012443075385155301,1.1343832492509065
fw1_buffered_3_scale_on_mild_mn200,QE_Expansion,2013-01-01,2019-12-31,1770,0.17727304992563522,0.006606560644917104,0.0372677101662577,-0.10238776151109352,-0.04757998297315196,-0.013861491727734427,1.0474967011796865
fw1_buffered_3_scale_on_mild_mn200,COVID,2020-01-01,2020-12-31,254,2.113542527722502,0.10971809142890128,0.05191193931031547,-0.05031368923797741,0.03332462839327535,0.005679118664097806,1.1169356066332965
fw1_buffered_3_scale_on_mild_mn200,Post_COVID_Inflation,2021-01-01,2026-03-27,1322,1.3845502857766605,0.047458954654539226,0.03427752328108273,-0.05260727989458047,0.00975601131786762,0.002229614363381932,1.2827050685061017
fw1_buffered_3_scale_on_mild_mn250,Full_Sample,2002-01-30,2026-03-27,5942,0.3814524588889032,0.015946285559619154,0.041804123129963774,-0.2295408253758081,-0.010768186793150185,-0.0026207624683169052,1.4564519238443459
fw1_buffered_3_scale_on_mild_mn250,Pre_GFC,2002-01-30,2007-06-30,1227,-1.2491602295340125,-0.052364568093599045,0.041919816894213126,-0.2295408253758081,-0.03423965668416651,-0.010804779622724404,0.7749431744568201
fw1_buffered_3_scale_on_mild_mn250,GFC,2007-07-01,2009-06-30,506,0.8419183894669513,0.04926275173803742,0.058512502345063916,-0.05310500135821594,0.04359167002633967,0.008686220761126814,1.103974089248877
fw1_buffered_3_scale_on_mild_mn250,Post_GFC_Recovery,2009-07-01,2012-12-31,863,0.8131988915246432,0.0368186046916698,0.04527626030409321,-0.08825751949064131,-0.049291350435919916,-0.012443075385155301,1.1343832492509065
fw1_buffered_3_scale_on_mild_mn250,QE_Expansion,2013-01-01,2019-12-31,1770,0.17727304992563522,0.006606560644917104,0.0372677101662577,-0.10238776151109352,-0.04757998297315196,-0.013861491727734427,1.0474967011796865
fw1_buffered_3_scale_on_mild_mn250,COVID,2020-01-01,2020-12-31,254,2.113542527722502,0.10971809142890128,0.05191193931031547,-0.05031368923797741,0.03332462839327535,0.005679118664097806,1.1169356066332965
fw1_buffered_3_scale_on_mild_mn250,Post_COVID_Inflation,2021-01-01,2026-03-27,1322,1.3845502857766605,0.047458954654539226,0.03427752328108273,-0.05260727989458047,0.00975601131786762,0.002229614363381932,1.2827050685061017
fw1_buffered_3_scale_off_mn200,Full_Sample,2002-01-30,2026-03-27,5942,0.4805133540504325,0.01965577422732097,0.04090578141405408,-0.2245689517079591,-0.007556591896263115,-0.0017996026472873103,1.5895813448310894
fw1_buffered_3_scale_off_mn200,Pre_GFC,2002-01-30,2007-06-30,1227,-1.210970504568135,-0.05064493191244582,0.04182177164629388,-0.22437125805076208,-0.02903608072032788,-0.009141291464191289,0.7814590066920221
fw1_buffered_3_scale_off_mn200,GFC,2007-07-01,2009-06-30,506,0.7150704965300921,0.04520652379621765,0.06321967416581176,-0.060658055744087114,0.027439411426109308,0.005907527180649404,1.0950191257204804
fw1_buffered_3_scale_off_mn200,Post_GFC_Recovery,2009-07-01,2012-12-31,863,1.0302020717332798,0.04366492749039795,0.04238481817157793,-0.08250901452330017,-0.03406499773833759,-0.008050171938634375,1.1612941726493804
fw1_buffered_3_scale_off_mn200,QE_Expansion,2013-01-01,2019-12-31,1770,0.3438851225088974,0.01193053996640929,0.03469338795283477,-0.08347685105243974,-0.04012570065607888,-0.010882340738450869,1.0874090412363833
fw1_buffered_3_scale_off_mn200,COVID,2020-01-01,2020-12-31,254,2.966394263434141,0.14507475312538182,0.04890609279881475,-0.04469396571665796,0.041439584905097804,0.006653141170727579,1.1574579060516943
fw1_buffered_3_scale_off_mn200,Post_COVID_Inflation,2021-01-01,2026-03-27,1322,1.3801768792877498,0.04569785583647599,0.03311014444761507,-0.049180097293270664,0.00943579205816556,0.0020829913213387427,1.2709090126674074
fw1_buffered_3_scale_off_mn250,Full_Sample,2002-01-30,2026-03-27,5942,0.4805133540504325,0.01965577422732097,0.04090578141405408,-0.2245689517079591,-0.007556591896263115,-0.0017996026472873103,1.5895813448310894
fw1_buffered_3_scale_off_mn250,Pre_GFC,2002-01-30,2007-06-30,1227,-1.210970504568135,-0.05064493191244582,0.04182177164629388,-0.22437125805076208,-0.02903608072032788,-0.009141291464191289,0.7814590066920221
fw1_buffered_3_scale_off_mn250,GFC,2007-07-01,2009-06-30,506,0.7150704965300921,0.04520652379621765,0.06321967416581176,-0.060658055744087114,0.027439411426109308,0.005907527180649404,1.0950191257204804
fw1_buffered_3_scale_off_mn250,Post_GFC_Recovery,2009-07-01,2012-12-31,863,1.0302020717332798,0.04366492749039795,0.04238481817157793,-0.08250901452330017,-0.03406499773833759,-0.008050171938634375,1.1612941726493804
fw1_buffered_3_scale_off_mn250,QE_Expansion,2013-01-01,2019-12-31,1770,0.3438851225088974,0.01193053996640929,0.03469338795283477,-0.08347685105243974,-0.04012570065607888,-0.010882340738450869,1.0874090412363833
fw1_buffered_3_scale_off_mn250,COVID,2020-01-01,2020-12-31,254,2.966394263434141,0.14507475312538182,0.04890609279881475,-0.04469396571665796,0.041439584905097804,0.006653141170727579,1.1574579060516943
fw1_buffered_3_scale_off_mn250,Post_COVID_Inflation,2021-01-01,2026-03-27,1322,1.3801768792877498,0.04569785583647599,0.03311014444761507,-0.049180097293270664,0.00943579205816556,0.0020829913213387427,1.2709090126674074
fw3_current_locked_scale_on_strong_mn200,Full_Sample,2002-01-30,2026-03-27,5942,-0.04845158477711336,-0.0024985852625249764,0.05156870046705285,-0.3215659848428061,0.014817297325155618,0.004448577333767927,0.9427868516455905
fw3_current_locked_scale_on_strong_mn200,Pre_GFC,2002-01-30,2007-06-30,1227,-1.4747072033088102,-0.07498675850183233,0.05084857409903745,-0.3215659848428061,-0.042745832605579966,-0.016362124561209467,0.6941174489862392
fw3_current_locked_scale_on_strong_mn200,GFC,2007-07-01,2009-06-30,506,1.362909714760107,0.11823231176361594,0.08674992223122177,-0.06483018842592969,0.17551475154632895,0.05185150920000645,1.2679519680462983
fw3_current_locked_scale_on_strong_mn200,Post_GFC_Recovery,2009-07-01,2012-12-31,863,0.6185723198762635,0.03345384781597168,0.05408235503112012,-0.11118292331309798,0.016147872242204396,0.004869197238020524,1.1213868221985774
fw3_current_locked_scale_on_strong_mn200,QE_Expansion,2013-01-01,2019-12-31,1770,-0.49231878248207867,-0.01950981383781098,0.0396284166520118,-0.18251427436011647,-0.03802255504188506,-0.011778798606842021,0.8719412630392893
fw3_current_locked_scale_on_strong_mn200,COVID,2020-01-01,2020-12-31,254,0.5116852571386465,0.03236165559915807,0.06324523747298301,-0.06218720184655879,-0.16992974282677378,-0.035281383129449215,1.033156308854876
fw3_current_locked_scale_on_strong_mn200,Post_COVID_Inflation,2021-01-01,2026-03-27,1322,0.2593685547122813,0.011178856735999184,0.04310027770482794,-0.1111673817855321,0.00026793930268516683,7.699535305582896e-05,1.0603983477800214
fw3_current_locked_scale_on_strong_mn250,Full_Sample,2002-01-30,2026-03-27,5942,-0.04845158477711336,-0.0024985852625249764,0.05156870046705285,-0.3215659848428061,0.014817297325155618,0.004448577333767927,0.9427868516455905
fw3_current_locked_scale_on_strong_mn250,Pre_GFC,2002-01-30,2007-06-30,1227,-1.4747072033088102,-0.07498675850183233,0.05084857409903745,-0.3215659848428061,-0.042745832605579966,-0.016362124561209467,0.6941174489862392
fw3_current_locked_scale_on_strong_mn250,GFC,2007-07-01,2009-06-30,506,1.362909714760107,0.11823231176361594,0.08674992223122177,-0.06483018842592969,0.17551475154632895,0.05185150920000645,1.2679519680462983
fw3_current_locked_scale_on_strong_mn250,Post_GFC_Recovery,2009-07-01,2012-12-31,863,0.6185723198762635,0.03345384781597168,0.05408235503112012,-0.11118292331309798,0.016147872242204396,0.004869197238020524,1.1213868221985774
fw3_current_locked_scale_on_strong_mn250,QE_Expansion,2013-01-01,2019-12-31,1770,-0.49231878248207867,-0.01950981383781098,0.0396284166520118,-0.18251427436011647,-0.03802255504188506,-0.011778798606842021,0.8719412630392893
fw3_current_locked_scale_on_strong_mn250,COVID,2020-01-01,2020-12-31,254,0.5116852571386465,0.03236165559915807,0.06324523747298301,-0.06218720184655879,-0.16992974282677378,-0.035281383129449215,1.033156308854876
fw3_current_locked_scale_on_strong_mn250,Post_COVID_Inflation,2021-01-01,2026-03-27,1322,0.2593685547122813,0.011178856735999184,0.04310027770482794,-0.1111673817855321,0.00026793930268516683,7.699535305582896e-05,1.0603983477800214
fw3_current_locked_scale_on_mild_mn200,Full_Sample,2002-01-30,2026-03-27,5942,0.13162076352258967,0.005648623213547059,0.04291589763174108,-0.302285108141341,0.016247538681322726,0.004059492488302424,1.1424681305918312
fw3_current_locked_scale_on_mild_mn200,Pre_GFC,2002-01-30,2007-06-30,1227,-1.6223979325724063,-0.06979469681479498,0.043019468537001546,-0.302285108141341,-0.04039832923053097,-0.013082645693614819,0.7118886983384034
fw3_current_locked_scale_on_mild_mn200,GFC,2007-07-01,2009-06-30,506,1.4447082560491133,0.1021544970376629,0.07070942981735831,-0.051903601461538273,0.17789175921863276,0.04283628989722498,1.227672062589031
fw3_current_locked_scale_on_mild_mn200,Post_GFC_Recovery,2009-07-01,2012-12-31,863,0.8233189701260893,0.03686865523821428,0.044780524409109554,-0.09740318498366107,0.015924298370999478,0.003975904542659733,1.1345777029031021
fw3_current_locked_scale_on_mild_mn200,QE_Expansion,2013-01-01,2019-12-31,1770,-0.15849261194565803,-0.005219616227873053,0.03293286774567568,-0.13766696732065675,-0.03166271071993277,-0.008151370281959362,0.9640023080112021
fw3_current_locked_scale_on_mild_mn200,COVID,2020-01-01,2020-12-31,254,1.2048200432317766,0.06441269940254599,0.053462506508247576,-0.052710831201441266,-0.1484206613828683,-0.02604905983225945,1.0670778287331475
fw3_current_locked_scale_on_mild_mn200,Post_COVID_Inflation,2021-01-01,2026-03-27,1322,0.5985406197967076,0.021612921505372393,0.036109364662189766,-0.07113593042927269,-0.006986286998693211,-0.0016819546942589403,1.12005979507496
fw3_current_locked_scale_on_mild_mn250,Full_Sample,2002-01-30,2026-03-27,5942,0.13162076352258967,0.005648623213547059,0.04291589763174108,-0.302285108141341,0.016247538681322726,0.004059492488302424,1.1424681305918312
fw3_current_locked_scale_on_mild_mn250,Pre_GFC,2002-01-30,2007-06-30,1227,-1.6223979325724063,-0.06979469681479498,0.043019468537001546,-0.302285108141341,-0.04039832923053097,-0.013082645693614819,0.7118886983384034
fw3_current_locked_scale_on_mild_mn250,GFC,2007-07-01,2009-06-30,506,1.4447082560491133,0.1021544970376629,0.07070942981735831,-0.051903601461538273,0.17789175921863276,0.04283628989722498,1.227672062589031
fw3_current_locked_scale_on_mild_mn250,Post_GFC_Recovery,2009-07-01,2012-12-31,863,0.8233189701260893,0.03686865523821428,0.044780524409109554,-0.09740318498366107,0.015924298370999478,0.003975904542659733,1.1345777029031021
fw3_current_locked_scale_on_mild_mn250,QE_Expansion,2013-01-01,2019-12-31,1770,-0.15849261194565803,-0.005219616227873053,0.03293286774567568,-0.13766696732065675,-0.03166271071993277,-0.008151370281959362,0.9640023080112021
fw3_current_locked_scale_on_mild_mn250,COVID,2020-01-01,2020-12-31,254,1.2048200432317766,0.06441269940254599,0.053462506508247576,-0.052710831201441266,-0.1484206613828683,-0.02604905983225945,1.0670778287331475
fw3_current_locked_scale_on_mild_mn250,Post_COVID_Inflation,2021-01-01,2026-03-27,1322,0.5985406197967076,0.021612921505372393,0.036109364662189766,-0.07113593042927269,-0.006986286998693211,-0.0016819546942589403,1.12005979507496
fw3_current_locked_scale_off_mn200,Full_Sample,2002-01-30,2026-03-27,5942,0.31690320846108777,0.012890828037663577,0.04067749298046766,-0.3010755580087574,0.016625633024440017,0.003937298404036515,1.3552115132314535
fw3_current_locked_scale_off_mn200,Pre_GFC,2002-01-30,2007-06-30,1227,-1.6743265927732047,-0.06970880047890964,0.0416339325790975,-0.3010755580087574,-0.034923196525345465,-0.010945322373296061,0.7121864962035012
fw3_current_locked_scale_off_mn200,GFC,2007-07-01,2009-06-30,506,1.4766016560734538,0.09329930853144498,0.06318515772191698,-0.043259571458105106,0.17284089753250853,0.03719120678046675,1.2060361678317195
fw3_current_locked_scale_off_mn200,Post_GFC_Recovery,2009-07-01,2012-12-31,863,0.9898209105046543,0.041628941227956205,0.04205704363906794,-0.09193103837126304,0.01454260224842532,0.0034101017260450136,1.1532252755408914
fw3_current_locked_scale_off_mn200,QE_Expansion,2013-01-01,2019-12-31,1770,0.22147969036160256,0.007004425585890338,0.0316255886688953,-0.11308507572438187,-0.021679642972550053,-0.005359739997423403,1.0504280535466357
fw3_current_locked_scale_off_mn200,COVID,2020-01-01,2020-12-31,254,1.84211705808644,0.09644546182042335,0.05235577261339149,-0.04957699453567754,-0.11179505793342595,-0.01921478603657234,1.1020927826773828
fw3_current_locked_scale_off_mn200,Post_COVID_Inflation,2021-01-01,2026-03-27,1322,0.9028938804627611,0.03184553056079295,0.03527051323514468,-0.06718819681896204,-0.014354396687514728,-0.003375551565579032,1.1818283214220164
fw3_current_locked_scale_off_mn250,Full_Sample,2002-01-30,2026-03-27,5942,0.31690320846108777,0.012890828037663577,0.04067749298046766,-0.3010755580087574,0.016625633024440017,0.003937298404036515,1.3552115132314535
fw3_current_locked_scale_off_mn250,Pre_GFC,2002-01-30,2007-06-30,1227,-1.6743265927732047,-0.06970880047890964,0.0416339325790975,-0.3010755580087574,-0.034923196525345465,-0.010945322373296061,0.7121864962035012
fw3_current_locked_scale_off_mn250,GFC,2007-07-01,2009-06-30,506,1.4766016560734538,0.09329930853144498,0.06318515772191698,-0.043259571458105106,0.17284089753250853,0.03719120678046675,1.2060361678317195
fw3_current_locked_scale_off_mn250,Post_GFC_Recovery,2009-07-01,2012-12-31,863,0.9898209105046543,0.041628941227956205,0.04205704363906794,-0.09193103837126304,0.01454260224842532,0.0034101017260450136,1.1532252755408914
fw3_current_locked_scale_off_mn250,QE_Expansion,2013-01-01,2019-12-31,1770,0.22147969036160256,0.007004425585890338,0.0316255886688953,-0.11308507572438187,-0.021679642972550053,-0.005359739997423403,1.0504280535466357
fw3_current_locked_scale_off_mn250,COVID,2020-01-01,2020-12-31,254,1.84211705808644,0.09644546182042335,0.05235577261339149,-0.04957699453567754,-0.11179505793342595,-0.01921478603657234,1.1020927826773828
fw3_current_locked_scale_off_mn250,Post_COVID_Inflation,2021-01-01,2026-03-27,1322,0.9028938804627611,0.03184553056079295,0.03527051323514468,-0.06718819681896204,-0.014354396687514728,-0.003375551565579032,1.1818283214220164
fw3_buffered_1_scale_on_strong_mn200,Full_Sample,2002-01-30,2026-03-27,5942,-0.01726310109195694,-0.0009413496613245499,0.05452958053771315,-0.3308893240593649,0.019314026271167906,0.006131559353512798,0.9780481008028964
fw3_buffered_1_scale_on_strong_mn200,Pre_GFC,2002-01-30,2007-06-30,1227,-1.4232157649586907,-0.07707916043656325,0.05415845041514172,-0.3308893240593649,-0.034423454936449445,-0.014034205165984186,0.6870816782715422
fw3_buffered_1_scale_on_strong_mn200,GFC,2007-07-01,2009-06-30,506,1.564896642852333,0.146555234714605,0.09365170242009029,-0.08855341711519671,0.17608091942799214,0.05615735669893684,1.3421510743068548
fw3_buffered_1_scale_on_strong_mn200,Post_GFC_Recovery,2009-07-01,2012-12-31,863,0.796699469517679,0.045502702425115005,0.05711401120006054,-0.10523375050448025,0.004939426425110038,0.0015729164362503951,1.1686259993486114
fw3_buffered_1_scale_on_strong_mn200,QE_Expansion,2013-01-01,2019-12-31,1770,-0.3975467217855716,-0.01666131643190397,0.0419103353615144,-0.17732248937994566,-0.02284895281995349,-0.007485837846622516,0.8895621416110698
fw3_buffered_1_scale_on_strong_mn200,COVID,2020-01-01,2020-12-31,254,0.3918263212870081,0.024321982166112872,0.06207337497446301,-0.04644575360545833,-0.1889279839689109,-0.038499050958195356,1.0248179773737205
fw3_buffered_1_scale_on_strong_mn200,Post_COVID_Inflation,2021-01-01,2026-03-27,1322,-0.019038554745936076,-0.0008550712376054227,0.0449126128015544,-0.12812133916474067,0.012386038938328573,0.0037089312697958714,0.9955243150064392
fw3_buffered_1_scale_on_strong_mn250,Full_Sample,2002-01-30,2026-03-27,5942,-0.01726310109195694,-0.0009413496613245499,0.05452958053771315,-0.3308893240593649,0.019314026271167906,0.006131559353512798,0.9780481008028964
fw3_buffered_1_scale_on_strong_mn250,Pre_GFC,2002-01-30,2007-06-30,1227,-1.4232157649586907,-0.07707916043656325,0.05415845041514172,-0.3308893240593649,-0.034423454936449445,-0.014034205165984186,0.6870816782715422
fw3_buffered_1_scale_on_strong_mn250,GFC,2007-07-01,2009-06-30,506,1.564896642852333,0.146555234714605,0.09365170242009029,-0.08855341711519671,0.17608091942799214,0.05615735669893684,1.3421510743068548
fw3_buffered_1_scale_on_strong_mn250,Post_GFC_Recovery,2009-07-01,2012-12-31,863,0.796699469517679,0.045502702425115005,0.05711401120006054,-0.10523375050448025,0.004939426425110038,0.0015729164362503951,1.1686259993486114
fw3_buffered_1_scale_on_strong_mn250,QE_Expansion,2013-01-01,2019-12-31,1770,-0.3975467217855716,-0.01666131643190397,0.0419103353615144,-0.17732248937994566,-0.02284895281995349,-0.007485837846622516,0.8895621416110698
fw3_buffered_1_scale_on_strong_mn250,COVID,2020-01-01,2020-12-31,254,0.3918263212870081,0.024321982166112872,0.06207337497446301,-0.04644575360545833,-0.1889279839689109,-0.038499050958195356,1.0248179773737205
fw3_buffered_1_scale_on_strong_mn250,Post_COVID_Inflation,2021-01-01,2026-03-27,1322,-0.019038554745936076,-0.0008550712376054227,0.0449126128015544,-0.12812133916474067,0.012386038938328573,0.0037089312697958714,0.9955243150064392
fw3_buffered_1_scale_on_mild_mn200,Full_Sample,2002-01-30,2026-03-27,5942,0.1292060458071968,0.0058781510596293204,0.04549439635665955,-0.31695428735382014,0.02071067221850235,0.0054855232999841234,1.1486680684877182
fw3_buffered_1_scale_on_mild_mn200,Pre_GFC,2002-01-30,2007-06-30,1227,-1.5966016038475306,-0.07349177359490801,0.0460301263745481,-0.31695428735382014,-0.03343255453096749,-0.011584541876247502,0.6991884698668066
fw3_buffered_1_scale_on_mild_mn200,GFC,2007-07-01,2009-06-30,506,1.6405958949565804,0.12542249515623838,0.07644935327572411,-0.07080089653219368,0.17944208608312137,0.046717200397602,1.2863907218710615
fw3_buffered_1_scale_on_mild_mn200,Post_GFC_Recovery,2009-07-01,2012-12-31,863,0.9338720396027959,0.044325258644845246,0.0474639530526025,-0.08824422786061303,0.005665750903261644,0.0014993666609919255,1.1639232625249973
fw3_buffered_1_scale_on_mild_mn200,QE_Expansion,2013-01-01,2019-12-31,1770,-0.10768494291834305,-0.00376150403589674,0.034930640570140524,-0.12712531678697048,-0.01436075130257891,-0.003921359776357282,0.9739258692154201
fw3_buffered_1_scale_on_mild_mn200,COVID,2020-01-01,2020-12-31,254,1.1431984338521053,0.059912477699796,0.05240776747560418,-0.041272222440803086,-0.17292771242026328,-0.029751483823884,1.0622485909706822
fw3_buffered_1_scale_on_mild_mn200,Post_COVID_Inflation,2021-01-01,2026-03-27,1322,0.2969796660700806,0.01121481985287485,0.03776292162113349,-0.0808231587811542,0.0053662011181401514,0.0013510784164016058,1.0605984252788359
fw3_buffered_1_scale_on_mild_mn250,Full_Sample,2002-01-30,2026-03-27,5942,0.1292060458071968,0.0058781510596293204,0.04549439635665955,-0.31695428735382014,0.02071067221850235,0.0054855232999841234,1.1486680684877182
fw3_buffered_1_scale_on_mild_mn250,Pre_GFC,2002-01-30,2007-06-30,1227,-1.5966016038475306,-0.07349177359490801,0.0460301263745481,-0.31695428735382014,-0.03343255453096749,-0.011584541876247502,0.6991884698668066
fw3_buffered_1_scale_on_mild_mn250,GFC,2007-07-01,2009-06-30,506,1.6405958949565804,0.12542249515623838,0.07644935327572411,-0.07080089653219368,0.17944208608312137,0.046717200397602,1.2863907218710615
fw3_buffered_1_scale_on_mild_mn250,Post_GFC_Recovery,2009-07-01,2012-12-31,863,0.9338720396027959,0.044325258644845246,0.0474639530526025,-0.08824422786061303,0.005665750903261644,0.0014993666609919255,1.1639232625249973
fw3_buffered_1_scale_on_mild_mn250,QE_Expansion,2013-01-01,2019-12-31,1770,-0.10768494291834305,-0.00376150403589674,0.034930640570140524,-0.12712531678697048,-0.01436075130257891,-0.003921359776357282,0.9739258692154201
fw3_buffered_1_scale_on_mild_mn250,COVID,2020-01-01,2020-12-31,254,1.1431984338521053,0.059912477699796,0.05240776747560418,-0.041272222440803086,-0.17292771242026328,-0.029751483823884,1.0622485909706822
fw3_buffered_1_scale_on_mild_mn250,Post_COVID_Inflation,2021-01-01,2026-03-27,1322,0.2969796660700806,0.01121481985287485,0.03776292162113349,-0.0808231587811542,0.0053662011181401514,0.0013510784164016058,1.0605984252788359
fw3_buffered_1_scale_off_mn200,Full_Sample,2002-01-30,2026-03-27,5942,0.27613169704440554,0.011948534715300425,0.043271145048512656,-0.32139004271729044,0.02070423274412458,0.005215830753044675,1.325432554269608
fw3_buffered_1_scale_off_mn200,Pre_GFC,2002-01-30,2007-06-30,1227,-1.6707221487440793,-0.07507800036972656,0.04493745439728829,-0.32119851566666624,-0.02996061163557752,-0.010135058901544442,0.6938091481625801
fw3_buffered_1_scale_off_mn200,GFC,2007-07-01,2009-06-30,506,1.6531513918484686,0.1132711370011293,0.06851830846204313,-0.05873875659977024,0.17536765724531306,0.04091992385303484,1.255383685403093
fw3_buffered_1_scale_off_mn200,Post_GFC_Recovery,2009-07-01,2012-12-31,863,1.0104289551429602,0.04530706770723516,0.044839439207108735,-0.08268168180232816,0.006225657964345436,0.0015564382558373357,1.167843315713815
fw3_buffered_1_scale_off_mn200,QE_Expansion,2013-01-01,2019-12-31,1770,0.21873711589288894,0.007348090241132474,0.033593248274932375,-0.111770017540333,-0.003619935082324791,-0.0009506174024802256,1.0529666763054177
fw3_buffered_1_scale_off_mn200,COVID,2020-01-01,2020-12-31,254,1.8518555077929153,0.09492818628760516,0.05126111939518586,-0.03941415729151887,-0.14008242818118719,-0.023573285795035186,1.1004086211430923
fw3_buffered_1_scale_off_mn200,Post_COVID_Inflation,2021-01-01,2026-03-27,1322,0.6039176303693451,0.022379596016791282,0.03705736493088358,-0.06763958021913752,-0.002835936415646909,-0.000700678912432927,1.1245737457226714
fw3_buffered_1_scale_off_mn250,Full_Sample,2002-01-30,2026-03-27,5942,0.27613169704440554,0.011948534715300425,0.043271145048512656,-0.32139004271729044,0.02070423274412458,0.005215830753044675,1.325432554269608
fw3_buffered_1_scale_off_mn250,Pre_GFC,2002-01-30,2007-06-30,1227,-1.6707221487440793,-0.07507800036972656,0.04493745439728829,-0.32119851566666624,-0.02996061163557752,-0.010135058901544442,0.6938091481625801
fw3_buffered_1_scale_off_mn250,GFC,2007-07-01,2009-06-30,506,1.6531513918484686,0.1132711370011293,0.06851830846204313,-0.05873875659977024,0.17536765724531306,0.04091992385303484,1.255383685403093
fw3_buffered_1_scale_off_mn250,Post_GFC_Recovery,2009-07-01,2012-12-31,863,1.0104289551429602,0.04530706770723516,0.044839439207108735,-0.08268168180232816,0.006225657964345436,0.0015564382558373357,1.167843315713815
fw3_buffered_1_scale_off_mn250,QE_Expansion,2013-01-01,2019-12-31,1770,0.21873711589288894,0.007348090241132474,0.033593248274932375,-0.111770017540333,-0.003619935082324791,-0.0009506174024802256,1.0529666763054177
fw3_buffered_1_scale_off_mn250,COVID,2020-01-01,2020-12-31,254,1.8518555077929153,0.09492818628760516,0.05126111939518586,-0.03941415729151887,-0.14008242818118719,-0.023573285795035186,1.1004086211430923
fw3_buffered_1_scale_off_mn250,Post_COVID_Inflation,2021-01-01,2026-03-27,1322,0.6039176303693451,0.022379596016791282,0.03705736493088358,-0.06763958021913752,-0.002835936415646909,-0.000700678912432927,1.1245737457226714
fw3_buffered_2_scale_on_strong_mn200,Full_Sample,2002-01-30,2026-03-27,5942,0.1492922267817781,0.008596637470842088,0.05758261937781849,-0.2538957319862156,0.02752115291983139,0.009226224158732678,1.2247089860669331
fw3_buffered_2_scale_on_strong_mn200,Pre_GFC,2002-01-30,2007-06-30,1227,-0.9126129575122999,-0.054153829197058294,0.05933931657586445,-0.2538957319862156,-0.02029714084169379,-0.009066601761861989,0.7682211948966456
fw3_buffered_2_scale_on_strong_mn200,GFC,2007-07-01,2009-06-30,506,1.5830154791329911,0.16117470614902837,0.10181499061354907,-0.1067178857426554,0.17988437842387892,0.062371165447371736,1.3821338549606723
fw3_buffered_2_scale_on_strong_mn200,Post_GFC_Recovery,2009-07-01,2012-12-31,863,1.057497247777494,0.06258064209403139,0.05917806616098056,-0.0737825777141149,-0.004852417094642614,-0.0016010517164918592,1.239011476831998
fw3_buffered_2_scale_on_strong_mn200,QE_Expansion,2013-01-01,2019-12-31,1770,-0.34770289871833715,-0.014746032391180065,0.04240986326411201,-0.17071281393401483,-0.01292080538792455,-0.004283605189175309,0.9016099118021936
fw3_buffered_2_scale_on_strong_mn200,COVID,2020-01-01,2020-12-31,254,0.02699184444790533,0.0016529160982266399,0.061237612028210715,-0.06691083271336917,-0.16422972000913846,-0.03301553764963198,1.0016674230864513
fw3_buffered_2_scale_on_strong_mn200,Post_COVID_Inflation,2021-01-01,2026-03-27,1322,0.12307739392464126,0.005784500364157254,0.04699888565806838,-0.12300037134327713,0.0144071537296882,0.0045145428007282475,1.030810795366433
fw3_buffered_2_scale_on_strong_mn250,Full_Sample,2002-01-30,2026-03-27,5942,0.1492922267817781,0.008596637470842088,0.05758261937781849,-0.2538957319862156,0.02752115291983139,0.009226224158732678,1.2247089860669331
fw3_buffered_2_scale_on_strong_mn250,Pre_GFC,2002-01-30,2007-06-30,1227,-0.9126129575122999,-0.054153829197058294,0.05933931657586445,-0.2538957319862156,-0.02029714084169379,-0.009066601761861989,0.7682211948966456
fw3_buffered_2_scale_on_strong_mn250,GFC,2007-07-01,2009-06-30,506,1.5830154791329911,0.16117470614902837,0.10181499061354907,-0.1067178857426554,0.17988437842387892,0.062371165447371736,1.3821338549606723
fw3_buffered_2_scale_on_strong_mn250,Post_GFC_Recovery,2009-07-01,2012-12-31,863,1.057497247777494,0.06258064209403139,0.05917806616098056,-0.0737825777141149,-0.004852417094642614,-0.0016010517164918592,1.239011476831998
fw3_buffered_2_scale_on_strong_mn250,QE_Expansion,2013-01-01,2019-12-31,1770,-0.34770289871833715,-0.014746032391180065,0.04240986326411201,-0.17071281393401483,-0.01292080538792455,-0.004283605189175309,0.9016099118021936
fw3_buffered_2_scale_on_strong_mn250,COVID,2020-01-01,2020-12-31,254,0.02699184444790533,0.0016529160982266399,0.061237612028210715,-0.06691083271336917,-0.16422972000913846,-0.03301553764963198,1.0016674230864513
fw3_buffered_2_scale_on_strong_mn250,Post_COVID_Inflation,2021-01-01,2026-03-27,1322,0.12307739392464126,0.005784500364157254,0.04699888565806838,-0.12300037134327713,0.0144071537296882,0.0045145428007282475,1.030810795366433
fw3_buffered_2_scale_on_mild_mn200,Full_Sample,2002-01-30,2026-03-27,5942,0.29782958184409114,0.014263238863466726,0.0478906050069039,-0.24328797195003737,0.026931023062102318,0.007508775800575943,1.399784248282803
fw3_buffered_2_scale_on_mild_mn200,Pre_GFC,2002-01-30,2007-06-30,1227,-1.0690266679770153,-0.05310277636682107,0.04967394917033334,-0.24328797195003737,-0.022877778650791734,-0.00855479638508243,0.7721627409503142
fw3_buffered_2_scale_on_mild_mn200,GFC,2007-07-01,2009-06-30,506,1.6532815586338394,0.13749170660069945,0.08316291068673949,-0.09176941879165557,0.17755858932601132,0.050286342720511135,1.3179462018427892
fw3_buffered_2_scale_on_mild_mn200,Post_GFC_Recovery,2009-07-01,2012-12-31,863,1.1677512596650816,0.05764649877932802,0.04936539207490249,-0.0613822967693628,-0.008311969606195613,-0.0022877733919880123,1.2182511938648337
fw3_buffered_2_scale_on_mild_mn200,QE_Expansion,2013-01-01,2019-12-31,1770,-0.04019259631683484,-0.001422537374461968,0.03539302022810933,-0.10210166199302251,-0.004603324730942697,-0.001273626876537894,0.9900581189577322
fw3_buffered_2_scale_on_mild_mn200,COVID,2020-01-01,2020-12-31,254,0.8693216525891773,0.04506651571364511,0.051841013713876255,-0.03745267949175779,-0.14488630711318928,-0.0246575091562912,1.0464716648989434
fw3_buffered_2_scale_on_mild_mn200,Post_COVID_Inflation,2021-01-01,2026-03-27,1322,0.4159542572089828,0.0163846717880685,0.03939056159205638,-0.08048863761758895,0.009827206380686652,0.002580894623357453,1.0897567523431135
fw3_buffered_2_scale_on_mild_mn250,Full_Sample,2002-01-30,2026-03-27,5942,0.29782958184409114,0.014263238863466726,0.0478906050069039,-0.24328797195003737,0.026931023062102318,0.007508775800575943,1.399784248282803
fw3_buffered_2_scale_on_mild_mn250,Pre_GFC,2002-01-30,2007-06-30,1227,-1.0690266679770153,-0.05310277636682107,0.04967394917033334,-0.24328797195003737,-0.022877778650791734,-0.00855479638508243,0.7721627409503142
fw3_buffered_2_scale_on_mild_mn250,GFC,2007-07-01,2009-06-30,506,1.6532815586338394,0.13749170660069945,0.08316291068673949,-0.09176941879165557,0.17755858932601132,0.050286342720511135,1.3179462018427892
fw3_buffered_2_scale_on_mild_mn250,Post_GFC_Recovery,2009-07-01,2012-12-31,863,1.1677512596650816,0.05764649877932802,0.04936539207490249,-0.0613822967693628,-0.008311969606195613,-0.0022877733919880123,1.2182511938648337
fw3_buffered_2_scale_on_mild_mn250,QE_Expansion,2013-01-01,2019-12-31,1770,-0.04019259631683484,-0.001422537374461968,0.03539302022810933,-0.10210166199302251,-0.004603324730942697,-0.001273626876537894,0.9900581189577322
fw3_buffered_2_scale_on_mild_mn250,COVID,2020-01-01,2020-12-31,254,0.8693216525891773,0.04506651571364511,0.051841013713876255,-0.03745267949175779,-0.14488630711318928,-0.0246575091562912,1.0464716648989434
fw3_buffered_2_scale_on_mild_mn250,Post_COVID_Inflation,2021-01-01,2026-03-27,1322,0.4159542572089828,0.0163846717880685,0.03939056159205638,-0.08048863761758895,0.009827206380686652,0.002580894623357453,1.0897567523431135
fw3_buffered_2_scale_off_mn200,Full_Sample,2002-01-30,2026-03-27,5942,0.438395972121235,0.019812241380311357,0.04519257164806349,-0.2590731432394783,0.02428051645734785,0.006388382880700842,1.5954567718065966
fw3_buffered_2_scale_off_mn200,Pre_GFC,2002-01-30,2007-06-30,1227,-1.1867623470966961,-0.0557365473194097,0.04696521376479797,-0.2500886225986496,-0.02448847401359995,-0.008657752400465108,0.7623237818199713
fw3_buffered_2_scale_off_mn200,GFC,2007-07-01,2009-06-30,506,1.6622067242870098,0.1237625529624683,0.0744567755346768,-0.08345145114660657,0.16685768171936222,0.04230864470915783,1.282110243804848
fw3_buffered_2_scale_off_mn200,Post_GFC_Recovery,2009-07-01,2012-12-31,863,1.1909261950760073,0.05593169871416567,0.04696487401605605,-0.055552827782064385,-0.01147586809681829,-0.003005004847823924,1.211117967325713
fw3_buffered_2_scale_off_mn200,QE_Expansion,2013-01-01,2019-12-31,1770,0.29864869901597657,0.01022800911573789,0.034247626557351016,-0.09240753573923433,0.004966060431378714,0.0013295217849927342,1.0744829701011127
fw3_buffered_2_scale_off_mn200,COVID,2020-01-01,2020-12-31,254,1.6946942459139407,0.08641501411100314,0.05099150735854415,-0.03130942444012841,-0.11067232094927208,-0.018526152843495312,1.0910066995301555
fw3_buffered_2_scale_off_mn200,Post_COVID_Inflation,2021-01-01,2026-03-27,1322,0.6947752636909178,0.026601501009335116,0.038287921864139984,-0.07498478465691583,0.00383159040127776,0.0009781126937621573,1.1497589581386078
fw3_buffered_2_scale_off_mn250,Full_Sample,2002-01-30,2026-03-27,5942,0.438395972121235,0.019812241380311357,0.04519257164806349,-0.2590731432394783,0.02428051645734785,0.006388382880700842,1.5954567718065966
fw3_buffered_2_scale_off_mn250,Pre_GFC,2002-01-30,2007-06-30,1227,-1.1867623470966961,-0.0557365473194097,0.04696521376479797,-0.2500886225986496,-0.02448847401359995,-0.008657752400465108,0.7623237818199713
fw3_buffered_2_scale_off_mn250,GFC,2007-07-01,2009-06-30,506,1.6622067242870098,0.1237625529624683,0.0744567755346768,-0.08345145114660657,0.16685768171936222,0.04230864470915783,1.282110243804848
fw3_buffered_2_scale_off_mn250,Post_GFC_Recovery,2009-07-01,2012-12-31,863,1.1909261950760073,0.05593169871416567,0.04696487401605605,-0.055552827782064385,-0.01147586809681829,-0.003005004847823924,1.211117967325713
fw3_buffered_2_scale_off_mn250,QE_Expansion,2013-01-01,2019-12-31,1770,0.29864869901597657,0.01022800911573789,0.034247626557351016,-0.09240753573923433,0.004966060431378714,0.0013295217849927342,1.0744829701011127
fw3_buffered_2_scale_off_mn250,COVID,2020-01-01,2020-12-31,254,1.6946942459139407,0.08641501411100314,0.05099150735854415,-0.03130942444012841,-0.11067232094927208,-0.018526152843495312,1.0910066995301555
fw3_buffered_2_scale_off_mn250,Post_COVID_Inflation,2021-01-01,2026-03-27,1322,0.6947752636909178,0.026601501009335116,0.038287921864139984,-0.07498478465691583,0.00383159040127776,0.0009781126937621573,1.1497589581386078
fw3_buffered_3_scale_on_strong_mn200,Full_Sample,2002-01-30,2026-03-27,5942,-0.01995008786262495,-0.0010304927792419382,0.05165354590605549,-0.34041753234241034,0.016780537279568967,0.005046287201628573,0.9759944632805778
fw3_buffered_3_scale_on_strong_mn200,Pre_GFC,2002-01-30,2007-06-30,1227,-1.4871940150883043,-0.07615017033609292,0.051203924681993425,-0.3317611127980713,-0.032316029372435696,-0.012456280492895665,0.6901965923206778
fw3_buffered_3_scale_on_strong_mn200,GFC,2007-07-01,2009-06-30,506,1.6847800374900377,0.14598933646015722,0.08665186743169757,-0.07287202403850679,0.1656874365314762,0.048892944094163636,1.3406268705935078
fw3_buffered_3_scale_on_strong_mn200,Post_GFC_Recovery,2009-07-01,2012-12-31,863,0.7074403469686287,0.03755913986847032,0.05309159991992353,-0.10697290398149562,-0.0009323504833055828,-0.00027598881437183566,1.1372637405205495
fw3_buffered_3_scale_on_strong_mn200,QE_Expansion,2013-01-01,2019-12-31,1770,-0.36696354311496887,-0.01481781702598643,0.0403795344360517,-0.19514221595364012,-0.0183835367081009,-0.005802876830784182,0.9011554332246714
fw3_buffered_3_scale_on_strong_mn200,COVID,2020-01-01,2020-12-31,254,0.5662151843837104,0.036145453658608356,0.06383695572903154,-0.042771858742779334,-0.18047901478229736,-0.03782224070941227,1.0371041128614356
fw3_buffered_3_scale_on_strong_mn200,Post_COVID_Inflation,2021-01-01,2026-03-27,1322,-0.034003769850845744,-0.001455733843032968,0.04281095447411872,-0.11878181208476979,0.022555874565315777,0.006438172443657125,0.9923922605111496
fw3_buffered_3_scale_on_strong_mn250,Full_Sample,2002-01-30,2026-03-27,5942,-0.01995008786262495,-0.0010304927792419382,0.05165354590605549,-0.34041753234241034,0.016780537279568967,0.005046287201628573,0.9759944632805778
fw3_buffered_3_scale_on_strong_mn250,Pre_GFC,2002-01-30,2007-06-30,1227,-1.4871940150883043,-0.07615017033609292,0.051203924681993425,-0.3317611127980713,-0.032316029372435696,-0.012456280492895665,0.6901965923206778
fw3_buffered_3_scale_on_strong_mn250,GFC,2007-07-01,2009-06-30,506,1.6847800374900377,0.14598933646015722,0.08665186743169757,-0.07287202403850679,0.1656874365314762,0.048892944094163636,1.3406268705935078
fw3_buffered_3_scale_on_strong_mn250,Post_GFC_Recovery,2009-07-01,2012-12-31,863,0.7074403469686287,0.03755913986847032,0.05309159991992353,-0.10697290398149562,-0.0009323504833055828,-0.00027598881437183566,1.1372637405205495
fw3_buffered_3_scale_on_strong_mn250,QE_Expansion,2013-01-01,2019-12-31,1770,-0.36696354311496887,-0.01481781702598643,0.0403795344360517,-0.19514221595364012,-0.0183835367081009,-0.005802876830784182,0.9011554332246714
fw3_buffered_3_scale_on_strong_mn250,COVID,2020-01-01,2020-12-31,254,0.5662151843837104,0.036145453658608356,0.06383695572903154,-0.042771858742779334,-0.18047901478229736,-0.03782224070941227,1.0371041128614356
fw3_buffered_3_scale_on_strong_mn250,Post_COVID_Inflation,2021-01-01,2026-03-27,1322,-0.034003769850845744,-0.001455733843032968,0.04281095447411872,-0.11878181208476979,0.022555874565315777,0.006438172443657125,0.9923922605111496
fw3_buffered_3_scale_on_mild_mn200,Full_Sample,2002-01-30,2026-03-27,5942,0.13095705709429756,0.005636895254531582,0.04304384490308646,-0.32131518236036893,0.01840604475233871,0.004612511833317126,1.1421522386173362
fw3_buffered_3_scale_on_mild_mn200,Pre_GFC,2002-01-30,2007-06-30,1227,-1.670476009109948,-0.07244474397744652,0.0433677248774414,-0.3163755350157176,-0.02858237313403283,-0.009331083130313375,0.7027620600100019
fw3_buffered_3_scale_on_mild_mn200,GFC,2007-07-01,2009-06-30,506,1.8401155797901403,0.1305235432266496,0.07093225265857236,-0.056601289408540256,0.16849004412750682,0.04070021282390428,1.299634391480308
fw3_buffered_3_scale_on_mild_mn200,Post_GFC_Recovery,2009-07-01,2012-12-31,863,0.8317329989617169,0.03667207248249098,0.04409115969700623,-0.09917370876871545,3.881209613251022e-05,9.541245877766278e-06,1.1338141419016152
fw3_buffered_3_scale_on_mild_mn200,QE_Expansion,2013-01-01,2019-12-31,1770,-0.05102467109239547,-0.001713183378180551,0.03357558885736507,-0.14744335954217191,-0.01096451344688277,-0.00287783560362156,0.9880390341875603
fw3_buffered_3_scale_on_mild_mn200,COVID,2020-01-01,2020-12-31,254,1.259139764996971,0.06694398987361533,0.053166448820537705,-0.03293832323180568,-0.17310866352832216,-0.030213763905226343,1.0698038258957119
fw3_buffered_3_scale_on_mild_mn200,Post_COVID_Inflation,2021-01-01,2026-03-27,1322,0.22557212390724302,0.008108761111316495,0.0359475318619196,-0.07224004270834694,0.01777044638135315,0.0042590764724217,1.043456560704415
fw3_buffered_3_scale_on_mild_mn250,Full_Sample,2002-01-30,2026-03-27,5942,0.13095705709429756,0.005636895254531582,0.04304384490308646,-0.32131518236036893,0.01840604475233871,0.004612511833317126,1.1421522386173362
fw3_buffered_3_scale_on_mild_mn250,Pre_GFC,2002-01-30,2007-06-30,1227,-1.670476009109948,-0.07244474397744652,0.0433677248774414,-0.3163755350157176,-0.02858237313403283,-0.009331083130313375,0.7027620600100019
fw3_buffered_3_scale_on_mild_mn250,GFC,2007-07-01,2009-06-30,506,1.8401155797901403,0.1305235432266496,0.07093225265857236,-0.056601289408540256,0.16849004412750682,0.04070021282390428,1.299634391480308
fw3_buffered_3_scale_on_mild_mn250,Post_GFC_Recovery,2009-07-01,2012-12-31,863,0.8317329989617169,0.03667207248249098,0.04409115969700623,-0.09917370876871545,3.881209613251022e-05,9.541245877766278e-06,1.1338141419016152
fw3_buffered_3_scale_on_mild_mn250,QE_Expansion,2013-01-01,2019-12-31,1770,-0.05102467109239547,-0.001713183378180551,0.03357558885736507,-0.14744335954217191,-0.01096451344688277,-0.00287783560362156,0.9880390341875603
fw3_buffered_3_scale_on_mild_mn250,COVID,2020-01-01,2020-12-31,254,1.259139764996971,0.06694398987361533,0.053166448820537705,-0.03293832323180568,-0.17310866352832216,-0.030213763905226343,1.0698038258957119
fw3_buffered_3_scale_on_mild_mn250,Post_COVID_Inflation,2021-01-01,2026-03-27,1322,0.22557212390724302,0.008108761111316495,0.0359475318619196,-0.07224004270834694,0.01777044638135315,0.0042590764724217,1.043456560704415
fw3_buffered_3_scale_off_mn200,Full_Sample,2002-01-30,2026-03-27,5942,0.2833464694284978,0.0115941457835265,0.04091861743296672,-0.32403067079376,0.018777270818888723,0.004473210988897234,1.3144030342594037
fw3_buffered_3_scale_off_mn200,Pre_GFC,2002-01-30,2007-06-30,1227,-1.7537097966969635,-0.073819701243526,0.042093453194229864,-0.3191269730249725,-0.02245154812247184,-0.007114231328862986,0.6980729696914352
fw3_buffered_3_scale_off_mn200,GFC,2007-07-01,2009-06-30,506,1.927054761036773,0.12367052900464565,0.06417592873080046,-0.04515469835579722,0.16309714013553492,0.035644882875944174,1.2818733595852798
fw3_buffered_3_scale_off_mn200,Post_GFC_Recovery,2009-07-01,2012-12-31,863,0.8974138626462087,0.03741012652524497,0.041686593089763004,-0.10101093000336614,0.0012689867643016358,0.0002949442696898178,1.1366835297343205
fw3_buffered_3_scale_off_mn200,QE_Expansion,2013-01-01,2019-12-31,1770,0.3037483413778897,0.009790884376392977,0.03223354021285751,-0.1202967571531246,-0.0016064042843811006,-0.00040477701093505477,1.071189064747681
fw3_buffered_3_scale_off_mn200,COVID,2020-01-01,2020-12-31,254,1.9505398322327887,0.09845586016997712,0.05047621101757989,-0.02777086706175902,-0.15164659413676754,-0.025128570461083605,1.1043282768631577
fw3_buffered_3_scale_off_mn200,Post_COVID_Inflation,2021-01-01,2026-03-27,1322,0.4775475737824599,0.016845164125941028,0.035274316216324465,-0.06304244386391578,0.010740923885428327,0.0025260867819550665,1.0923925227162448
fw3_buffered_3_scale_off_mn250,Full_Sample,2002-01-30,2026-03-27,5942,0.2833464694284978,0.0115941457835265,0.04091861743296672,-0.32403067079376,0.018777270818888723,0.004473210988897234,1.3144030342594037
fw3_buffered_3_scale_off_mn250,Pre_GFC,2002-01-30,2007-06-30,1227,-1.7537097966969635,-0.073819701243526,0.042093453194229864,-0.3191269730249725,-0.02245154812247184,-0.007114231328862986,0.6980729696914352
fw3_buffered_3_scale_off_mn250,GFC,2007-07-01,2009-06-30,506,1.927054761036773,0.12367052900464565,0.06417592873080046,-0.04515469835579722,0.16309714013553492,0.035644882875944174,1.2818733595852798
fw3_buffered_3_scale_off_mn250,Post_GFC_Recovery,2009-07-01,2012-12-31,863,0.8974138626462087,0.03741012652524497,0.041686593089763004,-0.10101093000336614,0.0012689867643016358,0.0002949442696898178,1.1366835297343205
fw3_buffered_3_scale_off_mn250,QE_Expansion,2013-01-01,2019-12-31,1770,0.3037483413778897,0.009790884376392977,0.03223354021285751,-0.1202967571531246,-0.0016064042843811006,-0.00040477701093505477,1.071189064747681
fw3_buffered_3_scale_off_mn250,COVID,2020-01-01,2020-12-31,254,1.9505398322327887,0.09845586016997712,0.05047621101757989,-0.02777086706175902,-0.15164659413676754,-0.025128570461083605,1.1043282768631577
fw3_buffered_3_scale_off_mn250,Post_COVID_Inflation,2021-01-01,2026-03-27,1322,0.4775475737824599,0.016845164125941028,0.035274316216324465,-0.06304244386391578,0.010740923885428327,0.0025260867819550665,1.0923925227162448
fw5_current_locked_scale_on_strong_mn200,Full_Sample,2002-01-30,2026-03-27,5942,0.35982087737808927,0.019422970650309717,0.0539795544712116,-0.3446361366763865,-0.0022042807089742602,-0.0006927270673959929,1.5808794654587748
fw5_current_locked_scale_on_strong_mn200,Pre_GFC,2002-01-30,2007-06-30,1227,-1.4358128097935217,-0.07091181168618994,0.049387922438432263,-0.3165445447331504,-0.0898727810722293,-0.03341304636136339,0.7080270443007864
fw5_current_locked_scale_on_strong_mn200,GFC,2007-07-01,2009-06-30,506,0.6714164928831818,0.06280511444303359,0.09354121489232005,-0.07559483169594705,0.12278369660857719,0.039113114049740834,1.1344054512356834
fw5_current_locked_scale_on_strong_mn200,Post_GFC_Recovery,2009-07-01,2012-12-31,863,1.4121618755413994,0.07541467766299334,0.05340370602632266,-0.044343608035954496,0.011003209879929355,0.003276251712562746,1.2946823099277158
fw5_current_locked_scale_on_strong_mn200,QE_Expansion,2013-01-01,2019-12-31,1770,0.5176208249927947,0.02186007527971664,0.04223183114786954,-0.11727941439406586,0.01843012227726077,0.006084446934464055,1.1659555960821744
fw5_current_locked_scale_on_strong_mn200,COVID,2020-01-01,2020-12-31,254,0.43608460533405063,0.03510582983363629,0.08050233694157681,-0.05820787656525073,-0.19202191109601882,-0.05074668181457713,1.0360179267815004
fw5_current_locked_scale_on_strong_mn200,Post_COVID_Inflation,2021-01-01,2026-03-27,1322,0.9897618576105353,0.043834051277545444,0.04428747272941877,-0.07925814253900842,-0.01485304824790336,-0.0043857564751908044,1.2585431534034912
fw5_current_locked_scale_on_strong_mn250,Full_Sample,2002-01-30,2026-03-27,5942,0.35982087737808927,0.019422970650309717,0.0539795544712116,-0.3446361366763865,-0.0022042807089742602,-0.0006927270673959929,1.5808794654587748
fw5_current_locked_scale_on_strong_mn250,Pre_GFC,2002-01-30,2007-06-30,1227,-1.4358128097935217,-0.07091181168618994,0.049387922438432263,-0.3165445447331504,-0.0898727810722293,-0.03341304636136339,0.7080270443007864
fw5_current_locked_scale_on_strong_mn250,GFC,2007-07-01,2009-06-30,506,0.6714164928831818,0.06280511444303359,0.09354121489232005,-0.07559483169594705,0.12278369660857719,0.039113114049740834,1.1344054512356834
fw5_current_locked_scale_on_strong_mn250,Post_GFC_Recovery,2009-07-01,2012-12-31,863,1.4121618755413994,0.07541467766299334,0.05340370602632266,-0.044343608035954496,0.011003209879929355,0.003276251712562746,1.2946823099277158
fw5_current_locked_scale_on_strong_mn250,QE_Expansion,2013-01-01,2019-12-31,1770,0.5176208249927947,0.02186007527971664,0.04223183114786954,-0.11727941439406586,0.01843012227726077,0.006084446934464055,1.1659555960821744
fw5_current_locked_scale_on_strong_mn250,COVID,2020-01-01,2020-12-31,254,0.43608460533405063,0.03510582983363629,0.08050233694157681,-0.05820787656525073,-0.19202191109601882,-0.05074668181457713,1.0360179267815004
fw5_current_locked_scale_on_strong_mn250,Post_COVID_Inflation,2021-01-01,2026-03-27,1322,0.9897618576105353,0.043834051277545444,0.04428747272941877,-0.07925814253900842,-0.01485304824790336,-0.0043857564751908044,1.2585431534034912
fw5_current_locked_scale_on_mild_mn200,Full_Sample,2002-01-30,2026-03-27,5942,0.512023552026897,0.02292593770398583,0.0447751624182739,-0.31555970772664454,-0.0003804868983467646,-9.918427854063927e-05,1.7170008121304166
fw5_current_locked_scale_on_mild_mn200,Pre_GFC,2002-01-30,2007-06-30,1227,-1.6435756174934233,-0.06821042124413482,0.04150123700919879,-0.30047511548685757,-0.06734410063142081,-0.021039127911810087,0.717401380803323
fw5_current_locked_scale_on_mild_mn200,GFC,2007-07-01,2009-06-30,506,0.9500993498457339,0.0728179029242251,0.07664240896075598,-0.06574211866798019,0.1154065307615176,0.03012161243976436,1.1574435370625655
fw5_current_locked_scale_on_mild_mn200,Post_GFC_Recovery,2009-07-01,2012-12-31,863,1.6241777024029578,0.0718803597794762,0.04425646262298133,-0.03413159870407245,0.00649698192679041,0.0016031524546890902,1.2791063989301816
fw5_current_locked_scale_on_mild_mn200,QE_Expansion,2013-01-01,2019-12-31,1770,0.8545386350192855,0.03009668879843095,0.035219810509505775,-0.08803453673085015,0.02605836240304826,0.00717442522030252,1.2353982767885503
fw5_current_locked_scale_on_mild_mn200,COVID,2020-01-01,2020-12-31,254,0.7981332625795591,0.05245483580973571,0.0657219016786773,-0.04684387464942019,-0.18074231674005908,-0.03899584546725857,1.0542937843185352
fw5_current_locked_scale_on_mild_mn200,Post_COVID_Inflation,2021-01-01,2026-03-27,1322,1.1155696975799196,0.04118519808275016,0.03691853424496558,-0.06462948187390527,-0.021675327917941054,-0.005335291470054567,1.2411754282274594
fw5_current_locked_scale_on_mild_mn250,Full_Sample,2002-01-30,2026-03-27,5942,0.512023552026897,0.02292593770398583,0.0447751624182739,-0.31555970772664454,-0.0003804868983467646,-9.918427854063927e-05,1.7170008121304166
fw5_current_locked_scale_on_mild_mn250,Pre_GFC,2002-01-30,2007-06-30,1227,-1.6435756174934233,-0.06821042124413482,0.04150123700919879,-0.30047511548685757,-0.06734410063142081,-0.021039127911810087,0.717401380803323
fw5_current_locked_scale_on_mild_mn250,GFC,2007-07-01,2009-06-30,506,0.9500993498457339,0.0728179029242251,0.07664240896075598,-0.06574211866798019,0.1154065307615176,0.03012161243976436,1.1574435370625655
fw5_current_locked_scale_on_mild_mn250,Post_GFC_Recovery,2009-07-01,2012-12-31,863,1.6241777024029578,0.0718803597794762,0.04425646262298133,-0.03413159870407245,0.00649698192679041,0.0016031524546890902,1.2791063989301816
fw5_current_locked_scale_on_mild_mn250,QE_Expansion,2013-01-01,2019-12-31,1770,0.8545386350192855,0.03009668879843095,0.035219810509505775,-0.08803453673085015,0.02605836240304826,0.00717442522030252,1.2353982767885503
fw5_current_locked_scale_on_mild_mn250,COVID,2020-01-01,2020-12-31,254,0.7981332625795591,0.05245483580973571,0.0657219016786773,-0.04684387464942019,-0.18074231674005908,-0.03899584546725857,1.0542937843185352
fw5_current_locked_scale_on_mild_mn250,Post_COVID_Inflation,2021-01-01,2026-03-27,1322,1.1155696975799196,0.04118519808275016,0.03691853424496558,-0.06462948187390527,-0.021675327917941054,-0.005335291470054567,1.2411754282274594
fw5_current_locked_scale_off_mn200,Full_Sample,2002-01-30,2026-03-27,5942,0.644162184574317,0.026987027332614478,0.041894771190967024,-0.3061677355367888,0.0017062846640099442,0.000416176230314114,1.8895467204965346
fw5_current_locked_scale_off_mn200,Pre_GFC,2002-01-30,2007-06-30,1227,-1.79102093785015,-0.0703791813515029,0.03929556593346277,-0.3055021500895362,-0.03790143871047776,-0.011211568599084228,0.7098656264425474
fw5_current_locked_scale_off_mn200,GFC,2007-07-01,2009-06-30,506,1.2418490830977196,0.08581886016160431,0.06910570803622466,-0.060701387145524865,0.1009274449355604,0.023752092923447175,1.1880565518656305
fw5_current_locked_scale_off_mn200,Post_GFC_Recovery,2009-07-01,2012-12-31,863,1.7368699460629735,0.07243449843012456,0.0417040427202477,-0.03146791106543423,0.0013049863217362767,0.0003034384308566512,1.2815360701866345
fw5_current_locked_scale_off_mn200,QE_Expansion,2013-01-01,2019-12-31,1770,1.1541384486448198,0.038942174451619786,0.033741337096381614,-0.07603622056250936,0.032557434388092624,0.008587474121299033,1.3145868263855263
fw5_current_locked_scale_off_mn200,COVID,2020-01-01,2020-12-31,254,1.1972653762180974,0.07044415330173207,0.05883754320554222,-0.04743372045454963,-0.15896564723901496,-0.030704793961562386,1.0735846977105745
fw5_current_locked_scale_off_mn200,Post_COVID_Inflation,2021-01-01,2026-03-27,1322,1.1480537297077469,0.040814215449102124,0.035550788602456744,-0.05562579347445962,-0.027737267381801215,-0.006574472838079346,1.2387622181900662
fw5_current_locked_scale_off_mn250,Full_Sample,2002-01-30,2026-03-27,5942,0.644162184574317,0.026987027332614478,0.041894771190967024,-0.3061677355367888,0.0017062846640099442,0.000416176230314114,1.8895467204965346
fw5_current_locked_scale_off_mn250,Pre_GFC,2002-01-30,2007-06-30,1227,-1.79102093785015,-0.0703791813515029,0.03929556593346277,-0.3055021500895362,-0.03790143871047776,-0.011211568599084228,0.7098656264425474
fw5_current_locked_scale_off_mn250,GFC,2007-07-01,2009-06-30,506,1.2418490830977196,0.08581886016160431,0.06910570803622466,-0.060701387145524865,0.1009274449355604,0.023752092923447175,1.1880565518656305
fw5_current_locked_scale_off_mn250,Post_GFC_Recovery,2009-07-01,2012-12-31,863,1.7368699460629735,0.07243449843012456,0.0417040427202477,-0.03146791106543423,0.0013049863217362767,0.0003034384308566512,1.2815360701866345
fw5_current_locked_scale_off_mn250,QE_Expansion,2013-01-01,2019-12-31,1770,1.1541384486448198,0.038942174451619786,0.033741337096381614,-0.07603622056250936,0.032557434388092624,0.008587474121299033,1.3145868263855263
fw5_current_locked_scale_off_mn250,COVID,2020-01-01,2020-12-31,254,1.1972653762180974,0.07044415330173207,0.05883754320554222,-0.04743372045454963,-0.15896564723901496,-0.030704793961562386,1.0735846977105745
fw5_current_locked_scale_off_mn250,Post_COVID_Inflation,2021-01-01,2026-03-27,1322,1.1480537297077469,0.040814215449102124,0.035550788602456744,-0.05562579347445962,-0.027737267381801215,-0.006574472838079346,1.2387622181900662
fw5_buffered_1_scale_on_strong_mn200,Full_Sample,2002-01-30,2026-03-27,5942,0.3717765601492976,0.0210417507362785,0.056597841262043466,-0.33302890295698695,0.006272962499738308,0.0020669906871832954,1.6423877408389458
fw5_buffered_1_scale_on_strong_mn200,Pre_GFC,2002-01-30,2007-06-30,1227,-1.3021547171910333,-0.0678422337199261,0.05209997923002054,-0.31800601360213343,-0.08889901882582775,-0.03486596202410927,0.7186886359643792
fw5_buffered_1_scale_on_strong_mn200,GFC,2007-07-01,2009-06-30,506,0.7644685601486058,0.07633782225278876,0.09985737312460487,-0.07627407607897863,0.12800684274934834,0.04353033475643429,1.165653064377255
fw5_buffered_1_scale_on_strong_mn200,Post_GFC_Recovery,2009-07-01,2012-12-31,863,1.1954997703053771,0.06701908265618735,0.05605946928711502,-0.050951946577237894,0.02127730189136182,0.006650464890119881,1.2579881810764844
fw5_buffered_1_scale_on_strong_mn200,QE_Expansion,2013-01-01,2019-12-31,1770,0.6060815097660192,0.026010300343733597,0.04291551536323061,-0.15425328468425725,0.027632454932145188,0.009270150419496536,1.2004438882514272
fw5_buffered_1_scale_on_strong_mn200,COVID,2020-01-01,2020-12-31,254,0.25852510615398394,0.022528117293505123,0.08714092657634118,-0.07355804987341374,-0.1672841467926823,-0.04785478107341105,1.022966676221307
fw5_buffered_1_scale_on_strong_mn200,Post_COVID_Inflation,2021-01-01,2026-03-27,1322,1.0002406014760916,0.04542187886244828,0.045410952920144965,-0.07696852289746536,-0.0060674850302952195,-0.001837034668734473,1.2690703422953575
fw5_buffered_1_scale_on_strong_mn250,Full_Sample,2002-01-30,2026-03-27,5942,0.3717765601492976,0.0210417507362785,0.056597841262043466,-0.33302890295698695,0.006272962499738308,0.0020669906871832954,1.6423877408389458
fw5_buffered_1_scale_on_strong_mn250,Pre_GFC,2002-01-30,2007-06-30,1227,-1.3021547171910333,-0.0678422337199261,0.05209997923002054,-0.31800601360213343,-0.08889901882582775,-0.03486596202410927,0.7186886359643792
fw5_buffered_1_scale_on_strong_mn250,GFC,2007-07-01,2009-06-30,506,0.7644685601486058,0.07633782225278876,0.09985737312460487,-0.07627407607897863,0.12800684274934834,0.04353033475643429,1.165653064377255
fw5_buffered_1_scale_on_strong_mn250,Post_GFC_Recovery,2009-07-01,2012-12-31,863,1.1954997703053771,0.06701908265618735,0.05605946928711502,-0.050951946577237894,0.02127730189136182,0.006650464890119881,1.2579881810764844
fw5_buffered_1_scale_on_strong_mn250,QE_Expansion,2013-01-01,2019-12-31,1770,0.6060815097660192,0.026010300343733597,0.04291551536323061,-0.15425328468425725,0.027632454932145188,0.009270150419496536,1.2004438882514272
fw5_buffered_1_scale_on_strong_mn250,COVID,2020-01-01,2020-12-31,254,0.25852510615398394,0.022528117293505123,0.08714092657634118,-0.07355804987341374,-0.1672841467926823,-0.04785478107341105,1.022966676221307
fw5_buffered_1_scale_on_strong_mn250,Post_COVID_Inflation,2021-01-01,2026-03-27,1322,1.0002406014760916,0.04542187886244828,0.045410952920144965,-0.07696852289746536,-0.0060674850302952195,-0.001837034668734473,1.2690703422953575
fw5_buffered_1_scale_on_mild_mn200,Full_Sample,2002-01-30,2026-03-27,5942,0.5104031921641515,0.023969191491623337,0.046961288368891255,-0.3060870620634333,0.00973623446319572,0.0026619321944825274,1.7597615498615535
fw5_buffered_1_scale_on_mild_mn200,Pre_GFC,2002-01-30,2007-06-30,1227,-1.4971257073028468,-0.06556410058119527,0.043793316928150645,-0.300047595451885,-0.06209462127258929,-0.020470523898100453,0.7267049514088867
fw5_buffered_1_scale_on_mild_mn200,GFC,2007-07-01,2009-06-30,506,0.9979222829207897,0.08140572391213653,0.08157521412777004,-0.06600093220189174,0.12180890397025727,0.033838876991922,1.1775753366105932
fw5_buffered_1_scale_on_mild_mn200,Post_GFC_Recovery,2009-07-01,2012-12-31,863,1.356763411894319,0.06326401091284356,0.04662862394300129,-0.04679028843789235,0.01771115720016135,0.004604537395349662,1.241914490124667
fw5_buffered_1_scale_on_mild_mn200,QE_Expansion,2013-01-01,2019-12-31,1770,0.9500213440209622,0.034180762378327935,0.03597894151899574,-0.12746858521344506,0.035181959331069934,0.009895127243898488,1.2713497918845458
fw5_buffered_1_scale_on_mild_mn200,COVID,2020-01-01,2020-12-31,254,0.6544818638756777,0.046507759812924473,0.0710604256281712,-0.05638332735576268,-0.15030781632536389,-0.03506370020657986,1.0479929607322886
fw5_buffered_1_scale_on_mild_mn200,Post_COVID_Inflation,2021-01-01,2026-03-27,1322,1.0939349897772879,0.041430430512030325,0.037872845186591085,-0.06323942596507148,-0.013116347917489729,-0.003311988988128497,1.2427732243875327
fw5_buffered_1_scale_on_mild_mn250,Full_Sample,2002-01-30,2026-03-27,5942,0.5104031921641515,0.023969191491623337,0.046961288368891255,-0.3060870620634333,0.00973623446319572,0.0026619321944825274,1.7597615498615535
fw5_buffered_1_scale_on_mild_mn250,Pre_GFC,2002-01-30,2007-06-30,1227,-1.4971257073028468,-0.06556410058119527,0.043793316928150645,-0.300047595451885,-0.06209462127258929,-0.020470523898100453,0.7267049514088867
fw5_buffered_1_scale_on_mild_mn250,GFC,2007-07-01,2009-06-30,506,0.9979222829207897,0.08140572391213653,0.08157521412777004,-0.06600093220189174,0.12180890397025727,0.033838876991922,1.1775753366105932
fw5_buffered_1_scale_on_mild_mn250,Post_GFC_Recovery,2009-07-01,2012-12-31,863,1.356763411894319,0.06326401091284356,0.04662862394300129,-0.04679028843789235,0.01771115720016135,0.004604537395349662,1.241914490124667
fw5_buffered_1_scale_on_mild_mn250,QE_Expansion,2013-01-01,2019-12-31,1770,0.9500213440209622,0.034180762378327935,0.03597894151899574,-0.12746858521344506,0.035181959331069934,0.009895127243898488,1.2713497918845458
fw5_buffered_1_scale_on_mild_mn250,COVID,2020-01-01,2020-12-31,254,0.6544818638756777,0.046507759812924473,0.0710604256281712,-0.05638332735576268,-0.15030781632536389,-0.03506370020657986,1.0479929607322886
fw5_buffered_1_scale_on_mild_mn250,Post_COVID_Inflation,2021-01-01,2026-03-27,1322,1.0939349897772879,0.041430430512030325,0.037872845186591085,-0.06323942596507148,-0.013116347917489729,-0.003311988988128497,1.2427732243875327
fw5_buffered_1_scale_off_mn200,Full_Sample,2002-01-30,2026-03-27,5942,0.6277254622095875,0.027571954658744305,0.043923588126712744,-0.307988367685904,0.013092150296504648,0.0033479175552958863,1.915788303853663
fw5_buffered_1_scale_off_mn200,Pre_GFC,2002-01-30,2007-06-30,1227,-1.636848060186674,-0.06794021791682699,0.04150673454021063,-0.30025612377682076,-0.028029834403619114,-0.008758026085692282,0.7183458387828393
fw5_buffered_1_scale_off_mn200,GFC,2007-07-01,2009-06-30,506,1.2394920860831344,0.09041402603662337,0.07294441574236818,-0.06055800107003628,0.1088738286107301,0.027045451083449336,1.199069241447281
fw5_buffered_1_scale_off_mn200,Post_GFC_Recovery,2009-07-01,2012-12-31,863,1.4256279364839262,0.06308196788732214,0.044248549199241496,-0.05027729697870387,0.0128078787356346,0.003159822668072654,1.2411404907211674
fw5_buffered_1_scale_off_mn200,QE_Expansion,2013-01-01,2019-12-31,1770,1.2396792518446154,0.043192884062894246,0.03484198352003084,-0.11189001842171309,0.040615612340923736,0.011062387185999042,1.3544271405584989
fw5_buffered_1_scale_off_mn200,COVID,2020-01-01,2020-12-31,254,1.1131135872167186,0.07037552488104455,0.06322402824766052,-0.04897588670338804,-0.12322911909691442,-0.025576663017506183,1.0735104371073607
fw5_buffered_1_scale_off_mn200,Post_COVID_Inflation,2021-01-01,2026-03-27,1322,1.0932273543277846,0.039848092582304706,0.03644995931043724,-0.05594486870629434,-0.020231312944401992,-0.004916648255596449,1.2324996694076469
fw5_buffered_1_scale_off_mn250,Full_Sample,2002-01-30,2026-03-27,5942,0.6277254622095875,0.027571954658744305,0.043923588126712744,-0.307988367685904,0.013092150296504648,0.0033479175552958863,1.915788303853663
fw5_buffered_1_scale_off_mn250,Pre_GFC,2002-01-30,2007-06-30,1227,-1.636848060186674,-0.06794021791682699,0.04150673454021063,-0.30025612377682076,-0.028029834403619114,-0.008758026085692282,0.7183458387828393
fw5_buffered_1_scale_off_mn250,GFC,2007-07-01,2009-06-30,506,1.2394920860831344,0.09041402603662337,0.07294441574236818,-0.06055800107003628,0.1088738286107301,0.027045451083449336,1.199069241447281
fw5_buffered_1_scale_off_mn250,Post_GFC_Recovery,2009-07-01,2012-12-31,863,1.4256279364839262,0.06308196788732214,0.044248549199241496,-0.05027729697870387,0.0128078787356346,0.003159822668072654,1.2411404907211674
fw5_buffered_1_scale_off_mn250,QE_Expansion,2013-01-01,2019-12-31,1770,1.2396792518446154,0.043192884062894246,0.03484198352003084,-0.11189001842171309,0.040615612340923736,0.011062387185999042,1.3544271405584989
fw5_buffered_1_scale_off_mn250,COVID,2020-01-01,2020-12-31,254,1.1131135872167186,0.07037552488104455,0.06322402824766052,-0.04897588670338804,-0.12322911909691442,-0.025576663017506183,1.0735104371073607
fw5_buffered_1_scale_off_mn250,Post_COVID_Inflation,2021-01-01,2026-03-27,1322,1.0932273543277846,0.039848092582304706,0.03644995931043724,-0.05594486870629434,-0.020231312944401992,-0.004916648255596449,1.2324996694076469
fw5_buffered_2_scale_on_strong_mn200,Full_Sample,2002-01-30,2026-03-27,5942,0.4354358579832406,0.026115946512704113,0.05997656378981376,-0.29987396573984815,0.012066373604023156,0.004213318692857695,1.851132172828369
fw5_buffered_2_scale_on_strong_mn200,Pre_GFC,2002-01-30,2007-06-30,1227,-1.0570653871473157,-0.05904398557581941,0.05585651208877476,-0.29794413722354274,-0.06179372085105051,-0.025982760766868705,0.7501455854268162
fw5_buffered_2_scale_on_strong_mn200,GFC,2007-07-01,2009-06-30,506,1.0617320079598451,0.11326280915772921,0.10667739910692495,-0.08350958977654466,0.12058504872369617,0.04380710620592783,1.2553626933278048
fw5_buffered_2_scale_on_strong_mn200,Post_GFC_Recovery,2009-07-01,2012-12-31,863,1.5080716763051738,0.08715289653597313,0.057790951123424486,-0.06366895497850533,0.016659774345045383,0.005368036055931614,1.3477871321066741
fw5_buffered_2_scale_on_strong_mn200,QE_Expansion,2013-01-01,2019-12-31,1770,0.3833420322322669,0.01744978079926134,0.04552013432403498,-0.15487166537613906,0.03157560564851514,0.011235908735322436,1.1303913911076604
fw5_buffered_2_scale_on_strong_mn200,COVID,2020-01-01,2020-12-31,254,0.3232984906351734,0.028850644626137026,0.08923841422660266,-0.0834541370985622,-0.14057176537872054,-0.04118113554206007,1.029506558461428
fw5_buffered_2_scale_on_strong_mn200,Post_COVID_Inflation,2021-01-01,2026-03-27,1322,0.87786147767777,0.043033144921279215,0.0490204274996961,-0.1064734509572608,-0.00491459035924691,-0.001606247416902288,1.2532663766094108
fw5_buffered_2_scale_on_strong_mn250,Full_Sample,2002-01-30,2026-03-27,5942,0.4354358579832406,0.026115946512704113,0.05997656378981376,-0.29987396573984815,0.012066373604023156,0.004213318692857695,1.851132172828369
fw5_buffered_2_scale_on_strong_mn250,Pre_GFC,2002-01-30,2007-06-30,1227,-1.0570653871473157,-0.05904398557581941,0.05585651208877476,-0.29794413722354274,-0.06179372085105051,-0.025982760766868705,0.7501455854268162
fw5_buffered_2_scale_on_strong_mn250,GFC,2007-07-01,2009-06-30,506,1.0617320079598451,0.11326280915772921,0.10667739910692495,-0.08350958977654466,0.12058504872369617,0.04380710620592783,1.2553626933278048
fw5_buffered_2_scale_on_strong_mn250,Post_GFC_Recovery,2009-07-01,2012-12-31,863,1.5080716763051738,0.08715289653597313,0.057790951123424486,-0.06366895497850533,0.016659774345045383,0.005368036055931614,1.3477871321066741
fw5_buffered_2_scale_on_strong_mn250,QE_Expansion,2013-01-01,2019-12-31,1770,0.3833420322322669,0.01744978079926134,0.04552013432403498,-0.15487166537613906,0.03157560564851514,0.011235908735322436,1.1303913911076604
fw5_buffered_2_scale_on_strong_mn250,COVID,2020-01-01,2020-12-31,254,0.3232984906351734,0.028850644626137026,0.08923841422660266,-0.0834541370985622,-0.14057176537872054,-0.04118113554206007,1.029506558461428
fw5_buffered_2_scale_on_strong_mn250,Post_COVID_Inflation,2021-01-01,2026-03-27,1322,0.87786147767777,0.043033144921279215,0.0490204274996961,-0.1064734509572608,-0.00491459035924691,-0.001606247416902288,1.2532663766094108
fw5_buffered_2_scale_on_mild_mn200,Full_Sample,2002-01-30,2026-03-27,5942,0.5497545324323561,0.027491308117591626,0.05000651471841074,-0.2966276016142112,0.019409760450462433,0.00565083627108025,1.912148713466021
fw5_buffered_2_scale_on_mild_mn200,Pre_GFC,2002-01-30,2007-06-30,1227,-1.30660742383477,-0.062005811958373985,0.04745557910301225,-0.2966276016142112,-0.02977272455112056,-0.010635869301245533,0.7394051620626428
fw5_buffered_2_scale_on_mild_mn200,GFC,2007-07-01,2009-06-30,506,1.2644948525331423,0.11009919832501731,0.08706970859110842,-0.0720244213468616,0.12065082282291086,0.03577470513251943,1.2474134903315468
fw5_buffered_2_scale_on_mild_mn200,Post_GFC_Recovery,2009-07-01,2012-12-31,863,1.6997407342659272,0.08248533141951842,0.048528184185184946,-0.05247342245234321,0.02356021948978262,0.006374701315037579,1.3264146202431126
fw5_buffered_2_scale_on_mild_mn200,QE_Expansion,2013-01-01,2019-12-31,1770,0.6816517992535747,0.026198318052419203,0.03843357867038127,-0.12705728551618567,0.038453708178356465,0.011553193029984104,1.2020302423775355
fw5_buffered_2_scale_on_mild_mn200,COVID,2020-01-01,2020-12-31,254,0.670900800951075,0.04905817013518376,0.0731228373339821,-0.055149710762513404,-0.12833740019319237,-0.030807371563122524,1.0506904512599557
fw5_buffered_2_scale_on_mild_mn200,Post_COVID_Inflation,2021-01-01,2026-03-27,1322,0.994012205960976,0.04062605943497167,0.04087078527943812,-0.08622640442440321,-0.007180238369946842,-0.001956590173013264,1.2375400734373423
fw5_buffered_2_scale_on_mild_mn250,Full_Sample,2002-01-30,2026-03-27,5942,0.5497545324323561,0.027491308117591626,0.05000651471841074,-0.2966276016142112,0.019409760450462433,0.00565083627108025,1.912148713466021
fw5_buffered_2_scale_on_mild_mn250,Pre_GFC,2002-01-30,2007-06-30,1227,-1.30660742383477,-0.062005811958373985,0.04745557910301225,-0.2966276016142112,-0.02977272455112056,-0.010635869301245533,0.7394051620626428
fw5_buffered_2_scale_on_mild_mn250,GFC,2007-07-01,2009-06-30,506,1.2644948525331423,0.11009919832501731,0.08706970859110842,-0.0720244213468616,0.12065082282291086,0.03577470513251943,1.2474134903315468
fw5_buffered_2_scale_on_mild_mn250,Post_GFC_Recovery,2009-07-01,2012-12-31,863,1.6997407342659272,0.08248533141951842,0.048528184185184946,-0.05247342245234321,0.02356021948978262,0.006374701315037579,1.3264146202431126
fw5_buffered_2_scale_on_mild_mn250,QE_Expansion,2013-01-01,2019-12-31,1770,0.6816517992535747,0.026198318052419203,0.03843357867038127,-0.12705728551618567,0.038453708178356465,0.011553193029984104,1.2020302423775355
fw5_buffered_2_scale_on_mild_mn250,COVID,2020-01-01,2020-12-31,254,0.670900800951075,0.04905817013518376,0.0731228373339821,-0.055149710762513404,-0.12833740019319237,-0.030807371563122524,1.0506904512599557
fw5_buffered_2_scale_on_mild_mn250,Post_COVID_Inflation,2021-01-01,2026-03-27,1322,0.994012205960976,0.04062605943497167,0.04087078527943812,-0.08622640442440321,-0.007180238369946842,-0.001956590173013264,1.2375400734373423
fw5_buffered_2_scale_off_mn200,Full_Sample,2002-01-30,2026-03-27,5942,0.6347144422689975,0.029931740484274248,0.04715780592178319,-0.31175148677445286,0.026541948023714887,0.007287060026446002,2.0254085561653623
fw5_buffered_2_scale_off_mn200,Pre_GFC,2002-01-30,2007-06-30,1227,-1.5004182975538143,-0.06889054145452847,0.04591422376469494,-0.31175148677445286,0.007416582120891106,0.002563410690760419,0.7150296083655289
fw5_buffered_2_scale_off_mn200,GFC,2007-07-01,2009-06-30,506,1.4609759656302956,0.11345081282286089,0.07765412675623026,-0.0657549432308705,0.11574494391334686,0.030608725943878378,1.2558366814794937
fw5_buffered_2_scale_off_mn200,Post_GFC_Recovery,2009-07-01,2012-12-31,863,1.7626837753190865,0.08281120701251898,0.04698018338401523,-0.04610226523539562,0.02957904090641377,0.007747922413809106,1.3278957180786874
fw5_buffered_2_scale_off_mn200,QE_Expansion,2013-01-01,2019-12-31,1770,0.9397161882814007,0.035285123662747664,0.03754870257931689,-0.11102785496620948,0.04283897634528559,0.012574392100754048,1.2812497741497537
fw5_buffered_2_scale_off_mn200,COVID,2020-01-01,2020-12-31,254,1.0627658867013763,0.06995120625153955,0.06581995821173263,-0.04295758867647359,-0.10751352797607665,-0.023231063396464715,1.073051409634272
fw5_buffered_2_scale_off_mn200,Post_COVID_Inflation,2021-01-01,2026-03-27,1322,1.031855710957755,0.04030910598421949,0.03906467305085233,-0.07318656004058122,-0.009428053196842305,-0.0024555808718818182,1.2354840661073931
fw5_buffered_2_scale_off_mn250,Full_Sample,2002-01-30,2026-03-27,5942,0.6347144422689975,0.029931740484274248,0.04715780592178319,-0.31175148677445286,0.026541948023714887,0.007287060026446002,2.0254085561653623
fw5_buffered_2_scale_off_mn250,Pre_GFC,2002-01-30,2007-06-30,1227,-1.5004182975538143,-0.06889054145452847,0.04591422376469494,-0.31175148677445286,0.007416582120891106,0.002563410690760419,0.7150296083655289
fw5_buffered_2_scale_off_mn250,GFC,2007-07-01,2009-06-30,506,1.4609759656302956,0.11345081282286089,0.07765412675623026,-0.0657549432308705,0.11574494391334686,0.030608725943878378,1.2558366814794937
fw5_buffered_2_scale_off_mn250,Post_GFC_Recovery,2009-07-01,2012-12-31,863,1.7626837753190865,0.08281120701251898,0.04698018338401523,-0.04610226523539562,0.02957904090641377,0.007747922413809106,1.3278957180786874
fw5_buffered_2_scale_off_mn250,QE_Expansion,2013-01-01,2019-12-31,1770,0.9397161882814007,0.035285123662747664,0.03754870257931689,-0.11102785496620948,0.04283897634528559,0.012574392100754048,1.2812497741497537
fw5_buffered_2_scale_off_mn250,COVID,2020-01-01,2020-12-31,254,1.0627658867013763,0.06995120625153955,0.06581995821173263,-0.04295758867647359,-0.10751352797607665,-0.023231063396464715,1.073051409634272
fw5_buffered_2_scale_off_mn250,Post_COVID_Inflation,2021-01-01,2026-03-27,1322,1.031855710957755,0.04030910598421949,0.03906467305085233,-0.07318656004058122,-0.009428053196842305,-0.0024555808718818182,1.2354840661073931
fw5_buffered_3_scale_on_strong_mn200,Full_Sample,2002-01-30,2026-03-27,5942,0.3725397133794108,0.019973202046260796,0.05361361843836287,-0.2788549015623829,0.010404362651073773,0.0032475553553378395,1.6015235947299915
fw5_buffered_3_scale_on_strong_mn200,Pre_GFC,2002-01-30,2007-06-30,1227,-1.1019606224208416,-0.05554629624426479,0.05040678869471573,-0.2788549015623829,-0.08044532215668182,-0.03052509052213142,0.7630302811887351
fw5_buffered_3_scale_on_strong_mn200,GFC,2007-07-01,2009-06-30,506,1.0742467998855165,0.09430979896030132,0.08779155681017807,-0.0681582799089806,0.1483768774705091,0.044360625534003835,1.2084857001786031
fw5_buffered_3_scale_on_strong_mn200,Post_GFC_Recovery,2009-07-01,2012-12-31,863,1.2885502300049936,0.06978835745218286,0.054160370179680464,-0.036880097645717536,0.008658151740736437,0.0026145279226942736,1.2699752733541598
fw5_buffered_3_scale_on_strong_mn200,QE_Expansion,2013-01-01,2019-12-31,1770,0.3848719790515585,0.016155207292845926,0.04197553517057091,-0.16709698385286975,0.036247964039809816,0.0118941343235059,1.1201595145181211
fw5_buffered_3_scale_on_strong_mn200,COVID,2020-01-01,2020-12-31,254,0.2557503741786909,0.02283150986713445,0.0892726352422939,-0.08173073388527519,-0.15309876405047412,-0.044868175944214585,1.0232795477281418
fw5_buffered_3_scale_on_strong_mn200,Post_COVID_Inflation,2021-01-01,2026-03-27,1322,0.7963731865856896,0.0336566118614666,0.042262361953399545,-0.07971739534892508,-0.0009529262939986319,-0.000268510392416961,1.193110370934992
fw5_buffered_3_scale_on_strong_mn250,Full_Sample,2002-01-30,2026-03-27,5942,0.3725397133794108,0.019973202046260796,0.05361361843836287,-0.2788549015623829,0.010404362651073773,0.0032475553553378395,1.6015235947299915
fw5_buffered_3_scale_on_strong_mn250,Pre_GFC,2002-01-30,2007-06-30,1227,-1.1019606224208416,-0.05554629624426479,0.05040678869471573,-0.2788549015623829,-0.08044532215668182,-0.03052509052213142,0.7630302811887351
fw5_buffered_3_scale_on_strong_mn250,GFC,2007-07-01,2009-06-30,506,1.0742467998855165,0.09430979896030132,0.08779155681017807,-0.0681582799089806,0.1483768774705091,0.044360625534003835,1.2084857001786031
fw5_buffered_3_scale_on_strong_mn250,Post_GFC_Recovery,2009-07-01,2012-12-31,863,1.2885502300049936,0.06978835745218286,0.054160370179680464,-0.036880097645717536,0.008658151740736437,0.0026145279226942736,1.2699752733541598
fw5_buffered_3_scale_on_strong_mn250,QE_Expansion,2013-01-01,2019-12-31,1770,0.3848719790515585,0.016155207292845926,0.04197553517057091,-0.16709698385286975,0.036247964039809816,0.0118941343235059,1.1201595145181211
fw5_buffered_3_scale_on_strong_mn250,COVID,2020-01-01,2020-12-31,254,0.2557503741786909,0.02283150986713445,0.0892726352422939,-0.08173073388527519,-0.15309876405047412,-0.044868175944214585,1.0232795477281418
fw5_buffered_3_scale_on_strong_mn250,Post_COVID_Inflation,2021-01-01,2026-03-27,1322,0.7963731865856896,0.0336566118614666,0.042262361953399545,-0.07971739534892508,-0.0009529262939986319,-0.000268510392416961,1.193110370934992
fw5_buffered_3_scale_on_mild_mn200,Full_Sample,2002-01-30,2026-03-27,5942,0.5216304207578181,0.023212052745377913,0.044499039591394486,-0.2767835638288516,0.015415431604752356,0.003993671034207108,1.728623567181461
fw5_buffered_3_scale_on_mild_mn200,Pre_GFC,2002-01-30,2007-06-30,1227,-1.358595323622315,-0.05782888799306558,0.04256520465482024,-0.2767835638288516,-0.05543045452259551,-0.017761118036847077,0.7545968775147627
fw5_buffered_3_scale_on_mild_mn200,GFC,2007-07-01,2009-06-30,506,1.336347711335634,0.09583006736883633,0.07171042877235705,-0.06069815824557856,0.14634680207512865,0.035739151694496984,1.2121803628740555
fw5_buffered_3_scale_on_mild_mn200,Post_GFC_Recovery,2009-07-01,2012-12-31,863,1.455242736990833,0.06551590453320995,0.045020602314555756,-0.03401253366224544,0.011026913605757978,0.002767908570286689,1.2515289635014608
fw5_buffered_3_scale_on_mild_mn200,QE_Expansion,2013-01-01,2019-12-31,1770,0.7484805418996207,0.026193178236292632,0.0349951358385552,-0.12548784573776617,0.042868387691385054,0.011727293971831762,1.2019868485595078
fw5_buffered_3_scale_on_mild_mn200,COVID,2020-01-01,2020-12-31,254,0.7263376042702834,0.05277577710416656,0.07266011947321364,-0.06201612164606729,-0.13835564814882376,-0.033002084766732276,1.0546348913472148
fw5_buffered_3_scale_on_mild_mn200,Post_COVID_Inflation,2021-01-01,2026-03-27,1322,0.9445492454051259,0.033347088061300593,0.03530476385802174,-0.05974319546790863,-0.007423749746225131,-0.001747449597176976,1.1911746041483495
fw5_buffered_3_scale_on_mild_mn250,Full_Sample,2002-01-30,2026-03-27,5942,0.5216304207578181,0.023212052745377913,0.044499039591394486,-0.2767835638288516,0.015415431604752356,0.003993671034207108,1.728623567181461
fw5_buffered_3_scale_on_mild_mn250,Pre_GFC,2002-01-30,2007-06-30,1227,-1.358595323622315,-0.05782888799306558,0.04256520465482024,-0.2767835638288516,-0.05543045452259551,-0.017761118036847077,0.7545968775147627
fw5_buffered_3_scale_on_mild_mn250,GFC,2007-07-01,2009-06-30,506,1.336347711335634,0.09583006736883633,0.07171042877235705,-0.06069815824557856,0.14634680207512865,0.035739151694496984,1.2121803628740555
fw5_buffered_3_scale_on_mild_mn250,Post_GFC_Recovery,2009-07-01,2012-12-31,863,1.455242736990833,0.06551590453320995,0.045020602314555756,-0.03401253366224544,0.011026913605757978,0.002767908570286689,1.2515289635014608
fw5_buffered_3_scale_on_mild_mn250,QE_Expansion,2013-01-01,2019-12-31,1770,0.7484805418996207,0.026193178236292632,0.0349951358385552,-0.12548784573776617,0.042868387691385054,0.011727293971831762,1.2019868485595078
fw5_buffered_3_scale_on_mild_mn250,COVID,2020-01-01,2020-12-31,254,0.7263376042702834,0.05277577710416656,0.07266011947321364,-0.06201612164606729,-0.13835564814882376,-0.033002084766732276,1.0546348913472148
fw5_buffered_3_scale_on_mild_mn250,Post_COVID_Inflation,2021-01-01,2026-03-27,1322,0.9445492454051259,0.033347088061300593,0.03530476385802174,-0.05974319546790863,-0.007423749746225131,-0.001747449597176976,1.1911746041483495
fw5_buffered_3_scale_off_mn200,Full_Sample,2002-01-30,2026-03-27,5942,0.649016807945881,0.02707447927001111,0.041716145003549344,-0.2905726842100915,0.020101997301070734,0.004882130011919434,1.893447101426494
fw5_buffered_3_scale_off_mn200,Pre_GFC,2002-01-30,2007-06-30,1227,-1.5678116105539803,-0.06387577324942333,0.04074199528784779,-0.2905726842100915,-0.02397664365198029,-0.00735356300581968,0.7327034848476631
fw5_buffered_3_scale_off_mn200,GFC,2007-07-01,2009-06-30,506,1.5921688962805807,0.10239323989964187,0.06431053900050411,-0.05772948356996943,0.13704814908950677,0.0300147000661469,1.228260725732306
fw5_buffered_3_scale_off_mn200,Post_GFC_Recovery,2009-07-01,2012-12-31,863,1.5241082578237257,0.06515902121322562,0.04275222634530318,-0.034053370682559425,0.013087783080856076,0.0031196889276846303,1.2500002994833337
fw5_buffered_3_scale_off_mn200,QE_Expansion,2013-01-01,2019-12-31,1770,1.0881665868329575,0.03643596955850183,0.03348381580484519,-0.10162007674092743,0.0469476136031123,0.012288572731799743,1.2916485006097531
fw5_buffered_3_scale_off_mn200,COVID,2020-01-01,2020-12-31,254,1.2867569746255123,0.08260161433568076,0.06419364026351634,-0.05199333406875439,-0.11499903474026812,-0.02423452845497352,1.086821284244561
fw5_buffered_3_scale_off_mn200,Post_COVID_Inflation,2021-01-01,2026-03-27,1322,1.009010509213161,0.034596398444330406,0.03428745105074189,-0.045366548808916884,-0.014231697042807374,-0.0032534183681118883,1.1990071082829106
fw5_buffered_3_scale_off_mn250,Full_Sample,2002-01-30,2026-03-27,5942,0.649016807945881,0.02707447927001111,0.041716145003549344,-0.2905726842100915,0.020101997301070734,0.004882130011919434,1.893447101426494
fw5_buffered_3_scale_off_mn250,Pre_GFC,2002-01-30,2007-06-30,1227,-1.5678116105539803,-0.06387577324942333,0.04074199528784779,-0.2905726842100915,-0.02397664365198029,-0.00735356300581968,0.7327034848476631
fw5_buffered_3_scale_off_mn250,GFC,2007-07-01,2009-06-30,506,1.5921688962805807,0.10239323989964187,0.06431053900050411,-0.05772948356996943,0.13704814908950677,0.0300147000661469,1.228260725732306
fw5_buffered_3_scale_off_mn250,Post_GFC_Recovery,2009-07-01,2012-12-31,863,1.5241082578237257,0.06515902121322562,0.04275222634530318,-0.034053370682559425,0.013087783080856076,0.0031196889276846303,1.2500002994833337
fw5_buffered_3_scale_off_mn250,QE_Expansion,2013-01-01,2019-12-31,1770,1.0881665868329575,0.03643596955850183,0.03348381580484519,-0.10162007674092743,0.0469476136031123,0.012288572731799743,1.2916485006097531
fw5_buffered_3_scale_off_mn250,COVID,2020-01-01,2020-12-31,254,1.2867569746255123,0.08260161433568076,0.06419364026351634,-0.05199333406875439,-0.11499903474026812,-0.02423452845497352,1.086821284244561
fw5_buffered_3_scale_off_mn250,Post_COVID_Inflation,2021-01-01,2026-03-27,1322,1.009010509213161,0.034596398444330406,0.03428745105074189,-0.045366548808916884,-0.014231697042807374,-0.0032534183681118883,1.1990071082829106
fw10_current_locked_scale_on_strong_mn200,Full_Sample,2002-01-30,2026-03-27,5942,0.6297697869993354,0.03458415424048596,0.0549155500222853,-0.39290506112959445,0.014840192250053678,0.004744613352577056,2.2602431563398615
fw10_current_locked_scale_on_strong_mn200,Pre_GFC,2002-01-30,2007-06-30,1227,-1.950920062720894,-0.0941029527684972,0.048235165841318185,-0.3813142109206744,-0.0033827670297395668,-0.001228295893896273,0.6324261917197574
fw10_current_locked_scale_on_strong_mn200,GFC,2007-07-01,2009-06-30,506,1.288067142984352,0.10877801255593632,0.08445057631382948,-0.03625750238409742,0.18997790967019249,0.054636693175914824,1.2441086660992702
fw10_current_locked_scale_on_strong_mn200,Post_GFC_Recovery,2009-07-01,2012-12-31,863,2.025964808142935,0.09690484340614154,0.047831454434278976,-0.05328256635018758,-0.0042225813255334435,-0.0011261029003373142,1.3935586207937456
fw10_current_locked_scale_on_strong_mn200,QE_Expansion,2013-01-01,2019-12-31,1770,0.9232253508420821,0.04722299385134417,0.05115001858243131,-0.12685973868149125,0.03552295492448964,0.014203908276364485,1.3933143229446794
fw10_current_locked_scale_on_strong_mn200,COVID,2020-01-01,2020-12-31,254,1.6432871406552696,0.14798001259657087,0.0900512204687265,-0.04353836456438176,-0.22518205883302236,-0.06656895866814827,1.1608522772864265
fw10_current_locked_scale_on_strong_mn200,Post_COVID_Inflation,2021-01-01,2026-03-27,1322,1.0244603545782565,0.046233881251665304,0.04512998579695999,-0.04088105208544601,-0.028668181520990803,-0.008626077705549321,1.2744878463679146
fw10_current_locked_scale_on_strong_mn250,Full_Sample,2002-01-30,2026-03-27,5942,0.6297697869993354,0.03458415424048596,0.0549155500222853,-0.39290506112959445,0.014840192250053678,0.004744613352577056,2.2602431563398615
fw10_current_locked_scale_on_strong_mn250,Pre_GFC,2002-01-30,2007-06-30,1227,-1.950920062720894,-0.0941029527684972,0.048235165841318185,-0.3813142109206744,-0.0033827670297395668,-0.001228295893896273,0.6324261917197574
fw10_current_locked_scale_on_strong_mn250,GFC,2007-07-01,2009-06-30,506,1.288067142984352,0.10877801255593632,0.08445057631382948,-0.03625750238409742,0.18997790967019249,0.054636693175914824,1.2441086660992702
fw10_current_locked_scale_on_strong_mn250,Post_GFC_Recovery,2009-07-01,2012-12-31,863,2.025964808142935,0.09690484340614154,0.047831454434278976,-0.05328256635018758,-0.0042225813255334435,-0.0011261029003373142,1.3935586207937456
fw10_current_locked_scale_on_strong_mn250,QE_Expansion,2013-01-01,2019-12-31,1770,0.9232253508420821,0.04722299385134417,0.05115001858243131,-0.12685973868149125,0.03552295492448964,0.014203908276364485,1.3933143229446794
fw10_current_locked_scale_on_strong_mn250,COVID,2020-01-01,2020-12-31,254,1.6432871406552696,0.14798001259657087,0.0900512204687265,-0.04353836456438176,-0.22518205883302236,-0.06656895866814827,1.1608522772864265
fw10_current_locked_scale_on_strong_mn250,Post_COVID_Inflation,2021-01-01,2026-03-27,1322,1.0244603545782565,0.046233881251665304,0.04512998579695999,-0.04088105208544601,-0.028668181520990803,-0.008626077705549321,1.2744878463679146
fw10_current_locked_scale_on_mild_mn200,Full_Sample,2002-01-30,2026-03-27,5942,0.8894379124270337,0.040672913680828135,0.04572878344014236,-0.3654818095003417,0.023013759653136946,0.006126933726044337,2.6091943108594267
fw10_current_locked_scale_on_mild_mn200,Pre_GFC,2002-01-30,2007-06-30,1227,-2.0994619228788225,-0.08561025267744657,0.04077723522608886,-0.3525823201094922,0.017886356061742114,0.005490435365652951,0.6591261100770588
fw10_current_locked_scale_on_mild_mn200,GFC,2007-07-01,2009-06-30,506,1.476053110814196,0.10400177541723606,0.07045937212914263,-0.038015910785134666,0.1823691889843548,0.043759154224975116,1.2322342213210753
fw10_current_locked_scale_on_mild_mn200,Post_GFC_Recovery,2009-07-01,2012-12-31,863,2.5954726324512367,0.10578689290805407,0.04075823862883346,-0.04724991501749731,0.00945694164476707,0.002149080008843944,1.4365984464986123
fw10_current_locked_scale_on_mild_mn200,QE_Expansion,2013-01-01,2019-12-31,1770,1.2556938478829767,0.05284508161494186,0.042084367701598166,-0.10129876603150811,0.042151775767581466,0.013867228133595507,1.4494349452240454
fw10_current_locked_scale_on_mild_mn200,COVID,2020-01-01,2020-12-31,254,2.4256908672742137,0.17760164789091137,0.07321693389994294,-0.03498504483296527,-0.20229967878028388,-0.048624495212778986,1.196034121470319
fw10_current_locked_scale_on_mild_mn200,Post_COVID_Inflation,2021-01-01,2026-03-27,1322,1.3017774277186598,0.04852997969984645,0.037279782754333295,-0.031686227550271506,-0.026226259099753606,-0.006518651206473273,1.2899324003095265
fw10_current_locked_scale_on_mild_mn250,Full_Sample,2002-01-30,2026-03-27,5942,0.8894379124270337,0.040672913680828135,0.04572878344014236,-0.3654818095003417,0.023013759653136946,0.006126933726044337,2.6091943108594267
fw10_current_locked_scale_on_mild_mn250,Pre_GFC,2002-01-30,2007-06-30,1227,-2.0994619228788225,-0.08561025267744657,0.04077723522608886,-0.3525823201094922,0.017886356061742114,0.005490435365652951,0.6591261100770588
fw10_current_locked_scale_on_mild_mn250,GFC,2007-07-01,2009-06-30,506,1.476053110814196,0.10400177541723606,0.07045937212914263,-0.038015910785134666,0.1823691889843548,0.043759154224975116,1.2322342213210753
fw10_current_locked_scale_on_mild_mn250,Post_GFC_Recovery,2009-07-01,2012-12-31,863,2.5954726324512367,0.10578689290805407,0.04075823862883346,-0.04724991501749731,0.00945694164476707,0.002149080008843944,1.4365984464986123
fw10_current_locked_scale_on_mild_mn250,QE_Expansion,2013-01-01,2019-12-31,1770,1.2556938478829767,0.05284508161494186,0.042084367701598166,-0.10129876603150811,0.042151775767581466,0.013867228133595507,1.4494349452240454
fw10_current_locked_scale_on_mild_mn250,COVID,2020-01-01,2020-12-31,254,2.4256908672742137,0.17760164789091137,0.07321693389994294,-0.03498504483296527,-0.20229967878028388,-0.048624495212778986,1.196034121470319
fw10_current_locked_scale_on_mild_mn250,Post_COVID_Inflation,2021-01-01,2026-03-27,1322,1.3017774277186598,0.04852997969984645,0.037279782754333295,-0.031686227550271506,-0.026226259099753606,-0.006518651206473273,1.2899324003095265
fw10_current_locked_scale_off_mn200,Full_Sample,2002-01-30,2026-03-27,5942,1.117615779354945,0.04807497897630485,0.04301565874817221,-0.3612497200949626,0.030925194722917757,0.007744706836171189,3.106750984097773
fw10_current_locked_scale_off_mn200,Pre_GFC,2002-01-30,2007-06-30,1227,-2.1496422524390657,-0.08382013538924823,0.038992597626020205,-0.3452958677413043,0.04038140910147279,0.011853067908984534,0.6648962731983774
fw10_current_locked_scale_off_mn200,GFC,2007-07-01,2009-06-30,506,1.5880093852211241,0.1055572295789225,0.06647141418765863,-0.04624118032825597,0.16126427632289622,0.0365049513810714,1.2360888170990203
fw10_current_locked_scale_off_mn200,Post_GFC_Recovery,2009-07-01,2012-12-31,863,2.9577595406997395,0.11989431218897613,0.040535517015224246,-0.044539288249724085,0.02345388067647387,0.005300744793140284,1.5077077365358849
fw10_current_locked_scale_off_mn200,QE_Expansion,2013-01-01,2019-12-31,1770,1.565906486666983,0.060504386079162795,0.03863856915743788,-0.08490178793003655,0.04756197093360813,0.014365933680198829,1.5295464953137725
fw10_current_locked_scale_off_mn200,COVID,2020-01-01,2020-12-31,254,3.2946611759102673,0.21471973421423743,0.06517202308517005,-0.029240379606576772,-0.16474626805695194,-0.035247243820306286,1.2416285430261578
fw10_current_locked_scale_off_mn200,Post_COVID_Inflation,2021-01-01,2026-03-27,1322,1.5085238907351335,0.052947432498680315,0.03509883590433426,-0.02809997912853468,-0.02131068346689018,-0.004986985606717504,1.320174482742973
fw10_current_locked_scale_off_mn250,Full_Sample,2002-01-30,2026-03-27,5942,1.117615779354945,0.04807497897630485,0.04301565874817221,-0.3612497200949626,0.030925194722917757,0.007744706836171189,3.106750984097773
fw10_current_locked_scale_off_mn250,Pre_GFC,2002-01-30,2007-06-30,1227,-2.1496422524390657,-0.08382013538924823,0.038992597626020205,-0.3452958677413043,0.04038140910147279,0.011853067908984534,0.6648962731983774
fw10_current_locked_scale_off_mn250,GFC,2007-07-01,2009-06-30,506,1.5880093852211241,0.1055572295789225,0.06647141418765863,-0.04624118032825597,0.16126427632289622,0.0365049513810714,1.2360888170990203
fw10_current_locked_scale_off_mn250,Post_GFC_Recovery,2009-07-01,2012-12-31,863,2.9577595406997395,0.11989431218897613,0.040535517015224246,-0.044539288249724085,0.02345388067647387,0.005300744793140284,1.5077077365358849
fw10_current_locked_scale_off_mn250,QE_Expansion,2013-01-01,2019-12-31,1770,1.565906486666983,0.060504386079162795,0.03863856915743788,-0.08490178793003655,0.04756197093360813,0.014365933680198829,1.5295464953137725
fw10_current_locked_scale_off_mn250,COVID,2020-01-01,2020-12-31,254,3.2946611759102673,0.21471973421423743,0.06517202308517005,-0.029240379606576772,-0.16474626805695194,-0.035247243820306286,1.2416285430261578
fw10_current_locked_scale_off_mn250,Post_COVID_Inflation,2021-01-01,2026-03-27,1322,1.5085238907351335,0.052947432498680315,0.03509883590433426,-0.02809997912853468,-0.02131068346689018,-0.004986985606717504,1.320174482742973
fw10_buffered_1_scale_on_strong_mn200,Full_Sample,2002-01-30,2026-03-27,5942,0.712781494901956,0.041741410941498434,0.05856129997768814,-0.3926962192785748,0.013022672619273883,0.004439936854650213,2.6757667305405413
fw10_buffered_1_scale_on_strong_mn200,Pre_GFC,2002-01-30,2007-06-30,1227,-1.8476865084621348,-0.09643679630733426,0.052193267562255716,-0.39226292793947615,0.002152559613161154,0.0008457398791108295,0.6252802351797129
fw10_buffered_1_scale_on_strong_mn200,GFC,2007-07-01,2009-06-30,506,1.0454579680322862,0.09465737352139934,0.09054153913003235,-0.048546800164685155,0.1931273967709573,0.059548447475284726,1.2093294059743467
fw10_buffered_1_scale_on_strong_mn200,Post_GFC_Recovery,2009-07-01,2012-12-31,863,2.0075856286351796,0.10646185871280112,0.05302979718238831,-0.05707394832433588,-0.004092114874851528,-0.0012099132990530026,1.4399229703174512
fw10_buffered_1_scale_on_strong_mn200,QE_Expansion,2013-01-01,2019-12-31,1770,1.0654062732154308,0.05637908258942883,0.05291791873843105,-0.15218022175237678,0.033293046647109914,0.013772388747811028,1.485863280826202
fw10_buffered_1_scale_on_strong_mn200,COVID,2020-01-01,2020-12-31,254,1.7713202283687226,0.17451942451711527,0.09852505590016153,-0.04915111670058525,-0.23130231827150052,-0.07481265200342016,1.1923241854366649
fw10_buffered_1_scale_on_strong_mn200,Post_COVID_Inflation,2021-01-01,2026-03-27,1322,1.3253054877970971,0.06237767609823833,0.04706663985970628,-0.04572566611909046,-0.039138821568549434,-0.012281996336829755,1.3871277870371728
fw10_buffered_1_scale_on_strong_mn250,Full_Sample,2002-01-30,2026-03-27,5942,0.712781494901956,0.041741410941498434,0.05856129997768814,-0.3926962192785748,0.013022672619273883,0.004439936854650213,2.6757667305405413
fw10_buffered_1_scale_on_strong_mn250,Pre_GFC,2002-01-30,2007-06-30,1227,-1.8476865084621348,-0.09643679630733426,0.052193267562255716,-0.39226292793947615,0.002152559613161154,0.0008457398791108295,0.6252802351797129
fw10_buffered_1_scale_on_strong_mn250,GFC,2007-07-01,2009-06-30,506,1.0454579680322862,0.09465737352139934,0.09054153913003235,-0.048546800164685155,0.1931273967709573,0.059548447475284726,1.2093294059743467
fw10_buffered_1_scale_on_strong_mn250,Post_GFC_Recovery,2009-07-01,2012-12-31,863,2.0075856286351796,0.10646185871280112,0.05302979718238831,-0.05707394832433588,-0.004092114874851528,-0.0012099132990530026,1.4399229703174512
fw10_buffered_1_scale_on_strong_mn250,QE_Expansion,2013-01-01,2019-12-31,1770,1.0654062732154308,0.05637908258942883,0.05291791873843105,-0.15218022175237678,0.033293046647109914,0.013772388747811028,1.485863280826202
fw10_buffered_1_scale_on_strong_mn250,COVID,2020-01-01,2020-12-31,254,1.7713202283687226,0.17451942451711527,0.09852505590016153,-0.04915111670058525,-0.23130231827150052,-0.07481265200342016,1.1923241854366649
fw10_buffered_1_scale_on_strong_mn250,Post_COVID_Inflation,2021-01-01,2026-03-27,1322,1.3253054877970971,0.06237767609823833,0.04706663985970628,-0.04572566611909046,-0.039138821568549434,-0.012281996336829755,1.3871277870371728
fw10_buffered_1_scale_on_mild_mn200,Full_Sample,2002-01-30,2026-03-27,5942,0.9581321120061586,0.046763000771879684,0.048806422606968325,-0.3706445807576312,0.020787467095086453,0.005906694546279855,3.012113125221365
fw10_buffered_1_scale_on_mild_mn200,Pre_GFC,2002-01-30,2007-06-30,1227,-2.032554118944719,-0.08940505400955862,0.04398655522932732,-0.36760638411545365,0.02447210934131885,0.008103236068335838,0.6470592155836236
fw10_buffered_1_scale_on_mild_mn200,GFC,2007-07-01,2009-06-30,506,1.1910292253306651,0.0897382671126328,0.07534514284292125,-0.04540896286310625,0.1852402960951661,0.04753017473544542,1.1974433504787847
fw10_buffered_1_scale_on_mild_mn200,Post_GFC_Recovery,2009-07-01,2012-12-31,863,2.5241261822512877,0.1143958394573601,0.04532096701890297,-0.05151139183138076,0.006529443140552561,0.001649915793124556,1.4795830941735315
fw10_buffered_1_scale_on_mild_mn200,QE_Expansion,2013-01-01,2019-12-31,1770,1.4149385435476387,0.06190756465110523,0.043752829360267476,-0.12024306979899169,0.038186498982640656,0.013060775499649444,1.5446957141650761
fw10_buffered_1_scale_on_mild_mn200,COVID,2020-01-01,2020-12-31,254,2.5394715286980993,0.20338186717840195,0.0800882643810025,-0.039518065714110095,-0.2066785620865004,-0.05433913089957687,1.2275201658975938
fw10_buffered_1_scale_on_mild_mn200,Post_COVID_Inflation,2021-01-01,2026-03-27,1322,1.599592920704566,0.062177908887876825,0.0388710828130507,-0.035796224224523776,-0.03719410746151801,-0.009639373398373993,1.3856748592029493
fw10_buffered_1_scale_on_mild_mn250,Full_Sample,2002-01-30,2026-03-27,5942,0.9581321120061586,0.046763000771879684,0.048806422606968325,-0.3706445807576312,0.020787467095086453,0.005906694546279855,3.012113125221365
fw10_buffered_1_scale_on_mild_mn250,Pre_GFC,2002-01-30,2007-06-30,1227,-2.032554118944719,-0.08940505400955862,0.04398655522932732,-0.36760638411545365,0.02447210934131885,0.008103236068335838,0.6470592155836236
fw10_buffered_1_scale_on_mild_mn250,GFC,2007-07-01,2009-06-30,506,1.1910292253306651,0.0897382671126328,0.07534514284292125,-0.04540896286310625,0.1852402960951661,0.04753017473544542,1.1974433504787847
fw10_buffered_1_scale_on_mild_mn250,Post_GFC_Recovery,2009-07-01,2012-12-31,863,2.5241261822512877,0.1143958394573601,0.04532096701890297,-0.05151139183138076,0.006529443140552561,0.001649915793124556,1.4795830941735315
fw10_buffered_1_scale_on_mild_mn250,QE_Expansion,2013-01-01,2019-12-31,1770,1.4149385435476387,0.06190756465110523,0.043752829360267476,-0.12024306979899169,0.038186498982640656,0.013060775499649444,1.5446957141650761
fw10_buffered_1_scale_on_mild_mn250,COVID,2020-01-01,2020-12-31,254,2.5394715286980993,0.20338186717840195,0.0800882643810025,-0.039518065714110095,-0.2066785620865004,-0.05433913089957687,1.2275201658975938
fw10_buffered_1_scale_on_mild_mn250,Post_COVID_Inflation,2021-01-01,2026-03-27,1322,1.599592920704566,0.062177908887876825,0.0388710828130507,-0.035796224224523776,-0.03719410746151801,-0.009639373398373993,1.3856748592029493
fw10_buffered_1_scale_off_mn200,Full_Sample,2002-01-30,2026-03-27,5942,1.167101076179908,0.05356606457558113,0.045896679961011315,-0.3716838560608673,0.02840147690218922,0.007589062984127455,3.5362038482032094
fw10_buffered_1_scale_off_mn200,Pre_GFC,2002-01-30,2007-06-30,1227,-2.1386294891510484,-0.0891155407314897,0.041669462234370035,-0.36438916866282134,0.04828345211224654,0.015145490531861625,0.6479719883502263
fw10_buffered_1_scale_off_mn200,GFC,2007-07-01,2009-06-30,506,1.28115250579914,0.09036956522988059,0.07053771102255393,-0.04566282968564517,0.16431410032331564,0.039470704639416876,1.1989621999459346
fw10_buffered_1_scale_off_mn200,Post_GFC_Recovery,2009-07-01,2012-12-31,863,2.838205514294472,0.12819158142406684,0.04516641968963724,-0.04949668057656054,0.017389476627914943,0.004379138131301067,1.5511635034171907
fw10_buffered_1_scale_off_mn200,QE_Expansion,2013-01-01,2019-12-31,1770,1.7269757671163608,0.07001908945704971,0.04054433813739318,-0.0987704788335978,0.04146226919009552,0.013141237389949946,1.6352582572446837
fw10_buffered_1_scale_off_mn200,COVID,2020-01-01,2020-12-31,254,3.39392444369158,0.24152319268569736,0.07116339703278485,-0.033041874522109715,-0.16696905764797476,-0.03900686452080983,1.275629833147321
fw10_buffered_1_scale_off_mn200,Post_COVID_Inflation,2021-01-01,2026-03-27,1322,1.778877017794229,0.06505091537761466,0.03656852875544846,-0.03174169298552032,-0.031955555391457266,-0.007791155664754057,1.4067177686996157
fw10_buffered_1_scale_off_mn250,Full_Sample,2002-01-30,2026-03-27,5942,1.167101076179908,0.05356606457558113,0.045896679961011315,-0.3716838560608673,0.02840147690218922,0.007589062984127455,3.5362038482032094
fw10_buffered_1_scale_off_mn250,Pre_GFC,2002-01-30,2007-06-30,1227,-2.1386294891510484,-0.0891155407314897,0.041669462234370035,-0.36438916866282134,0.04828345211224654,0.015145490531861625,0.6479719883502263
fw10_buffered_1_scale_off_mn250,GFC,2007-07-01,2009-06-30,506,1.28115250579914,0.09036956522988059,0.07053771102255393,-0.04566282968564517,0.16431410032331564,0.039470704639416876,1.1989621999459346
fw10_buffered_1_scale_off_mn250,Post_GFC_Recovery,2009-07-01,2012-12-31,863,2.838205514294472,0.12819158142406684,0.04516641968963724,-0.04949668057656054,0.017389476627914943,0.004379138131301067,1.5511635034171907
fw10_buffered_1_scale_off_mn250,QE_Expansion,2013-01-01,2019-12-31,1770,1.7269757671163608,0.07001908945704971,0.04054433813739318,-0.0987704788335978,0.04146226919009552,0.013141237389949946,1.6352582572446837
fw10_buffered_1_scale_off_mn250,COVID,2020-01-01,2020-12-31,254,3.39392444369158,0.24152319268569736,0.07116339703278485,-0.033041874522109715,-0.16696905764797476,-0.03900686452080983,1.275629833147321
fw10_buffered_1_scale_off_mn250,Post_COVID_Inflation,2021-01-01,2026-03-27,1322,1.778877017794229,0.06505091537761466,0.03656852875544846,-0.03174169298552032,-0.031955555391457266,-0.007791155664754057,1.4067177686996157
fw10_buffered_2_scale_on_strong_mn200,Full_Sample,2002-01-30,2026-03-27,5942,0.6617427290751308,0.04146209085692157,0.0626559069487172,-0.39148620576538384,0.012873963339329332,0.004696131514106725,2.6582015291673704
fw10_buffered_2_scale_on_strong_mn200,Pre_GFC,2002-01-30,2007-06-30,1227,-1.6715705813074495,-0.09478626421240391,0.05670491289590961,-0.39148620576538384,0.01048974799675482,0.00447767818810025,0.6303255581628685
fw10_buffered_2_scale_on_strong_mn200,GFC,2007-07-01,2009-06-30,506,1.3733736009609185,0.13448845000554685,0.09792561172826411,-0.05149810556154022,0.18358690712055534,0.06122329260737272,1.3100224423902562
fw10_buffered_2_scale_on_strong_mn200,Post_GFC_Recovery,2009-07-01,2012-12-31,863,1.6073039475098572,0.09158702294977902,0.05698176943550208,-0.05666029087819491,-0.013241779949402347,-0.004206963703931327,1.3684096273093742
fw10_buffered_2_scale_on_strong_mn200,QE_Expansion,2013-01-01,2019-12-31,1770,0.9376192581315665,0.05297160632787553,0.056495859986317135,-0.17277955376305776,0.0341097072938441,0.01506425279650459,1.45072360954326
fw10_buffered_2_scale_on_strong_mn200,COVID,2020-01-01,2020-12-31,254,1.5806435900027225,0.1541073459814128,0.09749658111171498,-0.043133176910154725,-0.22735553555992516,-0.07276847842051336,1.1680438425786321
fw10_buffered_2_scale_on_strong_mn200,Post_COVID_Inflation,2021-01-01,2026-03-27,1322,1.2054233495653717,0.06253912592463168,0.05188146218271019,-0.051551470561867485,-0.04379395648975546,-0.015148666807460702,1.3883031416030005
fw10_buffered_2_scale_on_strong_mn250,Full_Sample,2002-01-30,2026-03-27,5942,0.6617427290751308,0.04146209085692157,0.0626559069487172,-0.39148620576538384,0.012873963339329332,0.004696131514106725,2.6582015291673704
fw10_buffered_2_scale_on_strong_mn250,Pre_GFC,2002-01-30,2007-06-30,1227,-1.6715705813074495,-0.09478626421240391,0.05670491289590961,-0.39148620576538384,0.01048974799675482,0.00447767818810025,0.6303255581628685
fw10_buffered_2_scale_on_strong_mn250,GFC,2007-07-01,2009-06-30,506,1.3733736009609185,0.13448845000554685,0.09792561172826411,-0.05149810556154022,0.18358690712055534,0.06122329260737272,1.3100224423902562
fw10_buffered_2_scale_on_strong_mn250,Post_GFC_Recovery,2009-07-01,2012-12-31,863,1.6073039475098572,0.09158702294977902,0.05698176943550208,-0.05666029087819491,-0.013241779949402347,-0.004206963703931327,1.3684096273093742
fw10_buffered_2_scale_on_strong_mn250,QE_Expansion,2013-01-01,2019-12-31,1770,0.9376192581315665,0.05297160632787553,0.056495859986317135,-0.17277955376305776,0.0341097072938441,0.01506425279650459,1.45072360954326
fw10_buffered_2_scale_on_strong_mn250,COVID,2020-01-01,2020-12-31,254,1.5806435900027225,0.1541073459814128,0.09749658111171498,-0.043133176910154725,-0.22735553555992516,-0.07276847842051336,1.1680438425786321
fw10_buffered_2_scale_on_strong_mn250,Post_COVID_Inflation,2021-01-01,2026-03-27,1322,1.2054233495653717,0.06253912592463168,0.05188146218271019,-0.051551470561867485,-0.04379395648975546,-0.015148666807460702,1.3883031416030005
fw10_buffered_2_scale_on_mild_mn200,Full_Sample,2002-01-30,2026-03-27,5942,0.8742185908686205,0.04571543780442639,0.05229291424585662,-0.37622672687549885,0.02175214865362088,0.006622332307908357,2.9386226869431415
fw10_buffered_2_scale_on_mild_mn200,Pre_GFC,2002-01-30,2007-06-30,1227,-1.9010778481731565,-0.09102797107687179,0.04788229538540215,-0.37622672687549885,0.03324902687774832,0.011984530787638318,0.641966263435655
fw10_buffered_2_scale_on_mild_mn200,GFC,2007-07-01,2009-06-30,506,1.509574937585694,0.1226367329268099,0.08123924813096481,-0.04141514728559281,0.1760691706500772,0.048711095597194394,1.279215210699704
fw10_buffered_2_scale_on_mild_mn200,Post_GFC_Recovery,2009-07-01,2012-12-31,863,2.177286260570951,0.10598590498810892,0.0486779836475504,-0.04798631355162741,-0.003570846330068077,-0.0009691482342489052,1.437577875791257
fw10_buffered_2_scale_on_mild_mn200,QE_Expansion,2013-01-01,2019-12-31,1770,1.2374854987495292,0.05789161565717088,0.046781651757269054,-0.14333849903433715,0.039020552343338046,0.014269933291464627,1.5017328601045916
fw10_buffered_2_scale_on_mild_mn200,COVID,2020-01-01,2020-12-31,254,2.3800576672263962,0.18954622910153565,0.07963934307626404,-0.03465800979484002,-0.19271654804128038,-0.050384279389126506,1.2105206596068876
fw10_buffered_2_scale_on_mild_mn200,Post_COVID_Inflation,2021-01-01,2026-03-27,1322,1.3924724918663745,0.05990887078255443,0.04302337829471711,-0.037385187104140294,-0.03895275744897004,-0.011173538746699834,1.3692783346113087
fw10_buffered_2_scale_on_mild_mn250,Full_Sample,2002-01-30,2026-03-27,5942,0.8742185908686205,0.04571543780442639,0.05229291424585662,-0.37622672687549885,0.02175214865362088,0.006622332307908357,2.9386226869431415
fw10_buffered_2_scale_on_mild_mn250,Pre_GFC,2002-01-30,2007-06-30,1227,-1.9010778481731565,-0.09102797107687179,0.04788229538540215,-0.37622672687549885,0.03324902687774832,0.011984530787638318,0.641966263435655
fw10_buffered_2_scale_on_mild_mn250,GFC,2007-07-01,2009-06-30,506,1.509574937585694,0.1226367329268099,0.08123924813096481,-0.04141514728559281,0.1760691706500772,0.048711095597194394,1.279215210699704
fw10_buffered_2_scale_on_mild_mn250,Post_GFC_Recovery,2009-07-01,2012-12-31,863,2.177286260570951,0.10598590498810892,0.0486779836475504,-0.04798631355162741,-0.003570846330068077,-0.0009691482342489052,1.437577875791257
fw10_buffered_2_scale_on_mild_mn250,QE_Expansion,2013-01-01,2019-12-31,1770,1.2374854987495292,0.05789161565717088,0.046781651757269054,-0.14333849903433715,0.039020552343338046,0.014269933291464627,1.5017328601045916
fw10_buffered_2_scale_on_mild_mn250,COVID,2020-01-01,2020-12-31,254,2.3800576672263962,0.18954622910153565,0.07963934307626404,-0.03465800979484002,-0.19271654804128038,-0.050384279389126506,1.2105206596068876
fw10_buffered_2_scale_on_mild_mn250,Post_COVID_Inflation,2021-01-01,2026-03-27,1322,1.3924724918663745,0.05990887078255443,0.04302337829471711,-0.037385187104140294,-0.03895275744897004,-0.011173538746699834,1.3692783346113087
fw10_buffered_2_scale_off_mn200,Full_Sample,2002-01-30,2026-03-27,5942,1.0527716500309752,0.051872397226531516,0.04927222083250941,-0.38187039733780437,0.030598367604221462,0.008777409437859382,3.3977661186003707
fw10_buffered_2_scale_off_mn200,Pre_GFC,2002-01-30,2007-06-30,1227,-2.0574215364997053,-0.09374442024960652,0.04556403176817818,-0.38187039733780437,0.05669186420289266,0.01944509275280174,0.6335311898768251
fw10_buffered_2_scale_off_mn200,GFC,2007-07-01,2009-06-30,506,1.577372791749358,0.11903533580387597,0.07546430141720771,-0.038767790122606005,0.156703061105645,0.040271492023696114,1.2699980899526586
fw10_buffered_2_scale_off_mn200,Post_GFC_Recovery,2009-07-01,2012-12-31,863,2.586357351131471,0.1252264186599433,0.04841806512358382,-0.04291035458064918,0.007324434124615673,0.0019772790962515555,1.53549190791834
fw10_buffered_2_scale_off_mn200,QE_Expansion,2013-01-01,2019-12-31,1770,1.5043587185748826,0.06542355522072989,0.043489331642061604,-0.12727898837016316,0.04226608622242264,0.014369039761463184,1.583317913107225
fw10_buffered_2_scale_off_mn200,COVID,2020-01-01,2020-12-31,254,3.243267630918678,0.2327090078450859,0.07175140454849527,-0.028966235802525442,-0.14032718953402598,-0.03305374016386886,1.2643471534497632
fw10_buffered_2_scale_off_mn200,Post_COVID_Inflation,2021-01-01,2026-03-27,1322,1.4946231555991702,0.06054472618205858,0.04050835553781259,-0.03225206604854758,-0.030254710789053688,-0.008171196272497223,1.3738534869331438
fw10_buffered_2_scale_off_mn250,Full_Sample,2002-01-30,2026-03-27,5942,1.0527716500309752,0.051872397226531516,0.04927222083250941,-0.38187039733780437,0.030598367604221462,0.008777409437859382,3.3977661186003707
fw10_buffered_2_scale_off_mn250,Pre_GFC,2002-01-30,2007-06-30,1227,-2.0574215364997053,-0.09374442024960652,0.04556403176817818,-0.38187039733780437,0.05669186420289266,0.01944509275280174,0.6335311898768251
fw10_buffered_2_scale_off_mn250,GFC,2007-07-01,2009-06-30,506,1.577372791749358,0.11903533580387597,0.07546430141720771,-0.038767790122606005,0.156703061105645,0.040271492023696114,1.2699980899526586
fw10_buffered_2_scale_off_mn250,Post_GFC_Recovery,2009-07-01,2012-12-31,863,2.586357351131471,0.1252264186599433,0.04841806512358382,-0.04291035458064918,0.007324434124615673,0.0019772790962515555,1.53549190791834
fw10_buffered_2_scale_off_mn250,QE_Expansion,2013-01-01,2019-12-31,1770,1.5043587185748826,0.06542355522072989,0.043489331642061604,-0.12727898837016316,0.04226608622242264,0.014369039761463184,1.583317913107225
fw10_buffered_2_scale_off_mn250,COVID,2020-01-01,2020-12-31,254,3.243267630918678,0.2327090078450859,0.07175140454849527,-0.028966235802525442,-0.14032718953402598,-0.03305374016386886,1.2643471534497632
fw10_buffered_2_scale_off_mn250,Post_COVID_Inflation,2021-01-01,2026-03-27,1322,1.4946231555991702,0.06054472618205858,0.04050835553781259,-0.03225206604854758,-0.030254710789053688,-0.008171196272497223,1.3738534869331438
fw10_buffered_3_scale_on_strong_mn200,Full_Sample,2002-01-30,2026-03-27,5942,0.7704966308790858,0.04397469275448796,0.057073179806530414,-0.37267672790739903,0.011499803812157426,0.0038211005223658615,2.820446863727695
fw10_buffered_3_scale_on_strong_mn200,Pre_GFC,2002-01-30,2007-06-30,1227,-1.6291194394372557,-0.0833280640720487,0.05114914355256395,-0.35137441081714116,0.004485145723167654,0.0017269591273299425,0.6664912205156039
fw10_buffered_3_scale_on_strong_mn200,GFC,2007-07-01,2009-06-30,506,0.7375175869797289,0.06424479387461268,0.0871095076358884,-0.062220105290964334,0.17636113594807085,0.052317517745156715,1.1376895178517923
fw10_buffered_3_scale_on_strong_mn200,Post_GFC_Recovery,2009-07-01,2012-12-31,863,1.9789268098294366,0.1013373941156379,0.05120825773459108,-0.05384716793171296,0.001314006039566942,0.0003751663075104403,1.4148738307817115
fw10_buffered_3_scale_on_strong_mn200,QE_Expansion,2013-01-01,2019-12-31,1770,1.1093582622681666,0.05884217550703501,0.05304163452726962,-0.11972469918857087,0.038049684695318366,0.015776873364269153,1.5117928021136557
fw10_buffered_3_scale_on_strong_mn200,COVID,2020-01-01,2020-12-31,254,2.054071910155324,0.19067733667201664,0.0928289490398601,-0.04392476064113826,-0.2501108054932789,-0.07621917841995426,1.2119015425988264
fw10_buffered_3_scale_on_strong_mn200,Post_COVID_Inflation,2021-01-01,2026-03-27,1322,1.501142145079013,0.06883239635331123,0.045853350116746086,-0.03795873448337217,-0.029004901504114975,-0.008867281381151322,1.434902548460264
fw10_buffered_3_scale_on_strong_mn250,Full_Sample,2002-01-30,2026-03-27,5942,0.7704966308790858,0.04397469275448796,0.057073179806530414,-0.37267672790739903,0.011499803812157426,0.0038211005223658615,2.820446863727695
fw10_buffered_3_scale_on_strong_mn250,Pre_GFC,2002-01-30,2007-06-30,1227,-1.6291194394372557,-0.0833280640720487,0.05114914355256395,-0.35137441081714116,0.004485145723167654,0.0017269591273299425,0.6664912205156039
fw10_buffered_3_scale_on_strong_mn250,GFC,2007-07-01,2009-06-30,506,0.7375175869797289,0.06424479387461268,0.0871095076358884,-0.062220105290964334,0.17636113594807085,0.052317517745156715,1.1376895178517923
fw10_buffered_3_scale_on_strong_mn250,Post_GFC_Recovery,2009-07-01,2012-12-31,863,1.9789268098294366,0.1013373941156379,0.05120825773459108,-0.05384716793171296,0.001314006039566942,0.0003751663075104403,1.4148738307817115
fw10_buffered_3_scale_on_strong_mn250,QE_Expansion,2013-01-01,2019-12-31,1770,1.1093582622681666,0.05884217550703501,0.05304163452726962,-0.11972469918857087,0.038049684695318366,0.015776873364269153,1.5117928021136557
fw10_buffered_3_scale_on_strong_mn250,COVID,2020-01-01,2020-12-31,254,2.054071910155324,0.19067733667201664,0.0928289490398601,-0.04392476064113826,-0.2501108054932789,-0.07621917841995426,1.2119015425988264
fw10_buffered_3_scale_on_strong_mn250,Post_COVID_Inflation,2021-01-01,2026-03-27,1322,1.501142145079013,0.06883239635331123,0.045853350116746086,-0.03795873448337217,-0.029004901504114975,-0.008867281381151322,1.434902548460264
fw10_buffered_3_scale_on_mild_mn200,Full_Sample,2002-01-30,2026-03-27,5942,1.0023575967725094,0.0476956824300878,0.04758349972471212,-0.3572665424818212,0.019827515687210303,0.005492760271089158,3.079089414799799
fw10_buffered_3_scale_on_mild_mn200,Pre_GFC,2002-01-30,2007-06-30,1227,-1.8374940633463281,-0.0792026668596966,0.043103631429131095,-0.3346077837185992,0.026519754581060363,0.008604992499479025,0.6800142286841211
fw10_buffered_3_scale_on_mild_mn200,GFC,2007-07-01,2009-06-30,506,0.8314006187006091,0.06024367522696937,0.07246046475298977,-0.06340626080000622,0.17020822642940373,0.0420010691287862,1.128585947107448
fw10_buffered_3_scale_on_mild_mn200,Post_GFC_Recovery,2009-07-01,2012-12-31,863,2.48000736114632,0.10904740589432191,0.043970597669483344,-0.04885732996228931,0.014398366979028842,0.003529897337852845,1.4527293426736103
fw10_buffered_3_scale_on_mild_mn200,QE_Expansion,2013-01-01,2019-12-31,1770,1.439166296894164,0.06298507545079861,0.04376497392047426,-0.09394213764899528,0.04225026770729476,0.014454701168214365,1.5564306780061234
fw10_buffered_3_scale_on_mild_mn200,COVID,2020-01-01,2020-12-31,254,2.816584611215041,0.21198463692318908,0.07526301041307665,-0.03529693862568284,-0.22212595632277257,-0.05488191675049636,1.238210329817662
fw10_buffered_3_scale_on_mild_mn200,Post_COVID_Inflation,2021-01-01,2026-03-27,1322,1.8030355484270133,0.06858587364476516,0.03803911337444244,-0.028081195996151442,-0.02981099684797086,-0.007560576427299773,1.4330480372919379
fw10_buffered_3_scale_on_mild_mn250,Full_Sample,2002-01-30,2026-03-27,5942,1.0023575967725094,0.0476956824300878,0.04758349972471212,-0.3572665424818212,0.019827515687210303,0.005492760271089158,3.079089414799799
fw10_buffered_3_scale_on_mild_mn250,Pre_GFC,2002-01-30,2007-06-30,1227,-1.8374940633463281,-0.0792026668596966,0.043103631429131095,-0.3346077837185992,0.026519754581060363,0.008604992499479025,0.6800142286841211
fw10_buffered_3_scale_on_mild_mn250,GFC,2007-07-01,2009-06-30,506,0.8314006187006091,0.06024367522696937,0.07246046475298977,-0.06340626080000622,0.17020822642940373,0.0420010691287862,1.128585947107448
fw10_buffered_3_scale_on_mild_mn250,Post_GFC_Recovery,2009-07-01,2012-12-31,863,2.48000736114632,0.10904740589432191,0.043970597669483344,-0.04885732996228931,0.014398366979028842,0.003529897337852845,1.4527293426736103
fw10_buffered_3_scale_on_mild_mn250,QE_Expansion,2013-01-01,2019-12-31,1770,1.439166296894164,0.06298507545079861,0.04376497392047426,-0.09394213764899528,0.04225026770729476,0.014454701168214365,1.5564306780061234
fw10_buffered_3_scale_on_mild_mn250,COVID,2020-01-01,2020-12-31,254,2.816584611215041,0.21198463692318908,0.07526301041307665,-0.03529693862568284,-0.22212595632277257,-0.05488191675049636,1.238210329817662
fw10_buffered_3_scale_on_mild_mn250,Post_COVID_Inflation,2021-01-01,2026-03-27,1322,1.8030355484270133,0.06858587364476516,0.03803911337444244,-0.028081195996151442,-0.02981099684797086,-0.007560576427299773,1.4330480372919379
fw10_buffered_3_scale_off_mn200,Full_Sample,2002-01-30,2026-03-27,5942,1.1922876559209117,0.05346148488453946,0.04483941825535912,-0.36212956818274933,0.028114688250910187,0.007339377117030102,3.527494585406942
fw10_buffered_3_scale_off_mn200,Pre_GFC,2002-01-30,2007-06-30,1227,-1.979791681240726,-0.08080454739358103,0.04081467164411016,-0.33738119114117193,0.049838571330925806,0.015312603113747584,0.6747309979507053
fw10_buffered_3_scale_off_mn200,GFC,2007-07-01,2009-06-30,506,0.88256872257984,0.05984168956942221,0.06780399989079461,-0.06823937135663549,0.1522099887577951,0.03514610095601901,1.1276753633248322
fw10_buffered_3_scale_off_mn200,Post_GFC_Recovery,2009-07-01,2012-12-31,863,2.76340753617499,0.12236902193709955,0.04428193103449315,-0.047741638648579166,0.026944838950501288,0.006652557099491905,1.5205397051274998
fw10_buffered_3_scale_off_mn200,QE_Expansion,2013-01-01,2019-12-31,1770,1.7345294498112693,0.07003329166032082,0.0403759599861167,-0.07700839071522625,0.044577750079438185,0.0140699963552321,1.6354213882310045
fw10_buffered_3_scale_off_mn200,COVID,2020-01-01,2020-12-31,254,3.6620344080695246,0.2440741004187566,0.0666498654083981,-0.029501845377962965,-0.17732706028258935,-0.038799190601442685,1.2789138927619237
fw10_buffered_3_scale_off_mn200,Post_COVID_Inflation,2021-01-01,2026-03-27,1322,1.9804758099368642,0.07184358111715643,0.03627591953241112,-0.023743324149517075,-0.028010960652572414,-0.006774768458020657,1.4577493530056216
fw10_buffered_3_scale_off_mn250,Full_Sample,2002-01-30,2026-03-27,5942,1.1922876559209117,0.05346148488453946,0.04483941825535912,-0.36212956818274933,0.028114688250910187,0.007339377117030102,3.527494585406942
fw10_buffered_3_scale_off_mn250,Pre_GFC,2002-01-30,2007-06-30,1227,-1.979791681240726,-0.08080454739358103,0.04081467164411016,-0.33738119114117193,0.049838571330925806,0.015312603113747584,0.6747309979507053
fw10_buffered_3_scale_off_mn250,GFC,2007-07-01,2009-06-30,506,0.88256872257984,0.05984168956942221,0.06780399989079461,-0.06823937135663549,0.1522099887577951,0.03514610095601901,1.1276753633248322
fw10_buffered_3_scale_off_mn250,Post_GFC_Recovery,2009-07-01,2012-12-31,863,2.76340753617499,0.12236902193709955,0.04428193103449315,-0.047741638648579166,0.026944838950501288,0.006652557099491905,1.5205397051274998
fw10_buffered_3_scale_off_mn250,QE_Expansion,2013-01-01,2019-12-31,1770,1.7345294498112693,0.07003329166032082,0.0403759599861167,-0.07700839071522625,0.044577750079438185,0.0140699963552321,1.6354213882310045
fw10_buffered_3_scale_off_mn250,COVID,2020-01-01,2020-12-31,254,3.6620344080695246,0.2440741004187566,0.0666498654083981,-0.029501845377962965,-0.17732706028258935,-0.038799190601442685,1.2789138927619237
fw10_buffered_3_scale_off_mn250,Post_COVID_Inflation,2021-01-01,2026-03-27,1322,1.9804758099368642,0.07184358111715643,0.03627591953241112,-0.023743324149517075,-0.028010960652572414,-0.006774768458020657,1.4577493530056216
