date,strategy_log,ftse250_log,strategy_eq,ftse250_eq
2002-01-30,0.0,-0.012031830943893596,1.0,0.9880402621072318
2002-01-31,-0.0038749238814067936,0.009965375424371814,0.9961325739485034,0.9979356781297352
2002-02-01,-0.005935827982287351,0.0009568711213692183,0.9902372165654201,0.9988910309629964
2002-02-04,0.007147410288545289,-0.004536475136333706,0.9973402019724334,0.9943698495044381
2002-02-05,0.0016376559827754014,-0.010261276368222383,0.9989748402432977,0.9842185175503193
2002-02-06,-7.692725979715175e-05,-0.002169179499539098,0.998897994802024,0.9820858847868478
2002-02-07,-0.001679334569202397,0.0004515940264333551,0.9972219186084931,0.9825294890628437
2002-02-08,0.004920972333112175,0.0055239502790698225,1.0021413142575573,0.9879719512140268
2002-02-11,-0.004118494251692385,0.005236042039282296,0.998022488517428,0.9931585807395611
2002-02-12,-0.004566867301666097,0.0010130066533129423,0.9934750439398251,0.9941651667427259
2002-02-13,-0.0006787965997037473,-0.0023711040084730683,0.9928009052855062,0.9918106901882745
2002-02-14,-0.011185257816741328,0.0008426068718438984,0.981758044949912,0.9926467488763274
2002-02-15,0.0013146092249943144,0.002454755787798746,0.9830495218402385,0.9950864474353505
2002-02-18,2.2698526191110898e-05,-0.0022657788806839108,0.9830718358688041,0.9928343539147393
2002-02-19,5.062345151468943e-06,-0.007520451033043329,0.9830768125303427,0.9853957974805275
2002-02-20,-0.007248088969582475,-0.008520012301298507,0.9759771449220328,0.9770358770477238
2002-02-21,0.003188381544389586,0.0019537900142285736,0.9790938984980871,0.9789466660202124
2002-02-22,-0.0037840306529547886,-0.008804889002540506,0.9753959781086102,0.9703649851023939
2002-02-25,0.00045654479559377307,0.00842145101629832,0.9758413917339586,0.9785713726374227
2002-02-26,0.0015242667119345719,0.009146063284266148,0.9773299684892928,0.9875625023846338
2002-02-27,0.008315575549370798,0.008635160789157936,0.9854909141323775,0.996127188885119
2002-02-28,-0.003719145007757439,-0.0007881873543027496,0.9818325377519174,0.9953423633669672
2002-03-01,0.0018082159860225906,0.006219886537985886,0.9836095091321336,1.0015525733130006
2002-03-04,0.0019279362247123053,0.016572881569441478,0.9855076747189117,1.0182894919019112
2002-03-05,0.004883749550433471,-0.0006871921915312384,0.9903324192145678,1.0175899716942982
2002-03-06,-0.0010731594080493896,0.0015580862573028043,0.9892702047264705,1.0191767004539019
2002-03-07,0.0012830618611002003,0.016733147693932082,0.990540314236771,1.0363742177361412
2002-03-08,0.00357283670833719,0.004566035975377858,0.9940856827725557,1.0411171596797115
2002-03-11,0.0014429598351827387,0.0026839702921677144,0.9955211438928291,1.0439152405101597
2002-03-12,0.005713758496303206,-0.005736591959387027,1.0012255926889468,1.0379438687724414
2002-03-13,0.0035520868490124076,-0.0004439394828459342,1.004788356827409,1.0374831867731455
2002-03-14,-0.0005060994969000261,-0.001777570504582826,1.0042799626054093,1.0356406253878931
2002-03-15,5.782041534115349e-05,-0.0003460282949863114,1.0043380321687527,1.035282326422437
2002-03-18,-3.936158683945671e-05,0.004423205594831003,1.004298500608101,1.0398717354682323
2002-03-19,-0.0027373297914705967,8.20310898284049e-05,1.0015531635635253,1.0399570407787704
2002-03-20,-0.004330651991365741,0.0026542048240223437,0.9972251636561266,1.042720966162616
2002-03-21,-0.0002655233873174695,0.0022717279120065825,0.9969604122031611,1.0450924371344015
2002-03-22,0.002109629967939164,0.000832241023589475,0.9990658498318916,1.0459625679630906
2002-03-25,-0.0031283774732996034,-0.003185782577906693,0.9959452784405762,1.0426356608520773
2002-03-26,-0.003099300613966024,-0.0014246619197972876,0.992863323047768,1.0411513151263143
2002-03-27,-0.009608731481032827,0.003876164205172117,0.9833688539314946,1.0451948201682424
2002-03-28,-0.004985566433356986,0.008015163405781678,0.9784784041425765,1.053605890464982
2002-04-02,0.0006514971519377274,0.0036529583321573966,0.9791160877380758,1.0574617071625316
2002-04-03,-0.0006290579018738492,-0.003102562933520403,0.9785003607105127,1.0541859499154536
2002-04-04,-0.000298943076799882,-0.0051110339795563675,0.9782078885204784,1.0488117153515073
2002-04-05,0.00033594525976885306,0.006146265222493952,0.9785365680297657,1.0552778412291575
2002-04-08,-0.0008804501602976743,-0.00748100521295747,0.9776753945173965,1.0474127582422508
2002-04-09,0.0005082117435555746,0.0023428199575512565,0.9781723869122645,1.0498695345245768
2002-04-10,0.0007386393454822219,0.0020292708574629614,0.9788951704292123,1.0520021672880462
2002-04-11,-0.000280005258751909,-0.0029234562593423163,0.9786211130042759,1.048931176108649
2002-04-12,0.0005621140140023865,-0.0012369348119189993,0.9791713642837833,1.0476345187272649
2002-04-15,-0.00041586714467115585,0.0010905532963949582,0.9787642437442704,1.048777643210873
2002-04-16,0.0003896729051120719,0.002015130861741099,0.9791457159704183,1.0508931982510417
2002-04-17,-0.00043386922761985626,0.0039049731771978458,0.9787209869199981,1.0550049308802063
2002-04-18,-0.0003831297466153148,-0.0027367962712006033,0.9783460816195447,1.0521215447392207
2002-04-19,0.00020380576719671975,0.0026397464858884945,0.9785454945133517,1.0549025478463672
2002-04-22,-0.0006917658494306095,0.0006143580932924664,0.9778688042407291,1.055550834884075
2002-04-23,-3.2780959329317734e-05,-0.0010187677756015034,0.9778367492886268,1.0544760212936726
2002-04-24,-0.000911882362746998,0.0008733043268644991,0.9769454836297815,1.0553973019862988
2002-04-25,0.00010776328388249171,-0.008001504043267715,0.977050768156073,1.046986231689558
2002-04-26,-0.00034211069908300136,-0.0037223187620334386,0.976716565805099,1.0430962595454063
2002-04-29,-0.000322135538035622,-0.001522250109804446,0.9764019813608,1.041509614091772
2002-04-30,-0.008851585498919411,0.003123919552447063,0.9677974139544968,1.0447682936155482
2002-05-01,0.004884405026007257,-0.0012255003226009364,0.9725360918975079,1.0434887139574658
2002-05-02,0.0024439787364837987,0.00793087946628468,0.9749158562888196,1.051797401220367
2002-05-03,-0.005073180881693881,0.0008593839130597303,0.9699824564014027,1.0527016874956583
2002-05-07,0.00862861521253621,-0.00715659646681388,0.9783882749142117,1.0451948201682424
2002-05-08,0.0009923271875262986,0.008484634976692718,0.9793596380746931,1.0541006446049141
2002-05-09,-0.002712200213616396,-0.0008419487835258366,0.9767070175002067,1.0532135193588914
2002-05-10,-0.0035245996607752676,-0.0021730959050412224,0.9732705758756598,1.0509272703916777
2002-05-13,0.0005206344477141992,-0.0024543243455052988,0.9737774259947742,1.0483511166581791
2002-05-14,0.004161629941561304,0.0016260958885609966,0.9778383715024052,1.050057222868954
2002-05-15,-0.003109875361830814,0.0009743898345835333,0.9748021396413773,1.0510808865954213
2002-05-16,-0.004889805671778195,0.0,0.9700471814950832,1.0510808865954213
2002-05-17,0.0026728390370853007,0.0018000587670119472,0.9726434296005934,1.0529745978446088
2002-05-20,0.0008918265682720434,0.00037264079792720395,0.9735112457658042,1.0533670522566678
2002-05-21,-0.004153133525359835,0.00021050320940929623,0.9694765077759412,1.053588812741682
2002-05-22,-0.00018743870709469156,-0.008652100975927723,0.9692948073821405,1.0445123776839316
2002-05-23,0.0017790719732910078,-0.0029936458052386428,0.9710207874739732,1.0413901533346301
2002-05-24,-0.00010739165988565304,0.0010152604953450606,0.9709165135389987,1.0424479725076985
2002-05-27,0.008620145022986954,0.00035994683083195866,0.9793221314641256,1.0428232658904897
2002-05-28,-0.0005893935811496997,-0.007669620595326165,0.9787450953533572,1.0348557998697427
2002-05-29,0.0023453201240107523,-0.003815648284446027,0.9810432598340425,1.0309146778616567
2002-05-30,-0.001813522063816837,-0.005759241145646854,0.9792657285200745,1.0249944559878756
2002-05-31,-0.0040139790705989945,0.006834376674921927,0.9753428548148343,1.03202364689866
2002-06-05,-0.00637794277763266,-0.007716920011505479,0.9691419693645721,1.0240902530185503
2002-06-06,0.003473956622552089,0.0008659631901046794,0.9725145812891768,1.0249774615705407
2002-06-07,0.00027691728100794186,-0.00756894409671105,0.9727839246739657,1.0172487504521428
2002-06-10,0.002595931298503553,-0.00033549167167379323,0.975312485475803,1.0169075292099885
2002-06-11,0.0005787666139946522,0.0012910586212981912,0.9758771271627256,1.0182212643146733
2002-06-12,6.166010425509528e-05,-0.009647482152274733,0.9759373017032917,1.0084452257433443
2002-06-13,0.001777971001214619,-0.008989992087625964,0.9776740333965074,0.9994199405495301
2002-06-14,-0.008803373513084427,-0.029116097107566574,0.9691049773483074,0.9707402784851852
2002-06-17,-0.003077529598284968,0.009219591772295033,0.9661271126803265,0.9797314915383639
2002-06-18,-0.0027696910944573763,-0.005377918736353848,0.963454941273124,0.9744767177315583
2002-06-19,0.002414909489762336,-0.015118026777097171,0.9657844093489639,0.9598553541828186
2002-06-20,0.0005548545361521032,-0.013690876457769008,0.9663204279018472,0.946803641670378
2002-06-21,0.004899367261182351,0.001008608699413216,0.9710664032147068,0.9477590778096073
2002-06-24,-0.004554251186589758,-0.01042299886253062,0.966653978168192,0.9379318893743411
2002-06-25,0.011615211634857304,0.006888452870605022,0.9779473290644876,0.9444150929752914
2002-06-26,-0.007455766434752882,-0.023875964853065312,0.9706830960564021,0.9221333292013579
2002-06-27,-0.004315681676377331,0.006123821648316152,0.9665029633541862,0.9277976351435232
2002-06-28,-0.0042594429563549635,0.0106999839211106,0.962394954240788,0.9377783564765647
2002-07-01,-0.0001401870849945317,0.00025465270930880024,0.9622600483537921,0.9380171946848804
2002-07-02,-0.0006408379356042928,-0.01830033673259912,0.9616435931559255,0.9210072824410522
2002-07-03,-5.4444472999204944e-05,-0.022044306891372045,0.9615912384025095,0.900926462323793
2002-07-04,-4.3091962388326106e-05,0.006041629865709552,0.9615498024418162,0.906386002198278
2002-07-05,0.00021203188202187362,0.014055726098625598,0.9617537032720601,0.9192158709197367
2002-07-08,0.0005711614897713118,0.0003711401602295439,0.9623031768541512,0.9195570921618917
2002-07-09,-0.0005576716593182415,-0.011588580237310353,0.9617666772539631,0.9089622392377448
2002-07-10,0.0009739042722707442,-0.016350140104099964,0.9627038021907871,0.8942214149318619
2002-07-11,-0.0007629981727808577,-0.034195621779643304,0.9619695411043419,0.8641598734815614
2002-07-12,-1.586417502955851e-05,0.0002961003547365948,0.9619542803722184,0.8644157894131778
2002-07-15,-0.001030727344217431,-0.030703853830765127,0.9609632786055978,0.8382782089416957
2002-07-16,0.0008594582187478946,-0.018259044168264182,0.961789541411629,0.8231109413890877
2002-07-17,-0.0003027020326287879,0.009715342798548576,0.9614984498217132,0.8311467183030379
2002-07-18,0.0009545746591907715,0.016449842568574624,0.9624167100810237,0.8449320231637248
2002-07-19,0.00047060059367181695,-0.016983710644861816,0.9628697305436362,0.830703114027042
2002-07-22,4.33010607815189e-05,-0.019096797095645712,0.9629114247270578,0.8149898591645988
2002-07-23,0.0004775378167658986,-0.012767227633707634,0.9633713611563396,0.8046508388660993
2002-07-24,-0.0016431823648400798,-0.0280817440685599,0.961789666187423,0.7823691583981335
2002-07-25,0.0007953952845504112,0.014741239799667127,0.9625549734731931,0.7939876750487465
2002-07-26,-0.0006632602966930496,-0.005624021584518246,0.9619167606499137,0.7895348044833942
2002-07-29,-0.0016925260407693633,0.023639478753278098,0.9602900684812137,0.8084213502531089
2002-07-30,-0.0006885644973818589,0.0033709791590528226,0.9596290744275042,0.8111511201903512
2002-07-31,-0.0020098520001759707,0.006122936997188688,0.9577022989282362,0.8161329836482059
2002-08-01,0.0004978797748372746,-0.011775726714747137,0.9581792382525574,0.8065787888678575
2002-08-02,-0.0006472935251579416,-0.01026921045937712,0.9575592157256277,0.7983382458862267
2002-08-05,0.0015633542663192868,-0.01946453665795822,0.959057390794841,0.7829492178486036
2002-08-06,0.009041716134862317,-0.0033832853754489634,0.9677682366326638,0.7803047532219006
2002-08-07,0.0015660255890919776,0.010764834551455493,0.9692849737701504,0.7887499789652443
2002-08-08,-0.0014927300843293522,0.01058591711970891,0.9678391722936618,0.7971439715386831
2002-08-09,0.011374658394795035,0.010771583038424737,0.978910861225696,0.8057768856264051
2002-08-12,0.009011213481296408,-0.004541390294381387,0.9877719003719967,0.8021258349965376
2002-08-13,0.00784040778459012,0.004583777614417528,0.9955468745244512,0.8058110410730077
2002-08-14,-0.0019253979109766172,-0.0024165658069090767,0.9936318947925443,0.8038660966539163
2002-08-15,0.006070505587289299,0.01545812519403178,0.9996820880479248,0.8163888995798215
2002-08-16,0.0047602719164106565,0.005003032993283085,1.004452191103188,0.8204835544856847
2002-08-19,0.002091525526044761,0.012501841522023938,1.0065552270105727,0.830805497060882
2002-08-20,-0.0008209469729909048,0.0007594673549284892,1.005729237636938,0.8314367063752894
2002-08-21,-0.0013866176760642382,0.008032067494250228,1.0043356421140786,0.838141753767221
2002-08-22,-0.005405608784144058,0.0118378101306984,0.998921243788739,0.8481224751002628
2002-08-23,-0.0016172080549466431,0.001266483495916404,0.9973070858734184,0.8491972886906648
2002-08-27,0.00313144010343178,0.006847598147667,1.0004349881408636,0.8550322052539077
2002-08-28,-0.0036420681041361195,-0.015280979046966792,0.9967979629473439,0.8420657980520064
2002-08-29,0.005436946841441576,-0.014530907779331415,1.0022322600892306,0.829918288508892
2002-08-30,-0.004071740783037631,-0.0011519044027092917,0.998159726898059,0.8289628523696634
2002-09-02,0.001436657967325786,-0.0014622543926723353,0.9995947716097541,0.8277515836047864
2002-09-03,-0.0046217777605554134,-0.014449398262526003,0.9949855263830737,0.8158770677165893
2002-09-04,-0.014800530080987083,-0.009539069043405846,0.9803676561269152,0.8081313621808575
2002-09-05,0.0009689642839423602,-0.012961806023710665,0.9813180577490878,0.7977241142951207
2002-09-06,0.0029370452915887272,0.008073042080170012,0.9842044700170257,0.8041902401727709
2002-09-09,0.0012369560252482403,-0.004422590382709757,0.9854226409228876,0.8006414892707754
2002-09-10,-0.009547442574551215,0.010197592880917483,0.9760591446945863,0.8088478768058035
2002-09-11,-0.0025569282815168896,0.005595087990078795,0.9735666194252466,0.8133861359876615
2002-09-12,0.0021263492824457656,-0.009864923432708395,0.9756389645918853,0.8054015922436153
2002-09-13,0.006460374154031161,-0.010798063378922862,0.9819623611031073,0.7967516004325912
2002-09-16,-0.003137879355053969,-0.0022724081567169208,0.9788859109717393,0.7949431111879752
2002-09-17,-0.005342788157786791,-0.0010091597429333632,0.9736698774077547,0.7941412912524901
2002-09-18,-0.001632807972442086,-0.022948071114374358,0.9720813586953296,0.7761247930054986
2002-09-19,-0.008416309835992265,-0.0143024260908593,0.9639343527484454,0.7651033302226895
2002-09-20,1.5983130565655197e-05,-0.000914700216798181,0.9639497595601864,0.7644038100150772
2002-09-23,-0.0033003814411046188,-0.015542920035805707,0.9607736018126476,0.7526145994374183
2002-09-24,0.00146273696268793,-0.024438752501110272,0.9621799892094496,0.73444456829265
2002-09-25,0.0013570005770680775,0.006990976410298444,0.9634865543143529,0.7395970423715817
2002-09-26,-0.002371914566100719,0.01037281980368121,0.9612039546577742,0.7473086757666775
2002-09-27,0.006783118824423923,0.006734862629677707,0.9677460782134903,0.7523586835058025
2002-09-30,-0.0034430260740002964,-0.028218756207554208,0.9644198326941099,0.7314248102831554
2002-10-01,0.002053082398122799,-0.004324608953163889,0.9664019000545941,0.7282685137932187
2002-10-02,-0.0004216711589929065,-0.004319840898805438,0.9659944821495721,0.7251292950265835
2002-10-03,0.00026003701583171123,-0.005544493651921556,0.9662457091347623,0.7211199454312591
2002-10-04,-0.0004928784030765628,-0.010297303260488277,0.9657695848379946,0.7137324555550176
2002-10-07,-4.868090654888158e-05,-0.007750906807229896,0.965722571443424,0.7082217658165959
2002-10-08,-0.0010458214492898234,0.0032468731538841666,0.9647131260059963,0.7105250092011438
2002-10-09,-0.00027629446205053445,-0.008100747625958249,0.9644466179308615,0.7047924756717421
2002-10-10,0.0015406673228096713,-0.010145690211396996,0.9659336545399149,0.6976780211034012
2002-10-11,0.00014829554839813403,0.024064328117789913,0.9660769088226547,0.7146708139709443
2002-10-14,-0.000352922607963284,-0.003946759906636288,0.9657360185979718,0.7118557387231629
2002-10-15,-0.00043773608839070576,0.03186630300556281,0.9653133736010052,0.7349052502919455
2002-10-16,-0.0030404633179136357,0.001786029244897236,0.9623828310594257,0.7362189853966303
2002-10-17,-0.001730037573606704,0.012939582929295312,0.9607193119916583,0.7458072523176146
2002-10-18,-0.0015372054213107118,4.5795565030815055e-05,0.9592436235656188,0.7458414077642165
2002-10-21,0.0008096968318097872,0.005861574633097888,0.960020634617796,0.7502260507423318
2002-10-22,0.00017764816114525312,0.003654673547359266,0.9601911956676772,0.7529728984028744
2002-10-23,0.0006339395296150542,-0.004906223981958391,0.9608000918038725,0.7492876923264047
2002-10-24,-0.00047587181600555365,0.003545802918512919,0.9603429828906179,0.7519492346764097
2002-10-25,0.0008136070025753526,-0.003409171767765784,0.9611246426051618,0.7493900753602445
2002-10-28,-0.0007103426275857449,0.009110588866390046,0.9604421572290217,0.7562486556499528
2002-10-29,-0.00044236241744738305,-0.015024568503156033,0.9600173876725021,0.7449712769355267
2002-10-30,-0.00014143366081731788,0.004911769541333655,0.9598816185003072,0.7486394052886963
2002-10-31,-0.0040905479650977855,0.006745700461738835,0.9559631964095462,0.7537065740570886
2002-11-01,-0.002410681525868402,-0.0009058586626355947,0.9536614490971081,0.7530241315727783
2002-11-04,0.004380948685831843,0.021761093865046988,0.9578485560227245,0.7695903562346439
2002-11-05,0.0038732982087983335,-0.006628242273128748,0.9615657834369213,0.7645061930489165
2002-11-06,-0.009231224607215127,0.00793544614246322,0.9527301980957975,0.7705970255437761
2002-11-07,0.0035369542076349866,-2.216192377346715e-05,0.9561059275597491,0.7705799478204742
2002-11-08,0.0003176725869260392,-0.005750884922870014,0.9564097044513732,0.7661611493957576
2002-11-11,0.004447573492154388,-0.01007125428481892,0.9606728802669494,0.7584836714472634
2002-11-12,-0.005584982040233171,0.003794196886522272,0.9553224942963368,0.7613669742822816
2002-11-13,-0.002393187640728875,-0.0076706514340276755,0.9530389618607593,0.7555491354423409
2002-11-14,-0.009067990161191558,-0.0005420690660322691,0.9444358792171863,0.7551396866129484
2002-11-15,-0.007090120169249944,0.005227879335064856,0.9377633976414896,0.7590978030383684
2002-11-18,-0.0013796500269923264,0.012196929885101682,0.9364705044197833,0.7684131596104021
2002-11-19,0.0005901481216388086,-0.008719289674509412,0.9370233238355623,0.7617422676650726
2002-11-20,0.005036854006977304,-0.004579521992285507,0.9417548795933905,0.7582618276562817
2002-11-21,-0.0015899578177485077,0.013764987255212802,0.9402587187916468,0.7687714585758583
2002-11-22,0.005764625097305494,0.004340344615386016,0.9456946106860827,0.7721154434101732
2002-11-25,0.004930811409890906,-0.006339678836868146,0.9503691676711855,0.7672359629861597
2002-11-26,-0.0019566702859273293,-0.009787525057246782,0.9485114266461789,0.759763251105345
2002-11-27,-0.0011408512551530255,0.008140649946339451,0.9474299332234278,0.7659734610513779
2002-11-28,-0.005889613490460968,0.018515143436617976,0.9418663369056959,0.7802876754985985
2002-11-29,-0.006510715245453111,-0.003350924510586495,0.9357540327142673,0.7776773663184976
2002-12-02,-0.0014622745071310654,0.0034602439968942633,0.9343867033963269,0.7803729808091376
2002-12-03,-0.00504223652864293,-0.01127889177836039,0.9296871626833236,0.7716206892702416
2002-12-04,0.0028566241066944687,-0.00950850087179056,0.9323467263221614,0.7643185047045379
2002-12-05,-0.0005460090407797683,-0.0023689498414398713,0.9318377955334978,0.7625100154599216
2002-12-06,0.0011307252501357398,-0.005271966766240865,0.9328920439782816,0.7585006658645966
2002-12-09,0.011560866701531686,-0.005978518031239943,0.9437396676931022,0.7539794844060402
2002-12-10,-0.0014369019627670319,-0.0051952663116860975,0.94238458010941,0.7500725178445549
2002-12-11,0.0037591802282886085,0.0007276478976123713,0.9459338405655894,0.7506185051543899
2002-12-12,-0.005971516789541393,-0.016708478017823936,0.9403020127674245,0.7381810075390244
2002-12-13,-0.0020468419324015533,-0.007004434108479174,0.9383793315620934,0.733028533460092
2002-12-16,-0.0037750162657234623,0.005778663460002775,0.9348436122199277,0.7372767212637326
2002-12-17,-0.007116109719211132,-0.009626391637437948,0.9282147762402595,0.730213458212311
2002-12-18,0.0007741985661878807,-0.006610632845308828,0.9289336770392149,0.7254022053755345
2002-12-19,-0.0053339615630137345,0.0020911351232513198,0.9239919716609966,0.7269207065478996
2002-12-20,0.0012898106271443904,0.0022974045324168912,0.9251845152378029,0.7285926573120732
2002-12-23,0.008493112671040333,0.004112850761810449,0.9330756743847557,0.7315954209042327
2002-12-24,0.0012906989464396364,0.0012351699263071225,0.9342807717162626,0.7324996238735574
2002-12-27,0.00291217024727939,-0.00371021030797003,0.9370055219248474,0.7297869316596175
2002-12-30,0.00017959197675429832,0.005757838383631864,0.937173815710414,0.7340010473226216
2002-12-31,-0.004461709176013686,0.003966741703163024,0.9330017329284377,0.7369184222982749
2003-01-02,0.00034162280341731063,0.0055641221901794324,0.9333205220457494,0.7410301549274395
2003-01-03,0.00047603832305349137,0.007728997895961598,0.9337649241497594,0.746779766180144
2003-01-06,-0.0010705045697355052,-0.00432725406151846,0.932765859378509,0.7435552421029697
2003-01-07,0.00034395186945517555,-0.001170915493080571,0.9330867411203801,0.7426851112742798
2003-01-08,0.00012915728246766067,-0.00548243638865209,0.9332072638511966,0.7386245285090516
2003-01-09,-0.0003593069005609629,0.003366718613701636,0.9328720162736319,0.7411154602379787
2003-01-10,-0.0004792210828038748,0.008344630977049405,0.9324250714371236,0.747325670184011
2003-01-13,-0.0007066130352244059,0.0007987130092228512,0.9317664404533,0.7479228073577827
2003-01-14,0.0005984193597615242,-0.0016894373076610236,0.9323241943987783,0.7466603054230025
2003-01-15,0.00042656809771887563,-0.008375162435967809,0.9327219789919171,0.7404330177536689
2003-01-16,0.0012063031376988624,0.0022096120952159737,0.9338478033479805,0.7420708963772069
2003-01-17,-0.0005246929455179951,-0.006412007405584674,0.9333579485163018,0.7373279544336355
2003-01-20,-0.00031674138296460653,-0.0021311062023947613,0.9330623622435613,0.7357583033973348
2003-01-21,-0.00020724633873457987,-0.0009511995294779751,0.9328690085217929,0.7350587831897226
2003-01-22,-0.0006519959270188634,-0.008976197936300778,0.932260979965405,0.7284902742782331
2003-01-23,0.0003506504840393699,-0.005448128161441801,0.9325879350494101,0.7245321578528124
2003-01-24,0.0003236745812028658,-0.005951741602840954,0.9328898389153899,0.7202327368792686
2003-01-27,-0.001569983986885972,-0.029179127652673387,0.93142636592195,0.6995206241416365
2003-01-28,0.00048797855713302924,-0.010863420027231285,0.9318809929311629,0.6919625652973004
2003-01-29,5.0579279354429717e-05,-0.017359745656909453,0.931928127992248,0.6800539356154841
2003-01-30,0.00025454497060006266,0.00889163588855979,0.9321653758040268,0.6861276903870416
2003-01-31,-0.01479881998982793,-0.0012939029703922245,0.9184720010100343,0.6852404818350512
2003-02-03,-0.0026611100486328147,0.013699219411448027,0.9160310951387702,0.6946923352345427
2003-02-04,0.002012692829386863,-0.006084574740359727,0.9178766409908878,0.6904782612245208
2003-02-05,-0.0015794333037512818,0.006035467200923961,0.916428060324782,0.6946582214409235
2003-02-06,0.0006831733191670064,-0.0034937162643675634,0.9170543534335439,0.6922355172992346
2003-02-07,-0.0020594862706668883,0.0011331128417779723,0.9151676360843043,0.6930203428173851
2003-02-10,0.008523209272865106,0.0014514086151962147,0.9230011372291393,0.6940269288205498
2003-02-11,-0.0028437282018385717,0.005173569609116413,0.9203801013879552,0.6976268295864817
2003-02-12,-0.010051485996323264,-0.011387667880104146,0.911175252391797,0.6897275494999899
2003-02-13,0.0020583062669601872,-0.003915948573814276,0.9130526616028434,0.6870318933563657
2003-02-14,-0.00479181675162083,-0.0007452676036248107,0.9086879463733396,0.6865200614931336
2003-02-17,0.0009438009902113005,0.00989152231908541,0.9095459717958503,0.6933444863362392
2003-02-18,-0.0046596319541639,0.0028012959523682213,0.9053176811115258,0.6952894724083147
2003-02-19,-0.004457656664365199,0.0007358712959781855,0.9012910670161653,0.6958013042715474
2003-02-20,0.0014288065998759047,-0.0016196562206332032,0.9025797580670293,0.6946752575112413
2003-02-21,0.004454282761471209,-0.001277912047068952,0.9066090707111578,0.6937880906122339
2003-02-24,0.005158325087327575,0.005297659704986302,0.9112977374622134,0.6974732966887051
2003-02-25,-0.0020523729616124696,-0.016798435698749614,0.9094293326135103,0.6858546967321234
2003-02-26,0.001982531235142325,-0.00488757092232639,0.9112340930774434,0.6825107118978089
2003-02-27,-0.004811188876305606,-0.0005250487145875837,0.9068605032649298,0.6821524545853356
2003-02-28,-0.004786169607985911,0.009781197236607753,0.902530485451143,0.6888574603242839
2003-03-03,-0.0011931387606262727,0.009220266462202531,0.9014542835031053,0.6952382808913937
2003-03-04,-0.004737730929821037,-0.005536772065131146,0.897193536767886,0.6913995419171474
2003-03-05,-0.0056844821461853115,-0.013064638234981274,0.8921079243573495,0.6824254065872702
2003-03-06,0.009383152301890891,-0.0032302679934943512,0.900518104175296,0.680224546236562
2003-03-07,0.005730377311693042,-0.015825619976498118,0.9056932262278494,0.6695443046959073
2003-03-10,0.003266120090115957,-0.006672875228430186,0.9086561650926515,0.665091392477571
2003-03-11,-0.0076461619839118655,-0.0132729694289484,0.9017349270404307,0.6563219815623902
2003-03-12,0.0028274825764325997,-0.01174035969910392,0.9042881747658985,0.6486615813371981
2003-03-13,-0.007733089388653535,0.004723178552245244,0.8973222024348064,0.6517325725165949
2003-03-14,0.007339226733644429,0.018235865412085772,0.9039320795553978,0.6637265075089507
2003-03-17,0.0010108226011996493,0.010712765243177103,0.9048462564888754,0.6708750758709106
2003-03-18,-0.007103754780445342,0.021510534166301554,0.898441227381747,0.6854622839730489
2003-03-19,-0.0012700721574503446,0.004123229303143461,0.897300866517327,0.6882944369441306
2003-03-20,-0.005119960405540686,0.004328422134493692,0.8927184624827657,0.6912801228129892
2003-03-21,-0.00010263203803757576,0.010752011685026375,0.8926268456690579,0.6987528763467874
2003-03-24,0.007915980618386732,-0.014956504262421788,0.8997209036471634,0.6883797422546698
2003-03-25,-0.003369025953966707,-0.0027796977513787624,0.8966948209093452,0.6864689116291971
2003-03-26,0.008048309172848557,0.004389385923865063,0.903940817960567,0.6894887112916738
2003-03-27,0.004018212448320808,-0.006006160895697832,0.907580351520369,0.6853599425921924
2003-03-28,0.007158675833601095,-0.0001991806249357353,0.9141007358631341,0.6852234457647339
2003-03-31,-0.004744751867899875,-0.01416756168072375,0.909773827859134,0.6755839456738465
2003-04-01,-0.000305165619612236,0.0018922436062300818,0.9094962385227635,0.6768635253319291
2003-04-02,0.0004255104375426865,0.014265219958094377,0.9098833210131403,0.6865883307333546
2003-04-03,-5.274423390938955e-05,0.004066937370923895,0.9098353311800311,0.6893863282578349
2003-04-04,0.00047009974257215153,0.004962078355527311,0.9102631450847265,0.6928156184026886
2003-04-07,-0.0008666207513514717,0.024591666746115237,0.9094746338734445,0.7100643272018481
2003-04-08,-0.00030899682139535746,-0.006484348832653808,0.9091936525158467,0.7054749181560533
2003-04-09,-0.0005256464007912427,-0.0027850111843825687,0.9087158637297587,0.7035128960136597
2003-04-10,-0.00012041261405591427,0.001575089681669084,0.9086064494647339,0.7046218650506649
2003-04-11,-0.00037701355210881856,0.005818414882099887,0.9082639570859432,0.7087335976798291
2003-04-14,6.043705520209213e-05,0.005329818458577051,0.9083188515436686,0.7125211034841731
2003-04-15,0.0014952340362246108,0.011427880060146833,0.9096780166880069,0.7207104132958988
2003-04-16,-0.00046188612719191114,0.008180870567310095,0.909257946051755,0.7266306351696801
2003-04-17,-0.0010716919795676762,0.00035213334479777814,0.9082840235692842,0.726886551101297
2003-04-22,-0.00043565053867975796,0.005197173137702293,0.9078884153248713,0.7306741402116079
2003-04-23,-0.0008875528429814386,0.017498330832577125,0.9070829738695405,0.743572236520303
2003-04-24,0.00014438579272973664,-0.00496829299718371,0.9072139532193454,0.7398871137498007
2003-04-25,-0.003551352268330099,-0.008917359409467807,0.9039978310602529,0.7333186048383115
2003-04-28,0.0002429278117014685,0.005475561099336446,0.9042174639515239,0.7373449488509699
2003-04-29,0.00026639713334338845,0.007905247117784953,0.9044583769796849,0.7431969431375125
2003-04-30,0.006472722897926548,0.007592532506050631,0.9103316730298084,0.74886116577371
2003-05-01,0.0046181759531780196,-0.003286076489120049,0.914545467404381,0.7464043894913861
2003-05-02,-0.0007062605373426558,0.009554430364101307,0.9138997880669045,0.7535700355766473
2003-05-06,0.0010511559549391699,0.020260190837175784,0.9148609443454209,0.7689932190608725
2003-05-07,0.0029078978620733498,0.01153666051337865,0.9175251382541234,0.7779162045268133
2003-05-08,0.00031130357995672606,-0.009874075959375617,0.9178108115776193,0.7702727987189539
2003-05-09,-0.009355705549119287,0.002013586251546684,0.9092640865367417,0.7718253720319541
2003-05-12,0.0010557288429684742,0.009000226600067052,0.9102245297533705,0.7788033297728365
2003-05-13,-0.005781536806451297,0.009831484924838207,0.9049772165162306,0.7864978854446322
2003-05-14,-0.002829678985433765,0.000845626527318899,0.9024200412032737,0.7871632502056412
2003-05-15,0.00026091311656920285,0.012642490204976653,0.9026555251477676,0.797178126985286
2003-05-16,-0.008647593408320992,0.016429284286136436,0.894883380784614,0.8103833723955018
2003-05-19,0.001054858831648864,-0.016386439765238237,0.8958278544777603,0.7972122824318888
2003-05-20,0.0007196743817571899,0.002500713470245941,0.8964727908793594,0.7992083767149166
2003-05-21,0.005014829100493112,-0.010558428168975453,0.9009797400635721,0.7908143841414772
2003-05-22,0.0008241681041245679,0.009575942068677179,0.901722604908501,0.798423551196765
2003-05-23,-0.00886934322197089,-0.00019231354241355803,0.8937602801266786,0.7982700182989888
2003-05-27,0.0012070599560325282,-0.00036333665356380607,0.8948397537347295,0.7979800302267378
2003-05-28,-0.0073248488213868805,0.014623566700301183,0.8883091349161716,0.809735085357793
2003-05-29,-0.0008878477045194465,0.00818369499378413,0.8875208017015354,0.8163888995798215
2003-05-30,-0.005882015277076737,0.006353724621343204,0.8823157139970733,0.8215925235226892
2003-06-02,-0.0017294676270714483,0.013264039482002943,0.8807910963013514,0.832562753135596
2003-06-03,0.0033872182255453714,-0.0075490082274054515,0.8837795864324544,0.8263013933256259
2003-06-04,0.0007510237428133439,0.0048814644244590255,0.8844435751897302,0.8303448150615858
2003-06-05,0.0012856874235464282,0.010770082199629272,0.8855814244737072,0.8393360281147653
2003-06-06,0.0010041895334286025,0.026279821209893584,0.886471162729317,0.8616860194759357
2003-06-09,-0.0009381522672882565,-0.00615679873745556,0.8856399077809417,0.8563970902225287
2003-06-10,0.0039735103063968215,-0.007398405960277188,0.8891660079405268,0.8500844972426564
2003-06-11,-0.0008013745459850743,0.003005953989127619,0.8884537383700782,0.8526436565588208
2003-06-12,-0.00034015243846171185,0.00947951820558579,0.888151580057368,0.8607647387833095
2003-06-13,0.0009464017502338192,-0.0013884207416783312,0.888992526140862,0.8595704644357665
2003-06-16,0.0024275146559567676,-0.0006155078601768338,0.8911531899876475,0.8590415548492325
2003-06-17,3.193059792015848e-05,0.010824758476152496,0.8911816454961405,0.8683909835619001
2003-06-18,-0.0016577835044713875,-0.000982820399114459,0.8897054831815883,0.8675379304565114
2003-06-19,0.0023129895036059574,-0.007124791815664722,0.8917657443882414,0.8613788703744153
2003-06-20,-0.0025140739328250736,-0.0010899616050945582,0.8895265952487212,0.8604405119584888
2003-06-23,0.005005081382286844,-0.007782992136602829,0.8939899085553419,0.8537697033191274
2003-06-24,-0.005630783661490144,-0.014411346659125357,0.8889701905206684,0.8415539661887735
2003-06-25,-0.006588694237554241,0.0030767416646995116,0.883132290935725,0.8441471976455739
2003-06-26,0.006058557444234782,-0.003989455817499987,0.8884990396127594,0.8407862183939242
2003-06-27,-0.0009357116265215786,0.006190110947789762,0.8876680495753918,0.8460069200600938
2003-06-30,-0.004996535842428061,0.0009473210986516989,0.8832438463987021,0.8468087399955793
2003-07-01,0.0012154351668596118,-0.007685500322706318,0.8843180246953274,0.840325536394628
2003-07-02,-0.000928787831470971,0.008128686010794084,0.8834970621838519,0.8471841166843369
2003-07-03,-0.00031510232665402175,0.004380556525205748,0.8832187140603396,0.8509033949014414
2003-07-04,-0.0003737457350640064,-4.0043115376420246e-05,0.8828886765117357,0.850869322760807
2003-07-07,0.0005977468843309925,0.012830374927933264,0.8834165782274163,0.8618566300970143
2003-07-08,-4.97729879420367e-05,0.015186148077081185,0.8833726090389684,0.875044797783929
2003-07-09,-0.0003775912969671012,0.0025119825318569156,0.8830391181953985,0.8772456581346366
2003-07-10,-0.00018620453175087918,-0.00017503231090820748,0.8828747076173497,0.87709212523686
2003-07-11,8.152351352197767e-05,-0.004816128250427099,0.8829466855994235,0.8728780928798234
2003-07-14,-0.0006066162888882186,0.01270189356407947,0.8824112381797019,0.8840360108371077
2003-07-15,0.000139795780447073,0.005024429331728086,0.8825346041702401,0.8884889647084265
2003-07-16,-0.00044413349567088643,-0.0015758699468850779,0.8821427280205432,0.8870899242932033
2003-07-17,9.838114172078348e-05,-0.007354625515743507,0.8822295184984896,0.8805896429689524
2003-07-18,0.00042058926568980275,0.0027667918383702528,0.8826006528059267,0.8830294248339428
2003-07-21,-0.0002348875046529884,-0.0016049916702307598,0.8823933652865612,0.881613306695417
2003-07-22,-0.00014635634312905468,-0.0006001137929274591,0.8822642308704675,0.8810843971088831
2003-07-23,-5.419341593181325e-05,0.004848536762356304,0.8822164192535913,0.8853667403591255
2003-07-24,-0.00045675524714783994,0.00677935257710871,0.8818135542873248,0.8913893452667472
2003-07-25,0.00045454789905975386,0.001071183148814825,0.8822144718970142,0.8923446981000077
2003-07-28,-0.0002307268894980594,0.004958719555324009,0.8820109447765359,0.896780574248027
2003-07-29,-0.0003547393657906885,0.0031721405271110115,0.8816981162629401,0.899629804942411
2003-07-30,-0.00039890124123071683,0.0037857323275165555,0.8813464759295175,0.9030420173639627
2003-07-31,-0.010922335838518944,0.0061402067656413095,0.871772494031212,0.9086039402722869
2003-08-01,-0.0031111477110062637,0.00365487200464365,0.8690644957075617,0.911930847383302
2003-08-04,-2.9692527237059675e-05,-0.0005801569583656629,0.8690386913694521,0.9114019377967678
2003-08-05,-0.010730099144624108,0.0024492814100245397,0.8597636699898455,0.9136369535940778
2003-08-06,0.0006874915611445973,-0.011097577463086594,0.86035495348546,0.9035538492271963
2003-08-07,0.0007014742592945527,-0.0006989215514074942,0.8609586820644594,0.9029225566068214
2003-08-08,0.0015587876714191174,0.005370734197418514,0.862301780374249,0.9077849593075353
2003-08-11,-0.0002215147998586501,0.0046314541906991025,0.8621107889224492,0.9119990749705393
2003-08-12,-0.006370897504409191,0.003697170631939528,0.8566358281739461,0.9153771319454894
2003-08-13,0.0015675612546391451,0.009294472471095716,0.8579797103411477,0.9239247407226736
2003-08-14,-0.000848137614573021,0.006387246474467645,0.8572523339774963,0.9298449625964537
2003-08-15,-0.0005272814830051679,0.011565655167675715,0.8568004398437014,0.9406616593115833
2003-08-18,0.00048451261900746495,0.0036028069494769,0.8572156710530341,0.9440567940098352
2003-08-19,0.0005441032574057154,0.00786650837797076,0.8576822118036145,0.9515125114733148
2003-08-20,0.0005280562381459546,-0.007252264273867937,0.8581352358464632,0.9446368534603049
2003-08-21,0.0007921294127034452,0.006803902141081508,0.8588152593045879,0.9510859849206205
2003-08-22,0.002129313072740441,0.004153045107464948,0.8606458941689974,0.9550441013460416
2003-08-26,-0.0012317628925295804,-0.006254091054330502,0.8595864351280729,0.9490898073316247
2003-08-27,0.009060453534829059,0.0022086887101551156,0.8674100673897337,0.9511883679544607
2003-08-28,0.002767354611525574,-0.0010049705657095842,0.8698138231280251,0.950232931815233
2003-08-29,-0.010255735107842086,0.004228353495355108,0.8609388305406642,0.9542593591338583
2003-09-01,0.0037343428400167526,0.009360262196846492,0.8641598818098443,0.9632334111577678
2003-09-02,0.0018940855031132696,0.007323713180699798,0.8657982256061646,0.9703137519324903
2003-09-03,-0.0004292024858584386,0.01597775177358507,0.8654267025904869,0.9859417014843962
2003-09-04,-0.0018075484002011291,-0.012397161616414465,0.8638638148618611,0.9737942752472486
2003-09-05,0.004441547388133952,0.0009281051034157883,0.867709240430743,0.9746984782165726
2003-09-08,0.005218068858580806,0.004540699383900559,0.8722488406694154,0.9791343543645918
2003-09-09,-0.0033520873990405425,-0.005030895597867513,0.8693298813583797,0.9742208017999422
2003-09-10,-0.002753887106104887,-0.012121839181888916,0.8669391384361372,0.9624827410862207
2003-09-11,0.004234349660214038,-0.0055280851190229185,0.8706178448505163,0.9571767341095129
2003-09-12,0.004524596592436083,0.0026700860538273474,0.8745659644734559,0.9597358934256761
2003-09-15,-0.0002616059526115767,0.0036553554420581946,0.8743372027352191,0.9632504888810696
2003-09-16,-0.00040940169068233445,0.003818502676214308,0.8739793208699118,0.9669356949575395
2003-09-17,-0.0020327332119440397,0.003926960409275537,0.8722045584981459,0.9707402784851852
2003-09-18,0.006407241543337456,0.003456390350743632,0.8778109252729818,0.974101341042801
2003-09-19,0.004137844182238832,0.0015400701057401989,0.8814506953105964,0.975602681185897
2003-09-22,0.0008304774045139458,-0.009399969388148577,0.8821830242454713,0.9664750129582435
2003-09-23,0.0031619092732699866,-0.007637410866960792,0.8849768214696082,0.9591217618345707
2003-09-24,0.015186178361947383,0.002008015902379867,0.8985188025432936,0.9610496285303608
2003-09-25,0.003428063487154056,-0.012792302344523776,0.901604267606275,0.9488338914000086
2003-09-26,0.0017328419316434722,-0.011519999083990484,0.9031679597112755,0.9379660448209433
2003-09-29,0.0024725189662830067,0.0008362926623775024,0.9054038225890355,0.9387507870331268
2003-09-30,-0.0050555314179699384,-0.008120408776763455,0.900838075980127,0.9311586143951713
2003-10-01,0.0002931694805233448,0.003493487264124795,0.9011022129274517,0.9344172939189486
2003-10-02,-0.00047785006356497434,0.009485841673916084,0.9006717240404883,0.9433232016615878
2003-10-03,-0.0002546057335392905,0.011401343074430415,0.9004424370456413,0.9541398983767166
2003-10-06,-0.00011017825241236171,0.006416562430574757,0.9003432333366757,0.9602818807355125
2003-10-07,-0.0006223171033107442,0.0018106003128135484,0.8997831086493836,0.9620221423928909
2003-10-08,-0.00010109269343764701,0.00719199903024581,0.899692151749037,0.9689659446871702
2003-10-09,-0.0002140319602256207,0.008573192336685409,0.8994996094800333,0.9773087873966736
2003-10-10,0.000390183038906257,0.004737150880513852,0.8998506474512328,0.9819494296123736
2003-10-13,-1.9334625695877056e-06,0.005423508648934927,0.8998489076253696,0.9872895087297164
2003-10-14,4.7932678217411934e-05,0.0008118973683490793,0.8998920408272398,0.9880914119711688
2003-10-15,-0.0004344307959163044,0.010152911388390251,0.8995011849177735,0.9981745163380497
2003-10-16,0.00031577770031771923,-0.002584284908383694,0.8997852721852313,0.995598279298584
2003-10-17,2.1123344375957947e-05,-0.0006685298756945457,0.8998042788601417,0.9949329145375744
2003-10-20,-9.743784806681195e-05,-0.003280651081102093,0.8997166081388208,0.9916742350137983
2003-10-21,0.0003926924279610384,0.0019250612026890934,0.9000699894186829,0.9935851072922541
2003-10-22,-0.000758718382123119,-0.019121556163774756,0.8993873487712645,0.9747667058038111
2003-10-23,0.00031391473887379065,-0.014580472917140597,0.89966972403456,0.9606572574242693
2003-10-24,-0.00016865930049510925,0.0006036329732559409,0.8995179991634927,0.9612373168747405
2003-10-27,-0.0005015595185812211,0.0034196807965454212,0.899066950472215,0.9645300685391518
2003-10-28,0.00015497459585148648,0.005222145509934606,0.8992062938065674,0.9695801595842435
2003-10-29,7.904824579896616e-05,0.003092187274509328,0.8992773772961797,0.9725829231764034
2003-10-30,0.00028569551673302007,0.002155308967260794,0.8995343335150447,0.9746814004932716
2003-10-31,-0.00870091310378467,0.002010964838181195,0.8917415149274013,0.9766434226356647
2003-11-03,-0.004336504043397985,0.007622383910597108,0.8878828468540424,0.9841162178224458
2003-11-04,-0.006469217658468493,-0.00034678872803262095,0.8821574787563006,0.9837749965802909
2003-11-05,-0.003120220701834574,-0.006577076002825422,0.8794092425103054,0.9773258651199753
2003-11-06,8.009481548282158e-05,0.004997650088956362,0.8794796814521776,0.9822224232672897
2003-11-07,0.000753086129197113,0.012617445927817883,0.8801422548572961,0.9946940763292605
2003-11-10,-0.005083204664480366,-0.003935625380702135,0.8756796633839554,0.9907870264618073
2003-11-11,-0.007696498506548804,-0.008473454872319763,0.8689658656711015,0.9824271060290038
2003-11-12,0.0021346804413841384,0.005403673731763092,0.8708228113964868,0.9877501907290119
2003-11-13,0.0008713141341554748,-0.0016595674694688256,0.8715819022756832,0.9861123121054733
2003-11-14,0.0012405123714681976,-8.651043034646477e-05,0.8726637813116289,0.9860270067949359
2003-11-17,0.004666724732982836,-0.01522058842342311,0.8767457803381087,0.9711327328972433
2003-11-18,-0.000921967468358111,0.0034549104771617323,0.8759378217636095,0.9744937121488925
2003-11-19,0.003202584879006618,-0.005090141577390739,0.8787475838357642,0.9695460041376405
2003-11-20,-0.0008756957852373124,-0.008500092596543496,0.8779784051127479,0.96133969990858
2003-11-21,-0.00035448178994647176,-0.00047932319443866334,0.8776672329118671,0.9608790179092831
2003-11-24,-0.000902488002469662,0.00897941579098216,0.8768755060797244,0.9695460041376405
2003-11-25,-0.0029037971592940108,0.0027413818977990445,0.8743329308241086,0.9722075464876466
2003-11-26,-0.0009665762095549908,0.0020686669838365646,0.8734882297137071,0.9742208017999422
2003-11-27,-4.476727600281411e-05,-0.00014016129517990805,0.8734491269003121,0.9740842633194994
2003-11-28,0.002340811120348313,0.0005603563992711003,0.8754961011850213,0.9746302506293345
2003-12-01,-0.008131768579620165,0.00704717924870657,0.8684056375741837,0.9815229030596783
2003-12-02,0.0017655845686196559,0.004716860070537621,0.8699402354997464,0.9861635452753782
2003-12-03,-0.006318613804493594,0.0034195996006793905,0.8644607487296492,0.9895416022503273
2003-12-04,-0.0009961667559685648,0.0020668281556641688,0.8636000304505707,0.9915889297032603
2003-12-05,0.0014101331273156626,-0.005503745240098112,0.8648186804897173,0.9861464675520756
2003-12-08,0.0013192687276151666,-0.0027545909226152077,0.8659603616564864,0.9834337753381356
2003-12-09,-0.0020524514669343187,0.0018891796398090577,0.8641848427483809,0.9852934144466879
2003-12-10,-0.00267414547484046,-0.011406603406543425,0.8618769739255119,0.9741184187661026
2003-12-11,0.00047345059637543237,-0.005056952274005155,0.8622851267052836,0.9692047828954852
2003-12-12,0.0004944954320975207,0.0019872322423672983,0.8627116282044356,0.9711327328972433
2003-12-15,-0.0029399684849407562,0.0038925051289435686,0.8601790079420075,0.9749202387015868
2003-12-16,-0.0032685911720955847,-0.008788484266750274,0.8573720243701656,0.966389707647704
2003-12-17,-0.003021663686664236,-0.0031119482942632004,0.8547852446155947,0.9633870273615118
2003-12-18,-0.0018188080982444892,0.0054924610458950696,0.8532319672753255,0.9686929510322526
2003-12-19,0.002536283456917433,0.006355504447805416,0.8553987520274707,0.9748690888376514
2003-12-22,-0.0012969588919241812,0.0003499562590381089,0.8542900541330961,0.9752103100798052
2003-12-23,0.004046678317844312,0.005861044089352063,0.8577540953754539,0.9809428436092077
2003-12-24,0.0011683451441784505,0.0007475646347199216,0.858756833865944,0.9816764359574552
2003-12-29,0.0007345811823180699,0.0038162027220316475,0.8593878922297115,0.9854298696211631
2003-12-30,-0.005055060559887904,0.005077188243523878,0.8550545961547164,0.990445805219652
2004-01-30,0.0006912521119988684,0.009741999549017777,0.8556458587824092,1.0001418807039537
2004-02-02,-0.003884427134493493,0.005545775107146156,0.8523286117643005,1.005703851112949
2004-02-03,1.2124607202623327e-05,-0.0021650021220693816,0.8523389459765747,1.0035288554258148
2004-02-04,-0.012282622687797819,-0.00554117536272436,0.8419340190064531,0.9979835041273295
2004-02-05,-0.0004421488275060282,0.005872010901548208,0.8415618411521761,1.003860913360679
2004-02-06,-0.0010951901857886373,0.007923818311633468,0.8406406754009309,1.0118469229079574
2004-02-09,0.0015505352097332818,0.006395248772399498,0.8419451294064636,1.0183386717483418
2004-02-10,-0.0037917214268609304,-0.002497581951375949,0.8387587527629327,1.0157984609741544
2004-02-11,-0.000839464298644029,0.0026932415097817852,0.8380549401889088,1.0185379389367932
2004-02-12,-0.004169765553609103,0.005899690289854931,0.8345677230588799,1.024564758027068
2004-02-13,0.00042192052430881056,0.004204404641040327,0.834919918604204,1.0288815111803173
2004-02-16,0.002635588734327814,0.0013706916074678333,0.8371233264987892,1.0302927574034946
2004-02-17,0.0003461916456052902,0.006329119413887696,0.8374131817706063,1.0368342825065766
2004-02-18,-0.0037765797150047984,0.004903998536597953,0.8342565884501612,1.041931404234292
2004-02-19,0.000743497858093534,0.0035154048500931623,0.8348770870778908,1.04560066062832
2004-02-20,-0.002034134598697588,0.001602413476037512,0.833180560775807,1.0472774883443257
2004-02-23,-0.002454268960475982,-0.0013484467564062186,0.831138218840392,1.0458662421211466
2004-02-24,-0.0015653611899886656,-0.007345121152608769,0.8298382050900964,1.0382123715775664
2004-02-25,-0.004520881449376044,-0.0013442777868490907,0.8260950724474762,1.036817663396066
2004-02-26,-0.001274630147592794,0.0023991183505742697,0.8250427775492278,1.0393080979075573
2004-02-27,0.0016081233811664382,0.0016121854601518493,0.8263706155077452,1.0409850066923922
2004-03-01,2.5981560004630132e-05,0.0083543095830656,0.8263920861843977,1.0497181465931178
2004-03-02,-0.006456337576366222,0.0049068972030905655,0.8210738066834935,1.0548816636940412
2004-03-03,-0.0011133560249554251,-0.005634737761120334,0.8201601679108813,1.048954397129162
2004-03-04,-0.0024676989670247562,0.003160608884105187,0.8181387546572211,1.0522749764778152
2004-03-05,-0.0019248793476902136,0.003056260301878666,0.8165654509605117,1.0554959222322424
2004-03-08,-0.00012927174263367225,0.00494269856580587,0.8164598989442852,1.060725834706373
2004-03-09,0.0008688126876912328,-0.004628149067052334,0.8171695578991913,1.0558279801671075
2004-03-10,-0.0005647686810756054,-0.009114692784656597,0.8167081764249284,1.0462481573875415
2004-03-11,-0.0005170068354974577,-0.01998707321978266,0.816286041847744,1.0255443127211545
2004-03-12,-0.004433905717691618,0.013012142748326738,0.8126747185494387,1.0389760399726922
2004-03-15,-0.0022955123155563523,-0.013595145103531436,0.8108113532317159,1.02494659222463
2004-03-16,-0.0008503904211676512,-0.0022541549797931992,0.8101221401152043,1.022638805791082
2004-03-17,-0.00040387862554373843,0.008036619284816027,0.8097950151625669,1.0308904779000192
2004-03-18,0.004134198762313423,-0.003194010510673806,0.8131497986045398,1.0276030557035523
2004-03-19,0.00835196835571806,0.008190301325436522,0.8199696398969396,1.0360539950009406
2004-03-22,0.005994848549227316,-0.017409767298325107,0.8248999973104041,1.0181726427809086
2004-03-23,0.003969026727901335,0.0003423951317014229,0.8281805534484757,1.0185213198262832
2004-03-24,0.0018997169743047912,0.0023120167819055126,0.8297553574710049,1.0208788825225288
2004-03-25,-0.0022255175746595185,0.011175304395873553,0.8279107756762265,1.0323515003858945
2004-03-26,0.0031812767219454347,-0.0023347003637965713,0.8305487828452991,1.0299440803581204
2004-03-29,0.0020913405029493,0.005481947981445856,0.8322875607090829,1.03560568436134
2004-03-30,0.0010258173132719063,0.0022579855292654827,0.8331417737568385,1.0379467090159074
2004-03-31,-0.005080493774971086,0.0012468716646196754,0.8289197362606009,1.0392417025343506
2004-04-01,0.00021382922257100792,0.005544287191273867,0.8290970024750522,1.0450195592423068
2004-04-02,-0.0013002819367242421,0.006019152498458524,0.828019643206134,1.0513286600047482
2004-04-05,0.000387205084385077,-0.0011693752813943803,0.8283403187015388,1.05009998079068
2004-04-06,-9.05624603484358e-05,-0.0026121870154636184,0.8282653055610099,1.0473605028280417
2004-04-07,0.008671375076846777,0.0023434140089406696,0.8354787346635996,1.0498177801873443
2004-06-29,-0.0020949904115471177,0.0008153438077993513,0.8337302468974872,1.0506740916604276
2004-06-30,-0.004236526311005288,0.0032227774270445764,0.8302055981754927,1.0540656425776107
2004-07-01,0.0007274722719763937,-0.006055331716309453,0.8308097694604888,1.0477022112488186
2004-07-02,0.00016138856215169438,-0.0030013256471068672,0.8309438634749327,1.0445624298418157
2004-07-05,-0.00030641398527568353,-0.00434937391875323,0.8306892896586655,1.0400291029662212
2004-07-06,-2.1894440367321687e-05,-0.00921198969483683,0.8306711023806502,1.030492359221094
2004-07-07,0.00010269749158812512,-0.002790055210979858,0.8307564145997999,1.0276212358033003
2004-07-08,-5.454071998134866e-05,-0.005274934298205025,0.8307111057824175,1.0222148729414093
2004-07-09,-0.000211287381239475,0.0003941114587782124,0.8305356055494554,1.0226178189337698
2004-07-12,-9.472783944904862e-05,-0.0003941114587782124,0.8304569344321875,1.0222148729414093
2004-07-13,0.0003054733197709193,0.0034760490928889,0.830710655619429,1.0257743248539846
2004-07-14,-0.0005107625761994513,-0.006173483397052593,0.8302864680436798,1.0194612310306461
2004-07-15,-0.0007265976995682248,-0.004754491927869253,0.8296834029254124,1.0146257151565081
2004-07-16,-0.0001275879594811843,0.005100309415183801,0.829577552065809,1.0198138395175522
2004-07-19,-0.00023050698024792017,-0.001713695679896432,0.8293863506868737,1.0180676855620525
2004-07-20,-0.00011922254334247372,-0.0029564402370603204,0.8292874750309519,1.0150622741411088
2004-07-21,-0.0003734228640352077,0.004752451962547255,0.8289778579395657,1.0198977900152488
2004-07-22,0.00012944679980661153,-0.012623746059292174,0.8290851734160593,1.0071037833560892
2004-07-23,-1.5570843433687707e-05,-0.0011844058139782732,0.8290722639611365,1.0059116698922212
2004-07-26,-0.00014273695511948027,-0.010605048685246032,0.828953933155895,0.995300294190256
2004-07-27,-0.0006094491121113615,0.003452257133481851,0.8284488818345243,0.9987422645958015
2004-07-28,0.00020088509067983036,0.002451450725807547,0.8286153215803471,1.0011936355251128
2004-07-29,-0.0002515123981261319,0.00866599780784405,0.8284069407599708,1.009907680789398
2004-07-30,-0.001555019326341403,0.0014287777759562914,0.8271197530172993,1.0113516457463543
2004-08-02,0.0013296198785886116,-0.0009633267518083244,0.8282202393349984,1.0103778527662421
2004-08-03,-0.0014997005738459656,0.0014778615190760291,0.8269790878771967,1.0118721552286531
2004-08-04,0.0024951237881847424,-0.01248935849205246,0.8290450794522092,0.999313111583554
2004-08-05,0.005319449727869649,0.0008397293481721135,0.8334668934563099,1.0001526165605163
2004-08-06,0.0035593192580323976,-0.011905807616988895,0.8364387539838452,0.9883155963853499
2004-08-09,0.0029374044899223464,-0.008856167781292612,0.8388993250123147,0.9796015511210634
2004-08-10,-0.0009386373555868184,0.006934644080347496,0.83811227220465,0.9864183479305781
2004-08-11,0.0016457337399317594,-0.0028124619041491883,0.8394927174599635,0.9836479815066032
2004-08-12,0.007179539725196985,0.0019099603572225732,0.8455415768042105,0.9855285054481612
2004-08-13,-0.001490368054123618,-0.002114845271050214,0.8442823472405485,0.9834464675189684
2004-08-16,0.001787257844553912,0.0041401371306175605,0.8457926467339533,0.9875265108967494
2004-08-17,-0.0005819291402838216,0.004495456913996776,0.8453005985286611,0.9919758872746485
2004-08-18,-0.003306013071935711,0.0013531572687455196,0.8425106380642171,0.9933190952377888
2004-08-19,-0.0012832346180935681,0.006771985612170184,0.8414301926280976,1.0000686660628193
2004-08-20,0.002354535389027788,0.0004868265171058539,0.8434137040015434,1.0005556445357844
2004-08-23,-0.0019276777965987998,0.009586055293237195,0.841789440162634,1.0101931452747297
2004-08-24,0.0031865943717701226,0.00333520542918464,0.8444761601247283,1.0135679716786978
2004-08-25,0.004104923903605341,-6.632827385821827e-05,0.8479497951264476,1.0135007456942149
2004-08-26,-0.0005236088936220714,0.006160316968779611,0.8475059172917067,1.0197635020120979
2004-09-28,0.0038602337168721036,0.0011075625103948994,0.8507838108560798,1.0208935795366239
2004-09-29,0.0005244404172138138,0.004657249945578812,0.8512301132920925,1.025659224891255
2004-09-30,-0.004894138212758964,0.0010054809803214937,0.8470742534383341,1.0266910243746241
2004-10-01,-0.00013783984300075355,0.010141238284873566,0.8469575009029906,1.037155916491959
2004-10-04,-0.00034465151868960024,0.010680170625573027,0.8466656460110437,1.0482922819303695
2004-10-05,0.00010168443751444272,-0.0014695845979275646,0.8467517431083144,1.046752859171761
2004-10-06,-0.0002045082645584995,-0.0033066841226414567,0.8465785930847283,1.0432972944910812
2004-10-07,0.00022286245724655181,0.0021325800427209884,0.8467672846955925,1.0455245835719358
2004-10-08,0.00022610418565117556,-0.0007208151023583298,0.8469587639692515,1.0447712252108712
2004-10-11,0.00030968010419543733,-0.0011763323318589869,0.8472210908641404,1.0435429496110462
2004-10-12,0.0014242624006623968,-0.0093182485865686,0.8484286157209077,1.0338641218912559
2004-10-13,5.8879713710979114e-05,-0.00661150492838658,0.8484785724256093,1.0270512705710566
2004-10-14,0.00012161680276086638,-0.002746374243725924,0.8485817679518266,1.0242344731749746
2004-10-15,0.00011941449539892859,0.0031449362497593114,0.8486831069660046,1.0274606957709993
2004-10-18,-9.730265905059184e-05,-0.0033368600230350154,0.8486005318604593,1.0240379170926597
2004-10-19,0.00011323384306794996,0.005868065358248131,0.8486966276004536,1.0300647040153137
2004-10-20,6.450581714674891e-05,-0.007196299950400942,0.8487513752356781,1.0226786574151974
2004-10-21,0.00041147371719101424,0.003213627378666928,0.8491006859801842,1.025970452015899
2004-10-22,5.531019716829589e-05,0.0035851183325696923,0.8491476512053574,1.0296552788153732
2004-10-25,0.00023613505634085755,-0.007279276218644881,0.8493481884098166,1.0221873471752674
2004-10-26,0.00020876614476781063,0.005655583919111251,0.8495255220666643,1.0279847920132679
2004-10-27,0.00015208096012077362,0.007222540226587526,0.8496547285483812,1.0354363306522032
2004-10-28,-0.0001469376506840254,0.0006324610851979884,0.8495298914505354,1.0360914109721095
2004-10-29,0.003984016377824158,-0.0007432138076151062,0.8529211834472971,1.0353216596098762
2004-11-01,0.00029608810829265486,0.006213122663776716,0.8531737606577356,1.0417742647336423
2004-11-02,0.0007021965412560929,0.006533927980274967,0.8537730667122538,1.0486034290891528
2004-11-03,-0.0030563314155557294,0.006987959578594882,0.8511676368234607,1.0559566896869317
2004-11-04,-0.0006692870466776589,0.002927005167657981,0.8505981519452679,1.0590520081711758
2004-11-05,0.002196749846707184,0.007610090217635701,0.8524687571787932,1.0671422341288503
2004-11-08,-2.8726502249062512e-05,-0.0064201283315945545,0.8524442690848532,1.0603129898074812
2004-11-09,0.0049562290836210835,-0.0004634707934556559,0.8566796652904597,1.059821679567552
2004-11-10,0.002502779440343423,0.003747996272444709,0.8588264308634841,1.063801340490498
2004-11-11,-0.0002448258273299068,0.006139037160522776,0.8586161937088079,1.0703521436895636
2004-11-12,-0.0013319017121053715,0.007104711906073646,0.8574733625686868,1.077983765443786
2004-11-15,0.00037488940690632276,0.00154844058380732,0.8577948805120882,1.0796542522458914
2004-11-16,-0.003043873929545707,-0.005246960822846702,0.8551878308165961,1.0740041844866994
2004-11-17,0.0034481040664926417,0.006262780738317986,0.8581416971462552,1.0807515437680797
2004-11-18,0.0033982593968885175,0.000772463305725779,0.8610628458317706,1.0815867072032725
2004-11-19,0.0013170255794608845,-0.0007118665340506425,0.8621976347342307,1.080817035806898
2004-11-22,-0.0023389768908740976,-0.008934300182568577,0.8601833310144701,1.0712037001259271
2004-11-23,0.00023925284486721668,0.00437820695746538,0.8603891569447605,1.0759039334075993
2004-11-24,0.007881591543537673,0.002037605778392404,0.8671971866604334,1.0780984364861141
2004-11-25,0.0018289636175688204,0.0020334623822613196,0.8687847100828479,1.0802929395646288
2004-11-26,-0.004520907201357758,-0.00036388621846228375,0.8648658800387035,1.0798999073658564
2004-11-29,0.0016343012769675811,-0.0006522910527770875,0.8662804870830451,1.0791957280083022
2004-11-30,-0.011215587561476887,-0.0018683379720005888,0.8566189237587342,1.0771813080450736
2004-12-01,0.00021114503733936818,0.0025358090212161954,0.8567998136897104,1.0799163003670267
2004-12-02,-0.0028546568807409993,0.00398045168746286,0.8543574319456629,1.084223421484068
2004-12-03,-0.0008758185324882524,0.005362927185467825,0.8536094974486518,1.0900536523244082
2004-12-06,0.0008894851100844541,-0.0030846806237416757,0.8543691081675884,1.0866963656848863
2004-12-07,0.00012085597688864659,0.003910661522963821,0.8544723700205598,1.0909543877642796
2004-12-08,0.003620680198007407,-0.0005856105032044923,0.8575717487541449,1.0903157004455415
2004-12-09,0.0013087526814551079,-0.0024814467916911553,0.8586948328392162,1.0876134941259286
2004-12-10,0.0007079515854656634,0.005091577163078398,0.859302962445316,1.0931652838439632
2004-12-13,0.00033755783343235855,0.008042464247292713,0.8595930758538531,1.101992475161532
2004-12-14,-0.001750711199985862,-0.001963570679150095,0.8580894931820761,1.099830758085356
2004-12-15,0.0029134287897491563,0.006264078600180412,0.8605931211156309,1.106741807480853
2004-12-16,-0.0001470083568232924,0.005268830446906847,0.8604666160338822,1.1125884313223635
2004-12-17,-4.673585013077134e-05,-0.0038640554401485616,0.8604264023347907,1.108297623240631
2004-12-20,-0.00018829023587940588,0.0033192480776822464,0.8602644076960213,1.111982450040105
2004-12-21,0.002064054227870101,0.003088056142246387,0.8620418738460255,1.1154216217196153
2004-12-22,0.000552725811349757,0.004775040987860635,0.8625184783438345,1.120760542320024
2004-12-23,-0.005361920774291092,0.00430139547028574,0.8579060992527874,1.1255917596793361
2005-02-01,-1.8801194751427643e-05,0.00822702695115396,0.8578899697447644,1.1348902303602695
2005-02-02,-6.91783106234705e-05,0.004487935068432591,0.8578306244186851,1.1399949903715099
2005-02-03,-0.000130899229754226,0.0011842277435398785,0.8577183423996643,1.1413458037440758
2005-02-04,-0.0002728632405853739,0.003969254078198148,0.8574843345207736,1.1458850980767872
2005-02-07,-0.00016045255464594636,0.0034892587333956726,0.8573467600061172,1.149890371316377
2005-02-08,-0.00012243799991921273,0.005109246636443743,0.8572417946095925,1.155780479021656
2005-02-09,0.00019842440969991733,-0.0014823852211911515,0.8574119091835418,1.1540684363874756
2005-02-10,0.0004541204921835729,-0.00031305405755333027,0.857801365925195,1.1537072071258634
2005-02-11,0.00012412072954651055,0.0033027960412947976,0.8579078434644378,1.15752396624124
2005-02-14,-0.0002235635869391222,8.142658587750873e-05,0.8577160679474997,1.1576182233033459
2005-02-15,-0.0001492285409748376,-0.0009231125872801726,0.8575880817799412,1.1565501044229898
2005-02-16,0.00020159223408415013,-0.008633827138927685,0.8577609823043871,1.1466076332941244
2005-02-17,7.408350876762046e-05,0.00015068695522479914,0.8578245306015515,1.1467804251256337
2005-02-18,-3.915289955421322e-05,-0.0007673153876304184,0.857790944941362,1.145900820369491
2005-02-21,-8.187803114331809e-05,-0.008410306776680088,0.8577207135828996,1.136303856209536
2005-02-22,0.0001955166549237541,-0.005433248766122389,0.8578884286626896,1.1301467763047508
2005-02-23,-0.00012088890707284393,-0.0027556685683265414,0.8577847257365511,1.1270367534198982
2005-02-24,-0.0011059313636452692,0.0012117687074209016,0.8568365990832411,1.1284032890851674
2005-02-25,0.0004891094760920714,0.008399929688952312,0.8572557884897138,1.1379217184757182
2005-02-28,-0.004749170765118153,0.0012828468535257542,0.8531941866152197,1.1393824345089825
2005-03-01,-0.00043865123060273577,0.0036876785946056145,0.8528200140069552,1.1435918674713768
2005-03-02,0.0043895283595185765,-0.002750730751515107,0.8565717197293621,1.1404504766952286
2005-03-03,-0.0006589793712978712,0.0015138381840014148,0.8560074425799439,1.1421782416221113
2005-03-04,0.0001281307226561757,0.005827482522610339,0.8561171304592042,1.1488536970214258
2005-03-07,0.002585663118244076,-0.0020939569409161862,0.8583336252678759,1.1464505637553177
2005-03-08,0.0034266573497978236,-0.0043112257861395165,0.8612798855227468,1.1415185955755869
2005-03-09,0.0015825437945250784,-0.0020109503020808717,0.862643977744079,1.1392253649701762
2005-03-10,0.0012335040832960528,-0.002982534839397033,0.8637087091533255,1.1358326475931133
2005-03-11,-0.0005586711003315422,0.004855878670101177,0.86322631482085,1.141361526036779
2005-03-14,-0.0005445007839564831,-0.0012668956958208355,0.8627564153576209,1.1399164556021057
2005-03-15,-0.0023071805588984868,0.0008126196102740124,0.8607681750257268,1.1408431505422474
2005-03-16,-0.000552436433721337,-0.008142307200751375,0.8602927866478749,1.1315917700453142
2005-03-17,0.002587716137892145,-0.0013472659308781942,0.8625218630397963,1.1300682415353476
2005-03-18,-0.002226626989196477,0.003911849794819844,0.8606034851293839,1.1344975565132505
2005-03-21,-0.0015062571046001387,0.000775024976736205,0.8593081707987725,1.1353771612693935
2005-03-22,0.00033987469516110966,-0.003950519744350345,0.8596002775384048,1.1309006794133822
2005-03-23,-0.00424501311161841,-0.01576248019397397,0.8559589971989247,1.113214634004845
2005-04-26,-0.0007266985961641161,-0.009033325715883223,0.8553371989546056,1.1032038868677658
2005-04-27,-0.0001824623331838155,-0.018139572785731417,0.8551811463709177,1.0833726485363482
2005-04-28,-0.0011857885760483463,-0.013252508771801175,0.8541676833322979,1.0691099599557725
2005-04-29,-0.0022868641196676183,-0.001470170013030625,0.8522165497441313,1.067539341373079
2005-05-03,-0.0015477927161466807,0.008582600640144378,0.8508985154609197,1.076741035958856
2005-05-04,-0.002225905712273325,-0.006341048474196143,0.8490066019864436,1.0699349704566683
2005-05-05,-0.0029614717889132037,0.006900837102621793,0.8464960122413,1.077343952083596
2005-05-06,-0.003928557347406615,-0.001458997514086846,0.8431770277918765,1.0757732560351294
2005-05-09,-0.003803028876662927,0.0013558812825156252,0.8399764909315492,1.0772328661626303
2005-05-10,-0.0013226617557658914,-0.0066642922962074636,0.8388662205691871,1.0700777398794996
2005-05-11,0.0016478069388751403,-0.00022241498601083265,0.8402496496472145,1.0698397650195224
2005-05-12,-0.000847688129167355,0.009416669956870294,0.8395376817996514,1.0799616755433432
2005-05-13,-0.0016794351655240933,-0.0017938566421484836,0.8381289159905932,1.0780261156958884
2005-05-16,-0.0009189405959407555,0.0015440611868839937,0.8373590790764283,1.0796919397157272
2005-05-17,-0.001950198308312021,0.00369607715343534,0.8357276541351069,1.0836899483496503
2005-05-18,0.0027852741404836277,0.0038428423588001692,0.8380586294543687,1.0878624099082708
2005-05-19,0.0006987367612519014,0.01074851655159037,0.8386444164584765,1.0996183834842903
2005-05-20,-0.0008047585414474423,0.0004615383776283011,0.8379697816965477,1.1001260167061095
2005-05-23,-0.0003170475125951754,0.007571196338867381,0.837704147573175,1.1084868977729454
2005-05-24,-0.00041384474782752117,0.002101725037846336,0.837357539837311,1.110819082387031
2005-05-25,0.0006721740237501349,0.002510465532894912,0.8379205790331425,1.1136112587714735
2005-05-26,-0.0038875475688980336,0.010360304290500721,0.834669446483948,1.1252085824408415
2005-05-27,0.0023180185963536408,0.0018312701702871692,0.8366064699435705,1.1272710312273098
2005-05-31,7.546571330128201e-05,0.0012517709500539098,0.8366696074299049,1.1286829999033514
2005-06-01,0.0021731866379414103,0.004753788531672853,0.838489823759679,1.1340612937114523
2005-06-02,0.0010112415215034376,0.002975313089388365,0.8393381683531679,1.1374405057368169
2005-06-03,0.0019634803877624043,0.004911526283548184,0.8409878113763082,1.1430408164552983
2005-06-06,0.000618854020063894,-0.0019867331122078724,0.8415084211383099,1.140772153776495
2005-06-07,-0.00026868612136356316,0.0073161663479552885,0.8412823498770048,1.1491488378613752
2005-06-08,0.001412113805065221,-0.0022113812768207453,0.8424711754781957,1.1466104393549545
2005-06-09,0.0005867489191674056,-0.0011075271737386316,0.8429656395787896,1.1453412401017424
2005-06-10,-0.0014402661139401858,0.00620023260491287,0.841752418623126,1.1524646828830092
2005-06-13,-0.001295455079279509,0.0059704126503667965,0.8406626721881034,1.159365953822341
2005-06-14,0.0029705194836717424,-0.0024525294875719084,0.8431635897081391,1.1565260585206631
2005-06-15,0.0027307355949438743,-0.004275307659970196,0.845469193098815,1.1515921083964258
2005-06-16,0.0010561675923764235,0.008122611873597307,0.8463626219831845,1.1609841363907216
2005-06-17,-0.00363640668698347,0.005043356267163901,0.8432904924265696,1.1668541829368202
2005-06-20,0.00340525690699715,-0.002613877967574396,0.8461670080582533,1.1638081512085792
2005-06-21,0.0008915337011046463,-0.004412886744416866,0.8469217308431091,1.1586837127442753
2005-06-22,0.004176210929198974,0.005502849628340911,0.8504660503933592,1.165077350461791
2005-06-23,0.0005394994093127993,0.005161161441357365,0.8509250001156072,1.171106046914542
2005-06-24,-1.84432640468234e-06,-0.007192225779036221,0.8509234307336083,1.1627134048800645
2005-06-27,-0.00244632007367243,-0.008550795302422642,0.8488443437568044,1.1528136661981774
2005-06-28,-0.0003123988830990088,0.006037008701891722,0.8485792071482364,1.1597942620908352
2005-06-29,0.00024162898854616227,0.002554760133001821,0.8487842732577214,1.1627610463315263
2005-06-30,-0.004689099164186948,0.005388587773515141,0.8448135564494058,1.1690435981280731
2005-07-01,5.91916715543164e-05,0.010462535003863849,0.8448635638559602,1.1813389658935523
2005-07-04,-0.0003257588732871757,-0.0015725332235732026,0.844588386876422,1.1794827309994216
2005-07-05,-0.00010560007036165265,-0.003651840795539485,0.8444992029923363,1.1751833030360161
2005-07-06,0.000416262800554246,0.012010101377345705,0.8448508097709738,1.189382469681312
2005-07-07,-0.00015027196087016352,-0.014646075172874973,0.8447238619217368,1.1720896298563153
2005-07-08,0.0004924423474029136,0.017549763090004333,0.8451399421625658,1.1928410841257766
2005-07-11,0.0002130082041685841,0.006456257863789006,0.8453199830783323,1.200567288100232
2005-07-12,0.00035222772719338807,-0.003998748338529978,0.8456177806579266,1.1957761073988245
2005-07-13,0.00018938109816598773,0.0005968605159551998,0.8457779398469392,1.196490031978756
2005-07-14,0.0004172986455573819,-0.004385272421686182,0.8461309554870311,1.1912545850592615
2005-07-15,-0.0001668536166809644,-0.005060311959740105,0.8459897872544649,1.1852416916245574
2005-07-18,-0.0002805126056910112,-0.004803482401745995,0.8457525097360776,1.179562055952747
2005-07-19,0.00028405638603759846,-0.0026801050665739012,0.8459927852617586,1.1764049383035418
2005-07-20,-4.133497362165966e-05,0.0026263171581959455,0.8459578168950089,1.1794986114832435
2005-07-21,-1.2744090899424515e-05,0.004402074574473502,0.8459470360003898,1.184702297435096
2005-07-22,-0.0006523068910238355,0.003795971049230573,0.8453953988572808,1.1892079392908408
2005-07-25,-0.0006544529544258977,0.0004134924688035113,0.8448423083464411,1.189699769494614
2005-07-26,-5.062313385937616e-05,-0.0007470682122896477,0.8447995408636968,1.1888113145242107
2005-07-27,0.0008786832377227372,0.008107649822020946,0.8455421782832342,1.198488958829943
2005-07-28,-0.00010018924834551303,0.003013641880063034,0.8454574682915337,1.2021062231810589
2005-07-29,0.004699313973261769,0.0036885341235723956,0.8494398883784264,1.2065484205672972
2005-08-01,-0.0002174084540460926,0.0016685007533308038,0.8492552330390323,1.2085632279023042
2005-08-02,-0.0026449048137473586,0.0024649022718588043,0.8470120016595185,1.211545892626815
2005-08-03,-0.001303023895675333,0.005067905920965288,0.8459090435278898,1.2177014780185766
2005-08-04,-0.00015316701545867173,0.00132806416401543,0.8457794880864066,1.2193197380527303
2005-08-05,-1.9641956733012188e-05,-0.0006638116127213323,0.8457628754854485,1.218510608035653
2005-08-08,-0.0006728494500899494,-0.0008597012067852461,0.8451939958064234,1.217463503158599
2005-08-09,0.00016357284069495306,0.003707007927660655,0.8453322578969089,1.2219850254981637
2005-08-10,0.0007954372361890145,0.004171826392934008,0.8460049341521946,1.227093583478646
2005-08-11,0.0034937651243437742,-0.005094054815954152,0.848965846039665,1.2208585956677835
2005-08-12,-4.3110752051087596e-05,0.0013635392138411362,0.8489292472724823,1.2225244196876217
2005-08-15,-0.0002178565657729079,0.00010385053262851329,0.8487443226063451,1.222651386092408
2005-08-16,-0.0010765356819017959,-0.0012464746992080222,0.8478311106990452,1.2211283314953998
2005-08-17,0.003730915206843651,-0.005536932362181446,0.8510002048174299,1.2143857104627178
2005-08-18,-0.003256883704051607,-0.004543613187289353,0.8482331046259287,1.208880527715607
2005-08-19,-0.0012450091356368642,0.005914415321068844,0.8471777037896882,1.216051534482558
2005-08-22,0.002599728916965699,0.0034773384747435188,0.8493830015101074,1.2202875179764587
2005-08-23,-0.003152851592878124,0.002039042849418138,0.846709240162066,1.22277827503142
2005-08-24,8.841141567479931e-05,-0.0003763199081685542,0.8467841022339357,1.2223182057952855
2005-08-25,-0.0031138784385657137,-0.0033022082300337985,0.8441514205285271,1.2182885136594965
2005-08-26,0.004679457122799363,0.0027828963066465207,0.848110847665733,1.2216836061686809
2005-08-30,0.0016434271014546414,0.0028399220900432454,0.8495058019567042,1.2251580236311905
2005-08-31,-0.008075344381953058,0.003464453528440714,0.8426733742838344,1.2294098876089101
2005-09-01,0.0010163712379626048,0.006341770074875797,0.8435302786571668,1.2372312970205124
2005-09-02,0.0013422080568738183,-0.0007953659487682785,0.8446632319528314,1.2362476366129644
2005-09-05,-0.001545341514882649,-0.0005391013272184608,0.8433589468369297,1.235581353484492
2005-09-06,0.010818377226475,0.0009368633774737845,0.8525322527348824,1.2367394668167375
2005-09-07,-0.0007247497749327189,0.00701791913373917,0.8519146040240076,1.2454493311987416
2005-09-08,-0.00436708867904032,-0.00556935837922623,0.8482023292177794,1.238532257241362
2005-09-09,0.0008071574806493813,0.005671297438727407,0.8488872384505322,1.2455762976035285
2005-09-12,0.0017041129582781394,0.006386284798260533,0.8503350714788294,1.2535563569217798
2005-09-13,0.0006689044441583604,-0.008656094382548218,0.8509040546636406,1.2427522827856683
2005-09-14,-0.0006221477902179486,0.003797090920077295,0.8503748312310092,1.2474800964833435
2005-09-15,-0.004170639052580463,0.00044501802504903765,0.8468356102872546,1.2480353711566237
2005-09-16,2.8234011675220497e-05,0.004439321805518759,0.8468595201912971,1.253588117889421
2005-09-19,-0.003324051876246433,0.00361299766780121,0.8440491886458987,1.2581255207128048
2005-09-20,0.00042820813037358033,-5.049062107076452e-05,0.8444106947653179,1.2580619987775234
2005-09-21,0.001818096117217015,-0.010228902035834153,0.845947311005547,1.2452589977902253
2005-09-22,-0.00204112467592272,-0.0014662104734597392,0.8442223880647753,1.2434345238637354
2005-09-23,0.00047543317051382223,0.003858500815576704,0.8446238548190955,1.2482415850489612
2005-09-26,0.0016362165881014406,0.0035397694696470694,0.8460069736134397,1.252667901951379
2005-09-27,0.00041480624306342614,-0.0004940431469364626,0.8463579753815992,1.2520491828085933
2005-09-28,4.613436890478408e-05,0.005522073146023487,0.8463970224733605,1.2589822147155667
2005-09-29,-0.0029712737744719137,-0.001324027489911117,0.8438858776944701,1.2573163906957279
2005-09-30,-0.004663818707162844,0.003275345854031997,0.8399593104675069,1.2614412882686614
2005-10-03,0.0002037719998536177,0.00211066158983364,0.8401304880960081,1.2641065757140948
2005-10-04,5.283415470119858e-05,0.00145479511057367,0.8401748768527962,1.265946930124405
2005-10-05,0.0002119928020607733,-0.011697931676422968,0.8403530067596232,1.2512242497734705
2005-10-06,-0.00018653857115467874,-0.013968612038931738,0.8401962631302976,1.2338678880131937
2005-10-07,0.0004935483151692031,-0.004419999737162783,0.8406110429288928,1.2284262272013622
2005-10-10,-3.0033353291886253e-05,0.0033908356875151924,0.8405857969395721,1.2325986887599834
2005-10-11,9.971086033079218e-05,0.005020019708137369,0.8406696166513652,1.2388019156032062
2005-10-12,9.0971151811502e-05,-0.006694673617197111,0.8407460968133763,1.2305362399735162
2005-10-13,-0.001294703029304217,-0.017414123255997893,0.8396582846437664,1.2092930329660556
2005-10-14,-8.847357669922141e-07,0.0005770666723989848,0.8396575417683785,1.2099910770621654
2005-10-17,0.00033775133171141925,-9.17474101598259e-05,0.8399411851190556,1.2098800686069755
2005-10-18,-0.00029776791495930905,-0.0025734422682361924,0.8396911148169782,1.2067705149434542
2005-10-19,1.1821538220079393e-05,-0.024621951838364353,0.8397010413162582,1.177420282212955
2005-10-20,0.00024812913568770845,0.008733575844495078,0.8399094214613996,1.1877484066291124
2005-10-21,0.00046778028578509367,-0.004887300698957375,0.8403024064387509,1.1819576850363382
2005-10-24,0.0004811792798324822,0.013359803474454424,0.8407068398402057,1.1978543592033377
2005-10-25,-0.0004773163039268614,-0.0019488014342723403,0.8403056525129701,1.1955222520550288
2005-10-26,6.682270646106293e-05,0.012894872416714165,0.8403618058870649,1.2110381819392193
2005-10-27,0.0010950082996191684,-0.012987795055380502,0.8412825130381828,1.1954111661340618
2005-10-28,-0.0002202693225101301,-0.004535892148178178,0.841097224716412,1.1900011888240971
2005-10-31,0.0029914956500985135,0.027651206436127396,0.8436171306700814,1.2233653106723401
2005-11-01,-0.004428240103276876,0.00852266869805085,0.8398896506396216,1.2338362045113291
2005-11-02,-0.0031020046563066802,0.012293732969212101,0.8372883457484027,1.2490982790517233
2005-11-03,-0.0002848569042621812,0.011717786706435973,0.8370498723492678,1.2638210368684333
2005-11-04,-0.003514605628988612,-0.002325041707072373,0.8341131359143581,1.2608860135953828
2005-11-07,-0.0013187910598432342,0.007933093544234993,0.8330138399979553,1.2709285217001032
2005-11-08,0.00321608122734567,-0.0002746269609321672,0.8356971927983097,1.2705795383849336
2005-11-09,-0.004117365717221474,-0.002437821111669791,0.8322633957767815,1.2674858652052325
2005-11-10,-0.002018645430166292,0.001975692392733208,0.8305850456430457,1.2699925027440147
2005-11-11,-0.0033255068461696966,0.0048476816179867654,0.8278275170188837,1.276163968619597
2005-11-14,-0.004744954935046862,0.005615834743439407,0.8239088171361375,1.2833508558703683
2005-11-15,-0.0004682144576408202,0.0009637598938727621,0.8235231414126972,1.284588294155938
2005-11-16,-0.009417057016523296,-0.00443116966406798,0.8158043780949138,1.2789086584841292
2005-11-17,-0.007327082311795017,0.005147203813283596,0.8098487575716823,1.285508432628207
2005-11-18,-0.0028858053157695923,0.009959140824921775,0.8075150606391797,1.2983749555507862
2005-11-21,-0.003212295065835512,0.005520030673904941,0.8049252458459314,1.3055618428015558
2005-11-22,0.0004398653915594886,0.002015127768403957,0.8052793824848873,1.3081953692793489
2005-11-23,0.0014356421382048334,0.007334384723973741,0.8064363057646076,1.3178254495993957
2005-11-24,-0.005202180728988034,-0.0020245369696656468,0.8022519716234243,1.3151601621539617
2005-11-25,-0.002920166788936917,0.003516277635535303,0.7999126792837652,1.319792770414491
2005-11-28,-0.0025895893290473044,-0.00030056565272751357,0.7978439137280164,1.3193961456478631
2005-11-29,-0.002595772407639087,0.0037325769781340057,0.7957755781367635,1.324330095772101
2005-11-30,-0.0005198781255151734,-0.0023507223744356764,0.7953619793406698,1.321220619574353
2005-12-01,0.0016430434626526027,0.008691714908904302,0.7966698678058337,1.3327543438426668
2005-12-02,0.0004914938232321781,0.0115277563224776,0.7970615223650296,1.3482069067231268
2005-12-05,-0.0009271487125909906,-0.0025922012865660093,0.7963228702737932,1.3447166087767988
2005-12-06,0.0037728123232353326,0.0014030255192629681,0.7993329216209945,1.3466046046385698
2005-12-07,-4.2977360585343463e-05,0.001894975114330677,0.799298569139989,1.3491588061630357
2005-12-08,0.005234655128611436,-0.007116016739256992,0.8034935916631173,1.3395922477782694
2005-12-09,0.0009389861884007602,0.004124671462351515,0.8042484153772183,1.3451290365614705
2005-12-12,0.002055939964914624,0.0015086368506622705,0.8059036027360073,1.347159879311848
2005-12-13,0.003891537020205703,0.0029985381178683213,0.8090459166906985,1.351205451931459
2005-12-14,0.003030473534251735,-0.0027748763459705117,0.8115014277305967,1.347461221175556
2005-12-15,0.0009804303581118455,0.0028100768763437145,0.8122974385188027,1.351253015917144
2005-12-16,0.0006943523318161825,0.006739975125698905,0.8128616549992124,1.360391188567641
2005-12-19,0.003046949215673229,0.0022715237057688853,0.8153421802795631,1.3634848617473414
2005-12-20,-0.0019638042694287076,0.0002093964951868088,0.8137425789908803,1.3637704005930051
2005-12-21,-0.003171835776025151,0.007867943110388964,0.8111656101877587,1.3745427912272499
2005-12-22,-0.0001506991967192402,0.007245158482485081,0.8110433773923205,1.384537735346285
2005-12-23,0.0044297883699084325,0.003751383159809052,0.8146440972383502,1.3897414212981403
2005-12-28,0.005291864578575226,-0.001610878001081062,0.8189665102057038,1.387504519586975
2005-12-29,0.002406078596737158,0.008641041841912056,0.8209393804860514,1.3995459545428819
2005-12-30,-0.00421107426743094,-0.003099453045306788,0.8174896124983021,1.3952148430776115
2006-01-03,0.0002675861340967697,0.011194400148086814,0.8177083906530697,1.4109211838360942
2006-01-04,6.449309367325181e-05,0.007215357125373245,0.8177611288975134,1.421138299797061
2006-01-05,-0.0002867873181219915,-0.006653294102214602,0.8175266390024638,1.4117144333693519
2006-01-06,-9.940867503268019e-05,0.001931109684210952,0.8174453738017765,1.414443242750063
2006-01-09,0.0002720204844206427,-0.0020546925423943208,0.817667765934582,1.411539980444655
2006-01-10,0.00024532073521630574,-0.006099192713259427,0.8178683813986442,1.4029569275358877
2006-01-11,-0.0006598845920767077,0.009554955902645546,0.817328860685693,1.4164263665832062
2006-01-12,-0.0007775506322906324,0.0012201771699729136,0.8166935931216317,1.4181557125383266
2006-01-13,-0.000521900265105731,-0.0019484889195826582,0.8162674717249785,1.415395142189971
2006-01-16,-2.225483610893753e-05,0.0028318107342020227,0.8162493060283122,1.4194089538419423
2006-01-17,1.6150701366271308e-05,-0.007314227651166405,0.8162624891335523,1.409064948941963
2006-01-18,0.00035323535541339227,-0.003925887337144829,0.816550872834673,1.4035439631768056
2006-01-19,5.9855267988649245e-05,0.012223201690007457,0.8165997491687312,1.4208050420341625
2006-01-20,-0.00036217406114243806,0.0015175163679046477,0.8163040514714971,1.4229627737235502
2006-01-23,0.00014760521274587894,-0.0061285171228924185,0.8164245510976476,1.4142687898253667
2006-01-24,0.00010218117572695121,0.0016364159648230014,0.8165079785804576,1.4165850164898568
2006-01-25,0.00016599651736235382,0.014366039846484213,0.816643527311298,1.4370826154155212
2006-01-26,0.00039436245321686545,0.002590974883052155,0.8169656443673936,1.4408108882218285
2006-01-27,-0.0010134470136449203,0.013800432397170326,0.8161381123756,1.460832537427536
2006-01-30,-0.00026369058983934503,-0.00416823144645484,0.8159229328070178,1.4547561220575513
2006-01-31,-0.0024726897878518533,0.00032711453964395787,0.8139079008046105,1.4552320717775051
2006-02-01,0.003417010834177717,0.01122042097813214,0.8166937899156593,1.47165233711592
2006-02-02,0.0015448692167591457,-0.0044730085706987666,0.8179564500825056,1.4650843239394844
2006-02-03,-0.0006111183919479752,0.0008118245217918485,0.8174567345602731,1.4662741982393688
2006-02-06,0.0036312693139864817,0.004910991477297344,0.8204305361855467,1.473492768992005
2006-02-07,-0.0028488099501899782,-0.004770363351134677,0.81809661154295,1.4664804121317045
2006-02-08,0.00011846346563887085,-0.0003029403143575138,0.8181935318434248,1.4660362233793913
2006-02-09,-0.001046682927279399,0.01375670531460571,0.8173375906700838,1.486343411430763
2006-02-10,0.0017466451153920544,-0.0047075524343043185,0.8187664368608072,1.4793628155381033
2006-02-13,0.006709264444874324,0.000868241713394724,0.824278226756549,1.4806478178093612
2006-02-14,0.0037284791258525582,-0.001340260024651485,0.8273572674213748,1.4786646939762191
2006-02-15,0.005365224901051629,0.0015330886724083115,0.8318081545630751,1.4809333566550236
2006-02-16,0.001965141280788228,0.003667850370719705,0.8334443822880643,1.4863751723984029
2006-02-17,0.00015002505044162443,0.01102877830818727,0.8335694292034076,1.5028588047405473
2006-02-20,0.0032939864694515415,-0.0016904746154633443,0.8363197228527832,1.5003204062341269
2006-02-21,-0.0008543896720046149,0.00022209972926745536,0.8356054850812201,1.5006536639970254
2006-02-22,-6.920288038189432e-05,0.0014789932256054072,0.8355476607756169,1.502874762690144
2006-02-23,0.0006314347690282985,-0.0006125429177803454,0.8360754212254246,1.5019544692863258
2006-02-24,-0.0006596299401306716,0.0012246078293696172,0.8355241026984708,1.5037949011624105
2006-02-27,0.004438948289331709,0.0029390564734370628,0.8392411948712659,1.5082211405990544
2006-02-28,-0.005038955910877876,-0.006151442669651175,0.8350229322369499,1.4989718820275904
2006-03-01,0.0003747070219754379,0.005867471309809247,0.8353358798213367,1.5077929097963356
2006-03-02,-0.003968449534386513,-0.0005683903779925004,0.8320274605274175,1.5069361383277977
2006-03-03,0.0018529056721653466,-0.002762162084907871,0.8335705580940552,1.5027794797872238
2006-03-06,-0.005187837134512038,0.007750489265646365,0.8292573276408248,1.5144720088937373
2006-03-07,-0.00015760195793977346,-0.009229576335386014,0.8291266453605148,1.5005583810941037
2006-03-08,0.00037333551055004997,-0.016394488149174435,0.8294362455687511,1.4761580564374368
2006-03-09,0.0028090086334627965,0.008198831192645528,0.8317694145552125,1.48831057731431
2006-03-10,0.002375553037820528,0.005209674328011005,0.8337476757165623,1.4960844227402275
2006-03-13,-0.0010578357726130359,0.01700188681666326,0.8328661739241223,1.521738143632058
2006-03-14,0.002253176241869275,0.005582938909341806,0.8347448839374284,1.5302576746055445
2006-03-15,-0.005045133225182564,0.008619630647483945,0.8305440904806035,1.5435049418109323
2006-03-16,0.00010987758379152617,0.008790562995404372,0.8306353536722956,1.5571330307649045
2006-03-17,9.720737478279419e-05,0.003153485560916991,0.8307161014790054,1.5620511778710944
2006-03-20,-0.001625552269264402,-0.0031433368211875035,0.8293668259911601,1.5571488337829482
2006-03-21,0.0009878160525684818,-0.0004994003418463677,0.8301864926286218,1.556371387267737
2006-03-22,0.000503431174395461,0.004931703694358802,0.830604539609685,1.5640659077403274
2006-03-23,0.000424749307096353,-0.0008118037014650525,0.830957413248467,1.562796708487117
2006-03-24,-0.0010104115812632516,0.008018119471708829,0.8301182282870819,1.5753777700298088
2006-03-27,0.00491398424445915,-0.007520771866333931,0.8342074551514892,1.5635741550023268
2006-03-28,-0.0017276484488453116,-0.004005819973382785,0.8327674821772848,1.557323286707646
2006-03-29,0.002821021004850325,0.0004787105441792505,0.835120053503048,1.5580689722552157
2006-03-30,0.0023900455518958237,0.0034864824941553962,0.8371184156091801,1.563510633067048
2006-03-31,-0.004710323156409248,-0.00048715630488516126,0.8331845894211344,1.5627491445014323
2006-04-03,-0.00044606556744391227,0.0031118294679135516,0.8328130173433848,1.5676197276219386
2006-04-04,-0.0001932474463558363,0.0011429357799848106,0.8326520939040138,1.5694124405807877
2006-04-05,0.00017026460522295026,0.004307219010968311,0.8327938771540625,1.5761868225811093
2006-04-06,-2.158110903909772e-05,0.0019708406507952247,0.8327759047325256,1.5792962987788577
2006-04-07,0.0002831590097854519,-0.0031693835409676296,0.8330117461218143,1.5742988267193392
2006-04-10,0.00021793394718510624,-0.0044641240431904095,0.8331933074431672,1.5672866247905899
2006-04-11,-0.00017575796568780359,-0.013770043809882893,0.8330468799507024,1.5458529294430639
2006-04-12,-0.0002873309149193818,-0.004556827471510871,0.8328075542130035,1.5388247695647175
2006-04-13,1.8362841783624967e-06,0.007753768082405799,0.832809083485743,1.550802837516894
2006-04-18,0.00040627448943488984,0.0010429541758529837,0.8331475013115427,1.552421097551048
2006-04-19,-7.049897001576213e-05,0.008811127806348296,0.8330887673411955,1.5661601174944357
2006-04-20,0.00028601615928646525,0.0018014725706763102,0.8333270782695388,1.5689840548465186
2006-04-21,-7.320251992511443e-05,0.0061692698963575765,0.8332660788601701,1.5786934601198912
2006-04-24,0.0003876122262826111,-0.00016076476165238773,0.8335891255844683,1.5784396822418694
2006-04-25,0.0003427012730839648,0.0017774764589404413,0.8338748465947157,1.5812478165759076
2006-04-26,-0.00023707511990802736,0.0030753830996061993,0.8336771790474254,1.5861182447648636
2006-04-27,-6.566314653031238e-05,-0.007227786326337693,0.833622438977881,1.574695451485968
2006-04-28,0.005635715684011553,-0.0047362948650082615,0.8383337613988022,1.56725486382295
2006-05-02,0.00015422592244549414,0.004615466779219091,0.8384630641671342,1.574505195543226
2006-05-03,0.0035499293926601347,-0.0028354805317540865,0.8414448382556619,1.5700470402073938
2006-05-04,-0.004658397876802186,0.006074678449758508,0.8375341692058939,1.579613598592159
2006-05-05,0.0010820363465388547,0.01508172634515148,0.8384409020889438,1.6036174534137482
2006-05-08,-0.0020653807195776678,0.0024109866153736448,0.8367109894942785,1.6074884181771114
2006-05-09,-0.0016878455043103798,0.0003059632747479668,0.835299941762524,1.6079803258466596
2006-05-10,0.0014366219531642586,-0.0026477768136476953,0.8365008143897882,1.6037283844031627
2006-05-11,-0.0026078820645132044,-0.0032896599970051454,0.8343221609893149,1.5984613314475777
2006-05-12,0.01168443277575561,-0.026511124969673006,0.8441279179854835,1.5566411230953532
2006-05-15,0.0027060995279467232,-0.026280483119219156,0.8464153056994038,1.5162647218525869
2006-05-16,0.0011063937005018635,-0.0015811526501536832,0.8473522925042061,1.5138691702347717
2006-05-17,0.004693562203895163,-0.02830440637085907,0.85133874120186,1.471620731079829
2006-05-18,-0.003218109179335375,-0.015328406543998696,0.848603443787546,1.4492351362923939
2006-05-19,-0.0005197061880605415,0.006307495680053066,0.8481625339083204,1.4584050699105309
2006-05-22,-0.0005609260163163769,-0.040402362670564074,0.8476869108841213,1.4006565038894419
2006-05-23,-0.009139874879907568,0.044928383631626545,0.8399744576995933,1.465020802004202
2006-05-24,0.0005359183833658846,-0.01971814202150135,0.8404247360984911,1.436416254821275
2006-05-25,-0.0005845649727747792,0.014963692837914877,0.8399335968009154,1.4580719670791835
2006-05-26,-0.0013053955681454328,0.03396320764626637,0.8388378665424256,1.5084433124409866
2006-05-30,-0.0020678505215997837,-0.029078795460710793,0.8371050674247927,1.465211212878494
2006-05-31,0.00028792943145395603,0.0067661000073790944,0.8373461293136645,1.475158593011843
2006-06-01,-0.004742804319405496,0.0013112428314219216,0.8333841633162073,1.477094152859301
2006-06-02,-0.0018355884946235751,0.014639249436008583,0.8318558160718639,1.4988767540562187
2006-06-05,0.0018080828837722857,-0.010191773329777831,0.8333612408909706,1.48367812398533
2006-06-06,0.0009103768730868399,-0.030034132985143458,0.8341202591355108,1.439779663828593
2006-06-07,0.001766022833726187,0.0037065604356936177,0.8355946360676866,1.445126196669053
2006-06-08,0.0006489429950348024,-0.03294464919188478,0.8361370653372527,1.3982927132392677
2006-06-09,2.4478862067006625e-05,0.023657933070278858,0.8361575332716591,1.4317678435426997
2006-06-12,0.0011913330976634283,-0.0048317588884891904,0.8371542690201628,1.4248665726033671
2006-06-13,-0.0009701104759808816,-0.02931932998062514,0.8363425306953621,1.3836969218273438
2006-06-14,-0.0005709697629859121,0.006912772533306466,0.8358651406994317,1.393295241179749
2006-06-15,-0.0002754438513434122,0.035745206726257805,0.8356349384912206,1.4439996893728992
2006-06-16,-0.005667080469300159,-0.0008793335407712988,0.8309127212824323,1.4427304901196887
2006-06-19,0.004579603672652548,0.0022297808919766737,0.8347266988194352,1.4459510522384011
2006-06-20,-0.0018350199727569664,0.0005704032841489237,0.8331963631829618,1.4467760627392974
2006-06-21,-0.0007491666345620235,-0.0028771841415302646,0.8325723940252472,1.4426194041987221
2006-06-22,0.00220057958734314,0.01090470651955222,0.8344065532069849,1.4584368308781717
2006-06-23,-0.005838079079066033,0.0002610822970012805,0.8295494137429663,1.4588176526267538
2006-06-26,-0.0031234760131711456,0.00020654448757717603,0.8269623784220665,1.4591189944904632
2006-06-27,0.004267211879300916,0.0002174362197422397,0.8304987419470617,1.4594362943037653
2006-06-28,-0.005016482296697471,-0.00020649957756901927,0.8263429920485356,1.4591349524400572
2006-06-29,-0.002034829797829407,0.011491562303767466,0.8246632342952434,1.475999406530785
2006-06-30,-0.0031226209966189293,0.012731019005535416,0.8220921399304942,1.4949105063899368
2006-07-03,0.0008664703368132273,0.007833186739954812,0.8228047670744271,1.5066664025001806
2006-07-04,0.0004640638623646981,0.0009261783340939189,0.823186689643985,1.5080624906924038
2006-07-05,-0.00040001461456316573,-0.008897318560725509,0.8228574687885802,1.4947042924976004
2006-07-06,-0.0006111371202525107,0.004268352613882698,0.8223547436773617,1.501097852749339
2006-07-07,0.00015484285416836175,-0.0031863794801658685,0.8224820892920364,1.4963223976002034
2006-07-10,0.0005348009761877564,-0.004409810907070266,0.8229220711571655,1.489738426474173
2006-07-11,0.0004707938132188299,-0.007461105126013834,0.8233095889903691,1.4786646939762191
2006-07-12,-9.561269090397533e-05,0.004400097616347409,0.823230873908259,1.4851852980985176
2006-07-13,0.0007855338899669037,-0.01998169681763784,0.8238778037183598,1.4558033044003784
2006-07-14,0.00017679520157275658,-0.010968654976089454,0.8240234742372845,1.4399223557856506
2006-07-17,0.000542163440060107,-0.006521810588839827,0.8244703507678794,1.4305620112932214
2006-07-18,0.0012042782649304938,-0.005370865218464971,0.8254638405904183,1.422899251788272
2006-07-19,-0.00017459734904807784,0.02375456908672291,0.8253197293732006,1.457104264621231
2006-07-20,-0.0007321824804677414,0.002479372718074302,0.8247156658959028,1.4607214515065716
2006-07-21,-2.944184721752574e-05,-0.010152149593196214,0.824691385100707,1.445967010187995
2006-07-24,4.1996246978743754e-05,0.011920916787531155,0.824726019771055,1.4633074139986786
2006-07-25,0.00024845997766719197,0.0027068011329696162,0.8249309566377593,1.4672736616649624
2006-07-26,-0.0004007299465120009,0.004003394791983084,0.8246004483263416,1.4731595112291078
2006-07-27,-0.00010308537159510394,0.008194171873428857,0.8245154484639049,1.4852804260698895
2006-07-28,-0.00018187292160799093,0.000800790155704334,0.824365505066117,1.4864703003697743
2006-07-31,-5.9864871680245096e-05,-0.0014846802920498448,0.8243161560080909,1.4842650046947012
2006-08-01,-0.00012098408125775159,-0.001165694177158727,0.8242164329078658,1.4825358136711302
2006-08-02,0.0006123160628383631,0.0052618290404282675,0.8247212684126618,1.490357223082732
2006-08-03,-0.003155906031584733,-0.013902904961078377,0.8221226282761577,1.469780299203744
2006-08-04,0.0013624074808597213,0.010180807639089906,0.8232434576348874,1.4848202793679797
2006-08-07,0.0026314722247155658,-0.007851927576021822,0.825412652764457,1.473207230146343
2006-08-08,-0.002010514362150162,0.0014741837702452187,0.8237548158822423,1.4753806099222264
2006-08-09,0.0008379637202747471,0.0031671588351791513,0.8244453818265485,1.480060782168441
2006-08-10,0.0006508169682602717,-0.007272482731575991,0.8249821195104959,1.4693361104514298
2006-08-11,0.011388349183290633,-0.000810132095832472,0.8344310054414852,1.4681462361515454
2006-08-14,-0.004019745579795661,0.005377818593526484,0.8310835375877348,1.4760629284660665
2006-08-15,-0.007361937886363337,0.005968803720037386,0.824987618626271,1.4848996043213054
2006-08-16,-0.00013649846091994016,0.009400566096688934,0.8248750167712153,1.4989243180419054
2006-08-17,0.0013440770915801904,0.004077156490453149,0.825984457804792,1.5050481424660265
2006-08-18,-0.0026300669672289735,0.002779048838805309,0.8238149176354465,1.5092365619742423
2006-08-21,0.004024984008612785,-0.0009780672075958563,0.8271374415722993,1.507761148828695
2006-08-22,-0.0008533870574976656,-0.0011160392431133204,0.826431874288704,1.5060793668592598
2006-08-23,-7.176595642023143e-05,-0.004106069900885245,0.8263725667429864,1.4999079784494536
2006-08-24,0.0005732930237586649,0.0006027456033841361,0.8268464561963053,1.5008123139036753
2006-08-25,-0.0019905848152156885,0.003345302304545328,0.8252021852693976,1.5058413919992852
2006-08-29,-0.0014126218345254446,0.004226400789576701,0.8240373096026977,1.5122191492329773
2006-08-30,-0.0017086441123358742,0.0052005993561810016,0.8226305252944176,1.5201040805798591
2006-08-31,-2.9095491742680245e-05,0.002053955078038072,0.8226065908029562,1.523229514727201
2006-09-01,-0.0011395804984045137,0.010454205656717619,0.8216696983078172,1.5392371973493926
2006-09-04,-0.0005948885969258039,0.005929571738658268,0.8211810417363765,1.5483913279494859
2006-09-05,0.00025626554053224124,0.00012296579300219435,0.8213915091065273,1.548581738823777
2006-09-06,-0.002049457462977634,-0.006176149215578519,0.8197098260057807,1.5390469414066499
2006-09-07,0.0018232202173802355,-0.012948334794161909,0.8212057007731252,1.519247309111323
2006-09-08,-0.0014346979756529304,0.003148742721123199,0.8200283633803669,1.5240385672785037
2006-09-11,-0.0011186862468631948,-0.008698727873541756,0.819111521852835,1.5108388640588022
2006-09-12,0.002259927047918193,0.008615466055690746,0.8209647474248861,1.5239116783394921
2006-09-13,-0.005703236747619134,0.006609745062895911,0.816295917485323,1.5340177083794928
2006-09-14,0.002493265083171141,0.005970168188850877,0.8183336989029185,1.5432034450156744
2006-09-15,0.002717070903525262,0.005996113056093932,0.8205601929869755,1.5524844645547793
2006-09-18,0.0007051035083907407,0.0014194865725762895,0.8211389768851954,1.5546897602298526
2006-09-19,0.00010612706190373596,-0.006223705390855372,0.8212261265766154,1.5450438768917605
2006-09-20,-0.00031850726415671646,0.005366111309269783,0.8209646017407763,1.5533570390413607
2006-09-21,-0.0007363123890705297,0.006302207455146203,0.8203603378243307,1.5631775302357007
2006-09-22,-0.000134405609127413,-0.007027578955467462,0.82025008420294,1.5522306866767561
2006-09-25,0.0009934725765816696,-0.0028864384664721854,0.8210653850900133,1.5477567283228804
2006-09-26,0.005880367515490441,0.009091634358680878,0.8259077748707426,1.5618925279644422
2006-09-27,-0.003075667894247597,0.0067723525785936545,0.8233714592755914,1.5725061137604899
2006-09-28,-0.0004157113609210496,0.006676786053226635,0.8230292455417093,1.5830405295347578
2006-09-29,-0.005137551687885215,0.0018622893367190585,0.8188117333720482,1.585991355825854
2006-10-02,0.0002673751706773619,0.002707258210287833,0.8190306925698332,1.5902908612550346
2006-10-03,-0.00023365657769591208,-0.006003680032376835,0.8188393430170908,1.5807718668559545
2006-10-04,0.0002618439547559964,0.004236319969070479,0.819053779222163,1.587482726920997
2006-10-05,0.0002438267228959773,0.01215814639412649,0.8192535107699811,1.606901382536192
2006-10-06,-7.483815181571845e-05,0.0047475338812006385,0.819192201645526,1.614548339023095
2006-10-09,0.00044628742446645473,-0.002410339103287029,0.819557878415744,1.6106614163101363
2006-10-10,0.00013128907205345945,0.009040714640477177,0.8196654844726904,1.6252889686897023
2006-10-11,-0.0002512804867746609,0.00025372439814397296,0.8194595444062034,1.6257013964743763
2006-10-12,-0.00015336982702941773,0.009730896634819075,0.8193338736749157,1.6415981481071509
2006-10-13,-0.0006205376588525934,0.005041709069580236,0.8188256038677147,1.6498955072387063
2006-10-16,-0.0001468456946612029,-0.0020598351923677427,0.818705371681114,1.6465004921952973
2006-10-17,0.00020346594526931582,-0.01539022186664063,0.8188719672911521,1.6213544819910588
2006-10-18,0.00024819116467575647,0.01189602472537743,0.8190752293013085,1.6407573345882074
2006-10-19,-5.458618875321344e-05,-0.00019340489374641834,0.8190305203264961,1.640440034774905
2006-10-20,-0.00029172931609029387,0.0015944728331565017,0.8187916199617585,1.6430577582346506
2006-10-23,-0.0003714445590903809,0.000453737176311364,0.818487540747276,1.6438034437822227
2006-10-24,-0.0007585566949249384,0.003891523823996934,0.8178669069662442,1.650212807052008
2006-10-25,-0.000238413546188612,0.0022855708081763737,0.8176719396589911,1.6539887987755497
2006-10-26,-0.00021759888901222665,0.003791182176039243,0.8174940345100282,1.6602712731063238
2006-10-27,-0.00043980472680872276,-0.010537908819850728,0.8171345758211221,1.6428673473603592
2006-10-30,-0.0001551443488507833,-0.004519986657392394,0.8170078118430446,1.6354583657334334
2006-10-31,-0.0026670553587549795,0.006150708584321762,0.8148317099623327,1.6455485927553886
2006-11-01,-0.0013659900070694209,0.003532077939317091,0.8137194178519894,1.6513710753158026
2006-11-02,-0.0014155629975244667,-0.001471052422472141,0.8125683616422094,1.648943607798797
2006-11-03,-0.001045568423177397,-0.0008662926433711249,0.8117192098221268,1.6475157586389342
2006-11-06,-0.0014640837968879427,0.010613201273796946,0.8105316544318371,1.6650942922411445
2006-11-07,0.001337514233540801,0.006126742375348826,0.8116164773777165,1.6753272112201565
2006-11-08,0.0028722623430315858,0.00022719357364486825,0.8139510039040221,1.675707878037188
2006-11-09,0.0030294339084596415,0.0027041396196896272,0.8164205534549633,1.6802453583263481
2006-11-10,-0.00011321412313992799,0.005902647818791351,0.8163281283499029,1.6901925835281466
2006-11-13,-0.0003038457544726785,0.005541443427736326,0.8160801281926526,1.6995846889882156
2006-11-14,0.0041802704305346485,0.0005039793513414992,0.8194987041292312,1.7004414604567517
2006-11-15,0.0042932905047543025,0.007343610027737313,0.823024613595247,1.7129748030822085
2006-11-16,-0.0031868182517719927,0.0030332016662963923,0.8204059585400599,1.718178489034064
2006-11-17,0.0006369306313935284,-0.011048810230406048,0.8209286666719711,1.6992991501425547
2006-11-20,0.001544555475653093,0.0013901630135997323,0.822197616268451,1.701663095724277
2006-11-21,-0.002673924215422066,0.002448989167064042,0.8200020588377013,1.7058355572828992
2006-11-22,0.0020239336144541723,-0.006016837150568222,0.8216633691923367,1.6956026383038882
2006-11-23,-0.0006388000918996009,-0.002107442821898786,0.8211386581671548,1.692033015404232
2006-11-24,0.0005897011938259673,-0.007057059371684105,0.8216230274166985,1.6801342724053823
2006-11-27,0.001494800235775052,-0.009163553325278073,0.8228521080979876,1.6648085984639318
2006-11-28,-0.001370262566031771,0.0003430632473566675,0.82172535680574,1.6653798310868049
2006-11-29,-0.002565238622492502,0.01596187755630929,0.8196201365339966,1.6921757073612882
2006-11-30,0.0034175931746197414,0.0007310948076337809,0.8224260567341765,1.693413300578407
2006-12-01,-0.0013438374163475641,0.002339423050610634,0.8213215921036183,1.697379548244692
2006-12-04,0.002047673382582111,0.004941550517454374,0.8230051135290691,1.705787993297214
2006-12-05,-0.0013283587187475927,0.00761601186609262,0.8219125933009735,1.718828891678713
2006-12-06,-0.0005244873584045891,0.0024062171875343097,0.8214816235650423,1.722969747201244
2006-12-07,-0.0006592045865826677,0.0028595389344818756,0.8209402775594833,1.7279036973254807
2006-12-08,-0.0017511577276421483,0.004827073418992356,0.8195039396426741,1.7362645783923154
2006-12-11,0.0008486666666662631,0.004066975337490675,0.8201997205207093,1.7433403022563472
2006-12-12,0.0005624515960718354,-0.005173179918127602,0.8206611729227687,1.734344976494456
2006-12-13,0.002915313784120954,0.004435816085653244,0.8230571485657322,1.74205529998509
2006-12-14,0.001564500965614799,0.006227968944125806,0.8243458300783,1.7529386216087524
2006-12-15,3.88746356421079e-05,0.0033341096682768523,0.8243778768449865,1.7587928651368077
2006-12-18,0.0011521337321968184,0.00015335242209069122,0.8253282177597644,1.7590626009644248
2006-12-19,0.0011494386204599781,-0.0029264701033007157,0.8262774273123635,1.7539222820163007
2006-12-20,0.001801800035909249,-0.0006515011951133687,0.8277675560644456,1.7527799717021033
2006-12-21,-0.0005002716751328247,0.001655093755468684,0.8273535509686986,1.755683388939061
2006-12-22,-0.002029796657736456,0.0015439900379163873,0.8256758947227021,1.7583962403701787
2006-12-27,0.00023256788175556145,0.006457187869306935,0.82586794274779,1.7697872726814368
2006-12-28,-0.004889414408687421,0.0031058185398524785,0.821839787813113,1.7752924554285476
2006-12-29,-0.003892910444617654,-0.0010908713980715135,0.8186466584352752,1.77335689558109
2007-01-02,5.166962012391484e-05,0.011987463310134672,0.8186889586899418,1.7947428720113823
2007-01-03,-4.629034385870024e-05,0.0002917366394949994,0.8186510621736589,1.7952665406485706
2007-01-04,-0.00012701276573592166,-0.006205198360543562,0.8185470896411389,1.7841610471829765
2007-01-05,-0.00014268067322199357,-0.0053406561154520915,0.8184303071228273,1.7746578558019426
2007-01-08,0.00033345748444506946,-0.002685526634154556,0.8187032643415185,1.7698983586024009
2007-01-09,0.00010348627155508304,-0.0004931298152062169,0.8187879932739203,1.7690257841158195
2007-01-10,-1.7691081556573185e-05,-0.005801288952422823,0.8187735081568828,1.7587928651368077
2007-01-11,-0.00016417284518116765,0.0033679816042617716,0.8186390988139737,1.7647264336181887
2007-01-12,0.0005653801059482325,-0.0010524077772604556,0.8191020719399593,1.762870198724056
2007-01-15,-0.00012994137897510692,0.00845072431847882,0.8189956436020823,1.7778308539349694
2007-01-16,-0.0003399897224059965,-0.007299465921017045,0.8187172408302846,1.7649008865428855
2007-01-17,-0.00042212398033666953,-0.002691414971787154,0.8183717135826144,1.7601571923613912
2007-01-18,0.00014570915212693916,0.0025476130578852008,0.8184909665190364,1.764647108664863
2007-01-19,-7.642198300271568e-05,0.004019619375910111,0.8184284182063687,1.7717545934965329
2007-01-22,-0.00012444469484263664,-9.855566980121466e-05,0.8183265754686401,1.7715799856402858
2007-01-23,1.87054878953998e-05,-0.005783840544230756,0.8183418828096571,1.761363024610869
2007-01-24,0.00011229551740581185,0.008127392517053522,0.8184337840947568,1.7757366441808624
2007-01-25,-0.00010602618839427565,-0.0019406456558552776,0.8183470132802467,1.772293910220217
2007-01-26,-0.0002597643340378809,-0.004710704847941116,0.8181344635209487,1.7639647901210207
2007-01-29,-0.00019965509439173501,-0.0012508867717251348,0.8179711351126262,1.7617596493774976
2007-01-30,-0.00039261791875377363,0.0023655487995046798,0.8176500480243544,1.7659321109361183
2007-01-31,0.0015969673956919943,-0.0027618911262425883,0.8189568516758182,1.7610615278156114
2007-02-01,0.00041728232846824516,0.010859463613586584,0.8192986592079623,1.780289927488066
2007-02-02,-0.0017430452758949583,0.010795663040036985,0.8178718284270594,1.799613455131888
2007-02-05,-0.000705148062738678,0.005556124312322552,0.8172953109806445,1.8096401602185634
2007-02-06,-0.001346374910480811,0.006370790394758075,0.8161956655131333,1.8212058003860652
2007-02-07,2.6901396828250563e-05,0.001966774546012573,0.8162176226119578,1.8247912263037682
2007-02-08,0.0012686774866531273,-0.00523884307436262,0.817253796680351,1.815256428886641
2007-02-09,0.00017613838174816796,0.0070455741227934965,0.8173977591198592,1.8280911133758047
2007-02-12,-0.0009157792527252628,-0.005918825262286376,0.8166495458622129,1.8173029197235142
2007-02-13,-0.0007895257267368013,0.0018229342066522491,0.8160050344986579,1.8206187647451468
2007-02-14,-0.0019405583368030394,0.005700116174400804,0.8144230645749944,1.831026136648856
2007-02-15,-0.0034489888652334162,0.0028811189325335107,0.811618966924157,1.836309147554034
2007-02-16,-0.0004919834897715448,-0.0015735785314365813,0.8112197620016126,1.8334218431982194
2007-02-19,-0.002078159271406866,0.006872871184635088,0.8095356686452693,1.846066116813092
2007-02-20,-7.3326845493717e-06,-0.004237117715780059,0.8095297325973432,1.8382606653510873
2007-02-21,0.001749381574491871,-0.0037959906959379452,0.8109471484346462,1.8312958724764712
2007-02-22,0.0035963838330289816,0.003580206521082374,0.8138688763270666,1.8378640405844582
2007-02-23,-0.0007679222155646814,0.0013456989584614831,0.8132441282460451,1.840338917155598
2007-02-26,0.0015468414156248,0.0010684282190513983,0.8145030613785614,1.8423062379706951
2007-02-27,-0.0016097234367635563,-0.03786652601317364,0.813192991419392,1.773848803250641
2007-02-28,-0.005628727461965946,-0.008803585147401094,0.8086286075839778,1.75830111239881
2007-03-01,0.008221308927197966,-0.008972815334646,0.8153039957895817,1.7425947716403258
2007-03-02,0.0033294525208370698,0.005646789289585286,0.8180230356789486,1.7524626718887983
2007-03-05,0.0006779888847257885,-0.017184427508002642,0.8185778342569712,1.7226048834022563
2007-03-06,-0.0031576564501718534,0.0141834315650744,0.8159971233222376,1.7472114219512582
2007-03-07,0.0012443440326540779,0.01545249803322335,0.8170131364771609,1.7744198809419645
2007-03-08,0.0001980227937110221,0.015903955996970254,0.8171749397207811,1.802865778218243
2007-03-09,-0.0019984251485963642,0.004109866496255776,0.8155435074610231,1.8102905628632133
2007-03-12,-0.0007286770155573595,0.0006483438328128699,0.8149494561140159,1.8114646341450558
2007-03-13,0.002769038126839657,-0.013854474384016768,0.8172092094571234,1.7865407957827493
2007-03-14,-0.01031915390605764,-0.028536120585449964,0.8088196628093812,1.7362803814103633
2007-03-15,-0.0024612894329267268,0.024852873249118446,0.8068313714042245,1.7799726276747616
2007-03-16,-0.0009229585700942164,0.004420022126243595,0.8060870430203346,1.7878575590216452
2007-03-19,0.000841478021650612,0.014929002257662916,0.8067656330198171,1.8147487181990483
2007-03-20,-0.004805063627308769,0.0017992501469343836,0.8028983714805241,1.8180168443034446
2007-03-21,-0.0029245860294936574,0.013297733278191615,0.8005536564518322,1.8423538019563797
2007-03-22,0.00018484945257939793,0.008181532967189042,0.8007016520350175,1.857488910091991
2007-03-23,-0.0006018445070859379,-0.0005211092318972987,0.8002198991286374,1.856521207634036
2007-03-26,-0.0018570403530642216,-0.003973049665830786,0.7987352374496217,1.8491597899927925
2007-03-27,-0.0008948949926792296,-0.0011846649538984622,0.7980207730181536,1.8469704522673163
2007-03-28,-0.003062353682803015,-0.00508943029498532,0.7955806892715991,1.83759430475684
2007-03-29,-0.0012617984988080744,0.007140306536733476,0.7945774598220087,1.8507622470089031
2007-03-30,-0.0043487473247776996,0.002020947754843405,0.7911295457067185,1.854506322833255
2007-04-02,1.5067970256944582e-05,0.006021595506753741,0.7911414665129934,1.8657070992017701
2007-04-03,-0.00037486739884902886,0.01062369751351433,0.7908449489501762,1.885633465504559
2007-04-04,-4.7499829947673575e-05,0.0003112716721531683,0.7908073848417375,1.8862205011454773
2007-04-05,-0.000391402633987842,0.0022432340844442678,0.790497921314704,1.8904564846393779
2007-04-10,-0.00061806444695501,0.006290999854529744,0.7900094936095957,1.9023868336743204
2007-04-11,-6.0981673355758675e-05,-0.0029899970128770548,0.7899613189776082,1.8967071980025108
2007-04-12,-0.0003392658776436066,-0.00508173918538013,0.7896933575150814,1.8870930756320614
2007-04-13,-0.00033510486340480476,0.0025608853243213048,0.7894287717648414,1.891931897784925
2007-04-16,-0.0004823425446643749,0.007576980758773999,0.7890480884994853,1.906321475304513
2007-04-17,7.260455239294737e-05,-0.00745963832964236,0.7891053790625199,1.89215391469531
2007-04-18,4.911466255360636e-06,-0.004369534682490794,0.7891092547364787,1.8839041195494375
2007-04-19,4.617367086680519e-05,-0.006386850129224797,0.7891456916486914,1.8719102485792163
2007-04-20,0.00041363388088501223,0.008574004072739783,0.7894721765616676,1.8880290171223746
2007-04-23,-7.323464907337595e-05,0.0019895322719456487,0.7894143619609058,1.8917890508963187
2007-04-24,0.0002703133259070542,-0.009047575169626398,0.7896277800261802,1.8747501438808942
2007-04-25,-0.00013664565594113096,0.00736055213905118,0.7895198881918722,1.8886002497452472
2007-04-26,0.00021676710246161922,0.0030782192894864835,0.7896910486806828,1.894422732305662
2007-04-27,-8.343765519952285e-05,-0.0031370402009525122,0.7896251614600247,1.8884891638242818
2007-04-30,0.0024858027946495515,0.002173499691336289,0.7915904555478777,1.8925982583791712
2007-05-01,-0.0007002378708136211,-0.0015100166798411863,0.7910363479589291,1.8897425600594464
2007-05-02,-0.001093807683252074,0.009017717356558208,0.7901715793552899,1.9068607920281992
2007-05-03,-0.0011569551440191116,0.0022272487819599007,0.7892579149181974,1.9111125785401453
2007-05-04,-0.0031970687757934485,0.013579866376286276,0.7867386323879727,1.9372422491519303
2007-05-08,0.0021035138125314874,-0.008462625661678658,0.7883952897580225,1.9209172667164356
2007-05-09,0.004696306166064252,-0.0042044987450591265,0.7921065431887322,1.9128577275133098
2007-05-10,-0.0007210632527175291,0.0004395432190005266,0.7915355901395712,1.9136986959638014
2007-05-11,0.0022021837702442737,-0.002373868007124358,0.7932806177002079,1.9091612156746423
2007-05-14,-0.00587410145168539,0.00031571116026185564,0.7886344662144149,1.9097640543336087
2007-05-15,-0.0018007388018073938,0.004525580781310268,0.7872156194003191,1.9184264321957019
2007-05-16,0.0008640902256094309,0.0008596404836449523,0.7878961386951829,1.9200762982659434
2007-05-17,0.0006227709419358769,0.003381976590155489,0.7883869703376041,1.9265809444386492
2007-05-18,-0.002948079719613554,0.004863167730169593,0.7860661653390952,1.9359730498987182
2007-05-21,-0.0010705053798517497,-0.00010652259635612893,0.7852251275282488,1.9357668360063822
2007-05-22,-0.0008657171191419093,-0.002067471592251735,0.7845456388578921,1.9317688273724576
2007-05-23,0.0041526528853280745,0.00359891279558866,0.7878103585009457,1.938733620247073
2007-05-24,0.0033660255120497437,-0.007367393982537607,0.7904666162740546,1.9245026926341373
2007-05-25,0.006635839543390988,-0.006027808098632903,0.7957294683127089,1.9129370524666334
2007-05-29,-0.0015771421164929341,0.004063900374536189,0.7944754789745265,1.9207268558421444
2007-05-30,-0.0030011187629119702,-0.0069209016153699565,0.792094737938087,1.907479588636758
2007-05-31,-0.0017456217780793572,0.00728422232545789,0.7907132462450394,1.9214248224724821
2007-06-01,0.004298160378801557,0.007043084152138945,0.7941191729571926,1.9350053474407678
2007-06-04,0.001917084168488729,-0.005038606030630888,0.7956430264625703,1.925280139149349
2007-06-05,0.0004311202321599059,-0.005718661759997801,0.7959861182204404,1.9143015346227648
2007-06-06,-0.0003999259888248307,-0.02380124579952181,0.7956678463318622,1.8692767221014244
2007-06-07,-0.00045939198588725754,-0.013337169390895909,0.7953024068462415,1.8445113787142207
2007-06-08,0.0008681853946992291,-0.0036794854407471433,0.7959931765949493,1.8377369967138957
2007-06-11,0.0024180640453415137,0.004470498678712076,0.7979202680519122,1.8459709888417202
2007-06-12,0.002488045410628846,-0.004651772182054259,0.7999080016732432,1.8374038938825505
2007-06-13,-0.0008177619601207396,0.001397821996771853,0.7992541347280745,1.8399740533566102
2007-06-14,-0.002214843102283916,0.018072085818198858,0.7974858711568428,1.8735285086133695
2007-06-15,0.0032621983907796014,0.01599437809611537,0.8000916762981685,1.9037353578808562
2007-06-18,2.8716337530876432e-05,-0.004351231875753925,0.8001146523306928,1.895469759716941
2007-06-19,-0.0036574219791031303,-0.010965937659303648,0.7971936403582837,1.8747977078665825
2007-06-20,0.00015001877498870518,-0.0016684691924666595,0.7973132433427613,1.87167227371924
2007-06-21,0.00035434759400133204,-0.015409527674744794,0.7975958194343276,1.8430517685867178
2007-06-22,-0.0029647042849653723,-0.002413149462670461,0.7952346854522235,1.8386095712004802
2007-06-25,-0.0017876778717142825,-0.0010100118485372178,0.7938143319477489,1.8367534912378969
2007-06-26,0.0010093291851966642,-0.003487059818445104,0.7946159564040365,1.8303597760546084
2007-06-27,-0.0025947340697477406,-0.01266528498308972,0.7925568119310397,1.8073239335540734
2007-06-28,7.324204635183703e-05,0.011112614536392229,0.7926148625396423,1.8275200356844794
2007-06-29,-0.003935017484013282,0.0007289007155506511,0.7895020377241714,1.8288526019414233
2007-07-02,0.0006949679480297176,0.0005810618961348268,0.7900509070364926,1.8299155873022948
2007-07-03,0.0002681422439274924,0.018323743177591112,0.7902627814644951,1.8637555814047178
2007-07-04,-0.0003138960274865093,0.007344729915489623,0.7900147600452285,1.8774947562796547
2007-07-05,0.00034699627033895285,-0.0026568861612208394,0.7902889397873999,1.8725130872381834
2007-07-06,0.00053314459140205,0.005449927183326153,0.7907103903983664,1.8827460062171941
2007-07-09,-0.00035668349605824364,-0.00064906884363225,0.7904284073442899,1.8815243709496692
2007-07-10,0.0002174433883524793,-0.010808991771201093,0.790600299463158,1.8612965078516217
2007-07-11,-4.257853383311165e-05,-0.005581456892802095,0.7905666375782008,1.850936699933599
2007-07-12,-6.645955806596915e-05,0.012114768032597922,0.7905140986147231,1.8734967476457303
2007-07-13,-0.00013354788575037948,0.009599000781374656,0.7904085341773078,1.8915670339859365
2007-07-16,-0.0004512791084572255,-0.0004698438766990165,0.7900519197910506,1.8906785015497602
2007-07-17,-0.0010065902271023338,-0.009806835880208808,0.7892570613651614,1.872227548392519
2007-07-18,0.0004809869597053227,-0.006375675101587319,0.7896367750308736,1.86032880539367
2007-07-19,0.00035349327481136835,0.01306456670777223,0.7899159556617213,1.8847926519856169
2007-07-20,0.00024374600892930904,-0.005130882932091296,0.7901085179904997,1.8751467686475236
2007-07-23,-0.00043206068569331155,-0.0031523477386894427,0.7897672168991458,1.8692449611337851
2007-07-24,0.0001559648045236801,-0.01696509893565512,0.7898904023947998,1.8378005186491775
2007-07-25,0.0007079253491317906,-0.014617680925164578,0.7904497838104715,1.8111315313137062
2007-07-26,2.8199476670593776e-05,-0.034080083321606836,0.7904720743949992,1.7504479420195662
2007-07-27,-0.0001980129214883713,-0.0044418832094912375,0.7903155662060265,1.7426898996116977
2007-07-30,0.00017074004255724092,0.007907132586103316,0.7904505162397936,1.7565242024580032
2007-07-31,0.00831805290895309,0.023723494668054457,0.7970529470718055,1.7986933166596222
2007-08-01,-0.003621966085252078,-0.013193565092960213,0.7941712701477108,1.7751180025038513
2007-08-02,0.005114316171774717,0.003933624311136086,0.7982433171098222,1.7821144014145542
2007-08-03,0.0035446903835833106,-0.004210775372850861,0.8010778633461686,1.7746260948343036
2007-08-06,-0.003146255448709315,-0.01685894110576669,0.7985614285030262,1.7449585622904997
2007-08-07,-0.004463532822253997,0.02126556619514197,0.7950049664535128,1.7824634621954971
2007-08-08,0.00032877918044855786,0.019374591529503604,0.7952663905078742,1.8173346806911552
2007-08-09,-0.00042150711627279554,-0.021432798466944902,0.794931250701811,1.7787985563929223
2007-08-10,-0.004413690802600998,-0.02919449522998896,0.7914304014681581,1.7276181584798174
2007-08-13,0.0035665583296086885,0.02524460459415323,0.7942581237796371,1.7717863544641714
2007-08-14,0.008847878826683343,-0.015275670347326908,0.8013168045429986,1.7449268013228596
2007-08-15,0.010606706278738897,-0.009978081575038544,0.8098613712730539,1.727602355461774
2007-08-16,-0.003940579408156161,-0.039982918500721,0.8066763278097863,1.6598904513577406
2007-08-17,0.0019326973446687108,0.021146251335030897,0.8082368965743365,1.6953646634439106
2007-08-20,0.004559609656776995,0.001645592645779459,0.8119305557556817,1.6981568398283549
2007-08-21,-0.004464464650071423,-0.006044126442457554,0.8083137999377082,1.687923920849341
2007-08-22,-0.0033223706350410647,0.025189303089680593,0.8056327381116,1.730981567487138
2007-08-23,0.0026946576005466346,0.0032027259102171968,0.8078065700435887,1.7365343142199352
2007-08-24,-0.008624527337932831,0.0021719914791358264,0.800869577337274,1.7403101510119268
2007-08-28,0.0021618265459947836,-0.016146817279370396,0.8026027912283276,1.7124353314269747
2007-08-29,-0.0003475777813057978,0.009047552465252906,0.8023238728066137,1.7279989802284017
2007-08-30,-0.0007516104624309687,0.01888063267582396,0.8017210643565011,1.7609346388766018
2007-08-31,0.0034355623408353995,0.018716508773980678,0.8044801638684236,1.7942035552876994
2007-09-03,0.001605451080545845,0.004341021661165456,0.8057727547348507,1.8020091616812546
2007-09-04,0.0021347399058024817,0.013328115435307097,0.8074947072958876,1.8261873144959888
2007-09-05,0.001599027602375258,-0.018421020143597033,0.8087869465093686,1.7928550310811626
2007-09-06,0.0017179285012501825,0.0026599763270134247,0.8101775788176429,1.7976303312987463
2007-09-07,0.004627604126198386,-0.019886085211307858,0.8139354481840847,1.7622355990974505
2007-09-10,0.0014321011041103936,-0.012036861337133331,0.8151019210923124,1.7411509645308685
2007-09-11,-7.875677118283062e-06,0.021409654807001743,0.8150955016380422,1.7788303173605642
2007-09-12,-0.0026739150610627575,0.0006598066060501395,0.8129189167983493,1.780004388642401
2007-09-13,-0.00038671694145363716,-0.004224692976581679,0.8126046080593694,1.772500279044105
2007-09-14,0.0002790251357080878,-0.01974179983905522,0.8128313768060291,1.737851077458829
2007-09-17,0.0030562834630819967,-0.019236254870588,0.8153194200472356,1.7047408109543853
2007-09-18,-0.0016605801663506221,0.0053369102168154825,0.8139666402995344,1.7138631805868383
2007-09-19,0.001604131040176969,0.030404683638248997,0.8152733972774062,1.7667729244550618
2007-09-20,0.00012285727343450494,-0.011061011111120678,0.8153735656971829,1.7473383108902723
2007-09-21,0.00616040994334607,0.0073185201813821266,0.8204121049177592,1.760173150310983
2007-09-24,-0.001209321364162682,-0.0048700501146417,0.8194205626992993,1.7516218583698566
2007-09-25,0.0008281190618637147,-0.017137498927297656,0.8200994215361296,1.7218591978546838
2007-09-26,-0.0025146239689955554,0.003320652413174585,0.8180397705829243,1.727586397512178
2007-09-27,0.009832641493658478,0.013699112180757922,0.8261229366880084,1.7514156444775195
2007-09-28,-0.004561551773598098,-0.0001902087108405226,0.822363115968834,1.7510825416461717
2007-10-01,-0.0003116946026902699,0.003987509960172275,0.8221068297677228,1.758078940556877
2007-10-02,7.063366055778698e-05,0.013436410615334182,0.8221649002333195,1.7818606235365335
2007-10-03,0.00015636783534372405,0.01140257413160306,0.8222934704309244,1.802294700526915
2007-10-04,-9.298271027288264e-06,0.000906246204818828,0.8222858245589191,1.8039287635791168
2007-10-05,0.00045223113280191507,0.0017486474923540385,0.8226577719055922,1.8070859586940975
2007-10-08,4.980589675993137e-05,-0.00543158359367979,0.8226987461340192,1.7972972284674
2007-10-09,-0.0002565040508565942,0.008709620181321043,0.8224877476351429,1.813019372243927
2007-10-10,0.00025025562738147816,0.007349655954213219,0.8226936055799211,1.8263935283883246
2007-10-11,0.00023057829404526543,0.009578701398492484,0.8228833227395066,1.843972061990535
2007-10-12,-0.00035374030630636424,-0.004017435792796675,0.8225922872193981,1.8365788833816534
2007-10-15,0.0006428515050440383,-0.011852609008705883,0.8231212619171482,1.8149391290733399
2007-10-16,7.164532464721607e-05,-0.006463222556845949,0.823180236819795,1.803246599966824
2007-10-17,-0.00034351380670769917,0.015001879590997191,0.8228975116058259,1.830502622943215
2007-10-18,0.0003292350560977557,-0.011015588151952471,0.8231684829184022,1.8104492127698668
2007-10-19,7.96655017712028e-05,-0.009889588071256838,0.8232340636608628,1.792632859239229
2007-10-22,-0.0007043544461848572,-0.010802110002023468,0.8226544192493959,1.7733728535306847
2007-10-23,-1.769062138262949e-06,0.016080500804205755,0.8226529639238972,1.8021200926706709
2007-10-24,0.0005288615317559238,-0.007120891909616844,0.8230881484965481,1.7893329721671902
2007-10-25,-4.567245734853623e-05,0.017751685445887233,0.8230505568966487,1.8213802533107633
2007-10-26,0.00021627077155747775,0.0025314918516858853,0.8232285779252984,1.8259969036216985
2007-10-29,0.00019530397475756126,0.0037463791225160747,0.8233893734401916,1.8328506105753442
2007-10-30,-0.000473543022230531,-0.006399858347723608,0.8229995554528986,1.8211580814688328
2007-10-31,-0.0014258139166662609,0.01615067175502638,0.8218269473924235,1.850809810994587
2007-11-01,0.00785465074292771,-0.012047264490281151,0.828307529069613,1.8286463880490837
2007-11-02,0.005117890397108265,-0.007279374681674611,0.8325575825958252,1.815383317825654
2007-11-05,-0.002768795517057267,-0.011275703910749613,0.8302555892385196,1.7950285657885938
2007-11-06,-0.008151838588044382,0.001810210901957987,0.8235149911494394,1.798280888874946
2007-11-07,0.005823248209752191,-0.017838099907123706,0.8283245132769255,1.766487385609398
2007-11-08,-0.0026644581251948607,-0.009248255752574153,0.8261204149650242,1.7502257701776343
2007-11-09,0.0011325015162863303,-0.015796738319673764,0.8270565275620232,1.7227951393449967
2007-11-12,0.0011033621150639884,0.0032362965774002106,0.8279695740193576,1.7283796470454347
2007-11-13,-0.008150659017607205,0.0023746043040624443,0.8212485041275307,1.7324887416003258
2007-11-14,-0.0018443907452567777,0.013705776459975283,0.8197351969808044,1.7563973135189936
2007-11-15,-0.002122355984768332,-0.015410547891187676,0.817997271979689,1.7295377603776794
2007-11-16,-0.0035043923859204283,-0.012497916512423046,0.8151357055224303,1.7080566559760186
2007-11-19,-0.006767247772988308,-0.034173210238456875,0.8096381030341521,1.6506729537539155
2007-11-20,0.004007167867244787,0.009127365640640761,0.8128889678552197,1.665808216821076
2007-11-21,-0.0014791492980006787,-0.02771410515739703,0.8116874725236132,1.6202756936121374
2007-11-22,2.43890765479096e-05,0.00993782437276991,0.8117072690729223,1.636457984090577
2007-11-23,-0.0005331503838901398,0.02075280858625561,0.8112746223739348,1.670773927912952
2007-11-26,0.0029579206981236303,-0.007462809069734178,0.8136778609136066,1.658351671208461
2007-11-27,-0.0022588495093450937,-0.015561177426313577,0.8118419593699929,1.6327455143023146
2007-11-28,-0.0015599832948446695,0.02873348082545668,0.8105764867899965,1.6803404862977191
2007-11-29,-0.0031947687384435925,0.006887447804006186,0.8079910145618684,1.6919536904509076
2007-11-30,0.014560585757352633,0.007854861818822556,0.8198419056026902,1.705296085627665
2007-12-03,0.002166467553470406,-0.017720823987088963,0.8216199918777989,1.6753430142381993
2007-12-04,-0.004941674067319098,-0.027953330116305963,0.817569829204796,1.6291600883846133
2007-12-05,-0.004837592706535734,0.023349947761234446,0.8136243104628119,1.66764849376561
2007-12-06,-0.0013809887246466388,-0.0014947373895388694,0.8125014799505516,1.6651576592448751
2007-12-07,0.00043383576912233877,0.012977846145078686,0.8128540486279408,1.6869086544057046
2007-12-10,0.004835502742459134,-0.0002446090829781866,0.8167941250572255,1.6864960716894795
2007-12-11,0.0015372280500605762,0.0016543307037313326,0.8180506894629679,1.6892884030054733
2007-12-12,0.005615772425789608,-0.0004603272404288816,0.822657599539742,1.6885109564902623
2007-12-13,-0.012613503609783323,-0.029395215023971133,0.8123461732570223,1.6395992212559627
2007-12-14,0.0022169619907652987,0.007605422624132885,0.8141491116309586,1.6521166059318229
2007-12-17,0.0014553583793548075,-0.02658512302066285,0.8153348529926382,1.6087735753799157
2007-12-18,-0.002715240739995229,0.004604565814561923,0.8131240254059039,1.6161983600248904
2007-12-19,-0.0026235760142195434,0.004378279692625497,0.8109935286983375,1.6232900418385134
2007-12-20,-0.004068014698253792,0.016026228768497575,0.8077010964752092,1.6495148404216706
2007-12-21,-0.002771777693337098,0.012843666416902266,0.8054654284118891,1.6708372949166834
2007-12-24,-0.0020044337301254244,0.005218290438339324,0.8038525433393661,1.6795789977321003
2007-12-27,0.0067569844406174685,0.0020381804059823594,0.809302554551902,1.6830057737431512
2007-12-28,0.00047122496973247413,0.003951347258778881,0.8096840079918094,1.6896690698225072
2007-12-31,-0.0036988303938235148,0.0007039576918845825,0.8066946561346058,1.6908589441223936
2008-01-02,-0.0011840465336926728,-0.0006663640929875925,0.8057400573794611,1.6897325917577883
2008-01-03,0.00021302690225604153,-0.010362670512868988,0.8059117199716341,1.6723128629937807
2008-01-04,0.0004210642468393066,-0.026493708979137054,0.8062511320351508,1.6285888557617378
2008-01-07,0.0002503963721517166,-0.01691727317859737,0.8064530396710704,1.6012693108500686
2008-01-08,-0.0010591706169809645,0.006763888262895534,0.8055993205044155,1.612136829455684
2008-01-09,0.0004778019899355813,-0.019637274225349444,0.8059843294345351,1.5807876698739987
2008-01-10,-0.0005930019504070527,-0.016535028965009246,0.805506520839899,1.5548642131545485
2008-01-11,-0.0009671847481815031,0.0029749997677832596,0.8047278238510099,1.5594968214150786
2008-01-14,-0.00024311270337270334,0.020321503545185138,0.8045322080735781,1.5915123415910089
2008-01-15,-0.0011422082233156655,-0.026853605531366398,0.8036137893821355,1.5493432273893923
2008-01-16,-0.0002849030960590278,-0.014325162350200316,0.8033848699369825,1.52730684831445
2008-01-17,-0.0014182501431081697,0.0037014188556572236,0.8022462768259951,1.532970526036665
2008-01-18,-0.0007324715029519588,0.0018094687382479435,0.8016588694457168,1.5357468994030619
2008-01-21,1.4976466794236118e-05,-0.04430339226621527,0.8016708755530597,1.469193263562823
2008-01-22,0.0003750142796270801,0.0373267241955908,0.801971569957777,1.5250697916717357
2008-01-23,0.00041890551447830226,-0.012467082091454529,0.802307590646433,1.5061746497621813
2008-01-24,0.0004326363835466866,0.03748238352545741,0.8026547731974287,1.5637010439413388
2008-01-25,0.0003475038558589759,-0.012023723135792252,0.8029337472955184,1.5450121159241208
2008-01-28,0.00013561628795973394,-0.010114127190503197,0.8030426455738274,1.5294644250722902
2008-01-29,-0.0002730700397282808,0.027107127917986418,0.8028233886243115,1.5714908473168505
2008-01-30,-5.9533421162120384e-05,0.00031287220983067243,0.8027755952240642,1.5719826000548507
2008-01-31,0.004303216258953226,-0.002698312989304341,0.8062375556576509,1.5677466165609493
2008-02-01,0.002759676976305399,0.03037843112340255,0.8084655837823702,1.6161030771219675
2008-02-04,0.0009632987752755121,0.007384366337387149,0.8092447529151636,1.6280811450741455
2008-02-05,-0.0015483665676773763,-0.03035240604322631,0.8079927149516839,1.5794073846998224
2008-02-06,-0.003841498443631421,-0.005115853732791109,0.8048947663867566,1.571348000428245
2008-02-07,-0.0032670707617111668,-0.014266543588309588,0.8022694091783279,1.549089449511371
2008-02-08,0.002641620574160961,0.004424743369281003,0.8043915022039065,1.5559589594830638
2008-02-11,0.002509583408796268,-0.007378632142698294,0.8064127249247105,1.5445203631861213
2008-02-12,0.002095268358926411,0.03082828687807826,0.8081041473646411,1.5928768237471427
2008-02-13,0.0002570137480497961,-0.004402075990425303,0.8083118679327473,1.5858802699048866
2008-02-14,-0.001426106454406115,0.009270586312029039,0.8071599507342201,1.6006506691730575
2008-02-15,-4.278499033926082e-05,-0.019142911265575435,0.8071254171422906,1.5703009730169664
2008-02-18,0.0022110595313170724,0.018627356432695308,0.8089119938747388,1.5998256586721618
2008-02-19,0.0011142097032120007,0.012280454714593603,0.80981379377116,1.6195933750682974
2008-02-20,-0.003959717675549761,-0.00828207348029153,0.8066135000893362,1.6062351768734937
2008-02-21,0.001529845841918282,0.005643619909227127,0.8078484387905445,1.6153257855383065
2008-02-22,0.0030230791545206126,-0.012919878426600917,0.810294323755043,1.5945902117526656
2008-02-25,-0.004852587314394691,0.022070805985800135,0.8063718246305276,1.6301753548282525
2008-02-26,0.004636192702448421,0.010513629304984562,0.8101189993995987,1.6474048276495192
2008-02-27,0.006447150690049301,0.0035759921548752516,0.8153588315094169,1.6533064802317095
2008-02-28,0.0005135980089283147,-0.018429800304408772,0.8157777057391198,1.6231154339822689
2008-02-29,-0.0010549309240046054,-0.016050575620335295,0.8149175703816847,1.5972714571476927
2008-03-03,-0.0012982671184561556,-0.005378016716921508,0.8138602761694667,1.58870436218852
2008-03-04,0.0018501798249673882,-0.0069545323254320834,0.8153674578814315,1.5776939966942989
2008-03-05,-0.0007530165585050994,0.01987258266167302,0.8147537037968764,1.6093604560892865
2008-03-06,-0.00434419882785436,-0.015227567197769076,0.8112219286329377,1.585039456385946
2008-03-07,0.0031754499055136067,-0.013817610995053187,0.8138020175330699,1.5632886161566657
2008-03-10,0.004082480735281483,-0.018746323117005304,0.8171311395063682,1.5342556832394703
2008-03-11,0.00804649012004047,0.010502280743795112,0.8237327012290833,1.5504537767359527
2008-03-12,-0.004790040045332051,0.021921573283869122,0.8197964235936168,1.584817439475564
2008-03-13,0.0011163322220062424,-0.01898913471233321,0.8207120997610724,1.5550070600431545
2008-03-14,-0.0012391432353901152,-0.009780921598283143,0.8196957497461219,1.5398717969759965
2008-03-17,0.02165364035119596,-0.034100105670024305,0.8376387108356314,1.4882472103105808
2008-03-18,0.0027635474487752226,0.02326492834799687,0.8399567667113704,1.5232770787128866
2008-03-19,-0.003818299996727537,-0.005252514769988892,0.836755675045104,1.515297019394633
2008-03-20,0.004929372426850571,-0.010821365153647733,0.8408905381651576,1.498987839977186
2008-03-25,-0.0018132738606009028,0.0359857171747624,0.8393671549056004,1.553912313714641
2008-03-26,0.00039519968862426595,-0.003938483154566796,0.8396989380998499,1.5478042923085649
2008-03-27,-0.008462689982832354,0.022890780682827128,0.8326228100776059,1.5836433681937223
2008-03-28,-0.003601118343220351,-0.0020759054869525784,0.8296298290770701,1.5803592841397311
2008-03-31,-0.004342238078918851,0.005196676504981568,0.826035188881699,1.5885932762675548
2008-04-01,0.0005060432426014417,0.031748073528763854,0.8264533041904744,1.6398371961159408
2008-04-02,0.0006875413036399464,0.003457552082208437,0.8270217203550388,1.645516831787748
2008-04-03,0.00042731393503860754,-0.018959924311719334,0.8273751937774071,1.6146118609583742
2008-04-04,0.0005609511264468178,-0.0011896970825233666,0.8278394410221845,1.612692104128966
2008-04-07,-0.00035729150004621004,0.007780729922941987,0.827543713860051,1.6252889686897023
2008-04-08,-0.00020283963865901916,-0.013344517678193668,0.8273758722152018,1.6037443423527584
2008-04-09,0.00047232885001718966,-0.003657038403435564,0.8277667580155105,1.5978900988247033
2008-04-10,-0.00020816792741410112,-0.005855171397822545,0.8275944614590428,1.5885615152999149
2008-04-11,0.0008045471473596966,-0.008182754365627432,0.828260568143366,1.5756157448897845
2008-04-14,0.00010422332553564942,-0.008686996356949805,0.8283468967128351,1.5619876559358157
2008-04-15,-0.00034857693375590844,0.005944431316493137,0.8280582044101548,1.5713004364425573
2008-04-16,0.0008003916229505378,0.018704846962402044,0.8287212405691773,1.6009679689863587
2008-04-17,0.00042937281079461783,-0.0001783697848427579,0.8290771473404831,1.6006824301406988
2008-04-18,0.00011461464717028646,0.014923591077028675,0.8291721771710037,1.6247494970344674
2008-04-21,-0.00024411191657425032,-0.010138004741328643,0.8289697910650995,1.6083609926636928
2008-04-22,-0.0005035675194247184,-0.00675004763018805,0.8285524538912766,1.5975410380437607
2008-04-23,-0.00015358738489297923,0.0017959340762896403,0.8284252084585335,1.600412694313081
2008-04-24,0.00036925553642251917,-0.011295029525305367,0.8287311655379651,1.5824376908757933
2008-04-25,-9.721525882519836e-05,0.0044614405234888466,0.8286506041391729,1.5895134147398229
2008-04-28,0.0006394669704714548,0.009783307490756954,0.8291806682917773,1.6051404305449795
2008-04-29,-0.0004767925646347244,-0.01094173940522225,0.828785415348717,1.5876731377952886
2008-04-30,-0.00020540917859649278,0.011416033106128154,0.828615192700563,1.605901919110596
2008-05-01,-0.00037915101290374284,-0.0048823145082455,0.8283010819624084,1.5980805096989943
2008-05-02,0.0034022510960876693,0.021391696267935245,0.8311239695896843,1.6326344283813476
2008-05-06,0.003949818938794325,0.0037051997960180216,0.8344132505409965,1.63869488580174
2008-05-07,-0.000753363020431598,0.011512487734110621,0.8337848711828864,1.6576693526646216
2008-05-08,1.140415414327238e-05,0.009638923124420273,0.8337943798482987,1.6737247542040479
2008-05-09,-0.011323421405743482,-0.010720974279221807,0.8244062280312465,1.6558766397057696
2008-05-12,-8.185244242240501e-05,0.008946837431432542,0.8243387511295462,1.670757969963356
2008-05-13,-0.004038407786833899,-0.015213275724352826,0.8210164480205814,1.6455326348057933
2008-05-14,0.005507524571826863,-0.009376533282482669,0.8255506910480112,1.6301753548282525
2008-05-15,0.0001575337170993228,0.006170580196151576,0.8256807533613567,1.6402655818502079
2008-05-16,-0.002641890022208601,0.01109984012133225,0.8235022745353314,1.6585736881188422
2008-05-19,-0.0013208269324602978,0.009804186921646973,0.8224152885703798,1.6749146285039334
2008-05-20,0.0033735211640303834,-0.029510590873062625,0.8251944090271519,1.6262091071619682
2008-05-21,0.0022905586523797716,-0.008277828197195802,0.8270867316312371,1.6128031900499307
2008-05-22,-0.0014743475322734818,0.0020734932755797075,0.8258682168273515,1.6161507960392025
2008-05-23,-0.002408431178223194,-0.010787519178608207,0.8238815633841925,1.5988102372969724
2008-05-27,-0.0017304828969360907,-0.0043158227357320555,0.8224570833043383,1.591924924307234
2008-05-28,0.005049988415763388,0.0022994420081268174,0.8266209870311617,1.5955896751782608
2008-05-29,0.004055894257334013,0.004058489917424524,0.8299804826195001,1.6020785183329183
2008-05-30,0.006770857141154844,-0.0048542485815037395,0.8356192299313997,1.5943204759250482
2008-06-02,-0.0031232894299389356,-0.012113715562620087,0.8330134206896236,1.5751238372202352
2008-06-03,-0.004998334583518183,0.005885027967741152,0.8288601293173302,1.5844208147089345
2008-06-04,-0.004837766091552183,-0.0010018133266243012,0.8248599815802331,1.58283431564242
2008-06-05,0.0013783788702573401,0.0033321326778015248,0.8259977350973304,1.5881173265476025
2008-06-06,0.0018720547020764048,-0.017728337588414078,0.827545496336054,1.56021074599501
2008-06-09,0.0013712286278993444,-0.009501696146429595,0.828681028770885,1.5454563046764356
2008-06-10,-0.0038243658808609967,-0.011854846736763847,0.8255179016513177,1.5272433263791698
2008-06-11,0.0009480696222810158,-0.02135563214139502,0.8263009212164036,1.4949738733936682
2008-06-12,-0.001078102130976886,0.013816788785746326,0.8254105644664056,1.5157729691145871
2008-06-13,0.0004909185805483949,0.010215339854452665,0.8258158733277685,1.5313364629844646
2008-06-16,0.003767664082329694,-0.001742014030218897,0.8289331388494534,1.5286711755390319
2008-06-17,0.0013114970348355882,0.009132618082984933,0.8300209954075282,1.542695889259631
2008-06-18,-0.0006190229824545568,-0.019638569744559575,0.8295073523302878,1.5126950989529317
2008-06-19,0.0009266956245081895,-0.009293395938618332,0.8302764094500871,1.4987021461999732
2008-06-20,-0.004060443167610757,-0.009092083832255682,0.8269119544877246,1.4851375791812824
2008-06-23,-0.0018089063388071237,-0.004335800825495895,0.8254175002829639,1.478712257961905
2008-06-24,0.0018339189822333553,-0.013860806555701544,0.8269326380002606,1.4583575059248464
2008-06-25,0.0005939973971669946,0.013925240885432899,0.8274239797482782,1.4788075408648245
2008-06-26,0.006583006124167483,-0.023215128437014343,0.8328888848906884,1.4448722638594822
2008-06-27,-0.0048316322338162075,-0.0002745427566637204,0.8288743782269378,1.444475639092855
2008-06-30,-0.0036952656141480897,0.00449301062433527,0.8258171194092205,1.4509802852655578
2008-07-01,-0.0009840456306113438,-0.02490912938332457,0.825004877388332,1.4152840562690052
2008-07-02,-2.841925201777591e-05,-0.029878735440775017,0.8249814316999616,1.3736226527549829
2008-07-03,-0.00021368592523981507,-0.00020789445128066575,0.8248051636130985,1.373337113909321
2008-07-04,0.0004150439904515801,-0.016352229851667843,0.825147565090472,1.351062605042853
2008-07-07,0.0001306155046595326,0.012486304938953197,0.8252553491950894,1.3680381450545454
2008-07-08,0.0003753652180952411,-0.016710855846802986,0.8255651794953455,1.345367011421448
2008-07-09,0.0007186212767480286,0.020368730241754562,0.826158661417501,1.3730514201321087
2008-07-10,0.0008930724693956924,-0.01568627683345447,0.8268968105346323,1.351681401651412
2008-07-11,0.00020342663899896766,-0.021449399495779176,0.8270650404842448,1.3229973745836083
2008-07-14,-8.959187675236307e-05,0.0127022091980038,0.8269909454942757,1.3399095475915712
2008-07-15,-0.00023344192152664503,-0.01989905906379974,0.8267979136706108,1.3135101411521695
2008-07-16,0.0005555732790230954,0.016198008000881003,0.8272573881226438,1.3349596395177392
2008-07-17,-0.00037502233433120435,0.03562844788734587,0.8269472062920498,1.38337962201404
2008-07-18,0.00034132288708094583,0.027709808756641863,0.8272295104756636,1.4222488491436212
2008-07-21,-0.00033755568967610563,0.008972731664201206,0.8269503215712871,1.4350677306147392
2008-07-22,0.0005788619407982492,-0.006978067264324039,0.8274291502138438,1.4250885895137486
2008-07-23,0.00010669026149234915,0.02280482287710761,0.8275174335556492,1.4579608811582172
2008-07-24,-0.0009401489437891582,-0.020069872901137487,0.8267398095130131,1.4289914701763022
2008-07-25,-0.0007095483260233722,-0.015608795483155191,0.8261534057306298,1.40685980819844
2008-07-28,-0.000583261188272865,-0.017174735373679084,0.8256716830122468,1.382903672294087
2008-07-29,-3.3653663409275564e-05,0.0016850199502549401,0.8256438966029,1.385235856908172
2008-07-30,0.0009223702234591316,0.01758497465283959,0.8264057972715356,1.409810634489534
2008-07-31,0.0033392706102554,-0.0033364861448355043,0.829170002508589,1.4051146592252743
2008-08-01,0.004530571079681149,-0.0018986482350289435,0.8329351388106273,1.4024493717798419
2008-08-04,-0.0018897150677975904,-0.00595668683318884,0.8313626150072415,1.3941202516806477
2008-08-05,-0.0010831411506690499,0.032281611958737244,0.8304626194469019,1.4398589887819202
2008-08-06,-0.0006158383101455497,0.006129440967189481,0.8299513461976883,1.4487116225867538
2008-08-07,0.0009024094715170491,-0.004698069499925239,0.8307006401875435,1.4419214375683866
2008-08-08,0.0009900096519290234,0.012378121771883244,0.8315234490663544,1.4598806379876277
2008-08-11,-0.0030757698208149758,0.01960669918270419,0.8289698035625033,1.4887865270342655
2008-08-12,-0.002804257819324997,-0.009948989447737588,0.8266484149162667,1.4740480436652843
2008-08-13,-0.002923824695635331,-0.019749911633279993,0.8242349698306264,1.445221324640426
2008-08-14,0.001270638225231695,0.0027297239684198615,0.825282939944311,1.4491717692886636
2008-08-15,-0.002108164301690656,0.006601476012109586,0.8235449405493572,1.4587700886410702
2008-08-18,-0.0017727212334817009,-0.007740720581990601,0.8220863181939111,1.4475217482868703
2008-08-19,-0.0048698085133344685,-0.028504163735297183,0.8180926473415333,1.4068438502488438
2008-08-20,-0.0003257078970502901,0.003343697286622316,0.8178262314950032,1.4115557834627004
2008-08-21,0.0023861971755619825,0.00468703130486503,0.8197800563172538,1.4181873185744165
2008-08-22,-0.005842059803923479,0.026886431026625246,0.8150048144080325,1.4568345287936137
2008-08-26,-0.00199470856560976,-0.005361421692889223,0.8133807376421358,1.4490447254181038
2008-08-27,0.0024461775278180383,0.00038312710432109043,0.8153728468571508,1.4496000000913816
2008-08-28,0.0013949546063037948,0.014623765384197185,0.8165110486510782,1.470954370485584
2008-08-29,0.0030833447694724684,0.01180485034389811,0.8190325190057299,1.488421663235277
2008-09-01,-0.0016951901900979062,0.002948195778285978,0.8176452792639468,1.4928162966358287
2008-09-02,0.00401334264415712,0.014150914615610688,0.8209333636221889,1.514091187145155
2008-09-03,-0.0030651921617878587,-0.018389632331263783,0.8184208976732662,1.4865020613374156
2008-09-04,0.0019800432300393473,-0.023727220219686984,0.8200430118291354,1.4516466458598056
2008-09-05,0.001352791775036024,-0.02022503335156678,0.8211531099672349,1.4225819519749676
2008-09-08,0.0030138119457902195,0.0332545336418999,0.8236316440611506,1.4706846346579658
2008-09-09,0.0021922255786230105,-0.014319928675730509,0.8254392109919468,1.4497746079476286
2008-09-10,-0.0015787025336823624,-0.018889953396517,0.824137116098841,1.422645473910249
2008-09-11,-0.0013327151093968656,-0.010346385798571944,0.823039507674125,1.4080021185126381
2008-09-12,0.004744123983913339,0.011405241530134447,0.8269533857629378,1.4241526480234372
2008-09-15,0.005888473890352357,-0.03034423129100894,0.8318372443083538,1.3815869090551909
2008-09-16,0.000680681157902813,-0.034973715598217936,0.832403652996988,1.334102868049203
2008-09-17,-0.0006917831053438036,-0.011878888662682385,0.8318280093462512,1.3183489633050354
2008-09-18,0.016408616118130662,0.003243908583156596,0.845589752639996,1.3226325107846206
2008-09-19,-0.006048960052969027,0.07462110074880357,0.8404902528893977,1.4251045474633448
2008-09-22,0.008705412144866271,-0.02590402826682947,0.8478390075034772,1.3886626329192195
2008-09-23,0.004416108374414866,-0.03468587300598358,0.8515914359116039,1.3413214388018389
2008-09-24,-0.0102111017849472,-0.005598308862856172,0.8429399946253345,1.3338332871531349
2008-09-25,-0.003637830841714316,0.003241855546157524,0.8398790924130244,1.3381643986184075
2008-09-26,-0.0015259874449880736,-0.019187714137300915,0.8385984248525209,1.312732849568507
2008-09-29,0.0052761211404449395,-0.05995340807140792,0.8430346645080142,1.2363428420501086
2008-09-30,-0.0035314267061130637,0.012154946489651763,0.8400627999290654,1.2514622246334475
2008-10-01,0.0009222536828698609,0.0033158759792559778,0.8408379083084816,1.2556188057082485
2008-10-02,-0.0009053500163229843,0.0064358433429951845,0.8400770001905318,1.263725831431286
2008-10-03,0.001471248529491095,0.0037591673865478015,0.8413138718914488,1.268485328630827
2008-10-06,-0.0004002120482586002,-0.06734154648085955,0.8409772353110516,1.185876291251161
2008-10-07,0.0011283993210717575,-0.005849957562558572,0.8419267290557139,1.178959217293784
2008-10-08,-0.0008540254184626729,-0.03148137472545365,0.8412080091748244,1.1424220973125139
2008-10-09,0.0048715171098970425,-0.002990204142038877,0.8453159662520395,1.1390111243195093
2008-10-10,-0.0016572736091273205,-0.05748949627154332,0.8439162066225191,1.0753766312685007
2008-10-13,-0.00030433192779838003,0.03651728508267915,0.8436594150533759,1.1153722882284585
2008-10-14,-0.0002815238036585931,0.009076246647646613,0.8434219382751091,1.125541762737966
2008-10-15,0.002309129977056754,-0.05615315460291548,0.8453717594850066,1.0640808043943892
2008-10-16,-0.0022579943410949155,-0.05586210526785074,0.8434650682950381,1.0062687939037949
2008-10-17,-0.001976798255164458,-0.004947069576312302,0.8417993549517856,1.0013030053461425
2008-10-20,-0.0012268389425565494,0.01386235579555617,0.8407672359726467,1.0152800776152806
2008-10-21,0.0002317357778481681,0.0067899435992302415,0.8409620943990265,1.0221972290384342
2008-10-22,-0.000621143386657931,-0.03321620903166789,0.8404398985516985,0.9888014236883269
2008-10-23,0.0023395275455629166,-0.01681090933318785,0.8424084326667642,0.9723177138804064
2008-10-24,0.002091430814685988,-0.056228810662959816,0.8441721152886118,0.9191541146683863
2008-10-27,-0.0025504431007456994,-0.01827209151870335,0.8420218455771894,0.902511754953814
2008-10-28,-0.0035700101366163244,0.0018615406455815275,0.8390211784462145,0.9041933819917
2008-10-29,-0.0006787302308205875,0.04959784071493267,0.8384519026223143,0.9501701714187242
2008-10-30,-0.0014200248500677599,0.03843945457521336,0.8372621250417984,0.9874052580303294
2008-10-31,0.00985199242341625,0.009403301781109263,0.8455515919878214,0.9967339190208938
2008-11-03,0.0032732768817434216,0.025319016523544846,0.8483238511769094,1.022292434475579
2008-11-04,0.004234065659649439,0.050682432360657614,0.8519233248900543,1.0754401532037812
2008-11-05,0.01128840289700326,-0.003132372798994254,0.8615946628990144,1.0720767441964623
2008-11-06,0.0012377797254658237,-0.03562526075740102,0.8626617876007356,1.0345560412734185
2008-11-07,-0.008347524074016049,0.00985772363522841,0.8554906697414236,1.0448048407362502
2008-11-10,-0.001925436026566711,0.010723396311226097,0.8538450619501725,1.0560689841084958
2008-11-11,0.006718650789127015,-0.03860799006846527,0.8596010633789359,1.0160733271485376
2008-11-12,0.006054925428065941,-0.02422739172638444,0.864821672966577,0.9917523274451959
2008-11-13,-0.004131449903011938,-0.015200088302904646,0.861256076163686,0.9767915947685093
2008-11-14,-0.0077126761662708815,-0.004737625302977833,0.854639037292386,0.9721748669918012
2008-11-17,-4.217461079128416e-05,-0.02491699311467066,0.8546029939836827,0.9482504920550868
2008-11-18,-0.003417929519470511,-0.008569320690742899,0.8516870073403027,0.940159346815869
2008-11-19,-0.0064599388727255985,-0.03772603230425453,0.8462028939242705,0.9053515727897196
2008-11-20,-0.005206464741644118,-0.022667607496767772,0.8418086176414425,0.8850602652221669
2008-11-21,-0.0076362091887798335,-0.015754367104086953,0.8354048722277385,0.8712259623758603
2008-11-24,0.012902433246888225,0.052861779191045954,0.8462534639418013,0.9185195150417802
2008-11-25,-0.007580044133268461,0.007468226334189865,0.8398630756475598,0.9254049054972934
2008-11-26,0.00240309756889633,-0.0003429355314814586,0.8418837755599365,0.9250876056839908
2008-11-27,0.015126650516662708,0.03465244348126362,0.8547154627591778,0.9577060419846622
2008-11-28,0.013372207560451495,0.00934881910848162,0.8662216554738869,0.9667014452123298
2008-12-01,0.00906863063803294,-0.04410418293581131,0.8741128266958083,0.9249924002468447
2008-12-02,0.015661019270953997,0.005132252087316047,0.8879100820603516,0.9297518974463852
2008-12-03,-0.0029486742283665384,-0.001964251302696951,0.8852957807399469,0.927927423519896
2008-12-04,0.006063276741574551,-0.008085412109728907,0.8906798802044772,0.9204549974234618
2008-12-05,-0.013516773204642896,-0.020249106486202706,0.87872176191718,0.9020040442662202
2008-12-08,-0.0009964966105844792,0.04527041163009571,0.877846554802668,0.9437765337012101
2008-12-09,0.01225040275799888,0.033522740745830504,0.8886666687190664,0.9759507812495672
2008-12-10,0.006813490962244904,0.01817057156249291,0.8947422655425876,0.9938464597335293
2008-12-11,0.00739145172407209,0.008899683823187843,0.9013802116116001,1.002730854506005
2008-12-12,-0.0032693959943975275,-0.023597538432488463,0.8984380549166979,0.9793458737587508
2008-12-15,-0.0018003719851543156,0.005154343340922907,0.8968219874100805,0.9844067902877746
2008-12-16,0.0032502428173840294,0.007418177131695458,0.8997416188183718,0.9917364469613754
2008-12-17,-0.001434323298164549,0.009013676393928804,0.8984520235215506,1.0007160471709964
2008-12-18,0.0015624955980109653,0.013213503283633798,0.899856948161779,1.0140267588458907
2008-12-19,0.004576787356556774,-0.016802875209599222,0.9039848411033752,0.9971305437875226
2008-12-22,0.004072545343884839,-0.008564694068045497,0.907673867123091,0.988626893297855
2008-12-23,0.0032718061541434735,0.009041899554368626,0.9106484635654557,0.997606493507475
2008-12-24,0.00921348337700725,0.004395425517792262,0.9190774787153345,1.0020010494422538
2008-12-29,-0.0056516320257084425,0.005494912650876316,0.9138978414911965,1.007522112673184
2008-12-30,0.0013656312733232243,0.01571687828284496,0.9151467415385458,1.0234823087754643
2008-12-31,-0.00250600938861995,-0.014096328868284047,0.9128562464121391,1.009156175725383
2009-01-02,-0.000351339177602506,0.041012560268580245,0.9125355805837881,1.051404692346102
2009-01-05,-0.0005983465558671524,0.017648748079194476,0.9119897313818199,1.07012538133096
2009-01-06,-0.0004821135970156924,0.019642122774209625,0.9115501547034432,1.0913527078546006
2009-01-07,-0.0006099040297529532,-0.017110252552544836,0.9109943660968518,1.072838232762079
2009-01-08,-0.00026070732962210137,-0.010405457408893426,0.9107568941450501,1.0617327392964848
2009-01-09,-5.1831872848715396e-05,-0.00575444832987948,0.9107096891328894,1.0556405983742285
2009-01-12,-0.0021532429617622385,0.004812653745347006,0.9087508196223993,1.0607332758708905
2009-01-13,0.0004072685413404562,-0.02096306690564198,0.9091210006195696,1.0387285028320399
2009-01-14,-0.00038484124118518226,-0.02845845079724718,0.9087712006783426,1.0095845614596524
2009-01-15,0.0005810638365969257,-0.025238851638446747,0.9092994082050817,0.9844226707715942
2009-01-16,0.0014619637288716437,0.007162058669651472,0.9106297431723488,0.9914984721013984
2009-01-19,0.000716876234373332,-0.005471305076589772,0.9112827860410316,0.9860884947914325
2009-01-20,0.0009660223392417135,-0.01187945312246974,0.9121635309108309,0.9744436071363798
2009-01-21,-6.413511124070387e-05,0.002828886292729038,0.9121050310772729,0.9772041000189577
2009-01-22,-0.0008097296438555546,0.0012331216327439165,0.911366771530957,0.9784098548026628
2009-01-23,-6.507644046789947e-05,-0.012892664832053313,0.9113074649552564,0.9658765121772075
2009-01-26,-0.00030540649283336156,0.02723694103991292,0.9110291882344131,0.9925455769784524
2009-01-27,-0.00024244488809812935,0.00038353027087723035,0.9108083406375848,0.9929263212612607
2009-01-28,-0.0006418614498716715,0.02605327897361498,0.9102239154555698,1.0191352393605981
2009-01-29,-0.00170539091638459,-0.023818855198308952,0.9086729507347459,0.9951474199543804
2009-01-30,0.004200918778866065,-0.0034815329956696672,0.9124982412390563,0.9916888055099163
2009-02-02,0.004056412509290612,-0.03225455285085843,0.9162072280239328,0.9602126795234439
2009-02-03,-0.001681017287532575,0.012870343824877395,0.9146683616275499,0.972650816711755
2009-02-04,0.0010430082876608888,0.03067873155453782,0.9156228660006435,1.0029529488821611
2009-02-05,-0.0019395931112850713,0.010918127905727104,0.9138486513806604,1.0139633143763849
2009-02-06,-0.004207686906923634,0.026327670745088128,0.9100115407167034,1.0410131234604385
2009-02-09,-0.005034442138256495,0.014824722329835893,0.905441653338821,1.0565608143122711
2009-02-10,-0.004313657942259101,-0.02493401822531638,0.901544299728201,1.0305422296214493
2009-02-11,-0.0042665633206345165,9.230439892782272e-05,0.8977059978885371,1.0306373575928218
2009-02-12,-0.002773244970160515,0.0008616728668524587,0.8952198881342611,1.031525812563223
2009-02-13,-0.005747853038236203,0.00376104775721231,0.8900890555421609,1.035412735276182
2009-02-16,-0.005112750158778875,-0.009932097533061679,0.8855498663402107,1.0251798162971695
2009-02-17,-0.004422043692297472,-0.030833031963064528,0.8816425716206183,0.9940527510916415
2009-02-18,0.005481962285929368,-0.0031811385376769863,0.8864889747104262,0.990895555976659
2009-02-19,-0.005142918211855106,-0.004476993124102435,0.8819415379885017,0.9864692390742422
2009-02-20,-0.005331100058578881,-0.03420718457473271,0.8772523298284645,0.9532955281002906
2009-02-23,-0.005251957262078427,-0.01500686321974598,0.8726571155810645,0.9390963614549943
2009-02-24,0.00827306982985563,-0.002283279855728182,0.8799066152959815,0.9369545877152019
2009-02-25,-0.0019511934226277717,0.02283333055356529,0.8781914211775981,0.9585944969550654
2009-02-26,0.001944154267144612,0.013414570611583798,0.8799004215183053,0.9715402673651953
2009-02-27,0.004382133651651997,-0.012273270184742557,0.8837647235255985,0.9596891658178047
2009-03-02,-0.0020796227987707437,-0.03167459260908956,0.881928736000258,0.9297677779302053
2009-03-03,-0.0008358437048225252,-0.0016735785933779113,0.8811918894053629,0.9282130398313333
2009-03-04,-0.002196103043338811,0.03901884265764721,0.8792588245969384,0.9651467071134556
2009-03-05,-0.00445419729916857,-0.024645782109333325,0.875351141571397,0.9416506404452365
2009-03-06,-0.004616802061070772,-0.017642984141456708,0.8713191332707515,0.9251828111211365
2009-03-09,-0.003964228541157362,-0.010654037971198349,0.8678718624933037,0.9153782004106195
2009-03-10,0.003649574117719729,0.03156020019821604,0.871045011980242,0.9447284331411179
2009-03-11,-0.012291238166044539,0.012002045440349107,0.8604043178984094,0.9561354234019686
2009-03-12,-0.004085792437152121,0.005807123797445968,0.8568960563382096,0.9617039731528121
2009-03-13,0.006707431575825501,0.016475785909419116,0.8626629468947556,0.9776800497389119
2009-03-16,0.004800452370146694,0.017341629872518638,0.8668140749574228,0.9947824786896177
2009-03-17,0.0014077442675805114,-0.009373491665517264,0.8680351868074447,0.9855014591505129
2009-03-18,0.00010466701208852107,-0.003240960530263237,0.8681260462117438,0.982312657999441
2009-03-19,-0.0005774662484953918,0.011226042058998686,0.8676248774385694,0.9934022709812155
2009-03-20,-0.0006206007429662721,0.0017232818509942405,0.867086595841271,0.99511565898674
2009-03-23,3.51880077125756e-05,0.01876303378975308,0.8671171074279108,1.0139633143763849
2009-03-24,-0.00581122909646493,0.0019382727267203137,0.8620927043814315,1.015930557725706
2009-03-25,0.001155612870998634,-0.005088193009783026,0.8630895256654286,1.010774435759537
2009-03-26,-0.005621123620815582,0.0017250576419058916,0.8582516027658353,1.012519584732702
2009-03-27,-0.011375979993817252,-0.004806206622756548,0.8485434741378486,1.007664882096017
2009-03-30,0.002309492394179675,-0.020230050631788288,0.8505054435421538,0.9874845829836554
2009-03-31,-0.0028170450956679517,0.02375055696572481,0.8481129028832647,1.011218624511851
2009-04-01,-0.0008039022487162492,0.025878547163760146,0.847431376990274,1.0377290394064462
2009-04-02,2.9968014931932137e-05,0.04119741612910843,0.8474567732069687,1.0813736442193853
2009-04-03,0.0009092954805961805,0.01602387535071159,0.848227712273432,1.098841014434853
2009-04-06,0.0011156819467435784,-0.005893599273852246,0.8491745927292393,1.0923839322478344
2009-04-07,0.0014877494429856477,-0.02432959664998613,0.8504388920036406,1.066127372697036
2009-04-08,-0.0009733542235925112,-0.00023813812290640612,0.8496115164462708,1.0658735173532399
2009-04-09,-0.00048316534484793306,0.03804128082674829,0.8492011127593437,1.1072018180359156
2009-04-14,0.00012912057228868057,0.02452873175517034,0.8493107691723084,1.1346958933380584
2009-04-15,-0.00015138438826699577,-0.006002190661673623,0.849182206512504,1.1279056308539148
2009-04-16,0.0003755476464431771,0.016101686588434916,0.8495011747817037,1.1462138145883254
2009-04-17,0.00010650484368048192,0.011409088576142423,0.8495916555897669,1.159365953822341
2009-04-20,-0.0005969571467919737,-0.04063556361877474,0.8490846371283115,1.1131988309868002
2009-04-21,0.0006805088056776216,-0.004198862299364947,0.849662643347498,1.1085344617586306
2009-04-22,0.00021509180941664655,0.02441579339371991,0.8498454184788615,1.1359333316236278
2009-04-23,-0.0008779533123203694,0.0029982939171873113,0.8490996213141985,1.139344304616633
2009-04-24,0.00029304409129703347,0.025882267399488512,0.8493484814028555,1.1692180510527705
2009-04-27,-0.00040027125709156137,-0.012273429853218332,0.8490085796494848,1.1549554399379702
2009-04-28,0.00027562274144847667,-0.017277720040896227,0.8492426179733816,1.135171843058012
2009-04-29,-0.0004836726745110909,0.027948764287467398,0.8488319618446174,1.1673460131405944
2009-04-30,0.011277859212844037,0.022974074185402316,0.8584591542257205,1.194475147177974
2009-05-01,-0.00027780481685474225,0.005602526556138798,0.8582207032605504,1.2011860072430172
2009-05-05,0.004969112659204583,0.03446580542910738,0.8624959118210239,1.2433075574589494
2009-05-06,0.0029437274840866264,0.004379990529749023,0.8650386054039066,1.2487651762203755
2009-05-07,6.791191491667056e-05,-0.011101693736417673,0.8650973538269129,1.2349784373597537
2009-05-08,0.005299425351021394,0.002809455120752702,0.869694041819582,1.2384529322880378
2009-05-11,0.008475445756572508,-0.02540259468915096,0.8770964113753988,1.2073892340862402
2009-05-12,-0.0007432337897109991,0.0017723169041978792,0.8764447658781039,1.2095310078260313
2009-05-13,-0.0009793265382303214,-0.033707495286142475,0.8755868604129478,1.1694402228947032
2009-05-14,-0.004186617767802187,0.007783770296041936,0.8719287757501816,1.1785783955451996
2009-05-15,0.004778967663039186,0.005918818291547723,0.8761056678405771,1.1855748719216785
2009-05-18,0.0036583632655384293,0.01378143281888633,0.8793166505218648,1.2020268982277325
2009-05-19,0.004075968207002269,0.015934936789982146,0.8829080314383763,1.2213345453877371
2009-05-20,-0.0007614767820491373,0.00462669329242793,0.8822359733825282,1.2269983780415004
2009-05-21,-0.005183825901238783,-0.029071217559801354,0.8776744489816609,1.1918415432344072
2009-05-22,-0.005928616564448876,0.003866125600865189,0.8724864477361555,1.1964582710111156
2009-05-26,-0.0058177437178985,-0.0015260594143668982,0.8674252817442846,1.1946337970846261
2009-05-27,-0.004151622780179573,0.007686201747000965,0.8638315243089325,1.2038513721542248
2009-05-28,-0.001062644606090244,-0.009241220961401453,0.8629140659514762,1.192777562190495
2009-05-29,0.00879304847541887,0.007117210749674641,0.8705351684214551,1.2012970931639826
2009-06-01,0.004188472036526621,0.024344684787486415,0.8741890273324119,1.2309011812382782
2009-06-02,0.00588771299037252,0.001738492563809757,0.8793511831583959,1.233042954978072
2009-06-03,-0.003886483885934665,-0.010853699396404792,0.8759402315526641,1.2197322433031796
2009-06-04,-0.010273250738015906,-0.003661660055703564,0.8669875432666951,1.2152741654331203
2009-06-05,0.0032738001060040292,0.011319319110937087,0.8698305383373148,1.2291083908136526
2009-06-08,0.0020278860572678784,-0.007696718760476173,0.8715962452793431,1.2196846018517178
2009-06-09,0.003683611724623367,0.0004941992017961638,0.874812788037797,1.2202875179764587
2009-06-10,-0.002483044311538148,0.0049670118008098285,0.8726432837231474,1.2263637784148955
2009-06-11,0.003930054201618549,0.003151549003273857,0.8760795670939321,1.2302348206440334
2009-06-12,0.005446059003091844,-0.008157602735408886,0.8808637637917204,1.2202398765249982
2009-06-15,0.00518985516462515,-0.0260668307642824,0.8854472025494687,1.188843075491852
2009-06-16,0.004622719489066601,-0.0013220054244200696,0.8895498519820045,1.1872724569091577
2009-06-17,-0.006162060010871566,-0.023593812150709326,0.884085246316812,1.159588048198499
2009-06-18,0.001324743577718536,-0.009264148092555047,0.8852572086724336,1.148895059983354
2009-06-19,0.003307490901395123,0.012705935119528888,0.8881900363122416,1.1635859793666476
2009-06-22,-0.0022537334689405183,-0.02198708808404959,0.8861905467052855,1.1382813192557586
2009-06-23,-0.0034866004194739307,0.0025334714145106574,0.8831061345543658,1.1411687785431228
2009-06-24,0.0001529471899174965,0.0176249270104627,0.883241213485753,1.1614600861106747
2009-06-25,-0.002127668747844917,0.0030550483781439652,0.8813639665470199,1.1650138285265104
2009-06-26,0.0016775357816346038,0.005838600273387229,0.8828437269660521,1.1718357745125187
2009-06-29,-0.0028571279443337034,0.012231509929900852,0.8803249294600775,1.1862571129997448
2009-06-30,-0.003791027020414572,-0.008407373878156932,0.8769939118440598,1.1763256133502162
2009-07-01,-0.00019147614560571287,0.012344938510322478,0.8768260045057382,1.1909372852459592
2009-07-02,-0.00080625921204943,-0.017835681297325934,0.8761193403777533,1.1698844116470173
2009-07-03,-0.00013577228577326943,0.0004067520902122368,0.8760003957271763,1.170360361366971
2009-07-06,-0.0011756353745898342,-0.007702093953463773,0.874971143804835,1.1613807611573501
2009-07-07,-0.0001283565666691656,-0.00025956900683787865,0.8748588427203267,1.1610793418278662
2009-07-08,0.0005796654411850979,-0.01676893329780249,0.8753661151673161,1.1417716172020884
2009-07-09,-3.2366444922579934e-05,0.005155677885843701,0.8753377831366684,1.1476734247158271
2009-07-10,0.001315503100978244,-0.006880138385554346,0.8764900504442251,1.139804373852767
2009-07-13,0.00044105514906157687,0.013053991479536009,0.8768767161582587,1.1547809095474983
2009-07-14,-0.00034042538531224304,0.01801290288699775,0.876578255868901,1.175770338676936
2009-07-15,0.0003822487858147794,0.02151793690967807,0.8769133908912755,1.201344657149667
2009-07-16,0.00019688269959295827,-0.002406351270744622,0.877086056963907,1.1984572753280789
2009-07-17,9.29138100764387e-05,0.0035150942900230575,0.8771675541572731,1.202677378338159
2009-07-20,0.00015603561348955138,-1.3204362991459107e-05,0.8773044342135232,1.20266149785434
2009-07-21,-0.0009985570615299519,0.021145196042708037,0.8764288329173129,1.2283627827318564
2009-07-22,-0.0004887450384304796,0.0066294886265065855,0.8760005873336639,1.2365332529244022
2009-07-23,-0.0004983165099289136,0.011874167295854221,0.8755641705241697,1.2513035747267969
2009-07-24,-0.0023376345769694977,0.006470514274221628,0.873519811857506,1.2594264034678808
2009-07-27,0.0002564983658795395,-0.007777318261863897,0.8737438969993186,1.2496694342088224
2009-07-28,1.9526355458241958e-05,-0.018670297913130796,0.8737609581998019,1.2265541892891874
2009-07-29,-0.0002463083505848824,0.004053227063492315,0.8735457700817854,1.2315357808648844
2009-07-30,-7.469492166170468e-05,0.021915613232955877,0.8734805230857611,1.2588235648089157
2009-07-31,0.0008984286818927885,0.008208586242242077,0.8742656356717988,1.2691992532107579
2009-08-03,-0.008731418641416534,0.019582038668358948,0.8666652856080793,1.2942976994293112
2009-08-04,0.004774508609419835,0.010280115615554308,0.8708130804373604,1.3076718555737092
2009-08-05,-0.0032319540019112754,0.0028590705461688515,0.868003195772012,1.311415931398062
2009-08-06,0.0008304900327967013,0.013398664156154538,0.8687243631942645,1.3291053959896864
2009-08-07,0.0009724733699875625,0.0052265289902315715,0.86956958541477,1.3360701888643005
2009-08-10,2.6728464054036035e-05,-5.937360844932016e-05,0.869592827984794,1.3359908639109737
2009-08-11,0.00052785575747211,-0.014147799415475504,0.8700519687350856,1.3172226109404288
2009-08-12,0.0011174988504607073,0.005908318026941473,0.8710247942744601,1.325028217333986
2009-08-13,-0.0002420218234786128,0.015657593761075006,0.8708140127733452,1.3459382440443222
2009-08-14,0.001782168594104053,0.003776540195424616,0.8723673338871399,1.3510308440752106
2009-08-17,0.0032733959262949875,-0.028793131807514527,0.8752276164287064,1.3126851306512726
2009-08-18,0.0016825209541115752,0.009670209043754596,0.8767014447588034,1.3254406451186589
2009-08-19,-0.01913601016961088,0.0018893869669192043,0.8600843762682828,1.32794728265744
2009-08-20,-0.0012491630812565277,0.019063817616006062,0.8590106613808011,1.3535058755779015
2009-08-21,-0.00047146210172625694,0.01712972732754281,0.858605765862927,1.3768907788593816
2009-08-24,0.005280530392262976,0.017486963473217543,0.8631516514850136,1.401180172526632
2009-08-25,-0.0015384799214764643,0.003266820716449459,0.8618247309820165,1.4057650618699258
2009-08-26,0.002044797501716302,-0.008796203776755718,0.8635887909969447,1.3934538910864007
2009-08-27,-0.002014000810054666,-0.009368410836749774,0.86185127274122,1.3804604017590372
2009-09-29,-0.0037847106260768012,0.0050257618702964635,0.858595579885073,1.3874157302821306
2009-09-30,-0.0040798834588267555,-0.007985684262477477,0.8550997461271821,1.37638038734616
2009-10-01,0.00031199686797663863,-0.008568373983461441,0.8553665761926892,1.3646374263290686
2009-10-02,0.00013295195159070217,-0.018292322862430765,0.855480306408479,1.3399019622064943
2009-10-05,3.4909788312435797e-06,0.009226963267442656,0.8554832928773322,1.3523224017438018
2009-10-06,-0.0006769921559451046,0.024055691553039438,0.8549043333961381,1.3852478872307847
2009-10-07,0.00011761386811815763,0.0027350507087628984,0.8550048879148469,1.3890417963484496
2009-10-08,0.0005168054988161601,0.01580695003103294,0.8554468733428483,1.4111727613421958
2009-10-09,0.0006417839833043678,0.00041592197391082664,0.8559960616560088,1.4117598211797027
2009-10-12,-2.347582475543993e-05,0.008791058268309726,0.8559759666783481,1.4242253965472416
2009-10-13,0.00025239613631561326,-0.00756544381683355,0.8561920389718757,1.4134911551758127
2009-10-14,9.256297396160996e-06,0.016112255326344638,0.8561999641766955,1.4364501494720467
2009-10-15,-0.00045156960265166596,-0.0058970143689975885,0.8558134175819966,1.4280043093955765
2009-10-16,0.000911840210690121,-0.006239642776575849,0.8565941385612927,1.4191218132416248
2009-10-19,-0.00028264635020233263,0.01269196233748815,0.8563520595674073,1.43724803921363
2009-10-20,-0.00011962500993219352,-0.006336397322160181,0.856249624570792,1.4281698564471765
2009-10-21,-0.0001358169761238769,-0.006907391853328448,0.8561333392329158,1.4183389197693674
2009-10-22,0.0004621742083145081,-0.010896602168189773,0.8565291134324562,1.4029677437084611
2009-10-23,-0.00027779651394980326,0.0005149286733274749,0.8562912056771507,1.4036903580589077
2009-10-26,0.0005553481545152769,-0.014868137119737668,0.856766877487457,1.3829744822051544
2009-10-27,-6.43903643518116e-06,-0.004888843518335406,0.8567613607520775,1.376229836563891
2009-10-28,0.0004586391576260322,-0.032441625684922926,0.8571543951844603,1.3322991477018395
2009-10-29,-0.00020541066834133708,0.012677131598570313,0.856978344609226,1.3492963898290669
2009-10-30,0.0023158728208198106,-0.008583616881990608,0.8589652973424067,1.3377641116938048
2009-11-02,-0.0019009093541105884,0.003606061702996044,0.857334033107762,1.3425968800180328
2009-11-03,0.005812659984775048,-0.01824139271827896,0.8623319358181291,1.318328064511597
2009-11-04,-0.003080301455346299,0.026605091496717748,0.8596797803174886,1.353873045396737
2009-11-05,0.00651300504383756,0.0030644868472204934,0.8652971521914182,1.3580283352007494
2009-11-06,0.0060734507437447275,0.006882804449501734,0.8705684832050519,1.3674076195317435
2009-11-09,-0.00019840382877240074,0.01311448363367873,0.8703957762182056,1.385458570112615
2009-11-10,0.0029061279003742184,-0.008906563179065685,0.8729289367292261,1.373173685088251
2009-11-11,-0.005028132077973089,0.011511127086876627,0.8685507510128336,1.389071788887105
2009-11-12,-0.003269604170494403,0.007482910473035176,0.8657155713384255,1.3995050757162413
2009-11-13,0.00668970405987971,0.008334431652984975,0.8715263668915653,1.4112178971724274
2009-11-16,-0.008275253803077084,0.015833490473609046,0.8643440238523256,1.4337402353911795
2009-11-17,0.0007134789127037102,-0.012904045406617826,0.8649609351370919,1.4153580436848645
2009-11-18,-0.00028798791393525676,0.003175335938252033,0.8647118727069526,1.4198594238614008
2009-11-19,0.004705049185140917,-0.02080632360043566,0.8687899709020744,1.3906225795622893
2009-11-20,0.0011486415978423903,-0.007530887421909327,0.8697884725529232,1.3801892927331525
2009-11-23,-0.0067379848338907904,0.01111863847411243,0.8639475511344853,1.3956207479158664
2009-11-24,0.007245540605045954,-0.009636188551169766,0.870230050765157,1.382236871585377
2009-11-25,-0.0072718529937297015,-0.001133434147604362,0.8639248189097883,1.3806710846408667
2009-11-26,-0.007436425413976442,-0.0321666404439096,0.8575241350314955,1.3369662219522225
2009-11-27,0.00018034996379331133,0.016860604865229334,0.8576788034250007,1.3596993900750498
2009-11-30,0.0016687694706963522,-0.012601864485086267,0.8591112665207349,1.3426721554091692
2009-12-01,-0.0008805770055997962,0.024007491811273596,0.8583550858806898,1.3752963923093646
2009-12-02,0.0010681231831170175,0.003704135151101795,0.8592724046647819,1.3804001226372296
2009-12-03,0.0015707665577356707,0.0007413332466210676,0.8606231816219183,1.3814238385522177
2009-12-04,-0.0022265692798015876,0.0021990445865505137,0.8587090762191603,1.3844649937585305
2009-12-07,-0.004530685896009793,-0.0024715375228456793,0.8548273352334028,1.3810474615965422
2009-12-08,0.007930409618464187,-0.015545407890694918,0.8616334179966687,1.3597445259052812
2009-12-09,0.0040717496664218165,-0.012511770278209156,0.8651489258559428,1.3428377024607672
2009-12-10,-0.001193576166538295,0.004374029965996229,0.8641169207284153,1.3487241792386393
2009-12-11,0.005374262063500817,0.004688452613981653,0.8687734129108937,1.3550624553855721
2009-12-14,0.003085011774191586,0.0041133865549003445,0.8714577275610277,1.3606478305989056
2009-12-15,0.003262242086483365,-0.0012067086934468563,0.8743052758069808,1.3590069152855069
2009-12-16,-0.0030907589718197,0.012604537683616357,0.8716071806604228,1.3762449798554672
2009-12-17,0.0019051557005953768,-0.009231443054478206,0.873269310855004,1.3635987141447523
2009-12-18,-0.0023509748843131995,-0.006457617350989153,0.8712186880637789,1.3548214859205896
2009-12-21,-0.0017908687525199354,0.011127884867155657,0.8696598459961166,1.3699819790996681
2009-12-22,0.00015535118099264911,0.0053484056227066645,0.8697949591749781,1.3773288278700144
2009-12-23,0.0002066674768284437,0.00499382613888244,0.8699747360809288,1.384224171315797
2009-12-24,0.0049216492781769825,0.0019123364009274724,0.8742670004585736,1.3868738062748556
2009-12-29,-0.002640706501670129,0.011376679786872401,0.8719613635013493,1.4027419175350562
2009-12-30,-0.004269664204024458,-0.0011061539692693856,0.8682463179226588,1.4011911268598707
2009-12-31,-0.002226268005078756,-2.1405259483131545e-05,0.8663155189599808,1.401161134321215
2010-01-04,-8.894332990146882e-05,0.02159824815781164,0.8662384693995522,1.4317529356607614
2010-01-05,0.0003540084626020005,0.0049299422167568,0.8665451794341219,1.4388288224274688
2010-01-06,-0.00016304132207882707,0.0033844570016281494,0.8664039082792567,1.4437067265819303
2010-01-07,-9.078721735825613e-05,0.004256052480272388,0.8663252534497964,1.4498643123856876
2010-01-08,-0.00011393005290325638,0.006076699643212891,0.8662265585901014,1.45870152568716
2010-01-11,0.0008176151990989661,0.003842376157393801,0.8669350882030875,1.4643171874836456
2010-01-12,-0.0002753569576399629,-0.01271626281086391,0.8666964044578516,1.4458144375337154
2010-01-13,0.00010853079603086937,-0.0035466578667797677,0.866790472813109,1.4406957109365206
2010-01-14,0.00047467394802182597,-0.00015676028771416384,0.8672020133350018,1.440469884763116
2010-01-15,0.0002579670360278837,-0.003119388318660654,0.8674257517253432,1.4359835008559074
2010-01-18,0.000185200879701168,0.003547767430719162,0.8675864146146332,1.4410870841615246
2010-01-19,-0.00036529856195151224,-0.001746095725293273,0.8672695444246418,1.4385730037154094
2010-01-20,0.00091964101020838,-0.008734751276982422,0.8680674879191425,1.4260621454953908
2010-01-21,2.1424276208107117e-05,-0.0057384010634571325,0.8680860858359937,1.4179022636918845
2010-01-22,-0.00012196901172048242,-0.009912894288950369,0.8679802126907686,1.4039161842323153
2010-01-25,-4.014462445763904e-05,-0.003448286694531788,0.8679453686504985,1.3990834159080856
2010-01-26,5.2691402250438796e-05,-2.143750672622957e-05,0.8679911031139455,1.3990534233694303
2010-01-27,-0.00011024783776240208,-0.005135416604435505,0.8678954142464724,1.3918871179200099
2010-01-28,7.518447618431136e-05,-0.003412954179049521,0.8679606689616154,1.3871447682784943
2010-01-29,-0.002742204170929738,0.0025472750355657325,0.8655838040089187,1.390682711661847
2010-02-01,0.0001272231170761342,0.008064973798450836,0.8656939332839015,1.4019438807712232
2010-02-02,-0.0023720804472526624,0.017954092476330175,0.8636428712352814,1.4273418271446872
2010-02-03,-0.0028551575429295547,-0.006667185365227368,0.8611805516050295,1.4178571278616543
2010-02-04,-0.004088400600397308,-0.02081441593639788,0.8576668880471416,1.3886502761011965
2010-02-05,-4.717134070095501e-05,-0.020581504058510447,0.8576264317043552,1.3603618723259405
2010-02-08,0.0045980004382866835,-0.002826065827088442,0.8615788781249849,1.3565228273780454
2010-02-09,0.0008095945697945113,0.0010648249705020874,0.862276690140459,1.3579680560789418
2010-02-10,0.005834376521878422,0.004899265525992291,0.8673222415275359,1.3646374263290686
2010-02-11,0.001392808913893994,0.006992100391491007,0.8685310973339021,1.3742125442948157
2010-02-12,0.0013466526724732657,-0.008239505498712774,0.8697014949399111,1.362936231893864
2010-02-15,0.0009002408331357219,0.0022067756941890337,0.8704847882617109,1.3659472475392727
2010-02-16,-0.006461775614343692,0.011321081804997135,0.8648780451511215,1.381499113943354
2010-02-17,0.0012910191291330701,0.01660028656378998,0.8659953403213119,1.404623802313434
2010-02-18,-0.003904882823564915,0.005920276063861252,0.8626203238021721,1.4129642274378662
2010-02-19,0.002391412092570095,0.0048999747774676194,0.8646856730420979,1.41990470671388
2010-02-22,0.0003711171713450223,0.0010914799784096374,0.8650066322962413,1.4214553503668144
2010-02-23,-0.0023317467858690838,-0.00571440173059834,0.862992005574122,1.4133557476851188
2010-02-24,0.00291472095710381,-0.003061830025661294,0.8655110558394792,1.4090349108295082
2010-02-25,-0.0006186097252444912,-0.014236664505366647,0.8649758078549036,1.389117071739585
2010-02-26,-0.004003132669472314,0.012654102077522822,0.8615201163507616,1.4068067886563553
2010-03-01,-0.0016766947974048555,0.014385923203036555,0.860076820375372,1.4271912763624168
2010-03-02,0.0036502098227347997,0.012464494590314956,0.8632220180569231,1.4450918231832661
2010-03-03,0.003977917721786934,0.0014054523158950616,0.8666626830244228,1.4471242587439177
2010-03-04,-0.005096998793868657,0.005508986504263902,0.8622565429587242,1.455118446473577
2010-03-05,-0.001258893663915054,0.011255303039387599,0.8611717366312982,1.4715887608628564
2010-03-08,0.0041110514488342,0.001196271820841588,0.8647193451510099,1.4733502344198681
2010-03-09,-0.004388059631328398,-0.001196271820841588,0.8609332180510431,1.4715887608628564
2010-03-10,0.0015619192277927406,0.00922609491176729,0.8622789769078879,1.4852286029276534
2010-03-11,-0.0027619646447059306,-0.0011054341662859457,0.859900678759389,1.4835876876142555
2010-03-12,-0.0003434812539849278,0.008809838627387379,0.85960536971541,1.4967155982104348
2010-03-15,-0.0040806898024995245,-0.006316642155343999,0.8561047342105643,1.4872911780492089
2010-03-16,-0.0013160914365793381,0.005149185994744343,0.8549787632039787,1.494969267944999
2010-03-17,-0.002540216953357219,0.007874253891541727,0.8528096877823735,1.506787504353224
2010-03-18,-0.0023421227547300513,-0.00042970760683935794,0.850814640042511,1.506140165393911
2010-03-19,0.006661087333443739,0.0015580915432344966,0.8565009080031499,1.5084886987884298
2010-03-22,0.0006838216585183766,-0.002788312024062378,0.8570868021753144,1.5042884201764344
2010-03-23,0.0004585825159968927,0.0038157292076430593,0.857479937333049,1.5100393424413665
2010-03-24,0.0009859852100834422,0.005071811856581121,0.858325816813003,1.5177174323371545
2010-03-25,0.004912217445856532,0.010832858624270969,0.862552472491407,1.534248025848244
2010-03-26,-0.005988924718012577,0.003203531481538846,0.8574021485135827,1.5391709188106855
2010-03-29,0.00034361987748300345,-0.0013800756500383926,0.8576968195593234,1.537048211589572
2010-03-30,0.0035272247230756807,-0.002294651919131141,0.8607274507026386,1.5335252644755475
2010-03-31,-0.0045630820127375606,-0.002044066995736671,0.8568088280521023,1.5303938376087718
2010-04-01,2.411228664162953e-05,0.014085859781548749,0.8568294879212387,1.5521032898166125
2010-04-06,-0.00018540968662243188,0.012003904352567929,0.8566706381609916,1.5708468622092757
2010-04-07,0.0006414237554583904,-0.0013331088796917356,0.857220303324213,1.568754147526819
2010-04-08,0.0005310466257205337,-0.0039038886997975197,0.8576756481677628,1.5626418445755386
2010-04-09,-0.00037934353283510577,0.008041170765594075,0.8573503561599707,1.5752579707253498
2010-04-12,-0.00029371337215719316,0.0017665234499677496,0.8570985778728777,1.5780431601973526
2010-04-13,-0.00023172199065001395,-0.0060188992104066585,0.8568999922934412,1.5685736042058926
2010-04-14,0.0009329517450424997,0.007334582475596818,0.8576998116750085,1.5801207315882342
2010-04-15,0.0004559635347025954,0.004145572934831421,0.858090980685479,1.58668483390857
2010-04-16,0.0003399021136821325,-0.008710246199166605,0.8583826971982665,1.5729244336001587
2010-04-19,0.000257172640213129,-0.0054609505327665175,0.8586034781310091,1.5643581823023205
2010-04-20,-0.00031128403349172203,0.0092631089580415,0.8583362501712228,1.5789163253300698
2010-04-21,0.0004964980428900377,-0.0017559378303531048,0.8587625182514517,1.576146279149645
2010-04-22,-1.334339679265474e-05,-0.003214631585734651,0.8587510595188693,1.5710876846520097
2010-04-23,0.0007401760290242642,0.01577250029415289,0.8593869217639899,1.596064118239567
2010-04-26,0.0005235031159741357,0.008322542448864212,0.8598369312757742,1.609402858739825
2010-04-27,0.00025410297585966714,-0.020794504362743993,0.8600554461602309,1.5762816866403389
2010-04-28,0.0002617332661114123,-0.016476735482923388,0.8602805807425109,1.550522506602774
2010-04-29,4.317043318450756e-05,0.009085699462620056,0.8603177202294999,1.564674280136191
2010-04-30,0.000604758965406395,-0.002601282838769592,0.8608381624390908,1.5606094090148908
2010-05-04,0.0035507664830387287,-0.020919554276932928,0.8639002308613636,1.5283012699485636
2010-05-05,0.0007073076657547824,-0.016818215593435326,0.8645114902658468,1.5028129048923857
2010-05-06,-0.0005234646033497599,-0.007985982944042291,0.8640590675254796,1.4908592609934657
2010-05-07,-2.2620282705720918e-05,-0.042368622469100004,0.8640395224861557,1.4290130290412397
2010-05-10,0.00035884196352400184,0.0526261138250117,0.86434963176175,1.506230437054374
2010-05-11,-0.0010525386366876457,-0.002792498327957915,0.8634403489902831,1.502030158442378
2010-05-12,-0.0015604013542729024,0.020830159491795897,0.8620940861287436,1.5336458227191605
2010-05-13,-0.005017129873232346,0.009681127879868967,0.8577796801532777,1.548565346433257
2010-05-14,0.0004857975577084359,-0.02591123343929347,0.8581964886610284,1.5089554944268175
2010-05-17,-0.004700944996345411,-0.009110646267510347,0.8541716219224399,1.4952703695095386
2010-05-18,-0.0019376264894876748,0.006143013587800894,0.8525181587755437,1.5044841067889354
2010-05-19,0.0012097691112308545,-0.03281456651663284,0.8535501330102087,1.4559163362151593
2010-05-20,0.0006328616930830146,-0.024812571992157473,0.8540904831579366,1.4202358008170766
2010-05-21,0.004303414599232592,0.0014089439845665908,0.8577739085810342,1.422238243839071
2010-05-24,-0.004207823491437061,0.003244391733311147,0.8541721305156977,1.4268600352369731
2010-05-25,-0.0028225519102425133,-0.03088039005528387,0.8517645846469994,1.383471417404446
2010-05-26,0.011221009912974329,0.02188212423113889,0.8613760679202593,1.4140783620355664
2010-05-27,-0.003439572414896096,0.026745250591522662,0.8584183920443039,1.4524085323927092
2010-05-28,0.0075011013932247735,-0.0010578702550940733,0.8648816860471007,1.4508728850091013
2010-06-01,-0.0020122704609324416,-0.0016200152766145948,0.8631430600576022,1.448524351614583
2010-06-02,-0.0026762056331660795,0.004034917991857512,0.8608361999309064,1.4543808358537997
2010-06-03,0.000423030931315183,0.014469751416925192,0.8612004373066794,1.4755783565930207
2010-06-04,-3.347040012790549e-05,-0.020752124643863112,0.8611716130658345,1.4452725135264404
2010-06-07,0.0010891476906977745,-0.01281103103866954,0.8621100671042545,1.4268751785285485
2010-06-08,0.007254036044069295,-0.012902445379387117,0.8683865821150057,1.4085832584826958
2010-06-09,-0.003962860211225735,0.013904296230057511,0.864952097167322,1.4283054109601192
2010-06-10,-0.0007055592829778932,0.01282948308225329,0.8643420374277986,1.4467478817882409
2010-06-11,-0.0057160350560830405,0.005489697384332359,0.8594155215239078,1.454711929956997
2010-06-14,-0.0040800993214533095,0.01365020488093549,0.8559161645542334,1.474705191460303
2010-06-15,-0.0002692595730433066,0.008629928300466716,0.855685731957688,1.487486864661709
2010-06-16,-0.0010394911538958744,-0.0020566872888423404,0.8547967163507842,1.4844307131860695
2010-06-17,-0.001433672205837791,0.00038530149080173715,0.8535720961186641,1.4850027767542475
2010-06-18,-0.007839816530226763,0.008972420662555436,0.8469064105067928,1.4983868001069869
2010-06-21,-0.0010248339973689296,0.004521158487047927,0.8460389166192563,1.505176581578482
2010-06-22,-0.001093109910206615,-0.00592880219606684,0.8451146083723688,1.4962790891551991
2010-06-23,-0.0019516204808811778,-0.010671811932622788,0.8434668737932474,1.4803959816256729
2010-06-24,0.002529777155749145,-0.013813842847151037,0.8456033582976292,1.4600866222884974
2010-06-25,0.003759116251293322,-0.00955231959460967,0.8487880617088877,1.4462058107587195
2010-06-28,0.0007819259566164907,0.00403104605376825,0.8494520106716393,1.4520472987286086
2010-06-29,0.00012192961576856375,-0.02941797004042712,0.8495555903435008,1.409953211792459
2010-06-30,-0.004353146760901893,8.539721675937528e-05,0.8458653880007864,1.4100736230138253
2010-07-01,-0.000292134389168054,-0.024469162374646913,0.8456183177229639,1.3759890141211557
2010-07-02,-0.0009621202440007865,0.014845999068510807,0.8448051224793174,1.3965693354619682
2010-07-05,0.0003938906937860959,0.002691385851868233,0.8451379488994364,1.4003331050187278
2010-07-06,0.0007048543640147896,0.021242571803103516,0.8457338580608276,1.4303979786203274
2010-07-07,0.00034798260833099733,0.006462594127592425,0.8460282099464076,1.4396719950215322
2010-07-08,0.0009001316737881058,0.016233196262900762,0.8467900895796514,1.4632331924468487
2010-07-09,-0.0003185314997688254,0.002733072276656756,0.8465204032165093,1.467237784446343
2010-07-12,-0.00016421083543858152,0.0029098781418817055,0.846381406806552,1.4715134854717216
2010-07-13,0.0012968951867762583,0.016659800149479764,0.8474797868671727,1.4962339533249684
2010-07-14,-0.0008733206953409703,-0.004315906795167024,0.8467399883181298,1.4897902622259978
2010-07-15,0.0010211965647478924,-0.004364944339757315,0.8476051179439531,1.483301582319042
2010-07-16,-2.7190794349568587e-05,-0.007866454129658251,0.8475820712008325,1.471679032523318
2010-07-19,0.0006906668421491238,-0.005004656701627752,0.848167670237051,1.4643321837529741
2010-07-20,-0.00028038740706754867,-0.0036255635782200812,0.8479298880403593,1.459032766812607
2010-07-21,-0.00045247029159716797,0.01586717458426712,0.8475463117416477,1.4823681380645177
2010-07-22,0.0008331136170927451,0.015809331068185273,0.8482527083285263,1.5059896146116407
2010-07-23,0.00043308144327134865,0.009006424870262819,0.8486201503961355,1.5196144604071111
2010-07-26,-0.0002109311535192696,0.004389079149360597,0.8484411688459687,1.5262988269265676
2010-07-27,-0.0004060688316909333,-0.0031316401646499514,0.8480967132728462,1.5215264847463954
2010-07-28,-0.00028452706774549034,-0.008615750603347294,0.8478554411277097,1.5084737025191035
2010-07-29,0.00013179796111956687,0.005424545019344862,0.8479671941104204,1.5166787201528376
2010-07-30,0.008224547813402441,-0.012535810600688535,0.8549700992317226,1.4977845969779042
2010-08-02,0.0005848961859596987,0.021134655633241906,0.8554703142545419,1.529776638210362
2010-08-03,0.0015713410484198226,-0.0024929489493477064,0.8568156065547349,1.5259677328233703
2010-08-04,-0.0028813004914268977,-0.0009377020703276173,0.8543504165086304,1.5245375003918034
2010-08-05,0.00019738990672515857,0.003912703648843774,0.8545190733026825,1.5305142488301375
2010-08-06,0.004549880503437995,-0.007533624056563326,0.8584158912797204,1.5190272535473583
2010-08-09,-0.003558591109283457,0.012058109908963388,0.855366568984491,1.5374547281061537
2010-08-10,-0.003075665279818722,-0.013049701315145157,0.852739789344931,1.5175217457246524
2010-08-11,-0.0014810061410161467,-0.02260519814950257,0.8514778112095729,1.4836026838835847
2010-08-12,0.0027996483268375866,-0.006740428718115865,0.853864989709981,1.4736361926928352
2010-08-13,-0.0002722809181966094,-0.0006131646763769538,0.8536325302151454,1.4727328879992116
2010-08-16,0.000989700864730594,-0.0008283291834541018,0.8544777892762785,1.4715134854717216
2010-08-17,0.002341290542506593,0.013989813831907227,0.8564807138423222,1.492244357594804
2010-08-18,0.0031613275450931844,-0.0025355805318412195,0.8591926142590175,1.488465444746467
2010-08-19,0.0002706233862343273,-0.005242934532466492,0.8594251633389063,1.48068193989864
2010-08-20,0.003989809949425183,-0.007542216144157621,0.8628609559283663,1.4695563253022066
2010-08-23,-0.002926052771406431,0.0066369438825386595,0.8603398694517195,1.4793421261497808
2010-08-24,-0.004241130614140022,-0.012833602601196148,0.8566987823136294,1.4604781425357505
2010-08-25,0.005360657966459257,-0.008000330518715515,0.8613035828189435,1.4488404494484508
2010-08-26,-0.009474350959304552,0.005626601508415874,0.8531818253361159,1.4570154745435306
2010-08-27,-0.008639866506875336,0.010484323020239827,0.8458422006049334,1.4723716543351126
2010-08-31,0.008120710653225366,0.004610997075520373,0.8527390059533481,1.4791764320759346
2010-09-01,0.004740229146382984,0.023716366654012333,0.8567907798250595,1.514676424153093
2010-09-02,0.00486725441483874,0.007929949913135559,0.8609711637740428,1.52673548300405
2010-09-03,0.0007417459651653539,0.006202949398904423,0.861610022567071,1.5362351785564132
2010-09-06,0.0036955638235049632,0.0035511574651607702,0.8648000482376059,1.541700289570627
2010-09-07,-0.0031954331193609397,-0.005788034332882219,0.8620410479698897,1.5328026501250982
2010-09-08,0.004603495472003537,0.003470970307471788,0.8660185983240147,1.538132206626369
2010-09-09,-0.002352068466340027,0.01061229660584928,0.8639840569159394,1.5545422418938435
2010-09-10,0.003255080687651385,0.007342897243159285,0.8668009768977264,1.5659990976157185
2010-09-13,0.0016990783793282174,0.010186553188175296,0.8682749915753817,1.582032755927516
2010-09-14,0.0013291146892692742,-0.0034221402301408688,0.8694297958846938,1.5766280710573592
2010-09-15,0.001278054771376545,0.0020889717334835467,0.8705416851600492,1.57992504497573
2010-09-16,0.0026055612383938487,-0.004986559765756127,0.8728128924311974,1.572066264736768
2010-09-17,0.0010822439753767842,-0.00010531093531085389,0.8737580002520383,1.5719007176851683
2010-09-20,0.0035905570413454343,0.0102148844599661,0.8769009172270468,1.5880397909490052
2010-09-21,-0.0009957789624646714,-0.0002939877580594441,0.8760281523540736,1.5875729953106186
2010-09-22,0.005051935172869211,-0.0092219929518631,0.8804649876551083,1.5729997089912922
2010-09-23,0.00501855621496246,-0.0021365807121025426,0.884894756916682,1.5696424559511126
2010-09-24,0.0019182563377774684,0.010779975605885284,0.8865938410108084,1.5866546943476667
2010-09-27,0.003165979056802227,0.0022462839542463087,0.8894052265889604,1.5902227772919253
2010-09-28,0.005022060840464056,-0.0009755866861720364,0.8938831084348303,1.588672133638991
2010-09-29,0.002138216491859625,0.0009566334634190099,0.8957964688995452,1.590192637731022
2010-09-30,-0.004584195081976396,-0.0029107595201001146,0.8916993612776735,1.585570699310871
2010-10-01,0.0004014930345645437,0.005746970355385628,0.8920574442392494,1.5947091611991346
2010-10-04,0.00019282318005462413,-0.002713159974401691,0.8922294701772002,1.5903883243435222
2010-10-05,-1.0703644322010834e-05,0.011127038373402343,0.8922199201214082,1.6081834562123336
2010-10-06,0.0005301944578536113,0.011004588643803714,0.8926930956046681,1.6259785880811433
2010-10-07,0.00048726702027189115,-0.003208841400743623,0.8931281815022767,1.620769442801238
2010-10-08,-0.00024391032833168515,-0.0037876519771007366,0.892910364879226,1.6146421435806324
2010-10-11,0.00031126939248270365,0.007422284578446181,0.8931883438069651,1.6266710628706893
2010-10-12,0.00027164237227659453,-0.004749915853464515,0.8934310045645464,1.6189628334139954
2010-10-13,0.0004655533979030543,0.013705712733569797,0.8938470412406431,1.6413046283118204
2010-10-14,0.00046729019705665494,-0.0017718682895626614,0.894264824806163,1.6383990276184497
2010-10-15,-0.00032608020674688553,-0.0045312051879022874,0.8939732702848664,1.6309918997262978
2010-10-18,0.00016335722704580226,0.0038325512509338466,0.894119319208102,1.6372547534598467
2010-10-19,-0.0006910648994750192,-0.004506596126722329,0.8935016381840744,1.6298929084201732
2010-10-20,-3.820404286383804e-08,0.0005263799954668968,0.8935016040487002,1.6307510772835654
2010-10-21,-0.0003218902778518218,0.006698386585359373,0.8932140408534932,1.6417111448283987
2010-10-22,-0.0006845471482820136,-0.0009174564916687444,0.8926028029634678,1.6402056370056957
2010-10-25,-0.00021303821518670662,0.007625893253356608,0.8924126647095301,1.6527614840336977
2010-10-26,0.0002260894612341551,-0.0034125454578006753,0.8926144526182931,1.6471309729901336
2010-10-27,0.00016419093638698047,-0.01041909376104222,0.8927610238536059,1.6300584554717732
2010-10-28,-0.00037675155917446426,0.0019837523759473896,0.892424738097968,1.6332952972905845
2010-10-29,-0.0002014291398389715,-0.0004886346621297832,0.8922449958538724,1.6324974075490026
2010-11-01,0.0017512632589629384,0.002928322715552767,0.8938089207555118,1.6372848930207518
2010-11-02,-0.0020674000859421554,0.004788402913455059,0.8919629689338918,1.6451436732597151
2010-11-03,0.0004250002143127464,-0.0046964556526880585,0.8923421339537478,1.63743544380302
2010-11-04,-0.004674032912709262,0.012808056819460845,0.8881810295951037,1.6585426928817784
2010-11-05,0.002966877857326333,0.005747532397032629,0.8908200671403217,1.6681026675559505
2010-11-08,-0.005044559459601491,-0.002928506874027903,0.8863375879159963,1.6632247634014892
2010-11-09,0.0004037084020089062,0.005353397537689375,0.886695482084835,1.672152542407924
2010-11-10,0.0019171905248300432,-0.010171424226111725,0.8883970768810066,1.6552305756718306
2010-11-11,0.0010017573768003655,-0.00871496657803661,0.8892874811163441,1.6408679722343367
2010-11-12,0.004467081202993398,-0.0029955190150321442,0.8932688865172286,1.6359600755412196
2010-11-15,0.0014265153026029045,0.00520432339878063,0.8945440575624471,1.644496334300403
2010-11-16,-0.00497849937608195,-0.018992386954815643,0.8901016379971243,1.6135581485438348
2010-11-17,0.0013564953480717395,-0.00041995436347619375,0.8913098760277411,1.6128806700236182
2010-11-18,0.002213640850381303,0.012172209490559638,0.8932851013928588,1.6326329620619433
2010-11-19,0.0035499134379461737,-0.0015966393581745564,0.8964618213826462,1.6300283159108677
2010-11-22,0.006999482666183504,-0.002820980806092166,0.9027586017568183,1.6254365170516218
2010-11-23,0.0005370330177421154,-0.01655815169220709,0.9032435431361236,1.5987438927595314
2010-11-24,-0.004832463647828721,0.010472949418179667,0.8988891811705771,1.6155754408129097
2010-11-25,-0.0004413071590692592,0.009635603691949157,0.898492582457079,1.6312177258997038
2010-11-26,0.0021377788300493555,-0.002365472902903676,0.9004154154423424,1.62736368468248
2010-11-29,0.0048368861524086485,-0.011144892438871068,0.9047811721191448,1.6093275833486893
2010-11-30,0.010285872478721403,-0.00768170848825811,0.9141356629519782,1.59701255876342
2010-12-01,0.002574852298846575,0.01881729547059585,0.9164924601654456,1.627348541390906
2010-12-02,0.0008057188420714866,0.02444595668016447,0.9172311929747248,1.667620875648236
2010-12-03,0.0021780377941329233,0.0004874218811234954,0.9192311343623273,1.6684339086813937
2010-12-06,-0.00011757744680812078,0.006224850401238768,0.9191230598662086,1.6788520522189538
2010-12-07,0.009379717924587487,0.013184575942455368,0.9277847334293594,1.701133567994974
2010-12-08,0.00042246828752704065,-0.007167615270210703,0.928176775863802,1.688984090461304
2010-12-09,-0.00162283023571455,0.003976519368748654,0.9266717240799187,1.6957137398332396
2010-12-10,0.0017900233840541114,0.0015613289903768646,0.9283319736348148,1.6983633747922975
2010-12-13,0.001473130133674398,0.006952127064264957,0.9297005352263954,1.7102117507614283
2010-12-14,0.000641112958496203,0.004400596431564097,0.930296769393353,1.7177542861442743
2010-12-15,0.0013462981821323653,-0.0032480957541221045,0.9315500697114983,1.7121839072002716
2010-12-16,0.003218011812099922,-0.0038587124731375155,0.934552637397417,1.7055898123412783
2010-12-17,-0.002640735969230704,0.008595646620982222,0.9320879863113569,1.7203136494428732
2010-12-20,0.001798228254901812,0.000551166453785612,0.9337656011795602,1.7212620899667255
2010-12-21,0.00568874779075877,0.006416868421986521,0.9390926960637705,1.732342715755175
2010-12-22,0.0033128644938358294,0.003773278356971943,0.9422089419130103,1.738891674783938
2010-12-23,0.005207153404716712,0.0016436416132297182,0.9471279643503542,1.7417521396470768
2010-12-24,-0.0026038982527145016,-0.006616923969568589,0.9446649476130377,1.7302651443642938
2010-12-29,0.00398504513581424,0.011763925284398624,0.9484369909571342,1.7507400507530682
2010-12-30,0.001690853880188184,-0.005129697302709957,0.9500420158723155,1.7417822792079782
2010-12-31,-0.0037376856506503965,-0.000916680640109746,0.9464976853849537,1.7401863527025625
2011-01-04,0.00015925366418424725,0.014071534496054028,0.9466484306125396,1.764846541434004
2011-01-05,9.222122496592666e-05,0.0016194888200153912,0.9467357357160526,1.7677070062971432
2011-01-06,-0.0003851221621016823,-0.0021057806660280676,0.9463711970030491,1.7639885195928622
2011-01-07,0.00013969862728781376,-0.0036338335489976004,0.9465034129951564,1.7575901113463703
2011-01-10,-0.00045384202700612876,-0.008524943141575037,0.9460739474297674,1.7426704406100255
2011-01-11,0.0001649684325207908,0.01372787619376048,0.9462300326401358,1.7667585657732892
2011-01-12,0.0005872399380888193,0.0025531277324670754,0.9467858598919285,1.7712750892414006
2011-01-13,-8.713033397696508e-05,0.0001444988657777202,0.9467033697175019,1.7715310549757102
2011-01-14,1.250944498043321e-05,-0.0020927474069338814,0.9467152125252914,1.767827564540757
2011-01-17,9.76168017870118e-05,-7.668152312589882e-05,0.9468076323473317,1.7676920100278137
2011-01-18,-2.811103877916956e-05,0.0075344458636372735,0.946781016975357,1.781060890088976
2011-01-19,0.00038369204617540176,-0.008667805557237784,0.9471443590223094,1.7656897140280687
2011-01-20,0.00011089070284730593,-0.019214491370803444,0.9472493943495922,1.7320867500208654
2011-01-21,-0.0007979053445020228,0.0024047720411921603,0.9464938804496371,1.7362570360942062
2011-01-24,0.00026856117973945537,0.003522899699557769,0.9467481060988289,1.7423844823370622
2011-01-25,-0.0002685923484375929,-0.006223273064499324,0.9464938509486555,1.7315748185522482
2011-01-26,-0.00026909199061189417,0.009578742188375955,0.9462391912991744,1.7482408195540295
2011-01-27,-5.064090432449242e-05,0.00043914350823115456,0.9461912741041151,1.7490087167569566
2011-01-28,0.00033827826799814474,-0.006164951221444781,0.9465114041929872,1.7382593320939521
2011-01-31,0.0019310271315154054,-0.00647335811066263,0.9483409092382142,1.7270432988148074
2011-02-01,0.005185965812202134,0.011871889868407592,0.9532717472997183,1.7476687559858521
2011-02-02,0.0002954234433045306,-0.0001550539884185298,0.9535534077242083,1.7473977939822147
2011-02-03,0.0014612686905613934,-0.002665839225706179,0.9549478240240086,1.742745716001162
2011-02-04,7.951525142514898e-05,0.007804791822614732,0.9550237599593262,1.756400701357535
2011-02-07,0.0009706972354738884,0.012318247199788246,0.9559512489656103,1.7781702856649344
2011-02-08,-0.0030658946789639484,0.0016412083192527405,0.9530248913624023,1.781091029649878
2011-02-09,-0.0025957084352649182,-0.002869621278009049,0.9505543244357432,1.7759872993220147
2011-02-10,-0.0047735275041386836,-0.006378060968879495,0.9460276399459576,1.764695990651734
2011-02-11,0.0023030538382242272,0.006479796579306196,0.9482089033526031,1.7761679896651867
2011-02-14,-0.002989646946180316,0.0030552701431894036,0.9453783268209007,1.7816029611184974
2011-02-15,-0.0032604954897637733,-0.007140602027529752,0.9423009446717499,1.7689265558468823
2011-02-16,-0.003928044168212573,0.0048902427442918395,0.9386068050630064,1.777598222096756
2011-02-17,-0.0003584555623407378,0.0017347085884598101,0.9382704165266536,1.7806845131332996
2011-02-18,0.0018559539432455284,4.227239556264806e-05,0.940013420172958,1.7807597885244355
2011-02-21,0.002177079278234862,-0.008541367038338521,0.9420621332074405,1.7656144386369335
2011-02-22,0.004151979743842711,-0.006441380760387361,0.9459816874260757,1.754277994136423
2011-02-23,-0.0015309797210159655,-0.011262594775104162,0.9445345167233418,1.734631117050134
2011-02-24,0.001501053873838332,-0.009785718205824523,0.9459533785462506,1.7177392898749466
2011-02-25,-0.00415438786593569,0.017316771435144318,0.9420316730918252,1.7477440313769876
2011-02-28,0.005174396323901807,0.001058945079511986,0.9469187512536735,1.7495957765944639
2011-03-01,0.0012821019055689435,-0.004069795015716693,0.9481335761873467,1.7424897502668526
2011-03-02,-0.0011271003106749621,-0.0026559305111657494,0.9470655365460362,1.7378679588689503
2011-03-03,0.004689142814574486,0.009398321993154823,0.9515168904623946,1.754277994136423
2011-03-04,0.005560773041933822,0.006040523188007185,0.9568227987391555,1.7649068205558107
2011-03-07,0.002904259040497703,0.0021218103739144567,0.9596056991783457,1.7686555938432442
2011-03-08,-0.001252857279689412,-0.0003746384296636762,0.9584042030012755,1.7679931115923546
2011-03-09,0.002278565077770704,-0.0011331665651344025,0.9605904791890056,1.7659908155926072
2011-03-10,0.001983075032831457,-0.018464125526239883,0.9624972922368424,1.7336825295040341
2011-03-11,0.00037463169038640456,-0.009256262238224622,0.9628579417755806,1.7177091503140451
2011-03-14,0.0069396914332178926,-0.005255012635711154,0.9695631178021379,1.7087062429387252
2011-03-15,0.003036142044557421,-0.01764419612016077,0.9725113224682694,1.678821912658051
2011-03-16,-0.00015218596042605205,-0.010647322898266864,0.9723633311600197,1.6610417770585697
2011-03-17,-0.0005415335690922855,0.018258733179981945,0.9718369063260667,1.691648868711938
2011-03-18,-0.0010807221837242672,0.009689070946647504,0.9707871879515743,1.7081190360789709
2011-03-21,-0.0019877652067197167,0.014472877257409422,0.9688594075783663,1.7330201942753938
2011-03-22,0.000739652881682333,-0.006064689263014955,0.9695762923213765,1.7225417716160252
2011-03-23,-0.0027769628343795,0.0005068619314236855,0.9668875499891264,1.7234150837709905
2011-03-24,0.0018419527632950912,0.013716459572830075,0.9686701524143564,1.7472171036390398
2011-03-25,-0.0012562708837932013,0.002048635082838146,0.9674540043715124,1.7508001828526267
2011-03-28,-0.010276598310523726,0.0006963244634441423,0.95756277930768,1.7520197324023656
2011-03-29,-0.0008386040473913497,-8.593353616959121e-05,0.9567600998974631,1.7518691816200946
2011-03-30,-0.005657112330029744,0.0034315944813432253,0.9513628812693657,1.7578912129109105
2011-03-31,-0.0036144728998677,-0.00725453914855656,0.9479304129358946,1.7451846680783893
2011-04-01,0.0004978121338252586,0.010016966884011325,0.9484024216735669,1.762753973773794
2011-04-04,0.0005835764563369627,0.004932804432538518,0.9489560485240743,1.771470775853901
2011-04-05,-0.00011227197369033384,-0.0024590759023386255,0.948849513336131,1.7671199464596359
2011-04-06,-0.0004329229557258499,0.003716149386207235,0.9484388235052206,1.7736990450493033
2011-04-07,0.0004507268384397816,-0.010409294693436877,0.9488664066919628,1.7553318496123131
2011-04-08,-3.495836732056914e-05,0.005712916041902716,0.9488332364513716,1.765388612463528
2011-04-11,0.0002786587959387859,-0.0031175422642970574,0.949097674020804,1.7598935089106578
2011-04-12,0.0004436449840530858,-0.012750263098503467,0.9495188298581895,1.7375968498430638
2011-04-13,0.0003682124232959962,0.006408357684515309,0.9498685188634639,1.7487677472919776
2011-04-14,0.00021145009271239987,-0.001085284517998275,0.9500693898861919,1.7468708662442691
2011-04-15,-0.0013030295730076277,0.006528559655757604,0.9488322275793438,1.7583127256968185
2011-04-18,-0.0002697902491282189,-0.016262800425597135,0.9485762764243998,1.7299488995081775
2011-04-19,-0.0006252210087871914,0.0072577042938828384,0.9479833919691639,1.7425500293886604
2011-04-20,-0.0006984604637071519,0.015576375119824348,0.9473214942312317,1.7699051359316396
2011-04-21,0.00039448540279500316,0.0046081887007769495,0.9476952724526387,1.7780800140044721
2011-04-26,0.00044709568090503673,0.00497472633964513,0.9481190776494433,1.7869475138890973
2011-04-27,0.00015954817746619896,0.0021544510996491795,0.9482703603884249,1.7908015551063183
2011-04-28,-0.0007174937183064599,0.009946201530388166,0.9475902263867045,1.8087021019271694
2011-05-03,0.0039862741555344765,7.486164924408456e-05,0.9513751196152677,1.8088375094178617
2011-05-04,-0.00027850165755909117,-0.008836425973832718,0.951110196959906,1.792924262327432
2011-05-05,0.0005361156078604885,-0.005337831942799909,0.9516202386897411,1.7833794309448394
2011-05-06,0.0026789202512947463,0.005178326555137502,0.9541729711754207,1.792638304054469
2011-05-09,-0.0011424060269669026,-0.0009326930999744576,0.9530835406268771,1.7909671021579168
2011-05-10,0.0020836229308220534,0.013285535850238617,0.955071477683518,1.814919819830485
2011-05-11,0.001469109259221669,-0.0030988807946599195,0.9564756131962996,1.8093043050562518
2011-05-12,0.0036114116276458313,-0.004236052300576887,0.9599360851806968,1.8016562076991172
2011-05-13,0.0012969714002065069,0.002678811948054971,0.9611819025493149,1.806488976023345
2011-05-16,0.0006022790236621901,-0.004644459824060476,0.9617609766117201,1.79811826431576
2011-05-17,0.0003502985873056251,-0.009049802814116603,0.9620979391384556,1.7819190589523655
2011-05-18,-0.002785743301508504,0.004341693333545393,0.9594215109009612,1.7896724242392905
2011-05-19,-0.00010369500132142474,0.008293588628982107,0.9593220288441057,1.8045769516840606
2011-05-20,0.0004090386880389349,0.00047543823255224993,0.9597145089324889,1.8054351205474524
2011-05-23,-0.0048652652543147105,-0.016521379895428012,0.9550565834875971,1.7758518918313209
2011-05-24,0.004539076418281206,0.00533511670459319,0.959401511824752,1.7853515873836807
2011-05-25,-0.00206375987924343,-0.0028373274713668906,0.9574235791676119,1.7802931399082955
2011-05-26,-0.0033302037077275735,0.001335221277978249,0.9542404667625628,1.782671812863717
2011-05-27,0.003618761299234618,0.009899307359553688,0.9576998908736716,1.8004066656107216
2011-05-31,0.017710241366282256,0.008493115188313638,0.9748120702399181,1.8157628454022996
2011-06-01,0.009643474170506063,-0.004237540995555733,0.9842581184171005,1.8080847555065116
2011-06-02,0.0023138363804217845,-0.003904413712362498,0.9865381674721947,1.801039008300708
2011-06-03,0.004052130967908637,0.0008105211683275826,0.9905438596452415,1.8024993802931775
2011-06-06,7.974243220101602e-05,0.002019241284262563,0.9906228511712577,1.8061427386285724
2011-06-07,0.007293297966488406,0.0009913824583556163,0.997874169667717,1.8079342047242393
2011-06-08,-0.001673702814674553,-0.01154963804785325,0.9962054217448536,1.7871733400625018
2011-06-09,8.714579843692159e-05,0.00342262238876323,0.996292240644635,1.7933006392831083
2011-06-10,0.004809706200984504,-0.010600296024902534,1.0010956558605415,1.774391519838846
2011-06-13,0.0021422867731346017,-0.0005516539148189281,1.0032425886945475,1.7734129397540899
2011-06-14,-0.00271962246957439,0.006928730879360856,1.0005178544116125,1.7857431076309354
2011-06-15,0.0021765345669767238,-0.00829641384258828,1.0026978877049038,1.770989130968435
2011-06-16,0.0005388965736124103,-0.011241692175113727,1.0032383837836183,1.751191703099878
2011-06-17,0.0022291761222079922,0.0025671688252568714,1.0054772733460786,1.7556930832764133
2011-06-20,-0.0012830973815603072,-0.010689941458105423,1.0041879754137155,1.7370247862748844
2011-06-21,-0.001918001501679172,0.010098141228564117,1.002263787256672,1.7546543710920963
2011-06-22,0.004306938325200679,-0.0016057806510048067,1.0065897847890846,1.7518390420591905
2011-06-23,0.004589003196949269,-0.015808106349680884,1.011219643622999,1.7243635242948454
2011-06-24,0.00018301420479493883,0.006492026053743771,1.0114047281179788,1.7355945538433162
2011-06-27,4.9093734616877365e-05,0.0018026130194801482,1.0114543829721525,1.738725980710091
2011-06-28,-0.0037976905037088293,0.004949225731630591,1.0076204768692638,1.7473526581519832
2011-06-29,0.002304572306487231,0.016475045353738338,1.0099452889355256,1.7763788195692647
2011-06-30,-0.004146863082049292,0.011359719983706995,1.0057658558596034,1.7966730356148661
2011-07-01,-0.0001299371342448979,0.008867871192318688,1.0056351780167077,1.8126765543657566
2011-07-04,3.1562136399387154e-05,0.005136160753234975,1.0056669185122604,1.8220107028665211
2011-07-05,-0.00015698727102140083,0.003555028393064319,1.0055090539988505,1.8284995297957267
2011-07-06,0.000183074032361807,-0.0011286518106512489,1.0056931534473423,1.8264369546741723
2011-07-07,4.370032702072943e-05,0.002971224587566823,1.0057371035273401,1.8318717791052321
2011-07-08,7.486548606655855e-05,-0.007713891547551199,1.0058124013430194,1.8177952809629512
2011-07-11,-0.0008212907918469964,-0.01621451214099956,1.0049866760061927,1.788558289641592
2011-07-12,-0.00048701683101282816,-0.008631314004494683,1.0044973497447682,1.7731871135806836
2011-07-13,-0.000562185169692326,0.005520495178851448,1.0039327949387853,1.7830030539891626
2011-07-14,9.250067484678617e-05,-0.006488903366300036,1.0040256636949632,1.771470775853901
2011-07-15,0.0009430687061682183,-0.0016841298885506006,1.004972975498432,1.768489899769399
2011-07-18,-0.00024261617098449365,-0.018819353905545455,1.0047291823784463,1.7355192784521805
2011-07-19,0.00012243037632586972,0.005588252135099836,1.0048521992806996,1.7452449472001967
2011-07-20,-4.6769781327008015e-05,0.009367294038407081,1.0048052036620694,1.761669978737
2011-07-21,-0.00043692531089663614,0.00044430544464368893,1.004366274732631,1.7624528722092552
2011-07-22,0.0018562109926396008,0.00965703168406229,1.0062323218051787,1.7795553822662733
2011-07-25,-0.00038481061669158194,-0.0028890037144222447,1.0058451874163785,1.7744216593997513
2011-07-26,0.0002646672691403815,0.00022907179669928723,1.0061114369475241,1.774828175916329
2011-07-27,-0.0004534985108908339,-0.011826529936795893,1.0056552703523318,1.7539617492803057
2011-07-28,0.0003953885914090482,-0.0029829253900466313,1.0060529735916002,1.7487376077310735
2011-07-29,0.0034545846477297016,-0.0054817837899818755,1.0095344788639036,1.7391776330569033
2011-08-01,0.0016744480147725539,-0.009489015472922802,1.011226307912485,1.7227526015201011
2011-08-02,-0.00032872828042014286,-0.022482821458515545,1.0108939438588944,1.6844524237016154
2011-08-03,-0.0008202824312126262,-0.01749116023372288,1.0100650653206558,1.6552455719411592
2011-08-04,0.011509211293838837,-0.03932768189851643,1.021757272555645,1.5914120402585128
2011-08-05,0.0034383295132628137,-0.024661631834922204,1.0252764573326898,1.5526452138238862
2011-08-08,0.00619768605597526,-0.04472590610796523,1.0316505307858697,1.4847318147506121
2011-08-09,-0.0023247700292272524,0.02290539934969793,1.0292549661985535,1.5191326684993955
2011-08-10,0.00014878420201824762,-0.019969134393928556,1.029408114470112,1.4890977874364535
2011-08-11,-0.001149673295376625,0.024833178431006075,1.0282253114996367,1.5265397963915501
2011-08-12,0.004776712184323012,0.028429122394690864,1.0331485970711896,1.570560756914064
2011-08-15,-0.002601349316881096,0.009511679579791377,1.0304645093124962,1.585570699310871
2011-08-16,0.000878620394218619,-0.011372999414481555,1.0313702943082115,1.5676401599513652
2011-08-17,0.0009851366949725966,-0.004167034719506191,1.0323868356651231,1.5611213404835078
2011-08-18,0.0005355082357530751,-0.05035272683655023,1.0329398353728385,1.484460852746975
2011-08-19,-0.007015763776724835,-0.010306329161043237,1.0257183352823962,1.4692400804460888
2011-08-22,-0.0002874764154237586,0.009758483281249397,1.0254235078321345,1.4836478197138159
2011-08-23,-0.002043921906010072,0.006805926759204439,1.0233297627161981,1.4937798579561639
2011-08-24,0.0021959173253179908,0.011971872143782036,1.0255793793537542,1.5117706764374736
2011-08-25,-0.00406348613305262,-0.0020135797811704492,1.0214204074524458,1.5087296682534113
2011-08-26,-0.000772337192403225,-0.0024278335725949063,1.0206318310453337,1.5050711666264418
2011-08-30,-0.002708670779746188,0.024319077998852023,1.0178710161849571,1.5421218023565337
2011-08-31,-0.000543629039636187,0.027224833851356323,1.0173178223217032,1.5846825379088232
2011-09-01,0.005447984520530504,0.004823981035336544,1.0228752787929025,1.5923454845130398
2011-09-02,0.0008743151040723411,-0.018685692536518417,1.023769985169388,1.562867670748945
2011-09-05,-0.00190048211726636,-0.02901732497160836,1.0218261762924437,1.518169084683965
2011-09-06,-0.015724079959954847,-0.001280002376416789,1.0058845618591967,1.5162270678060277
2011-09-07,0.00037433167851617043,0.024529817325907644,1.006261166798813,1.5538797596429526
2011-09-08,0.0011698367152845751,0.004234653819001011,1.007439016868702,1.5604738545019479
2011-09-09,0.006977450503265767,-0.02083269051740899,1.0144929533720883,1.5283012699485636
2011-09-12,-0.012115133460872968,-0.01664790567837926,1.0022763879322245,1.5030688706266957
2011-09-13,5.260852672537013e-05,0.0027306785681506796,1.0023291176033684,1.507178877578228
2011-09-14,-0.001694546585051398,0.009622896588233232,1.0006320624955942,1.5217523109198012
2011-09-15,0.0029173424379438724,0.021163595172792427,1.0035555111532688,1.55430127242886
2011-09-16,-0.0045789266905114,0.010032763608323947,0.9989708085568372,1.569973697076557
2011-09-19,-0.0018480853919879392,-0.01928687027483278,0.9971263301003388,1.5399839518438465
2011-09-20,0.000452436222887374,0.0077516369458496825,0.9975775682414137,1.5519677353036703
2011-09-21,0.002880941599228464,-0.004140996282609777,1.0004556747940168,1.5455543307878492
2011-09-22,-0.0036574513706864493,-0.0374852438290727,0.996803240187445,1.488691270919872
2011-09-23,0.00999504708929016,-0.007389451443087225,1.006816292617821,1.4777312033750383
2011-09-26,-0.02489246885427533,0.0024116579305584196,0.9820635065182386,1.4812992863192973
2011-09-27,0.00445982367357775,0.028840533525309908,0.9864531177638528,1.5246427683215922
2011-09-28,0.0025431442280481648,-0.00876731705752043,0.9889650030059429,1.5113341673822407
2011-09-29,0.0013131546416338298,-0.005313602537567519,0.990264520036726,1.5033248363610057
2011-09-30,-0.0051561533128505355,-0.01677398024241583,0.9851717053010168,1.4783184102347928
2011-10-03,0.00035525090234327246,-0.007031278968073096,0.9855217506115629,1.46796039879679
2011-10-04,0.00036140845448249387,-0.03386752058327147,0.9858779908745542,1.4190766774113914
2011-10-05,0.0005281630294076671,0.014942012633277102,0.9863988327134349,1.440439745202211
2011-10-06,0.00013466182359645837,0.03297926541724472,0.9865316719230258,1.4887364067501043
2011-10-07,0.0005865867056382434,0.0069937092364984466,0.9871105280445217,1.4991846898485695
2011-10-10,4.5335903056585144e-05,0.018190623034405107,0.9871552806061685,1.5267053434431477
2011-10-11,0.00028303744805630363,0.001409132629401455,0.9874347220619594,1.528858190225164
2011-10-12,-0.000604875757372513,0.016107756169619236,0.9868376273388627,1.5536840730304518
2011-10-13,-0.000590999717254052,-0.00871030542893969,0.9862545788878353,1.540209778017252
2011-10-14,-0.00021610938750488034,0.010501336234209901,0.9860414630438646,1.556469262502453
2011-10-17,-0.00044155301825647724,-0.00855802353718893,0.9856061695693777,1.5432057973933324
2011-10-18,-0.0005482239283963416,-0.006999778671353596,0.9850659847678911,1.5324414164609996
2011-10-19,0.00020584866638103427,0.005183509825869237,0.9852687801590172,1.540405464629753
2011-10-20,-0.0013920814611875544,-0.011866706830371498,0.9838981599846811,1.5222339558052662
2011-10-21,0.0004144444863851654,0.015154966845040363,0.984306015663182,1.5454790553967162
2011-10-24,0.0007813581652411847,0.019639265499426628,0.9850754117534308,1.5761311358580667
2011-10-25,0.00018142818064008674,-0.003895132930500367,0.9852541484066211,1.5700038366374613
2011-10-26,0.0002974220199848246,-0.0005755174804615848,0.9855472282676803,1.569100531943838
2011-10-27,0.0004567005693774747,0.029393666511348115,0.9859974310440855,1.6159066819383558
2011-10-28,-0.00034725471854087157,0.00370120998460699,0.9856550982254697,1.621898573668268
2011-10-31,0.0004749226825359861,-0.027612178908913876,0.9861233193643932,1.5777270623634816
2011-11-01,0.004186130824600634,-0.030233915574511272,0.9902600129177965,1.5307400750035451
2011-11-02,-0.0016022390479381741,0.008237408950796166,0.9886746500617825,1.5434014840058319
2011-11-03,0.002930411700664107,0.015006283714482649,0.9915761230032809,1.5667368552577452
2011-11-04,-0.004151989199882869,-0.0018178264281125678,0.9874676447305923,1.5638913866639341
2011-11-07,0.0032612783548753715,-0.008274538209487758,0.9906933086214097,1.5510042985104886
2011-11-08,-0.00745440594265925,0.011302353201147142,0.9833357357721937,1.5686337363054506
2011-11-09,-0.0028015043796109323,-0.014539888658694267,0.9805847716200882,1.5459909868653332
2011-11-10,0.0026004231410616326,-0.007968247249991123,0.983138025283136,1.533721098110296
2011-11-11,0.0028792348318649585,0.019624710656769295,0.9859727895477197,1.5641172128373402
2011-11-14,0.0027782130617247107,-0.0040024937126279525,0.9887158406560096,1.557869355373119
2011-11-15,0.0013021814731255077,-0.008511369644381261,0.9900041667410284,1.544666022363555
2011-11-16,0.0054677749274613776,0.0015095666116184958,0.9954321125720084,1.5469995594887451
2011-11-17,-0.0023105161080826647,-0.012268872363984329,0.9931348056457485,1.5281355758747173
2011-11-18,-0.00425950173839344,-0.010487938296021682,0.9889135428351021,1.5121923362456318
2011-11-21,0.007559878496963183,-0.027913764926744022,0.9964179394856149,1.4705650449478682
2011-11-22,-0.0062722118322119805,-0.006656157413244657,0.9901877540421168,1.4608092366389474
2011-11-23,0.0030968592493321994,-0.013937596481472525,0.993258979268364,1.4405902959844834
2011-11-24,0.005796181878239343,0.003453250897861082,0.9990328058743204,1.445573615090983
2011-11-25,0.006190108096097579,0.003991171970584517,1.0052361066776223,1.451354676916816
2011-11-28,0.00038775008530102587,0.02744076641495674,1.0056259626421915,1.491732426126186
2011-11-29,-0.0029042355000848024,0.012347097122761497,1.0027096249372665,1.5102651686147694
2011-11-30,-0.004095385470335814,0.027888139276599944,0.9986115398552007,1.5529764549493301
2011-12-01,-0.0005814746923606248,-0.010868030234968629,0.9980310413062393,1.5361900427261814
2011-12-02,-0.008455275830250724,0.010092182325120547,0.989627988690991,1.5517720486911684
2011-12-05,0.0025148629230100994,0.005900692424377851,0.992119899521052,1.5609556464096603
2011-12-06,-0.0015111481850857893,-0.005415716945442739,0.9906217915521583,1.5525248026025207
2011-12-07,-0.004048173627388286,-0.003117604503993121,0.9866196886101132,1.5476921813005389
2011-12-08,0.0011664809145146308,-0.01906153447995429,0.987771233143548,1.5184701862485064
2011-12-09,0.0022929972613636163,0.004402308347883022,0.9900387886317259,1.525169696059541
2011-12-12,-0.0034932470582838488,-0.02290452631521056,0.9865863721284027,1.4906334348200605
2011-12-13,0.005276249312186943,0.006021486520722874,0.991805604673727,1.4996363421953791
2011-12-14,-0.0040932293731673645,-0.02200521191059579,0.9877542141321806,1.4669969620036094
2011-12-15,-0.0034315899038513563,0.008491950924167213,0.9843704558993128,1.4795076732013792
2011-12-16,0.008839266579701683,-0.0024553242640052986,0.9931101380579423,1.4758794581575616
2011-12-19,0.0029773294682376196,-0.005605673862561389,0.9960713602167086,1.4676293046935955
2011-12-20,-5.6280359980829565e-05,0.012234563441801072,0.9960153025394769,1.485695398566042
2011-12-21,-0.00443691455299512,-0.0025772298447588327,0.9916058571486165,1.4818713498874747
2011-12-22,-0.00029245842888991924,0.006137745314697796,0.9913158960604057,1.4909946684841597
2011-12-23,5.140643954916783e-05,0.008105575078101168,0.9913668573909498,1.5031291497485042
2011-12-28,-0.0022855345223869467,0.002900379025572164,0.9891036415282161,1.5074951224343442
2011-12-29,-3.318397204981932e-05,0.004295042291163398,0.9890708196852037,1.5139838023412995
2011-12-30,-0.005326335448725576,0.004623265654556619,0.9838167017358956,1.5209995570084496
2012-01-03,-0.000611873443268206,0.025322718381429965,0.9832149145506335,1.5600072058858068
2012-01-04,-0.00034620593827502667,-0.00854832216248802,0.9828745786251741,1.5467285974851106
2012-01-05,-5.455465838405003e-05,-0.012655440525151107,0.9828209597008971,1.5272774070113255
2012-01-06,-0.00024083688374102266,0.009936157983126748,0.9825842886643888,1.5425283188731156
2012-01-09,-0.0005164951364352095,0.0005073151057715108,0.9820769196962373,1.5433110653231215
2012-01-10,4.808175461690636e-05,0.009379312875251955,0.9821241408129331,1.5578543591037917
2012-01-11,-0.00036894657786348416,0.002403384727310609,0.9817618563080668,1.5616029853689737
2012-01-12,8.532423952101047e-05,0.00901200415601977,0.9818456279656727,1.5757397626330634
2012-01-13,-0.00043445918034213705,-0.000841112694789814,0.9814191487695335,1.5744149451535334
2012-01-16,0.0003225125366847792,0.001996477046986911,0.9817357197950725,1.5775613682896352
2012-01-17,0.00029924079257324975,0.010782854726254953,0.982029539129134,1.5946640253689026
2012-01-18,-0.0004064888821187887,0.0064836666363561335,0.981630436160521,1.6050368860539816
2012-01-19,-9.920475659328494e-05,0.01371277315170083,0.9815330585822765,1.6271979906086342
2012-01-20,-0.0004906943159905557,0.0016271079736434046,0.9810515440373602,1.6298477725899414
2012-01-23,-0.00012012145287293095,0.003844402250217982,0.9809337057781402,1.63612562259282
2012-01-24,-0.0005336508579999748,-0.012099406441162586,0.9804103693163064,1.6164487529678784
2012-01-25,3.250638241117815e-05,0.0010704994279855384,0.9804422394286795,1.6181800869639869
2012-01-26,-0.00033629421278653893,0.014812842427692985,0.980112577812342,1.642328344226809
2012-01-27,3.8720024514396896e-05,-0.0049716011492453305,0.9801505285301033,1.6341836057148806
2012-01-30,-0.00033241977162480895,-0.014896627217085623,0.9798247612639913,1.6100202051604815
2012-01-31,0.0005161828996951149,0.007007258890771695,0.9803306606075158,1.621341653391665
2012-02-01,0.006062024522527267,0.0230937281276411,0.9862914982300947,1.6592201714019976
2012-02-02,0.005674077307504732,0.005925608201508226,0.9919036994133447,1.6690812476407066
2012-02-03,-0.003692521750226629,0.013323572465042233,0.9882478272767184,1.691468178368763
2012-02-06,-0.0021942038540510795,0.0002224901963572279,0.9860817873209984,1.6918445553244392
2012-02-07,-0.000779219126926776,-0.003923077085309146,0.9853137128196384,1.6852203209045442
2012-02-08,0.004313400839872681,-0.0028449091325395415,0.989572945100367,1.6804328354327942
2012-02-09,0.005628647614015384,0.0064920388529490225,0.9951586076127664,1.6913777596860529
2012-02-10,-0.0016023189632014918,-0.005981573426158349,0.9935653229204202,1.6812908572739376
2012-02-13,0.0027869803827667338,0.009624370625830991,0.9963382322114701,1.6975503417591402
2012-02-14,-0.006477989876365396,-0.002655213676662882,0.989904823505805,1.6930489615826023
2012-02-15,0.0029926170598828673,0.0038341259317959953,0.9928716666668241,1.699552784781133
2012-02-16,0.0001161442465230408,-0.007602638134434514,0.9929869896953667,1.6866806928970162
2012-02-17,-0.004562432394847626,0.009664468075250454,0.9884668728904019,1.7030605886035846
2012-02-20,-0.0015000385915012293,0.009501927708697622,0.9869852459612511,1.7193200730887863
2012-02-21,-0.0023383291869303324,-0.003570243309901855,0.9846800457623649,1.7131926268459319
2012-02-22,0.0031843750932655,0.006106384620885308,0.9878206341267481,1.7236860457746297
2012-02-23,-0.00029910916005525343,0.004922706100717988,0.9875252121105074,1.7321921649729053
2012-02-24,-0.00028994736211366634,0.0018495278954411276,0.9872389232865855,1.735398867230815
2012-02-27,-0.0017940312367887156,-0.004774142973731799,0.9854693736083496,1.72713357047527
2012-02-28,-0.0008232092596262835,0.00496499795421812,0.9846584599165417,1.73573010835626
2012-02-29,0.002582412881886367,-0.006936903674864325,0.9872045407086527,1.7237311816048593
2012-03-01,-0.0037690085283097756,0.007474541032921778,0.9834907614047868,1.7366635526107843
2012-03-02,0.0014522337918257073,0.00026003518409112303,0.9849200575072997,1.7371152049575973
2012-03-05,0.0016332744895877147,-0.010831238117903652,0.9865300167062622,1.718401625103588
2012-03-06,-0.0018631164138495004,-0.023939224199923004,0.9846937075993838,1.6777529138905811
2012-03-07,-0.004041158678832466,0.012750271252620848,0.9807224337553665,1.6992816757552496
2012-03-08,0.0032454202695632707,0.01506267349792445,0.983910460666045,1.7250711423759664
2012-03-09,-0.011511579293726289,0.006055739122992065,0.97264904010804,1.7355494180130857
2012-03-12,-0.001747259065232246,0.003109351672375027,0.9709510540981299,1.740954249905493
2012-03-13,-0.002840196076653656,0.015973507578255663,0.9681972752108153,1.7689866879464398
2012-03-14,0.0013783241901697424,1.7037609360670558e-05,0.9695326850385144,1.7690168275073455
2012-03-15,-0.0007683787933603244,-0.004349761297534727,0.9687880028195123,1.7613387376115557
2012-03-16,-0.008066271353423034,0.00796869432940106,0.9610049283006061,1.7754303790454131
2012-03-19,-0.00034827512928409433,-0.00062772628722918,0.9606702924610122,1.7743162444477127
2012-03-20,-0.004060767129664988,-0.013006866356079172,0.9567771440492696,1.751387389712379
2012-03-21,-0.0007210860981079991,0.0020265880164949124,0.9560874740373209,1.7549403293650612
2012-03-22,-0.002385452012578178,-0.009057054770410744,0.9538094913376013,1.7391175009573427
2012-03-23,-0.0009392759422207891,0.0012976678188358903,0.9529140216413322,1.7413757626914004
2012-03-26,0.0049674576913705595,0.014419984059040658,0.9576593580985451,1.7666682941128253
2012-03-27,-0.0009383243250804076,-0.0020473106010641118,0.9567611844826762,1.763055075338336
2012-03-28,-0.0006461844572590479,-0.010386180982854043,0.9561431399828352,1.7448384306836182
2012-03-29,-0.0013902644043020116,-0.013787826442172246,0.9548147718153487,1.7209459921328563
2012-03-30,-0.004639437391953836,0.009395006721975463,0.9503952284852137,1.7371904803487306
2012-04-02,-0.00020528968007122212,0.01001984917850507,0.9502001421781047,1.7546843636307536
2012-04-03,8.464450267912098e-05,-0.0013994915199155855,0.9502805748006267,1.752230415284195
2012-04-04,0.0003209398333210581,-0.024906343434237144,0.9505856066357263,1.7091277557246305
2012-04-05,0.0005552190061841062,0.002472133071917071,0.9511135363762865,1.7133581738975294
2012-04-10,0.00034843342257992373,-0.02170903632245924,0.951444993863108,1.6765636509239945
2012-04-11,0.0002464276451482633,0.00874381337081509,0.9516794851038093,1.6912874880255908
2012-04-12,-9.335597260473548e-05,0.01593958289728903,0.9515906442868444,1.7184619042253968
2012-04-13,-9.778435519832157e-05,-0.009099967080741678,0.951497598158582,1.702894894529739
2012-04-16,-0.0003552104285655355,-0.004936461733946018,0.9511596763091966,1.6945093335750756
2012-04-17,-0.00012156153861482116,0.015069650579086158,0.9510440589029333,1.7202383740517375
2012-04-18,-0.0005495059180383008,0.0004987418556368084,0.9505215981250424,1.7210965429151268
2012-04-19,0.0001696362460631698,-0.0007875738757547879,0.9506828547178452,1.7197415858746958
2012-04-20,0.000174574280699089,0.00191538330554053,0.9508488339808142,1.7230387068153166
2012-04-23,-0.0008087872894980531,-0.02327471480341714,0.9500801104384757,1.6833985682257222
2012-04-24,0.00020822724576631736,0.008069999592155597,0.9502779636016244,1.697038557312768
2012-04-25,0.00014934671387691582,0.005511636980353174,0.9504198950909949,1.7064178416437648
2012-04-26,0.0007136524766748158,0.002370507691592749,0.9510984066849503,1.7104677164957385
2012-04-27,1.607884792946646e-05,0.010358595641474011,0.9511136993745414,1.7282778446338742
2012-04-30,-0.001056444529379634,-0.0054242848485976936,0.9501094310802951,1.7189285528415357
2012-05-01,-0.0011244780281690378,0.0075301519572228415,0.9490416543589327,1.7319212029692699
2012-05-02,-0.0005927744442673077,-0.0024369239858330616,0.9484792534246024,1.7277057810656962
2012-05-03,-0.0014104580112723288,0.0006445707390287936,0.947142406268101,1.7288197686411502
2012-05-04,-0.0014328288632893546,-0.028898374337098076,0.9457862850675635,1.6795746665694022
2012-05-08,0.0031475382245630895,-0.025758749194576325,0.9487678734221907,1.6368633802348431
2012-05-09,0.0039250058093297895,-0.0077837031622109976,0.9524991106107157,1.6241719786938986
2012-05-10,-0.002575311626592455,0.014283608183454533,0.9500492844637047,1.647537489506713
2012-05-11,-0.0003183395445156591,0.006648536535355021,0.9497468943411418,1.6585276966124536
2012-05-14,-0.0015529678089785438,-0.018580541982267107,0.9482731126515077,1.627995880350218
2012-05-15,-0.0016844141700591657,-0.008460227655088914,0.9466771724729374,1.614280762894285
2012-05-16,-9.072006121439469e-05,-0.0044116939403355815,0.9465912937574203,1.607174736566673
2012-05-17,0.003388830620353348,-0.007748641219004426,0.9498045728728406,1.5947694403209414
2012-05-18,-0.0015038788335301,-0.015315545555537824,0.9483772554049793,1.5705307643754076
2012-05-21,0.0009343345414137463,0.00034499835564716363,0.9492637711196296,1.5710726883826809
2012-05-22,0.0022124574691947236,0.013704711284537652,0.9513663018625507,1.592752001029617
2012-05-23,-0.0013467371957347576,-0.019451613789884803,0.9500859238369381,1.5620697810073618
2012-05-24,0.0011943756507013094,0.009286221294731334,0.9512213612648732,1.5766430673266854
2012-05-25,0.009118001010126902,-0.005265689524581063,0.9599342603447548,1.5683627743018143
2012-05-29,-0.0014874706016462702,0.022814353543935795,0.9585074477869225,1.6045552411685153
2012-05-30,-0.005561997665415833,-0.015421560071462892,0.9531910302566307,1.580000320366866
2012-05-31,0.0017947461504403232,0.0060229499153443555,0.9549033022760071,1.5895452987717082
2012-06-01,0.001473293345841248,-0.02023518053429285,0.9563111918196574,1.5577038083215218
2012-06-06,0.0023585482516538794,0.022656864564739365,0.9585693598615023,1.5933993399889301
2012-06-07,-0.016004528540232626,0.015125288618909494,0.943350023199404,1.6176831517646961
2012-06-08,0.011641154344455413,-0.004299521195175515,0.9543958749116798,1.6107428195109295
2012-06-11,0.0029062775517275973,-0.003820711886088901,0.9571736487540844,1.604600376998747
2012-06-12,0.0023891388188853903,-0.009142640591351281,0.9594632034176376,1.5899969511185186
2012-06-13,-0.0016011548572797056,-0.002142256778739693,0.9579281834793631,1.5865944152258613
2012-06-14,-0.0009409042551658787,0.003410192317632621,0.9570272886697275,1.5920142433875932
2012-06-15,0.007219711902016157,0.014560753243328506,0.9639617522698738,1.6153647579310821
2012-06-18,7.370282924210221e-05,-0.0007738348965755648,0.9640328015965334,1.6141152158426875
2012-06-19,-0.0059697324236058415,0.013847749762206263,0.95829492755017,1.6366225577921103
2012-06-20,0.0028203104138061247,0.013876306889763157,0.9610014315104947,1.6594911334056328
2012-06-21,-0.007977716338377855,-0.007110498548231092,0.9533653344963281,1.6477331761192149
2012-06-22,-0.002669881838335549,-0.01109865048223746,0.9508233566047524,1.6295466710254014
2012-06-25,-0.0009265537449761154,-0.014189385877623195,0.9499427756786553,1.6065876767291665
2012-06-26,-0.00011376281266713191,-0.0005624086028319653,0.9498347136634572,1.6056843720355454
2012-06-27,0.0013265823538991994,0.008086890075073683,0.9510955837728341,1.6187220109712614
2012-06-28,-0.0008835379938288909,-0.005942116791638696,0.9502556258108362,1.6091318967361863
2012-06-29,-0.004981788985942941,0.02255371275990825,0.9455334250705415,1.6458361480492603
2012-07-02,0.00044358981234112355,0.014655971461436934,0.9459529471061021,1.670135103116601
2012-07-03,0.0007225553354658109,0.008643280398112907,0.9466366974491145,1.6846331140447903
2012-07-04,-0.0004604604157737374,-0.002559136055090505,0.9462009090611713,1.6803274204807555
2012-07-05,4.062746248020138e-05,-0.0027184359078269438,0.9462393515840087,1.6757657611824135
2012-07-06,-0.00032781147425701686,-0.005432149136840536,0.9459292143032229,1.666687431393709
2012-07-09,-0.0005739358526452404,-0.007916990917099298,0.9453864673789276,1.653544377505953
2012-07-10,0.00017892886187515964,0.007456240418573401,0.9455556394379985,1.665919681213029
2012-07-11,0.0002611534615458442,-0.008868470589446176,0.9458026068131108,1.6512108403807615
2012-07-12,-0.0005304395912189784,-0.003992367453431456,0.9453010486998794,1.6446317417910974
2012-07-13,-0.0005379902250189523,0.01089784487055745,0.9447926227523367,1.6626526998333118
2012-07-16,-0.00020036228667278408,0.0028482191274701307,0.9446033409051154,1.6673950494748286
2012-07-17,0.00023251476699513477,-0.0050781624324383046,0.9448230006669084,1.6589492093983604
2012-07-18,0.00010091909882891207,0.00601678355861246,0.944918356164203,1.6689608364193405
2012-07-19,-0.0007344955213097834,0.014045232571071153,0.9442245726852164,1.6925671696748876
2012-07-20,0.0005512252087262291,-0.00656807452280006,0.9447451965496959,1.6814866909086863
2012-07-23,-0.00043357867567004146,-0.024654784177593925,0.9443356639672433,1.6405368781311411
2012-07-24,0.00027428690946406997,-0.0010099712195419386,0.9445947184040059,1.6388808195261666
2012-07-25,0.0002523449337418189,-0.0011489341041528434,0.9448331121730993,1.6369989347477871
2012-07-26,-0.0009280323288958676,0.015160274329623746,0.9439566832396851,1.662005360873998
2012-07-27,-0.00018213653438438134,0.012557268319929094,0.9437847698971162,1.683007195000719
2012-07-30,0.00016070712429808225,0.005343991376118851,0.9439364550215563,1.6920252456676148
2012-07-31,0.0033173029677109602,-0.009135031314663422,0.9470729777468813,1.6766389263151293
2012-08-01,-0.0030890701792381375,0.0044349148422675455,0.9441519168576197,1.6840911900375153
2012-08-02,0.0019130504399757272,-0.009846153435256966,0.9459598558854588,1.66759073608733
2012-08-03,-0.0013148763112869207,0.02006529179143257,0.9447168530560999,1.7013893867070327
2012-08-06,0.0004959928080935179,0.011026470204376082,0.9451855420444757,1.7202535173433124
2012-08-07,0.000722487754741588,0.0030147745651820657,0.945868673772,1.725447519331642
2012-08-08,-0.004483571515442193,-0.0021399910482031714,0.9416372968578336,1.7217590251660164
2012-08-09,0.0075353261307019425,0.0024104052564286604,0.9487596418815674,1.7259141679477812
2012-08-10,-0.001105068626330975,0.0005929683227794413,0.9477117764556341,1.7269378838627691
2012-08-13,-0.0035128412421421736,-0.0029684493832817793,0.9443884560076975,1.7218191572655757
2012-08-14,-0.007005348598044724,0.0058846520819049175,0.9377958045334013,1.7319813350688278
2012-08-15,0.0039343127670842075,-0.0005390911922749098,0.9414926540526557,1.731047890814302
2012-08-16,0.0011302695267082058,0.0003652280365713523,0.942557396118555,1.7316802335042856
2012-08-17,-0.005079857943008081,0.01001719485306829,0.93778147920307,1.7491139846867485
2012-08-20,-0.004259721345618131,-0.004727920501091276,0.9337952874790978,1.7408638312227795
2012-08-21,0.0045116766221638925,0.006568213310677251,0.9380177879633715,1.7523358302362337
2012-08-22,0.008840094619797895,-0.01254449182465045,0.9463467139708478,1.7304909705377007
2012-08-23,-0.0020859372201469393,-0.0024302535076845544,0.9443747515469433,1.7262905449034562
2012-08-24,-0.00027773687416285603,-0.0015186505494781954,0.9441125002755203,1.7236709024830534
2012-08-28,-3.943017883488095e-05,-0.006475525902356338,0.9440752744847088,1.7125452878866185
2012-08-29,-0.002353341116380827,0.0010982784304260917,0.9418561555204188,1.7144271726649996
2012-08-30,0.0031788246511306652,-0.005441669800765325,0.9448549148252203,1.7051231637251372
2012-08-31,0.01264938308921459,0.007415536421792268,0.9568826579957131,1.7178145652660828
2012-09-03,0.0005607728671675714,0.008108820980675446,0.9574194023091385,1.7318006447256549
2012-09-04,-0.005864162743418534,-0.006480061973114459,0.9518213690516008,1.720614751007413
2012-09-05,-0.0043341291012232224,0.0015125581688995027,0.947704979282924,1.7232192501362402
2012-09-06,-0.0024663761030021916,0.019920717668968635,0.945370462450995,1.7578912129109105
2012-09-07,0.00711682318892898,0.011207523691179944,0.9521224948921057,1.7777036370487962
2012-09-10,-0.005667275813024791,0.0028330427625338217,0.9467418154045133,1.782747088254853
2012-09-11,7.867058602607541e-05,-0.005173143957421189,0.9468162990677449,1.7735484942670323
2012-09-12,0.0020284854818826015,0.0026025675415350946,0.9487388514599858,1.7781702856649344
2012-09-13,-0.0057865262495153495,0.0029927310996296086,0.943264802330927,1.7834998421662052
2012-09-14,6.694513144966973e-05,0.022502649135402564,0.9433279514308498,1.8240882742574052
2012-09-17,0.000772632126476241,-0.002909389063006529,0.9440570785491745,1.818789004339285
2012-09-18,0.010220282698463607,-0.012259378486838557,0.9537550825303088,1.796627899784632
2012-09-19,0.005648512938116749,0.0033880046410157405,0.9591576242528707,1.8027252064665837
2012-09-20,-0.002367526502653879,-0.003781941231158825,0.9568894791634819,1.795920281703513
2012-09-21,0.0041758984458123375,0.0017588680777116394,0.9608937072584223,1.7990818481311925
2012-09-24,0.0029469742143677456,-0.003932440800765491,0.9637296128543886,1.7920209576338109
2012-09-25,0.0002255015710312811,0.002374775602620005,0.9639469599012659,1.7962816623898612
2012-09-26,-0.0032675960615679966,-0.016350657139470925,0.9608023111305002,1.7671500860205398
2012-09-27,-0.0022379725883872503,0.001404715771931464,0.95865446620083,1.769634173928002
2012-09-28,-0.004589193732667514,-0.0017285723911566464,0.9542650946744969,1.7665778754301127
2012-10-01,0.00021293856240293678,0.011304472022656498,0.9544683161479846,1.7866614085938826
2012-10-02,-0.0001851304383333825,0.0022641625185446657,0.9542916313656109,1.790711283445856
2012-10-03,-3.995300569932448e-05,-0.0018260705603552196,0.9542535053082546,1.7874443020661406
2012-10-04,-0.0003791024896855213,0.0068577807197733875,0.9538918139919721,1.799744330382079
2012-10-05,-0.00019553517471160861,0.008910859062117638,0.9537053128238306,1.8158532640850127
2012-10-08,-0.00010333213235271498,-0.007222595988213953,0.9536067695116535,1.8027853385661448
2012-10-09,-0.00019653336301213395,-0.00525821814280647,0.9534193723817475,1.7933307788440138
2012-10-10,-2.1573541286927923e-05,-0.0070345403519862515,0.9533988039714212,1.7807597885244355
2012-10-11,-0.00039901716573547763,0.005909021425885896,0.9530184573703027,1.7913134865749383
2012-10-12,-0.00018532474449700563,-0.005063948558623466,0.9528418558330124,1.7822652963471393
2012-10-15,-0.00011072599043492037,0.0014687594963351813,0.9527363573156191,1.7848849387675425
2012-10-16,-0.0002935144892820829,0.010872101502171105,0.9524567564257447,1.8043962613408875
2012-10-17,0.0001853964456744677,0.005043502938065103,0.9526333548929029,1.8135197269598227
2012-10-18,-0.0001402997695265766,0.0021063326793715476,0.9524997100281591,1.8173436286161417
2012-10-19,0.0002469008653519524,0.00024849248425873327,0.952734912065411,1.8177952809629512
2012-10-22,-0.00013314896083920638,-0.0028447707871990247,0.9526080648468894,1.812631418535525
2012-10-23,3.4671024196701616e-05,-0.012444251589155186,0.9526410933167178,1.7902143482465656
2012-10-24,0.0002144686099335608,-0.0023911481807008528,0.952845426838547,1.7859387942434344
2012-10-25,0.00024986080555960976,0.009188271700439898,0.9530835353102192,1.8024241049020426
2012-10-26,-0.0002862267235764277,-0.003874773432244183,0.9528107763699237,1.7954536330873745
2012-10-29,-5.634719969432295e-05,-0.00043613724951541144,0.9527570896633987,1.79467073961512
2012-10-30,9.907150239222357e-05,0.0028146288215040727,0.9528514854155739,1.799729187090504
2012-10-31,-0.0001748664350427094,-0.0016157701602086405,0.95268487824062,1.7968235863971362
2012-11-01,-0.0002882549300887438,0.013052260976092356,0.9524103017035676,1.8204299196526834
2012-11-02,-0.004839760005301297,0.002395448182772597,0.9478120007289234,1.8247958923385235
2012-11-05,-0.0051949386463474665,-0.007477877067010752,0.9429009429036237,1.8112011861039594
2012-11-06,0.00022015152352304265,0.004238509852150685,0.9431085468340575,1.8188942722690744
2012-11-07,0.00037829259762596035,-0.010007179795785248,0.9434653853065035,1.8007830425663973
2012-11-08,-0.003429647405460758,-0.005499415241265737,0.9402351741046531,1.7909069700583586
2012-11-09,0.0037872287408705417,-0.004490662095312459,0.9438028112439076,1.782882642767797
2012-11-12,-0.0012526772482555789,-0.0033072077589988425,0.9426212711341355,1.776996018967676
2012-11-13,-0.0029737667024617733,-0.000516905108860044,0.9398222991924613,1.7760777180047238
2012-11-14,0.0053630587210700235,-0.006676358572923036,0.9448761613366979,1.7642594815964998
2012-11-15,-0.005851944675459601,-0.003008283115677912,0.9393629455656812,1.758960064656131
2012-11-16,-0.004367615666214667,-0.009157218822384294,0.9352691158935177,1.7429264063443344
2012-11-19,0.003407123107438709,0.014390201589822738,0.9384611276105239,1.7681887982048579
2012-11-20,0.001360666429034941,0.006450102246533973,0.9397389292956009,1.7796306576574084
2012-11-21,7.059569852821716e-05,-0.0031774168191560648,0.9398052731635169,1.7739850033222675
2012-11-22,0.0020665394986943875,0.006631480477020446,0.9417494260240403,1.785788243461166
2012-11-23,0.0042883123798002605,0.0022904858431544994,0.9457966133458913,1.78988325414337
2012-11-26,0.002559940873171257,-0.0038176202480677546,0.9482208984434355,1.7830631860887223
2012-11-27,0.0022689734809233928,0.0019907041454363394,0.9503748291978623,1.7866162727636525
2012-11-28,0.00714298045081984,0.0019698306931719145,0.9571876409473329,1.7901390728554292
2012-11-29,0.001612485184448958,0.011372691642105082,0.9587323369020707,1.8106139792442038
2012-11-30,0.0026889466927947445,0.000631781674092835,0.9613137861829958,1.811758253402807
2012-12-03,0.00494039981416067,-0.0005651997126481234,0.9660748116344888,1.8107345374878185
2012-12-04,0.005517562577215972,0.0021510524061909564,0.9714199222929095,1.8146337145352738
2012-12-05,-0.0022822731168931133,0.004123120700572969,0.9692054047472195,1.8221311140878889
2012-12-06,-0.004521539961527125,0.0038017542117128045,0.9648329962378704,1.8290715933639043
2012-12-07,0.0058690276293829734,0.0031556692939549436,0.9705122773773687,1.8348526551897362
2012-12-10,-0.0021847505054320812,-0.0007715252201112577,0.9683942646959418,1.8334375660497437
2012-12-11,0.0027717221184152003,0.0010176467640548026,0.9710821077550081,1.835304307536547
2012-12-12,-5.6057749939847834e-05,0.0027606271190041554,0.9710276726028109,1.8403778983035097
2012-12-13,0.0015703365416635516,-0.001039470349819993,0.9725537107231824,1.8384658739642252
2012-12-14,0.004359212614252652,0.002666083751771353,0.9768025331589156,1.84337391767959
2012-12-17,-0.0005112701995161947,-0.0020930225066386754,0.9763032507778767,1.8395197294401182
2012-12-18,4.8300155750078235e-05,0.0060950337063925275,0.9763504075157784,1.8507659022801675
2012-12-19,4.120043264522913e-05,0.008835651133793476,0.9763906344036583,1.8671910808392163
2012-12-20,-0.0008611253679737388,0.0016434444430188933,0.9755502015702721,1.8702622285841826
2012-12-21,-0.0006924867952463293,-0.004873838673777442,0.9748748797902792,1.8611690495484006
2012-12-24,-0.0010238359266162597,0.0026980502669715634,0.9738772786414863,1.8661973574628827
2012-12-27,0.002266344834008414,0.00015329748754489003,0.9760869233435348,1.866483462758096
2012-12-28,-0.0014302040534256081,-0.0030697915970083756,0.97469191767844,1.8607625330318216
2012-12-31,-0.003746482549496288,0.0012371127620696143,0.9710470833351342,1.8630659305961086
2013-01-02,-0.0005099299269666726,0.018962535212807552,0.9705520435953642,1.8987314697248623
2013-01-03,-0.00029331694453660535,0.003119117586104281,0.9702674059819814,1.9046630823329689
2013-01-04,0.00021767532138881556,0.003440407525205913,0.9704786322399493,1.911227184653306
2013-01-07,0.00024701309042581373,0.0021324094777401825,0.9707183827756324,1.9153070520439337
2013-01-08,4.7971702495648355e-05,-0.006862037416453859,0.9707649509060653,1.9022091339864116
2013-01-09,-0.00026146943482110627,0.0058475007326563855,0.9705111587239029,1.913364888143747
2013-01-10,0.0005627580652105513,0.0017059973565434206,0.9710574754134952,1.916631869523463
2013-01-11,0.00014233821586804844,0.005249026962600212,0.9711957038394112,1.9267187719355796
2013-01-14,-0.00035502304980945197,-0.0030285539936425465,0.9708509681768464,1.9208924272572663
2013-01-15,0.00019003053904870476,0.0012297532027147895,0.9710354770402692,1.923256103943363
2013-01-16,0.00010973896572108779,-0.0008771259192084102,0.9711420433163276,1.921569905777483
2013-01-17,0.0002636414271944417,0.006559653883110528,0.9713981103440911,1.9342161714881958
2013-01-18,-0.00019267202643328144,0.007637561249007163,0.9712109671309077,1.9490454235418286
2013-01-21,0.0003836829419692087,0.003762448542364183,0.9715836757084387,1.9563924193344249
2013-01-22,0.00014276823438961068,-0.002835957763238639,0.9717223968966353,1.9508520329290757
2013-01-23,0.0002907908211221331,-0.001830586105482368,0.9720050059383978,1.9472840970070655
2013-01-24,-0.0008113110624090481,0.010153620664588914,0.9712167273371766,1.9671568002667557
2013-01-25,-0.00048188127708319924,0.005320055959646908,0.9707488289250791,1.9776500721732053
2013-01-28,0.00011010028216658355,-0.0002740617658396616,0.9708557145290162,1.9771081481659298
2013-01-29,-1.2209793017100288e-05,-0.0018978889920315822,0.9708438606540591,1.973359374878499
2013-01-30,0.00035504469276266174,-0.004672286290807293,0.9711886148122312,1.9641607808906782
2013-01-31,-0.002985253456796916,-0.0012271351771921957,0.9682936938289952,1.961751968374351
2013-02-01,0.0006581884166925213,0.01865005086783711,0.9689312233064731,1.9986820458608265
2013-02-04,0.0026562485349087965,-0.007469928690669647,0.9715083667002039,1.9838076579769637
2013-02-05,0.0013703330518879918,0.00498110820088371,0.9728405692974353,1.993713870045904
2013-02-06,-0.002581473142833823,0.00743295028251012,0.9703324462145685,2.0085882579297696
2013-02-07,-0.0033638823885367435,-0.0030702639404687204,0.9670738458347155,2.0024308191482616
2013-02-08,0.0036338593602592596,0.005593027728549416,0.9705944489957289,2.0136618486967337
2013-02-11,-0.0015834596542394896,-0.00012712263697167714,0.9690587680104298,2.0134058829624224
2013-02-12,0.004170765360133755,0.007627740346688228,0.973108925008102,2.0288223418758107
2013-02-13,-0.00019698400318409978,0.009380031106985598,0.9729172569949057,2.0479422912241487
2013-02-14,-0.005072799612080424,-0.00756363485572642,0.9679943397542726,2.0325108360414332
2013-02-15,-0.00013002545562525343,0.004279588465090356,0.9678684840316045,2.0412277851437914
2013-02-18,-0.005086664643739951,-0.004390701633965932,0.962957761821008,2.03228500986803
2013-02-19,-0.0010523316368121157,0.011490146298978487,0.961944943906963,2.0557709319022113
2013-02-20,-0.00020622729349134344,0.006198282251645537,0.9617465850589005,2.0685527521258678
2013-02-21,0.0021496704619119586,-0.013570672116987481,0.963816247033246,2.0406707178449386
2013-02-22,-0.00014379459911665184,0.008389842836947992,0.9636776654262639,2.0578636465846696
2013-02-25,-0.0003330978287865592,0.0012282984536291508,0.9633567199443493,2.060392870322362
2013-02-26,0.0011689164937158337,-0.010998703487036465,0.9644834619089624,2.037855388812034
2013-02-27,-0.0025935186531634846,0.006590234259819638,0.9619852969787982,2.051329683825235
2013-02-28,-0.0016323939932015004,0.00574472389813252,0.9604162389673221,2.0631479202334617
2013-03-01,-0.0029930285568765896,0.0033946700945062247,0.9575459832589533,2.070163527878359
2013-03-04,0.0005757222639291299,-0.005549646548024256,0.9580974225229507,2.0587066721564833
2013-03-05,-0.004081421748078634,0.013567985798276894,0.9541949920154829,2.086829528880144
2013-03-06,0.004123733424973071,0.004462911381061474,0.9581379620891683,2.096163677380909
2013-03-07,0.0007649869400038389,0.00215955241652388,0.9588712055419629,2.1006953441405956
2013-03-08,0.0025229940169874633,0.0046760378354786525,0.9612934862715824,2.1105412770877297
2013-03-11,-0.004302079714208361,-0.0004351967944113966,0.9571668080788364,2.1096229761247796
2013-03-12,0.003922022912140402,0.0005208064012123259,0.9609282095606874,2.110721967430903
2013-03-13,-0.0018175034203552045,-0.003451012427680311,0.9591833054180499,2.1034503940516953
2013-03-14,0.0021018406496002293,0.008005532114042424,0.9612014760733777,2.120357217496208
2013-03-15,-0.002659548316372688,0.0015324526705864372,0.9586485106782032,2.1236090555843505
2013-03-18,-0.0009666667552180024,-0.0011207364796828045,0.9577222647906718,2.1212303826289274
2013-03-19,0.0016833829509355232,-0.0038327564946047943,0.9593358358709332,2.113115783677903
2013-03-20,0.0006676350772354051,-0.00037056111274225145,0.959976535978944,2.112332890205647
2013-03-21,-0.0018708446343689302,-0.003562854071434529,0.9581822479678797,2.1048203473614544
2013-03-22,0.003333358465710294,-0.0016608110079179284,0.9613815421105906,2.101327539808332
2013-03-25,0.0015807788258978797,0.000265067421125309,0.9629024755089071,2.1018846071071833
2013-03-26,-0.002625236705203255,0.0019177380167612057,0.9603779437832396,2.1059193386675776
2013-03-27,0.0007136673289885793,-0.009026773111729725,0.9610635787737444,2.086995222953988
2013-03-28,-0.003924027047889081,0.004361981803981507,0.9572997288499895,2.0961185415506747
2013-04-02,-0.00019060883550193656,0.009578343422480984,0.957117276452519,2.116292346374909
2013-04-03,-1.3105009767190384e-05,-0.006910054479797978,0.9571047335034506,2.101719060055583
2013-04-04,-0.00019093167710456014,-0.014764452340529033,0.956922009335989,2.0709162817897138
2013-04-05,-0.00016092793279996314,-0.020224028871110633,0.9567680262455984,2.0294546845657946
2013-04-08,-8.936394799279713e-05,0.0032217595974870505,0.9566825294976802,2.0360036435945577
2013-04-09,-0.000137891122871663,0.0055010543101676745,0.9565506205642005,2.047234673143029
2013-04-10,-0.00020102272894983124,0.01431067863416935,0.9563583514739521,2.076742626468025
2013-04-11,-0.00045396507117396177,0.01252068112717275,0.9559242967171611,2.1029083230221706
2013-04-12,-0.00011934385629236804,-0.004398215225368318,0.9558102198325903,2.093679589473445
2013-04-15,-0.0001273925308125657,-0.01195021518759809,0.9556884645052336,2.0688085708379282
2013-04-16,6.719990477611119e-05,-0.0059851573742921715,0.9557526888369543,2.0564634066917544
2013-04-17,-0.00011231436685379547,-0.00944439805987507,0.9556453501067924,2.0371327744615866
2013-04-18,0.0002706402612938229,0.0016097805538244359,0.9559040212158789,2.040414752110631
2013-04-19,-6.536687121261495e-05,0.004689069925042588,0.9558415388029946,2.050004866345703
2013-04-22,0.00015259505557043145,-0.0018523976108344442,0.9559874066247959,2.046210957228039
2013-04-23,0.00011013734730134481,0.016491307377194175,0.956092702340204,2.08023543402115
2013-04-24,0.00015582084160051682,0.005600327164254182,0.9562416931173635,2.091918115916434
2013-04-25,-0.0002050905773468569,0.007956689225897762,0.9560455970658525,2.108629252748446
2013-04-26,0.00010083918971036302,-0.002222902074271005,0.9561420087901451,2.103947182228735
2013-04-29,-0.0001789509986095446,0.0012728786114823976,0.955970921531434,2.106626956748699
2013-04-30,0.0009217243003197696,-0.0030705298677524695,0.9568524693698292,2.1001684164026484
2013-05-01,0.0017078233671837828,0.005682787755826979,0.9584880005776495,2.1121372035931447
2013-05-02,-0.0015409908538011735,-0.007095996329480769,0.9570121167890503,2.097202536587474
2013-05-03,0.0011650936967617911,0.012555271683915237,0.9581277753712332,2.12369947426706
2013-05-07,-0.0017286053999436828,-0.0003403199587417305,0.9564729811800321,2.122976859916615
2013-05-08,0.002488501687338375,0.006495897576726861,0.9588561298124568,2.1368123885939116
2013-05-09,-0.006049357154224692,0.006201959588047146,0.9530731758361635,2.1501059932639386
2013-05-10,0.003307987490781761,0.002384882652076925,0.9562311503700047,2.1552398631527074
2013-05-13,-0.00543439836249816,-0.0011042792022220027,0.9510487038659525,2.1528611901972843
2013-05-14,0.0024855120458834546,0.005425837166622927,0.9534154869911637,2.164574011653471
2013-05-15,-0.00014147633884649706,0.0068136969838317185,0.9532806107997844,2.1793731241462018
2013-05-16,-0.0006695765962873722,0.006232266018885824,0.9526425300589031,2.1929979699416733
2013-05-17,-0.006237487521293349,0.008653597526681267,0.9467189275691307,2.212057640168205
2013-05-20,-0.006553864082125838,0.0018903100243630178,0.9405345483209029,2.2162430695331197
2013-05-21,-0.0007895873425104328,0.005730454086053882,0.9397922072564766,2.2289796069042986
2013-05-22,-0.000826564629494649,0.001255475069747547,0.9390157292077371,2.2317797926456286
2013-05-23,0.0009097754404925688,-0.02157465200417441,0.9398704113818812,2.1841456133486257
2013-05-24,-0.0015828847435621805,-0.007937579142518913,0.9383838816597663,2.16687740921776
2013-05-28,-0.003708429591115594,0.015812648969417253,0.9349103956750426,2.201413817479488
2013-05-29,-0.0007095408610801512,-0.016048929964668446,0.934247273831705,2.1663654777491432
2013-05-30,0.0024993843232415116,0.003683413833387661,0.9365852373395315,2.174359812501047
2013-05-31,-0.00040898675880273166,-0.006376424890135013,0.9362022646996772,2.1605392800930767
2013-06-03,0.005935313464753903,-0.008207345918439302,0.9417754415218447,2.1428795557149587
2013-06-04,-0.0010299058911446735,0.0018110264487294359,0.9408060007485587,2.146763883515334
2013-06-05,0.002950524882986684,-0.018580461325955255,0.9435859714333952,2.1072443031693586
2013-06-06,-0.0018289183544362925,-0.011258489368735525,0.9418618068899444,2.0836529661831387
2013-06-07,0.000958012701518477,0.011836993647937888,0.942764554816966,2.108463705696849
2013-06-10,-0.0017151311058901462,0.0014413167703910545,0.9411489758643689,2.1115048609031577
2013-06-11,-0.00043006877825142135,-0.015745230293482848,0.9407443040987494,2.078519096294367
2013-06-12,5.612757998345601e-05,-0.0030176812643141204,0.9407971072817654,2.072256242560817
2013-06-13,0.0007396442128595757,-0.006311393727026271,0.9414932198237125,2.059218603625103
2013-06-14,0.005355230078532695,0.010509072685129794,0.9465486570661847,2.0809731916631735
2013-06-17,0.0021735607324009677,0.006130607781344111,0.9486082756006098,2.093770008156157
2013-06-18,-0.000883254636144769,0.006236176842755015,0.9477707828574211,2.1068679262136807
2013-06-19,-0.00264655610058448,0.0011426613505225447,0.9452657705999762,2.109276738730008
2013-06-20,0.0040240100594400845,-0.024786475143393716,0.9490771930277232,2.057637820411261
2013-06-21,-0.0034858276687062904,-0.009003342163005357,0.9457746329103616,2.0391953495831396
2013-06-24,0.005276544323237167,-0.020338484741612817,0.9507782439592716,1.9981401218535555
2013-06-25,0.00015326940959822875,0.013946641086324263,0.9509239803475618,2.026202699455405
2013-06-26,0.0015641872576662036,0.011120380030735788,0.9524125674315969,2.0488605921870997
2013-06-27,0.0033216198538339563,0.01411829398684894,0.9555813798061666,2.0779921685564195
2013-06-28,-0.0038255784757319344,-0.0003187888851687859,0.9519327118304753,2.07732983332778
2013-07-01,0.00019452986452633977,0.016709636848242226,0.9521179091845701,2.112332890205647
2013-07-02,0.00015301028346257706,-0.0014835494295954987,0.9522636041618748,2.1092014633388723
2013-07-03,-1.814164624534668e-05,-0.003031048095600397,0.9522463286891389,2.102818051361707
2013-07-04,-6.960526302048572e-05,0.024854124340702555,0.9521800496396824,2.1557366513297502
2013-07-05,-0.0001383850807962128,-0.003680177154933517,0.9520482912434889,2.147817738991229
2013-07-08,0.00032906895798236505,0.014391527352895395,0.952361632335223,2.1789516113602967
2013-07-09,-0.00018949357813484292,0.010132789543940035,0.9521811830193666,2.2011427084536024
2013-07-10,0.0005259477776504666,-0.006133391071369232,0.9526821123162742,2.1876835567319786
2013-07-11,0.00011474006819510427,0.007527736848944144,0.9527914293982145,2.2042140032208186
2013-07-12,7.926499965100602e-05,0.003980890988019681,0.9528669554037781,2.213006227714309
2013-07-15,7.929178787509567e-05,0.004249608148494843,0.952942512923785,2.2224306478755342
2013-07-16,0.0004024681227564591,-0.005420422327052421,0.9533261190975064,2.210416724854806
2013-07-17,0.00016270074802639828,0.0028632879218903895,0.9534812385888831,2.2167548539794932
2013-07-18,-0.00016234924410286498,0.006464934378367815,0.9533264541954366,2.2311324536863126
2013-07-19,0.0004915022747724793,-0.0003306538669090031,0.9537951314848163,2.2303948430665375
2013-07-22,-0.000665281388866563,0.0023394450994125293,0.953160800362789,2.235618837593524
2013-07-23,-1.9830258437813852e-05,-0.0018468324827392024,0.953141899125194,2.2314938343726625
2013-07-24,-0.00019817665933829018,0.0008698981337396106,0.9529530273633555,2.2334358512506
2013-07-25,-0.0003420967142322047,-0.004540035413665322,0.9526270810196422,2.22331895629983
2013-07-26,-6.78519616401196e-05,-0.0028684835814623,0.9525624455963285,2.2169505405919936
2013-07-29,-0.00028809994490978984,0.0008010577253525497,0.9522880519365261,2.2187271574405814
2013-07-30,0.0002332212706097851,0.006256932444342667,0.9525101716665013,2.232653104800594
2013-07-31,-0.00471877492411106,0.0028953518798431332,0.9480260785870155,2.23912678843822
2013-08-01,0.001243603010632313,0.012581122181206439,0.9492057800606175,2.2674754713352843
2013-08-02,-0.0041545621784767894,0.004689793330594938,0.9452704261239742,2.2781344373155785
2013-08-05,-0.0005084557376925233,0.0042995064381639025,0.9447899201205096,2.2879503777240595
2013-08-06,-0.0005707078671004751,-0.005416994898345351,0.9442508749136407,2.275590070286313
2013-08-07,0.00046537916963829926,-0.009639365968334701,0.9446904118694771,2.2537602068571054
2013-08-08,-0.0015008753979456912,0.007725579272401362,0.9432736127570529,2.2712392408920445
2013-08-09,6.134314304332778e-05,0.0025950440592961144,0.9433314779000059,2.2771408609614956
2013-08-12,0.0025860990434981314,-0.0032116786095581773,0.9457741837109028,2.2698391480213824
2013-08-13,-0.0010914588810711809,0.001583912551609501,0.9447424732158166,2.2734372235042963
2013-08-14,0.0019287997593274136,-0.0009606753416395719,0.9465664507490213,2.271254237161375
2013-08-15,-0.0009531146262095086,-0.026415844380565545,0.9456646942270635,2.2120426438988785
2013-08-16,-0.0029244524885525995,0.009591073890884871,0.9429031826814848,2.233360575859468
2013-08-19,-0.0023615127429725603,0.0020606601369070887,0.9406791318959083,2.2379675180102905
2013-08-20,-0.0007880277712593397,-0.006147302630189699,0.9399381426145417,2.224252253532107
2013-08-21,-0.001969990827032187,-0.002100471062167486,0.9380882957845069,2.2195851792817254
2013-08-22,0.002674483116642569,0.007467083583541978,0.9406005550935695,2.2362210407226053
2013-08-23,-0.003387742555458253,0.006676376264424633,0.9374194340174368,2.251200843558506
2013-08-27,-0.0002738313307633697,-0.012455932316713714,0.9371627743486693,2.2233339525691593
2013-08-28,-0.0017405590875814465,-0.009675598637883809,0.9355330059308038,2.201925601925858
2013-08-29,-0.0033760530357282224,0.007492814839823225,0.932379922369605,2.2184861879756017
2013-08-30,0.0023774902187323364,-0.007533812369828752,0.9345992837247338,2.2018353302653932
2013-09-02,-0.004749118687402453,0.016969482719543905,0.9301712836725319,2.239518161663223
2013-09-03,-0.005298483732826901,-0.0009415879903382773,0.9252558200090735,2.237410450711439
2013-09-04,-0.0010575345705640523,-0.0006731060732718674,0.9242778472039689,2.2359049428887343
2013-09-05,0.001651036503192681,0.00843483823429736,0.9258051241168254,2.2548442018939
2013-09-06,-0.002172588637127976,0.004729306542271772,0.9237959138080306,2.265533307435097
2013-09-09,-1.959721763118401e-06,0.002959445423584839,0.9237941034268475,2.272247960537708
2013-09-10,0.00566333217678699,0.011711512040490035,0.9290406988809624,2.2990158602209334
2013-09-11,0.002911393011559935,-0.0016319300149891802,0.9317494426746918,2.2952670869335026
2013-09-12,-0.004442584385463974,-0.0035285122864578966,0.9276192483109772,2.28718248052113
2013-09-13,0.00760362562583184,0.001841366861375704,0.9346994011024237,2.291397902424702
2013-09-16,0.003336588512116102,0.0047129187850529775,0.9378233170993715,2.3022225624788453
2013-09-17,-0.0001661780561664349,-0.009177493109985946,0.9376674843918552,2.2811905887912216
2013-09-18,0.002104065021180732,-0.004173053647802405,0.9396424747727299,2.2716908932388584
2013-09-19,-0.0034618261599441815,0.003169389205288198,0.9363952198316082,2.278902187496259
2013-09-20,-0.0027416604623360244,-0.006947451938343008,0.9338314581681884,2.2631244949187734
2013-09-23,0.0040082134105391505,-0.007438265491451546,0.937581965337335,2.246353225987202
2013-09-24,-0.00025725138209229314,0.00949175531441071,0.937340802102045,2.2677765728998254
2013-09-25,0.0013974237797080135,-0.002286348904050328,0.9386515800714386,2.262597567180827
2013-09-26,0.0009455376586626546,-0.0012916497415602635,0.9395395302177552,2.259676970218129
2013-09-27,-0.008587940387554956,-0.005645712259253699,0.931505368569522,2.2469554291162797
2013-09-30,-0.004693773620837259,-0.0011195750176078434,0.9271433384423409,2.244441201647915
2013-10-01,-7.987267907127867e-05,0.0038963044057496177,0.9270692879773602,2.253203286580503
2013-10-02,-5.518621318120065e-05,-0.005030577963156091,0.9270181279456774,2.2418968346186467
2013-10-03,0.00012172352299870684,-0.002575271639008392,0.9271309747260091,2.236130769062142
2013-10-04,-0.00028170771217662287,-0.0009295239551363466,0.9268698315649792,2.2340531976712574
2013-10-07,-0.00018401051908721965,-0.004606542033796401,0.9266992934570307,2.2237856049159705
2013-10-08,0.0001380949453736181,-0.007024846101211679,0.9268272747819221,2.2082185952203104
2013-10-09,-0.00015639081843785266,-0.002020065778216562,0.9266823388394891,2.203762350874006
2013-10-10,-0.00014938875603770117,0.017512085591663507,0.926543913257518,2.24269472436023
2013-10-11,0.00019421517388432789,0.004901852471050461,0.9267238796202762,2.253715071026874
2013-10-14,-0.0003768097787342986,0.005834765405630549,0.9263747467827134,2.2669034077671086
2013-10-15,4.365292135031625e-05,0.004704207216349232,0.9264151866293279,2.2775925133083073
2013-10-16,-0.0003761923243310861,0.005813113667555214,0.9260667418922013,2.2908709746867553
2013-10-17,0.00031082228540701994,0.0010050270153154628,0.9263546288118731,2.2931745192732906
2013-10-18,0.0003542702471232501,0.010403991663906709,0.9266828668341957,2.3171572294845144
2013-10-21,-8.655191784197413e-05,0.008462442221441435,0.9266026641257391,2.336849242401035
2013-10-22,-0.0003539821584105066,-0.000612221901223009,0.9262747213610711,2.335419009969463
2013-10-23,0.0007418997662414213,-0.0011287592910136368,0.9269621793412494,2.332784371279732
2013-10-24,-5.12037527059565e-05,0.0020566375023811645,0.9269147166141958,2.337587000043057
2013-10-25,7.258508803580952e-05,-0.0022761124161512214,0.9269819992423312,2.3322724398111134
2013-10-28,0.000167563637398811,-0.004062036210914499,0.9271373407323565,2.3228178800889827
2013-10-29,0.0001094265416816412,0.006891847599879597,0.9272387997162684,2.338881677961684
2013-10-30,0.0002152771022577506,0.0030528487485703693,0.9274384344857987,2.3460328401195256
2013-10-31,-0.0009424839238951419,-0.006631708301895856,0.9265647504521441,2.3305261095456764
2013-11-01,-0.0011434054676847621,-0.0015709881807577375,0.9255059167038195,2.3268677549409578
2013-11-04,0.0015253793380793047,0.0008213785226338643,0.9269187415794219,2.3287797792802416
2013-11-05,-0.0003612181198816778,-0.006537886905036316,0.9265839821985224,2.313604142809585
2013-11-06,-0.0027502751899432347,0.0023528479498402532,0.9240391223973822,2.3190541105322247
2013-11-07,0.00022420939808126734,-0.0009287608542205561,0.9242463238802103,2.3169012637502044
2013-11-08,0.001579219601143863,-0.003091293156936459,0.9257070649030121,2.309750101592361
2013-11-11,0.0004241091985360308,0.005097167930562918,0.9260997490489805,2.321553341731262
2013-11-12,-0.00048309262640707233,-0.003332358675713465,0.9256524651373762,2.313829968982992
2013-11-13,0.005134863366848793,-0.012393391008435728,0.9304177882420333,2.2853307353036554
2013-11-14,-0.0024922922877310123,0.005131843525617796,0.9281018024196477,2.297088839612324
2013-11-15,0.002981076317093963,-0.0007409255530816949,0.9308726727586483,2.2953874981548688
2013-11-18,-0.003110928414020573,0.0028752187620852965,0.9279812942787289,2.3019967363054374
2013-11-19,-0.00029645968900481745,-0.0016298150912739118,0.9277062260081663,2.2982479630180035
2013-11-20,0.001713355368273088,-0.005702200834958759,0.9292970789096834,2.2851801845213857
2013-11-21,0.0011527021886139476,-0.0019981874393213417,0.9303688993125979,2.2806185252230433
2013-11-22,0.0017147009305191513,0.0025843854456688575,0.9319655722470472,2.2865201452924926
2013-11-25,-1.965972709362825e-05,0.007360415362276385,0.9319472502383396,2.3034119724676785
2013-11-26,-0.002206785481920104,0.0004050982705852135,0.9298929101542374,2.3043452696999545
2013-11-27,0.0008556259253177687,0.006551076187339078,0.9306888911183478,2.3194907666097055
2013-11-28,-0.0007982820654985603,0.0016278103615512407,0.9299462353318453,2.3232695324357944
2013-11-29,-0.0043747683167884,0.0022525321739408355,0.9258868219759538,2.3285086702543536
2013-12-02,0.001440448565400642,-0.008558092269979056,0.927221475339382,2.3086661065555667
2013-12-03,-0.002219085118490198,-0.011919636977008707,0.9251661732504685,2.2813110000125856
2013-12-04,0.004494335725019505,-0.0016577743508019438,0.9293335383887642,2.2775322341865
2013-12-05,-0.0022164961397292673,0.001961335193964686,0.9272759553432273,2.2820036218243778
2013-12-06,-0.0016017679517973333,0.010461159302048273,0.925791863338298,2.3060013283049297
2013-12-09,-0.000258263774727828,0.004865061534381709,0.9255527957096429,2.3172475011449807
2013-12-10,-0.002899421746161814,0.001233662265564206,0.9228731144468654,2.320107966008114
2013-12-11,-0.0018256767525328405,-0.0009543444298376613,0.9211897835328989,2.317894840104293
2013-12-12,-0.0023251308234142455,-0.012062484484253844,0.9190503849276531,2.2901032245060775
2013-12-13,0.002489910531792985,0.0014452293532105642,0.9213415894237126,2.2934153417160243
2013-12-16,-0.00675271177109669,0.009870033604114425,0.9151409942055562,2.316163506108182
2013-12-17,-0.0035269012809846087,-0.002342744483522452,0.9119190673096631,2.3107436779464465
2013-12-18,-0.0013482762519877634,0.001178604027824548,0.9106903769806016,2.3134687353188923
2013-12-19,-0.001181271547286903,0.014426839830033344,0.909615239489571,2.347086695595419
2013-12-20,-0.002133569821801654,0.002984612128763331,0.9076765807324718,2.35410230324032
2013-12-23,0.00027923286391484426,0.006698959448604214,0.907930069253134,2.369925278670288
2013-12-24,-0.0004928005386270928,0.0026201567697281547,0.9074827510543476,2.376142996573607
2013-12-27,-0.0010051271335064762,0.006007365287233668,0.9065710737706154,2.390460317158619
2013-12-30,0.00071366878599465,0.0014223689935892736,0.9072182961719935,2.3938628530512793
2013-12-31,-0.0038136968266896856,0.0021799283464609687,0.9037650296759459,2.3990869946005122
2014-01-02,2.8581950916409623e-05,-0.001023452427308058,0.9037908614128229,2.396632899231709
2014-01-03,0.0001429708622696028,0.006349530522671287,0.9039200864090751,2.4118988073628236
2014-01-06,-4.656958374462547e-05,0.0017960706087922773,0.9038779922070749,2.41623464048776
2014-01-07,-0.0007100651079524161,0.0012391857136275775,0.9032364077932724,2.419230659863843
2014-01-08,9.925825887386784e-05,-0.004209429660463115,0.9033260659160425,2.4090684820605905
2014-01-09,0.0003451276053275025,-0.0032988474607673623,0.9036378824831593,2.4011344264304904
2014-01-10,-0.0005752006152267585,0.01510264598732114,0.9031182588754489,2.4376731306919632
2014-01-13,0.0005386592555684376,0.003889460430064773,0.9036048629295881,2.4471728262443264
2014-01-14,-0.0001369113737674537,-0.0011572387813512108,0.9034811576149869,2.4443425009420943
2014-01-15,-3.949400585746089e-05,0.003498455095391151,0.903445476229461,2.4529088992621775
2014-01-16,4.8943404724169985e-05,-0.005119613540989221,0.9034896950091503,2.440383044772834
2014-01-17,0.0006742675063799923,-0.0013952359331863562,0.9040990941787855,2.4369805088801706
2014-01-20,0.0003725143811514928,0.0024680554367169094,0.9044359468306864,2.4430025401709874
2014-01-21,8.855511967621511e-06,-0.005121795898601178,0.9044439561095006,2.430521968534121
2014-01-22,2.338012260541349e-05,0.00018580798431422352,0.9044651023672842,2.4309736208809323
2014-01-23,-0.00019681070910378742,-0.010402498423935924,0.9042871114649601,2.4058164969502016
2014-01-24,-9.893843157684996e-05,-0.017466899403201452,0.9041976471422595,2.3641592131137807
2014-01-27,0.0001835010857622754,-0.011219535972688988,0.9043635836165497,2.337782686655561
2014-01-28,7.999451008765466e-06,0.012008824982538968,0.9043708180576667,2.3660259546005853
2014-01-29,-0.00010522918113496616,-0.0017513641448871908,0.9042756568639951,2.3618858080881515
2014-01-30,0.0006641189294972535,0.0008601438670350348,0.9048764029065314,2.3639182436487993
2014-01-31,-0.0012189469811392534,-0.0017465098295286197,0.9037740785208844,2.359793240427941
2014-02-03,0.0030831754073052985,-0.007440989817236954,0.9065648725765728,2.342299210123672
2014-02-04,0.0046537176824821185,-0.0011512061740539536,0.9107936015780368,2.339604292312133
2014-02-05,0.0008893188902852633,0.0013568768936984554,0.9116039478077682,2.3427810020313866
2014-02-06,0.004789136763633409,0.014577005766145845,0.915980214693964,2.377181855780171
2014-02-07,0.003827268292291477,0.004751183712565776,0.9194926339239156,2.3885031569891075
2014-02-10,-0.0003194079510031979,0.0028701475664885123,0.9191989875647388,2.395368360873985
2014-02-11,0.004733387023615247,0.010478673478065303,0.9235602256958115,2.420600613173605
2014-02-12,0.002419945416837742,5.5998795007283775e-05,0.9257978974609149,2.420736167686546
2014-02-13,0.001725073461806699,-0.0031019629451662922,0.9273963451682823,2.41323876813393
2014-02-14,0.0010414979175767827,0.005052855725601546,0.9283627296869207,2.4254633740364886
2014-02-17,0.001903838684242196,0.008289297556267172,0.9301318661055152,2.4456523221522968
2014-02-18,0.0012235171734403373,0.00597786248985166,0.9312705949023229,2.460315880132085
2014-02-19,0.0010402215234661882,0.000318157901311622,0.9322398266397715,2.4610987736043395
2014-02-20,0.0026977310854770335,0.001314337794038778,0.9347581543573872,2.464335615423152
2014-02-21,0.00044974396873144365,0.005610823553688249,0.9351786507503024,2.4782014306836024
2014-02-24,-0.0023720356801082473,0.0047515187995355035,0.9329630024607177,2.4900046708225028
2014-02-25,0.0019709775453860823,-0.0006895286369985598,0.9348036649455805,2.4882883330957197
2014-02-26,-0.002497314708123235,-0.003406176249262316,0.9324720785681416,2.4798272027054287
2014-02-27,-0.004563564471849874,0.0031096402636769938,0.9282263772536892,2.487550575453696
2014-02-28,0.0005928796562228687,0.012211045290481337,0.9287768669600813,2.518112384254588
2014-03-03,-0.0011475694931986317,-0.021220839180692508,0.9277116422881386,2.4652389201167737
2014-03-04,0.004024725713759672,0.019599316603443384,0.9314529510102465,2.514032516863957
2014-03-05,0.0059621911221102095,-0.005073059663384782,0.9370230399926414,2.5013109757621104
2014-03-06,0.0002182429344370308,0.003448903479638332,0.9372275609673416,2.509952649473329
2014-03-07,-0.005264439103641348,-0.006758760933765373,0.9323065480978693,2.493045679006566
2014-03-10,0.0004233818741207706,-0.0065615798744627085,0.9327013533622569,2.4767409116688857
2014-03-11,9.054835387822509e-05,0.001840164366674557,0.9327858117581905,2.4813027179894758
2014-03-12,0.0016847949110579026,-0.009436723290537685,0.9343586891628157,2.45799748629847
2014-03-13,0.007016366623629634,-0.008642777045125172,0.9409375451272556,2.436845101389478
2014-03-14,0.001177934306733032,-0.003794354083947127,0.9420465607877181,2.4276163678407543
2014-03-17,0.008365428906671992,0.010640924518687811,0.9499602388241216,2.4535863777823947
2014-03-18,-0.00238143171942814,0.003479147175788455,0.9477006649575072,2.462137632810905
2014-03-19,0.005268193237279029,-0.0009421216629927898,0.952706509492143,2.459819091955041
2014-03-20,-0.0009480744988274287,-0.007457871374324299,0.9518037007782097,2.4415423152007647
2014-03-21,0.00017544559461807243,-0.0035395469739096797,0.9519707051941186,2.4329156377588723
2014-03-24,0.0013552509784532326,-0.008744704880625065,0.9532617390636452,2.411733260311225
2014-03-25,-0.0010396515328513658,0.008311445390463135,0.9522711940354689,2.431861782282978
2014-03-26,-0.0019107817194474802,0.0061594208957505,0.9504533489516195,2.446886867971362
2014-03-27,0.000156041808970364,-0.003124330884169524,0.9506016709834499,2.4392539139058056
2014-03-28,-0.0026809769112664133,-0.0012660613756239059,0.9480565430907448,2.436167622869262
2014-03-31,-0.005446431333879911,0.005669333627658091,0.9429070541265544,2.4500182948381384
2014-04-01,0.00015124954903365426,0.008194298519455856,0.9430496791789873,2.470176956370794
2014-04-02,6.15722074203935e-05,0.0005118506750250162,0.9431077466170932,2.4714416417507654
2014-04-03,-0.0002818564954164848,-0.004083642924488373,0.9428419630310062,2.461369735607977
2014-04-04,-0.0003534716246107235,0.005161230901462588,0.9425087540440128,2.4741062729791503
2014-04-07,1.259717954847048e-05,-0.010453777958437271,0.9425206270707966,2.448377232502491
2014-04-08,-0.00021211917910940876,-0.015385717163717061,0.9423207215717334,2.410995502669202
2014-04-09,-8.578739332216947e-05,0.009273437521780892,0.9422398858007509,2.433457708788393
2014-04-10,0.00013035064109366668,-0.0009408332668066066,0.9423627153792123,2.4311693074934326
2014-04-11,-0.0004003924291685236,-0.015608666296133222,0.9419854760093773,2.3935166156565093
2014-04-14,3.178862726313812e-05,-0.012404908011802718,0.9420154209105126,2.364008662331512
2014-04-15,3.486697681333744e-05,-0.007151837393898575,0.9420482667129649,2.3471619709865568
2014-04-16,-0.0001036222148023488,0.00992461036595671,0.9419506546425942,2.370572617629602
2014-04-17,7.15882695842387e-05,0.010229500973483852,0.9420180896737436,2.3949468480880767
2014-04-22,0.00019958117983698165,0.010897216721652114,0.9422061175182939,2.4211878200333565
2014-04-23,-0.0002855099145957432,-0.0057745959891590815,0.9419371467288903,2.4072467293817694
2014-04-24,0.00015664563168913553,0.00013759218522579886,0.9420847086254126,2.4075779705072153
2014-04-25,-0.00031304256550736113,-0.006499371020145972,0.9417898421665836,2.3919809682729
2014-04-28,-0.0001602669451947686,-0.003909900753022555,0.9416389164800866,2.382646819772136
2014-04-29,-3.6615471338587044e-05,0.004438418428744484,0.9416044385585454,2.393245506630624
2014-04-30,0.0012424350803181376,-0.005007257436663082,0.942775047997326,2.381291862731702
2014-05-01,-6.2250058240272e-05,0.0020904473942486845,0.9427163620223024,2.386275034815952
2014-05-02,-0.004087993663611785,0.005072228754510633,0.9388704099775957,2.398409516080296
2014-05-06,-0.0015064923015454979,0.0004894824346610704,0.9374570737901581,2.3995837827775564
2014-05-07,4.9845919668931255e-06,-0.0035637339827925274,0.9374617466428035,2.3910475240183744
2014-05-08,0.0028209261886545847,0.005431639231108676,0.9401099905288922,2.404070166684762
2014-05-09,0.00063176301814031,-0.005230161272480771,0.9407041049038775,2.3915293159260913
2014-05-12,0.0011220891006469814,0.006037700023359349,0.9417602511612112,2.4060123305849523
2014-05-13,0.00038454601041072105,0.0035914754329784415,0.9421224709491822,2.4146690005654974
2014-05-14,0.002464559449031911,-0.004017109514382611,0.9444472513901702,2.4049884676477142
2014-05-15,0.00049389989743635,-0.022671888772821447,0.9449138290025986,2.3510762913255867
2014-05-16,-0.0019710948714178824,-0.014096885747207466,0.9430531485915561,2.3181659491301785
2014-05-19,0.004105914853986039,-0.0012021848413272807,0.946933204661378,2.3153807596581757
2014-05-20,0.0026596422789906577,0.003951984797909702,0.9494550603783486,2.3245492140850943
2014-05-21,-0.0027235715765040534,0.010495072132014727,0.9468726698218074,2.3490739953258393
2014-05-22,-0.00010042218936140174,0.0045974072216949935,0.9467775875695214,2.3598985083577313
2014-05-23,0.0004967680593227222,0.001969363788816736,0.9472480332758341,2.364550586338784
2014-05-27,0.002369659175975133,0.008741787904178011,0.9494953499054368,2.3853115980227715
2014-05-28,0.0011974831600817947,0.005758481187204012,0.9506330356413294,2.3990869946005122
2014-05-29,0.0019106783798512226,0.0012166381105558344,0.9524511259695357,2.4020075915632093
2014-05-30,-0.00021330998284416116,0.003472540767834431,0.9522479803034648,2.4103631599792146
2014-06-02,0.0003054344365621879,0.004617629524751976,0.9525388740510188,2.421519061158803
2014-06-03,0.0004282740674616417,-0.007018929765489901,0.9529469091182061,2.4045820981533845
2014-06-04,-0.005484868999426429,0.0009136634006807753,0.9477344281136117,2.4067800807656305
2014-06-05,0.0030616692556723665,0.000562816599185112,0.950640523956757,2.4081350378060637
2014-06-06,-0.0016349802794434827,0.014732638401168785,0.9490875153624141,2.443875852325955
2014-06-09,0.0005144881614862684,-0.0008936468256059982,0.949575935285643,2.441692865983035
2014-06-10,0.0005562441040792953,-0.0004810991026840128,0.9501042782312226,2.440518452263526
2014-06-11,-0.0026931021457926004,-0.00761656052644355,0.947548992727642,2.422000706044267
2014-06-12,-0.0036433798117545195,0.002384111634812669,0.9441029932113354,2.4277819148923507
2014-06-13,0.0012729966987187163,-0.01948667815710614,0.9453055984988205,2.380930482045354
2014-06-16,0.0054740367883887005,-0.006858812756687982,0.9504944250781046,2.364656001290825
2014-06-17,-0.0007114657842435389,-0.007746390514101975,0.9498184213218337,2.3464092170752053
2014-06-18,0.00288863844141641,0.0024800119774059937,0.9525660698970939,2.352235561753517
2014-06-19,0.0008571853897022988,0.0038137265790236796,0.9533829456719077,2.3612234728595105
2014-06-20,0.0037776918470669415,0.006830779393567354,0.9569913440702369,2.377407681953577
2014-06-23,0.003909320546189147,-0.0073793001529995905,0.9607398522802475,2.3599286479186334
2014-06-24,-0.0021568743525757187,-0.008205641966343435,0.9586698902598368,2.3406431515186954
2014-06-25,0.0003430604070482862,-0.006012701154196165,0.9589988283622078,2.3266117892066465
2014-06-26,0.0051867467402034,0.01239854124131412,0.9639858343975497,2.3556379506239304
2014-06-27,-0.00024887347129734256,0.002215262859422751,0.9637459537478648,2.36086209217316
2014-06-30,-0.004615690731168738,0.0026810699610440025,0.9593078508165629,2.3672002212978445
2014-07-01,-0.00013701248126144717,0.007432484040101883,0.9591764226714827,2.384859945675963
2014-07-02,-0.0007247641742912223,0.0035414504686439585,0.9584814978222422,2.393320782021757
2014-07-03,0.0002891815806792983,0.008262903561824686,0.9587587130976782,2.4131784890121213
2014-07-04,-0.0001673400670975893,0.0013217410826840137,0.9585982877734647,2.4163701950007033
2014-07-07,-1.0188337998503661e-05,-0.009886619819406306,0.9585885212998562,2.392598167671308
2014-07-08,-0.00019681756474692634,-0.015204054269693401,0.9583998728067771,2.356496119487318
2014-07-09,-6.855114406496764e-05,-0.0065957589368323966,0.9583341756508578,2.3410043851827984
2014-07-10,1.313271601317446e-05,-0.007079796509065872,0.9583467612640738,2.3244890819855355
2014-07-11,7.524035943836632e-05,0.0007445462146566939,0.9584188703315799,2.326220415981645
2014-07-14,-0.00028142110033422185,0.008140777516342013,0.9581491889873003,2.3452349503779435
2014-07-15,-0.0002951915156969637,-0.008846489430441196,0.9578663932174488,2.324579353645995
2014-07-16,-3.629473309565439e-05,0.010289819714014214,0.9578316283432604,2.3486223429790276
2014-07-17,-0.0003229747322148959,-0.00296590693324994,0.9575223228812024,2.3416668674336854
2014-07-18,-9.372392417114736e-05,0.00017998924570505892,0.9574325843370105,2.3420883802195935
2014-07-21,0.0005745150067344746,-0.004555007353573615,0.9579828017635988,2.331444410508625
2014-07-22,-0.00044441386714821,0.010572834734970726,0.9575571555105599,2.356225157483681
2014-07-23,-0.0003924400442595978,0.0047997366694705335,0.9571814454647256,2.367561601984193
2014-07-24,-0.0001662917626526656,0.0014424410150084555,0.9570222873086928,2.370979134146181
2014-07-25,-0.0005596526791293074,-0.0036195641129843636,0.9564868370686704,2.362412735826097
2014-07-28,7.46256237569849e-05,-0.004810222870567316,0.9565582181588981,2.3510762913255867
2014-07-29,-0.00014692683418845968,0.00450429627332305,0.9564176844125291,2.3616901214756494
2014-07-30,-0.00022066317836050007,-0.0036530079240577606,0.9562066615297927,2.3530785873253337
2014-07-31,-0.002189157535353919,-0.008623248500345682,0.954115664107807,2.332874642940197
2014-08-01,0.0036440126771015093,-0.0060132560419603465,0.9575988161539959,2.318888563480625
2014-08-04,0.006079576327817374,-0.0026068726065826553,0.9634383441900959,2.3128513888982343
2014-08-05,-0.00030218743776194734,-0.0006966884815167163,0.9631472492102616,2.311240613145738
2014-08-06,0.0008723440887577617,-0.005827314158850072,0.9639878115962233,2.297811453962771
2014-08-07,-0.002559208992869293,-0.0014818698754215376,0.9615239194719928,2.2944089180701113
2014-08-08,0.00926724391269447,0.0002165618293759053,0.9704760127090024,2.294905853269401
2014-08-11,-0.0016882050184009439,0.014154684789472682,0.9688390324020817,2.32762050885231
2014-08-12,0.0019299239460225054,0.0003297889784619201,0.9707106234838669,2.328388259032987
2014-08-13,-0.0014017298122855032,0.003981523568642231,0.9693509026670669,2.3376772717035226
2014-08-14,0.0005072579740811669,0.009492692927757673,0.9698427383753738,2.3599737837488672
2014-08-15,0.0005370513172428149,-0.0004976999938950399,0.9703637335835958,2.3587995170516063
2014-08-18,0.0020087186270581784,0.008174452313884473,0.9723148802865651,2.3781604358649293
2014-08-19,0.00013624090367938315,0.006241365057855219,0.9724473583687782,2.3930498200181214
2014-08-20,-0.0005973435244583764,-0.009252909390818687,0.9718666466958261,2.371009273707086
2014-08-21,-0.006704127611722349,0.0056794276128595556,0.9653729203816132,2.3845135612589403
2014-08-22,0.001397585560453373,0.0026797243655654057,0.966723054880069,2.390911969505434
2014-08-26,-0.0016727348898945942,0.007334016082099382,0.9651073352093761,2.4085114147617395
2014-08-27,-0.00046774024396234416,0.0016613026935488051,0.9646560212260399,2.412516006761232
2014-08-28,-7.001661952248128e-05,-0.007120583623521526,0.9645884816369061,2.3953985004348866
2014-08-29,0.004819134491789302,-0.0015850877216063708,0.9692481821026708,2.3916045913172232
2014-09-01,0.004869394309160124,0.004484500996042584,0.9739793432810473,2.402353828957983
2014-09-02,0.004757236226111298,0.0005200583561482119,0.9786238318016793,2.4036035180686235
2014-09-03,0.0005194790327614047,0.0016584633511715907,0.9791323384310915,2.4075931137987907
2014-09-04,0.002207447806276557,0.0002438070919765778,0.9812961092905944,2.4081801736362967
2014-09-05,-0.002218025218373553,-0.004461116696679923,0.9791219817996236,2.397460928534196
2014-09-08,0.00045239414159653816,-0.009863475715491177,0.9795650310569862,2.3739298706697833
2014-09-09,-0.00025254410055263723,0.001178923789215247,0.979317678922261,2.3767302034333615
2014-09-10,0.004023120363685039,-0.007260149194980414,0.9832655278296926,2.359537274693632
2014-09-11,0.001590296637888536,-0.0032785636703849264,0.9848304557127131,2.351814048967609
2014-09-12,-0.00026100287981183377,0.005776617809399198,0.9845734456692854,2.3654388947630824
2014-09-15,-0.0035210340471236883,-0.003998601942077684,0.9811128251019159,2.355999331310279
2014-09-16,0.0017497529706337464,-0.003591326284251295,0.9828310329634427,2.34755334421156
2014-09-17,0.004366732378633472,-0.00105226313152329,0.9871321771960607,2.3450843995956716
2014-09-18,0.0012519868094354224,0.009335655232586504,0.9883688276345635,2.367079810076479
2014-09-19,-0.0017232058156282533,0.008631567667229945,0.986667131330372,2.3875998522954855
2014-09-22,-0.0021862262418482457,-0.007246018903689588,0.9845124099683039,2.370361787725522
2014-09-23,0.0007050873404232103,-0.013485554621164297,0.985206821986855,2.3386107159580485
2014-09-24,-0.0001997822954567814,0.00025099780874704436,0.9850100147664125,2.339197775795551
2014-09-25,0.00035106841161557415,-0.007214927465765797,0.9853558813755903,2.32238137103375
2014-09-26,-0.0016311103298758808,-0.002739420239185719,0.9837499672864517,2.31602809861749
2014-09-29,-0.0007419567282837981,0.000415900161524263,0.9830203380893923,2.316991535410671
2014-09-30,-0.004524279736805192,-0.0006759494390262688,0.978582924711776,2.315425895488408
2014-10-01,-0.0003104989254049888,-0.011036168936009005,0.9782791229327371,2.2900129528456152
2014-10-02,-1.208250710455454e-05,-0.013615481088670833,0.9782673029396918,2.2590446275281426
2014-10-03,4.709600977802664e-05,0.014876886515279963,0.9783133765110886,2.292903410247405
2014-10-06,-4.4002928271936446e-05,0.00307472215811444,0.9782703288048741,2.299964300744788
2014-10-07,-0.00011879430304236505,-0.011706654163367247,0.9781541227654211,2.27319640106156
2014-10-08,-0.0006323839735716248,-0.01103476381538293,0.9775357493198373,2.248250107034909
2014-10-09,0.00022860931962516423,-0.00821662163613901,0.97775924864844,2.2298527720370154
2014-10-10,0.0002162588416567486,-0.011523624268839683,0.9779707205964869,2.2043042748812818
2014-10-13,0.00043615164624084005,-0.006688228064733792,0.9783973571686089,2.18961057734059
2014-10-14,0.00012441003204967157,0.008612408047749653,0.9785190871872322,2.2085498363457567
2014-10-15,1.9485125645087183e-05,-0.01671027554111504,0.9785381539403507,2.1719509999847237
2014-10-16,2.5916251186009777e-05,0.003694596092634228,0.9785635143095647,2.1799903235446108
2014-10-17,-3.35348419822693e-05,0.018982911821428416,0.9785306988869759,2.2217681656246477
2014-10-20,0.00013979377306618006,-0.00010839812139096239,0.9786675009472496,2.2215273431819136
2014-10-21,-0.0002937739096304238,0.01806570068684188,0.9783800361961574,2.262025503612649
2014-10-22,-0.00045238568941534445,0.009610879125588667,0.9779375311679904,2.283870363311184
2014-10-23,7.78800027111429e-05,-0.0022503472373376354,0.9780136959113858,2.278736640444662
2014-10-24,0.0003751514477491777,-0.003070273389074174,0.978380667996076,2.2717510253384168
2014-10-27,0.0006782318623402071,-0.003265799036018535,0.9790444620162906,2.2643440444685115
2014-10-28,0.0004361424823053104,0.0055032991420453925,0.9794715580288289,2.2768397593969536
2014-10-29,0.00018584084473792698,0.007293071525234396,0.9796536007655339,2.29350561337649
2014-10-30,0.000387368005025915,0.004205387795330751,0.980033160736427,2.303171003002697
2014-10-31,0.001678897743872287,0.013188669279303511,0.9816799181807772,2.3337479550951628
2014-11-03,0.0013905764153893194,-0.003114253348853069,0.9830459687011507,2.326491377985281
2014-11-04,-0.0029847132377094207,-0.0038318205240290837,0.9801162327708641,2.3175937385397503
2014-11-05,0.00261994936718429,0.008551053890785809,0.9826874544392031,2.3374965813603463
2014-11-06,-0.002006831837536085,-0.0007216295663177164,0.980717343471192,2.3358103831944694
2014-11-07,0.0006965423974155781,-0.0032666435337151967,0.9814006926440076,2.328192572420487
2014-11-10,-0.0011129849229531026,0.008480232817969835,0.9803090160921821,2.348020139849948
2014-11-11,0.0007499968898758751,0.0022096342323809637,0.9810445205839327,2.3532141418382766
2014-11-12,-0.0026230303296045886,-0.0016904368120229663,0.978474583037306,2.3492395423774375
2014-11-13,-0.00039046478807668093,0.0017672183523025353,0.9780925977473578,2.353394832181447
2014-11-14,0.00541780747388891,0.0007801009955663574,0.9834060958914752,2.355231434107348
2014-11-17,-0.0011488618305763284,0.0002876070229405059,0.9822769469062299,2.3559089126275676
2014-11-18,-0.0002677733099793602,0.0032410887916540787,0.9820139545695761,2.363557009984702
2014-11-19,-0.00013885541329320295,-0.006229793197098488,0.9818776060826364,2.348878308713337
2014-11-20,0.0047224786696226755,0.00016660744901564328,0.9865254682104478,2.3492696819383423
2014-11-21,-0.0070104048964209475,0.005566178235701713,0.9796337104688123,2.3623825962651943
2014-11-24,-6.246859392383176e-05,0.001178280322442049,0.9795725160397438,2.365167785737194
2014-11-25,-0.0006535126332677917,0.007704125266773332,0.9789325621570594,2.3834597057830478
2014-11-26,0.00444650388147383,-0.002732400102919641,0.9832950813859782,2.376956029606764
2014-11-27,-0.0005900972403269059,0.006395594944629934,0.9827150128372826,2.392206794446305
2014-11-28,-0.005343576809642631,-0.002388066640625297,0.9774778048576003,2.386500860989361
2014-12-01,0.005369647447598431,-0.008361994373725423,0.9827406331785639,2.3666281577296693
2014-12-02,0.001159433164777722,0.007175317670096604,0.9838807160582801,2.383670535687124
2014-12-03,-0.0029666421831960063,-0.0013525463524022285,0.980966219294841,2.38044869013764
2014-12-04,-0.0016192425223688668,0.0018261283777665227,0.9793790824061032,2.3847996665541538
2014-12-05,-0.0020192032747586184,0.010200028680960926,0.9774035121658579,2.4092491724037624
2014-12-08,-0.0017375271256269826,-0.003154423465256073,0.975706721587499,2.401661354168439
2014-12-09,-0.0031388915995215127,-0.015044443361732718,0.9726488855740453,2.3658001284271806
2014-12-10,0.0016925363187615347,0.0014752859718321076,0.9742965230881192,2.3692929359803014
2014-12-11,-0.0030348715014255636,-0.0047132344186398,0.9713441406529806,2.358152178092292
2014-12-12,0.000989250906696559,-0.018453800623356997,0.9723055191687183,2.315034375241153
2014-12-15,-0.001208015017226663,-0.009356131021737824,0.9711316686575029,2.2934756208378326
2014-12-16,0.0005562797135179286,0.012583010695038865,0.9716720397887463,2.322516778524443
2014-12-17,0.0073024957686087175,0.0011143344002206845,0.978793641834734,2.3251062813839427
2014-12-18,0.006877409108614117,0.018520782888328924,0.9855484071605187,2.3685703216298566
2014-12-19,-2.595987357328542e-05,0.009879415518597057,0.9855228227805536,2.392086383224941
2014-12-22,7.057797045524313e-05,0.006436554267587269,0.9855923814358483,2.407532834676984
2014-12-23,0.0027289690089016077,0.0064016396972323975,0.9882857058281018,2.422994429420603
2014-12-24,0.0023627561404672903,0.0006646269934034166,0.9906235447320915,2.424605352195343
2014-12-29,0.002591476781678839,-0.0033711232665272206,0.9931940519139145,2.4164454703918383
2014-12-30,0.0001222759114020604,-0.003770198319104523,0.9933155030469342,2.4073521443338106
2014-12-31,-0.0030045826671452032,0.005929776374063778,0.9903354836027053,2.4216696119410726
2015-01-02,-0.0002943008838556377,-0.002078600150900556,0.9900440698783292,2.416641157004342
2015-01-05,0.0003793127849769588,-0.00815048150276887,0.9904196774836045,2.39702441947896
2015-01-06,-0.0003653880429463505,-0.009022029262572673,0.9900578560825856,2.3754956576142936
2015-01-07,-0.0002636601046649635,0.004615820774237278,0.9897968517343554,2.386485864720032
2015-01-08,0.0007975829650815152,0.014641482655971316,0.990586611749891,2.421684608210399
2015-01-09,-0.00026540699292818844,-0.004642259049619568,0.9903237380218375,2.410468574931256
2015-01-12,9.081971641924393e-05,-0.004212206891802239,0.990413683027216,2.4003365366889087
2015-01-13,0.001407020445216089,0.008823381562873323,0.9918081961526358,2.421609332819263
2015-01-14,0.00022896055011246868,-0.013324334375889535,0.9920353071015647,2.3895570124649974
2015-01-15,0.00022771195167257065,0.002718072110674541,0.9922612311192962,2.3960608356635285
2015-01-16,0.0006512625873635186,0.0004523048376103844,0.9929076642120114,2.397144830700327
2015-01-19,0.0004865497307595743,0.00904673575084125,0.9933908807135995,2.418929558299302
2015-01-20,0.0003287543103928756,0.0036901193289544665,0.9937175159359658,2.4278721865528157
2015-01-21,-3.9771080063866286e-05,0.007825894721525728,0.9936779955029691,2.446947000070922
2015-01-22,0.0015685147096669955,0.007697991887342326,0.9952378170373041,2.4658562665374344
2015-01-23,0.0002452519179398731,0.004872443121522352,0.9954819309542183,2.477900329119062
2015-01-26,-0.0004151551491404776,0.0007045138822565633,0.9950687372803816,2.4796466593845015
2015-01-27,-0.0005586322480732493,-0.007104477060993375,0.9945130150313239,2.462092496980674
2015-01-28,-0.0003629290305448368,0.004380708965484814,0.9941521428763661,2.4729018667209877
2015-01-29,-0.00015951776489693336,-0.004068929248283837,0.9939935705964511,2.462860247161353
2015-01-30,0.006285788058812619,-0.003257343848407146,1.0002612816276046,2.4548509161401166
2015-02-02,-0.0034412219174457742,0.003049461699283995,0.9968250763455238,2.4623483156927337
2015-02-03,-0.0033517434834959663,0.01304166096832482,0.9934895673995271,2.4946717450728837
2015-02-04,0.0020374319842708178,7.837982193947823e-05,0.9955157982730521,2.494867284663139
2015-02-05,-0.001139285728379565,0.0074189101424426696,0.9943822671622196,2.5134453100042053
2015-02-06,0.0019457714646921283,-0.0005632248062354961,0.9963189914030003,2.5120300738419634
2015-02-09,-0.0016393017078540858,-0.006397198073349486,0.9946870619566485,2.4960114117994947
2015-02-10,0.0005011346634232121,0.0047837050681671656,0.9951856590443607,2.5079801989899915
2015-02-11,-0.0015006951173403688,-0.0015679541286068854,0.9936933088463885,2.504050882381632
2015-02-12,-0.003327938699766297,0.010573675526547532,0.9903918549932161,2.5306683783048376
2015-02-13,0.0038299611578249196,0.002281853864854355,0.9941922904433562,2.5364495871529202
2015-02-16,-0.0024227877956952823,0.0007949472369741528,0.9917864890454464,2.538466732399746
2015-02-17,0.001577616910066111,0.001570421949937284,0.9933523830473918,2.542456328129908
2015-02-18,0.0012809051771248926,0.006751342829840468,0.9946255885112006,2.5596793964305413
2015-02-19,-0.005300630165740332,0.002801676413351828,0.9893673942960357,2.56686084517154
2015-02-20,-0.004393269022173732,0.0042606862510048416,0.9850303710018402,2.5778207656941228
2015-02-23,-0.0017633517288509594,0.002647980360238833,0.9832949465257174,2.5846558300181006
2015-02-24,-0.004456311641197119,0.001972679654768328,0.9789228268081684,2.589759560345964
2015-02-25,7.868529447741359e-06,-0.0007909002925536868,0.9789305295215628,2.5877121285159856
2015-02-26,-0.002792292290460654,0.003571629247078434,0.9762008821113572,2.5969710016256164
2015-02-27,0.0029064665622608784,0.001390353426637958,0.9790423045827106,2.600584220400104
2015-03-02,0.0053661148389223725,-0.0013845789200992442,0.9843100791222864,2.596985997894944
2015-03-03,0.003009177025416216,-0.0060414587476103065,0.9872765034077203,2.581343712808152
2015-03-04,-0.0028621285652283036,-0.0006009492991747578,0.9844548310462817,2.5797929221329663
2015-03-05,0.0015412434487696836,0.01013778423516598,0.9859732854586171,2.6060793239529754
2015-03-06,0.00030578526946219414,-0.0022035178438120084,0.9862748276666267,2.6003431039128757
2015-03-09,-0.0003044395575517813,-0.006103488701588944,0.9859746122955034,2.5845202755051564
2015-03-10,0.007207083897226893,-0.01435064124652996,0.993106282449976,2.5476956129707165
2015-03-11,0.003120426860852088,0.0015588606120040538,0.996210037972009,2.5516702124315542
2015-03-12,-0.0030412395419381565,0.0065980373884553245,0.9931849269876638,2.5685618925844937
2015-03-13,-0.007926209877371464,0.002832869399229665,0.9853438508679413,2.575848609255281
2015-03-16,-0.0005017567316810735,0.0053336568639394955,0.9848495719719994,2.5896240058330213
2015-03-17,-0.0035014528279862086,0.00011047530107788361,0.9814071978254297,2.589910111128238
2015-03-18,0.0018644106410742123,0.009303778204387214,0.9832386506077955,2.6141185004906182
2015-03-19,0.001558587823488547,0.004281382174248449,0.9847723092566006,2.625334533769762
2015-03-20,-0.0004535288100998118,0.005683967861783046,0.9843257879057664,2.640299340336339
2015-03-23,0.0016701304543517285,0.0007751539243372463,0.9859711139532741,2.6423467721663156
2015-03-24,-0.0019525898161174414,0.001594061392664159,0.9840477951346237,2.646562194069885
2015-03-25,0.0007327745521521494,-0.004383995020843301,0.9847691445779795,2.6349850741488896
2015-03-26,0.0018069515559708282,-0.013905920625299828,0.9865501833568412,2.598596773647441
2015-03-27,0.0019824654833913956,-0.005693849902783654,0.9885079249793877,2.5838427969849422
2015-03-30,0.00021123405104252435,0.0026476055252349084,0.9887167535679465,2.5906928575782446
2015-03-31,-0.00412594118467085,-0.006851598593533126,0.9846457704879621,2.5730031406614717
2015-04-01,0.0005013882261377799,0.0019173900332631888,0.985139584070014,2.5779413239377407
2015-04-02,0.0008278138837279489,0.008455478390704485,0.9859554339344494,2.599831466488756
2015-04-07,-0.0006505146591007567,0.014527247952228706,0.9853142640392731,2.6378755315506814
2015-04-08,0.00015655521398674104,0.002280307689346728,0.9854685322001514,2.6438975628414974
2015-04-09,0.0005107698718951142,0.008730956616417984,0.9859720084053926,2.667082383311141
2015-04-10,-0.0003311156411698278,0.008968698529505659,0.9856455916954753,2.691110229352597
2015-04-13,-0.0004256857592912945,-0.002537402537679867,0.9852261056943253,2.6842904553424436
2015-04-14,-0.0008408305310118071,0.0016251691079602892,0.9843980456825636,2.688656428028285
2015-04-15,-0.00039865955551696684,0.0008227412877293006,0.9840056842097417,2.6908694069098593
2015-04-16,8.79706896961129e-05,-0.008044084495274717,0.9840922516760905,2.669310652506542
2015-04-17,-0.00037207328576229246,-0.008945572908450217,0.983726165348211,2.645538625177148
2015-04-20,0.0003501044204686937,0.001768234338440422,0.984070632523452,2.650220695696857
2015-04-21,-0.0002890153310617077,0.006178482768049776,0.9837862621194878,2.666645727233657
2015-04-22,-0.0003850335808010632,-0.004356664469110427,0.9834075442864615,2.655053316998834
2015-04-23,-0.0004154085909798403,0.0027802505998852922,0.9829991131828985,2.662445301599415
2015-04-24,0.000815713539854788,0.0025244857900208473,0.9838012859963199,2.6691750979935955
2015-04-27,0.00031169350016876175,0.003114192584062536,0.9841079782571318,2.677500379826454
2015-04-28,9.053280688067891e-06,-0.007070251548968898,0.9841168877032161,2.6586365432346706
2015-04-29,-0.000489918966250944,-0.010142268567848944,0.9836348682597974,2.631808217407388
2015-04-30,-0.0024870832174369627,-0.00037759740441778433,0.9811915261439059,2.630814641053301
2015-05-01,0.00558373850097475,-0.00036052120017515676,0.9866855674156637,2.629866347551697
2015-05-05,-0.0021234785641406737,-0.0009278915966710599,0.9845925847520864,2.6274272484522165
2015-05-06,-0.00038636152609334,-0.002294618459464104,0.9842122495366399,2.6214052171614046
2015-05-07,-0.0018059248857080247,0.0020596844942470938,0.9824364401142271,2.6268100490538084
2015-05-08,-0.005513487402277747,0.027579283814754163,0.9770346940912036,2.7002638345324335
2015-05-11,-0.0008317721856631674,-0.003647430139523067,0.9762223616928118,2.690432750832376
2015-05-12,-0.0037738246525900855,-0.010202642880830837,0.9725452125000695,2.663122780119628
2015-05-13,-0.0031437339644361513,0.009693318790102268,0.9694925899143397,2.6890627975226193
2015-05-14,-0.0028586692409584896,0.00378873123114154,0.9667250888379807,2.699270258178349
2015-05-15,0.0013394258945788153,0.005068181453948384,0.9680208130244556,2.7129853756342817
2015-05-18,-0.0009534288472704328,9.98167804766581e-05,0.9670983138950822,2.713256190615673
2015-05-19,-0.005545596451882514,0.008503234843638907,0.9617500203623608,2.7364260148159834
2015-05-20,-0.0008035012907065373,-0.0022361794429297532,0.9609775633563223,2.7303137118647047
2015-05-21,-6.685506316153047e-05,0.0010526072589538416,0.9609133192881719,2.7331891729971685
2015-05-22,0.003234047334946074,0.002096421167861351,0.9640259889951486,2.7389250989927723
2015-05-26,-0.006005037510289653,-0.005174690879670152,0.9582543236478649,2.72478861577318
2015-05-27,-0.0038161671942774957,0.007634232951653885,0.9546044336588894,2.7456698916562865
2015-05-28,-0.003032021241965219,-2.7416414209113782e-05,0.9517144362191899,2.7455946162651506
2015-05-29,0.004240043581057482,-0.004539520344597037,0.9557583139560104,2.7331591804585167
2015-06-01,0.0012606318059430717,0.003617848751641617,0.9569639330466002,2.74306524550521
2015-06-02,0.0026027739773016928,5.5741551285848345e-06,0.9594579381265553,2.7430805358190318
2015-06-03,0.001911878821161938,0.002368132596581418,0.9612940601003175,2.7495842119953156
2015-06-04,-0.0022635882547977415,-0.009523100173858268,0.9591205470538289,2.7235239303932106
2015-06-05,0.0011845093429238935,-0.008833599678853332,0.9602573074215305,2.6995713597428868
2015-06-08,0.0044105311295377005,-0.0029545306090543733,0.9645019057540488,2.6916071645518884
2015-06-09,0.0016561224133212948,-0.002161342012463763,0.9661005623980171,2.685795963165147
2015-06-10,0.0025962250654740526,0.010610601727167435,0.9686120356581068,2.714445600604506
2015-06-11,8.023814791345866e-05,0.0032890975989570137,0.9686897584120179,2.7233883758802655
2015-06-12,-0.003114863474528164,-0.007791706806768772,0.965677116485355,2.702250987240603
2015-06-15,0.0003824900779680256,-0.012355201360636059,0.9660465490485725,2.66906953601931
2015-06-16,-0.0001762363984417495,0.0004229534239339472,0.9658763114855091,2.670198666886338
2015-06-17,0.0008011333236490948,-0.0016928880937658874,0.9666504172247126,2.665682143418226
2015-06-18,-0.0009597732085447847,-0.001542956433201681,0.9657230971319066,2.661572283488944
2015-06-19,0.005274774284162407,0.0014752253889600553,0.9708305269178263,2.665501600097299
2015-06-22,0.002933775127604395,0.011305564298259796,0.9736829074464632,2.6958075901861296
2015-06-23,-0.002599254323763534,0.005085744106743562,0.971155344252133,2.7095527001807196
2015-06-24,0.000721112183983902,-0.0040531215616841365,0.9718559087658596,2.6985927796581293
2015-06-25,-0.0018831219579681364,0.0011207013619891626,0.970027507655536,2.701618791572868
2015-06-26,-0.003229502250806526,-0.006855447757196487,0.9668998547356595,2.6831613244754156
2015-06-29,-0.002279556462617687,-0.016268795760566945,0.9646982622036936,2.6398626842588553
2015-06-30,-0.003693042267742388,-0.00018246738056326706,0.9611421612030837,2.6393810393733883
2015-07-01,-0.00022767598178579718,0.010530989980052752,0.9609233571270577,2.6673232057538727
2015-07-02,-6.735386352206294e-05,-0.0017568866973576291,0.9608586374059926,2.662641135234163
2015-07-03,-0.00048602478313382596,-0.004107712683909526,0.9603917497637984,2.6517262035195617
2015-07-06,-9.030994961169076e-05,-0.009709987917226215,0.9603050207495751,2.6261025779949363
2015-07-07,0.00021645221493663558,-0.01329654014871906,0.9605129033958492,2.5914156189509394
2015-07-08,-0.0002142585110380138,-0.005826537509880936,0.9603071273767537,2.5763605407239014
2015-07-09,0.0003648798994877699,0.010642673003044223,0.9606575880790129,2.603926330148708
2015-07-10,0.0004750511062024558,0.010942500974916669,0.9611140579435843,2.632576261632565
2015-07-13,-0.00014595528370720223,0.012649598250831673,0.960973788505364,2.6660888069570556
2015-07-14,0.0006129712257866221,-0.0037622422354886,0.9615630183584761,2.656077179936071
2015-07-15,0.00042138791153280915,-0.000300502064364494,0.9619682947738836,2.655279143172242
2015-07-16,0.0005748065198547932,0.007248151568230554,0.9625213993704483,2.6745949261553332
2015-07-17,0.00020972090905254786,-0.0005348903343946887,0.9627232814020085,2.673164693723763
2015-07-20,-0.0003102194520132217,0.001435112054991805,0.9624246722327927,2.677003738671656
2015-07-21,-0.0003590647224528678,-0.001435112054991805,0.9620791615190422,2.673164693723763
2015-07-22,0.00014492800541681175,-0.00622579369549392,0.9622186038372786,2.6565738210908667
2015-07-23,-0.0006609229701763102,-0.0015085646482297932,0.961582861571147,2.6525692290913767
2015-07-24,-2.980658781066175e-05,-0.00683408999988977,0.961554200494293,2.6345031352189294
2015-07-27,0.000587303114620186,-0.013317538144303143,0.9621190901356051,2.5996506291233294
2015-07-28,-0.0004571586563205512,0.006942693913968512,0.9616793495883958,2.617762005848257
2015-07-29,0.001119355579776283,0.00715750226497569,0.9627564134305645,2.636565857362731
2015-07-30,-0.00010246984707016534,0.00046807475733956494,0.9626577649824465,2.6378002561595473
2015-07-31,-0.00019425214795536216,0.008886848164232575,0.9624707848050912,2.661346457315537
2015-08-03,-0.0014414725160474774,-0.00041308615057999987,0.9610844090726096,2.660247318987165
2015-08-04,0.00041711316253111323,0.0036323547542647106,0.9614853736479249,2.6699278519049474
2015-08-05,0.001651267202678759,0.0022923013036884043,0.9630743544661865,2.676055151125554
2015-08-06,-0.0008704988946972589,-0.0016496673478023638,0.962236364092876,2.671644189631732
2015-08-07,7.356760795116323e-05,-0.005084526683580393,0.9623071561244343,2.6580946192273958
2015-08-10,-0.0030442285133977154,0.00593504840409409,0.9593821277274706,2.6739174476351146
2015-08-11,-0.0012281512350675787,-0.005300941318724384,0.9582045846309173,2.6597806703710236
2015-08-12,-0.0008435037218058349,-0.013041047439433129,0.9573966762822813,2.6253195375004337
2015-08-13,-0.0023789063494174443,0.008985742342645153,0.9551218261506915,2.6490162894386904
2015-08-14,0.0028798218933962384,0.0014425321581938988,0.9578763712924979,2.6528403381172603
2015-08-17,-0.0009448089091328161,-0.0006812414602404004,0.9569717885592564,2.651033728730014
2015-08-18,-0.002619564119283939,0.00045421253513744375,0.9544682201594027,2.6522381349881785
2015-08-19,0.006135430169947505,-0.012468970005057756,0.9603422948343979,2.6193727816007524
2015-08-20,0.006341208066158411,-0.009192236257243636,0.9664513741412024,2.595405214681105
2015-08-21,0.0016279962840796765,-0.021269460571730292,0.9680260348101204,2.5407852732556075
2015-08-24,-0.00018282438876927702,-0.04003446705548441,0.9678490722190252,2.4410755195623746
2015-08-25,0.001074761330919955,0.030807716620268266,0.9688898381633253,2.5174499020036962
2015-08-26,0.003961710203080722,-0.007220220888845219,0.9727359124062325,2.4993388193232646
2015-08-27,-0.002200412530149633,0.019133497893555784,0.9705978452935569,2.547620337579581
2015-08-28,0.003694382646210732,0.010838134826000712,0.9741902368783392,2.575381960639143
2015-09-01,0.0024271934698432683,-0.01567190063139634,0.9765576569907352,2.53533545255522
2015-09-02,0.005393911137771135,0.0026862789287651623,0.981839353909782,2.5421552265653706
2015-09-03,0.000790541338227416,0.011862535855421186,0.982615845390414,2.5724912091928553
2015-09-04,0.003484105092043307,-0.016474635938399373,0.986045353174399,2.530457548400759
2015-09-07,-0.0005732473276269367,0.002050490309978059,0.9854802672932329,2.535651550389087
2015-09-08,-0.0019361301321208944,0.009325583061723819,0.9835740951472367,2.5594085814491514
2015-09-09,-0.0011365928092157435,0.008959583557471618,0.9824568069744931,2.5824428511365247
2015-09-10,-0.0008074643621311297,-0.007795644854052597,0.9816638283096191,2.56238931051141
2015-09-11,-0.0016745690112967475,-0.0030421618266149864,0.9800213400969715,2.5546059526858267
2015-09-14,-0.001868820266274638,-0.0025196830692593153,0.9781915666466087,2.5481772578561843
2015-09-15,-0.0003365532827531182,0.002130672145051804,0.977862408456434,2.553612376331744
2015-09-16,0.0010907795197114614,0.005889965619504167,0.9789296226865725,2.568697447097436
2015-09-17,0.0016414792659853836,-0.0010848691157985257,0.9805378349274912,2.5659122576254365
2015-09-18,0.0017585183440595464,-0.0054598145514201946,0.982263645687456,2.5519410274129455
2015-09-21,-0.002330273830392266,-0.0033919449552151093,0.9799773672813087,2.5432996477462195
2015-09-22,-0.0032788595054486095,-0.02174022803113651,0.9767694212516703,2.488604430929587
2015-09-23,0.0034105005163307367,0.007827745933809638,0.98010638098414,2.508161036355414
2015-09-24,-0.006356406846810289,-0.00876587488941638,0.9738961842516359,2.4862708938043965
2015-09-25,-0.00035133038791975574,0.017134174384846546,0.9735540850258749,2.529238145873268
2015-09-28,0.0038172357866858445,-0.011115252900571804,0.9772774725222976,2.501280689178956
2015-09-29,-0.004504279316257917,-0.010388258168230635,0.972885440711246,2.4754312374809304
2015-09-30,-0.004106245826650932,0.01452079068016765,0.9688987247501559,2.51163870061696
2015-10-01,-0.00047072990458099266,0.004825550935150247,0.9684427424765717,2.5237880311283796
2015-10-02,-0.0003276665895452593,0.0019309055371721229,0.968125468128915,2.5286659352828416
2015-10-05,0.0006872973567824979,0.018533973670239234,0.9687910869170087,2.5759691674988945
2015-10-06,-0.00034974468839948377,0.001314133487410274,0.9684523166251989,2.57935656009998
2015-10-07,-1.767424419309846e-05,-0.0059478902958129964,0.9684352001137267,2.56406036538571
2015-10-08,-0.00024187255898053782,-0.0016100157730800646,0.9682009905392448,2.559935509187101
2015-10-09,-0.00016042939862784066,0.004816690395164969,0.9680456750954964,2.5722956696026
2015-10-12,3.818049391585951e-06,-0.005805239192607559,0.9680493711487531,2.5574061384271563
2015-10-13,0.00024410857205982018,-0.005253073906519745,0.9682857091433192,2.544007118805095
2015-10-14,-0.00045653191050602657,-0.005132095691477545,0.9678437567089789,2.530984476138705
2015-10-15,0.0003137307127368398,0.008175158827119944,0.9681474466565301,2.5517604840920196
2015-10-16,-0.0004733647670943842,-0.0033568051662040688,0.9676892682172511,2.543209082041261
2015-10-19,0.0002663050015943043,0.0014552834570764617,0.9679470030258776,2.5469128665207115
2015-10-20,-0.0003653911917786633,0.003934911243787198,0.9675933883246463,2.5569544860803486
2015-10-21,-0.00010288181349765732,0.0030980704165948225,0.9674938456827786,2.564888394688196
2015-10-22,-0.00037396131413374513,0.00045777622648657257,0.9671321080549857,2.566062808407707
2015-10-23,-0.0004158658074419354,0.011445251301193338,0.9667299944984011,2.5956007542713566
2015-10-26,0.0009006491067495584,-0.0036026235130268702,0.967601071212764,2.5862666057705965
2015-10-27,0.0004486350908205699,-0.007801605498963582,0.9680352683979897,2.5661680763374974
2015-10-28,-0.0004091148977410392,0.005779664838035714,0.967639311749554,2.581042611243609
2015-10-29,-0.00019285197954854087,-0.0017280209468619745,0.967452718585803,2.576586366897307
2015-10-30,0.004499373291779722,0.00016352307009626088,0.9718154569430213,2.577007732660963
2015-11-02,-0.0010087176356134654,0.002928498995148132,0.9708356638034299,2.5845655583576366
2015-11-03,-0.0018039203133846096,0.0012573850563626365,0.9690859322911333,2.5878173964457796
2015-11-04,-0.0004831882540444637,-0.00037822033239720554,0.9686177944599491,2.5868388163610203
2015-11-05,0.0037372497043796364,-0.00381348299267259,0.97224453382002,2.5769927363916367
2015-11-06,0.002548368623809862,0.002846939545030125,0.97472533093488,2.5843397321842327
2015-11-09,-0.0024844303626717556,-0.00310404830990052,0.9723066994322729,2.5763302541407493
2015-11-10,-0.0017224590310565327,-0.004269002164450697,0.9706333825005182,2.5653553373488345
2015-11-11,0.003807592023832508,0.0036319367174257877,0.9743362033678441,2.574689485849596
2015-11-12,0.0021120710452492506,-0.013676509101786749,0.9763962453630467,2.5397164215103856
2015-11-13,0.0020480207538828643,-0.005581831263295811,0.978397974229025,2.525579644246297
2015-11-16,-0.0030512407132777084,0.004092854092370146,0.9754171963442924,2.5359376556843
2015-11-17,-0.0008485196471557216,0.014170944515168316,0.974589886732888,2.572130122551004
2015-11-18,0.0018231243823154982,0.0002515854554800967,0.9763683059652913,2.5727773144880652
2015-11-19,-0.001584414172046888,0.0032482318740107985,0.9748225590592008,2.5811478791734
2015-11-20,0.009735540167525392,0.002586396897031662,0.9843593307258738,2.587832392715106
2015-11-23,-0.0022605683908046787,-0.004793525550908839,0.982136632365,2.5754572360302763
2015-11-24,0.0013831049661558238,-0.009214079900665695,0.9834959702554623,2.551835759483154
2015-11-25,-0.0014834128404997756,0.009471275808023094,0.9820381212678941,2.5761197182811673
2015-11-26,0.0011504768857234044,0.0061233309648471845,0.9831685835880071,2.5919425466888866
2015-11-27,0.0002537288777121605,0.0028246596656007483,0.9834180734993818,2.5992742521676555
2015-11-30,0.010512385651412527,0.008972009202908637,0.9938106733461052,2.6226998950800295
2015-12-01,0.005101611180223327,0.005501355556368992,0.9988936636841025,2.63716806049181
2015-12-02,0.0026116380106179027,0.002115704675077268,1.0015058218658253,2.642753435705142
2015-12-03,0.0024028600673900785,-0.009271566646802398,1.0039151937449269,2.618364208977341
2015-12-04,-5.0725506051442016e-05,-0.0014384848584541032,1.003864270930245,2.6146004394205793
2015-12-07,0.0030048717198793993,-0.000622111084776833,1.0068852909041737,2.6129743733542594
2015-12-08,0.002196861178759023,-0.009505641723414726,1.0090997096058623,2.5882540525232614
2015-12-09,0.006370280809169898,-0.003029263748551614,1.0155484765408056,2.5804254118452
2015-12-10,0.004897154839429347,-0.003483303288476236,1.0205339720856286,2.571452644030784
2015-12-11,0.003701717175245067,-0.011956228291429838,1.0243187008940835,2.540890835229895
2015-12-14,0.00011528782900631428,-0.00622299076931121,1.0244367991808367,2.5251279918994864
2015-12-15,-0.0019439354141475634,0.013443212101080348,1.022447294568099,2.559303019474867
2015-12-16,-0.001099749256892321,0.004478344192820671,1.021323476987727,2.570790161779895
2015-12-17,-0.0009488630898946795,0.0059206546170536,1.0203548404619693,2.586056069911015
2015-12-18,0.003724152653045546,-0.004165334123854336,1.024161882250425,2.5753066852480093
2015-12-21,0.00028998321021608993,-0.0016967601422219758,1.0244589150660044,2.570940712562168
2015-12-22,0.00672443580197761,0.005215592722162654,1.031371037287165,2.584384720992212
2015-12-23,-0.0014721081703308984,0.013062314397373598,1.0298538645517108,2.618364208977341
2015-12-24,-0.0022132197114321604,0.0013330204950321445,1.0275770921069842,2.6218568695082127
2015-12-29,0.0051557201317221964,0.00882115118383986,1.0328886727535043,2.6450869728303354
2015-12-30,0.00560170264349521,-0.0028328572500448956,1.0386908438083509,2.637604422524799
2015-12-31,-0.0035858871523693366,-0.005144487661858932,1.0349728857292821,2.624070142434288
2016-01-04,-2.941004751821116e-05,-0.017805608316875166,1.0349424475751288,2.577760486572317
2016-01-05,0.000309732612920245,0.0048242177468686975,1.0352630526519992,2.590226208962106
2016-01-06,8.695989309442622e-05,-0.008522115551061304,1.0353530829308375,2.568245794750629
2016-01-07,0.00016672023490647635,-0.015763477342018106,1.0355257116299836,2.528078728423088
2016-01-08,-0.00016047989556640984,-0.0035496043386604725,1.0353595439055712,2.519120956878
2016-01-11,0.0009924464084397195,-0.0044562044033114034,1.036387592823711,2.5079202139126777
2016-01-12,0.000465210746526951,0.0017752917039306482,1.0368698436348922,2.5123764582589856
2016-01-13,-0.0003205325576564345,0.00047330826092562006,1.0365375463508493,2.513565868247817
2016-01-14,0.0006982409700371429,-0.017065208203787208,1.0372615520685053,2.471035272256435
2016-01-15,-0.0006772661349736086,-0.015515872430336586,1.0365592877829317,2.4329909131500083
2016-01-18,0.0007278515130362756,-0.012565767958690799,1.037314023663403,2.4026097946922906
2016-01-19,-0.0015879040282297675,0.00971528013767653,1.0356681756168857,2.426065577165567
2016-01-20,0.000758763056709349,-0.02982999743200665,1.0364543005711242,2.354764785491211
2016-01-21,0.0002054548565480637,0.01223856797317957,1.036667267017513,2.383760807347587
2016-01-22,-0.00012390568755272778,0.018422652223673452,1.03653882600448,2.4280830164568905
2016-01-25,0.0004083267023605483,0.0011773820105265287,1.0369621589083535,2.4309434813200297
2016-01-26,-0.00013011942148648478,0.001979831123716025,1.0368272387701887,2.4357611063526834
2016-01-27,-0.0009753638561931866,0.006284678726176551,1.03581644798091,2.4511172861442603
2016-01-28,0.00015927973661296715,-0.005197464199127921,1.035981445691971,2.4384107413117424
2016-01-29,0.002635327653222324,0.017813281437621953,1.0387151968268622,2.4822360152217517
2016-02-01,0.006410873846188646,9.713209214012863e-05,1.0453956598384566,2.482477131708981
2016-02-02,-0.008382122478075904,-0.011565018362059476,1.036669647721521,2.4539326151771683
2016-02-03,0.003472445971519448,-0.019033080900742405,1.040275684323755,2.407668389189926
2016-02-04,-0.004817642900648092,0.005879221960068293,1.0352760604297055,2.4218652985535742
2016-02-05,0.002499162001177222,-0.005260406073814394,1.0378666187848167,2.4091587537210533
2016-02-08,0.0009406881720024584,-0.03202146636170511,1.0388433869823408,2.3332360236265433
2016-02-09,0.0024321061914324565,-0.011754163871385614,1.0413730393604173,2.305971335766276
2016-02-10,0.0057143207493428935,0.012689331060352416,1.047340813576023,2.335419009969463
2016-02-11,-0.006220743278659867,-0.02174644593881858,1.0408457981065549,2.2851801845213857
2016-02-12,-0.0022058371026580995,0.01649819703550115,1.0385523921967912,2.323194257044658
2016-02-15,-0.003499511170592917,0.019050995008557337,1.0349243184439887,2.367877699818064
2016-02-16,0.001810498574825891,-0.0016417106344910337,1.036799744663544,2.363993519039935
2016-02-17,-0.00223933793559822,0.028502868391065306,1.0344805973101634,2.4323435741906936
2016-02-18,0.0007038659928318381,0.00126805057322521,1.035208989337971,2.435429865227235
2016-02-19,-0.004576511113292073,-0.0011566572178178802,1.030482168318204,2.4326145361943294
2016-02-22,-0.0018236172331323602,0.008056295336974273,1.0286046757118719,2.4522915528415217
2016-02-23,-0.001552320122866048,-0.003665642174262018,1.0270091906474623,2.4433187850271034
2016-02-24,-0.00546127130488926,-0.0069064627080202,1.021415702505232,2.4265022332430526
2016-02-25,-0.003105003652899052,0.017320793252974198,1.0182491216844285,2.468897274721497
2016-02-26,0.0023615548094848005,0.010186333500787015,1.0206566143891136,2.494174809873592
2016-02-29,0.0011739757772059219,0.002176636431768131,1.0218555441508017,2.4996096343046545
2016-03-01,-0.005058364955961118,0.011164289627126678,1.0166996769986918,2.5276723589287546
2016-03-02,0.0019348639197462147,-0.003609950666151107,1.0186687568574178,2.518564036601396
2016-03-03,0.0017969259638522619,0.0009917735195852373,1.0205008747923394,2.5210631207781873
2016-03-04,0.0002183236632270129,0.01102251371632157,1.0207236986046209,2.5490052871586717
2016-03-07,0.0012647247216629302,-0.0059118148448202845,1.0220154497828753,2.533980495514785
2016-03-08,0.0009730523838268543,-0.010595784926602292,1.0230104083474911,2.5072727279311176
2016-03-09,-0.0013789449563644147,-0.003753908164457087,1.0216007054793,2.497878300308544
2016-03-10,-0.0034557666213877536,-0.012518078966875734,1.018076384982866,2.466804560039038
2016-03-11,-0.00389381845469199,0.012741129137081586,1.0141198883055964,2.4984355146296457
2016-03-14,-0.000792646392734034,0.005875867170498594,1.0133163683300064,2.5131592047089897
2016-03-15,-0.0005410966048934166,-0.0034985034703165496,1.0127682145988557,2.5043822705293253
2016-03-16,-0.002571706011293763,0.007068521594241872,1.0101670186825331,2.5221472628372323
2016-03-17,0.001325146914374267,0.005725852742447302,1.0115065257161329,2.5366301304738426
2016-03-18,0.0004893463069240214,0.0030992804155296483,1.012001623826258,2.544504054004386
2016-03-21,-0.0034063347510678555,-0.0022805296101058303,1.0085602720524833,2.5387078488869754
2016-03-22,0.005294732204420264,0.00243432898357554,1.0139144906734738,2.54489542722939
2016-03-23,-0.0010886295672754658,-0.002327660333998338,1.0128113139645785,2.5389786638683645
2016-03-24,0.005397156777705635,-0.011342094739294595,1.0182923932293366,2.510344022698334
2016-03-29,-0.0022849173608722123,0.004899721011188518,1.0159683354127582,2.5226741905751773
2016-03-30,0.00031999894171048774,0.01296731986161781,1.0162934962276855,2.555599529039915
2016-03-31,-0.004536173269902185,-0.0028848872221391986,1.011693853111983,2.5482375369779904
2016-04-01,0.00017529575738775227,-0.004880132960195738,1.0118712142970863,2.5358320937100123
2016-04-04,-0.0004756447258189278,0.00011281865121048895,1.0113900375344642,2.5361181990052244
2016-04-05,-0.00027439452955649833,-0.00714901545827118,1.0111125557124048,2.5180521051327793
2016-04-06,0.0005182899765790493,0.008365210607250262,1.0116367410434912,2.5392044900417665
2016-04-07,0.0006421231826941059,-0.009047056280143906,1.012286545052162,2.5163357674059954
2016-04-08,-0.0002480051987610565,0.0068865255285164295,1.0120355238549208,2.5337243827582276
2016-04-11,-0.00017792054559681597,-0.0030289049742169283,1.0118554779597602,2.5260615831762605
2016-04-12,0.0003701456389243969,0.0009829005430077586,1.0122300811767453,2.5285456710837235
2016-04-13,0.0002272974514202252,0.01493376291653803,1.0124601846444228,2.5665897361456533
2016-04-14,-0.0003776257670934207,-0.0027371782136924594,1.0120779257704877,2.559574128500751
2016-04-15,0.0005825958229295233,-0.005343199308450508,1.0126677299345594,2.5459342864359527
2016-04-18,0.00042427674159390273,-0.0012425815950756203,1.0130974724577655,2.5427727200082733
2016-04-19,0.00032949238296841704,0.00910594714209445,1.0134313353577658,2.566032815869049
2016-04-20,-3.191343420859779e-05,-0.0015442753938259557,1.0133989937995878,2.562073212677542
2016-04-21,-0.0001821086566762546,-0.0022707398517116673,1.0132144618730903,2.556262011290805
2016-04-22,-0.0005442879168928455,-0.0063750597363601,1.0126631315391021,2.5400175230749262
2016-04-25,-1.7337164738902858e-05,0.005567804917447461,1.0126455749837566,2.554199289146999
2016-04-26,-0.0006981953975973218,-0.0011913009037858302,1.0119387972670915,2.551158280962937
2016-04-27,-0.0003561458175045072,0.008122434951022939,1.0115784636663354,2.571964281454906
2016-04-28,-0.0005093973914539075,-0.0010072690993112587,1.0110632994584845,2.569374925617653
2016-04-29,-0.006319238011061797,-0.015643380984350586,1.0046942946479218,2.529493964585327
2016-05-03,3.3506591986040037e-05,-0.0042646278017723915,1.0047279590937104,2.518729583652994
2016-05-04,-0.0009712250163721868,-0.004234823786422481,1.0037526158807224,2.5080857609642755
2016-05-05,-0.004661553256890405,0.00013798032811607186,0.999084458490477,2.508431851336799
2016-05-06,-0.001522931460479619,-0.0007744367778705907,0.9975640793474339,2.506489981481112
2016-05-09,0.005216251153897755,0.002297753744560538,1.0027812192539007,2.512255900015369
2016-05-10,-0.0011516566009718739,0.002232811860992001,1.0016270243890526,2.5178715618118543
2016-05-11,-0.0036766718431669263,-0.00021525416279644105,0.99795113217669,2.5173296378045795
2016-05-12,-0.004365225491275694,-0.003648842358382254,0.9936043447115929,2.508161036355414
2016-05-13,-0.0036821066607873876,-0.0005763765635187212,0.989952514875156,2.5067158076545137
2016-05-16,-0.002380614551557117,0.0029385679567113243,0.9875986224798278,2.514092795985764
2016-05-17,-0.0025934586672833257,0.00869294097139317,0.9850406447111202,2.5360429236140924
2016-05-18,-0.006435654512969969,0.0021407402778059748,0.978721618784306,2.541477748045154
2016-05-19,-0.006097817066877479,-0.008991061490588592,0.9727717125499061,2.518729583652994
2016-05-20,0.0020030615677010437,0.01141096794955132,0.9747221869895059,2.547635333848913
2016-05-23,-0.0019286002335579793,0.006455830794365625,0.9728441491262678,2.5641356407768456
2016-05-24,-0.001081639076765218,0.006087693294928087,0.9717924517599901,2.5797929221329663
2016-05-25,-0.004503829544478371,0.0056389551241888825,0.9674255055770384,2.5943813517438667
2016-05-26,-0.0014852762710380286,-0.002312179112188062,0.9659896779938856,2.588389607036202
2016-05-27,-0.0024348565517985548,0.002294838100224794,0.9636404928225057,2.594336362935886
2016-05-31,0.0015816898848675862,-0.002766167466814906,0.9651658792687979,2.5871699104642154
2016-06-01,0.0025296343997374708,-0.007194944433749129,0.9676104867564493,2.568622171706304
2016-06-02,-0.0007554518519203019,0.0008671198400982405,0.9668797796640565,2.5708504409017015
2016-06-03,-0.005765563146636702,-0.0004920537313015672,0.961321212771427,2.5695857555217345
2016-06-06,0.0002102332993556961,0.006651200251429401,0.9615233357474742,2.5867335484312295
2016-06-07,0.0006248865255078062,0.0007911993775433501,0.9621243664923934,2.5887809802612063
2016-06-08,0.00426830883540008,-0.0010182322392235932,0.966239787121713,2.586146341571474
2016-06-09,0.001119078198100531,-0.0038671233978533337,0.9673216902558142,2.5761647070891502
2016-06-10,-0.00028882591615431256,-0.016742120367013058,0.9670423430257119,2.5333932886550303
2016-06-13,0.001790411577718815,-0.015161102863910259,0.9687752977209584,2.4952739482019677
2016-06-14,-0.0026710743704195794,-0.020850277707591403,0.9661910797082259,2.443785433643243
2016-06-15,-0.0012762668492374298,0.004057723580300987,0.9649587486220959,2.4537217852730904
2016-06-16,0.004875293461455408,-0.016474071009076496,0.9696746921632833,2.413630141358932
2016-06-17,0.002922888720886019,0.024035174384144042,0.972513089522982,2.4723449464443883
2016-06-20,-0.0028306812733974807,0.032182640598014345,0.9697641075138591,2.553205712792915
2016-06-21,0.0013702164238457056,0.0012493546962346613,0.9710938049998562,2.5563975658037434
2016-06-22,-0.00032700726172218595,0.0037150047898570904,0.9707763021894995,2.5659122576254365
2016-06-23,-0.05709869701000178,0.01687214588100261,0.9168990380702846,2.6095719844838516
2016-06-24,-0.007727052638472841,-0.0745612012680148,0.9098414133736833,2.422075981435402
2016-06-27,0.002286500152271372,-0.07217190985599942,0.9119241460808395,2.2534291127539094
2016-06-28,0.002113312614284931,0.03513204460360164,0.9138533646850239,2.334003773807225
2016-06-29,-0.0063811799353008635,0.03173000149432781,0.9080404682244378,2.4092491724037624
2016-06-30,-0.004091007126002921,0.016620523809139698,0.9043332564834855,2.449626774590884
2016-07-01,0.0005320359994194677,0.011876778778582064,0.9048145223454366,2.478893905473148
2016-07-04,0.000744981593872776,-0.021411269213320594,0.9054888436577485,2.4263818220216864
2016-07-05,0.00021623764232016167,-0.023987536629485717,0.905684665601723,2.368871423194395
2016-07-06,0.0006029264607343595,-0.004139553184325351,0.9062308915021731,2.3590856223468215
2016-07-07,-0.00018774427081516028,0.014514698608996568,0.9060607678146313,2.393576747756067
2016-07-08,0.0005254677185414204,0.017396297583717413,0.9065369986101517,2.4355804160095094
2016-07-11,-0.00020953347190436235,0.032151982943261714,0.9063470686644585,2.515161647730987
2016-07-12,0.0002558389438613302,0.006009490014701413,0.9065789772056306,2.530321993887814
2016-07-13,8.051371923505668e-05,-0.003343434955338509,0.9066519721893751,2.521876153811348
2016-07-14,5.378933246607829e-05,0.0022063874897941815,0.9067007417053663,2.527446532755351
2016-07-15,-0.0006904414021409065,-0.0036221835221894594,0.9060749340405625,2.518308217889338
2016-07-18,0.0005720162127334813,0.00835834230534438,0.9065933718560669,2.5394453124845042
2016-07-19,-0.00024275400692158735,0.002285875484602684,0.9063733193927895,2.545256807915738
2016-07-20,8.777605413625946e-05,0.006638134422711772,0.9064528807580804,2.5622087671904827
2016-07-21,-0.00028486887729824357,0.0016732081849522018,0.9061946973195742,2.5664994644851897
2016-07-22,0.001521239679656629,-0.003755437851605592,0.9075742857268945,2.556879210689212
2016-07-25,-5.527896796215728e-05,0.006309724671208272,0.9075241173436714,2.573063419783281
2016-07-26,-0.0005085407332858046,-0.0012822207122322737,0.9070627216927478,2.569766298842658
2016-07-27,7.382721727874591e-05,0.01146369223708632,0.9071296900814022,2.599394810411272
2016-07-28,-0.00026161345607954105,-0.0007879674848041418,0.9068924037880647,2.5973473785812904
2016-07-29,-0.0001141080472700489,0.001772082764500027,0.9067889259707225,2.6019541737098657
2016-08-01,0.00014708840999255724,-0.008349403918954224,0.9069223139217126,2.5803198498709126
2016-08-02,0.00027490740184310395,-0.0044558155068372685,0.9071716678517565,2.5688479978797067
2016-08-03,-0.0077045923990024315,-0.003869658257894315,0.9002091360913963,2.558926642519192
2016-08-04,0.0008720448973129217,0.014438981106749793,0.900994501262114,2.5961429723231304
2016-08-05,-0.003760015324589769,0.012740103916947021,0.8976131091568268,2.6294296914742135
2016-08-08,0.0018120122438675754,0.0052707523224686526,0.8992410695975651,2.643325352251074
2016-08-09,0.002131142017814839,0.007359988128758488,0.9011595235479433,2.6628519651382403
2016-08-10,0.0027447269015089745,0.0006951023822789892,0.9036363578967692,2.66470356333347
2016-08-11,0.002837786020279458,0.006077664385708559,0.9062043264699566,2.680948051549342
2016-08-12,0.0023171408167118506,0.0063702407616084145,0.9083065641528709,2.6980808481895133
2016-08-15,-0.003491238653761616,0.0004407384232187894,0.9051409782898748,2.699270258178349
2016-08-16,0.000813402017723753,-0.006760418307298011,0.9058775213001161,2.681083606062287
2016-08-17,-0.0034496084513095187,-0.002800378713489593,0.9027579822344405,2.673586059487422
2016-08-18,0.003218233213981776,0.006303794620476921,0.9056679479196157,2.6904930299541876
2016-08-19,0.001032341283252051,0.00017342849322687925,0.906603389095366,2.690959678570324
2016-08-22,0.000210173498098848,-0.00011190000871685868,0.9067939531260935,2.690658577005783
2016-08-23,0.00249352988083983,0.006158246960202618,0.9090578923710165,2.7072794421773323
2016-08-24,-0.0013931716992615039,0.0017889851453194439,0.907792300440507,2.712127059748642
2016-08-25,-0.0021212176639219533,-0.0073430770738607265,0.9058687162692755,2.6922846430721017
2016-08-26,-0.0016412786587591951,0.002674977319866656,0.9043831527229812,2.6994960843517544
2016-08-30,0.0012812594831064792,-0.004673358748769729,0.9055426448602965,2.6869098037183536
2016-08-31,0.0012850715464899406,-0.006430513305902608,0.9067070799783121,2.6696870294622155
2016-09-01,-0.0037869701143846005,0.0065650010307081175,0.9032799007723527,2.6872711844047017
2016-09-02,-0.0017665709511003871,0.009306927553783595,0.9016856013750572,2.7123981687745293
2016-09-05,-0.0021304292655749996,0.0005271554536996348,0.89976666878241,2.7138284012060963
2016-09-06,0.0045476074882198035,-0.0012545094891347475,0.9038677724600958,2.710426012335683
2016-09-07,-0.00016839938785496306,0.0031499282214539903,0.9037155744958933,2.718977120341945
2016-09-08,0.002261920880409957,0.007331800981550174,0.9057620212015471,2.7389853781145814
2016-09-09,-0.004774165367325448,-0.01656578551372867,0.9014480694822001,2.6939856904850603
2016-09-12,0.00032465184143157277,-0.009207238059254053,0.9017407737688343,2.6692953621927136
2016-09-13,0.001656468874356019,-0.003910537560869898,0.9032357171150512,2.658877365677405
2016-09-14,-0.0011943316062407476,-0.0017001024156115818,0.9021575980941811,2.6543608422092917
2016-09-15,-0.003071548362241626,0.006845080479457977,0.899390828709493,2.6725924831333367
2016-09-16,0.0020781653262498057,0.0056061702414123005,0.9012618550220901,2.687617568821719
2016-09-19,-0.0013134807280809856,0.002120794678930338,0.9000788420470169,2.6933235022786683
2016-09-20,-0.0030843149316919466,0.0005810806254586964,0.8973069922610162,2.694888995178682
2016-09-21,0.0023806779664237634,0.001880955970909426,0.8994457360666034,2.699962732967891
2016-09-22,-1.9903467935306974e-05,0.0030009954606118328,0.8994278341553916,2.7080774789411657
2016-09-23,-0.0022956179035366567,-0.0036034318929214493,0.8973654596340052,2.698336666901572
2016-09-26,0.0015973444140150862,-0.011238371542720671,0.8988000067661841,2.6681815216395113
2016-09-27,-0.0008701402576239101,-0.005323778892378783,0.8980182648586209,2.654014457792272
2016-09-28,0.004930453645548651,0.009237611918869959,0.9024568353778926,2.6786448010073047
2016-09-29,-0.004125037422238147,0.0040720924418717885,0.8987418346862914,2.6895747289912357
2016-09-30,-0.004672244968959384,0.00036377576467572226,0.8945524871209022,2.6905533090759945
2016-10-03,-0.0001798299232695668,0.017312897919005366,0.8943916342792932,2.737540149413685
2016-10-04,0.0004293563210164274,0.008684353321610772,0.8947757294318756,2.7614174446728685
2016-10-05,-0.0004481389928778499,-0.007749876560557922,0.8943748353724756,2.740099512712278
2016-10-06,0.00013105266431472795,-0.004659038973912288,0.8944920532582376,2.7273629753411046
2016-10-07,-0.000329178199052761,-0.006685015005681194,0.894197654432575,2.7091913194943715
2016-10-10,7.923628843554496e-05,-0.0009061424423251196,0.8942685101429747,2.7067375181700615
2016-10-11,-0.000261906714432497,0.005231264985736672,0.8940343258842163,2.7209342805114587
2016-10-12,-3.612362629792225e-05,-0.006489063000914896,0.8940020307056435,2.703335129299647
2016-10-13,0.00016987785861197335,-0.0044205294493178116,0.894153914756718,2.6914113309171372
2016-10-14,-1.0094810418773256e-05,0.005750566655112976,0.8941448884880226,2.7069330577603123
2016-10-17,0.0002617156914737416,-0.010494088810267144,0.8943789308607357,2.6786747935459614
2016-10-18,-0.000293774056561758,0.01128359989680483,0.8941162241242147,2.7090710552952517
2016-10-19,-0.00037682366277782436,0.002558610348549095,0.8937793634462144,2.716011387549016
2016-10-20,0.00016861823496275164,-0.005302155037488987,0.8939300836516553,2.701648784111521
2016-10-21,0.000125304840744643,-0.0006076144917201987,0.8940421044366508,2.7000077217758744
2016-10-24,-0.00023669777882733375,-0.004117890330231688,0.893830511699106,2.6889122467403475
2016-10-25,-2.73102265230545e-05,-0.0032863554597231115,0.8938061013186862,2.6800900297082024
2016-10-26,9.698218230384234e-05,-0.00749352348296739,0.8938927887884507,2.6600817719355643
2016-10-27,-0.00017206324902681796,-0.004975810007254111,0.8937389959223596,2.6468785859482504
2016-10-28,-3.159179345937778e-05,0.003605285056528018,0.8937107615505835,2.656438560622423
2016-10-31,0.004857598375620059,-0.005717800254764427,0.8980626107045787,2.6412929166904213
2016-11-01,-0.00459641936745117,-0.0011918979096918747,0.8939442105255339,2.6381466405765677
2016-11-02,-0.0020772328371463974,-0.003418480006782687,0.8920892075604016,2.629143586179002
2016-11-03,0.0013204637457944514,0.006756997482634475,0.8932679570937369,2.646968857608715
2016-11-04,-0.00038075437826380143,-0.017829656829333018,0.8929279061501617,2.600192553130606
2016-11-07,0.0016851782160113085,0.010740438149653642,0.894433917398348,2.6282702740240356
2016-11-08,0.00562177057745348,-0.0005671563372739996,0.8994763801828273,2.6267800565151522
2016-11-09,-0.0006575012113123491,0.008173796638539343,0.8988851677560524,2.6483388109184736
2016-11-10,0.0005875301491468522,0.003886474587456945,0.8994134450669572,2.6586515395039987
2016-11-11,0.0004031756637187518,-0.01222080756548749,0.8997761397895594,2.6263583967069972
2016-11-14,0.0019960650123818356,0.0015694407912807407,0.9015739451324287,2.630483546950106
2016-11-15,0.0013542397021601238,0.005746786085923716,0.9027957194642895,2.645643893106938
2016-11-16,-0.0016360257733039152,-0.005655239640038445,0.9013199299432362,2.63072436939284
2016-11-17,0.003608391854903529,0.007235997417886608,0.904578120315637,2.64982932247185
2016-11-18,0.004672634150380145,0.0033067905022967636,0.9088147733888126,2.65860625665152
2016-11-21,-0.0006698566951194977,-0.007480090679445439,0.9082062015789412,2.6387938325136324
2016-11-22,-0.005996641362154926,0.008606369724478924,0.9027763115282507,2.661602276027597
2016-11-23,-0.0019180656303999515,-0.003206634175226597,0.9010463868980199,2.653081160559992
2016-11-24,-0.004330917186674822,-0.0018118484146949498,0.8971524678220043,2.648278531796667
2016-11-25,-0.003569662421224725,0.0007274411441997586,0.8939556455542914,2.6502056994275267
2016-11-28,0.0018097798406367614,-0.00484599396230756,0.8955749733314399,2.6373938866652162
2016-11-29,0.0016944930109003154,0.0007873706824526039,0.8970938053261678,2.6394713110338524
2016-11-30,-0.0032826611434901877,0.0007811854426389431,0.8941537785453053,2.6415340331776522
2016-12-01,0.0017106959783618526,-0.0027680215965197874,0.8956847129265902,2.634232320237538
2016-12-02,0.005491469371477243,-0.0035496964055674596,0.9006168680890353,2.6248981717367745
2016-12-05,0.004162321965045955,0.001524455465375496,0.9043733378561065,2.6289027637362685
2016-12-06,-0.0009545369977212769,-0.0005614241569258382,0.9035104919200694,2.6274272484522165
2016-12-07,0.001768358589395398,0.009886754225727046,0.9051096359724029,2.6535328129068034
2016-12-08,0.001447312064126179,0.0032004558933405036,0.9064205604975086,2.6620389321050797
2016-12-09,-0.005244883770353599,0.002885754686559494,0.9016789355162934,2.6697320182702016
2016-12-12,0.0007761843047581359,-0.005195896479925466,0.9023790762379411,2.655896342570649
2016-12-13,0.0038857785813471903,0.004208554105883167,0.9058923429923474,2.6670973795804658
2016-12-14,0.0036023048978807877,-0.001875768601859562,0.9091615281821303,2.6620992112268866
2016-12-15,0.003625371397496366,0.004908082113175283,0.9124635583082572,2.6751971292844132
2016-12-16,-0.00040363118711467705,0.0008663050261592531,0.9120953338774497,2.677515670140275
2016-12-19,0.0032547801578099852,-0.0001349777631940441,0.9150688401017046,2.6771542894539295
2016-12-20,0.0002633444892435593,-0.0007031893993012517,0.9153098501709679,2.6752724046755505
2016-12-21,0.0010264944067180995,-0.001379687252956785,0.9162498930043947,2.671583910509923
2016-12-22,6.713717802500152e-05,0.008204957709287086,0.9163114095015757,2.6935943172600583
2016-12-23,0.00048299652866438665,0.0010055529931669582,0.9167540916299002,2.6963042313409233
2016-12-28,-0.0014691105725587635,0.005745799538898311,0.9154082673258633,2.7118412484979246
2016-12-29,-0.001450246496764671,0.0009266456126812983,0.9140816618780275,2.7143553289440434
2016-12-30,-0.0040025916734042636,0.0026477454740696516,0.9104302786023514,2.7215517739543684
2017-01-03,2.5309668820030064e-05,0.0035009388841977795,0.9104533215827905,2.731096458314712
2017-01-04,0.0003191962259443511,0.0005842369007797998,0.910743981233202,2.7326925318423747
2017-01-05,-0.00033852607198989193,0.008606777714504688,0.9104357228303437,2.756313714345001
2017-01-06,-0.00026794203303681,0.0018008485991760637,0.910191811510326,2.7612818901599248
2017-01-09,-0.00021368061117321338,0.002091479806994201,0.9099973419456853,2.7670630990080065
2017-01-10,-0.0007859790341781146,0.0018319393656014427,0.9092823841214944,2.77213683679722
2017-01-11,-0.00043098049490239405,-0.0010433322328129435,0.9088905855844079,2.769246085350927
2017-01-12,0.00018574624554770248,-0.004937641393976122,0.9090594242783852,2.75560624328613
2017-01-13,-0.000525991664124084,0.003730046254569075,0.9085813923304525,2.7659039756023254
2017-01-16,-0.00022920425292049037,-0.0035006509406745323,0.908373165475358,2.756238438953868
2017-01-17,0.0001707354876617355,-0.003649885999838176,0.9085282702513122,2.7461968193942288
2017-01-18,0.0002671574282149974,0.003928503852296927,0.9087710227525764,2.7570064831790417
2017-01-19,-0.00010996130571756834,-0.004877409666347532,0.9086710985983121,2.7435921732431567
2017-01-20,0.00010320127878514566,-0.004008221974070025,0.9087648794567516,2.7326172564512388
2017-01-23,-0.0004894819987789354,-0.0019191542226888458,0.9083201642560569,2.7273779716104314
2017-01-24,0.0006050097610373513,-0.0008449572981739095,0.9088698730944175,2.7250744270238973
2017-01-25,-8.18031955787867e-05,0.0018049948035638863,0.9087955276753209,2.7299976140308346
2017-01-26,0.0001938625500472468,0.0005126696876907033,0.9089717261723808,2.7313975598792544
2017-01-27,-0.00043899471612424666,0.002647781832321172,0.908572779961531,2.7386392877420564
2017-01-30,-0.00019128767928347037,-0.006010063982309077,0.9083989978047147,2.7222292524745813
2017-01-31,-0.002669462065512381,0.003643433555099662,0.9059772948998381,2.7321656041044307
2017-02-01,0.0017526455172506314,0.005078522374972749,0.9075665442330181,2.746076261150617
2017-02-02,0.002288655577599185,0.001041113143205763,0.9096460301723803,2.7489367260137536
2017-02-03,0.002453314892711343,0.00831726985816772,0.9118804180331197,2.7718957203099874
2017-02-06,-0.0010835983645483657,-0.001864619598016759,0.9108928410685003,2.766732004904813
2017-02-07,-0.0003475858528038155,0.009870851269933922,0.9105762826223305,2.794177236086006
2017-02-08,0.0005122546160717472,0.0024969416073830075,0.9110428490165814,2.8011628511922537
2017-02-09,0.0014449699430948352,0.0011548679202277867,0.9123602301091055,2.804399693011066
2017-02-10,0.0012841186037831293,0.00470240436183289,0.913532561399056,2.8176181693122064
2017-02-13,0.0016921932058873955,0.002316282064565911,0.9150797436892937,2.8241521320716405
2017-02-14,0.003309349264188948,0.00152873778466045,0.9181130785796691,2.828472821905001
2017-02-15,-0.0005728444121684553,0.0021108361526192,0.9175872932438398,2.834449570343337
2017-02-16,-0.001038172973259712,-0.006474342748285622,0.916635173233535,2.8161576502974843
2017-02-17,0.0013382572985308635,9.626448894906048e-05,0.9178626881263875,2.816428759323367
2017-02-20,0.003450572414770152,0.002066510562599433,0.9210353103320275,2.822254956979434
2017-02-21,-0.0037686735704874127,0.0013859868888275173,0.9175707613780844,2.826169277318466
2017-02-22,-0.002587272021882876,-0.005052086448801063,0.9151998246707601,2.811927232124587
2017-02-23,0.0011999127065847196,-0.0018273641034625143,0.9162986436810538,2.806793509258065
2017-02-24,-0.004864087680672684,-0.0029490912943774816,0.9118525086977587,2.7985282125025193
2017-02-27,0.0041546837404455115,0.004428384369846938,0.9156488483237462,2.8109486520398277
2017-02-28,0.0023738913363382944,0.005320248888846635,0.9178250812401552,2.8259434511450605
2017-03-01,0.004417088517897014,0.01124673997254888,0.9218881627571786,2.85790549983886
2017-03-02,0.0012530388007581947,-0.0016923973915741186,0.9230440484286322,2.85307287853688
2017-03-03,-0.00042911268247236784,-0.0035946731133869037,0.9226480434924177,2.842835425342495
2017-03-06,0.0014552065873800635,-7.944010453009298e-05,0.9239916643890238,2.8426095991690903
2017-03-07,0.00018001794167370362,0.00023830138390579236,0.9241580144391184,2.8432870776893044
2017-03-08,-0.0008338715666787026,0.0023904191381003415,0.9233877065613133,2.8500918554301307
2017-03-09,-0.0013871974033556013,-0.0020939662663774783,0.9221076735669698,2.84413010326112
2017-03-10,-0.001417315646995482,0.0036932689098314597,0.9208016816530171,2.8546536617507234
2017-03-13,-0.002711495744508183,0.003569246118729552,0.9183083137175989,2.864860828361953
2017-03-14,-0.0030661987366672324,-0.004112643758213963,0.9154969102896611,2.8531028710755386
2017-03-15,-0.0007462263409768201,0.000680488314984018,0.9148139972156725,2.8550450349757273
2017-03-16,0.005322964687976066,0.0033165780183903593,0.9196965029934544,2.864529734258758
2017-03-17,-0.0022679258731183806,0.0035622810895059587,0.9176130629357173,2.8747521911838163
2017-03-20,0.0022204981093902135,0.002975442632230596,0.9196528848793717,2.8833185895039017
2017-03-21,-0.003960325768240413,-0.008589546090927769,0.9160179623511215,2.8586582537502148
2017-03-22,0.0015983501967358846,-0.008201839577424153,0.91748325055135,2.835307886228975
2017-03-23,0.001295075231933115,0.008954704473536523,0.9186722301276712,2.8608112475544796
2017-03-24,-0.00187137015891664,-0.0011531772294368636,0.9169546619345635,2.8575141266138595
2017-03-27,0.002722112243111303,-0.004244966290150032,0.9194541157997868,2.8454097849104216
2017-03-28,0.004099743608742245,0.00281617800174061,0.9232313795503749,2.853434259223228
2017-03-29,0.0009505926646551843,0.0013391564534259714,0.9241094137878898,2.8572580138572996
2017-03-30,0.0006826776227600229,0.0017478629276155289,0.924740497994688,2.862256476255378
2017-03-31,-0.004113850908291242,-0.0021114121602199276,0.9209440677851694,2.8562194486952315
2017-04-03,-0.0005036080430445469,-0.0009282056512009973,0.9204803897112421,2.853569519691678
2017-04-04,-0.0004492597209357054,0.003470792552533908,0.9200669478265804,2.863490875052193
2017-04-05,-0.00018570758661417275,0.0025834588486848276,0.91989610027851,2.870898149966597
2017-04-06,0.000300282488668671,0.0029741209366278554,0.9201723704462891,2.8794492579728552
2017-04-07,-5.062346583532621e-05,0.0054020442529072454,0.9201257893107904,2.8950462602071685
2017-04-10,-0.00020958794326139546,0.0018132763162395094,0.9199329622468867,2.9003005413173075
2017-04-11,0.00030510344570648304,0.002172632231452809,0.9202136797852537,2.906608677903333
2017-04-12,-0.00010740102412542485,0.0060624599287830705,0.9201148532007637,2.9242833985507772
2017-04-13,-0.00010049613225702893,0.005206813832485224,0.9200223898629665,2.9395493066818963
2017-04-18,-0.00016462136208902388,-0.011714798594200104,0.919870946989703,2.905313999984709
2017-04-19,-8.869736512819287e-05,0.006193909464233371,0.9197893604787547,2.92336509758783
2017-04-20,-0.0004297955466310791,-0.0020104860511480638,0.9193941240492951,2.917493617079284
2017-04-21,0.00010106592640372754,-0.0010532713719033637,0.919487048163824,2.9144223223120664
2017-04-24,0.0002467447638268067,0.01254599904656395,0.9197139547712224,2.951216992307851
2017-04-25,-0.00017839261104900543,-0.0010463161279581357,0.9195498992309957,2.948130701271306
2017-04-26,-0.00035413673974382513,0.004915816953085184,0.919224310482522,2.9626588517604002
2017-04-27,0.00016169480166153928,-0.002146801897659145,0.9193729562923915,2.9563054323218925
2017-04-28,0.00016386468570667775,-0.0010801600331795669,0.9195236213969293,2.9531138733555573
2017-05-02,-0.0023825513451373346,0.009634626171136418,0.917335416945735,2.981703525717606
2017-05-03,-0.0006187220469019562,-0.006173957320511292,0.9167680168484423,2.963351326549946
2017-05-04,-0.002986091709124337,-0.0001320798746782259,0.9140345467015496,2.96295995332494
2017-05-05,-0.004350860351367556,0.0009547302397372448,0.9100663488297445,2.9657901316049258
2017-05-08,-0.003562608308127402,0.0015267639099079133,0.9068299074041358,2.970321651342367
2017-05-09,-0.0016428660547244045,0.004415080134975824,0.9053413304329474,2.983464852252367
2017-05-10,-0.003161838647136073,0.003013106596815973,0.9024833079095931,2.9924679066499373
2017-05-11,-0.0013813280079345716,-0.004088558849407065,0.9012375430427186,2.980258002972213
2017-05-12,-0.002896900471746053,-0.0016532002741858065,0.8986305255374244,2.9753351100097705
2017-05-15,-0.0034077981891106265,-0.0006073796815773136,0.8955733860755482,2.973528500622524
2017-05-16,-0.0020536835701869633,0.00630383921049571,0.8937360490268881,2.992332352136995
2017-05-17,0.004334319996180685,-0.005160267254739281,0.8976181942076323,2.9769308894929343
2017-05-18,0.0024010253794938623,-0.0041555658973582155,0.8997759876948576,2.964585725346762
2017-05-19,0.0012648909780292395,0.006136103875157062,0.9009148263254545,2.982832656584633
2017-05-22,0.0012760820117475,0.005024444667428796,0.9020652013597845,2.997857448228522
2017-05-23,-0.00043141757358117303,0.00037657503687782423,0.9016761185140253,2.9989865790955483
2017-05-24,-0.0016770428456115258,0.0015249530638676845,0.9001652362916329,3.003563381685465
2017-05-25,0.001966565220568739,0.0008567346936985132,0.9019372117196383,3.006137741253392
2017-05-26,0.002167989799815746,0.0028655783189659445,0.9038947235608518,3.014764418695283
2017-05-30,0.000908032937376724,-0.0016493076326113965,0.9047158624959449,3.0097962428803586
2017-05-31,0.0006169550331732113,-0.0009859435675263484,0.905274203718907,3.0068302160429354
2017-06-01,0.0017372040700907824,0.0019208461417150602,0.9068482165450514,3.0126114248910163
2017-06-02,0.0030393212802405385,-0.0003898108207547324,0.9096086123675041,3.011437305216009
2017-06-05,-0.001967847473492823,-0.0067267129733963316,0.9078204013980677,2.9912482100779494
2017-06-06,0.001936421110790881,-0.010823966795785012,0.9095800271265025,2.959045632985909
2017-06-07,-0.0007979048945161606,0.002088889046230946,0.9088545582369824,2.965233211328326
2017-06-08,0.0009050758566106641,0.0024087659783980087,0.9096775129168413,2.9723843734861677
2017-06-09,0.001485103130666237,0.001346359115141027,0.9110294814970722,2.9763889654856626
2017-06-12,-0.002175189999457098,-0.00442559953907562,0.9090499729637876,2.9632457645756562
2017-06-13,0.00307987918666009,0.008942444423013285,0.9118540529524056,2.989863260498859
2017-06-14,-0.0014040360395855644,0.005783951587646996,0.910574675355517,3.0072065929986103
2017-06-15,0.0009652920152355594,-0.021301946771886904,0.9114540701870337,2.9438247136627753
2017-06-16,0.0027237217391785943,0.01334541052183269,0.9139400014078627,2.9833745805919083
2017-06-19,-0.0018135459230740182,0.002867264198389563,0.9122840312871725,2.9919409789119893
2017-06-20,-0.003153584857415812,-0.005125578758271132,0.9094115977923818,2.9766447841977226
2017-06-21,0.0003490592386759541,-0.004516605971401688,0.9097290917212211,2.963230768306328
2017-06-22,-0.0020470448474975674,-0.001230229114767667,0.9078687402324929,2.9595875569931853
2017-06-23,-0.001278557538857436,0.0013572367912626504,0.9067087195449979,2.9636071452620043
2017-06-26,-0.0007470404391684417,-2.5400244854978382e-05,0.9060316244051654,2.9635318698708715
2017-06-27,-0.001571755997808344,-0.008048663318099614,0.9046086823171215,2.9397751328552997
2017-06-28,0.0027386062492311177,-0.0025844247222668315,0.9070894446728001,2.932187314619972
2017-06-29,-0.0011597347205275443,-0.006697120417587854,0.9060380713241174,2.9126157129248234
2017-06-30,-0.00442345775431732,-0.00032058500828391345,0.9020391013498276,2.9116821216480466
2017-07-03,2.158201283767035e-05,-0.0010242381161127412,0.9020585693793719,2.9087013925857916
2017-07-04,-0.00017926528665255766,-0.0009787396240277246,0.9018968760847851,2.905855923991981
2017-07-05,-0.00012194121384478651,0.007725911556740073,0.9017869043901298,2.9283932584800616
2017-07-06,8.46248147833597e-05,-0.004229732086278304,0.9018632211689889,2.916033098064564
2017-07-07,-7.813116122944828e-05,0.0013414441377790354,0.9017927603008794,2.9199474184035927
2017-07-10,0.0007125002145700927,-0.0019456412176044324,0.9024355167909685,2.9142717715297954
2017-07-11,0.0008256280784982222,-0.007362734289792172,0.9031809005552061,2.8928935604474
2017-07-12,0.0004395958143872068,0.0027284578767314827,0.9035780223788752,2.9007974765165967
2017-07-13,-2.929669390244018e-05,0.007775441568526276,0.9035515509179016,2.923440372978961
2017-07-14,0.00028324814433967205,-0.0005099784705233645,0.9038075164671864,2.921949861425588
2017-07-17,0.0002281960074558255,0.0057643160329465815,0.9040137852679161,2.938841541578528
2017-07-18,0.0001508348559734151,0.004742727817287573,0.9041501523412103,2.9528127717910166
2017-07-19,0.00035958412456555674,0.004095936935057054,0.9044753288428659,2.964932109763783
2017-07-20,0.0002364706629539042,0.0035480980718567423,0.9046892360138913,2.975470664522713
2017-07-21,5.090319627155059e-07,-0.0006428515903014187,0.904689696529746,2.973558493161181
2017-07-24,0.00044797110264366486,-0.0068533163391872876,0.9050950621599159,2.9532494278684984
2017-07-25,0.0004613641686177871,0.001273638856398307,0.9055127369334679,2.9570131974252596
2017-07-26,-0.00024097244526109738,0.006161751172271579,0.9052945596034521,2.9752898271572885
2017-07-27,8.229352039193662e-05,0.005887756206245598,0.9053690625452662,2.99285927987494
2017-07-28,0.0003950923960551636,-0.007634994691159136,0.9057268376499591,2.970095825168962
2017-07-31,0.0014715259956676755,0.0026778719848969956,0.9070606193430722,2.978060020359965
2017-08-01,0.002442088540277303,0.004161974776689448,0.9092784486524537,2.9904804598972707
2017-08-02,0.0030003027988260364,-0.0011182078359475156,0.9120106560019678,2.9871383501486655
2017-08-03,0.0015371429846029313,0.0033609843451305466,0.9134136247892933,2.9971949659776302
2017-08-04,0.004224152656154357,0.003084417743515644,0.917280184097601,3.006453839087261
2017-08-07,0.0013178189878707974,0.0009410225187806986,0.9184897901872839,3.009284311411744
2017-08-08,-0.0007058681646199572,-0.0019530278129380463,0.9178416862497405,3.003412830903194
2017-08-09,0.002006249689404299,-0.003741419824761394,0.9196849542573667,2.992196797624051
2017-08-10,0.004994542295923862,-0.00887446228377975,0.9242898497604128,2.9657601390662705
2017-08-11,0.0009181233132923006,-0.0078788918878967,0.9251388515042254,2.9424850469361656
2017-08-14,0.0008600527963603562,0.007528546226623689,0.9259348620169501,2.9647212798597056
2017-08-15,0.002480444836025885,0.00011682858215600334,0.9282344431770084,2.9650676642767255
2017-08-16,-0.0029803622444874705,0.008312655314920647,0.9254720867446717,2.989817977646382
2017-08-17,0.003913985157131468,-0.004344928120382008,0.929101468795977,2.9768556141018028
2017-08-18,0.00023851996009815243,-0.0074417145034075816,0.9293231044724569,2.9547849282298606
2017-08-21,0.003118635710490804,0.0010388910691165876,0.9322258486408129,2.957856222997075
2017-08-22,0.0010291803153049716,0.005294624502713674,0.9331857710155286,2.973558493161181
2017-08-23,0.0030207910009939576,-0.0004051207475459506,0.936008992228619,2.9723540869030143
2017-08-24,0.0022434307570957383,-0.0016677073073303461,0.9381112208111266,2.9674012014019175
2017-08-25,-0.0036591916324393388,-0.001980620960139845,0.9346847649342364,2.961529720893374
2017-08-29,0.002117921816346841,-0.007316528196575689,0.9366664519776555,2.939940679906897
2017-08-30,-0.0016809723669643966,0.004531894419862681,0.9350932641678787,2.9532944166764823
2017-08-31,-0.00037981002599216194,0.009487592981706428,0.934738173808618,2.9814474129610495
2017-09-01,-0.0026742573433318866,-0.000879034107800436,0.9322417828668981,2.9788277705406454
2017-09-04,-0.0030544975577512607,-0.00447263461474634,0.9293985970804839,2.9655343128928666
2017-09-05,0.00011461245651920096,0.001466106016920321,0.929505123841311,2.969885289309378
2017-09-06,-0.0004907614474415995,-0.003783737359491113,0.9290490704771881,2.958669256030236
2017-09-07,0.00649341180227019,0.002256649792444776,0.935101397536246,2.965353475527442
2017-09-08,-0.004604561661298089,-0.004391011682017165,0.9308055632985576,2.952361119444204
2017-09-11,-0.00032948994412840184,0.00426923576858762,0.9304989227457754,2.9649923888855922
2017-09-12,0.004318293181350852,-0.001443102154368603,0.9345257782127595,2.9607166878602134
2017-09-13,-0.012591173355469104,-0.0038669593335161068,0.9228327709562474,2.949289824676992
2017-09-14,-0.0011716332654125262,-0.003379855838385737,0.9217521825336658,2.9393384767778192
2017-09-15,0.0019260572909310738,-0.007490693541878812,0.9235292408539713,2.9174030513743205
2017-09-18,-0.00029911047138977856,0.0030761060257109563,0.923253044896008,2.926391109502561
2017-09-19,-0.0010570684095916264,0.005008534663332398,0.9222776189050175,2.9410848070432536
2017-09-20,-0.00042621349964653806,0.00027130414990850227,0.9218846154910479,2.941882843807085
2017-09-21,-0.0004900266244554891,-0.006288666771000706,0.9214329781509795,2.923440372978961
2017-09-22,0.0009693849699635328,0.005090434762220042,0.9223266345093676,2.9383598966930604
2017-09-25,0.00011051871325414741,0.002507434010682985,0.9224285744952478,2.9457368850243095
2017-09-26,0.0025218741973934084,-0.0032353148041188717,0.9247577590369657,2.9362218991581206
2017-09-27,0.00013071523957945935,0.0033937171585058934,0.9248786468697601,2.946203533640446
2017-09-28,1.9956181005871543e-05,0.005554437435630888,0.9248971040996128,2.9626135689079196
2017-09-29,-0.004493187450847372,0.009925967698196203,0.920750690321226,2.9921668050853976
2017-10-02,5.3213375155531945e-05,0.004132313267968257,0.9207996878767859,3.004556958039552
2017-10-03,6.991788787979046e-05,0.003915778273469783,0.9208640704968448,3.016345201909121
2017-10-04,-6.99516144949195e-05,-0.00029951478244427676,0.9207996568213297,3.0154418972155015
2017-10-05,9.767160387208189e-05,0.002946298363152522,0.920889597192895,3.024339389638779
2017-10-06,0.00037421813447075555,0.0038752998443261077,0.9212342752683809,3.036082350655874
2017-10-09,-0.0002334819250202584,-0.0031736713698400365,0.9210192088244372,3.026462096859893
2017-10-10,3.509410006260065e-05,0.002171546980118677,0.9210515317318797,3.03304134247181
2017-10-11,0.00015934868616297132,0.0010666243922123897,0.9211983117776427,3.0362781842906212
2017-10-12,0.00010496875290252958,0.004126700603867661,0.9212950138908672,3.0488338842963736
2017-10-13,-0.0003603953063067249,0.00040980686713787406,0.9209630433160488,3.050083573407021
2017-10-16,8.141132523011348e-05,-0.002095057714486259,0.9210380231899572,3.043700161429855
2017-10-17,-0.0003166282387317067,-0.004267846114045071,0.920746442706613,3.0307377978852728
2017-10-18,0.00038910288170240304,0.006377750148393702,0.9211047775108189,3.0501288562594997
2017-10-19,0.00016036841744480255,-0.006352913141251193,0.9212525054714221,3.0308130732764096
2017-10-20,-2.383018798418816e-05,0.0007646972683179598,0.9212305521126133,3.033131614132273
2017-10-23,0.00026047649882213436,-0.0007597493444890802,0.9214705422759774,3.030828069545736
2017-10-24,-0.00027495894219211367,-0.0009144233512383693,0.9212172105399211,3.02805787634306
2017-10-25,0.0003351473734488832,-0.0019856643703484167,0.9215260058114811,3.022051135366069
2017-10-26,-0.0001889593138181413,0.004478486423769468,0.921351891340551,3.035615702039734
2017-10-27,7.954103481222955e-05,-0.0008583972667661754,0.9214251795380853,3.0330110558886543
2017-10-30,-0.00013444365649212952,0.003330140355345179,0.9213013080948157,3.043128244883927
2017-10-31,-0.004584071239803951,0.0007220166358159474,0.9170876624697379,3.045326227496175
2017-11-01,-0.00022974077410942628,0.004946187309592176,0.9168769942407036,3.0604262945311977
2017-11-02,-0.00028239096574505027,0.0028148176256799218,0.9166181130154104,3.06905297197309
2017-11-03,7.755231207850523e-06,0.004253792820037461,0.9166252216283706,3.082135893761287
2017-11-06,-0.0005438439889761377,-0.001946011187401453,0.9161268560402921,3.0761438550091267
2017-11-07,0.0011844158459328848,-0.0061610860852745475,0.9172125740493539,3.057249731834189
2017-11-08,-0.0029873494426531427,-0.00033985962575933115,0.9144766282252793,3.056210872627625
2017-11-09,0.0007347205652467701,-0.011309853282684301,0.9151487598947186,3.021840305461994
2017-11-10,-0.0031230467829949943,-0.002544099015986845,0.9122951657774897,3.014162215566204
2017-11-13,-0.001958128956364159,-0.011706087906970808,0.9105105220481451,2.9790838832972
2017-11-14,-0.0011994304036693703,0.0029620286198657197,0.9094190827287397,2.9879210965986758
2017-11-15,-8.686931139545212e-05,-0.0077491140803207514,0.9093400855505182,2.9648568343726502
2017-11-16,-0.002166455807005238,0.007920433068182575,0.9073721729092241,2.988433028067295
2017-11-17,0.0008271131808385187,-0.002633147255663104,0.9081229828529603,2.980574394850579
2017-11-20,-0.0008052550939514906,0.0037056591257602634,0.9073920065457803,2.991639877347448
2017-11-21,0.004131264869008281,0.0036518272179595357,0.9111484373274108,3.0025848016007095
2017-11-22,0.001659276104813995,0.0034987054497612746,0.9126615391370896,3.0131083600903077
2017-11-23,0.003566211373843446,-0.0003898441453671353,0.9159220935559501,3.0119339463708004
2017-11-24,0.0007065105557337887,-0.0030687106237810013,0.9165694308316594,3.002705359844324
2017-11-27,0.0013969671871372012,-0.003188866161584869,0.9178507430184297,2.9931453851701537
2017-11-28,-0.0015409687041040383,0.007261746500939026,0.9164374529459502,3.0149599582855395
2017-11-29,-0.001396362502632538,0.001666445441076192,0.915158667082747,3.019988413222269
2017-11-30,-0.002954652519275707,-0.0053333069247880616,0.9124586819446915,3.003924762371817
2017-12-01,0.005268685888973314,-0.004948851044813907,0.9172788268911402,2.989095510318182
2017-12-04,-0.00015420808273190062,0.004101477892344718,0.9171373859878602,3.0013803953425473
2017-12-05,0.00307856056546424,-0.0032607473926091757,0.9199651995417306,2.991609590764299
2017-12-06,-0.0014687940470865515,-0.0021259060273646213,0.9186149519936443,2.9852564653702887
2017-12-07,-0.0009307882143531139,-0.0009384452859872994,0.9177603138280686,2.9824562796289587
2017-12-08,0.0004829157114587721,0.009155159324825135,0.9182036217345309,3.009886514540821
2017-12-11,0.0030406165814308465,0.0035998456173302884,0.9209997757537596,3.0207411671336173
2017-12-12,-0.0022339261327721186,0.00041857962755287303,0.9189446266667245,3.022005852513592
2017-12-13,0.001479245285122721,-0.000578038270665715,0.9203049770709147,3.0202595222481516
2017-12-14,0.0027488491099951144,-0.0027503271960185316,0.9228382367672459,3.0119642329539547
2017-12-15,0.003718442502586716,0.002112043392250129,0.9262761455616675,3.0183323546172947
2017-12-18,0.0013320045936729586,0.01026213756060379,0.927510771723882,3.04946637400861
2017-12-19,0.0022797189312728956,0.004241690259012998,0.9296276476133561,3.0624287375531916
2017-12-20,-0.0025898030594818876,0.0004325579708073235,0.9272232099413039,3.0637537020549686
2017-12-21,-0.002609435488795357,0.003551296867485121,0.9248068348498296,3.074653343455747
2017-12-22,0.004007959890348975,0.0028555015416991125,0.9285208614132147,3.083445567949239
2017-12-27,-0.0015960002864950065,0.0077284500193979255,0.9270401237955269,3.107368146060904
2017-12-28,0.0006161219076430097,0.00011146574724918423,0.9276114695162953,3.1077145304779235
2017-12-29,-0.004148209676410573,0.0040610565633123485,0.9237715126220537,3.120360796188635
2018-01-02,0.00023883720834903764,-0.0021638820650178303,0.9239921699808256,3.113616003525126
2018-01-03,0.00029808081139330036,0.0030126655256363932,0.9242676353700082,3.1230104311476934
2018-01-04,7.500455751476412e-05,0.0036858318837520443,0.924336962254908,3.1345425622607066
2018-01-05,-0.0007923874585264585,0.0053696554159010645,0.9236048193473018,3.1514192461443185
2018-01-08,2.1472531018526006e-05,-0.0036373074962341434,0.9236246516933586,3.1399773866917724
2018-01-09,-0.00013913138575347153,0.0008818445489584548,0.9234961554547896,3.142747579894447
2018-01-10,-4.380891210308974e-05,-0.005524212439231846,0.9234556989790713,3.1254342399333503
2018-01-11,-6.782873434197227e-05,-0.001065095402715599,0.9233930642720292,3.122107126454074
2018-01-12,-2.7798171385436815e-05,0.005841741807429912,0.9233673959901397,3.1403990464999283
2018-01-15,-6.974162877726674e-05,-0.0012759994548829923,0.9233030010895122,3.1363944545004316
2018-01-16,-0.00038829777325865254,0.002133776481812788,0.922944554186717,3.143093964311463
2018-01-17,4.278330750155825e-05,-0.0051817132698257495,0.9229840416520818,3.1268494760955887
2018-01-18,-0.0001988665237017371,-0.005039320495811239,0.9228005092741142,3.111131915617661
2018-01-19,0.0006542801354708916,-0.000566297202036381,0.9234044768767914,3.109370589082895
2018-01-22,0.00010311635785386046,9.191510228490074e-05,0.9234996998927137,3.1096564003336162
2018-01-23,0.00027740123268298327,0.0007743235028634388,0.9237559153834498,3.1120652128499415
2018-01-24,0.00010543357717447325,-0.006440215770671998,0.9238533154085712,3.0920872416604572
2018-01-25,-0.0005416909136476388,-0.0008183487906681108,0.9233530079802987,3.089557870900514
2018-01-26,-0.0004929093369664243,0.004565227002439443,0.9228979908116672,3.103694648164605
2018-01-29,0.00048538445076862046,-0.0018303484421036131,0.9233460598801352,3.0980190012908126
2018-01-30,-0.0003104397445891535,-0.0101102723059725,0.9230594610532735,3.0668549893608374
2018-01-31,0.00044668360378937854,-0.006268756140352494,0.9234718686808542,3.0476897571600188
2018-02-01,0.0033628444976284634,-0.0028741500519089414,0.9265825884751123,3.0389428155190097
2018-02-02,-0.00213450036315331,-0.011109011326437823,0.9246069069001558,3.0053699910727127
2018-02-05,-0.0020185254153737534,-0.013719227611696638,0.9227424467225283,2.964420178295164
2018-02-06,-0.0008786269512785366,-0.021970914141476783,0.9219320564072693,2.899999439752764
2018-02-07,-0.0019506144602599907,0.022031815704831814,0.9201354751949604,2.964600721616093
2018-02-08,0.0015747329323647233,-0.01865792780528608,0.9215855842976036,2.9098002368696663
2018-02-09,0.001450328337734663,-0.005717937446354071,0.9229231557105604,2.8932096582812674
2018-02-12,0.005252383288802111,0.008384204171729692,0.9277834547736196,2.91756889247042
2018-02-13,0.0028923948414109855,-0.003059541877046712,0.9304708554905843,2.9086561097333115
2018-02-14,0.0036946974897200443,0.006618840019305239,0.9339150224842301,2.9279718927164047
2018-02-15,0.00018917249856043494,0.00647824006687614,0.9340917102341812,2.9470015704042796
2018-02-16,0.0021712259708500294,0.008079682227124962,0.9361220377669137,2.9709088582021197
2018-02-19,0.0015301696576356441,-0.004062239082681884,0.9375555597911949,2.9588647956204865
2018-02-20,-0.002207826371350414,0.007567903581243485,0.9354878832769564,2.981342145031254
2018-02-21,-0.001723470194585877,-0.0007072171665463145,0.9338769863578895,2.9792344340794723
2018-02-22,0.001930833173018519,-0.0026717678764924813,0.9356818889448217,2.9712852351577954
2018-02-23,-0.000969378826434103,0.0032880456807919956,0.9347752982193208,2.981071036005373
2018-02-26,0.005848229122261798,0.0013928717608102659,0.940258095040381,2.9852261787871357
2018-02-27,-0.0021558721179579425,0.002372606862978799,0.9382332023187515,2.992317355867666
2018-02-28,0.011377865730231971,-0.009529153122207035,0.9489692545787951,2.9639385334097
2018-03-01,0.0006968127094572978,-0.00691159827258403,0.94963073885483,2.943523612098235
2018-03-02,0.0021023548157094872,-0.008485251668115978,0.9516292997177153,2.9186527404849674
2018-03-05,-0.0011091093894190854,0.009267526249626457,0.9505744238206687,2.9458271566847722
2018-03-06,-0.001426408578568625,0.0062816945763870535,0.9492194828873832,2.964390185756511
2018-03-07,-0.003952262169061234,0.004251849834384203,0.9454753224606014,2.977021161153397
2018-03-08,-0.0003574805902501496,0.009752973980283741,0.9451373937893304,3.0061980203751983
2018-03-09,0.0005872058145705897,0.00584723500326767,0.945692546941159,3.0238274581701625
2018-03-12,-7.291450332024105e-05,0.0016118558478659395,0.945623594752643,3.028705362324622
2018-03-13,0.002821949715357524,-0.012721348837089863,0.9482958657204758,2.9904201807754656
2018-03-14,0.0001373962821292461,-0.002172179611797276,0.9484261669980348,2.983931500868508
2018-03-15,-0.002169654764824526,0.000418718557892106,0.9463706403436722,2.985181189979153
2018-03-16,-4.646226799592617e-05,-0.001185871592360499,0.9463266708388265,2.9816432465958
2018-03-19,-0.003204108401621932,-0.005574720377296671,0.9432993900599185,2.9650676642767255
2018-03-20,0.0007653491630479734,0.0014611873116905372,0.9440216198023145,2.9694033503794155
2018-03-21,9.715695069299974e-05,-0.002822918939495267,0.9441133425199604,2.961032785694083
2018-03-22,0.007676319174253857,-0.014034345772877543,0.9513885455392579,2.919766875082664
2018-03-23,0.004438280210761061,-0.0038436552445197947,0.9556204587552094,2.908565838072848
2018-03-26,0.0028528362931696085,-0.006876790666447974,0.9583505799251905,2.8886328556913514
2018-03-27,-0.0035712124857654372,0.010472874486657346,0.9549342102902743,2.9190441137099685
2018-03-28,-0.0029392185554536106,-0.001677605942209226,0.9521315707429006,2.9141512132861833
2018-03-29,-0.0036947105924134607,0.0053533437482133905,0.9486202108667998,2.9297934983729728
2018-04-03,9.830390147821727e-05,-0.003216802187159473,0.9487134685182694,2.920384074481073
2018-04-04,-5.874755517049388e-05,-0.006921557393532396,0.9486577355585403,2.9002402621955006
2018-04-05,-5.17474871798365e-06,0.016066092193954162,0.9486528265058409,2.947212106263861
2018-04-06,-0.00016911432508394427,-0.002352557282369716,0.9484924092881546,2.9402867702794206
2018-04-09,0.0006383933102097339,-0.002347780042381231,0.9490981138153168,2.9333917208781353
2018-04-10,9.987345472586449e-05,0.009760041494152105,0.9491929082564627,2.9621619165611097
2018-04-11,0.0001184803991456099,-0.0010424480673503211,0.9493053756735598,2.959075625524564
2018-04-12,0.0003688291693824832,0.0059805742061485034,0.9496555717640565,2.9768256215631457
2018-04-13,-1.6809129395378968e-05,0.003312161079856324,0.94963960901483,2.986701694071185
2018-04-16,-4.742819466997477e-06,-0.003382987321334241,0.9496351050562865,2.976614791659068
2018-04-17,0.0001495097201764708,0.0029241977486567095,0.9497770953493132,2.9853317407614233
2018-04-18,-0.00019880398486169057,0.009166389038808731,0.9495882946458153,3.0128222547950974
2018-04-19,-0.0001894550573332497,0.006733188517722866,0.9494084073818242,3.033176602940255
2018-04-20,-0.00043789449176917473,0.0036465340892757325,0.9489927576817913,3.0442573757509535
2018-04-23,-0.0001325831543518468,0.004716644654434887,0.9488669455689884,3.0586499717271023
2018-04-24,-0.00041265246276801055,-0.0059785181354410355,0.9484754740634557,3.0404183308030595
2018-04-25,0.00010568462239547947,-0.008763144432956338,0.9485757186328448,3.0138911065403153
2018-04-26,0.00033657463556472966,0.005901896633689674,0.9488950388941851,3.0317313742393606
2018-04-27,0.00043146251267091936,0.006632177512290838,0.9493045398677342,3.0519051790635885
2018-04-30,-0.00183888998955542,0.0006657346755858384,0.9475604773133827,3.0539376146242403
2018-05-01,0.0008395711295713283,0.003110801568874777,0.9483563557852017,3.063452600490429
2018-05-02,0.0015403690016842486,0.0077347853939251365,0.9498183001960625,3.0872396240891504
2018-05-03,-0.0003759510571919194,-0.006870241329956173,0.9494612821168307,3.0661022354494847
2018-05-04,0.0019799856155710135,0.002745920795652168,0.9513430641338572,3.074533079256632
2018-05-08,0.0002484758856968384,0.008425849635985472,0.9515794793148388,3.1005480780062555
2018-05-09,-0.0029495913246572027,0.0042300335577412085,0.9487768440841422,3.1136912789162614
2018-05-10,-0.0038938419441021796,0.0008409764525243446,0.9450896403660837,3.116310921336662
2018-05-11,0.000750124359445723,0.00415568725096449,0.945798841088296,3.129288281150574
2018-05-14,0.0030913699335497107,0.0007406420084183907,0.9487271791448627,3.131606822006437
2018-05-15,-0.0016104736566981527,-0.0007742821498677444,0.9472005086767097,3.129183013220784
2018-05-16,0.00015410799303196038,0.0021099015792689357,0.9473464910943404,3.135792251371352
2018-05-17,0.003421027950188906,0.009109157477762864,0.9505929398486358,3.1644871716631897
2018-05-18,0.0003892111090373221,-0.0014091967210809742,0.9509629931907617,3.160030927316887
2018-05-21,0.0011441476632663705,0.007021496416021122,0.9520516579551349,3.182297152779078
2018-05-22,0.0018256495171121033,0.00253731835456783,0.9537913581629676,3.190381906213695
2018-05-23,-0.004221327924998417,-0.008839694995744551,0.9497735782177423,3.1623041853202674
2018-05-24,9.908023916724816e-05,-0.0007334497538789009,0.9498676866730941,3.159985644464402
2018-05-25,0.001762144824565701,0.005748234355122506,0.951542966710711,3.1782022891191217
2018-05-29,0.0013413705383788972,-0.017378491463860612,0.9528201948388423,3.1234470872251765
2018-05-30,-0.0004246393971109069,0.0036516446836749594,0.9524156757392026,3.134873656363902
2018-05-31,0.008010841401762092,0.0011328116836946123,0.9600759683952242,3.1384268900610834
2018-06-01,0.002475819438804913,0.006626638139850982,0.9624558880505002,3.159293169674863
2018-06-04,-0.0012698406422451832,0.0059721154209118055,0.9612344980969109,3.178217285388451
2018-06-05,0.0036281340359496294,-0.002784429608055916,0.964728319890333,3.169380072086976
2018-06-06,-1.0571101013799123e-05,0.005660396835617476,0.9647181217037156,3.187370890568289
2018-06-07,-0.0006559015385309602,-0.0007891666322148438,0.964085569072241,3.1848565160776765
2018-06-08,0.0016648124748969836,0.0002741701040491762,0.965691927526282,3.185729828232643
2018-06-11,-0.0011886734557937186,0.007453112980865484,0.9645447171299092,3.2095621346838437
2018-06-12,0.0003692426807611693,-0.003627844467553487,0.9649009339681591,3.1979394378658736
2018-06-13,0.002046431955935223,-0.00040962077819095555,0.9668775598991551,3.1966297636779197
2018-06-14,-0.0018281844465454096,0.00428131502486373,0.9651115441755462,3.2103448811338517
2018-06-15,0.002854183126819262,-0.015048890766252043,0.9678700840767793,3.162394456980731
2018-06-18,-0.002827424248623176,-0.000280936872840698,0.9651373698233336,3.1615061485564357
2018-06-19,0.0011752042206434692,-0.00783067276034366,0.9662722700730144,3.1368461068472415
2018-06-20,-0.0010337174443707645,0.004338839858284871,0.9652739336592109,3.1504859489120425
2018-06-21,-0.003974331370225669,-0.009473047098516929,0.9614452284949594,3.1207821619522953
2018-06-22,0.00014384596076885377,0.013455282478894048,0.961583538455005,3.163056939231622
2018-06-25,0.0007560350524895737,-0.011272295538525157,0.9623108042005305,3.1276022300069406
2018-06-26,-0.0013661477974904817,-0.000828341456641013,0.9609970430151749,3.1250125801251945
2018-06-27,0.0005057950014970936,0.004177779034227669,0.9614832334619692,3.1380955019133885
2018-06-28,-0.0006289055852938254,-0.007700829812339549,0.9608787413904227,3.1140223730194543
2018-06-29,-0.004468235459891013,0.007072175775315159,0.9565948866885352,3.1361233454745467
2018-07-02,0.00046098964089064706,-0.010864800289176912,0.957035968681131,3.1022344231943837
2018-07-03,2.3584592392258508e-05,0.0028736267990137065,0.9570585402505267,3.1111619081563187
2018-07-04,0.0008790334395637609,-0.0006147108570910831,0.9579001965788599,3.109250030839282
2018-07-05,-0.000262363414791089,-0.0015215729657853672,0.9576489115776934,3.104522677467093
2018-07-06,-0.0006702080966924613,-0.00013573563644442288,0.9570073025531634,3.104101311703433
2018-07-09,-0.00031861726686454174,0.009792592039342907,0.9567024320731331,3.1346478301905005
2018-07-10,0.00042141008738968543,0.0014590042844560003,0.957105681089273,3.1392246327804187
2018-07-11,-0.0006619846565130554,-0.0100882588154807,0.9564723014806519,3.1077145304779235
2018-07-12,-0.0005612480358111983,0.006638992221684958,0.9559356338960394,3.1284152630401048
2018-07-13,-0.00019793111929383708,0.0016011788034244745,0.9557464432100292,3.133428427663009
2018-07-16,4.037615405237838e-05,-0.00060076372015061,0.9557850333547109,3.1315465428846307
2018-07-17,-0.0006632765654811447,0.0033932332843082946,0.9551512937360017,3.1421906596178415
2018-07-18,-0.000513345394700945,0.005394689410172404,0.9546610970489904,3.159187607700572
2018-07-19,0.0003348029777133985,-0.0036761764748174386,0.9549807739383906,3.1475951974657512
2018-07-20,0.0002754370504659135,0.0008844714039444312,0.9552438472544218,3.1503803869377554
2018-07-23,-0.0002753108053588809,-0.007449116233809505,0.9549808945000483,3.1270000268778606
2018-07-24,-8.164938761560307e-05,0.00396413097892534,0.9549029240779897,3.139420466415171
2018-07-25,-0.00025600595596664245,-0.004773339252057696,0.9546584945311006,3.1244706561179214
2018-07-26,0.0001834537421006213,0.0007225051146004802,0.9548336462699802,3.1267289178519753
2018-07-27,5.560139039868808e-05,0.004817819285975133,0.9548867378242807,3.141829278931492
2018-07-30,0.00018199450633045672,0.0004503483117446194,0.9550605377795713,3.143244515093738
2018-07-31,-0.0014090388178526125,-1.91775407625272e-05,0.9537157680473087,3.1431842359719275
2018-08-01,0.0023526282322094572,-0.0036661024620947558,0.9559621481011712,3.1316820973975736
2018-08-02,-0.003325828721258666,-0.012212821533966078,0.952788062890208,3.093668024874297
2018-08-03,0.0034256698274902045,0.004190961406631999,0.9560575971843449,3.10666067500203
2018-08-06,-0.001102830907981689,0.00019864998520091603,0.9550038084985305,3.1072778744004395
2018-08-07,0.0037855679524400635,0.0017523528022849177,0.9586258918061574,3.1127276951008294
2018-08-08,-0.0003143106448572541,0.00458426433126391,0.9583246328308586,3.1270300194165164
2018-08-09,0.0018241053723551904,0.0017124751822308326,0.9600743132576474,3.132389568456446
2018-08-10,0.00015653814012206967,-0.006688563520652835,0.9602246132685589,3.111508292573336
2018-08-13,-0.002403152595244353,-0.004480830311383244,0.9579198174943484,3.0975973414826536
2018-08-14,0.0015329645488057326,-0.003178729045828277,0.959389400736881,3.087766551827097
2018-08-15,-0.0038785295272835267,-0.009277532008285405,0.9556755873409882,3.059252174856184
2018-08-16,0.001637154895477594,0.00695888007347456,0.9572414577437426,3.0806153896692536
2018-08-17,-0.0013856631052381833,-0.0008751813886114235,0.9559159621302128,3.077920471857714
2018-08-20,0.002748373685820926,0.004236616853990682,0.9585467899994224,3.090988103332083
2018-08-21,0.0025539982098990313,0.005425811224506916,0.9609980457040838,3.1078048021383857
2018-08-22,1.5993749199712855e-05,-1.9396233110313688e-05,0.9610134157887205,3.107744523016578
2018-08-23,-0.002035778263135256,0.0011135858611801552,0.9590589956243107,3.111207191008798
2018-08-24,-0.0030333579013670903,0.0012525307151403098,0.9561542342597633,3.1151065150785024
2018-08-28,-7.753918890562872e-05,0.007597366846903597,0.9560800977102513,3.138863252094068
2018-08-29,0.0013588766400110196,-0.005400799889708097,0.9573801757437896,3.1219565756718035
2018-08-30,-0.0022068456602848162,-0.0021772165631386287,0.9552697150447489,3.115166794200309
2018-08-31,0.002676138791461037,-0.00013536621821685912,0.9578295731254949,3.114745134392154
2018-09-03,0.001987579793203348,0.00033347383339332737,0.9597352290245971,3.1157839935987166
2018-09-04,-0.0016843923874268266,-0.007142838803964935,0.95812001901649,3.0936077457524918
2018-09-05,-0.0006789131688056686,-0.007821776684014736,0.957469759478142,3.069504624319899
2018-09-06,-0.0008683902132906884,-0.005163268748482608,0.9566386630197323,3.05369679218151
2018-09-07,0.0017728426365569141,-0.003650027949650081,0.9583361370618981,3.0425710305628253
2018-09-10,0.0009829609702943617,0.002480945956197189,0.9592786072108531,3.0501288562594997
2018-09-11,0.002515472920102551,-0.0016499645427643372,0.9616946840841015,3.0451004013227663
2018-09-12,0.0016880297002247887,0.007589860228030432,0.9633194241923622,3.0683002180617365
2018-09-13,0.002607115144384731,-0.006739886430873199,0.9658341855638692,3.0476897571600188
2018-09-14,0.0020719462211613057,0.006514174181978305,0.9678374166317879,3.0676077432721938
2018-09-17,-0.003759770237131802,-7.361908854264243e-05,0.9642054023663943,3.067381917098788
2018-09-18,0.005596868024811592,0.004109476291866088,0.9696170628002205,3.0800131865401714
2018-09-19,-0.00024070344824680202,0.00206056978604785,0.9693837007163815,3.086366311934182
2018-09-20,-0.0001934589896982618,0.002474961205823689,0.9691961828641028,3.094014409291317
2018-09-21,-0.0008384767842465959,0.0019007294318313939,0.9683838749636396,3.09990088606919
2018-09-24,-0.004111294685717066,-0.0049807560032189,0.9644107364528005,3.0844994234251333
2018-09-25,0.000835411061548676,-0.0013187072972300484,0.9652167524803847,3.0804345523038292
2018-09-26,0.002388671260429417,-0.0012029856312647524,0.9675250938338766,3.0767310618688786
2018-09-27,0.004314331422122886,-0.0030531615894311415,0.9717083352040284,3.0673516305156343
2018-09-28,-0.004161716551716585,-0.003303702012757981,0.9676727638187181,3.0572347355648604
2018-10-01,-0.00010117324677540607,0.004628030160649388,0.9675748661757811,3.0714165016369326
2018-10-02,-0.00024334611990469595,-0.006703339627526006,0.9673394392326583,3.050896606440178
2018-10-03,6.206090033469884e-05,0.001730541320037915,0.9673994750521056,3.0561808800889674
2018-10-04,0.00018547876453599093,-0.010463457014980193,0.9675789237529983,3.024369382177437
2018-10-05,-0.000241002907764585,-0.008533583523313126,0.9673457625162786,2.998670481261679
2018-10-08,-3.790026791822554e-05,-0.013745020058129498,0.9673091005474632,2.957735664753461
2018-10-09,2.6155045303791862e-05,-0.004924019568543159,0.9673344008916752,2.943207514264367
2018-10-10,-0.00011270146238953906,-0.01600498215846713,0.967225387033201,2.896476492638738
2018-10-11,-0.00022107506572268337,-0.02161528122450207,0.9670115812516284,2.8345401360482936
2018-10-12,-0.00031623706245806707,0.007708726273763844,0.9667058246981358,2.856475267407295
2018-10-15,0.00010303311432280487,-0.009000246052423222,0.9668054325412534,2.830881634421328
2018-10-16,0.0009214728994564748,0.018254491358037583,0.9676967281356879,2.883032484208689
2018-10-17,0.000378361155611703,-0.0071219641423461155,0.9680629362631232,2.862572574089242
2018-10-18,5.8418760872105225e-05,-0.0027701955724648286,0.9681194909522173,2.8546536617507234
2018-10-19,0.00045613050771371386,-0.008771872177101514,0.9685611805135369,2.8297225110156408
2018-10-22,0.0005885772307180896,-0.002002533688321151,0.9691314213698745,2.8240615663666806
2018-10-23,0.0004094005147720852,-0.021886960414427392,0.9695282655012181,2.7629229524955714
2018-10-24,0.0001714477977256044,0.0029598750180515054,0.9696945032373107,2.7711129738599793
2018-10-25,-0.0004513370634296618,0.006768123729552045,0.969256942918818,2.7899318216437807
2018-10-26,-0.0009961070300822615,-0.009684365387018445,0.9682919399669249,2.763043510739188
2018-10-29,-1.2173397941826444e-05,0.011587460200574995,0.9682801526355618,2.7952463818757245
2018-10-30,0.0001052224661407564,0.005419634181700772,0.9683820428216116,2.810436720571209
2018-10-31,0.009130298405779615,0.013303234627453975,0.9772641462681756,2.8480744161388074
2018-11-01,-0.0011027645934590462,0.01334773526390265,0.9761870479713007,2.8863446014186382
2018-11-02,0.0032591325114335544,0.007990090182984133,0.9793737610559368,2.9094991353051287
2018-11-05,0.0044866077894097165,-0.01364981367676954,0.9837776989846666,2.870054830350284
2018-11-06,-0.0034687770698034297,-0.0010496650338982505,0.9803711052335845,2.867043814704875
2018-11-07,0.0011974995715698586,0.005420152843747417,0.9815458024213939,2.8826258206698645
2018-11-08,0.0023120153905886055,0.005723353581599255,0.9838177768310071,2.89917141045028
2018-11-09,-0.003951881261919659,-0.007845998958666556,0.9799375180046292,2.8765135177185837
2018-11-12,-0.001742074064430287,-0.015560124589711677,0.9782318803746493,2.8321010369488184
2018-11-13,-0.001427388942992511,0.009212343000738699,0.9768365590749242,2.8583118693331957
2018-11-14,-0.0011950496735422251,-0.003989872862034005,0.9756698881176187,2.8469302890024495
2018-11-15,0.0011852469141753878,-0.013196104350067017,0.9768269834281288,2.8096086912687217
2018-11-16,-0.0006633487306353168,-0.003924679434257783,0.9761792213584477,2.7986034878936574
2018-11-19,-0.0026453720578656814,-0.0026394336251804873,0.9736002767607387,2.7912264995624065
2018-11-20,-0.009588673744788946,-0.009413003199671977,0.9643093563372973,2.765075946299838
2018-11-21,-0.001077003900343635,0.01182651447224714,0.9632713504679044,2.797971292225918
2018-11-22,-0.0010855317154055233,-0.002958403772531426,0.9622262562105373,2.7897059954703747
2018-11-23,-0.006233224167326313,0.00016188651790471908,0.9562471382062301,2.7901576478171854
2018-11-26,0.005031406157311999,0.00999144528774032,0.9610705299915149,2.818175089588807
2018-11-27,-0.002103374755786253,-0.0031139254027579,0.9590511629874945,2.8094131516784677
2018-11-28,-0.0039030620565198583,-0.0011367739060563764,0.9553152223298322,2.8062212986676394
2018-11-29,0.0008218179343240488,-0.0016483381350091975,0.9561006402035179,2.801599507269735
2018-11-30,0.007142163950303059,-0.006912937065646219,0.962953711476611,2.782299014600471
2018-12-03,9.832489567011176e-05,0.004486458043068353,0.9630483984547944,2.794809725798241
2018-12-04,-0.0009921908155332885,-0.01270163748364439,0.962093344555137,2.75953555989449
2018-12-05,-0.0026582522190063177,-0.0031966629635302723,0.9595392539995239,2.75072833913167
2018-12-06,0.009994609620258766,-0.028749097049196592,0.969177559576874,2.6727733204987585
2018-12-07,-0.010482167896467436,0.005101441343819957,0.9590715367238689,2.6864431551022108
2018-12-10,0.00060220506155133,-0.019912070720389252,0.9596492683966831,2.633479566326186
2018-12-11,0.012714484793803028,0.009161950232947191,0.9719286117685315,2.6577182422717205
2018-12-12,-8.481742314531723e-05,0.018837680984029603,0.9718461787841262,2.7082580222620902
2018-12-13,-0.0010436804721294316,-0.00951762635836495,0.9708324110222459,2.68260411015432
2018-12-14,0.002831066903371405,-0.008549979167662869,0.973584796785581,2.6597656741017
2018-12-17,-0.0012539959245548757,-0.014246113704873054,0.9723646905821919,2.6221429748034266
2018-12-18,-0.0029829565708175414,0.004468385070003578,0.9694684907059534,2.6338859358205173
2018-12-19,-0.007705381550688018,0.006239425361611595,0.9620270723855948,2.650371246479127
2018-12-20,0.0015526590263861256,-0.008992546354969377,0.9635219326069588,2.62664450200221
2018-12-21,-0.0009424877509545432,-0.00022358279029610628,0.9626142527934435,2.626057295142456
2018-12-24,0.0015519196388973152,-0.007527011885573032,0.9641093125632799,2.606365135203691
2018-12-27,0.006152708769452104,-0.01288865657553373,0.9700594824459027,2.5729881443921423
2018-12-28,0.0034995227844591232,0.021681828038667916,0.9734601746363117,2.629384408621733
2018-12-31,-0.004990869700705202,0.0021162697977352707,0.9686138654543378,2.6349547875657384
2019-01-02,-0.0006431684180601529,0.004822038720423194,0.967991083904963,2.6476913249369134
2019-01-03,0.0005953935824134797,-0.008439524634953344,0.9685675911914922,2.62544009574405
2019-01-04,-6.88742611922345e-05,0.02026475014124607,0.9685008841114608,2.67918672501458
2019-01-07,-0.0007744205475320499,0.010080501668587871,0.967751147469702,2.7063308546312315
2019-01-08,0.0002725409199961149,0.011042464633453264,0.9680149352026036,2.736381026007998
2019-01-09,-0.0007981789137531548,0.013003828413461704,0.9672425943672155,2.772196821874527
2019-01-10,0.00013317640414993443,0.0011886464003403319,0.9673714168357401,2.775493942815149
2019-01-11,0.0008273880550373266,0.005771093917855907,0.9681721395993603,2.7915578877100966
2019-01-14,-0.00019573276511137226,-0.0067479427023808825,0.9679826551341368,2.772784028734282
2019-01-15,0.00043338647918601846,0.000662254172159038,0.9684022566472021,2.7746209247046822
2019-01-16,1.6545275518078158e-06,0.003082550217632374,0.9684038588967425,2.7831870289802687
2019-01-17,0.0004901018903042769,0.0027334482501508717,0.9688785917828057,2.7908051337987465
2019-01-18,-0.00015475603799585059,0.012181826272334106,0.9687286635720894,2.8250101539127814
2019-01-21,0.0002478219980110645,-9.055907117172524e-05,0.9689687655950792,2.8247543352007196
2019-01-22,8.428602703769562e-05,-0.004337166482439869,0.9690504395645937,2.812529435253668
2019-01-23,-0.00020713625575763677,-0.00529723729273357,0.9688497348722288,2.7976701906613752
2019-01-24,-0.00015828395367603143,0.0024025068327748755,0.9686963936417236,2.804399693011066
2019-01-25,-4.1514994478440795e-05,0.0008585718366056483,0.9686561790510503,2.806808505527393
2019-01-28,0.0002780952837496028,-0.005858293978421969,0.9689255952259668,2.7904134665292477
2019-01-29,-0.00031028982172037756,0.009017922016536062,0.9686249941149082,2.815691001681343
2019-01-30,-0.00036326388601675666,0.0066825927961424725,0.9682731915379074,2.834570128586952
2019-01-31,0.0006683922559330494,-0.006190740890756885,0.9689205941761115,2.8170762453049285
2019-02-01,-0.0014377135593880853,0.005308707155950998,0.9675285648094214,2.832071044410161
2019-02-04,-0.00049208227656588,0.001986203034322287,0.9670525782724817,2.8377017024759725
2019-02-05,-0.007604530372897255,0.007779137848462625,0.9597264886094292,2.8598626600083765
2019-02-06,-0.00046679361048827545,0.004066284022334443,0.9592785989608759,2.8715153493650076
2019-02-07,-0.0009664230835182853,-0.014475038051665834,0.9583519778054721,2.8302494387535897
2019-02-08,0.0031541263910049083,-0.007818025735629064,0.9613795131751889,2.8082087454203073
2019-02-11,0.0011624008414130268,0.009545320804388524,0.9624976712782786,2.835142339177378
2019-02-12,0.0043453364536652425,-0.0003717807656649086,0.9666891475879855,2.8340884837014864
2019-02-13,-0.0030459279049316053,0.007820621519165627,0.9637491619031908,2.856339712894353
2019-02-14,0.007199802610844685,-0.003929174384797562,0.9707130046999101,2.845138675884534
2019-02-15,-0.006378277592073797,0.004698388687589983,0.9645412312593626,2.8585376955065995
2019-02-18,-0.006489509950877721,0.0073516479818458436,0.958302097696831,2.879630095338281
2019-02-19,0.003827847790620929,-0.003057918554260297,0.9619773619527032,2.8708378708447873
2019-02-20,0.00038593811806371305,0.006955684065250267,0.9623486973370258,2.8908761211560785
2019-02-21,0.0018341243906928968,0.0018158896253819279,0.964115384221653,2.8961304022662158
2019-02-22,0.0013427798977518487,0.001698374384064394,0.9654108485457757,2.901053295228656
2019-02-25,0.003930386489427801,-0.00117349985189108,0.9692127528840725,2.8976509063582476
2019-02-26,-0.002250444715908925,0.0012305626878710285,0.9670340456153885,2.9012188422802576
2019-02-27,-0.0026724837771342365,-0.006084596970895362,0.9644531131028011,2.8836196910684424
2019-02-28,0.00032665648227664466,0.0014399097070025846,0.9647682094253743,2.8877748338502096
2019-03-01,-0.0003355464087345997,0.011316481903980602,0.9644445392236641,2.920639893193134
2019-03-04,0.0006509883153555964,0.000602980711565948,0.9650725857528034,2.9224015137723995
2019-03-05,0.008212438270056893,0.0016316887764862287,0.9730308183082589,2.927173855952568
2019-03-06,0.0040362150882337355,-0.0043192667237619276,0.9769661164908775,2.9145578768250076
2019-03-07,0.003927337371630046,-0.009106750924420481,0.9808105362563442,2.888136214536554
2019-03-08,-0.00028818416368497197,-0.007119895240739638,0.9805279229165201,2.8676460178339584
2019-03-11,0.003339405468501917,0.002380674420178863,0.9838077765569424,2.874481082157935
2019-03-12,0.002545865944201127,0.002662357825817807,0.9863156102205483,2.882144175784398
2019-03-13,-0.0032426198741421224,0.0018839122338043524,0.9831225433694994,2.887579000215457
2019-03-14,-0.00010810025161944303,0.005355781541823035,0.9830162733192015,2.903085730789309
2019-03-15,-8.424496786875837e-06,0.010723776184804024,0.9830079919366488,2.934385297232224
2019-03-18,0.0015085040133268218,-0.0002206790730934216,0.9844919824590348,2.933737811250663
2019-03-19,0.0004309851938793085,0.003309678849854336,0.9849163753739297,2.943463627020927
2019-03-20,0.001392646931656374,-0.008335925394396426,0.9862889716912152,2.919029117440644
2019-03-21,-0.0011694102142873121,-0.0021375343631540034,0.98513626941575,2.9127962562457492
2019-03-22,5.88139600857197e-06,-0.018208331904203234,0.9851420634093112,2.8602390369640527
2019-03-25,-0.001467374583583658,-0.010524456446070474,0.9836975510637882,2.8302944275615736
2019-03-26,0.0039902582664199295,0.005125230069895181,0.9876306000706816,2.8448375743199934
2019-03-27,0.0030118431378066217,-0.00013231049073958445,0.99060967251366,2.8444611973643195
2019-03-28,0.0015844980507152416,0.0007883325542934472,0.992180535795026,2.8467044628290465
2019-03-29,-0.004432126876694621,0.010987321567352382,0.9877927964671321,2.8781545800542285
2019-04-01,0.00014787118687624716,0.006324967901896628,0.9879388733603491,2.8964165075614297
2019-04-02,5.848652812792088e-05,0.004693006004105271,0.9879966561647959,2.9100413533568954
2019-04-03,-0.0009785175647501355,0.0120383737567753,0.9870303569303135,2.9452852326774996
2019-04-04,0.00027529527371015984,-0.0028716990606891812,0.9873021191282928,2.9368393926010254
2019-04-05,0.0005088289781546586,0.0015878872535228794,0.9878046148880592,2.9415064668514126
2019-04-08,-0.00040635743166215913,-0.0010805937475311111,0.9874032946870147,2.9383296101099066
2019-04-09,-0.0003100767320949695,-0.004282229721605191,0.987097171363451,2.9257739101041556
2019-04-10,0.0004419609004998672,0.002620856204755384,0.9875335261369592,2.9334519999999413
2019-04-11,0.0012706117704038718,0.0069758600023028805,0.9887890953605327,2.953986891466026
2019-04-12,-0.00019732826086363243,0.004601753915855156,0.9885939985776718,2.9676117372614996
2019-04-15,-0.0003201888159324466,0.004828111115436684,0.9882775125061835,2.9819743406989914
2019-04-16,-0.0002685184429366843,0.005854500368011273,0.9880121773926159,2.9994835142948406
2019-04-17,0.000326212647534279,-0.0032829752473180207,0.9883345320360215,2.989652430594783
2019-04-18,0.00019291957837986787,-0.0011185177137313929,0.9885252195103224,2.986310320846178
2019-04-23,-0.0001901179163522661,0.00362821402827862,0.9883373010192293,2.9971649734389754
2019-04-24,-0.0007027755344678379,0.004295523859953576,0.987642965753767,3.0100670578617517
2019-04-25,-0.0009152120984086641,-0.006150789643827537,0.9867394764678281,2.991609590764299
2019-04-26,-0.00034653482997274793,-0.0007148217556700587,0.9863975961112699,2.9894718872738557
2019-04-29,5.8078530854436854e-05,0.002730774786884993,0.9864548862981392,2.9976466183244432
2019-04-30,0.000759005227213715,-0.004348629638297297,0.9872038949280246,2.9846392659718752
2019-05-01,-0.002951672946335317,-0.0005601404084547568,0.9842942881151705,2.9829679170530765
2019-05-02,0.0011234038483120283,-0.006430337041454237,0.9854006694464755,2.963847967704737
2019-05-03,-0.0013694528505580287,0.000939279501317003,0.9840521332798627,2.9666331571767426
2019-05-07,0.001877101572240092,-0.012228618392610358,0.985901033830589,2.9305762448229804
2019-05-08,0.00028371765170726927,0.00339514411809283,0.986180791040876,2.940542883035979
2019-05-09,0.003664756628181256,-0.012690363197359389,0.9898015341502353,2.9034621077449856
2019-05-10,-0.0009321898135869222,0.004201617002410174,0.9888792811668309,2.915687007692038
2019-05-13,0.0010468099105623043,-0.012464558581184448,0.9899149918002051,2.8795698162164705
2019-05-14,-0.0003906147620522882,0.012495518784669812,0.9895283919019604,2.915777279352503
2019-05-15,-0.001679054735578852,0.00012393206300131965,0.9878683136406918,2.91613866003885
2019-05-16,-0.00199183326010486,0.008272354085267608,0.9859026030107815,2.940362045670556
2019-05-17,-0.001450650411548621,-0.0016448984520049947,0.9844734398526647,2.9355294243685797
2019-05-20,0.0017541813417637467,-0.008394711904028185,0.9862019003656792,2.9109896468585044
2019-05-21,0.002523309612848387,0.005199680612800961,0.9886935353623117,2.926165283329159
2019-05-22,-0.0016460436122569993,-0.006664313593127247,0.9870674413619229,2.9067292361469472
2019-05-23,-0.0009140306726411007,-0.01440360660478035,0.9861656436427249,2.865161929926495
2019-05-24,0.0013132481296043897,0.005036978166534922,0.9874615745829113,2.879630095338281
2019-05-28,-0.0023692360698586434,0.0040488003823817564,0.9851248142643008,2.891312777233564
2019-05-29,-0.004886121692816481,-0.013567390166132398,0.9803231149358688,2.8523501171641854
2019-05-30,-0.00422810037992352,0.00869216312671739,0.9761869606007948,2.8772512753606097
2019-05-31,-0.0010285145083048378,-0.007415608658879691,0.9751834542978574,2.8559936225218245
2019-06-03,0.0004161565552309194,-0.004919836200112826,0.975589367740828,2.8419771094568547
2019-06-04,-0.0035428441390374247,0.006915620661301247,0.9721391221173457,2.8616992619342767
2019-06-05,-0.0006567715562574932,0.0033613125326557025,0.9715008584128799,2.871334511999583
2019-06-06,-0.0026283710955559967,-0.00035131740803073797,0.9689507464257239,2.8703259393761713
2019-06-07,0.0013441173358350838,0.00871595808182768,0.970254005591973,2.895452923745997
2019-06-10,0.0027871479791642343,0.004005984224507486,0.9729620191471576,2.9070753265194735
2019-06-11,0.0026666025020091895,0.0008334145610469079,0.9755599844326799,2.9094991353051287
2019-06-12,0.00033607192927435036,-0.003919540668332999,0.9758878978569332,2.8981175549743825
2019-06-13,-0.0013899527973846018,-0.004044470019662683,0.9745324019992342,2.8864198768097737
2019-06-14,-0.001315248709596683,-0.002825732813294124,0.9732514920572702,2.8782751382978473
2019-06-17,-0.003009826175507509,0.0020534509460556905,0.9703265781903624,2.8841916076143725
2019-06-18,0.0009631469470767855,0.008016865154420572,0.9712615954790565,2.907406714667166
2019-06-19,-0.0013913513321603178,-0.0034390813284694843,0.9699111690409753,2.8974250801848394
2019-06-20,-0.003491919195168919,0.007175855070583381,0.9665302240410258,2.9182913597986175
2019-06-21,-0.0012217930099671795,-0.0030742467746041058,0.965350045283261,2.909333588253527
2019-06-24,-0.0010953675071774579,-0.0012893641997457905,0.9642932111271714,2.9055848149660983
2019-06-25,-0.0007100206898360556,-0.0006841419747001254,0.9636087860029553,2.903597662257925
2019-06-26,-0.010554438373525238,-0.0013541744264227162,0.9534919192928543,2.899668345649568
2019-06-27,-0.0015877217628444361,0.002804914299009198,0.951979240596111,2.907813084161498
2019-06-28,-0.004519187005422953,0.007612855367039373,0.9476867749155738,2.930034320815707
2019-07-01,-0.0001615918838212957,0.00882940475158911,0.9475336487966449,2.9560193270266764
2019-07-02,-0.00012821116546696536,0.0012521792494801787,0.9474121721907085,2.95972311150613
2019-07-03,0.00020824974000806668,0.006666674194965694,0.9476094910743377,2.979520539374682
2019-07-04,-0.0005584223866255966,0.00034347577193116763,0.9470804724424137,2.9805441082674236
2019-07-05,0.0006459156309976019,-0.0072136367048951655,0.9476924041302227,2.9591209083770447
2019-07-08,0.0006296648458066305,-0.0037618188441363998,0.9482893206306876,2.948010143027693
2019-07-09,-0.0004458587314411474,-0.00584395119753367,0.9478666117983664,2.930832357579539
2019-07-10,-0.000460905183533415,-0.002468705237442137,0.947429835827577,2.9236059200305604
2019-07-11,-0.0003491222259863403,0.0012247678405046258,0.9470991247469803,2.9271888522219007
2019-07-12,-5.979517267141625e-05,0.005570039404190652,0.9470424944844043,2.9435389024120617
2019-07-15,-0.0008455065590336491,0.0016505988177470954,0.946242102259754,2.9484015162526975
2019-07-16,-5.7158126391238916e-05,0.0036697102580571794,0.9461880183797577,2.9592411725761667
2019-07-17,0.0001290628231709331,-0.0021339489525491473,0.9463101439574267,2.952933035990138
2019-07-18,9.438672899943365e-05,-0.004040926370487696,0.9463994672919362,2.941024527921448
2019-07-19,0.0008004845953069814,0.00442322933231587,0.9471573487822699,2.954062166857162
2019-07-22,0.00048603147033205124,0.0013394951173939518,0.9476178089511363,2.9580217700486737
2019-07-23,-0.00011127780067065186,0.0052944278505187015,0.947512365992319,2.9737243342572754
2019-07-24,-0.00021442231498590444,0.0017956458448935564,0.9473092199776229,2.9790688870278745
2019-07-25,-2.9920909000747894e-05,0.0016461043809936626,0.9472808760486965,2.9839767837209896
2019-07-26,-8.208750500418994e-05,0.0018902024747440294,0.9472031193165152,2.989622438056126
2019-07-29,-0.00016591003993934156,0.0014491947810899575,0.9470459818448613,2.9939581241588176
2019-07-30,0.0006237850236692408,-0.00564268796707168,0.9476369192348476,2.97711172685836
2019-07-31,0.0026242662899281077,-0.005491758704470939,0.9501270367937981,2.9608069595206765
2019-08-01,-0.0015900432050840866,-0.0016386040647802247,0.948617494191996,2.9559593419493684
2019-08-02,-0.0027594058954502946,-0.019600836453594894,0.9460034817053892,2.898584203590523
2019-08-05,0.003467003991582036,-0.02002967094046504,0.9492889716649171,2.8411040913463834
2019-08-06,0.00014215053212083759,-0.0013363085607878133,0.9494239231888639,2.8373100352064715
2019-08-07,0.002531095667721431,0.005017624068802462,0.9518300497513779,2.851582366983504
2019-08-08,-0.0006855767381692237,0.01032608122707046,0.9511777208468896,2.881180591968967
2019-08-09,0.00028760497412793457,-0.002375132140874925,0.95145132363356,2.8743455276449903
2019-08-12,0.003681153814358414,-0.009430317454482307,0.9549602167279438,2.8473669450799344
2019-08-13,0.003344577205812261,0.00502090760340046,0.9581595020473277,2.8616992619342767
2019-08-14,0.0013893911034191684,-0.014685200721308078,0.9594916855828002,2.819981698976052
2019-08-15,0.00039391832781452514,-0.00483790289899666,0.9598697213958662,2.806371849449909
2019-08-16,-0.0074464811160517425,0.009673785955143899,0.9527486161350055,2.8336518276240032
2019-08-19,0.0022994403940475557,0.014562511283454427,0.9549419255139973,2.8752188397999587
2019-08-20,-0.0017484093590069685,-0.004718433969303604,0.9532737548616683,2.8616842656649517
2019-08-21,-0.001977933417885682,0.010451303651418442,0.9513901063253318,2.891749433311044
2019-08-22,2.8660646354815387e-05,-0.00013016392334108673,0.9514173741714699,2.891373056355367
2019-08-23,-0.0026308924278948334,0.0016023783942316072,0.9489175871832,2.896009844022598
2019-08-27,-0.0023211209862168776,0.005174790208396729,0.946717588876245,2.911034929710985
2019-08-28,-0.0010030525085113345,-0.0068969750614371605,0.9457684575177437,2.891026671938349
2019-08-29,0.0002418902143008075,0.004649902521645544,0.9459972573237131,2.9045009669515505
2019-08-30,0.004763334693547224,0.005226675242534284,0.9505141079748631,2.9197215922301853
2019-09-02,-9.417935388844503e-05,0.004527315721938763,0.9504245933855915,2.932970061069982
2019-09-03,0.0035127681145440295,-0.0008986872249749922,0.9537690853657849,2.9303354223802507
2019-09-04,0.004919246058513362,0.007931838525887969,0.9584724692462557,2.953670793632161
2019-09-05,-0.004069432072830752,0.0015534003794357432,0.9545799561695154,2.9582625924914083
2019-09-06,-0.0049933475061837655,0.0028408226010920856,0.9498252874617054,2.9666784400292214
2019-09-09,-0.004295416847151658,-0.0013711153884781169,0.945754141813484,2.9626135689079196
2019-09-10,0.0004869939178209462,0.0030646586177915935,0.9462148304954894,2.9717068949659513
2019-09-11,-0.0009214816946153349,0.012250510346698107,0.9453433124556436,3.00833572386564
2019-09-12,-0.0010429343495460487,-0.0009813348181939574,0.9443578953949414,3.00538498734204
2019-09-13,0.00144335589653358,0.011614197326986542,0.9457219240843197,3.0404936061941914
2019-09-16,0.0021953230044253497,-0.006731924178701831,0.9478003697751248,3.0200939751965525
2019-09-17,0.0020676958781776183,-0.0009875504964220738,0.9497621601870707,3.017112952089802
2019-09-18,0.002289308775365081,0.000693374521272716,0.9519389497559267,3.0192056667722613
2019-09-19,-0.001974948654075901,0.0017486899866607786,0.9500607744686947,3.0244899404210512
2019-09-20,-0.00671134605675458,0.003969333228493355,0.943705936447788,3.0365190067333536
2019-09-23,0.0006467318505078033,-0.0062467057651005575,0.9443164585351619,3.0176098872890913
2019-09-24,0.004861195206050369,-0.006240867174236442,0.9489181409526979,2.9988360283132764
2019-09-25,0.0006697013644754976,-0.0072655742978113835,0.9495538455688345,2.977126723127683
2019-09-26,0.00258906953685913,0.002207394471014368,0.9520154918155661,2.983705674695104
2019-09-27,0.004970036107540607,0.007660350311168074,0.9567588206788422,3.0066496727220113
2019-09-30,-0.00448278493769876,-0.0017190061250342836,0.9524794755067792,3.0014856632723363
2019-10-01,0.0002337294157977815,-0.0032102132594111765,0.952702123996886,2.991865703520857
2019-10-02,-0.0002944340811031449,-0.020122833872761703,0.9524216573139431,2.932262590011111
2019-10-03,0.00014933638560394512,-0.006629816514857723,0.9525638991424933,2.912886527906212
2019-10-04,0.0005550699320227082,0.006809500422068737,0.9530927854921134,2.932789517749052
2019-10-07,-0.00010314145583610373,-0.0030951306940902867,0.9529944871840733,2.923726184229679
2019-10-08,-0.000257790610208598,-0.011356547963353947,0.952748845817076,2.890710574104482
2019-10-09,4.770371644959861e-05,-0.001527176334342073,0.9527942965619406,2.886299318566161
2019-10-10,-0.00025308065787433935,0.003337889976366526,0.9525531932651252,2.895949564900794
2019-10-11,1.9024403123664264e-05,0.04104717705561001,0.9525713151934495,3.0172934954107284
2019-10-14,-0.0006123736532419181,-0.005593927726273762,0.9519881641885701,3.0004620943795937
2019-10-15,-3.6165802685458984e-05,0.013312942275653938,0.9519537353950415,3.0406741495151177
2019-10-16,0.0002488386376125331,-0.00044571004823446003,0.9521906477408776,3.039319192474687
2019-10-17,5.6654530848313796e-05,0.001638225899494472,0.9522445951834726,3.044302364558935
2019-10-18,0.0003529820564296232,0.00036590674711511895,0.9525807797689769,3.045416499156638
2019-10-21,-5.201565226060959e-05,0.003961826995695361,0.9525312319470287,3.05750584459075
2019-10-22,-0.0004105609713762238,-0.0062681456453628215,0.9521402400676693,3.0384008915117326
2019-10-23,0.00010273182058000618,-4.955057532285423e-05,0.9522380601925127,3.0382503407294665
2019-10-24,0.0003633600795296209,-0.001423207092811296,0.9525841283596661,3.0339293568516084
2019-10-25,4.4800211961766286e-05,-0.0024194955473166857,0.9526268052864886,3.026597651372837
2019-10-28,0.0002712047489277927,0.005293459541876544,0.9528851972370165,3.0426613022232907
2019-10-29,0.0003563224771504544,-0.002075285240282554,0.9532247921499932,3.0363534596817594
2019-10-30,-0.0009017076142811447,-0.0026413461768317603,0.9523656495027357,3.028343981638273
2019-10-31,-0.005282585362802199,-0.004664061229012972,0.9473479615137059,3.014252487226667
2019-11-01,-0.0006805166582411143,0.006834260221561195,0.9467034947547989,3.034923227250189
2019-11-04,0.001244120023919666,0.004498983670355727,0.9478820405035044,3.048608058122971
2019-11-05,0.0006105047869973896,0.002234610243686319,0.9484609037081401,3.055428126177615
2019-11-06,0.0017751444436474525,-0.0038705205055737935,0.9501460540615059,3.043624886038721
2019-11-07,0.001748946940955299,0.010656960947653005,0.9518092631044474,3.076234126669585
2019-11-08,0.003517651149844236,-0.0037067033794979665,0.9551632917460676,3.064852546338844
2019-11-11,0.0008851770294449981,0.0025706894683121817,0.9560091546652729,3.0727414661387136
2019-11-12,-0.005849586400748223,0.0008423310166207898,0.9504332208680167,3.075330821975966
2019-11-13,0.000420145356391281,-0.006748972617113935,0.9508326248703176,3.0546453797276096
2019-11-14,-0.00034632494977487297,-0.002862672617675699,0.950503384824577,3.0459134343559247
2019-11-15,0.00306664598312164,0.008494920408310236,0.9534227162016536,3.0718984405668976
2019-11-18,0.0023131813823869755,0.0017676438639533387,0.9556307086372682,3.0773332649979603
2019-11-19,0.00753533678520035,0.004295937676642936,0.9628589071219189,3.0905817338377517
2019-11-20,-0.0002529149436554332,-0.002594844750317904,0.9626154165081814,3.082572549838767
2019-11-21,0.0039581038382177375,-0.0051609795790970026,0.9664330986900694,3.066704438578569
2019-11-22,0.0007278737064524614,0.005673661114967032,0.9671367960019683,3.084153333052607
2019-11-25,0.00851376036933129,0.01055623862184163,0.975405917639264,3.116882837882592
2019-11-26,0.00033303573868075174,0.007780100078704777,0.9757308167680663,3.1412270758024112
2019-11-27,-0.0032163751709102656,0.004275573148710521,0.9725975419902825,3.1546863745462876
2019-11-28,0.002896904937705234,0.0033016844784050647,0.9754191496033296,3.165119367330926
2019-11-29,0.0011952415810355154,-0.010087043900460557,0.9765857081506361,3.133353152271871
2019-12-02,-0.00033165848916787426,-0.005415229446029457,0.9762618689151121,3.116431185535783
2019-12-03,-0.00168800144917982,-0.00967451764547178,0.9746153275386834,3.0864265910559885
2019-12-04,0.0020507754776785117,0.007996836496882764,0.9766160956144067,3.111207191008798
2019-12-05,-0.0018714122785349436,0.002020689664902875,0.9747901533399539,3.117500331325501
2019-12-06,0.0022465786316197586,0.010840528276853334,0.9769825578512145,3.1514795252661267
2019-12-09,0.0041809661726370535,-0.0004969653253628081,0.981075839850926,3.149913738321614
2019-12-10,0.001658573797442612,-0.006785994799184181,0.9827043766831417,3.128610802630354
2019-12-11,0.006277714003979947,-0.00646904619730293,0.9888929183336791,3.108436997806121
2019-12-12,0.008948745991689351,0.007041536813424898,0.9977819835465176,3.1304024157482737
2019-12-13,-0.004256006760521366,0.03379930475873216,0.9935444405811971,3.2380162325329502
2019-12-16,-0.0031556220737751998,0.019015663873975797,0.9904141314471445,3.300178415296797
2019-12-17,-0.002104407375620027,-0.010570850619869177,0.9883320881460145,3.2654764599834705
2019-12-18,-0.0011745801696333752,-0.0012501753562990103,0.9871718943779496,3.2613965925928405
2019-12-19,-0.0009278333368852583,0.00013847474954076233,0.9862563881693778,3.261848244939654
2019-12-20,-0.0028099205989372054,0.00037845390900770326,0.9834889759535999,3.263082937780971
2019-12-23,0.0021925899218734842,0.007771571379803888,0.9856477297366019,3.2885410162539945
2019-12-24,-0.0011834394058234771,0.006284141149347278,0.9844819653148056,3.3092717413548245
2019-12-27,-0.00043093695608593973,0.003537706433997201,0.9840578070526507,3.3209997061025875
2019-12-30,-0.0008816135215601717,-0.005577847392473245,0.9831906306973236,3.3025272427358128
2019-12-31,-0.0038159548266049393,-0.0024144581048854974,0.9794459689386907,3.294563047544809
2020-01-02,-0.0007019397322803627,0.010224762580026692,0.9787586981370313,3.3284219772863186
2020-01-03,-0.0003382992095622348,-0.0054472286677622606,0.978427640844467,3.310340593100047
2020-01-06,-0.0004133850982800304,-0.010349735242218827,0.9780232570268773,3.276256131229629
2020-01-07,0.00029630453186950964,0.0032526350804165105,0.9783130926878976,3.2869299464570005
2020-01-08,0.0003131150729307869,-0.008315581681081596,0.9786194652256903,3.259710541449213
2020-01-09,0.00043187708017910587,-0.00040654954942631605,0.9790421998210592,3.258385576947437
2020-01-10,-1.6409847938963752e-05,-0.003536256697014295,0.9790261340192534,3.2468834383730747
2020-01-13,0.0006233804589275637,0.006935768328240499,0.979636630045857,3.2694813460274603
2020-01-14,6.893694476741888e-05,0.0018079694925674517,0.9797041655299328,3.275397815343987
2020-01-15,-0.0002857589883254827,-0.0019784129819910845,0.9794242462553618,3.2689241317063633
2020-01-16,-0.000492651007019995,0.00037295914461132895,0.9789418507502167,3.270143534233851
2020-01-17,-0.0007216650098149597,0.007563008077474009,0.9782356375252234,3.2949694170391393
2020-01-20,-0.00027510036198924567,-0.0017881019247223406,0.9779665615603741,3.2890829402612654
2020-01-21,-0.0003523685654310639,-0.004661353466630658,0.9776220175928343,3.273787039591492
2020-01-22,-0.0001630324660180984,0.0008090212546054687,0.9774626464561602,3.2764366745505535
2020-01-23,-5.840442746258095e-05,-0.010271771772792704,0.9774055599769957,3.2429541217647175
2020-01-24,-0.0003740242240754901,0.010313143458672513,0.9770400549789409,3.276572229063498
2020-01-27,0.0005940565420411317,-0.021371921939923766,0.9776206444498498,3.2072885826359654
2020-01-28,0.0004776935744023537,0.006055707943330546,0.9780877591098597,3.2267699126706497
2020-01-29,-0.0006551152666181268,0.0016735963662117825,0.9774472087268511,3.23217474456306
2020-01-30,-0.00025373281033167806,-0.008283297141430168,0.9771992297611602,3.2055122598318704
2020-01-31,0.0008254264851812977,-0.00699420739402612,0.9780061688753464,3.1831704649340455
2020-02-03,0.002448327633945864,0.0008226279746601506,0.9804035820336469,3.185790107354452
2020-02-04,0.0013107016345886113,0.01309853260552174,0.9816894411158897,3.2277937756078896
2020-02-05,0.002557790475210115,0.003729045061430014,0.9842036110071881,3.2398528344588495
2020-02-06,-0.005108120441622582,0.0024551801674377316,0.9791889989480738,3.247817029649851
2020-02-07,-0.0031062365678082883,-0.003417502658574989,0.9761521253384992,3.2367365508836516
2020-02-10,0.0026299801170475696,-0.00027911779333678055,0.9787227649031092,3.2358332461900274
2020-02-11,0.0006103340167155338,0.007079384863844851,0.9793202950273951,3.2588222330249184
2020-02-12,-0.0009456271936911438,0.00679108032441178,0.978394660846486,3.2810284734098025
2020-02-13,-0.002060902051691307,-0.00550297050739168,0.9763803616322226,3.2630226586591604
2020-02-14,0.0016718486114289468,0.005346930590432564,0.9780140870743174,3.2805165419411817
2020-02-17,-0.005935540178446771,0.0016599801846819418,0.9722262391597768,3.2859666566860675
2020-02-18,0.0030286718970361235,-0.0067947144791400405,0.9751752569973634,3.263715133448703
2020-02-19,0.0018765085772131675,0.007921142515556312,0.9770068997405861,3.289670147121022
2020-02-20,-0.002527047040249974,0.0007227674416672158,0.9745410742869732,3.292048673054194
2020-02-21,-0.007261128508925002,-0.003963631613800089,0.9674904350861271,3.2790260303878047
2020-02-24,0.0035596180642263144,-0.030880223755824332,0.9709404682731406,3.1793164237168217
2020-02-25,-0.003736231556056656,-0.019214692011903622,0.967319578310324,3.118810005513452
2020-02-26,-0.010687896802866125,-0.004499390739734821,0.957036019183013,3.1048087827623068
2020-02-27,-0.004393488833753902,-0.04155870086999869,0.9528405153176502,2.9784214010463095
2020-02-28,0.0016670107859433165,-0.023143384856577853,0.9544302354060928,2.910282175799631
2020-03-02,0.0005146999384335172,-0.0015117376377205005,0.9549216070331209,2.9058859165306377
2020-03-03,0.002909673812968545,0.019546903185837294,0.9577041636294336,2.9632457645756562
2020-03-04,-0.003058800154932482,0.0030488698459993913,0.9547792136845652,2.972294101825707
2020-03-05,-0.00023723355933139728,-0.021487656305582803,0.9545527348785761,2.909107762080121
2020-03-06,-0.011974828751959628,-0.030294182858504826,0.9431902967466272,2.8223002398319132
2020-03-09,-0.002927894277833329,-0.06611271982432854,0.9404327741111674,2.6417445690372343
2020-03-10,-0.006036673260473943,-5.676669905696485e-06,0.9347727896569693,2.641729572767905
2020-03-11,-0.003742241891660854,-0.011918882701401401,0.9312811810611238,2.6104300063249903
2020-03-12,0.008926225283524271,-0.09820138535683576,0.9396312184003567,2.3662669240655663
2020-03-13,-0.0120271357339551,-0.009936358578151783,0.9283978343249314,2.3428712736918507
2020-03-16,0.00768545838895352,-0.08109605397928021,0.9355604861243167,2.1603735860192304
2020-03-17,-0.00836927119323611,-0.030057358704176806,0.9277632010082753,2.0964046468458895
2020-03-18,-0.003135060405477977,-0.06809868965570409,0.924859161878734,1.9583947153341712
2020-03-19,0.0021873291049446424,-0.013817131974750652,0.926884347307559,1.9315214006989059
2020-03-20,-0.006022323773039488,0.05776268739032986,0.9213191242755213,2.046376504279639
2020-03-23,-0.008739219703683482,-0.038594069132072306,0.9133025941613516,1.9689031305321951
2020-03-24,0.005873855882327568,0.08038616359486461,0.9186829883367965,2.133711101288043
2020-03-25,0.00512474147745328,0.04465330583103899,0.9234030854601982,2.23114759697789
2020-03-26,0.002353145820757516,0.037142590829434496,0.9255785461558984,2.3155764462706756
2020-03-27,-0.0012926872414800806,-0.04052894712799748,0.9243828355847016,2.2236049145727925
2020-03-30,-0.006684014067304449,-0.009879526660018456,0.9182248506631829,2.201744911582683
2020-03-31,-0.0031548618733097614,0.03206254737600567,0.9153325429054004,2.273482359334525
2020-04-01,0.0008855722510094508,-0.037369014320256966,0.9161434950311947,2.1900923692483047
2020-04-02,0.00025978645308697134,-0.007618059932850585,0.9163815276177696,2.1734715040767547
2020-04-03,0.0005304193856227061,-0.023662416690736876,0.9168677230769939,2.122645618791168
2020-04-06,0.0005404935455714159,0.04934662215062602,0.9173634181113758,2.230018466110861
2020-04-07,-0.00011397360137045613,0.049817063518343474,0.9172588688568888,2.3439251291677423
2020-04-08,0.0008483866315369068,0.018694975371067457,0.9180373892153222,2.3881569195943335
2020-04-09,0.0015053523725552962,0.03378621689202532,0.9194203996751421,2.470222239223273
2020-04-14,0.0005556784681633707,-0.020025032036862456,0.9199314437693815,2.4212479521329167
2020-04-15,0.00032513259569872847,-0.04677883336817068,0.9202305920963599,2.310593127164178
2020-04-16,0.000131692388067728,0.0020178226599139037,0.920351787440683,2.3152602014145587
2020-04-17,-0.00017556885477408734,0.030779159500154307,0.920190216515199,2.387629991856388
2020-04-20,0.0001364763003399361,-0.002310436566888896,0.9203158092415784,2.3821198920341904
2020-04-21,0.0013843893394204934,-0.027123589000943582,0.921590766952099,2.318376632012006
2020-04-22,0.0018042774940038228,0.01205742519493036,0.9232550734154388,2.3464994887356676
2020-04-23,5.408675866997344e-05,0.013250654722625654,0.9233050106402446,2.37779905517858
2020-04-24,0.0004542852426667587,-0.006772253805138462,0.923724549769061,2.361750400597457
2020-04-27,0.00027084149491507617,0.016770238874620702,0.9239747665900296,2.4016914937293414
2020-04-28,0.0008190909313031072,0.02102150743548492,0.924731895978674,2.4527130656274294
2020-04-29,0.0006219295234979327,0.032828305297195826,0.9253071929246375,2.53456770237454
2020-04-30,-0.003454952367146106,-0.0228789228448516,0.9221158168488088,2.4772378468681744
2020-05-01,-0.007387847368210078,-0.018784227157411237,0.9153284687552494,2.4311391679325305
2020-05-04,0.003635169672385924,-0.012249350007914828,0.9186618981650998,2.4015409429470704
2020-05-05,0.002484621696644144,0.008825165558663528,0.9209472634074986,2.422828735346754
2020-05-06,-0.0011215989775744746,-0.006896210767292743,0.9199149089505362,2.40617787763655
2020-05-07,-0.00014502870027702707,0.016469320038323687,0.9197815045608921,2.4461341140600115
2020-05-11,-0.00038225216769542636,0.0014514175067468216,0.9194299832761343,2.449687053712693
2020-05-12,-0.004024410378851918,-0.006071926066173461,0.9157372552192827,2.434857801659061
2020-05-13,0.0018085282342318663,-0.01840240843362828,0.9173948903886753,2.390460317158619
2020-05-14,0.0014323813653464397,-0.030274635945765738,0.918709891300899,2.319174521753591
2020-05-15,0.001887661747485377,0.016494621596487846,0.920445742654402,2.3577456615757164
2020-05-18,0.006811165840366239,0.03570061917176304,0.9267364504618981,2.4434391962484696
2020-05-19,-0.005854841081645481,0.005536071506460516,0.9213264087414349,2.4570037629221346
2020-05-20,-0.0024640332999976674,0.002900208300149032,0.9190590243925928,2.4641399288106487
2020-05-21,-0.004777337233648587,0.0011296503865150243,0.9146788406336457,2.4669251182826546
2020-05-22,0.012095861390201638,0.000786971510486012,0.9258098529833481,2.4688672821828384
2020-05-26,0.006488343454550075,0.03207374275465469,0.9318363551487892,2.5493366753063635
2020-05-27,0.008336000240917645,0.012336877350968223,0.9396366095217658,2.5809823321218017
2020-05-28,-0.007932752202456778,0.011304559084562626,0.932212192103834,2.610324738395203
2020-05-29,0.01658211330591468,-0.017189900177195128,0.9477991152057914,2.565836982234302
2020-06-01,0.0028930190287944565,0.01366551474031219,0.9505450862395692,2.6011411406767073
2020-06-02,0.0010586484274277786,0.009149207831807615,0.9515519121436138,2.6250487225190424
2020-06-03,-0.001459350616041146,0.026084381906915866,0.9501642770437718,2.694422346562545
2020-06-04,0.004622371919484352,-0.003980601013610752,0.9545664561331846,2.6837182447520163
2020-06-05,-0.0017039241475111648,0.02237216685699117,0.9529413322352942,2.7444354928594636
2020-06-08,0.008031421083850004,-0.005081673998848402,0.9606256219203787,2.7305245417687822
2020-06-09,0.0010093094929917012,-0.021264451664587014,0.9615956799418286,2.673074422063299
2020-06-10,-0.00646372952346068,-0.008472753675929923,0.9554002299825358,2.6505217972613955
2020-06-11,-0.004865997698723517,-0.03654631195172797,0.9507625472896281,2.5554036954051655
2020-06-12,-0.01625484119689749,0.006085100712670766,0.9354329804347497,2.5710009916839747
2020-06-15,0.01273542017919711,0.0006964973281426978,0.9474222949228334,2.572792310757394
2020-06-16,0.0008213857071351989,0.02173501685137147,0.9482008137428494,2.6293241294999254
2020-06-17,-0.004851227918136055,0.006716767760734044,0.9436120151367281,2.647044132999851
2020-06-18,0.0027438917035328644,-0.003652330494251288,0.9462047397675118,2.6373938866652162
2020-06-19,-0.003224468407761309,0.009600818656052112,0.9431586461324399,2.662836968868915
2020-06-22,0.004869378016170729,-0.0064604947152915315,0.9477624418237912,2.645689175959418
2020-06-23,-0.005476278092373563,0.004508037906488127,0.942586416738826,2.657642966880586
2020-06-24,-0.004157283094254555,-0.02884958997420739,0.9386759522496453,2.582066474180849
2020-06-25,-0.003160948196608753,-0.0022590725182496385,0.9357135306883366,2.576239982480286
2020-06-26,-0.004405096981964132,6.425710880719748e-05,0.9316006872262466,2.5764055295318844
2020-06-29,-0.001235380059761104,0.004983704246004805,0.9304505169086045,2.589277621416
2020-06-30,-0.004245511918919894,-0.004633159128788478,0.9265086516877945,2.577308834225506
2020-07-01,0.0006147003445454105,0.004092342482492128,0.9270783519547477,2.587877675567587
2020-07-02,0.000703700487061416,0.010330759838883097,0.9277309670384075,2.61475099020285
2020-07-03,0.001191714047802612,-0.003801595577098027,0.9288372160997591,2.6048296348423334
2020-07-06,-3.4102155877831306e-05,0.014231848153691828,0.9288055412883234,2.6421662288453893
2020-07-07,-0.0005522651649670752,-0.01146144351900702,0.9282927359581352,2.61205607239131
2020-07-08,-0.000640939238331616,-0.009544003562977466,0.9276979473510416,2.5872451858553522
2020-07-09,-0.0006515739103292819,-0.011712036684937033,0.927093680455532,2.557120033131945
2020-07-10,0.00030184865811401957,0.01140945041115593,0.9273735646781369,2.586462439405344
2020-07-13,-0.000868984619126213,0.011867578503348852,0.9265680413586247,2.6173403460401006
2020-07-14,0.00019898745279799688,-0.01217616984093084,0.9267524351184325,2.5856644026415116
2020-07-15,-7.100549358024323e-05,0.014216066358283541,0.926686632940536,2.6226848988107037
2020-07-16,-1.2928893012436319e-05,-0.00571638841906541,0.926674651985653,2.6077353825579497
2020-07-17,3.957310505028215e-05,0.0015344809626558487,0.9267113241046135,2.611739974557444
2020-07-20,0.0010863942844557654,0.002188071233563349,0.9277186450652539,2.617460904283716
2020-07-21,0.0001502427686838894,0.006644222067192729,0.9278580385542179,2.634909798757756
2020-07-22,-0.0006123663372869465,-0.00206486453575927,0.9272900234600376,2.6294746802821973
2020-07-23,-0.0002389890092836582,0.0013617879720371207,0.9270684378153338,2.6330579065180286
2020-07-24,-0.00015151302347897585,-0.012930908961287457,0.9269279855137936,2.5992292633596743
2020-07-27,0.00027455223567106373,-0.00621106018098061,0.9271825106031398,2.5831353259260683
2020-07-28,0.0003005929631425524,0.006986814352414328,0.9274612570338849,2.601246408606499
2020-07-29,-0.0003248155472291936,-0.0017667901091211746,0.9271600521188155,2.5966546097472496
2020-07-30,0.00028973200910642266,-0.013460058064813651,0.9274287189822947,2.5619376581645987
2020-07-31,0.006771377433257913,-0.004972080390118094,0.9337299989766064,2.5492311133320755
2020-08-03,0.0061841058308858,0.013223725049149593,0.9395221753643859,2.583165318464726
2020-08-04,0.00020961162137847445,0.008681101495680466,0.9397191307722351,2.605687656683473
2020-08-05,0.001698305378353493,0.018921274296948454,0.9413164167819646,2.655459980537663
2020-08-06,0.001761360192128553,-0.00904965130208879,0.9429758750695417,2.6315374024259994
2020-08-07,0.0019482433905974408,0.008176147785906807,0.9448148123526787,2.6531414396818
2020-08-10,0.0019006756995311198,0.0057712378624152905,0.9466123065927547,2.668497619473381
2020-08-11,0.00025778798530011276,0.015245694139517596,0.9468563633282272,2.7094924210589113
2020-08-12,-0.0016211700918865044,0.00512101907387752,0.9453225916989542,2.723403372149595
2020-08-13,-0.0009209888572142408,-0.009163116663147619,0.9444523609234625,2.6985624930749776
2020-08-14,-0.000889023731023592,-0.01060015220656041,0.9436130934813939,2.6701083952258733
2020-08-17,0.0013520520248184375,0.002044683173807016,0.9448897703473662,2.675573506240087
2020-08-18,0.0008132416894622812,-0.00841371312680117,0.945658506642393,2.6531564359511304
2020-08-19,0.0014736310442564778,-0.002249569716605393,0.94705308567015,2.647194683782119
2020-08-20,0.0009312339512282744,-0.004960129557938231,0.9479354244252808,2.6340967657245966
2020-08-21,0.0005009550293465104,0.004635840955574011,0.9484104164085202,2.6463363678964806
2020-08-24,0.0028406322488766116,0.0060914462998624685,0.951108331700967,2.6625055807212217
2020-08-25,0.0026240025552436335,-0.006080001643692157,0.953607319635151,2.646366654479632
2020-08-26,0.0031746564991371557,0.009945836836251942,0.9566395058382308,2.672818309306742
2020-08-27,0.0023424815127633925,0.0004730535806256597,0.9588830428911725,2.6740829946867106
2020-08-28,-0.00033167183607319285,0.0014796378916894781,0.9585650611274701,2.6780425978782247
2020-09-01,0.0023243791433948226,-0.010380772385859771,0.9607957212087201,2.650386242748453
2020-09-02,0.007902420070437316,0.005653008979217944,0.9684184117824859,2.6654113284368397
2020-09-03,-0.0027619894492376586,-0.013917894934003527,0.9657473407797,2.628571375588574
2020-09-04,0.0026447317930881438,-0.006054964067029545,0.9683048639666537,2.612703558372871
2020-09-07,0.003186135034523488,0.016453355752117815,0.9713949340941246,2.656046893352922
2020-09-08,0.005043739475998933,-0.0009640632465028887,0.9763067736767898,2.653487530054324
2020-09-09,0.0023867843770214326,-0.0017205423003012754,0.9786397905279185,2.64892601777823
2020-09-10,0.0010512417248049815,-0.0008869915948643836,0.979669118450713,2.64657748438371
2020-09-11,0.0071223892558122965,-0.0013320199289843515,0.9866716108905814,2.6430545372696823
2020-09-14,-0.0027069352228244227,0.006891276808563163,0.9840043664114007,2.6613314610462075
2020-09-15,-0.0010071112818603408,0.007781898910689478,0.983013863369702,2.6821224652688516
2020-09-16,0.0025528213246871793,-0.0011288523307868559,0.9855265279498718,2.6790964533541177
2020-09-17,0.002888211320426417,-0.003242147466110623,0.9883770512998488,2.670424493059746
2020-09-18,0.0008958341822272139,-0.009516490895576268,0.9892628699614098,2.6451319616383193
2020-09-21,0.005521881515073692,-0.040591419829024034,0.9947405720089818,2.539912255145138
2020-09-22,-0.0019609993314197846,-0.0029146900503977946,0.9927917978092913,2.5325199765000654
2020-09-23,-0.006659241167312492,0.010131821402820762,0.9862025219376954,2.558309443120782
2020-09-24,0.003540881024015406,-0.011261953265703895,0.9897007374609386,2.5296595116369254
2020-09-25,0.0005408578345892632,0.014264538583033115,0.9902361696419857,2.5660025292859006
2020-09-28,0.002245706604914019,0.018957816367931812,0.9924624483973978,2.6151123708891975
2020-09-29,-0.001588052308992176,-0.011382797896564156,0.990887616902993,2.5855138518592415
2020-09-30,-0.004567046820890334,0.008211450500585471,0.98637250497413,2.6068320778643286
2020-10-01,9.055189317613751e-05,0.003930931619168021,0.9864618269159067,2.6170995235973717
2020-10-02,0.0002076843836637135,0.0007073622233093602,0.9866667209083423,2.6189514158370932
2020-10-05,-0.00036151844832982304,0.010709348558172849,0.9863100871551056,2.6471494009296386
2020-10-06,0.00022559749336409016,0.012114209919953822,0.9865326213390807,2.679412551187983
2020-10-07,0.0002211961199813319,0.0002472185050539366,0.9867508626633331,2.680075033438872
2020-10-08,-0.0004199544599616082,0.00807873015870797,0.9863365592380613,2.7018143311631193
2020-10-09,0.00036819453453857407,0.007118244259556761,0.9866997898340449,2.721115117876884
2020-10-12,0.00010349060059984189,0.005148655030069449,0.9868019092720164,2.7351613294360106
2020-10-13,0.0004697181266754792,-0.01534745600755727,0.9872655368948643,2.693504045599594
2020-10-14,0.00018101990860325224,0.003314627462231101,0.9874442677885571,2.7024468208753563
2020-10-15,0.00037976196530167567,-0.00625337767052514,0.9878193327775194,2.6856001295303957
2020-10-16,0.00010473131114620781,-0.0008748736841024396,0.987922793809127,2.683251596135877
2020-10-19,0.0003143450233356528,0.002420871408437719,0.9882333912376211,2.689755272312163
2020-10-20,-0.00037246751999396246,0.0035255844650041723,0.9878653749385253,2.6992549678645226
2020-10-21,0.0005343888131815409,-0.007917752117906574,0.9883934202220018,2.6779673224870875
2020-10-22,0.00031946942748681967,0.005974963595820171,0.9887092321455331,2.694015977068213
2020-10-23,-6.309985140467944e-06,0.011954326270082305,0.9887029934246532,2.7264143877950016
2020-10-26,-8.871237426162877e-05,-0.014253753989166285,0.9886152871250414,2.687828398725798
2020-10-27,0.00019073803045932495,-0.014988659179095976,0.9888038716423376,2.6478418757191853
2020-10-28,0.00018787507364651507,-0.01945135369394002,0.9889896606945638,2.596835447112673
2020-10-29,0.0001748744162305975,-0.004136410461864415,0.9891626248071942,2.586116054988325
2020-10-30,0.004931255434825556,0.0021342800366053183,0.9940524850426273,2.591641445124347
2020-11-02,-0.0018077570870736238,-0.0019712458078107176,0.9922571029141919,2.5865377147964805
2020-11-03,0.008592803728463739,0.017951418300640398,1.0008201108827872,2.6333890006212264
2020-11-04,0.0021406628147447432,0.01725287217615623,1.002964824013225,2.679216717553234
2020-11-05,-0.0042363558161827766,0.0074123152265919146,0.9987248954117478,2.699149699934733
2020-11-06,0.0017452657583288157,-0.0005969496898998727,1.000469457693286,2.69753892418224
2020-11-09,0.0029520084415374397,0.05073947879545493,1.0034272154929813,2.8379425249187094
2020-11-10,-0.0014213352358668299,0.009393231191843654,1.0020020221136878,2.864725567893511
2020-11-11,0.00458520739401838,0.01625840509593246,1.0066069584204118,2.9116821216480466
2020-11-12,0.0032615569308564758,-0.001966752261015614,1.009895424166262,2.9059611919217745
2020-11-13,0.002294337528525546,-0.0016695561508850432,1.012215125208819,2.901113574350463
2020-11-16,0.004255289809485387,0.017393243824118443,1.0165315712672578,2.952014735027185
2020-11-17,0.0031550445970424095,-0.004697876378520149,1.0197438384673874,2.9381790593276356
2020-11-18,0.0006188029898273515,0.009368729545835563,1.020375054282464,2.965835414457407
2020-11-19,0.003646485326348938,-0.009865836057887378,1.0241026290882758,2.9367188343574107
2020-11-20,0.0024476395235576787,2.5632152974353062e-05,1.0266123333321044,2.9367941097485466
2020-11-23,0.000168033522436354,0.0038578480809015048,1.026784853112798,2.948145697540637
2020-11-24,0.00013328206053019715,0.01052530384920658,1.0269217142341056,2.9793397020092627
2020-11-25,0.0013369356538521055,-0.011189385716113165,1.0282955606550777,2.9461885373711176
2020-11-26,0.0024745399368328327,-0.008884775218378493,1.0308432699909937,2.920128255769016
2020-11-27,-0.0010609881300213525,0.0034174066301453365,1.0297501375204534,2.9301245924761696
2020-11-30,0.0038553609892329494,-0.006515574353086251,1.033727858878175,2.9110952088327884
2020-12-01,0.004171031609921337,0.025957848661452232,1.0380485751114674,2.987650281617285
2020-12-02,0.0038699614249105632,0.0016615229765299944,1.0420735663112821,2.9926184574322097
2020-12-03,-0.0030042676875256065,0.01272690656156783,1.0389475963444226,3.030948627789349
2020-12-04,0.00011885467391688838,0.0024952861191458453,1.0390710874608056,3.0385211557108556
2020-12-07,0.0029826495495719305,-0.012614720877440533,1.0421748988616222,3.000431807796446
2020-12-08,0.001482973937954717,-0.002974822416437206,1.0437215636237376,2.9915193191038356
2020-12-09,-0.0012667379687238615,0.0006741588855998515,1.042400278927746,2.993536758395156
2020-12-10,-0.0031689253432803004,-0.006448094049304132,1.0391022186793122,2.9742962508032025
2020-12-11,-0.0011741805601719441,-0.00680074613101489,1.0378828410789407,2.9541374422483
2020-12-14,-0.00012199607817279268,0.007200562467934546,1.0377562311658397,2.9754856607920406
2020-12-15,0.003397586977100608,0.004462825318526598,1.0412880947315482,2.9887944087536407
2020-12-16,0.0013792270290161105,0.012225700788585314,1.0427252582763753,3.025558792166271
2020-12-17,0.002240579042392794,0.00987319520636376,1.0450641859347,3.055578676959885
2020-12-18,-0.003670070054986431,-0.008893351760113077,1.0412357567592236,3.028524819003695
2020-12-21,-0.000729063358367543,-0.021312950286095145,1.0404769065800912,2.9646610007378977
2020-12-22,-0.0036832489542439734,0.013046671029812273,1.0366516201676923,3.0035933742241245
2020-12-23,0.0021168556825787947,0.017248352999384764,1.0388483863388518,3.0558497859857705
2020-12-24,0.0034056835143012575,0.012187761802548991,1.0423924066423298,3.093321640457276
2020-12-29,-0.0037725587914113788,0.016933995066263918,1.038467328453871,3.146149968764856
2020-12-30,0.0015455483470369843,-0.008771417068341947,1.040073570859724,3.1186744510005093
2020-12-31,-0.0033846912487486137,-0.011008854441213245,1.0365591938420462,3.0845297100082805
2021-01-04,-0.0005599700126924917,0.0024179491214635362,1.0359789142618587,3.091996969999994
2021-01-05,0.0005665163092914457,0.008701966986430776,1.0365659794881819,3.1190208354175324
2021-01-06,-2.9172680186099554e-05,0.012271449225634612,1.0365357405214484,3.157531549095598
2021-01-07,-0.00012304782191471054,0.0017483788269849754,1.0364082049028913,3.163056939231622
2021-01-08,-0.0005865914526101726,0.0025811061329648055,1.0358004349822278,3.1712316702822028
2021-01-11,-0.00034139404488156354,-0.013771611139439699,1.0354468792363862,3.127858048719006
2021-01-12,-0.0004935978344530335,-0.0030417463198801897,1.0349359110158818,3.1183583531666392
2021-01-13,-0.0005274419641126385,-0.004679459530002816,1.0343901863179497,3.1038002101388913
2021-01-14,-0.00103415308939444,0.0077068224824703435,1.033321021446494,3.1278130599110225
2021-01-15,-0.0001960866853527683,-0.007740833617946308,1.0331184208167854,3.103694648164605
2021-01-18,0.0005705976109448827,0.001149011354199203,1.0337080839337107,3.1072628781311136
2021-01-19,-0.00024867146234270883,-0.0017652016159406259,1.0334510621911543,3.101782770847573
2021-01-20,-0.000292147638946042,0.013431737968430113,1.033149186001724,3.143726159979204
2021-01-21,0.0008014760400804445,-0.0042135808729941715,1.0339775622376424,3.1305076836780614
2021-01-22,-5.6568134802451595e-05,-0.009509420641796495,1.033919073709828,3.100879466153946
2021-01-25,8.554105207392955e-06,-0.012040011089768043,1.033927918000188,3.063768698324294
2021-01-26,-0.0003927627681054299,0.004804072012056793,1.0335219093468533,3.0785226749867975
2021-01-27,0.00028496099989003054,-0.008348359511925807,1.0338164647499568,3.052929042000826
2021-01-28,-0.0007121633605534622,0.00442350963922955,1.0330804806437883,3.0664636161358376
2021-01-29,0.001042733685277933,-0.006882383727241148,1.0341582702866858,3.0454314954259623
2021-02-01,0.004086511900548175,0.008074645466825459,1.0383930171437703,3.0701218237183103
2021-02-02,0.0014706614370249146,0.01448804966788586,1.039921265202856,3.11492567771308
2021-02-03,-0.0017581448037293525,0.0030018010051584554,1.0380945393289986,3.124290112796996
2021-02-04,-0.0037188900011413117,0.002738118246872645,1.034241149533915,3.1328565111170796
2021-02-05,-0.001080680256093901,0.012303067205953866,1.0331240692555914,3.171638333821034
2021-02-08,0.0027570843218397275,0.0009346422092608719,1.0359764096941613,3.174604066613963
2021-02-09,0.003356823861164396,0.0012464974540176144,1.0394598433914821,3.178563669805472
2021-02-10,0.001719701177318434,-0.005533233517313718,1.041248941624187,3.1610245036709697
2021-02-11,-0.004590672275852263,0.001023461129992853,1.0364798639872574,3.1642613454897828
2021-02-12,0.004502100040479895,0.0009320853261147732,1.041156719962048,3.1672120820133842
2021-02-15,0.0002146768764832302,0.017967168546537238,1.041380256227794,3.224632209180211
2021-02-16,0.006835154296421817,-0.00011672615610258674,1.0485226327759987,3.2242558322245336
2021-02-17,-0.0053957701762005796,-0.012540737356456333,1.042880281729181,3.1840737696276653
2021-02-18,0.0007892019227724338,-0.010246391387628506,1.043703649711805,3.1516150797790696
2021-02-19,-0.006527902448305155,0.004865382563822962,1.0369126437295353,3.166986255839977
2021-02-22,4.31084652871617e-05,-0.002613241864784399,1.0369573444057252,3.158720959084437
2021-02-23,-0.0011049988671547168,0.0036442380031544985,1.035812140555874,3.1702530901974484
2021-02-24,-0.002250659222609666,0.012036850641912622,1.0334835018778694,3.2086435396763995
2021-02-25,-0.012913182378496074,-0.005391565914630192,1.0202237380624404,3.1913904788371115
2021-02-26,-0.0015451119434672224,-0.013664875051219383,1.0186485953790085,3.148077136395718
2021-03-01,-0.007461973165900236,0.01476815717618507,1.0110757561947992,3.1949134259511336
2021-03-02,0.001401668037029357,-0.002056615156863728,1.012493942446253,3.188349470653044
2021-03-03,-0.009880699548795613,0.012127579567357216,1.002539055618554,3.227251851600614
2021-03-04,-0.005383885368894678,-0.006557166769489697,0.9971560041341812,3.206159451768938
2021-03-05,-0.0026619243107681573,-0.015850698657390083,0.9945051800369782,3.155740230022177
2021-03-08,-0.00266100910975712,0.011804243511489787,0.9918623106025259,3.19321208449368
2021-03-09,-0.000838014924356722,0.008090669259980032,0.9910314633631505,3.219152101896667
2021-03-10,0.0014475864275707558,0.0011310901709684629,0.9924671059164483,3.222795313209812
2021-03-11,0.005086047957243882,0.005887347363980666,0.9975276995150946,3.241824990897691
2021-03-12,-0.002215725878443223,-0.0012360529839057222,0.9953198984210799,3.237820398898197
2021-03-15,0.0035167829379221397,0.0007390563646474391,0.99882638461909,3.2402142151451954
2021-03-16,-0.001390482756253556,0.011185930689363133,0.9974384988939867,3.276662500723957
2021-03-17,0.0066672175919936195,-0.00950541132958449,1.0041108567149637,3.2456640358455835
2021-03-18,-0.0029109907773926507,0.0004637444749668873,1.0011921494975438,3.2471695436682917
2021-03-19,-0.005198502667004108,-0.006899428227058024,0.9960009543498596,3.2248430390842895
2021-03-22,-0.006314988520024829,0.001660577037263522,0.9897310378191908,3.230202588124218
2021-03-23,-0.0077346363677254885,-0.005800730301285029,0.9821053570904579,3.2115192948533586
2021-03-24,-0.0028066374103956,0.0033087839023480115,0.9793528079648407,3.222163117542078
2021-03-25,-0.0007691427451761747,-0.005843425247473277,0.9785998354664142,3.2033895526107594
2021-03-26,-0.0010456352902205616,0.00976979032092018,0.9775771117346427,3.2348393757914455
2021-03-29,-0.0007731873445711505,-0.0023856765946330682,0.9768215536151357,3.2271312933569978
2021-03-30,-0.0031093674941980384,0.0064590186101813885,0.9737889735748834,3.248042855823256
2021-03-31,-0.004559313510384915,-0.0025851564821728346,0.969359270228034,3.2396570008241
2021-04-01,0.0006381375385402488,0.009895714546132695,0.9699780521796959,3.2718748682299625
2021-04-06,-0.0005304957397300749,0.011974419315647467,0.9694636194196413,3.311289180646149
2021-04-07,0.0002340965896168888,0.0075234975947022775,0.9696905941126693,3.33629560677236
2021-04-08,0.0003587530857071273,0.003913723051072182,0.9700385360143721,3.349378528560561
2021-04-09,0.00041586996865407646,0.00017082623317854484,0.9704420298045973,3.3499507391509824
2021-04-12,0.00046229223304271826,-0.004400475113063962,0.9708907613321525,3.335241751296472
2021-04-13,-0.00011066383326721548,0.005173129945468702,0.9707833247835995,3.3525400949882362
2021-04-14,-0.00037024742853617457,0.0038992519823501937,0.9704239612847434,3.3656380130457633
2021-04-15,-0.0001785593918044421,0.005197714005127807,0.9702506984417383,3.3831771791802607
2021-04-16,0.00039681940903179744,0.0022313649514860145,0.9706357891511873,3.390734710832436
2021-04-19,0.0005798536520287335,-0.0013906544290769318,0.9711987790684217,3.386022647774069
2021-04-20,-0.00031140237182666626,-0.017144144893054047,0.9708963925494878,3.3284669660943003
2021-04-21,4.452725420856833e-05,-0.00103635053759632,0.97093962486247,3.325019294371412
2021-04-22,-0.0007834706951345764,0.012562478175022207,0.9701792200359906,3.367053249208003
2021-04-23,0.00046122254122842916,0.0003308383402913506,0.9706267917684543,3.368167383805702
2021-04-26,-4.913970463165476e-05,0.00912138992120326,0.9705790966264715,3.39903029417113
2021-04-27,-0.0005920328260054364,-0.0064074820033308555,0.9700046520028496,3.3773206949410444
2021-04-28,-0.0005664068216721398,0.0002986734472916197,0.9694553903183682,3.378329561608955
2021-04-29,-0.00012192225435419507,-0.00209224099855021,0.9693371993368867,3.3712686711115722
2021-04-30,0.0033960792652989336,0.004655802565251221,0.972634741488592,3.387001227858832
2021-05-04,0.002243795333228881,-0.007468698488812819,0.9748195850367047,3.3617989680978666
2021-05-05,0.0019031751688409074,0.0025002479769931085,0.9766766040207336,3.3702148156356784
2021-05-06,0.0014524017776647515,0.004701717461308874,0.9780961614909707,3.386097923165205
2021-05-07,0.005535552303919139,0.012543618409500468,0.9835254772178527,3.4288393490606714
2021-05-10,0.0054735168716315685,-0.0034351152586715727,0.9889235803383549,3.4170810977297554
2021-05-11,-0.0025146485645599573,-0.02363234438823092,0.9864399091654547,3.3372741868571207
2021-05-12,0.0003115982421429894,-0.0026786672836696113,0.9867473300005388,3.328346701895182
2021-05-13,-0.0003967323968506462,-0.001742984867055597,0.9863559330122882,3.322550496777771
2021-05-14,-2.0167360779190782e-05,0.012016648256556905,0.9863360410169156,3.362717269060816
2021-05-17,0.00414644211929964,-0.005476981342939169,0.9904343170816197,3.344350073623826
2021-05-18,-0.0015186806193845158,0.005320272055747921,0.9889313052658298,3.362190341322869
2021-05-19,0.0018206722656990708,-0.004402340231720814,0.9907334651394353,3.347421368391041
2021-05-20,0.004449827229128272,0.007058615573265925,0.9951518811927147,3.37113311659863
2021-05-21,0.004259815003792211,0.0003304380138953178,0.9994000859664885,3.3722472511963297
2021-05-24,0.013536755108503771,0.00375637725480793,1.0130207016647916,3.3849385057150285
2021-05-25,-0.0014894530841727048,-0.001994490228318213,1.0115129779769514,3.3781940070960133
2021-05-26,0.003884616405055652,0.008926575779142354,1.0154499597663165,3.4084847068710147
2021-05-27,-0.0047183897586748,0.000834470966740497,1.0106699569021662,3.4113301754648235
2021-05-28,0.0066675545243619705,0.001102706152360966,1.0174311692738363,3.4150939450215834
2021-06-01,-0.0022289301516851432,0.008384781009803888,1.0151659117516147,3.4438491444352297
2021-06-02,0.00036322515078805566,0.0025454256863568503,1.0155347125177878,3.45262637265939
2021-06-03,-0.0009924840403278629,-0.005724226138557498,1.01452731052111,3.4329192164512983
2021-06-04,-0.001675168491182283,0.0013278740634454778,1.0128292290204886,3.4374807287273916
2021-06-07,0.0005171094262834523,0.003296857984659951,1.0133531080017364,3.44883231651948
2021-06-08,7.850104693037986e-06,-0.0005501580574556186,1.0133610629609489,3.4469354354717745
2021-06-09,0.001812823878959955,-0.005979713138257736,1.0151997742201802,3.426385253691864
2021-06-10,0.00014529507154228244,-0.006621425986359952,1.0153472884602917,3.4037726438126508
2021-06-11,0.00016826219696640973,0.00552673719507446,1.0155181473998791,3.4226364804044307
2021-06-14,0.0012836684305680738,0.00045737515647559235,1.0168225730322475,3.4242022673489436
2021-06-15,0.00047614346589310697,-0.004971814103059913,1.0173068417379103,3.407220021491043
2021-06-16,0.00030287549398755857,-0.0006187927764855772,1.0176150057154414,3.4051123105392573
2021-06-17,-0.0008389036603112807,-0.003658674707123666,1.016761682740287,3.3926768747326235
2021-06-18,0.0014523621791409029,-0.00940281948196997,1.018239461828964,3.3609256559429
2021-06-21,0.0018751466050834086,0.005935548288421799,1.0201506013723962,3.3809339137155345
2021-06-22,-0.0009532370225080562,0.009859019649342216,1.0191786193888404,3.414431462770696
2021-06-23,-0.0015823671424555678,-0.0008910306837996984,1.0175671799099062,3.411390454586634
2021-06-24,0.0011191432862323433,-0.00661071408682723,1.0187066208675144,3.3889131051758627
2021-06-25,0.0041163620702304605,0.00601915586638313,1.022908628721835,3.4093730152953095
2021-06-28,0.004392104745749413,-0.004984565600155477,1.0274112312773878,3.3924210560205657
2021-06-29,-0.0005748685146058939,0.00039040315882665766,1.0268207746426992,3.393745726477847
2021-06-30,-0.003860619340087111,-0.00740011755086023,1.022864252727947,3.368724304082304
2021-07-01,0.000299860644834442,0.01095603034349324,1.0231710154530838,3.4058350719119574
2021-07-02,-7.708388385461692e-06,0.005488282326572502,1.0231631284839098,3.424578644304618
2021-07-05,-0.0003257979934706705,0.012034403424463491,1.0228298382852437,3.4660403885507876
2021-07-06,-3.027979508499304e-06,-0.005531637912907783,1.0228267411821417,3.446920439202446
2021-07-07,-0.00025630601360637073,0.0032616555795037527,1.0225646181307915,3.45818146128957
2021-07-08,0.00010476755798138275,-0.01391867402627689,1.022671755340865,3.4103815879187254
2021-07-09,-0.00020891496068416694,0.011263960122892769,1.0224581262272412,3.4490131538849025
2021-07-12,-0.0005965711559387022,-0.0005851034670492083,1.0218483391097668,3.4469957145935832
2021-07-13,5.8460827389583366e-05,0.0013486937486728579,1.0219080789553412,3.4516477925746356
2021-07-14,-0.00022356657052682128,-0.0077414206420645115,1.0216796400073431,3.4250302966514288
2021-07-15,-0.000370031756922875,-0.010992025357662527,1.0213016560324888,3.387588434718583
2021-07-16,-0.000425054012196936,-0.0015255541039564946,1.02086763991261,3.3824244252689097
2021-07-19,0.00021467014203806735,-0.023695073159812452,1.0210868132380149,3.3032197175253555
2021-07-20,0.00035965374671723344,0.008107079644833703,1.0214541169832443,3.3301080284299514
2021-07-21,0.00024329675430170326,0.01892066339952514,1.0217026636886517,3.393715733939187
2021-07-22,-3.470585261263062e-05,0.005984222784636728,1.0216672052419031,3.414085372398171
2021-07-23,9.076312471585746e-05,0.009047315335815043,1.021759939158217,3.4451138298151984
2021-07-26,-2.670544715388851e-05,0.0021738342941279853,1.0217326529665045,3.452611082345566
2021-07-27,0.00014561958641693784,-0.0024535692008189613,1.021881448086337,3.444150245999773
2021-07-28,0.0002587696433361935,0.0056447456648403005,1.0221459142006155,3.4636465723037886
2021-07-29,-0.0001633798474328177,0.0019106764828720202,1.0219789297984139,3.4702708067236823
2021-07-30,0.0028463133838140114,-0.004421779580374263,1.0248919458158643,3.4549599097845825
2021-08-02,-0.004381382832736217,0.011261493114405496,1.0204113246650426,3.494087822861059
2021-08-03,0.003444076990789085,0.0034839944881905893,1.023931758672493,3.5062824362249634
2021-08-04,-0.002284716831022852,0.002487275527570887,1.0215950349421146,3.515014381596643
2021-08-05,0.001360181849877692,0.006761500585396263,1.0229855354189437,3.538861684317176
2021-08-06,-0.004876966921320739,-0.002125126352416018,1.0180086148049052,3.531349141472986
2021-08-09,0.002185683197117838,-0.00011932858739527319,1.0202360925223541,3.530927775709325
2021-08-10,-0.0011760226056769215,0.005048302339831778,1.0190369770460748,3.548798035947021
2021-08-11,0.00010887342434197844,0.007805045458331605,1.0191479291310541,3.5766049418590584
2021-08-12,0.0005587722099622312,-0.00042102071500949023,1.0197175598037669,3.5750994340363587
2021-08-13,-0.003050446814184215,0.0017544531647377681,1.0166117051526982,3.581377284039235
2021-08-16,-0.002178278663725014,-0.003191533975487104,1.0143996516751814,3.5699654171253417
2021-08-17,-0.0015346349425113196,-0.0008099877280223211,1.0128441124217837,3.567074959723549
2021-08-18,-0.004904640273818971,0.006013091549711191,1.0078886387386614,3.5885887253188873
2021-08-19,-0.0025372272099711286,-0.009674781743463257,1.0053346376704548,3.5540373207878293
2021-08-20,0.005705964557976147,0.006081382218882325,1.0110874385124509,3.575716633434764
2021-08-23,0.0029048440652163984,-0.00043799048693848874,1.0140287598292461,3.5741508464902565
2021-08-24,0.006114229249037523,0.00611006278692372,1.0202477569448585,3.596055985310595
2021-08-25,-0.0001717386842705795,0.004194506104077789,1.0200725559822728,3.611171342659441
2021-08-26,-0.0014783618733998707,-0.0014184754372976727,1.0185656337700342,3.6060526160622506
2021-08-27,-0.003254742506762564,0.004469665256539912,1.0152558540680212,3.6222065385731654
2021-08-31,-0.00021787036543930056,0.0017648810537131965,1.0150346839981579,3.628604946819657
2021-09-01,0.0009228627764609156,0.006146548522229622,1.015971854098023,3.6509770283006344
2021-09-02,-0.0034895251977775615,-0.0010107865898039137,1.0124327731601885,3.647288534135007
2021-09-03,-1.8785119417708256e-05,-0.0013094005335965164,1.0124137546682752,3.642515897910342
2021-09-06,-0.0014559258836150495,0.0022212003125261504,1.0109408277743033,3.6506156476142837
2021-09-07,0.0026741666093666253,-0.006242551258637263,1.0136478699076152,3.627897475760784
2021-09-08,-0.0017168562796825927,-0.010369989619398723,1.0119090752541426,3.590470610097264
2021-09-09,1.5317080784972505e-05,-0.002056715655774255,1.0119245748658994,3.583093621766013
2021-09-10,0.0015253537698890003,-0.0027896462177920966,1.0134692956543445,3.573111987283693
2021-09-13,-0.0021572758883426683,0.0017722686477288363,1.0112853193459588,3.579450116408375
2021-09-14,0.0025000304930334703,-0.003724945313708261,1.0138167264604958,3.5661416624912703
2021-09-15,0.0003739430302262221,-0.010802288889223632,1.0141959070508333,3.5278264884034547
2021-09-16,0.004074935392670962,0.008498827049615798,1.0183371217082267,3.557936644857534
2021-09-17,0.006018681171370315,0.0011037713331525367,1.0244846496164008,3.5618659614658887
2021-09-20,-0.00210700086859542,-0.010930746097461252,1.0223283320490293,3.5231441238392445
2021-09-21,0.0005587210539123788,0.008921026878310201,1.0228996880115955,3.5547147993080492
2021-09-22,0.004527059629489802,0.007304445219549649,1.0275409135199849,3.5807750809101515
2021-09-23,-0.0017300554733015064,0.001919543062623319,1.0257647476143006,3.5876551340421106
2021-09-24,0.0018405835002794943,-0.009334094097614098,1.027654491866475,3.5543234260830405
2021-09-27,0.0005923882558858334,-8.52109067039919e-06,1.0282634426684087,3.5542931394998925
2021-09-28,-0.0014254753853152132,-0.020519487793743352,1.026798722650455,3.4821040394012375
2021-09-29,0.004401715379308232,0.00094642805199463,1.0313283601534173,3.4854011603418553
2021-09-30,-0.004756840123452015,-0.005183781871727078,1.0264341457557564,3.467380349321894
2021-10-01,7.069819652188284e-05,-0.002412672176127728,1.0265067153639498,3.4590247809058874
2021-10-04,-0.00029286999277574965,-0.014065340780589963,1.0262061263685338,3.410712976066417
2021-10-05,-3.991394389571027e-05,0.003340218009750373,1.0261651672522059,3.422124548935811
2021-10-06,0.0003520151790318016,-0.015253851200212054,1.0265264565532006,3.3703200835654705
2021-10-07,0.00016741432293159358,0.007680382252422291,1.0266983261712124,3.396305089776444
2021-10-08,-2.8053567376582468e-05,-0.0010200598194618493,1.026669524024547,3.3928424217842212
2021-10-11,-0.00043757155922382804,-0.0021632712809775967,1.026220380913404,3.385510716305452
2021-10-12,-0.0002329415296532043,-0.000827451053670103,1.0259813594082112,3.3827105305641227
2021-10-13,6.5712316704025225e-06,0.007378520902253882,1.0259881013915648,3.407762239542816
2021-10-14,0.00020439601801640252,0.009895503988527565,1.02619783070721,3.4416511618229846
2021-10-15,0.0003806468486422763,0.0054008162401579796,1.026588524030926,3.4602891722413567
2021-10-18,-0.00042227894778607044,-0.0006746038276084221,1.0261551088266876,3.4579556351161664
2021-10-19,0.00032139234377098107,0.0037112253413180696,1.0264849602252037,3.4708127307309584
2021-10-20,-0.00042266490268776325,-0.0037983041550120333,1.0260511927349842,3.457654533551628
2021-10-21,0.00011885494008155684,-0.002161966967044293,1.026173151235559,3.450187273559917
2021-10-22,-0.00037938312077255223,0.0006368589904894861,1.0257839123029995,3.45238525617216
2021-10-25,-0.0002992248954747795,0.00044040950279722324,1.025477018136538,3.4539060543086895
2021-10-26,-0.0009408338994077332,0.00952220788226299,1.0245126683124488,3.486951951017042
2021-10-27,-0.0005372995920336928,0.0004618371132547594,1.0239623459309661,3.4885627267695387
2021-10-28,-0.0005674216247973728,0.0012033319211255389,1.023381492362929,3.4927631524037794
2021-10-29,-0.0037702318169341308,-0.004029711055938634,1.0195303712710562,3.4787166468001534
2021-11-01,0.0016731346761353508,0.0045166130446148145,1.0212376107110892,3.4944641998167376
2021-11-02,0.0008116905138555403,-0.003072165378648961,1.0220668760999911,3.483745101736886
2021-11-03,0.0020869041162253354,-0.0009944441660909575,1.0242020588567002,3.4802824337446663
2021-11-04,0.001982927941215771,0.01520158286496276,1.0262349926511447,3.5335924069377116
2021-11-05,-0.002291708700927769,0.005341282261532854,1.0238858537884008,3.5525168166957974
2021-11-08,-0.00028266101600483057,-0.002414272397022188,1.0235964820716745,3.543950418375716
2021-11-09,-0.000707501785784909,-0.007367836909507375,1.0228725418573807,3.5179351255815927
2021-11-10,0.0006855547774178275,0.0028290875922927228,1.0235740174376347,3.527901763794591
2021-11-11,0.00118795613978274,0.005990514175072903,1.0247907010164496,3.5490991375115626
2021-11-12,0.004707324576333941,-0.0007043940879967181,1.0296260954254948,3.546600053334776
2021-11-15,0.0025099164236461065,0.0027172900435381564,1.0322136167453668,3.5562502996694074
2021-11-16,-0.00017158156418180096,-0.0034732068450864517,1.0320365231118716,3.5439201317925595
2021-11-17,-0.00013533759340463502,-0.004496114425535325,1.0318968592236284,3.528022027993708
2021-11-18,-0.0017833673600314802,0.005977634807953436,1.0300582479928915,3.549174412902699
2021-11-19,-0.0008424324503859791,-0.003488623404562574,1.0291908589086487,3.5368142524871953
2021-11-22,-0.0004652586385802788,-0.002676806279092503,1.028712130345729,3.527359545742821
2021-11-23,0.000724715968143998,-0.008921551806366779,1.0294579246650983,3.4960299867612497
2021-11-24,0.0035656201481217417,-0.002349711287147116,1.0331351324501186,3.487824969127514
2021-11-25,-0.0005697520370155635,0.004861470960761949,1.0325466692588625,3.504822211254742
2021-11-26,0.0007202105407868727,-0.03239626896193393,1.0332905881108605,3.3930985345407825
2021-11-29,-0.00011341164313897773,0.009643710567612374,1.033173407572367,3.4259788841975336
2021-11-30,0.004526346932361785,-0.01045161747001444,1.0378605085765866,3.390358333876759
2021-12-01,-0.0011134774792984586,0.01730086089180638,1.0367055174212865,3.4495247913090252
2021-12-02,0.003997067341378079,-0.009996176772787635,1.0408575917199037,3.4152145032651986
2021-12-03,0.003598910846995362,-0.001707496694061561,1.0446102941672277,3.409388011564637
2021-12-06,0.002269371752401934,0.010332382799065343,1.0469835951936828,3.44479773198133
2021-12-07,0.0014302235261870308,0.015477425474145434,1.0484820870968121,3.498529070938038
2021-12-08,-0.003223489880410468,-0.0003571838867095778,1.0451077571802896,3.49727967587189
2021-12-09,0.0013618934748709233,-0.003531875098767401,1.046532052264278,3.484949507995049
2021-12-10,-0.0018328998720998056,-0.009562631224124374,1.0446156206496895,3.451783053043082
2021-12-13,0.0018405610933891106,-0.012309563005635127,1.0465400700086296,3.409553558616236
2021-12-14,-0.0015985336202491473,-0.004270116530497248,1.0448684769266066,3.395025408127145
2021-12-15,0.00286986093978572,-0.005192847845810533,1.047871411096452,3.3774412531846605
2021-12-16,-0.0024145066345872723,0.009498322704072137,1.0453443706278411,3.4096741168598483
2021-12-17,-0.002231296276207083,0.005828986465203911,1.043014497911105,3.4296070992413523
2021-12-20,-0.004183195824845966,-0.010169885603055207,1.0386604772280557,3.3949051439280225
2021-12-21,-0.0007483696338599465,0.011919876273479346,1.0378834660490577,3.4356141342628383
2021-12-22,0.0027375651656712336,0.011350611987499093,1.0407286323088931,3.4748326130442777
2021-12-23,-0.0012996375943942593,0.008026348387984328,1.039376940797591,3.502835058546566
2021-12-24,0.0035458050730655475,0.00015469814649549107,1.0430689104613016,3.5033769825538412
2021-12-29,0.001258280929212065,0.010554170275522523,1.0443822102559563,3.5405480295053002
2021-12-30,0.001965009824332218,0.0009477389972136763,1.0464364491983222,3.543905135523234
2021-12-31,-0.00363991825432863,-0.002500993538347984,1.0426344297825747,3.535052925952431
2022-01-04,-0.00011454109472258875,0.017557242195991307,1.0425150121328366,3.59766676106309
2022-01-05,-0.0005713791403599573,-0.005265610362034323,1.0419195109460713,3.578772637888154
2022-01-06,0.00027471005239368255,-0.015016730445308824,1.0422057760276606,3.525432672156456
2022-01-07,-3.551064195585083e-05,-0.0027196653845003027,1.0421687672886097,3.515857701212958
2022-01-10,0.00020238488678917416,-0.015165827504516116,1.0423797078414627,3.4629391012449116
2022-01-11,7.264130629824008e-05,0.001147010227862566,1.042455430415359,3.4669134066612584
2022-01-12,-6.490031820859238e-05,0.0008247351828210014,1.0423877769215972,3.469773871524394
2022-01-13,7.307059215430037e-05,-0.003856014805158736,1.0424639475965956,3.4564201347548087
2022-01-14,-0.00048650813245760757,-0.009413227714603067,1.0419569037587724,3.424036720297344
2022-01-17,-0.00046002641418272863,0.005620938563506428,1.0414776862954,3.443337212966613
2022-01-18,-0.0001671941001438603,-0.00961693352114601,1.0413035719266732,3.4103815879187254
2022-01-19,-0.00034239765030888593,0.00010156248459480821,1.0409470930626326,3.410727972335744
2022-01-20,-0.000609141101903803,0.002644921092265662,1.0403132024873432,3.4197610192719696
2022-01-21,-0.0004445576668843933,-0.020090443171904226,1.039850826061324,3.3517420582244077
2022-01-24,-0.00043260329636701263,-0.03709386734032449,1.0394010804539702,3.2296906566555954
2022-01-25,0.0006747628272306815,0.008965595611599042,1.0401026663410626,3.2587769501724404
2022-01-26,-0.00014969744694529294,0.010450769159088935,1.0399469772807686,3.293012256869624
2022-01-27,-0.0003737189341731218,-0.0008461456438038084,1.0395584020183115,3.2902270673976246
2022-01-28,0.00011410112312034519,-0.009715433998431777,1.0396770235668282,3.258415863530587
2022-01-31,0.0013437250559327806,0.013004520007644516,1.0410750026729,3.3010667237210876
2022-02-01,0.004656617005167504,0.01094482032961075,1.0459341951525767,3.337394745100736
2022-02-02,0.0053744050643889105,0.0036697453483238718,1.0515706017872712,3.3496646338557707
2022-02-03,0.003308726039401342,-0.012737279117075673,1.055055723296322,3.30726959237733
2022-02-04,0.0011966030130575733,-0.011712677303581387,1.0563189618005306,3.2687585846547624
2022-02-07,0.005326113380732892,0.003921041662673375,1.0619600455478395,3.281600684000227
2022-02-08,-0.0010128443574361908,-0.00044973390904701205,1.0608849898318458,3.2801251687161783
2022-02-09,-0.005023356165264051,0.018034897467337885,1.05556914953547,3.3398185538863903
2022-02-10,0.001100246566035463,0.0010723053857564224,1.0567311750075037,3.343401780122223
2022-02-11,-0.001418129709547071,-0.007190005893434659,1.0552336552228403,3.3194489154274054
2022-02-14,0.000319280582311689,-0.019731914527786998,1.0555706246297865,3.2545918148520214
2022-02-15,-0.00025224757630563964,0.010793638194494193,1.0553043930776478,3.2899109695637545
2022-02-16,0.00459084624351725,-0.0010805336578094682,1.060160271052471,3.286358029911071
2022-02-17,0.0014712692037612196,-0.012506393344359878,1.0617212002022454,3.245513485063316
2022-02-18,-0.00028429896610723403,-0.009086693224986675,1.0614193968659547,3.2161560825205906
2022-02-21,-0.0008531257016075539,-0.01250141802172422,1.0605142588514538,3.1761998460971275
2022-02-22,-0.0006030213535403943,-0.004936916811516312,1.0598749388888002,3.160557855054833
2022-02-23,0.00274420951614747,-0.007257185149791567,1.0627874522276668,3.137704128688384
2022-02-24,-0.005621630472406479,-0.028574118075958665,1.0568296159677821,3.0493158232263387
2022-02-25,-0.002215973502008396,0.031702429086591266,1.054490302428342,3.1475352123884424
2022-02-28,-0.0005471772077226072,0.008302383672326386,1.053913467199026,3.1737760373114745
2022-03-01,-0.0015901713545911078,-0.027922750990860834,1.0522388959737314,3.086381308203509
2022-03-02,-0.005114497415446874,0.013334750471436507,1.04687096170405,3.1278130599110225
2022-03-03,-0.0047621292892549,-0.03407956986042926,1.0418974784194575,3.023014425137003
2022-03-04,0.005274014299307606,-0.03507051148693385,1.0474069764340541,2.9188332838058906
2022-03-07,-4.407538832950915e-05,-0.011302639289333172,1.0473608125821812,2.8860285035847713
2022-03-08,0.02540969094627596,0.002490340702513194,1.0743149247355954,2.8932246545505986
2022-03-09,0.0019151960072988283,0.04335975710602469,1.0763744199290013,3.0214336419231627
2022-03-10,0.005614147898698196,-0.005676476471508707,1.0824343398434826,3.004331131866146
2022-03-11,-3.365849966060954e-05,0.012499478257190333,1.0823979073407572,3.042119378216018
2022-03-14,-0.003475586771395205,0.013014679008541918,1.0786424694481287,3.0819703467096855
2022-03-15,0.0012625313310153374,-0.010489013766909139,1.0800051493928253,3.0498124643811333
2022-03-16,0.0008002640347574566,0.031477352620528976,1.08086978459332,3.1473393787536947
2022-03-17,0.001827184741339858,0.0033523053685549087,1.0828465387686708,3.157907926051277
2022-03-18,0.009623099463294617,0.00858730747270009,1.09331717791386,3.185142621372887
2022-03-21,0.007959347236518127,-0.007115239621839464,1.1020539925191872,3.1625600040323314
2022-03-22,-0.0027024267692375152,0.005033344686253827,1.099079792897072,3.1785183869529887
2022-03-23,0.0023173938836766527,-0.0052713934537145235,1.1016297471698506,3.161807250120976
2022-03-24,-0.00010570295614289137,-0.005174896911626092,1.1015133078031007,3.145487486513967
2022-03-25,0.004879707470824828,0.0030107982404974365,1.1069015062447223,3.154972185797002
2022-03-28,0.004345328361349701,0.005415719789732876,1.1117218220959018,3.172104982437169
2022-03-29,0.0005653659301102429,0.01983054505047832,1.1123505294459861,3.2356374125552776
2022-03-30,0.005611429873344786,-0.010265614125000155,1.1186099521675827,3.2025915158469247
2022-03-31,-0.004296360189170669,-0.005297844325173884,1.113814310181314,3.185669549110836
2022-04-01,0.0005854820892300555,0.002732563620678974,1.1144666194497161,3.1943864982131904
2022-04-04,-0.0006175014716825525,0.005259984516147398,1.113778647105893,3.211233189558147
2022-04-05,0.0005326189251399657,0.00126969223661888,1.114372024699799,3.2153130569487756
2022-04-06,0.00022983235604099878,-0.012073376527503399,1.1146281728821845,3.1767267738350755
2022-04-07,-0.0003086373019190073,-0.0029853214620043644,1.1142842101328612,3.167257364865863
2022-04-08,0.0007841340697550736,0.006467362236259433,1.1151583010028447,3.1878075466457725
2022-04-11,-0.000598756162983401,-0.0027998131920092817,1.1144907929546382,3.1788947639086698
2022-04-12,-0.00047455792737293736,-0.005008948314676687,1.113962027988584,3.1630116563791395
2022-04-13,-0.0006479368447170092,-0.0011953875709824757,1.1132404847295092,3.1592328905530547
2022-04-14,-0.00045110960238630544,0.006512125091328258,1.1127384045122006,3.179873343993427
2022-04-19,-0.00039182844194401967,-0.007575416542929148,1.1123024873648149,3.1558754904906263
2022-04-20,0.00010746724987899752,0.005793680485631114,1.112422029877503,3.174212693388955
2022-04-21,-0.0011610290314823944,0.0035839332812717117,1.1111312250814749,3.1856092699890297
2022-04-22,-1.3431718328783013e-05,-0.013220388665880378,1.1111163007800628,3.1437714428316843
2022-04-25,-0.00013640730799787298,-0.013625801444598906,1.1109647467333756,3.101225556526473
2022-04-26,-0.00037653454153582257,-0.005212775207775522,1.110546508877243,3.0851016265542106
2022-04-27,0.00045300183126732046,-0.0026532612814182954,1.1110497024446708,3.0769268955036275
2022-04-28,-1.7208366042925654e-05,0.008855895139650016,1.1110305832592047,3.104296851293687
2022-04-29,-0.005239284980182876,0.004311803289454019,1.1052247997697038,3.1177108671850777
2022-05-03,0.007871881119420426,-0.009114820135138757,1.113959331497431,3.089422610432071
2022-05-04,0.00028463325927678153,-0.014791558674026817,1.1142764465012545,3.044061542116204
2022-05-05,0.0028320907190358016,-0.006425306467653158,1.117436651364999,3.024565215812189
2022-05-06,0.0010397667045041214,-0.013545825683442203,1.1185991290375392,2.9838712217467025
2022-05-09,0.0003115695347039439,-0.026224207681432077,1.1189477047476597,2.906638670441988
2022-05-10,0.00307212676592366,0.0040474256609233095,1.1223905396459262,2.918426914311561
2022-05-11,-0.0019538420128535705,0.013435223636580673,1.1201997068223017,2.957901211805057
2022-05-12,-0.0018151181877257953,-0.008500276328604173,1.1181682561798119,2.93286479314019
2022-05-13,-0.001074365372582597,0.022385130310977885,1.1169675800225858,2.9992576881214355
2022-05-16,-0.005911246034571462,0.00011038592341527931,1.1103843864524818,2.999588782224627
2022-05-17,0.0032303045455133,0.007076851954987973,1.1139770657833992,3.020891717915888
2022-05-18,0.0023331542681416686,-0.0058077993438256925,1.1165791805161833,3.0033978346338706
2022-05-19,0.00046078214941930036,-0.013138983116729008,1.1170937988253384,2.96419435212176
2022-05-20,-0.0023293659131991534,0.00743836446719115,1.1144947069017852,2.9863253171155053
2022-05-23,-0.0009307611676594097,0.015517177594336573,1.1134578611097923,3.0330260521579833
2022-05-24,-0.007038064049787994,-0.01482167534745571,1.1056487859867632,2.988403035528635
2022-05-25,-0.0019021092828300065,0.004232845671497287,1.1035477200293935,3.001079293778007
2022-05-26,0.002127367384037207,0.01566373883294503,1.1058978703859828,3.0484575073407005
2022-05-27,-0.003705036937763777,0.006095396834027156,1.1018080590563348,3.0670958118035707
2022-05-30,-0.0033761972063801526,0.008524144780636789,1.0980944102982289,3.093351927040427
2022-05-31,0.0005544244534210182,-0.006293232246049385,1.0987033894923421,3.0739458723968784
2022-06-01,0.0009244055147849139,-0.0071318266736675184,1.099719506544447,3.05210101269834
2022-06-06,-0.007535275614567539,0.011471538482688004,1.0914639599361575,3.087314899480286
2022-06-07,-0.000622634726346868,-0.005251068754066779,1.0907845880943436,3.071145686655547
2022-06-08,0.0016273274494324886,-0.004342896592429923,1.0925610968846817,3.0578369386939426
2022-06-09,-0.006130730066786721,-0.01176703621379005,1.0858833902422484,3.0220661316354
2022-06-10,0.003222006340397247,-0.020133148780029586,1.0893877559230998,2.961830822457914
2022-06-13,0.0006953323588426838,-0.026427256088560114,1.0901455058946274,2.8845829808393777
2022-06-14,0.0012151763942200204,-0.006030570196401186,1.0914710301894606,2.8672396483396265
2022-06-15,-0.0034959078859056383,0.014129168080728505,1.087662009879141,2.9080389103349042
2022-06-16,0.0024619672338788406,-0.030940736171395145,1.0903430971292432,2.8194397749687763
2022-06-17,0.0037674678063520043,0.01053834313522728,1.0944586774357297,2.849309108980121
2022-06-20,0.0003294455301472532,0.004475904848952439,1.0948193013546492,2.86209092920378
2022-06-21,-0.0025713738801628515,-0.003250863441621732,1.0920077279520208,2.852801769510998
2022-06-22,-0.004277413270812129,-0.0030602525669856107,1.087346735207321,2.8440848204086415
2022-06-23,0.00250335104948833,-0.010547041585278194,1.0900721557169086,2.814245772980449
2022-06-24,0.0013782699292092587,0.02277924046341795,1.09157560523143,2.87908787728651
2022-06-27,0.0012580588044471975,0.010160704916804875,1.092949735719553,2.9084905626817164
2022-06-28,-0.004578997922952274,0.0016705734431621266,1.087956561740853,2.9133534705668485
2022-06-29,-0.0025026301412000825,-0.01628059785199376,1.0852372130384467,2.866306351107348
2022-06-30,-0.004453618972456854,-0.01973245645053545,1.0804147267261635,2.8103014601027616
2022-07-01,-0.00024350331258079299,-0.0015977346525222202,1.0801516741896262,2.805814929173308
2022-07-04,0.0002451328268615598,-0.0023636863006029074,1.0804164872788242,2.799190694753409
2022-07-05,0.0002620660730896574,-0.015048347029326337,1.080699664888948,2.7573828601347183
2022-07-06,0.00020417015322990556,0.015129019298278479,1.0809203340313838,2.7994165209268167
2022-07-07,0.0002887371248226136,0.014998946783579825,1.0812324809228235,2.8417212907447937
2022-07-08,5.01137794176267e-05,0.001984731455859645,1.081286666926593,2.8473669450799344
2022-07-11,3.099684715753042e-05,-0.004026495506234795,1.0813201839235993,2.8359250856273857
2022-07-12,3.049538709987387e-05,0.0009551099102385052,1.081353159703989,2.8386349997082534
2022-07-13,-0.0003076648333343244,-0.007645146051261875,1.0810205165382591,2.8170159661831216
2022-07-14,0.0003050751661637442,-0.012406082648857009,1.0813503593628375,2.7822837242866476
2022-07-15,-0.0001022127175611287,0.018926267409428377,1.08123983725245,2.835443440741916
2022-07-18,-0.00025190507646959386,0.009585448831820997,1.0809675017513527,2.86275311741017
2022-07-19,0.0003482388975095264,0.013964496352743438,1.081344002234658,2.903010455398171
2022-07-20,-0.00014350993224129298,0.006059682404629285,1.0811888297648293,2.920655183506961
2022-07-21,0.00036842605538015455,0.015822695159478428,1.0815872412885872,2.967235360305821
2022-07-22,0.0003099646714564241,0.0058482264370489645,1.0819225470862757,2.9846392659718752
2022-07-25,-0.0006610350150686025,-0.0011002772306074604,1.0812075947293647,2.981357141300586
2022-07-26,0.00045790996567478715,-0.011896940267966727,1.0817028038338936,2.946098265710655
2022-07-27,9.76722614483473e-05,0.003585956032132742,1.0818084613527794,2.9566818092775655
2022-07-28,-1.7823679606927736e-05,0.010943441075660587,1.0817891797172037,2.989215774517302
2022-07-29,0.00044251705651645896,0.015477590382468875,1.0822679958151151,3.035841528213141
2022-08-01,0.0020976133425801577,-0.004259074113043937,1.0845405582487562,3.0229391497458677
2022-08-02,0.0060733860833900415,-0.010267057642753485,1.0911474345288894,2.992061243111108
2022-08-03,0.001274004967788604,0.007254514215230046,1.0925384476717512,3.0138461177323332
2022-08-04,0.005341150710123109,0.006820255869513403,1.098389471868617,3.0344715749033773
2022-08-05,-0.0027984979823701475,-0.005188163004175905,1.0953199282068922,3.0187690106947795
2022-08-08,0.006635615740677455,0.0033308747011009388,1.1026122180226674,3.0288409168375665
2022-08-09,0.000215971382842624,-0.010292165753304161,1.102850376424907,2.9978274556898654
2022-08-10,-0.0015422566557205992,0.01917968615702037,1.1011508090130544,3.0558797785244294
2022-08-11,-0.001945613159613297,-0.0025947324782524817,1.0990104783112786,3.0479608661859054
2022-08-12,0.0017767357856779025,0.004612598654983202,1.10096486525741,3.062052360597512
2022-08-15,0.004956345408712639,0.002151221080664456,1.1064351725804404,3.0686466024787578
2022-08-16,0.0004156767595397421,-0.002279043270664971,1.1068951875697657,3.0616609873725085
2022-08-17,-0.0004379703228258984,-0.015331039890069675,1.106410506472847,3.0150805165291543
2022-08-18,0.0025131833242265506,0.00546261891563482,1.1091946159308046,3.0315958197264137
2022-08-19,-0.0017885642687880364,-0.012437464353622474,1.107212523152166,2.99412396525491
2022-08-22,-0.0005108788787242446,-0.019727910130283632,1.1066470161249262,2.935634986342867
2022-08-23,0.00337293393849293,-0.00991604235093213,1.1103859654733856,2.9066689570251434
2022-08-24,4.1088246270092315e-05,-8.811599956004557e-05,1.1104315902227038,2.906412844268586
2022-08-25,-0.000518995539279491,-0.0024530627632408653,1.1098554307057455,2.899291968693895
2022-08-26,-0.0005545959478871363,-0.004590519712873942,1.109240080032403,2.8860132132709446
2022-08-30,0.0015781194300816962,-0.0010438578177929259,1.1109919753417554,2.883002197625539
2022-08-31,0.0032083997183060455,-0.004495719166154544,1.114562205983363,2.870070120664107
2022-09-01,0.003459810215491215,-0.030361198441935855,1.118425058203925,2.7842408844561626
2022-09-02,-0.006246343366312678,0.01925252801829913,1.1114607645891985,2.838363890682365
2022-09-05,0.010368635211758608,-0.011925579832292144,1.1230450486331365,2.804715790844933
2022-09-06,0.0019197621244858385,0.010205643245431162,1.1252030987902821,2.8334862805724024
2022-09-07,0.002578336658393315,-0.0004942977838862106,1.128107994478283,2.8320860406794917
2022-09-08,-0.0015156142270900262,0.0035447707238294157,1.1263995129786357,2.8421429505529487
2022-09-09,-0.0023403346006883536,0.016271927965910038,1.1237664435577621,2.8887684102042916
2022-09-12,0.0008849452175575387,0.016841968524611062,1.124761355453974,2.937832968955112
2022-09-13,0.005607573310608744,-0.017926608089151586,1.1310862543048184,2.885636836315269
2022-09-14,-0.0015391384861509231,-0.016730012847558484,1.1293466949744289,2.8377616875532845
2022-09-15,-0.0006992634948171513,0.0019664016353395652,1.1285572601013025,2.843347356811116
2022-09-16,0.001977100048310221,-0.0047342510260097725,1.130790737891752,2.829918050605897
2022-09-20,0.004750133005919983,-0.01441410430725476,1.136174921969899,2.789419890175163
2022-09-21,-0.00291739114892384,0.010020792030337233,1.1328650856999822,2.817512607337919
2022-09-22,0.0031942970696562222,-0.020677510491124096,1.1364895790959804,2.759851657728359
2022-09-23,0.0023149988478572353,-0.019777862611345398,1.1391235988621937,2.705803926893288
2022-09-26,0.0044282931732008216,-0.014001906137899311,1.1441791576050708,2.6681815216395113
2022-09-27,0.0040280806143095016,-0.023908545249199165,1.148797298366478,2.6051457326762004
2022-09-28,-0.0010172206495023092,0.0009761931175802374,1.1476293121830325,2.6076900997054686
2022-09-29,0.0015814539999077168,-0.0311123204131043,1.1494456710146066,2.5278079134417006
2022-09-30,-0.004249633908018221,0.02225738783693032,1.144571312171607,2.5847011128705804
2022-10-03,0.0006449575807569548,0.00676860498105647,1.1453097502211207,2.602255275274406
2022-10-04,-0.0003318677601228286,0.03061151678381968,1.1449297219027292,2.68314603416159
2022-10-05,-0.00017017189136217328,-0.014684552007150131,1.144734903623244,2.6440331173544402
2022-10-06,-0.0005397359227933761,0.003989163906378934,1.1441172157828365,2.654601664652024
2022-10-07,-3.745995156870238e-05,-0.015966704219898986,1.1440743580100745,2.6125530075906043
2022-10-10,-0.0007906543890959381,-0.01322578719351597,1.1431701481033316,2.578227429232951
2022-10-11,0.0003659484104905213,-0.013000774915116864,1.1435885659569551,2.544925419768044
2022-10-12,-0.0005346400467455035,-0.017479053328290917,1.1429773211251368,2.5008290368321466
2022-10-13,0.0001299646483833669,0.0189687750970009,1.1431258774241115,2.5487194759079577
2022-10-14,-0.0005416041599433202,0.006095048047878748,1.1425069233227478,2.5643014818729424
2022-10-17,-0.0004822911937004763,0.027219970002416716,1.141956035149823,2.6350603495400238
2022-10-18,-4.6880741969780305e-05,0.0015128983916259386,1.1419025006584764,2.6390499452701928
2022-10-19,-0.0008618156787695329,-0.016200830443201752,1.1409188151184777,2.596639613477926
2022-10-20,0.00024765973293020905,0.0081591133704908,1.1412014097597372,2.6179125566305266
2022-10-21,-4.406671309430268e-05,-0.010539085639916124,1.1411511218726496,2.590467031404836
2022-10-24,0.000217022589713179,0.007584522492525281,1.1413988043197434,2.6101891838822566
2022-10-25,9.597398649832477e-05,0.02809461140389935,1.1415083541700621,2.6845612703238317
2022-10-26,0.00019791236891465055,0.015265731239445302,1.1417342951500917,2.7258574675184
2022-10-27,6.600130866536288e-05,-0.0013264140401254565,1.1418096535945703,2.7222442487439094
2022-10-28,0.0007179744360796779,-0.00917826434281288,1.1426297381013473,2.6973730830861458
2022-10-31,0.0019199070620368464,-0.0014968655734506342,1.1448255882444198,2.693338498547997
2022-11-01,0.0033006062307994466,0.01695998582203373,1.148610449446368,2.739407037922736
2022-11-02,0.0002663160802961137,0.0012028655457037019,1.148916383614838,2.742704158863355
2022-11-03,-0.00016008215066136888,-0.005957018156037108,1.1487324773296683,2.7264143877950016
2022-11-04,0.0017770920607624264,0.01272951989237292,1.1507756956508828,2.761342169281734
2022-11-07,-0.0004112551571764354,0.011815471625515883,1.1503025305137633,2.7941622398166808
2022-11-08,-0.0023198437092154106,0.0074240846260096305,1.147637101309615,2.8149835306224706
2022-11-09,-0.0004854482530931819,-0.0026187136313158277,1.1470801180878034,2.807621538560553
2022-11-10,-0.0027359446787372484,0.038304551513064666,1.1439460596029245,2.9172525005920544
2022-11-11,0.0032939430194358762,0.012258638771237784,1.1477203655022299,2.9532341375546767
2022-11-14,-0.0009410858369772792,0.00031099876647644464,1.1466407701970491,2.9541527325621253
2022-11-15,0.0004956048565186177,-0.008516328354716052,1.1472091917760536,2.929101023583429
2022-11-16,0.0017800059172219502,-0.01781302654347172,1.1492530494254112,2.8773868298735525
2022-11-17,-0.002995146864129344,0.0005178746292138214,1.1458160175354173,2.8788773414269246
2022-11-18,0.0019855154106028935,0.008373810250585478,1.148093312950377,2.903085730789309
2022-11-21,-0.0004981296198869,0.006734525020068105,1.147521556081141,2.922702615336936
2022-11-22,0.003306799318137629,0.0004634898717199576,1.151322460530911,2.9240575723773703
2022-11-23,-0.001316602361125994,0.0040130469931281,1.1498076240983939,2.93581552966379
2022-11-24,0.004378773123234059,0.002038933333436077,1.1548534099332082,2.941807568415948
2022-11-25,-0.00040779285479459104,0.0002762338194930436,1.1543825649744321,2.942620307404615
2022-11-28,0.003114646210885995,-0.013044017197158198,1.1579836634189615,2.90448597068222
2022-11-29,0.007876418082830128,-0.005520026332641592,1.16714044084987,2.888497301178405
2022-11-30,0.009573424739414752,-0.0011941975890845669,1.1783676275863628,2.885049923500011
2022-12-01,0.0023627203827494055,0.012760472626951014,1.1811550724781337,2.9221004122078584
2022-12-02,-5.779113455606699e-06,-0.00237794271250813,1.1811482464686853,2.915160079954091
2022-12-05,0.0022249080159130316,-0.00174198264058667,1.1837791183088764,2.9100863421648784
2022-12-06,-0.0010540683795172683,-0.011944029385007937,1.182531991565836,2.875534937633828
2022-12-07,-0.001502732539926547,-0.008913910384080737,1.1807562967939202,2.850016580038994
2022-12-08,-0.00011283602871174831,-0.005646988380368256,1.1806230724589073,2.8339679254578676
2022-12-09,-0.00458276933815693,0.0048754733565683495,1.1752249279157179,2.8478185974267447
2022-12-12,0.002307585538519571,-0.005119851353780902,1.1779399913796784,2.833275450668327
2022-12-13,-0.0003114547325901132,0.014082567703752602,1.1775731735212003,2.873457513265192
2022-12-14,-0.00023896493792273198,-0.0025390914505898365,1.1772918084404238,2.866170796594407
2022-12-15,0.0032134162429085108,-0.007597882411568335,1.1810810219598133,2.8444764876781425
2022-12-16,-0.0006770073143669187,-0.016290757333813133,1.180281692075706,2.7985132162331903
2022-12-19,0.0018345218446361266,0.003249415413680623,1.182448931939264,2.807621538560553
2022-12-20,-0.0006235791495019493,-0.005603056916251958,1.1817118112903753,2.791934264665774
2022-12-21,0.00011940047895500909,0.01704993051208703,1.1818529166704876,2.8399446738962077
2022-12-22,-0.0005392434493326745,-0.00540054215330521,1.1812157820278784,2.824648773226431
2022-12-23,-0.0017633151434777276,0.0036177757928630427,1.1791347616383034,2.8348862264208194
2022-12-28,0.0017918737489518396,0.002937799268417862,1.181249516385078,2.8432267985674993
2022-12-29,0.004315319637332243,0.005860319818161486,1.1863580000621823,2.859937935399514
2022-12-30,-0.004356090760793546,-0.007582699246835745,1.1812013564969799,2.8383338981437123
2023-01-03,0.0004450271733504739,0.01481052443464037,1.1817271401831557,2.880683950814172
2023-01-04,0.00023450420975766175,0.013331600915158504,1.1820042926677556,2.919345215274511
2023-01-05,0.0003377116814762732,0.0037216211609933936,1.182403536735843,2.9302301544504563
2023-01-06,0.0004792152391058901,0.002119623179025254,1.1829702983189672,2.9364477253315266
2023-01-09,0.00023901034676735932,-0.0012979051423496202,1.1832530742520244,2.9326389669667847
2023-01-10,-0.00037834014209464363,-0.004548476071432717,1.1828054867912687,2.9193302190051846
2023-01-11,0.0002782154857185743,0.00671758643670195,1.1831346073753857,2.9390070886301234
2023-01-12,-0.0003481620622490082,0.016228896843324847,1.1827227564901508,2.987093067296187
2023-01-13,-0.00010622382034733695,0.005613999339198372,1.1825971298329345,3.003909766102486
2023-01-16,-0.0001355671255422946,0.006469345479491295,1.182436819406026,3.0234060924065016
2023-01-17,0.0005297575481979486,-0.006709981315321301,1.1830633901870202,3.003187004729793
2023-01-18,0.0005204264340491086,-0.002866527334539626,1.1836792478888432,2.9945906138710514
2023-01-19,0.00020514028219792147,-0.016055116497158295,1.183922093091602,2.94689600842999
2023-01-20,0.0010005185696224655,0.0065433430525772,1.185107221903555,2.9662417839517357
2023-01-23,0.00023720443316051096,0.005017166242270221,1.1853883679335853,2.981161307665833
2023-01-24,0.00025288294259098113,0.002703260213412051,1.1856881703380409,2.9892310648311247
2023-01-25,0.0003527479879368353,-0.002587075861262278,1.1861064932313898,2.981507692082853
2023-01-26,0.0004000279517691438,0.0056143855227528405,1.1865810638968943,2.998294104306002
2023-01-27,0.0003875332279511798,0.0060024054247627134,1.1870409925998835,3.016345201909121
2023-01-30,-9.83207961583621e-05,-0.004913434222322266,1.1869242875217805,3.001560938663474
2023-01-31,-0.0028075347567083986,-0.004206980216004297,1.18359662977416,2.9889599558052398
2023-02-01,0.00011515109384006893,0.0022640379966798463,1.1837329300681574,2.995734741007408
2023-02-02,-0.004161529745993138,0.03536002363990676,1.1788170262030504,3.103559093651662
2023-02-03,0.0013749399832665107,-0.0010288836213199204,1.1804389436293776,3.100367534685328
2023-02-06,-0.0022427348793133683,-0.008979893848762188,1.177794498540651,3.0726511944782495
2023-02-07,-0.00311575985139681,-0.010857696546782591,1.1741304847865512,3.0394697432569564
2023-02-08,0.005611059938716854,0.005670197497641638,1.180737119089503,3.0567530906793974
2023-02-09,-0.003239945274320964,-0.0013060268325126856,1.1769177859964357,3.052763494949231
2023-02-10,0.0005931859282611973,-0.01226594961861771,1.1776161241675203,3.0155471651452928
2023-02-13,-4.984526144729022e-05,0.004701855600897531,1.1775574270468254,3.029759217800518
2023-02-14,-0.001433088501346743,-0.005296157547471481,1.175871091660983,3.0137555520273756
2023-02-15,0.0002159091991463907,0.007683407879847337,1.1761250004563188,3.03700065161882
2023-02-16,-0.002765431804742304,0.00044111457598994264,1.1728770001053943,3.038340612389926
2023-02-17,0.0010411927211417056,-0.00459890001999419,1.174098827068989,3.024399668760591
2023-02-20,-0.0007744752802836075,0.0004727861783333509,1.1731898685791884,3.025829901192159
2023-02-21,0.0032908688165545234,-0.012390863508503713,1.1770570422241067,2.988568582580235
2023-02-22,0.000926142794766639,-0.00863119072628038,1.1781476700834024,2.9628846779338076
2023-02-23,0.0029434150836885027,0.0055838494733926325,1.1816205562717992,2.9794752565222016
2023-02-24,0.0033954993324714286,-0.00476106959577649,1.1856395674954148,2.9653234829887887
2023-02-27,0.0034182751623032244,0.009580020580468585,1.189699344544881,2.9938678524983535
2023-02-28,0.0008754410547566326,0.0008646108148244736,1.1907413122180053,2.9964575023801014
2023-03-01,-0.00044744797033954934,-0.001644353655146702,1.1902086366158495,2.9915343153731624
2023-03-02,0.001246842163311346,-0.0009516262960058697,1.1916935644700744,2.988688846779355
2023-03-03,0.0004772484030229609,0.0037258072136712173,1.1922624340558636,2.999844894981187
2023-03-06,-0.003628995906452032,0.006916715377428773,1.1879435598914134,3.0206658917424822
2023-03-07,-0.0021999906674347483,-0.005372232901665441,1.1853329678382196,3.0044816826484153
2023-03-08,0.0009034328457206617,-0.005255138393414072,1.1864043204491803,2.9887341296318315
2023-03-09,-0.0020940454503682424,-0.008046573198676299,1.183922535272017,2.9647815589815147
2023-03-10,0.00019965944549525362,-0.01717824324777517,1.1841589401883708,2.914286767799126
2023-03-13,-0.0002522574952573904,-0.02788887627212233,1.1838602648932568,2.834133472509469
2023-03-14,-0.0014566148308183585,0.01605099530834231,1.1821370917782297,2.8799911819801296
2023-03-15,0.0029930380857102323,-0.02668895409702543,1.1856805733588256,2.8041438742990024
2023-03-16,0.0038023379888762845,0.00709918688596467,1.1901975136703766,2.8241218454884867
2023-03-17,-0.003636155981998207,-0.015461144052945741,1.1858776285090795,2.7807935067777634
2023-03-20,0.001662309389147992,0.0013146619651056568,1.187850563385102,2.7844517143602374
2023-03-21,-0.001376015754162423,0.015238717491962817,1.1862171863302955,2.8272081365250314
2023-03-22,-0.0015819600227067303,-0.0011348209462749281,1.1843421216929657,2.824001581289369
2023-03-23,-0.005691538986501984,-0.001483191105752013,1.1776205385549232,2.8198161519244533
2023-03-24,-0.002608107188901747,-0.012690933433296081,1.174553179701596,2.784256174769986
2023-03-27,0.0027085601044755958,0.0019338493441392046,1.1777388399132194,2.7896457163485655
2023-03-28,-0.0025391354917687833,-0.007198174129587898,1.1747521947777204,2.7696374585759336
2023-03-29,0.002305931616684878,0.012752252234555783,1.1774642186745279,2.8051827335055672
2023-03-30,0.0026276369255725006,0.014645694714186419,1.1805622355833552,2.846568908316105
2023-03-31,-0.004076382503016857,0.0010889927336901195,1.1757596076670989,2.849670489666471
2023-04-03,0.0005739602270786049,-0.00258679667779127,1.1764346406210078,2.8423084976045465
2023-04-04,0.00032148889760228366,-0.0034169771964922546,1.1768129120985042,2.8326129684174384
2023-04-05,-0.0005037183453295057,-0.011417556341832835,1.1762202791182426,2.8004553801333816
2023-04-06,-9.718810547201497e-05,0.010460414930889783,1.176105970052528,2.829903054336569
2023-04-11,-0.001270049602145304,0.008428476224697334,1.1746132052764926,2.85385562498689
2023-04-12,4.904165880066614e-05,0.002455274361865989,1.1746708116690736,2.8608712326317884
2023-04-13,9.328675834119769e-05,0.00354060973240955,1.1747803980126101,2.8710184141657127
2023-04-14,0.0007523175552809141,0.009010084478944691,1.175664538465126,2.8970034203766826
2023-04-17,0.00022608036740073457,0.0022944017956980645,1.175930363183665,2.9036579413797363
2023-04-18,-0.0006145282002363691,0.00048727894656153126,1.1752079428105553,2.9050731775419774
2023-04-19,-0.00046611637679104247,-0.004956234895399092,1.1746602867879123,2.890710574104482
2023-04-20,0.00023823646242688963,-0.0033910008639761458,1.1749401670367066,2.8809247732569028
2023-04-21,0.00012617503306707817,0.006983310011014154,1.175088424504133,2.901113574350463
2023-04-24,-1.6649078258554187e-05,-0.0022391219524120487,1.1750688605278543,2.8946248944435116
2023-04-25,5.52869152217633e-05,-0.0005982992749835603,1.175133828256242,2.8928935604474
2023-04-26,-0.00020631748029846715,-0.00038520227992577816,1.1748914026149664,2.891779425849703
2023-04-27,3.805098250899231e-05,0.0020803003133700315,1.1749361092377375,2.897801457140516
2023-04-28,0.0011889239997607513,0.009158864903993091,1.1763338497151483,2.924463941871702
2023-05-02,-0.0011583671804969932,-0.005725487911950822,1.1749720120966096,2.907767801309016
2023-05-03,-0.0019405474360171282,0.002657739824828198,1.1726941340511656,2.9155061703266174
2023-05-04,0.002723371777257084,-0.006252165184244873,1.1758921689015365,2.8973348085243757
2023-05-05,-0.0006157665620406562,0.010729485643999226,1.1751683167082214,2.9285890921148106
2023-05-09,-0.004643611981958376,-0.00906292109349316,1.1697239415978307,2.9021674298263584
2023-05-10,-0.0007230030457571207,-0.0001919164668695572,1.1688785332785823,2.9016105095497577
2023-05-11,-0.004645503817401529,-0.000363262711246648,1.1634610966939969,2.9005566540738648
2023-05-12,-0.000518633766768531,-0.0040515460951429105,1.1628578429303376,2.888828689326099
2023-05-15,-0.0023787960474153293,0.003662189556647988,1.1600949287973468,2.8994275232068336
2023-05-16,0.002355530093719533,0.0007214065428424732,1.1628307882483369,2.9015199438447956
2023-05-17,-0.0034886949014018166,-0.002972301225931062,1.1587810945863954,2.8929085567167285
2023-05-18,-0.004200690472423062,0.00429980459684387,1.153923623392054,2.9053742791065167
2023-05-19,-0.0017186160984877024,-0.00047690033307468127,1.1519421748388654,2.903989035482931
2023-05-22,0.00028837992248048876,-0.0008193903309390294,1.1522744197380241,2.9016105095497577
2023-05-23,-0.001701016461233434,-0.0033782409867839647,1.150316048065623,2.891824708702182
2023-05-24,0.0007650283405244921,-0.014531204575421341,1.151196409150606,2.8501068516994588
2023-05-25,-0.004050818477065913,-0.004786540828812136,1.1465425537911347,2.836497296217813
2023-05-26,-0.0030780829101073924,-0.0024818025482193917,1.1430188266948336,2.8294663982590866
2023-05-30,0.00016217234237808745,0.0007074601707248718,1.143204207766776,2.831468841281082
2023-05-31,0.00388071728308937,-0.0045030357352420225,1.1476492795488502,2.818747300179231
2023-06-01,0.003501484629221562,0.005587148054974733,1.1516747993959915,2.8345401360482936
2023-06-02,0.0034908251655880497,0.016931659731783455,1.1557021200146829,2.8829422125482265
2023-06-05,0.0007206440459160874,-0.0018660991127585902,1.1565352700325675,2.8775673731944758
2023-06-06,-0.004624017963539647,0.005405567575351711,1.1511997753867682,2.89316437542879
2023-06-07,-0.000659103823354123,-0.003382817049400799,1.1504412652093046,2.8833938648950395
2023-06-08,0.002256380531547731,-0.002336712419975129,1.1530400292805598,2.8766640685008515
2023-06-09,0.002812499640474732,-0.0008324965133432727,1.1562875185889423,2.874270252253857
2023-06-12,0.00035381378199659695,0.005177393528184027,1.1566967014319658,2.8891900700124507
2023-06-13,-0.004341583827349734,-0.00011989698644576663,1.1516856914709703,2.888843685595426
2023-06-14,2.4976696256348054e-05,-0.0006777187205493362,1.151714457133903,2.886886525425911
2023-06-15,0.0005791702050770987,-0.0071228857543417234,1.1523816890339986,2.8663966227678133
2023-06-16,8.190348772925361e-05,-0.000446542316021592,1.1524760769788238,2.865116941118514
2023-06-19,0.0006378767467585023,-0.00932294843588366,1.1532114491830043,2.838529731778463
2023-06-20,0.0007471360511810815,-0.005750022491429974,1.154073376979894,2.822254956979434
2023-06-21,-0.0001492320016217416,-0.009362875988255581,1.1539011651499067,2.795953852934598
2023-06-22,-0.0017937213199395985,-0.013198202395525271,1.1518332432211504,2.759294737451755
2023-06-23,-0.001941794683049583,-0.014603008751132407,1.1495987896808022,2.7192935122203106
2023-06-26,0.0027008439119526016,-0.004861766243108079,1.1527078732578764,2.7061050284578263
2023-06-27,0.004312318620092907,0.004446450518239331,1.1576894502370167,2.7181643813532843
2023-06-28,-0.0014150647554408097,0.01963449668956585,1.156052403235168,2.7720615614060833
2023-06-29,-0.0034671950932580425,-0.007747476292287558,1.1520510846995857,2.7506680600098634
2023-06-30,-0.004539565126638969,0.00796469287058521,1.1468331263630445,2.772663764535166
2023-07-03,0.0003381989033556098,0.004928973117355184,1.147221049662632,2.786363885721771
2023-07-04,-0.00012880668562257415,0.0014038272198373392,1.1470732894380054,2.7902782060608
2023-07-05,-0.0002086544422881004,-0.007609623936971843,1.1468339724686767,2.769125821151811
2023-07-06,0.00042256980036288976,-0.02626443437246273,1.147318692278236,2.6973430905474896
2023-07-07,0.0004444867351689656,0.004871879459871664,1.1478287735717514,2.710516283996148
2023-07-10,-7.910470905782751e-05,0.0013321493977151988,1.1477379785017758,2.7141295027706365
2023-07-11,0.0002590488881653542,0.006198830988772386,1.1480353372625773,2.7310061866542505
2023-07-12,-0.0003646063768755051,0.02393388654980022,1.1476168325571114,2.7971582591927584
2023-07-13,0.0001915633878696516,0.0028055668231683484,1.1478366949836556,2.8050168924094727
2023-07-14,0.0008469257535539523,-0.003489307544459308,1.148809239219759,2.7952463818757245
2023-07-17,0.00022450915052288085,-0.00878529395854244,1.1490671863608324,2.7707968760261106
2023-07-18,0.0002695228060031617,0.01154976728023449,1.1493769279125174,2.8029844568488236
2023-07-19,0.00045261821819941075,0.03713066503151374,1.1498972745999807,2.9090174904196604
2023-07-20,-0.0004024845638850127,-0.0005591306018910558,1.149434551822535,2.9073914243533423
2023-07-21,-0.00013788801032287105,-0.0057747690356730885,1.1492760695058446,2.8906502949826742
2023-07-24,0.00020411877946834077,-0.002894735432066753,1.149510682278046,2.8822947265666663
2023-07-25,-0.0002877659900121829,0.00025592914992600413,1.149179939789033,2.883032484208689
2023-07-26,-0.00011174576507789872,0.001909392646236796,1.1490515309721534,2.8885425840308883
2023-07-27,0.0006047071027883446,0.004519020466981161,1.149746580723983,2.901625505819085
2023-07-28,-6.583139062726948e-05,-0.0077766278364315156,1.14967089379902,2.879148156408314
2023-07-31,0.002157960532141699,0.001029644867601931,1.1521545170294345,2.88211418324574
2023-08-01,0.0009571651651648443,-0.004088076068610391,1.153257847148364,2.870355931914826
2023-08-02,0.0040490304613324465,-0.013348042649759861,1.1579368897015496,2.83229687058357
2023-08-03,-0.0008751569254201324,0.0011049513346197415,1.1569239565157245,2.8354281504280965
2023-08-04,0.005391544564282542,0.005343138759602795,1.1631784090136954,2.8506187831680747
2023-08-07,-0.0018783633434418768,-0.003857546018300795,1.160995588035571,2.8396435723316653
2023-08-08,0.0008782102626626914,-0.0010714857678433276,1.1620156341177992,2.8366025641476025
2023-08-09,0.0013708309582839318,0.005066316491889822,1.1636096534389542,2.8510101563930794
2023-08-10,0.0022952201026737304,0.002984450951055706,1.1662834610218407,2.8595315659051797
2023-08-11,0.0022224412382701505,-0.010271780550967335,1.1688783398959754,2.8303094238309012
2023-08-14,6.961500206544317e-05,-0.002039282225279493,1.1689597141964247,2.824543505296645
2023-08-15,-0.0007882536295483822,-0.005430069363754342,1.1680386405264371,2.809247604626868
2023-08-16,0.002859089935595545,-0.004242687560779501,1.1713829466057397,2.7973540928275074
2023-08-17,0.0025931168447493732,-0.01216690850810842,1.1744244212014348,2.7635251556246563
2023-08-18,0.0011239634160457555,-0.01423786931010973,1.1757451733853026,2.7244572276254875
2023-08-21,-0.00014899337950992613,-0.01097920837286459,1.1755700081880287,2.694708451857756
2023-08-22,0.0019695738536707028,0.006976045445359347,1.1778876617850544,2.713572582494035
2023-08-23,-5.015260605881894e-05,0.011155688224917526,1.1778285891305076,2.7440138330513117
2023-08-24,0.006422955066987087,-0.0017517537430062902,1.1854180766120457,2.739211204287988
2023-08-25,0.0034207981331625527,-0.0035016448479616713,1.189480096269069,2.7296362333444875
2023-08-29,0.0008498881989066191,0.018448791151541855,1.1904914510741034,2.7804621186300715
2023-08-30,-0.0006528981849926719,0.005179183271469157,1.1897144350502256,2.794899997458702
2023-08-31,0.001370472528675607,0.002216788528849989,1.1913460237688192,2.801102572070443
2023-09-01,0.0014128312324557448,-0.0037045822064722955,1.1930303842182082,2.7907448546769373
2023-09-04,-0.001537479423574167,-0.000690795270447353,1.1911975338966494,2.7888176870460804
2023-09-05,-0.0015821181358330726,-0.0017667856576828456,1.1893144087309542,2.783894794083636
2023-09-06,0.0005029002848586481,-0.0021438112175040658,1.189912665705084,2.7779330419146304
2023-09-07,0.0013517483349666736,-0.0036866662162289288,1.1915222157779382,2.7677105849895685
2023-09-08,-0.001560980460645767,0.004304216689599016,1.189663723792897,2.7796490855969123
2023-09-11,0.00039121235236796363,0.003201312027384162,1.190129225985976,2.7885618683340168
2023-09-12,-0.0012388110938518415,0.0010738191275283526,1.1886557935383721,2.7915578877100966
2023-09-13,-0.0015404607193838273,0.0010348923861869253,1.1868261256071668,2.794448345111893
2023-09-14,-0.0008860185551165644,0.018056464529214722,1.1857750413470216,2.84536450205794
2023-09-15,0.0011894431051713652,-0.005831796599528261,1.1871862924292873,2.82881920632202
2023-09-18,-0.0005791151701217371,-0.018287739254425617,1.1864989738750906,2.7775566649589503
2023-09-19,0.0010275217873598596,-0.0012258143687020606,1.1877187539894285,2.7741539820440426
2023-09-20,0.0012940560127341443,0.015385769220831236,1.1892567234791773,2.8171665169653917
2023-09-21,-0.0030124034985856817,-0.003951748402522881,1.1856795929499904,2.8060557516160403
2023-09-22,0.0011995641665912226,-0.0017075308906715492,1.1871027451132667,2.801268413166541
2023-09-25,-0.0003197015259399931,-0.01034526403673297,1.1867232872140732,2.7724379383617617
2023-09-26,3.014408519183857e-05,-0.004277409792267761,1.1867590604411151,2.7606044116397066
2023-09-27,-0.0033391361759954235,-0.006373647621350287,1.1828029190534763,2.74306524550521
2023-09-28,-0.002143523573166978,-0.006690756519875052,1.180270268481905,2.724773325459354
2023-09-29,-0.004532553525395185,0.009934694778031883,1.1749327357797827,2.751978028242312
2023-10-02,2.608933803423407e-06,-0.016664869727069487,1.1749358011055124,2.7064966957273273
2023-10-03,6.115312885522163e-05,-0.01680023510122375,1.1750076543029555,2.6614067364373466
2023-10-04,-0.000338521242354277,-0.010514552621669893,1.1746099565704082,2.6335698379866495
2023-10-05,-0.0005910850809455407,0.006103795394171385,1.1739158673022634,2.649693767958907
2023-10-06,0.00013288804845373392,0.007488977318907075,1.1740718770566045,2.6696117540710795
2023-10-09,0.00011480979158737635,-0.009075484623672025,1.174206679742304,2.645493342324667
2023-10-10,0.00045515345109132653,0.02226326328749373,1.1747412456104045,2.7050511729819338
2023-10-11,0.00017704096744610207,-0.005105482536301054,1.1749492413483662,2.6912757764041917
2023-10-12,-0.0003618744319396315,-0.00226815258413815,1.1745241341814416,2.68517846972224
2023-10-13,-0.000651885955334981,-0.02162176029951013,1.1737587279000747,2.6277433462860857
2023-10-16,0.00031096833092382557,0.003728598036301989,1.1741237864504792,2.637559433716816
2023-10-17,-0.0007543122658377898,0.009662382572811268,1.173238464423358,2.663168062972111
2023-10-18,0.0004917576142426873,-0.016299907798060786,1.1738155552543361,2.620110539242776
2023-10-19,-8.14422616587502e-05,-0.011000636276376596,1.1737199609535067,2.5914456114895934
2023-10-20,-1.7719683816806196e-05,-0.010535719155020828,1.1736991631911746,2.5642861915591166
2023-10-23,-0.0009724469874047641,0.0015429437118434919,1.1725583577521166,2.568245794750629
2023-10-24,9.982453919162563e-05,-0.0038117216904662854,1.172675413692285,2.558474990172381
2023-10-25,-0.0004222108499662982,-0.00728785884304628,1.1721804019161604,2.539896964831314
2023-10-26,0.0002425196719470098,-0.005205938721186243,1.1724647131968415,2.526708775113324
2023-10-27,-0.0008796499613772734,0.004939168494217938,1.1714338081414326,2.5392194863110973
2023-10-30,1.3989120187037248e-05,0.008936506734428917,1.1714501955843886,2.562012933555732
2023-10-31,0.00025565594048916184,0.0038415681820467285,1.1717497220721083,2.571874009794445
2023-11-01,0.0016001128593683602,0.005999655059481412,1.1736261547220015,2.5873507478296376
2023-11-02,-2.4166444344582774e-05,0.033270430205257995,1.1735977926935581,2.6748810314505462
2023-11-03,0.002464625440347463,0.012111662975756943,1.1764938390389426,2.7074752758120826
2023-11-06,0.0036249685150192153,-0.013226735163470948,1.1807663313100354,2.671900008343791
2023-11-07,0.0024690622777716114,0.0007997487873137032,1.1836853190158416,2.674037711834235
2023-11-08,0.0005565454527929077,0.004751837884272803,1.1843442770507175,2.686774543249903
2023-11-09,0.005033489880475112,0.0106788739290824,1.1903206904742898,2.715620014324014
2023-11-10,0.0038458054254866146,-0.010297980797387751,1.1949072460910102,2.687798112142645
2023-11-13,-0.0012923632582054836,0.0033885988876427575,1.1933639893081767,2.6969214307393323
2023-11-14,0.0038943969925869814,0.0341544213266598,1.1980204836728665,2.7906242964333234
2023-11-15,-0.00024116549836168547,0.0075458881294530045,1.1977315973019869,2.8117616850729874
2023-11-16,-0.00015800594729310855,-0.017554734049499032,1.1975423635367761,2.762832680835109
2023-11-17,0.0005013830636865136,0.011722989356691471,1.1981429415431397,2.7954119289273196
2023-11-20,-0.0004281515983782945,0.0016788670636955771,1.1976300645300235,2.800108995716361
2023-11-21,-0.0024416148430737735,-0.013614416983518396,1.1947094801100087,2.7622454739753546
2023-11-22,-0.004541263244787676,0.007201091925011838,1.1892962905222881,2.7822084488955108
2023-11-23,-0.0013791815654167203,3.255120262224409e-05,1.1876571655878485,2.782299014600471
2023-11-24,0.001434395629841456,-0.00122912022247057,1.1893619582171666,2.778881335416233
2023-11-27,-0.0003339871236608858,-0.0010570052188096923,1.1889647929654819,2.7759455951619625
2023-11-28,-0.00044571293978960813,-0.002802378980458542,1.188434974054646,2.76817723360571
2023-11-29,-0.006463375947035775,0.004373931000580811,1.1807784422050513,2.780311567847805
2023-11-30,0.0018220452006442074,-0.012757262686411863,1.1829318350925382,2.7450676885272034
2023-12-01,0.005402960923792607,0.009562775029817061,1.1893404667762846,2.7714440679631753
2023-12-04,0.004587540833530624,-0.0025781051810334077,1.1948091490432537,2.7643081961191567
2023-12-05,0.0028849994158638434,0.00684959670225993,1.198261149856163,2.783307587223881
2023-12-06,0.007155214192217438,0.009646317890208422,1.2068657120737643,2.8102861697889376
2023-12-07,0.002327513654166939,-0.0025747358767009842,1.2096779800238089,2.803059732239958
2023-12-08,-0.001782802766380427,0.004464059962829836,1.207523284044274,2.8156007300208814
2023-12-11,0.0023830914291612273,0.0025846363418349227,1.2104043539960507,2.8228874466916687
2023-12-12,-0.000765907322268338,-0.004720398006599069,1.2094776513678853,2.8095936949993927
2023-12-13,0.004206294468770507,0.0018042331429111158,1.2145757851321282,2.814667432788603
2023-12-14,0.0007694638492965794,0.029575689506348368,1.2155107169430042,2.899156414180948
2023-12-15,7.427111343616866e-05,-0.0024957117929744754,1.2156009976299271,2.8919299766319733
2023-12-18,0.00024220070663314255,0.0006036810086573752,1.2158954527077117,2.8936763068974063
2023-12-19,0.004093744572428697,0.004951167797862865,1.2208832204757638,2.9080389103349042
2023-12-20,-0.0013511288015163022,0.01607937113416824,1.2192347638826597,2.9551763014548627
2023-12-21,0.0001721809842246945,-0.002964260422631426,1.2194447109982378,2.946429359813855
2023-12-22,-3.710609944641819e-05,0.0030610707030636064,1.2193994630010156,2.9554624067500765
2023-12-27,-0.004787118727207211,0.004564006492586259,1.213576002914265,2.968981984615756
2023-12-28,0.004309858808946762,-8.121513696046634e-05,1.2188176313664802,2.968740868128529
2023-12-29,-0.004758993411435531,-0.0015021830566421812,1.2130310663227064,2.9642846237822216
2024-01-02,-0.00010400258008546112,-0.00907110692642199,1.2129049145222552,2.9375168711212445
2024-01-03,5.4629001092678745e-05,-0.00954739371759139,1.2129711761160418,2.9096046972794145
2024-01-04,0.0004237697166345895,0.002361809372096957,1.2134853054961672,2.91648475041137
2024-01-05,0.00031941706299120335,-0.008382047066957554,1.213872975319314,2.8921408065360508
2024-01-08,-0.00019894562468316198,0.009501648258892104,1.2136315046225188,2.9197518788133356
2024-01-09,-6.42806530910829e-05,-0.005159300896536934,1.2135534941041002,2.904726793124952
2024-01-10,0.00020677388132619862,-0.0007207111179479142,1.2138044512150667,2.902634078442499
2024-01-11,-0.0001284031651923648,-0.00897157308336638,1.2136486048874011,2.876709351353336
2024-01-12,0.0004092048103590871,0.004683368325942183,1.214145337360334,2.8902136389051893
2024-01-15,-0.0003419750863744742,0.0001667346477898235,1.2137302008909296,2.8906955778351517
2024-01-16,-0.00032789616172348816,-0.00039068501619610174,1.213332288657202,2.8895664469681246
2024-01-17,0.000684158198646832,-0.017284731816868515,1.2141626839186423,2.840050235870491
2024-01-18,-2.2680186346876372e-05,0.004421816373790577,1.2141351467949903,2.852636222459397
2024-01-19,-0.00027694466439004965,-0.004050815894915516,1.2137989451010187,2.8411040913463834
2024-01-22,0.0002993561238863832,0.010762441815257873,1.2141623576405722,2.8718464434682023
2024-01-23,6.153542940098364e-05,-0.004360601931413299,1.2142370739414383,2.8593507285397566
2024-01-24,5.232346987971495e-05,0.009385783554616722,1.2143006087005686,2.8863143148354875
2024-01-25,-0.0004468177966361421,0.0026774679331875717,1.2137581587753001,2.8940526838530864
2024-01-26,-0.00027142650462526926,0.0059594115231185185,1.2134287573469649,2.911351027544854
2024-01-29,8.061862802809754e-05,-0.0013868740407314561,1.213526586251955,2.9073161489622077
2024-01-30,0.0006278363718100714,0.001981381328031162,1.2142887216040748,2.9130823615409622
2024-01-31,-0.0008195690326992192,0.0004391913782413326,1.2132939358745638,2.914362043190262
2024-02-01,0.0011252494296885816,-0.011785301380154323,1.2146599626002113,2.880217008153537
2024-02-02,0.0014182897517259116,0.002161686726289247,1.2163839246268506,2.8864498693484286
2024-02-05,0.0024817924565199963,-0.008064728933758758,1.2194064862090852,2.863265048878789
2024-02-06,0.0020284922173646855,0.007996982663177832,1.221882553268505,2.886254329758175
2024-02-07,-6.507971614901423e-05,-0.003490500405440855,1.2218030360862766,2.876197419884717
2024-02-08,-0.000689394106067942,-9.426397580369894e-05,1.2209610225473566,2.8759263108588304
2024-02-09,-0.0017173799334125424,-0.002117041927858665,1.2188659681049128,2.8698442944907043
2024-02-12,-0.002710879340883366,0.007400800254217188,1.215566244130217,2.8911622264512893
2024-02-13,0.0027613478021473203,-0.01469297334067221,1.2189274839471018,2.848993011146251
2024-02-14,-0.0014278820746110282,0.0042238114088331,1.217188241254759,2.8610520699972124
2024-02-15,0.007140604219708623,0.005023130157185918,1.2259108058749977,2.87545966224269
2024-02-16,-0.002752339741680122,0.004820963400167244,1.2225413219535772,2.8893556170640444
2024-02-19,-0.0008607390605237208,0.0013017851649621548,1.2214894856279126,2.8931193866208043
2024-02-20,0.004552051829951399,-0.005599314395725585,1.2270624436499291,2.876965170065395
2024-02-21,-0.0005820095851769967,0.0004917988579506982,1.2263484893303962,2.8783804062276364
2024-02-22,0.0007982466589973435,0.007529508639800397,1.2273278087319892,2.9001349942657053
2024-02-23,-0.001363535081106052,-0.004364919826288727,1.2256554446314347,2.8875037248243207
2024-02-26,0.0009093291596931406,-0.0027514522076703685,1.226770475755299,2.8795698162164705
2024-02-27,0.002359773062500972,0.0019220821731469329,1.2296687940195938,2.885109908577325
2024-02-28,-0.00022751467867881676,-0.007863331738739987,1.229389058142257,2.862512294967439
2024-02-29,0.0020851727521980076,0.0021698148051001453,1.2319552212250198,2.868730159893001
2024-03-01,0.00033534590818362143,0.015595497144573756,1.232368421646186,2.913820119182984
2024-03-04,0.0031650051211578115,-0.005455517889272343,1.2362750530048339,2.8979670041921164
2024-03-05,0.00041750997737703287,0.0011370891148665407,1.236791317939627,2.9012641251327347
2024-03-06,-0.00011002013255860207,0.010437745962804001,1.2366552534799322,2.93170537569001
2024-03-07,0.00037084250300947513,0.005673785151328659,1.2371139428549938,2.9483865199833694
2024-03-08,0.002363905821651047,0.0009085322805475471,1.240041822959538,2.95106644152558
2024-03-11,-0.0018212397458295634,-0.00366459340846248,1.2377854648133204,2.9402717740100925
2024-03-12,0.003439845982111674,0.0017955928133392973,1.242050587648396,2.9455560476588873
2024-03-13,0.007362022638956064,-6.63868138257584e-05,1.2512283341297694,2.945360508068635
2024-03-14,0.0029222133353209497,-0.0039897921983644835,1.2548900377872159,2.9336325433208716
2024-03-15,-0.0013337671445925127,0.0013795463267847197,1.253217422372438,2.9376824181728414
2024-03-18,0.004170902860606354,-0.0013538872081753084,1.258455386430522,2.933707818712003
2024-03-19,0.001858059759551947,-0.0027595178612358495,1.260795845426232,2.925623359321884
2024-03-20,-0.0014330113731278126,0.0026517651864974567,1.258990404558152,2.9333917208781353
2024-03-21,0.004450047939472055,0.01309876209397487,1.264605456572893,2.9720682756523003
2024-03-22,0.0037449778323397497,-0.0008615097897113344,1.269350255011474,2.9695089123537004
2024-03-25,0.002897561323787189,-0.0056333131015957605,1.2730336090117038,2.952827768060345
2024-03-26,0.0005105950728776687,0.008331859750851933,1.2736837796729157,2.9775330926220143
2024-03-27,0.002249616756958352,0.0016721919389137696,1.2765523053787347,2.982516264706268
2024-03-28,-0.00547931330384947,0.0037283961685865563,1.2695768032815775,2.993657022594279
2024-04-02,2.774978740524735e-05,-0.008626562000243254,1.269612034256787,2.967943125409192
2024-04-03,-0.0005924074784982542,0.0020117429347656923,1.268860129331942,2.9739198738475294
2024-04-04,5.8807014964408776e-05,0.006036317647007294,1.2689347494026257,2.9919256885981658
2024-04-05,0.0005862716684029075,-0.0074395382194598625,1.2696789080134927,2.969749734796434
2024-04-08,9.38883595250202e-05,0.006503185776960407,1.2697981216795897,2.9891255028568393
2024-04-09,5.552246247278819e-05,-0.004603936586397239,1.2698686259554162,2.9753953891315756
2024-04-10,-4.5259293804366735e-05,0.0019411200522263528,1.2698111538987633,2.9811765979796574
2024-04-11,0.0002420966800238737,-0.0007527597969883004,1.270118608178708,2.978933332514932
2024-04-12,0.00014558954314976296,-0.003325962680579053,1.270303537628189,2.9690419696930666
2024-04-15,-0.00043235918337189167,-0.0011313431840296317,1.2697544289426712,2.965684863675136
2024-04-16,-0.00030908883454266176,-0.01815467510481028,1.2693620226733962,2.9123296076296077
2024-04-17,-0.0012274280071323054,-0.00022750090156797853,1.2678049279818844,2.9116671253787207
2024-04-18,-0.00015642213129331024,0.005702378523489315,1.267606630742428,2.9283179830889274
2024-04-19,-0.0002673198349609283,-0.0030584668040862795,1.267267819634585,2.9193755018576635
2024-04-22,9.796499446038516e-05,0.010674421289138536,1.2673919736007873,2.950705060839234
2024-04-23,0.0003956768836200493,0.010167773159416527,1.2678935505318814,2.9808602061012937
2024-04-24,-0.00017016204910983956,-0.0040638040555887045,1.2676778215222353,2.9687711547116806
2024-04-25,-0.00021531961905449755,-0.005971340710306805,1.2674048950008932,2.9510964340642345
2024-04-26,0.0003185384918326561,0.011271772361277854,1.2678086765512568,2.984548700266919
2024-04-29,-0.00012155232573623725,0.013059974771115535,1.2676545808235702,3.023782469362182
2024-04-30,-0.005527250304077546,-0.00596255403844026,1.2606672647674675,3.0058066471501976
2024-05-01,0.004374092828641141,-0.0019452919625848608,1.2661936179894246,2.999965159180305
2024-05-02,-0.0026052379357585603,0.006288396372738703,1.2628991756083117,3.018889568938391
2024-05-03,-0.0011883393628706533,0.005579733229184924,1.2613993141553037,3.0357812490913303
2024-05-07,0.0022557903586398545,0.012253199902147571,1.2642479783532128,3.0732081147548533
2024-05-08,-0.0009006236363225926,0.0038577335945291225,1.2631098793181088,3.0850866302848865
2024-05-09,0.0006869112545252829,0.0019160229686434604,1.2639778217755075,3.09100339364591
2024-05-10,0.00013676544397196673,0.005541964176805081,1.26415070208523,3.1081811790940606
2024-05-13,0.002353540929677136,-0.004130483304219723,1.2671294364154777,3.0953693663317527
2024-05-14,-0.00029018315323173005,0.0028266611167335753,1.2667617901450228,3.1041313042420913
2024-05-15,0.0023945091087717524,0.007590471353870143,1.2697986972900268,3.1277827733278682
2024-05-16,-0.0010222458731527137,0.0022693753456479726,1.2685013140472994,3.1348889466777314
2024-05-17,-0.0014514899393482635,-0.0035071315210597476,1.2666614327595245,3.1239137358413163
2024-05-20,0.001155307999961663,0.0059294215098084635,1.2681256625013382,3.1424917611823866
2024-05-21,-0.0009067806199215499,-0.0043162577768711685,1.2669762719282622,3.1289571870473742
2024-05-22,-0.001614383599763586,-0.003533124826825329,1.2649325363440476,3.117921697089157
2024-05-23,0.000809195401698827,-0.0038121071278123253,1.2659565281847853,3.1060584718729465
2024-05-24,0.00025914958450821545,0.0067436094923643,1.2662846428066175,3.1270753022689943
2024-05-28,-0.000357392215591157,-0.0031632436057904556,1.265832163393682,3.11719922976096
2024-05-29,0.00027316457981148724,-0.013076974312394185,1.2661779911365019,3.07670106933022
2024-05-30,-0.002738521213771483,0.011414163441557434,1.2627152793662337,3.1120202240419577
2024-05-31,0.009090063302703802,0.0028597985119418468,1.2742457682296084,3.1209327127345636
2024-06-03,0.00016126215673773414,0.00818635061022377,1.2744512724199861,3.1465866248423375
2024-06-04,0.000523515365980391,-0.008770194493669337,1.2751186419181428,3.1191111070779933
2024-06-05,0.004877375669708509,-0.002155018975658507,1.2813530660133103,3.1123966009976343
2024-06-06,-0.001151749893785636,0.002053671559314907,1.2798781173046834,3.1187950092441223
2024-06-07,3.65999140646727e-05,-0.007777841070140568,1.2799249615910333,3.094631608689728
2024-06-10,0.0005959178024953883,-0.005336434814603663,1.2806879189688674,3.078161294300447
2024-06-11,-0.000494977611944245,-0.008798231665153367,1.2800541639812946,3.0511977080047212
2024-06-12,0.0020516757405729786,0.011309035220183006,1.2826831160125207,3.0858996633180413
2024-06-13,-0.0014340613984521445,-0.014813502893183284,1.2808449879786443,3.040523598732847
2024-06-14,0.0025224350329245485,-0.0037503198326689358,1.2840799144788009,3.0291420184021036
2024-06-17,-0.00014652513214675523,0.0019512782230073356,1.2838917782833221,3.0350584877186355
2024-06-18,-0.0017386615649998666,0.012334573002700466,1.2816614644371254,3.072726469869387
2024-06-19,0.0038654378991355596,-0.0014121147329504424,1.2866252346277727,3.0683904897222014
2024-06-20,-0.0020206061018850792,0.0057534497304931875,1.2840280966079531,3.0860952029083
2024-06-21,0.0024112824488632047,-0.0027502370062499892,1.287127986874678,3.0776193702931702
2024-06-24,2.882715403091209e-05,0.005862678357781093,1.2871650916462232,3.095715456704275
2024-06-25,0.0004683878223008522,-0.009734681709632653,1.2877681253162299,3.065725858493811
2024-06-26,0.001060219757007729,-0.0032119246653170563,1.289134166549127,3.0558947747937566
2024-06-27,-0.001390877871712871,0.0016589348868674136,1.2873423847269048,3.0609685125829658
2024-06-28,-0.003946747071111299,-0.002255208296896072,1.2822715831084264,3.0540731691371814
2024-07-01,-0.0005165918993815154,-0.003154946504274392,1.281609343064434,3.0444529153412043
2024-07-02,0.00020911734417217008,-0.001365756344267055,1.2818773778309045,3.0402977725594416
2024-07-03,0.0003961942867294862,0.01644773400247246,1.282385350945667,3.0907172883506977
2024-07-04,-9.477896482389056e-05,0.003932964635255942,1.2822638135492843,3.1028969054452706
2024-07-05,9.664776092580034e-05,0.008522332785107167,1.2823877474646515,3.1294538282021698
2024-07-08,-0.0007855573220169363,0.0005579686329681977,1.2813807539573119,3.1312004525121035
2024-07-09,0.0005178283759229556,-0.0073981308230113285,1.2820444611004376,3.1081208999722567
2024-07-10,0.000408171865390765,0.013605296646872489,1.2825678623912127,3.1506967788161186
2024-07-11,1.4977885786748125e-05,0.012399022104299107,1.282587072690034,3.1900055292580216
2024-07-12,-5.890973331352217e-05,0.0006605051095238679,1.282511518053104,3.192113240209806
2024-07-15,-0.00017593525100483018,-0.0006322072327993311,1.2822858989150205,3.1900958009184817
2024-07-16,0.0002999270299335893,0.0011461741639280376,1.2826705487967727,3.193754302545452
2024-07-17,-5.6472682107651324e-05,-0.005696458580141339,1.2825981149959063,3.1756129332818683
2024-07-18,-0.00034518371897937895,0.006657561061775397,1.2821554594117617,3.196825303268171
2024-07-19,0.00028928196099095224,-0.007872027779676216,1.2825264175105118,3.171758598020149
2024-07-22,0.00016575631966891623,0.0033644219644983764,1.2827390219891377,3.1824477035613508
2024-07-23,-0.000542392393835745,-0.002235331079491587,1.282043462750407,3.1753418242559843
2024-07-24,0.00020997591080282438,-0.006693246630506522,1.2823126892587382,3.1541594468083387
2024-07-25,0.00012908557679102724,-0.0031743815984182078,1.2824782280159608,3.1441628160566832
2024-07-26,-0.00010459272226206461,0.022344327207518333,1.2823440971415296,3.2152077890189847
2024-07-29,0.0005692469921990764,-0.004891119058859417,1.2830742754679825,3.1995202210797093
2024-07-30,0.00033711409377893043,0.008452765934196194,1.2835068908058744,3.226679641010187
2024-07-31,-0.001949109645984464,0.00781722383383432,1.2810076316006593,3.252002164970269
2024-08-01,0.00021676638065912203,-0.0065722639611873745,1.2812853410865108,3.230699229279009
2024-08-02,0.00046716654459511204,-0.02993199000314206,1.2818840545705124,3.1354308706850027
2024-08-05,-0.0022493656498661983,-0.02872368239791001,1.2790038691205516,3.0466508979534566
2024-08-06,0.002058717727136327,0.006452525320263192,1.2816396893329307,3.0663730504308786
2024-08-07,0.0036432367818857985,0.01017507369257764,1.2863175222425511,3.097732895995598
2024-08-08,0.0026679786410568488,-0.0032810567332504093,1.2897539720664584,3.087585714461676
2024-08-09,0.0018349155716436071,0.005669299943045658,1.292122734288117,3.1051398768655
2024-08-12,0.00041149445262385364,0.0025180149067498547,1.2926545450364677,3.112968517543562
2024-08-13,-0.001672569361060471,0.003230243893371565,1.2904942977353338,3.1230404236863514
2024-08-14,-0.00023743190366812272,0.00998661276700652,1.290187929589775,3.154385272981747
2024-08-15,-0.0018569706729922725,0.00674962131020429,1.2877943115689456,3.175748193750316
2024-08-16,-6.0650293422864765e-05,-0.00214976335345618,1.2877162088345815,3.168928419740165
2024-08-19,-0.0007485210778798261,0.005146131773242857,1.2867526867632182,3.1852781758858284
2024-08-20,0.001765127502036671,-0.008129410935694636,1.289025975050546,3.1594887092651147
2024-08-21,-0.0009209920714307628,0.009532147248282996,1.2878393388727898,3.1897494165014653
2024-08-22,0.0011121920364669312,-0.003901461400179329,1.2892724603351444,3.177328976964158
2024-08-23,-0.000500465389154861,0.004010048491418061,1.2886273855238284,3.1900958009184817
2024-08-27,0.001470951879038224,-0.0012939485025711406,1.2905242891829183,3.185970650675377
2024-08-28,-0.0006017654358580005,-0.004508720548527023,1.2897479298880754,3.171638333821034
2024-08-29,0.0004325523482736212,-0.001700830912653828,1.2903059340581364,3.1662484981979557
2024-08-30,0.0036068769973589985,0.002630749287245493,1.2949683121086948,3.1745890703446324
2024-09-02,0.0003018199442218386,-0.005039590384113168,1.2953592183611087,3.1586306874239694
2024-09-03,0.0016765724725118464,-0.00822709088355289,1.2975328035460278,3.1327509491427894
2024-09-04,-0.0010408934422839874,0.0,1.296182912827746,3.1327509491427894
2024-09-05,-0.0013919245134242876,-0.002217869082365098,1.2943799791224013,3.125810616889024
2024-09-06,0.00039546228797950403,-0.013016314561886233,1.2948919588181185,3.0853877318494263
2024-09-09,0.005028478551896658,0.007626760530529353,1.3014196937929152,3.1090092083965475
2024-09-10,-0.0024576326638152545,0.0002517354819993045,1.2982252092867297,3.1097919548465573
2024-09-11,0.0018025023250775366,-0.005767873317173766,1.3005673734890097,3.091906698339531
2024-09-12,-0.0011650281810343254,0.007688035810225813,1.2990530581288766,3.115768997329388
2024-09-13,0.0018349639279497752,0.009598238863572917,1.3014389619853288,3.1458188746616624
2024-09-16,-0.0009794772196412079,0.00163534854138625,1.3001648562499444,3.1509675937975072
2024-09-17,-0.0017451942995939098,0.0007164316415106953,1.297897794761078,3.153225855531567
2024-09-18,-0.00039130403928814336,-0.005232136814271371,1.2973900214647547,3.1367708314561074
2024-09-19,-0.00226095135941672,0.01559146006218981,1.294459999298995,3.1860609223358356
2024-09-20,-0.0017453855282798302,-0.01575945830910186,1.2922026381051244,3.136243903718165
2024-09-23,-0.000779076133762947,0.000638187026947179,1.2911963059253835,3.1382460526956586
2024-09-24,0.0010682864817495,-0.0036044561894978955,1.2925764105265807,3.1269547440253835
2024-09-25,0.0010737340986021085,-0.0007079611016820309,1.2939650392692144,3.1247417651438076
2024-09-26,0.004042404092091551,0.01221109921656982,1.299206355460616,3.1631322146227547
2024-09-27,-0.0028431519547129957,0.0108968543511061,1.2955177604742687,3.1977888870836013
2024-09-30,-0.004524459746043001,-0.008861895703162759,1.2896694826420794,3.1695756116772293
2024-10-01,-0.00014777391846097218,-0.00660030680390733,1.289478917209757,3.148724328332782
2024-10-02,1.4587978231869235e-05,-0.006278348980210069,1.2894977282373388,3.129017466169182
2024-10-03,9.196471343019936e-05,-0.002104869128315201,1.2896163219795211,3.122438220557269
2024-10-04,0.00038967087930961096,0.007684919401970802,1.2901189458282576,3.1465263457205337
2024-10-07,-5.341575937063794e-05,-0.0022465487358740432,1.2900500349855666,3.139465455223153
2024-10-08,-3.137066691709443e-05,-0.01070292098134118,1.2900095658903872,3.1060431815591274
2024-10-09,-3.364684142370447e-05,0.009224893837375348,1.2899661618732967,3.1348286675559196
2024-10-10,0.0004466476885555534,-0.0054899151558576165,1.2905424509673278,3.117665878377097
2024-10-11,0.00040873091166442423,0.0027246461645891173,1.291070043374171,3.126171997575375
2024-10-14,0.0004410173852382861,0.0025154504555082724,1.291639553281514,3.134045627061419
2024-10-15,0.00019705995721504754,-0.001095792068575463,1.2918941087971465,3.1306132456523494
2024-10-16,0.00010272402675744008,0.008862031988959629,1.2920268241785589,3.158480136641701
2024-10-17,-0.00022116727700454482,0.0057699416500476275,1.291741101721432,3.1767570604182285
2024-10-18,-0.00046725865181798784,0.002305262201231173,1.2911376655071187,3.1840887658969943
2024-10-21,-0.00019402966116480766,-0.011556094405117179,1.29088717080585,3.1475049258052925
2024-10-22,0.00023374241121336666,0.002059409255686262,1.291188941152649,3.153993605712245
2024-10-23,0.0001558858873238578,-0.005734815918520653,1.2913902349754687,3.1359577984229468
2024-10-24,-0.00035935008425672414,-0.0018885305525238039,1.2909262571559492,3.1300410350619243
2024-10-25,0.0006372805140062564,0.0014083361696179963,1.2917492014999994,3.1344522906002434
2024-10-28,-0.00013666621816613405,0.0007297668671011337,1.2915726750846848,3.136740544872956
2024-10-29,-0.0006972851260120868,-0.010241747982906446,1.2906723945817633,3.10477879022365
2024-10-30,-0.0007859459025806371,0.003451318865863584,1.2896583944284974,3.11551288457283
2024-10-31,-0.0015935565024606199,-0.014853076878639015,1.2876048875322965,3.0695798997110333
2024-11-01,-0.0002082391896522512,0.004438573744147689,1.2873367856495528,3.0832347380451575
2024-11-04,-0.005697295306119539,-0.0008987781802360928,1.280023301146204,3.08046483888698
2024-11-05,0.0027833261934323682,-0.004472105060033371,1.2835909862409658,3.066719434847899
2024-11-06,-0.003204682029610999,0.003758231826431313,1.2794840694700063,3.078266562230235
2024-11-07,0.0052599689486929994,0.00918660442219732,1.2862318469380334,3.106675671271356
2024-11-08,0.001397743326472749,-0.005710371564818573,1.2880309259508267,3.0889859543545874
2024-11-11,-0.000997842564479281,0.00997062712248109,1.286746314894932,3.119939136380478
2024-11-12,-0.001907567340848914,-0.014371565546735354,1.2842940992754912,3.075421387680924
2024-11-13,-0.0024383705648484875,-0.003363896692089696,1.2811663292281366,3.0650933687815765
2024-11-14,-0.0020321574599755695,0.008003641496760139,1.2785654411168812,3.089723711996613
2024-11-15,0.00019285438619087735,-0.0022537496154075853,1.2788120418484847,3.08276808942902
2024-11-18,0.0011920770574447763,-0.003973347307574926,1.2803373933319773,3.0705434835264653
2024-11-19,0.003682411169944085,0.0015775041240164711,1.2850608135005512,3.075391101097773
2024-11-20,0.0021111132460412815,-0.008988899460957711,1.2877765880510759,3.0478705945254414
2024-11-21,0.003220778648517465,0.005178008024024905,1.2919309178871339,3.0636934229331625
2024-11-22,0.002412350138483803,0.011326276439181271,1.2950512697932637,3.0985909178367415
2024-11-25,0.0017713695219120397,0.008110255313560799,1.2973473171156442,3.123823464180856
2024-11-26,6.863140844074497e-05,-0.008742083967771208,1.2974363589447528,3.096633757667224
2024-11-27,0.005927947657051414,0.0015982588693770339,1.3051503352032339,3.101586937212818
2024-11-28,0.002387296762412061,0.007794237868058218,1.3082698384814115,3.125855899741507
2024-11-29,-0.004203863959378121,0.00042368870978570783,1.3027815940573138,3.127180570198787
2024-12-02,0.0016707171531614468,-0.00012036388650393803,1.3049599928507307,3.126804193243109
2024-12-03,0.0019128137139538405,0.005933491854671402,1.3074585270746661,3.145412211122834
2024-12-04,-0.0012286409865610688,0.005370210657931196,1.3058531163787193,3.162349174128249
2024-12-05,0.0005464854061288864,-0.00019519022158043242,1.3065669410789935,3.1617319747298396
2024-12-06,0.0014524774697947797,0.0027532234938885125,1.3084660790173404,3.1704489238321965
2024-12-09,8.41322826367416e-05,-0.00046067966370344493,1.30857616788627,3.1689886988619755
2024-12-10,-0.0013538027410301217,-0.0035885163165154665,1.306805812509709,3.1576371110698833
2024-12-11,-0.0004351047093117252,-1.90901281733602e-05,1.3062373388282866,3.157576831948078
2024-12-12,-0.0023334977074626847,-0.0011688235572400174,1.3031927905974043,3.153888337782457
2024-12-13,-0.0005569097919798352,-0.002858670931876972,1.302467231825628,3.1448852833848835
2024-12-16,-0.003341164553346685,-0.0036544501240172167,1.2981227363574908,3.1334134313936812
2024-12-17,0.0016576235173072342,-0.013062390000696311,1.3002763195555864,3.092749723911347
2024-12-18,-0.0014017836430006072,0.002872756986082692,1.298454890402508,3.1016472163346256
2024-12-19,-0.0012893876761297337,-0.009882650659722714,1.2967817575590486,3.071145686655547
2024-12-20,0.0013042895131773233,0.002511565728429588,1.2984742399098697,3.0788687653593203
2024-12-23,0.0034283062967123356,-0.0015463553321950485,1.3029334467185354,3.0741114194484727
2024-12-24,-0.004011675240436679,0.007435904538867888,1.2977169712690597,3.097055417475379
2024-12-27,0.002399973280869032,-0.004033146212815808,1.3008351976595312,3.084589695085591
2024-12-30,0.003549035546807015,-0.004113130040876101,1.305460110151498,3.0719284331055547
2024-12-31,-0.004418818665913786,0.010627196388821147,1.2997042450768987,3.1047485036404994
2025-01-02,-0.00018145258219518618,0.0008530497659915426,1.2994684317806522,3.1073981385995566
2025-01-03,-9.09186454111533e-05,-0.002367060767575424,1.2993502912417503,3.100051436851463
2025-01-06,-0.0001158448838093817,0.0010338209170388524,1.2991997768765617,3.10325799208712
2025-01-07,8.84041901202691e-05,-0.012806765877428461,1.299314636657609,3.063768698324294
2025-01-08,7.6538574960698e-06,-0.019761213120942145,1.2993245814647385,3.003819200397526
2025-01-09,-0.0002811478663981376,0.002647847731651609,1.2989593304780749,3.0117833955885307
2025-01-10,0.0004604371382947281,-0.013649232700364777,1.2995575573073173,2.9709541410545994
2025-01-13,0.0007614041788355522,-0.0007857590300464068,1.300547422658074,2.96862060392941
2025-01-14,3.7782877072439156e-05,0.002426277150478384,1.3005965620097784,2.975832045209058
2025-01-15,-0.00043877330569620863,0.028296164021675452,1.3000260201353138,3.0612393275643552
2025-01-16,-0.00024965154750608597,0.009500484560168942,1.2997015071368605,3.0904611755941374
2025-01-17,-5.3516017314506864e-05,0.0033897176798109996,1.2996319541496169,3.1009547415450824
2025-01-20,-0.00012952126563852922,-0.005389016229541355,1.2994636350747362,3.084288593521052
2025-01-21,-0.0001782033979691386,0.005306421237074588,1.2992320868713796,3.100698628788526
2025-01-22,0.00031881017716350326,-0.0007479326898103267,1.2996463613171174,3.098380381977161
2025-01-23,0.00024679117465915785,-0.002914813194289323,1.2999671421505796,3.0893623313102636
2025-01-24,0.0006576318066147081,-0.0001121279409534992,1.3008223230570735,3.0890159468932428
2025-01-27,-4.47200230139078e-05,-0.00726872034832482,1.3007641515535744,3.06664415945676
2025-01-28,0.0001683956021006997,0.010693983450824618,1.3009832129600374,3.0996147807739787
2025-01-29,-0.00012997050841891865,-0.001399856445724268,1.3008141344982493,3.0952788006267933
2025-01-30,5.928026755862596e-09,0.01186531914307487,1.3008141422095103,3.132224021404846
2025-01-31,0.003391600782154942,0.006964382247000245,1.305233474540881,3.1541141639558616
2025-02-03,0.0006463831228631186,-0.011458888547071666,1.3060774281595235,3.1181778098457142
2025-02-04,0.0033684066430370017,-0.0028284731230687754,1.3104842458551518,3.109370589082895
2025-02-05,-0.0002879595696065756,0.005292608308490543,1.3101069337036686,3.1258708960108312
2025-02-06,0.0008337435685467247,0.010072886526485192,1.311199682406554,3.1575165528262694
2025-02-07,0.0018840320711111963,-0.007912691638273017,1.3136723532239882,3.1326306849436745
2025-02-10,-0.007921818027155506,0.008541927146296757,1.3033067911503782,3.1595039995789387
2025-02-11,0.003051821002265624,-0.003178619700110019,1.307290325613318,3.1494770822441347
2025-02-12,0.0034920612616682924,-0.0018755523166671395,1.3118634436741219,3.14357560919693
2025-02-13,0.006945986865420537,0.0017034695796471766,1.3210073498857255,3.148935158236861
2025-02-14,-0.0024559437759298537,-0.0001482034951560962,1.3177670107808628,3.1484685096207223
2025-02-17,-3.3241235828198484e-05,0.0012281088921017869,1.3177232073049356,3.1523375471072708
2025-02-18,0.004526661781250982,-0.002730714340009044,1.3237016154931789,3.1437411562485282
2025-02-19,0.007312189390796358,-0.008357891107269921,1.3334162467290853,3.117575606716632
2025-02-20,-0.0004523176378266806,-0.004598198660865194,1.3328132554242071,3.1032732824009477
2025-02-21,-0.0004461162045660997,5.334452401051237e-05,1.3322187984416074,3.103438829452547
2025-02-24,-0.001725857515237348,-0.006301984565258323,1.3299215615383728,3.0839425031485264
2025-02-25,-0.0010687100399254896,-0.001763852259969667,1.3285010202218317,3.0785076787174663
2025-02-26,0.002842562510592191,0.007192258171437871,1.3322827397578787,3.100728915371678
2025-02-27,0.0009488904724673329,-0.008836854509127079,1.3335475301351363,3.073448937197585
2025-02-28,0.008538490243446387,-0.004334638349289932,1.3449827630481996,3.060155479549805
2025-03-03,-0.002515693488541802,0.002746362529462587,1.341603451107745,3.068571327087621
2025-03-04,0.007044492030876526,-0.021412709819145448,1.3510877326793256,3.003563381685465
2025-03-05,0.0071370422915339425,0.008842731303342788,1.3607649954058767,3.0302408626859814
2025-03-06,-0.0019534373136897475,0.001558842990604603,1.3581094208823243,3.034968216058172
2025-03-07,0.0012836003235871573,-0.0014892701151492105,1.3598538098840702,3.0304516925900575
2025-03-10,0.0028608162693405546,-0.0126938257821827,1.3637496718028264,2.992226790162709
2025-03-11,0.004346414833656211,-0.005296970122369515,1.369689993805871,2.9764189580243188
2025-03-12,0.0005252919182537515,0.005865395606004853,1.3704096698935981,2.9939281316201645
2025-03-13,-0.0018587567682044886,-0.010001341357977367,1.3678647775451211,2.9641340729999497
2025-03-14,-0.0029416119920721105,0.01547246161416993,1.3638469624357215,3.010353163156964
2025-03-17,-0.0035062493925069878,0.001614091134594986,1.3590733484832,3.015216071042095
2025-03-18,0.003121718237184094,0.0034840742612480824,1.3633226216067258,3.025739629531694
2025-03-19,0.0025723038124437626,0.0012232466136765652,1.3668340158340875,3.029443119966648
2025-03-20,0.001484264424538886,-0.0012133341976472423,1.3688642652788245,3.0257696220703476
2025-03-21,0.0030558516398645,-0.009322853362887074,1.3730537092881365,2.997691901176924
2025-03-24,0.005196156401058951,0.0005472921702462941,1.3802068795096187,2.99933296351257
2025-03-25,0.005388728588657831,0.0029470459435554375,1.3876645153206708,3.008185173083371
2025-03-26,-0.00030643953666858494,0.0028985238963841198,1.3872393451973395,3.016917118455053
2025-03-27,-0.001619832544997788,-0.006232203005831494,1.3849940687351707,2.998173546062386
2025-03-28,0.0004223749731745068,-0.0024987240016702827,1.385579179127094,2.990691289801351
2025-03-31,-0.00454352312174317,-0.019802123898370994,1.3792980481271158,2.932051760107031
2025-04-01,0.0002246684697567653,0.005907927279112712,1.379607967722204,2.949425379189931
2025-04-02,-0.0005639433626346761,0.0029917693471386286,1.3788301663043565,2.9582625924914083
2025-04-03,-0.0003290938478913614,-0.022599957442343666,1.3783764764367055,2.8921558028053784
2025-04-04,-0.0011511041530849835,-0.044988523687196746,1.376790734402383,2.7649253955175683
2025-04-07,0.000659382014207194,-0.03322703733995702,1.3776988648195034,2.6745646395721816
2025-04-08,-0.0009554172207413802,0.0323444907182342,1.3763832161958143,2.762486296418089
2025-04-09,0.0022954935932077464,-0.02531052082949259,1.3795463241084198,2.693443766477787
2025-04-10,0.0008113284891938946,0.034435438275044916,1.3806660435120361,2.7878091144226653
2025-04-11,0.00044906421019431925,-0.00013501726606435227,1.3812861904508842,2.7874327374669923
2025-04-14,2.9140353084091406e-05,0.024730925077552257,1.3813264422046563,2.8572280213186465
2025-04-15,0.00019496432859068661,0.01513375957538976,1.381595777841593,2.9007974765165967
2025-04-16,-0.00036304286208481635,-0.00010897522497010925,1.3810942903923884,2.9004813786827297
2025-04-17,-0.000566686628892992,-0.000820483116847015,1.3803118644408836,2.8981025587050566
2025-04-22,0.001085669564988164,-0.0006132155756475299,1.3818112407886594,2.896325941856469
2025-04-23,-0.0007672818801090391,0.012649557922776111,1.3807514087088422,2.933195887243384
2025-04-24,0.00018626033640522724,0.0010926980888452675,1.3810086118833516,2.936402736523545
2025-04-25,-8.182992529152267e-05,0.005384200764304126,1.3808956086753992,2.9522555574699174
2025-04-28,0.0005831627362927637,0.0062833016876009395,1.381701130389384,2.970863869394136
2025-04-29,-0.00010394698547448839,0.003864073669632262,1.3815575141864185,2.9823657139239947
2025-04-30,0.0024669678059804296,0.003773865856352643,1.3849699795864985,2.993642026324947
2025-05-01,0.000738842842809767,0.012514051155759987,1.3859936328563016,3.0313400010143527
2025-05-02,0.00016107958259266092,0.005225953368032776,1.386216906114057,3.0472231085438826
2025-05-06,-0.001906627276539791,0.005518206794546288,1.3835764251560638,3.0640847961581654
2025-05-07,0.0006722160384779845,-0.0007618673490572547,1.384506800090956,3.061751259032975
2025-05-08,0.005573846868959201,0.0058929734569925785,1.3922453757665825,3.079847345444077
2025-05-09,0.00169666186491206,0.002304655736947936,1.3946095504376108,3.0869535187939348
2025-05-12,0.0021072409423598466,0.005980791713696476,1.3975514273139915,3.105471265013195
2025-05-13,0.0033052572082092136,0.006393261668634409,1.4021783365932792,3.1253889570808697
2025-05-14,0.001138468960287183,0.002881262250816974,1.4037755821409994,3.1344070077477673
2025-05-15,-0.003680154554624041,0.0012097221950657655,1.3986189654318488,3.1382010638876765
2025-05-16,-0.001486278885189155,0.006098002507732403,1.3965417716221333,3.15739628862715
2025-05-19,6.769628340600711e-05,-0.0005342362907398979,1.396636315509792,3.155709943439025
2025-05-20,0.0028377294600903137,0.006434107971799108,1.4006052202028632,3.1760795818980108
2025-05-21,-0.0025815206166833592,-0.006978139163040353,1.396994191928443,3.153993605712245
2025-05-22,-0.0004475108338844947,-0.007185763199146322,1.3963691617569989,3.131410988371688
2025-05-23,0.0020937340944798535,-0.004384661862035344,1.3992958502640562,3.1177108671850777
2025-05-27,-0.0011427190436696212,0.011040462759282832,1.3976977615053603,3.1523225508379427
2025-05-28,0.005371430765115662,0.00036288150694296917,1.4052255977879575,3.1534666779742957
2025-05-29,8.432115448723832e-05,0.0024509185048220417,1.4053440930284355,3.1612050469918946
2025-05-30,-0.0013735096963599681,0.0014467560824904524,1.403415164294347,3.1657818495818124
2025-06-02,0.0009672276445600546,4.755450936677619e-05,1.4047732429177644,3.1659324003640874
2025-06-03,0.0002287269837988069,-0.000532702550813724,1.405094589213422,3.1642463492204533
2025-06-04,-0.0015444640671879446,0.004803374316484366,1.4029261460816758,3.1794819707684234
2025-06-05,-3.329571954015405e-05,-0.0023513397885661647,1.402879435423817,3.1720147107767063
2025-06-06,0.0014439821075263755,0.004163267086882527,1.4049066314927723,3.185248183347175
2025-06-09,0.00027505436430454985,0.006059863505095464,1.4052931103421151,3.204608955138251
2025-06-10,-0.0008610479628331695,0.004855247376385208,1.404083606367466,3.220205957372561
2025-06-11,0.0011866540617617976,0.0018216642900181768,1.405750756851829,3.2260774378811066
2025-06-12,-0.00046053864435426366,-0.0019526147393396087,1.405103503358032,3.219784297564409
2025-06-13,0.0005608107519382479,-0.0100282061026018,1.40589172151025,3.1876569958635033
2025-06-16,-0.001525719750432827,0.005214625874010892,1.40374836024386,3.2043228498430354
2025-06-17,0.001976342845532308,-0.002205982915558735,1.4065253915516265,3.1972619593456533
2025-06-18,-0.0003200351130749568,0.002501972805251995,1.40607532606112,3.205271437389138
2025-06-19,0.00010678842540129874,-0.010211553446479726,1.4062254866487494,3.1727071855662548
2025-06-20,-0.00040609266391179516,0.0035289278140524516,1.4056545447303241,3.1839232188453988
2025-06-23,0.0016230087632820936,-0.0013011747893845182,1.4079377867342577,3.179783072332959
2025-06-24,0.002837749602929731,0.009668520940428138,1.4119388359324212,3.210675975237045
2025-06-25,-0.00035862797004167517,-0.0013231555492403402,1.41143256596058,3.2064305607948214
2025-06-26,0.00046805768486553724,0.008262290067282407,1.412093352450781,3.2330327664042002
2025-06-27,-0.0009943578192552864,0.011173854382729331,1.41068992425479,3.2693607877838424
2025-06-30,-0.004832708073906425,-0.0041391133001997815,1.4038889185421648,3.2558565002319897
2025-07-01,-0.0002442706820981658,0.00539082629953036,1.4035460315187709,3.2734556514438022
2025-07-02,0.00047307284631378663,-0.013459840343395868,1.4042101681149428,3.2296906566555954
2025-07-03,-0.0006518590292150669,0.011590862339158292,1.4032951193117555,3.267343348492522
2025-07-04,-0.00029758993168725996,-0.0067175085099933085,1.4028775749446438,3.245468496255335
2025-07-07,-0.0001549014403402133,-0.000872511107900209,1.4026602840174374,3.242638023930848
2025-07-08,6.0638604719463893e-05,0.002003665752258854,1.402745341958827,3.249141700107133
2025-07-09,-0.00023166369109757563,-0.000639580840624987,1.402420414433647,3.2470642757384973
2025-07-10,-0.00019325802357295045,0.005861838740583991,1.4021494116237123,3.2661539385036873
2025-07-11,-0.0003709052269271131,-0.0037590529855862087,1.4016294435134142,3.2538993400624756
2025-07-14,-0.0010571022458149577,0.005145598999360956,1.400148560741031,3.2706857522856234
2025-07-15,-0.0005083702586538301,-0.001580124415568207,1.3994369477518187,3.265521742835948
2025-07-16,0.00041806872391871,-0.004093084803360014,1.4000221308856298,3.252183002335693
2025-07-17,0.00012152271862556972,0.007586222469454285,1.400192275719133,3.27694860601917
2025-07-18,-4.590361423446007e-05,0.006041529578020288,1.4001280033082335,3.296806313009534
2025-07-21,3.0153766819504495e-05,0.005201429907382149,1.4001702230781021,3.3139990947270164
2025-07-22,-0.00012535026491494847,-0.0035588165642881364,1.3999947223694733,3.302226141171269
2025-07-23,0.00016051156710552235,0.003604244266108836,1.4002194557519714,3.314149645509288
2025-07-24,-0.0006795711730651785,0.006425375210678652,1.3992682302232093,3.335512860322358
2025-07-25,0.0008407352477838382,-0.001689520081654905,1.400445139010489,3.329882202256545
2025-07-28,-0.0004142182229628219,-0.007542580349033656,1.3998651692389676,3.3048607798610026
2025-07-29,-0.0006047391877192978,-0.0072557882958630415,1.3990188718339998,3.2809681942879956
2025-07-30,-6.957283489905853e-05,-0.0007574071469242938,1.3989215415108214,3.2784841063805312
2025-07-31,-0.0008219706281169543,0.008514167777212478,1.3977721415438804,3.3065168384659764
2025-08-01,-0.0006807120891753225,-0.012070110673500167,1.3968209849178541,3.2668467073377285
2025-08-04,0.0018053251669103887,0.00735557169466361,1.3993449786247587,3.2909648250396457
2025-08-05,-0.000729312689266662,0.0019286140500511806,1.3983247906384275,3.2973179504336585
2025-08-06,-0.00010116026989696398,0.0011043805524586503,1.3981833428797703,3.300961455791301
2025-08-07,0.003996548066108501,0.0005562292114049683,1.4037824308744007,3.3027980577172023
2025-08-08,0.0007571006752191949,0.0009340110694040504,1.4048456379272793,3.305884348753745
2025-08-11,-0.001319019478446518,-0.0031517747492699755,1.402993840713422,3.295481348507757
2025-08-12,0.0019212394280854136,-0.0021403359516511955,1.4056919187946364,3.288435454279706
2025-08-13,-0.0007440401581239679,0.0004073936869026795,1.4046464165531616,3.2897754150508134
2025-08-14,0.0018691949083713525,-0.002286214957377908,1.4072744298524182,3.2822628722066187
2025-08-15,0.0033697726184175915,-0.0019972504996808027,1.4120246237343563,3.2757139131778548
2025-08-18,0.0026684617698647037,-0.0003953134710830142,1.4157975892291477,3.274419235259233
2025-08-19,-0.00026219874119597477,0.003841014435987944,1.4154264175459639,3.28702051216196
2025-08-20,-0.0024052337476205923,0.002406248666240174,1.4120260771052888,3.294939424500484
2025-08-21,0.002041167777702858,-0.0031164255046984835,1.4149112027461914,3.284686975036771
2025-08-22,-0.0009752096032743929,0.011819180187822909,1.4135320403490024,3.323739612722115
2025-08-26,0.0004972465658158958,-0.009832026096342261,1.4142350890815347,3.291220643751706
2025-08-27,-0.003592245815634457,-0.002574038995163619,1.4091639228915114,3.282759807405908
2025-08-28,3.498874188971688e-05,-0.0027830302114253413,1.4092132286268577,3.2736364888092226
2025-08-29,-0.005707091888695128,-0.006399138476284705,1.4011936253139565,3.2527549188816205
2025-09-01,0.0026861836888799834,0.0012951153311835384,1.4049625485190085,3.256970340785195
2025-09-02,0.004028078895767674,-0.022002580841032682,1.4106332618829813,3.186091208918992
2025-09-03,0.000627135661568069,0.007072221715031191,1.4115181977653235,3.2087038187982073
2025-09-04,-0.0016698680703759513,0.007553572848273404,1.4091631154817292,3.2330327664042002
2025-09-05,0.001452745311347464,0.0046829500115137535,1.4112117583085,3.248208402874858
2025-09-08,-0.001670556737014351,0.00503930793655627,1.4088562170787515,3.264618438142326
2025-09-09,0.0025195692299652458,-0.004057230542425572,1.4124104034818656,3.2513999618411877
2025-09-10,0.0018188783792925606,-0.0029027820041331864,1.4149817439963794,3.2419755416799627
2025-09-11,-0.0026163071999744615,0.007388834387203502,1.4112845556709042,3.26601867803524
2025-09-12,9.914575264926109e-05,-0.003157973629239308,1.4114244854769868,3.2557209457190477
2025-09-15,0.0014040614375377234,0.000979812370401234,1.4134076040534098,3.2589125046853824
2025-09-16,0.004744538008815499,-0.007172242053249178,1.4201295036974486,3.235622416285949
2025-09-17,0.003287785009783331,0.005933459473226321,1.424806268076765,3.2548779201472313
2025-09-18,-0.0008333266166356359,0.004900102401231621,1.4236194336690595,3.270866295606552
2025-09-19,-0.0012204843756802202,-0.006284069176588858,1.4218829882611446,3.25037639294845
2025-09-22,0.0038625623668594533,0.0003241731239480572,1.4273857204633915,3.2514302484243407
2025-09-23,0.004237708128847361,0.004550470554374186,1.4334473992754022,3.2662595004779718
2025-09-24,-0.0006535709327374476,-0.00022589784246562772,1.4325108458070275,3.265521742835948
2025-09-25,0.0011126781205943034,-0.00474600017407667,1.4341056563735446,3.2500602951145794
2025-09-26,-0.0036823904071272714,0.004330985873183479,1.4288344307734828,3.2641667857955157
2025-09-29,-0.0020065625916711994,0.00849642293173325,1.4259702595853814,3.2920186805155423
2025-09-30,-0.0049905170739659764,0.006795489936463284,1.4188716582362735,3.314465743343158
2025-10-01,0.00033384898751469266,0.0015476856886706969,1.419345426181863,3.3195994662096773
2025-10-02,1.749012652949982e-05,-0.0001087800758501345,1.4193702509300494,3.319238379567823
2025-10-03,-0.00015932787670804794,0.0067939764774482825,1.4191441236963707,3.341865985716368
2025-10-06,0.0003206533303384805,-0.0044201589086227955,1.4195992499508392,3.3271270053231934
2025-10-07,5.524693683843903e-05,-0.004394244925830293,1.4196776806274445,3.3125388697567946
2025-10-08,0.00022441145252766854,0.0017709325914694318,1.4199963083083884,3.3184103502653404
2025-10-09,-0.0001276880838999236,0.0004989272989615046,1.4198150032761279,3.3200664088703142
2025-10-10,2.5350769046126253e-05,-0.011447042356413917,1.4198509971345983,3.2822781625204462
2025-10-13,-0.0001938540890012416,0.011968382147703238,1.4195757798898871,3.321797742866419
2025-10-14,0.00010706830634155649,-0.00163753792900323,1.419727779601394,3.3163626243908606
2025-10-15,0.0003653638493378657,-0.00032687172260814634,1.4202465915797606,3.3152787763763167
2025-10-16,0.00031785613353921646,-0.001345057918900494,1.420698097423182,3.3108225320300084
2025-10-17,-0.00022945174711338161,-0.009521636538936562,1.420372153158278,3.279447690195959
2025-10-20,0.00031233105765564144,0.0039173961646312705,1.4208158487814933,3.292319782080082
2025-10-21,0.0002274264443065569,0.001818350884766673,1.42113901662506,3.2983118208322395
2025-10-22,-0.00033509117328248193,0.014568170113179235,1.4206628852627452,3.3467138973321697
2025-10-23,-0.00018414321908248222,0.0059025093735805,1.4204013039107772,3.366526321470053
2025-10-24,0.00042172462279475745,0.007467092592628788,1.4210004484430072,3.391758573769672
2025-10-27,0.00023312200247629006,-0.0007770784463136948,1.42133175352882,3.3891239350799434
2025-10-28,0.0001893555732909136,-0.0012179143849539997,1.4216009161007583,3.3849987848368364
2025-10-29,0.00022586117881506434,-0.001593453071214057,1.4219220368224608,3.379609243258251
2025-10-30,0.0004878743212250645,-0.007691554176011195,1.4226159253224375,3.3537145087077445
2025-10-31,-0.005237330179707397,-0.004738239506439257,1.415184692897859,3.3378613937168735
2025-11-03,-0.005096302400966581,-0.0028048685539090457,1.4079908303691595,3.3285122489467827
2025-11-04,-0.000123090222062669,-0.005142373074667361,1.407817531131127,3.3114397314284223
2025-11-05,0.0011782846757965265,0.004486313447271684,1.4094773186134228,3.326329262603859
2025-11-06,4.380597335997249e-05,-0.008609279162905992,1.409539063491681,3.2978148856329508
2025-11-07,3.079000203813501e-05,-0.006025862046570296,1.4095824638704642,3.2780024614950625
2025-11-10,0.0005236653709087373,0.008911481502922314,1.4103208066996464,3.3073448677684616
2025-11-11,0.0009247942229019095,0.0082324587215723,1.4116256665045275,3.3346848310198665
2025-11-12,0.0012648040199317292,-0.0006593448609280017,1.413412225907751,3.3324868484076173
2025-11-13,-0.0018619330083478657,-0.006335767601362008,1.4107829955149418,3.3114397314284223
2025-11-14,-0.00013339187394725274,-0.008029256452767086,1.4105948210781867,3.2849577900181566
2025-11-17,-0.0017702589233416556,-0.006054111176506893,1.408099911978051,3.265130369610946
2025-11-18,-0.0028184451599907495,-0.012205353336346647,1.4041368470603486,3.225520517604507
2025-11-19,-0.004028864889194234,-0.000588349457876447,1.3984911499297035,3.2236233425122998
2025-11-20,0.0013829276037217579,-0.0012991140552465197,1.4004264998604783,3.219438207191884
2025-11-21,0.004523968165302182,-0.0009825067631794582,1.4067763371648063,3.216276640764205
2025-11-24,-0.004349252668478694,0.002253617260057794,1.4006711974477741,3.2235330708518406
2025-11-25,0.00462632124764052,0.009565751030242708,1.407166164687728,3.2545165394608824
2025-11-26,0.0013915974022348887,0.012325753050655308,1.4091257366183916,3.294879145378678
2025-11-27,-6.442909218197892e-05,0.009368602075094046,1.4090349508510647,3.3258926065263754
2025-11-28,0.0010427211046373504,0.003330536988819688,1.4105049475966138,3.336988081561904
2025-12-01,0.0010339851107883386,-0.006540571550690544,1.411964142974264,3.315233493523833
2025-12-02,0.0003129813323300809,-0.0017589479470441205,1.4124061305562574,3.3094072958677687
2025-12-03,0.003824879531542897,0.0008866962055140704,1.4178187585815605,3.31234303612204
2025-12-04,-0.0016999157515800011,0.003153896766015407,1.4154106335257184,3.322806315489837
2025-12-05,-0.003211868300107758,-0.00031720856729222646,1.4108718139275638,3.3217524600139403
2025-12-08,-4.057422975292137e-05,-0.006488518521500453,1.4108145700517545,3.3002689810017536
2025-12-09,-0.001202433222382631,-0.000556744728836378,1.4091191792434918,3.2984320850313606
2025-12-10,-0.00193567546027366,-0.0035710797675498895,1.4063942199968333,3.2866741277449396
2025-12-11,0.0006465585206085745,0.0009660308542454032,1.4073038301895295,3.2898506904419444
2025-12-12,-0.0004643630274662387,0.0011205456828715654,1.406650482029483,3.2935391846075714
2025-12-15,-0.0016629423256995218,0.007858730053238006,1.4043132472873507,3.319524190818542
2025-12-16,-0.0025136704168204262,-0.00037192931716312216,1.4007876995106292,3.3182897920217247
2025-12-17,-0.0046675019550890375,0.005601124862554485,1.3942647549549023,3.336928096484593
2025-12-18,0.002238364053361043,0.0072285044357691675,1.3973891224947623,3.3611364858469743
2025-12-19,-0.0013753484644878351,-0.0005779965331473846,1.3954685465441836,3.3591943219467897
2025-12-22,-0.00041447406798873743,0.001343622744975903,1.3948902808652897,3.3637108454149
2025-12-23,0.001996794104857735,0.00030879551335516453,1.3976783722508794,3.364749704621464
2025-12-24,-0.00018865830290058804,-0.001571714952611103,1.3974147134926587,3.359465430972677
2025-12-29,0.0006753198239022066,0.004159032872232515,1.3983587340729215,3.373466653723821
2025-12-30,-0.0012329524753900945,0.006711795195746717,1.3966356866463354,3.3961848255773255
2025-12-31,-0.0039925716694111015,-0.003908614509224861,1.391070635396854,3.3829363567375266
2026-01-02,0.0003936729503535763,-0.0027273509721315037,1.3916183700851323,3.3737224724358854
2026-01-05,0.0002616283857570205,0.008208421666337173,1.3919825045847711,3.4015293783479192
2026-01-06,2.5558598589215103e-06,0.008725251190250916,1.3919860623015254,3.4313384332374572
2026-01-07,-1.2239657150839824e-05,0.00389293825928938,1.3919690249736298,3.4447224565901977
2026-01-08,0.0002882676254546674,0.0005024785233853635,1.3923703424198,3.4464537905863044
2026-01-09,-6.359443305615535e-06,0.00629232760294407,1.3923614877477024,3.468208378624379
2026-01-12,-0.0002660403742986237,4.323914618353797e-06,1.3919911126458928,3.4682233748937086
2026-01-13,0.00018439814445220552,-0.004563980074458129,1.3922478168913246,3.4524305390246446
2026-01-14,0.00029799449338390783,0.001102687702053018,1.3926627608966278,3.456239591433885
2026-01-15,-7.407764440351177e-05,0.013958620115047893,1.3925595995408742,3.504822211254742
2026-01-16,-0.0004531885055735794,0.0013479051977771661,1.3919286505172574,3.5095495646269277
2026-01-19,-0.0006380543246536464,-0.00859918464477083,1.3910408076982819,3.4794996872946578
2026-01-20,0.0005537599620021825,-0.00668122254770509,1.391811323723869,3.4563298630943473
2026-01-21,0.00013105571119841758,0.004927333830330838,1.3919937404998726,3.473402380612709
2026-01-22,0.00026124138375796486,0.01290222073595615,1.3923574343747003,3.5185073361720143
2026-01-23,0.0002317497016737707,-0.0022875238159443256,1.3926801501879422,3.5104678655898796
2026-01-26,0.0004995723290135637,0.001465601529236693,1.3933760684704277,3.515616584725729
2026-01-27,-3.5931560285407864e-06,0.00223719477787121,1.393371061861802,3.523490508256268
2026-01-28,0.0010261554675146027,-0.000572732370963891,1.394801611052615,3.521473068964947
2026-01-29,0.00012094059713927732,-0.005237981874564923,1.3949703093933798,3.5030758809893006
2026-01-30,-0.007099757896687537,-0.0006448589808609739,1.3851014326958957,3.5008176192552445
2026-02-02,0.005346483744951887,0.007399394025400241,1.392526686803612,3.526817621735545
2026-02-03,0.0014496381560012096,-0.005809493451190306,1.394546810492476,3.5063879981992505
2026-02-04,-0.003309028867897848,0.0018359303230646162,1.3899398413396145,3.5128313952537282
2026-02-05,-0.00045487454234800545,-0.009897395845074541,1.3893077368654096,3.478235001914686
2026-02-06,-0.0010394948984000505,0.004512945030558768,1.3878643089086036,3.493967558661944
2026-02-09,-0.004429639361320618,0.005675872076050581,1.3817301665870187,3.51385525819096
2026-02-10,-0.0018460456635838135,0.005524590539002006,1.3791817825451191,3.5333215919563234
2026-02-11,-0.0021980311100353142,-0.002252315314716924,1.3761536272895907,3.5253723930346488
2026-02-12,-0.002360696102580209,-0.00477297225799056,1.3729087783431582,3.508585980811497
2026-02-13,0.0057972985291571055,0.00523411252676631,1.3808910558512104,3.5269984591009638
2026-02-16,-0.001274231660032729,-0.0022135770311582093,1.3791326013259317,3.519199810961563
2026-02-17,0.0010596312062089491,0.007683642486055575,1.380594747799002,3.5463442346227096
2026-02-18,0.00019226611639499278,0.0055289524548083335,1.3808602149088238,3.566006107978325
2026-02-19,-0.001736491356430053,-0.004777860489143748,1.3784644438011247,3.5490088658511008
2026-02-20,0.004788291692994072,0.007526680414260412,1.385080761434418,3.575821901364558
2026-02-23,-0.001472501363552164,-0.008664230109907578,1.3830427289955973,3.5449739872684556
2026-02-24,0.005643942327671205,-0.0019426766401444695,1.390870611674789,3.538093934136493
2026-02-25,-0.00016575518578279379,0.005766093357209456,1.3906400867640287,3.5585538442559406
2026-02-26,0.0024605052244422217,0.003467347931358944,1.3940659769447885,3.57091400467144
2026-02-27,-0.007232890254959069,0.0016091948227412445,1.384019228040846,3.576664926936374
2026-03-02,-9.437724547177082e-05,-0.01414156509374287,1.383888614282004,3.5264412447798703
2026-03-03,-0.0004921337241025159,-0.031634693646850565,1.3832077235828943,3.4166294453829433
2026-03-04,-0.007215394835897065,0.008883410445010398,1.3732632535002036,3.447115978792697
2026-03-05,0.0013748320092985841,-0.008619060646733345,1.3751525582190194,3.4175327500765644
2026-03-06,0.0013792720614195187,-0.008813947938039135,1.377050576363562,3.3875431518661054
2026-03-09,-0.00480047835987025,-0.01806813836690324,1.3704559162970185,3.326886182880461
2026-03-10,0.006564799386433907,0.017681448850581205,1.3794822801723723,3.3862334776781493
2026-03-11,-0.0012934629603988442,-0.004947239469544229,1.377699124410017,3.3695223408461366
2026-03-12,-0.004800027134236781,-0.009544474812326342,1.3711019771396489,3.3375150092998562
2026-03-13,0.000976799225070534,-0.004412306127198562,1.3724419228108173,3.322821311759163
2026-03-16,0.001816692615893701,-0.002204384739989962,1.3749374940743146,3.3155046025497197
2026-03-17,0.0023180970382005945,0.007423827424474894,1.3781284296272724,3.3402099271113914
2026-03-18,-0.0028104893415124422,-0.004779997408277836,1.3742606520842657,3.324281830773883
2026-03-19,0.006960684053767149,-0.023868741977214114,1.3838598159067321,3.2458748657496637
2026-03-20,-0.0013716341327417248,-0.010162783846423551,1.3819629677365433,3.2130547952147173
2026-03-23,-2.05911324372564e-05,-0.00447540977139127,1.3819345118470217,3.1987071880465496
2026-03-24,0.0023756052152431404,-0.005233230252818188,1.3852213452439994,3.1820113415283644
2026-03-25,0.0031992866295922923,0.015944428316190695,1.3896601621104894,3.233153324647813
2026-03-26,0.0055764176364780085,-0.008388811469677293,1.3974311345034955,3.20614445549961
2026-03-27,-0.004935942827949318,-0.015679060883650564,1.3905504895224414,3.156267157760122
