date,L/S capped,L/S uncapped,Equal-weight price-file universe
2010-01-21,0.00064855115448143614,0.00081068894310179496,-0.015104859760302012
2010-01-22,-0.011947383089768194,-0.014934228862210241,-0.019724467187952097
2010-01-25,-0.0066694926632555832,-0.008068901650722049,0.004008951370979905
2010-01-26,0.00078531508643932008,0.00078531508643932008,-0.0034768726847859959
2010-01-27,0.0067880598419579781,0.0097716886320384066,0.0052668481879018045
2010-01-28,-0.0020767479932133704,0.0033462649548313883,-0.011728332726044998
2010-01-29,-0.0020768380272399574,-0.0020768380272399574,-0.0097646540758711525
2010-02-01,0.0042214524704012758,0.0042214524704012758,0.015637736295255517
2010-02-02,0.0010189984517961076,0.0010189984517961076,0.012677052852607888
2010-02-03,-0.0071735576286052561,-0.0084209266459145844,-0.0063548984608328522
2010-02-04,0.0027634086260320211,0.0069386665811029084,-0.032118905463261613
2010-02-05,0.0020868285570453315,0.0029539153671238466,0.0024574291694140164
2010-02-08,-0.0022800225379898181,-0.0002730486729466252,-0.0071383166592735607
2010-02-09,0.005028352189941832,0.005028352189941832,0.01253968952080515
2010-02-10,-0.00020340727763476979,-0.00020340727763476979,-0.0018047170485589682
2010-02-11,0.01696638120893014,0.019518639816499428,0.01153311555161623
2010-02-12,-0.0012665306773013833,-0.0019489995547398076,0.00079911346595119685
2010-02-16,0.0082456785377909951,0.0082456785377909951,0.017732386591051266
2010-02-17,0.00091420271703723235,0.00091420271703723235,0.0051878448370788217
2010-02-18,0.0032936549000554998,0.0032936549000554998,0.005359098191124431
2010-02-19,-0.001440792781324777,-0.0053587032290859076,0.0045562095127995627
2010-02-22,0.0041397809818147797,0.0082834273906545325,0.00020250772655901441
2010-02-23,-0.0013767548122017366,-1.1962794752507855e-05,-0.012091801816062314
2010-02-24,0.0043934148292951586,0.0025011669416092428,0.0098700580753818337
2010-02-25,-0.00025392811788288623,-0.0013489584467112476,-0.00068331533138408119
2010-02-26,0.0025599333359878256,0.0025599333359878256,0.0010912837043766438
2010-03-01,-0.0035524636167947716,-0.0035524636167947716,0.013916543993602176
2010-03-02,-0.0025373916271193928,-0.0074157349887074703,0.0048638432525825092
2010-03-03,0.0016280544253186296,0.0039325802850590872,-0.00028199027454881237
2010-03-04,-0.00019550342130987276,-0.00024437927663734094,0.0029486525747325883
2010-03-05,0,0,0.015852909367485048
2010-03-08,0,0,0.0017305095780546444
2010-03-09,0,0,0.0018107226316069615
2010-03-10,0.0068847479015903441,0.0068847479015903441,0.0052837821116440585
2010-03-11,-0.0048994325557422478,-0.0048994325557422478,0.0036947633295744374
2010-03-12,-0.0016346977723379567,-0.0020433722154224454,3.0120228616023847e-05
2010-03-15,-0.00034247711698149886,-0.00042809639622687357,-0.0011209279279107112
2010-03-16,-0.0050028004424067744,-0.0062535005530084675,0.0094939589447144007
2010-03-17,0.0034462629703357894,0.0043078287129197368,0.007026372191678708
2010-03-18,0.00029444528222455379,0.00036805660278069197,-0.00098557956120405923
2010-03-19,0,0,-0.0060963140480300932
2010-03-22,0,0,0.0088273409751368579
2010-03-23,0,0,0.0072986886058583247
2010-03-24,0,0,-0.0066407570484266782
2010-03-25,0,0,-0.003716374203792735
2010-03-26,0.0038351939488801673,0.0047939924361002084,9.1639226384895755e-06
2010-03-29,0.0043742195841946167,0.0054677744802432704,0.0072944303858265246
2010-03-30,0.0056240715629361834,0.0070300894536702296,0.0010684706643879468
2010-03-31,-0.0015442735641067796,-0.0019303419551334744,-0.0051936883402878779
2010-04-01,0.0020632824154837694,0.0025791030193547115,0.0072100564393092603
2010-04-05,0.0019409178642357809,0.0024261473302947256,0.011455262766202267
2010-04-06,0,0,0.0028478280014564527
2010-04-07,0,0,-0.0054830159946198847
2010-04-08,0,0,0.0015887534155994683
2010-04-09,0,0,0.0077311485854836609
2010-04-12,0,0,0.0016557850312250099
2010-04-13,0,0,0.0014650521658872635
2010-04-14,0.0016237061091942007,0.0040592652729855017,0.012087332228935639
2010-04-15,0.0058743261078674893,0.014685815269668723,-0.00032539759354682844
2010-04-16,-0.0024730528511822227,-0.0061826321279555563,-0.013515266751986169
2010-04-19,0.0012413502898385351,0.0012413502898385351,0.0011963462713257694
2010-04-20,0.0028481559619584484,0.0028481559619584484,0.011660109476069196
2010-04-21,0.0037071606755484897,0.016194260778747659,0.001065488467137513
2010-04-22,0.0027271481618303902,-0.0011852710772219991,0.0088575570248743234
2010-04-23,0.0017707593232664479,0.0012097577878938295,0.0084669839797645342
2010-04-26,-0.0043062624689778175,-0.0043062624689778175,-0.0033845888446893276
2010-04-27,-0.010694519482201284,-0.010977678945688621,-0.023854364002500413
2010-04-28,0.0016976757858256689,-0.0023035097506295633,0.0050126890427538151
2010-04-29,-0.0099456868566277761,-0.013848077638122843,0.017830590150466029
2010-04-30,0.00079887573425056497,0.002606818551130291,-0.017309672716580769
2010-05-03,-0.0030050251280453171,-0.0030050251280453171,0.015663889126257612
2010-05-04,0.0013071868543918829,0.0042439221825638727,-0.02565913273383973
2010-05-05,0.012778449350207475,0.012778449350207475,-0.0087585151502659071
2010-05-06,0.0058198019010151361,0.0058198019010151361,-0.031608604151764773
2010-05-07,0.0054058584183946188,0.0054058584183946188,-0.019561746211352607
2010-05-10,0.018322137412863877,0.018322137412863877,0.048524920227278723
2010-05-11,0.0029426195218690667,0.0029426195218690667,-0.00040444669547186774
2010-05-12,0.0074353308111851481,0.0074353308111851481,0.018630962202802252
2010-05-13,-0.00085374040752926876,-0.00085374040752926876,-0.010374099497841318
2010-05-14,-0.00023600154946525499,-0.00023600154946525499,-0.020119591697124656
2010-05-17,0.0022702584897186908,0.0028378231121483632,0.0024757006331453772
2010-05-18,0,0,-0.014838021356234169
2010-05-19,0,0,-0.0066441498205927589
2010-05-20,-0.007014889043341555,-0.017537222608353886,-0.040437832190523465
2010-05-21,-0.0017408799832233646,-0.0043521999580584114,0.016528179203669925
2010-05-24,0.0015427774286020492,0.0038569435715051226,-0.012399179334396705
2010-05-25,0.0016012486270883032,0.0040031215677207577,0.00021846869698889212
2010-05-26,-0.00086444067157140933,-0.0021611016789285231,-0.0010419963981214151
2010-05-27,0.0071571372057457339,0.017892843014364335,0.036069433662273317
2010-05-28,-0.0032169934047538099,-0.0080424835118845239,-0.011540545501636639
2010-06-01,0,0,-0.020736361502870358
2010-06-02,0,0,0.026683764450059176
2010-06-03,0.0047761456592488212,0.011940364148122051,0.0063165406352964464
2010-06-04,-0.0033761436364417199,-0.0084403590911042992,-0.038021237361826853
2010-06-07,-0.0021845508563439696,-0.0054613771408599243,-0.016659960304060993
2010-06-08,-0.0013870483258238142,-0.0034676208145595355,0.008543371485179389
2010-06-09,-0.00055157688714917445,-0.001378942217872936,-0.0010404477260086526
2010-06-10,0.0049600785048396386,0.012400196262099095,0.031206498414562377
2010-06-11,0.00048748639825899612,0.0012187159956474902,0.0083990323874948824
2010-06-14,0,0,0.0011444234731712948
2010-06-15,0,0,0.023803212967904625
2010-06-16,0,0,-0.0009879252132190795
2010-06-17,0,0,0.00076697571079419112
2010-06-18,0,0,-0.00030165761628720659
2010-06-21,0,0,-0.0046733780129733929
2010-06-22,0,0,-0.019391985237993178
2010-06-23,0,0,-0.0015498535422446766
2010-06-24,0,0,-0.016740717690919824
2010-06-25,5.1903963639166056e-05,0.00012975990909791513,0.0096732400569834471
2010-06-28,0.0015398855604173535,0.0038497139010433834,-0.0024742036240119258
2010-06-29,-0.0035141191042823428,-0.0087852977607058569,-0.033970801752697719
2010-06-30,-0.0032143135407739056,-0.0080357838519347635,-0.0091776403757911334
2010-07-01,0.00031818705367427926,0.0007954676341856981,-0.0043543439166106469
2010-07-02,-0.0012189775251018721,-0.0030474438127546799,-0.0057450131496317334
2010-07-06,0,0,0.00048926396458643415
2010-07-07,0,0,0.032853193031038556
2010-07-08,0,0,0.0091285672758484628
2010-07-09,0,0,0.0090514652306745973
2010-07-12,0,0,-0.0033465221424747926
2010-07-13,0,0,0.020677814901391266
2010-07-14,0,0,-0.00071929667885481938
2010-07-15,0,0,3.772934691484577e-06
2010-07-16,0,0,-0.029712782000886645
2010-07-19,0,0,0.0063502424502102023
2010-07-20,0,0,0.013092379875431086
2010-07-21,-0.018547321145258876,-0.023184151431573596,-0.01330707100347475
2010-07-22,-0.002590236449251584,-0.010520468600543566,0.025906779342893028
2010-07-23,0.011665392397721861,0.014774200687877312,0.012195629454834489
2010-07-26,0.0038350315150153711,0.0038350315150153711,0.014637528082651043
2010-07-27,-0.0034255465662516305,-0.0034255465662516305,-0.0049846567361681131
2010-07-28,0.003921374210076602,0.017629983481599776,-0.0096493190353239711
2010-07-29,-0.00078793660218830068,-0.00078793660218830068,-0.0045682685262662115
2010-07-30,0.005764609496921546,0.005764609496921546,0.0020984966971883019
2010-08-02,0.0042314004359902662,0.0022969309546835223,0.020583293173438322
2010-08-03,0.00028214988695094258,0.00028214988695094258,-0.0060911303896566222
2010-08-04,-5.7332744685187429e-05,-0.00066708690056659081,0.0092514563429366911
2010-08-05,0.0031294214989599691,0.0029031337966893139,-0.002997797554014657
2010-08-06,0.0011125911103488449,0.0017074729212933537,-0.0023589681435724976
2010-08-09,0.001338587357498065,0.001338587357498065,0.0076366400982155729
2010-08-10,0.0015066387936975457,0.0015066387936975457,-0.0080625700206621818
2010-08-11,-0.0080249160649875969,-0.0080249160649875969,-0.030609878447473544
2010-08-12,-0.0011908018048457231,-0.0011908018048457231,-0.0043781323741877865
2010-08-13,0.0013344152345211209,0.0013344152345211209,-0.0040176698649441681
2010-08-16,0,0,0.00046524957946761033
2010-08-17,0.015611393007675068,0.039028482519187668,0.016541862110135162
2010-08-18,0.0024002597418943949,0.0030003246773679937,0.0021970572856835806
2010-08-19,-0.010417456191860897,-0.013021820239826121,-0.018099765746669771
2010-08-20,-0.00027496073483930245,-0.00034370091854912799,-0.00073380430756630165
2010-08-23,-0.0056565447435012349,-0.0070706809293765438,-0.0056612012100943163
2010-08-24,-0.0060925267807776292,-0.0076156584759720369,-0.015928966640433005
2010-08-25,0.0052018992306353878,0.0065023740382942341,0.0062529222418588838
2010-08-26,-0.0015841281175090539,-0.0039603202937726345,-0.006814817385704555
2010-08-27,0,0,0.019687251684753233
2010-08-30,0,0,-0.017402009873747487
2010-08-31,0,0,0.00016758010086748241
2010-09-01,0,0,0.031924561081621811
2010-09-02,-0.0024723257521540145,-0.0061808143803850357,0.012076468904488968
2010-09-03,0.015864208922666417,0.015864208922666417,0.013819775078806464
2010-09-07,-0.0042829019477431856,-0.0042829019477431856,-0.013532386812598924
2010-09-08,-0.0031145787541238903,-0.0031145787541238903,0.006264598184092543
2010-09-09,0.00092944305410698946,0.00092944305410698946,0.0032597621011311575
2010-09-10,0.0039943463487414248,0.0039943463487414248,0.0037614611981756415
2010-09-13,0,0,0.013662619893457991
2010-09-14,0,0,0.0008796993512448886
2010-09-15,0.00016359133240113622,0.00040897833100284053,0.0032386247502616625
2010-09-16,0.00087025208088866714,0.0021756302022216678,-0.0020008951164582553
2010-09-17,0.0013001772969041259,0.0032504432422603147,0.0022623974096543302
2010-09-20,0.0062429990966576202,0.01560749774164405,0.016599567243313459
2010-09-21,-0.0014094809273315523,-0.0035237023183288807,-0.003858094512204317
2010-09-22,0.0013145009748479987,0.0032862524371199964,-0.0071976898130522229
2010-09-23,0.0017231103632029399,0.0043077759080073497,-0.0098529074816553278
2010-09-24,0,0,0.02487214611725598
2010-09-27,0,0,-0.0048063480736865224
2010-09-28,0.0020062757887974849,0.0050156894719937117,0.0075884890144086959
2010-09-29,0.00044154700457443852,0.0011038675114360963,-0.0011588040417056971
2010-09-30,0.0017610769052399001,0.00440269226309975,-0.0019045936148943485
2010-10-01,-0.0034807016097907041,-0.00435087701223838,0.0038646400841349602
2010-10-04,-0.00077478774671362331,-0.00096848468339202909,-0.0081890063271856713
2010-10-05,0.0033452713793854726,0.0041815892242318409,0.02034790638841551
2010-10-06,0.00065125805715122737,0.000814072571439034,-0.0052811174824435479
2010-10-07,-0.00014487598227854725,-0.00036218995569636814,-1.7092519048550978e-05
2010-10-08,9.5791020239088812e-05,0.00023947755059772202,0.0058435661227898396
2010-10-11,0.0018709122314445104,0.0046772805786112759,0.00075784720795610901
2010-10-12,0,0,0.0033531034091709867
2010-10-13,0,0,0.0076047028299686646
2010-10-14,0,0,-0.0034805223398110242
2010-10-15,0,0,0.0016965224710628797
2010-10-18,0,0,0.0062907832426714111
2010-10-19,0,0,-0.015498020256123138
2010-10-20,0.0084709023509050331,0.0059812590518250417,0.011837516965140451
2010-10-21,0.0022682925280889223,0.00032338490453126534,0.0021864252722898418
2010-10-22,0.0011746438085386639,0.00065377596053133036,0.0047580114441417957
2010-10-25,0.0018242521638869927,0.0018242521638869927,0.0036094492468014701
2010-10-26,0.00066379136836927329,0.00066379136836927329,-0.00069888061554993083
2010-10-27,-0.0019954638593402243,-0.0019954638593402243,-0.001293096415658849
2010-10-28,0.00096225597225314179,0.0034590542390728523,-0.0004491555746513395
2010-10-29,0.0018615928893116946,0.0027682071539716054,0.0023074360757585417
2010-11-01,0.0022874374447360403,0.0045597235429889922,-0.0006905710227861373
2010-11-02,0.0030746699937641104,0.0030746699937641104,0.0098378217617856589
2010-11-03,0.0039171223781168524,0.009270358614292571,0.0026316013059683608
2010-11-04,0.0062510232758996699,0.0065359476149419189,0.019183412998367167
2010-11-05,0.0012935144030460975,0.0015001553412163362,0.0040074088498612851
2010-11-08,-0.00020700538738263055,0.00046050891649532802,-0.0021143354291345592
2010-11-09,-0.0040124750627541133,-0.0040124750627541133,-0.0096710862842209894
2010-11-10,0.0041138901156152043,0.0051423626445190052,0.006499867667187127
2010-11-11,-0.0025804250237249529,-0.0064510625593123816,-0.0022340732696915604
2010-11-12,-0.0021777408099554088,-0.0054443520248885213,-0.012291341391713985
2010-11-15,0.0016141538797575629,0.0040353846993939069,-0.0006613611752129692
2010-11-16,0,0,-0.017117420226459814
2010-11-17,0,0,0.0020847449658784687
2010-11-18,0,0,0.013418721946847524
2010-11-19,0,0,0.0032411215289868582
2010-11-22,0,0,0.0023159810580968831
2010-11-23,0,0,-0.012261461198355502
2010-11-24,0,0,0.016977933403930088
2010-11-26,0,0,-0.006077581459844458
2010-11-29,0,0,-0.0023632652497981967
2010-11-30,0,0,-0.0051410522132996472
2010-12-01,0,0,0.021715320535605043
2010-12-02,0,0,0.014067032293737933
2010-12-03,0,0,0.003848283579419215
2010-12-06,0,0,-0.001404538043516791
2010-12-07,0,0,0.002085564377316375
2010-12-08,0,0,0.0028702193664069372
2010-12-09,-0.012831472358576202,-0.032078680896440503,0.0037915319821984119
2010-12-10,0.015803674143587985,0.019754592679484984,0.0070078486830644198
2010-12-13,0.006695029737661385,0.0083687871720767304,-0.0013907300360003123
2010-12-14,-0.0059252898239587903,-0.0074066122799484879,0.00046682323031314871
2010-12-15,0.0032575959639886687,0.0040719949549858359,-0.0049628306366400633
2010-12-16,0.0056331011685100138,0.0070413764606375162,0.0080279382519214491
2010-12-17,0.022146742025157463,0.022146742025157463,0.0033514053742000117
2010-12-20,-0.0068059872341920576,-0.0085074840427400711,0.0031695301858927515
2010-12-21,3.3398300171061395e-05,4.1747875213826724e-05,0.0072806282297556363
2010-12-22,0.0021085735997449454,0.0026357169996811813,0.0032777511772388748
2010-12-23,-0.0027788484371748415,-0.0034735605464685515,-0.0028333510136816977
2010-12-27,-0.0010224018629688249,-0.0012780023287110309,0.0016965308661737158
2010-12-28,0.00071640064893689907,0.0017910016223422476,-0.00054021316394976511
2010-12-29,0.00051964403849846796,0.0012991100962461699,0.0018957251991577923
2010-12-30,0,0,-0.0011361860806289718
2010-12-31,0,0,-0.0023185189590102405
2011-01-03,0,0,0.011587405175511867
2011-01-04,0,0,-0.0059884045936637398
2011-01-05,0,0,0.0056020177575175122
2011-01-06,0,0,-0.0008878030521454975
2011-01-07,0,0,-0.00072931238688869748
2011-01-10,0,0,0.00054671536873043998
2011-01-11,0,0,0.0041525947680431333
2011-01-12,0,0,0.0083312757811059117
2011-01-13,0,0,-0.00040575081470081508
2011-01-14,0,0,0.0085052954340940397
2011-01-18,0,0,0.0036584452945082643
2011-01-19,0,0,-0.013806764816835728
2011-01-20,0,0,-0.0032827273947206147
2011-01-21,0.025360133899320927,0.063400334748302312,0.00091485928805458427
2011-01-24,0.0027079343691601924,0.00338491796145024,0.0070318108418567088
2011-01-25,-0.00058092307640937872,-0.00072615384551172335,0.0010486970636389629
2011-01-26,0.0052982453755058279,0.0001852718107815403,0.0072581445764691522
2011-01-27,0.0080232890558905971,0.0072821648999486788,0.005569906242624041
2011-01-28,-0.0021012498749869218,0.0049678451306457878,-0.019340056918699489
2011-01-31,0.0052651388419472055,0.0052651388419472055,0.0070944771250257129
2011-02-01,0.0073227190155908013,0.0073227190155908013,0.015004455361510825
2011-02-02,4.1701561323798613e-06,4.1701561323798613e-06,-0.0015678011100307865
2011-02-03,0.0024756028885617458,0.0024756028885617458,0.0034592014294238223
2011-02-04,2.0343313840535948e-05,-0.0032449377094038129,0.004460496488690722
2011-02-07,0.00231540815697755,0.0028081388583584442,0.0056997201946375033
2011-02-08,0.00226057887313591,0.0048745198919026844,0.0053122949212972993
2011-02-09,-0.0046364906762576766,-0.0065643035208125429,-0.0019522508524929371
2011-02-10,0.0043667066853398991,0.0043667066853398991,0.0027219977156584837
2011-02-11,0.015040824691918388,0.015040824691918388,0.0066270868782463714
2011-02-14,-0.0029583310453075947,-0.0029583310453075947,0.0016312277208892034
2011-02-15,0.00052495966401662215,0.00065619958002077761,-0.0033304870486251734
2011-02-16,0.0028313771401903944,0.0070784428504759855,0.007255595167632552
2011-02-17,0,0,0.0036717121243023234
2011-02-18,0.0051216052374368735,0.010987982206475419,0.0032523310072974728
2011-02-22,-0.0048030092798604001,-0.0048030092798604001,-0.02360577405496804
2011-02-23,-0.023999045400840226,-0.029134522976160357,-0.01113207981750388
2011-02-24,-0.0090581558652065731,-0.0090581558652065731,0.001782770936673964
2011-02-25,5.4401182291302207e-05,5.4401182291302207e-05,0.014723503987191943
2011-02-28,0.01041647629199562,0.01041647629199562,0.0037241502788736445
2011-03-01,-0.0044897421193807081,-0.0044897421193807081,-0.016204680259337276
2011-03-02,0.0064486383931868091,0.0064486383931868091,0.0027807302006792787
2011-03-03,0.0080651623208037315,0.0080651623208037315,0.018968971485559431
2011-03-04,-0.002367282611773343,-0.002367282611773343,-0.0056152702571577217
2011-03-07,-0.0047565443875574598,-0.0059456804844468247,-0.0094362571615871586
2011-03-08,0.0046124828532235988,0.011531207133058996,0.011996942177087586
2011-03-09,0.0042235816642923309,0.010558954160730827,-0.0011088837112886384
2011-03-10,-0.0082888797702092894,-0.020722199425523224,-0.018135930093770947
2011-03-11,0,0,0.00750293040046595
2011-03-14,0,0,-0.0074150382091872549
2011-03-15,0,0,-0.0089293125477368819
2011-03-16,0,0,-0.014949106083563214
2011-03-17,0,0,0.0095214682660344531
2011-03-18,-0.00057303549636547049,-0.0014325887409136762,0.006101328974367215
2011-03-21,-0.002959878678231265,-0.0073996966955781618,0.014882723598467037
2011-03-22,-0.0016918828779562301,-0.0042297071948905751,-0.0047725685837764131
2011-03-23,0.014182023241320875,0.017727529051651092,0.0031511486283783445
2011-03-24,0.00092470949735117295,0.0011558868716889659,0.01026728169911151
2011-03-25,-0.00054094772226931376,-0.00054094772226931376,0.0040765038706090575
2011-03-28,-0.00051241165376676723,-0.00051241165376676723,-0.0017875867746871372
2011-03-29,-8.0281653893047591e-05,-8.0281653893047591e-05,0.0079954436264349192
2011-03-30,0.0020544231569846008,0.0020544231569846008,0.0082283716985943924
2011-03-31,-0.00098862492201005426,-0.00098862492201005426,0.00088611856666557392
2011-04-01,0.00019930039941447038,0.00024912549926808802,0.0065728964661416313
2011-04-04,-0.0038396650889893414,-0.0047995813612366767,0.00084254570543243143
2011-04-05,0,0,0.00044813281852918254
2011-04-06,0,0,0.0027522476653031847
2011-04-07,0,0,-0.0034115518363613388
2011-04-08,0,0,-0.0063003133415531825
2011-04-11,0,0,-0.0026564943511735916
2011-04-12,0,0,-0.006063451059676905
2011-04-13,0,0,0.0019216134230701592
2011-04-14,0,0,0.0010608277030707475
2011-04-15,0,0,0.006125561807431578
2011-04-18,0,0,-0.012320275883530664
2011-04-19,0.00082601239018584858,0.0020650309754646212,0.0043394432418234546
2011-04-20,0.019815610441112907,0.019815610441112907,0.015165300515040815
2011-04-21,0.010235553535789796,0.022889090172808008,0.0055792735420654351
2011-04-25,-0.00055230005038425941,-0.00079034399446529374,-0.0013200772673889016
2011-04-26,-0.0022297896265223438,-0.005675708538232121,0.0091222900359667781
2011-04-27,-0.011659161556446234,-0.035257625626660218,0.0080747304561117565
2011-04-28,-0.0040513116092294067,-0.0061556360118950777,0.0041085419364875987
2011-04-29,0.0038648329301356932,0.0038648329301356932,0.0010716161557647809
2011-05-02,-0.0041701583684664485,-0.0048138857891729947,-0.0014790578837205969
2011-05-03,-0.0031020909424414444,-0.0029116255076641127,-0.0054177820769126094
2011-05-04,-0.0035148010907923742,-0.00020792278391407225,-0.0081183194939036182
2011-05-05,-0.0011954005020622506,-0.0013433478422161041,-0.0041228342964977974
2011-05-06,0.004314237921081889,0.004314237921081889,0.0045881136831536391
2011-05-09,0.00080487663703423737,0.00080487663703423737,0.0056884711664945764
2011-05-10,-0.0040890831246781388,-0.005015288670548651,0.0097991246728151987
2011-05-11,0.0091102350574924704,0.025438942854547689,-0.0098807987362935484
2011-05-12,0.012383587658004147,0.011950213357548145,0.0060877902086556518
2011-05-13,-0.0031874949004352133,-0.0027547457411930725,-0.0090531416137652858
2011-05-16,0.0028363042509934227,0.0028363042509934227,-0.0056447124495400125
2011-05-17,0.0014936491621797554,0.0037341229054493885,-0.0025531699652173181
2011-05-18,0.0017296730655834481,0.0043241826639586201,0.010963456468030488
2011-05-19,0,0,0.0025878819308800113
2011-05-20,0,0,-0.0072698855348254229
2011-05-23,0,0,-0.013711017279165266
2011-05-24,0,0,-0.0026928211668528208
2011-05-25,0,0,0.0044184210050315104
2011-05-26,0,0,0.0058913707126428344
2011-05-27,0,0,0.005052821534854624
2011-05-31,0,0,0.010171990649522976
2011-06-01,0,0,-0.024172542370871172
2011-06-02,0,0,-0.00065056069999624565
2011-06-03,0,0,-0.011393928571421869
2011-06-06,0,0,-0.011017457930731042
2011-06-07,0,0,0.0018227105991407387
2011-06-08,0,0,-0.0066144193071370344
2011-06-09,0,0,0.0066247571569612185
2011-06-10,-0.0038198968896946185,-0.009549742224236546,-0.014233542174754959
2011-06-13,-0.00088079647103840315,-0.0022019911775960077,-0.00016744693921688251
2011-06-14,0.0020550974974800963,0.0051377437437002405,0.014923144304660522
2011-06-15,0.00014212090325731454,0.00035530225814328631,-0.017028280883374065
2011-06-16,0.0028791323870116072,0.0071978309675290175,0.00081112072670747873
2011-06-17,0.0030617151261454812,0.0076542878153637028,0.0030943414777208278
2011-06-20,0.0014806148103266637,0.0037015370258166591,0.0064257156219334061
2011-06-21,0,0,0.016282519316985385
2011-06-22,0,0,-0.005361826545234487
2011-06-23,0,0,-0.0013517916229919863
2011-06-24,0.0047766882857406051,0.011941720714351511,-0.009710175381628109
2011-06-27,0.0027009676003971975,0.006752419000992993,0.0076813330400985237
2011-06-28,0.0064368685602832713,0.016092171400708177,0.012950784630154328
2011-06-29,0.00087195890534941256,0.0021798972633735314,0.00812728256182043
2011-06-30,0.0017024999010941235,0.0042562497527353083,0.008287192563786067
2011-07-01,0.0014893723670646787,0.0037234309176616964,0.015993777222653431
2011-07-05,0,0,-0.0018931623040747431
2011-07-06,0,0,0.0020858791178750766
2011-07-07,0,0,0.010793124306049048
2011-07-08,0,0,-0.0074748949912315068
2011-07-11,0,0,-0.020508754784901773
2011-07-12,0,0,-0.0042754486846091136
2011-07-13,0,0,0.0022737503079092447
2011-07-14,0,0,-0.0099628825132718098
2011-07-15,0,0,0.0034124847801797844
2011-07-18,0,0,-0.011980166770472707
2011-07-19,0,0,0.016272231353020205
2011-07-20,0,0,-0.00024736782992220774
2011-07-21,0.0032808512854340501,0.0082021282135851248,0.011244653826170391
2011-07-22,0.0027061705509619284,0.0056419595756275753,0.00085142829816366563
2011-07-25,-0.0019727095780270208,-0.0016461914211762575,-0.0072518282736980869
2011-07-26,0.00094121050886567382,0.0036534494425031301,-0.0053175080927244101
2011-07-27,0.0040118551828311737,0.0040118551828311737,-0.023443551851321326
2011-07-28,-0.0069177486053791336,-0.0069177486053791336,-0.0028952438720273354
2011-07-29,-0.004479233116123138,-0.004479233116123138,-0.0034154416896758199
2011-08-01,-0.0025892415986154315,-0.0025892415986154315,-0.0073234868758495853
2011-08-02,-0.0050574177597521447,-0.0033395484430675886,-0.028272194305758027
2011-08-03,0.0094243123397582222,0.010877690078026298,0.0075085281190007819
2011-08-04,0.00308791751340938,0.0093156666905711543,-0.050723734238952899
2011-08-05,0.015694509244664749,0.017887519414606635,-0.0048449300466088877
2011-08-08,-0.032920945434736781,-0.032920945434736781,-0.073438740695369528
2011-08-09,0.030313239169685719,0.030313239169685719,0.055625487667726667
2011-08-10,-0.011826668236933031,-0.011826668236933031,-0.042374821835250105
2011-08-11,0.010418265075791489,0.013022831344739361,0.050117066912791608
2011-08-12,-0.0012672224937402721,-0.0015840281171753401,0.0067879683814555678
2011-08-15,0.013444041701670486,0.016805052127088105,0.023581036330925207
2011-08-16,0,0,-0.010456079547676238
2011-08-17,0,0,-0.0019487568501464288
2011-08-18,0,0,-0.050415549586101886
2011-08-19,0,0,-0.01547185776458399
2011-08-22,0,0,0.00060800601545838969
2011-08-23,0,0,0.037347543627922898
2011-08-24,0,0,0.015996039368275983
2011-08-25,0,0,-0.01820452992965935
2011-08-26,0,0,0.020011140912315633
2011-08-29,0,0,0.03393665858497702
2011-08-30,0,0,0.0029875119782528962
2011-08-31,0,0,0.0056825594617155766
2011-09-01,0,0,-0.014181208253884209
2011-09-02,0,0,-0.028341220773222646
2011-09-06,0,0,-0.0066294248653960622
2011-09-07,0,0,0.034828313069732275
2011-09-08,0,0,-0.012178017014004486
2011-09-09,0,0,-0.027588073092755783
2011-09-12,0,0,0.0061127215318342084
2011-09-13,0,0,0.013667234859003298
2011-09-14,0,0,0.015401948183030477
2011-09-15,0,0,0.015343308549669086
2011-09-16,0,0,0.0037193321254633421
2011-09-19,0,0,-0.012463404662748227
2011-09-20,0,0,-0.0052874453275971308
2011-09-21,0,0,-0.031689804804185449
2011-09-22,0,0,-0.032316214207156364
2011-09-23,0.010596163339341304,0.026490408348353256,0.0086739318692519597
2011-09-26,0.0015110878524236427,0.0037777196310591066,0.022163633308134017
2011-09-27,0.0028447762809067803,0.0071119407022669501,0.013783897207623966
2011-09-28,-0.0029355503930566414,-0.0036694379913208008,-0.025838981992954323
2011-09-29,0.00032651442100399834,0.00040814302625499788,0.0082625267092952016
2011-09-30,-0.011096880651863962,-0.013871100814829951,-0.027331438417982683
2011-10-03,-0.011972662986505945,-0.01496582873313243,-0.036984238362494704
2011-10-04,0.0027388702160358936,0.0068471755400897338,0.032596975136872403
2011-10-05,0.002625448360019256,0.0065636209000481394,0.019957419144729517
2011-10-06,0.0040404409080955,0.010101102270238749,0.023529580791268687
2011-10-07,-0.00028816782894356411,-0.00072041957235891019,-0.013867716610191807
2011-10-10,0.0043172111277848041,0.010793027819462009,0.035579873678623981
2011-10-11,-0.0018305084745762646,-0.0045762711864406613,-0.00089796862401408809
2011-10-12,-0.0036834302657087429,-0.0092085756642718564,0.01249104464942956
2011-10-13,0.00059250653499853811,0.0014812663374963453,-0.0024877303993959599
2011-10-14,0,0,0.015749139028612618
2011-10-17,-0.0034518707285995376,-0.008629676821498844,-0.023204737119855091
2011-10-18,0,0,0.025222546809476911
2011-10-19,-0.0030935547107272979,-0.007733886776818244,-0.014018677148519789
2011-10-20,0.011231439988092486,0.014039299985115605,0.0063268057378138929
2011-10-21,0.0022553126392369713,-0.0084756638673451085,0.023521611742190963
2011-10-24,0.0011305163470117282,0.0011305163470117282,0.020821751943317503
2011-10-25,-0.036472391005306068,-0.036472391005306068,-0.022400366636818009
2011-10-26,0.00013276510193839085,0.00013276510193839085,0.010268606734373775
2011-10-27,0.0037611367315799537,0.0037611367315799537,0.041224221662017342
2011-10-28,-0.00036297185366061953,-0.00036297185366061953,0.0010499046628001359
2011-10-31,0.0052646233867641385,0.0052646233867641385,-0.023191351983746313
2011-11-01,-0.010066443365718056,-0.0087851401640046158,-0.029834276710161759
2011-11-02,-0.00017784018082654283,-0.0095737959316161171,0.019019519771593576
2011-11-03,-0.0097663018625997917,-0.0097663018625997917,0.021417119926341849
2011-11-04,0.0003623620023799662,0.0003623620023799662,-0.0033116556264368088
2011-11-07,0.00088676109477261328,0.00088676109477261328,0.00277527922597581
2011-11-08,-0.00046365724676876614,-0.0015079884276295794,0.011831137286731075
2011-11-09,-0.0021660013138054377,0.015405338636566752,-0.038740300245584905
2011-11-10,0.0029849249945109336,0.0029849249945109336,0.0083666770058221512
2011-11-11,0.0075299011502233618,0.0075299011502233618,0.021919031490468397
2011-11-14,-0.0070135541905539164,-0.0087669427381923959,-0.010232844780519362
2011-11-15,0,0,0.0066864380013035756
2011-11-16,0,0,-0.016706561953632664
2011-11-17,-0.001133573182570924,-0.0028339329564273097,-0.018095865599790671
2011-11-18,0.0013680416959811481,0.0034201042399528703,7.4321665333383015e-05
2011-11-21,-0.0017357971803991568,-0.0043394929509978919,-0.018523616135205565
2011-11-22,0.00057081369722706838,0.0014270342430676708,-0.0040854890461897381
2011-11-23,-0.0044031833282649705,-0.011007958320662425,-0.023626460255707089
2011-11-25,-0.0012420356007181166,-0.0031050890017952915,-0.0021973940543801433
2011-11-28,0,0,0.032133867730714714
2011-11-29,0,0,0.0012760580050807629
2011-11-30,0,0,0.046515850872719228
2011-12-01,0,0,-0.0019405869458748741
2011-12-02,0,0,0.00059491409312401706
2011-12-05,0,0,0.011836861283499152
2011-12-06,0,0,-0.0012418446934583242
2011-12-07,0,0,0.0015641655708547076
2011-12-08,0,0,-0.024512205425223314
2011-12-09,0,0,0.01913952275589011
2011-12-12,0,0,-0.01451626744060296
2011-12-13,0,0,-0.01313904213902361
2011-12-14,0,0,-0.012480191738066254
2011-12-15,0,0,0.0060674523729863762
2011-12-16,0,0,0.0061759328528402909
2011-12-19,0,0,-0.014078351537546203
2011-12-20,0,0,0.032366540940361399
2011-12-21,0.020647026018961335,0.025808782523701668,0.0023724632045167967
2011-12-22,0.0041947835105130117,0.0052434793881412645,0.0093399795328619299
2011-12-23,0.00093352012415710568,0.001166900155196382,0.0078481903430274481
2011-12-27,0.00013032133734727227,0.00016290167168409031,0.0017880146959039851
2011-12-28,-0.0033177826733963526,-0.0041472283417454403,-0.014998161721009212
2011-12-29,0.0052800884284994083,0.0066001105356242595,0.012354297857341549
2011-12-30,0,0,-0.0043419431022679138
2012-01-03,0,0,0.011988201821550361
2012-01-04,0,0,-0.0019094293366982802
2012-01-05,0,0,0.0065055538149770458
2012-01-06,0,0,-0.00028055905390867586
2012-01-09,0,0,0.003104203297281085
2012-01-10,0,0,0.014291581754304294
2012-01-11,0,0,0.0041588841380217545
2012-01-12,0,0,0.0035877851956985013
2012-01-13,0,0,-0.0052578001100237193
2012-01-17,0,0,0.0036262875775011833
2012-01-18,0,0,0.013913648303319093
2012-01-19,0,0,0.0066128114398496703
2012-01-20,0.0095383563968258322,0.011922945496032289,-0.00030099904956194394
2012-01-23,0.00020501151308989214,0.00025626439136236523,2.8046941722725759e-05
2012-01-24,-0.00035377809714833518,-0.00035377809714833518,0.0030293958317713335
2012-01-25,0.0056922920796524737,0.0053775472452116946,0.0090073776039293132
2012-01-26,-0.0063782513856761886,-0.0072728600972295681,-0.002974736624606416
2012-01-27,-0.0021410794130780563,-0.0021410794130780563,0.0018059103410380344
2012-01-30,-0.00042834948875217313,-0.00042834948875217313,-0.0048576370555260609
2012-01-31,-0.0023876578093985608,-0.0023876578093985608,0.0016030811790373508
2012-02-01,0.0036242523102337594,0.0036242523102337594,0.014837176596677937
2012-02-02,0.015050720230197778,0.039147165545604719,0.0014742954557580101
2012-02-03,-0.013016441769798548,-0.013016441769798548,0.016008903990331148
2012-02-06,-0.0037228940294208868,-0.0037228940294208868,-0.0023567541404040339
2012-02-07,0.00091189251079136046,0.00091189251079136046,0.0017911750059413218
2012-02-08,-0.0033192110671824955,-0.0043350503239127291,0.0026743571212629888
2012-02-09,0.0029403477808532686,0.0051994469302047751,0.0024967315977561799
2012-02-10,0.00058766440668657971,0.00058766440668657971,-0.0082504891320058574
2012-02-13,0.010003076889541532,0.010003076889541532,0.0076264351398788212
2012-02-14,-0.0018474378207271158,-0.0023092972759088948,-0.002334805711854176
2012-02-15,-0.004804037617603174,-0.0060050470220039676,-0.0040991704659009698
2012-02-16,0.0020870844423689365,0.0026088555529611701,0.012819333667848052
2012-02-17,0.0027106624525693509,0.0033785200168028606,0.00078958957739116899
2012-02-21,-0.0036837838034622268,-0.0036837838034622268,-0.0038876928452386233
2012-02-22,0.0024613272037001255,0.0024613272037001255,-0.0038199117590635512
2012-02-23,0.013648440019717635,0.033239376688406652,0.0061574662241111735
2012-02-24,0.0095711443377616435,0.0095711443377616435,0.00046996964992543491
2012-02-27,0.0071768125967110637,0.0071768125967110637,0.0013717593917491496
2012-02-28,-0.0045923489739328836,-0.0045923489739328836,0.00092835972015046662
2012-02-29,0.026790025021137791,0.026790025021137791,-0.0045195548284341436
2012-03-01,0.011945191645182677,0.011945191645182677,0.0066376705665504463
2012-03-02,0.00073701552881256811,0.0016949547587346851,-0.0057529716202523364
2012-03-05,-0.00096174341028758064,-0.00096174341028758064,-0.003830364720593163
2012-03-06,-0.0044995851934012017,-0.0044995851934012017,-0.017925671343173917
2012-03-07,0.0066119483313385463,0.0066119483313385463,0.0087654604761390094
2012-03-08,0.0019581049556881744,0.0019581049556881744,0.011740272625906037
2012-03-09,-0.0010382467127977967,-0.001297808390997246,0.0067623005635440723
2012-03-12,0.0020274449900900215,0.0050686124752250539,-0.00099580209086682671
2012-03-13,0.0075134973005399177,0.018783743251349794,0.018460984279288939
2012-03-14,-0.0006865650068656582,-0.0017164125171641453,-0.0040544235814002913
2012-03-15,0.0028806136714327746,0.0072015341785819365,0.0089251240194289684
2012-03-16,-0.00043211298483634145,-0.0010802824620908535,-2.8421829768618071e-05
2012-03-19,0.0031563194051950298,0.0078907985129875735,0.0026855891591935207
2012-03-20,-0.002132386650836393,-0.0053309666270909828,-0.0046672710705491643
2012-03-21,0,0,0.00048157327367849957
2012-03-22,0,0,-0.0071647252977219507
2012-03-23,0.00066995089183760821,-0.0018281295874478056,0.004002465181123187
2012-03-26,0.003489088762515931,0.003489088762515931,0.015498716257392036
2012-03-27,-0.0018832513525266306,-0.0018832513525266306,-0.0019380159212736767
2012-03-28,-0.0026791898722385668,-0.0026791898722385668,-0.0052267073920271873
2012-03-29,0.00039190045056682521,0.00039190045056682521,-0.0018780163285809898
2012-03-30,0.0091373487431671337,0.022339295247143544,0.0031066193308236872
2012-04-02,0.0051533560595611021,0.0056603216848187072,0.0069138839788395311
2012-04-03,0,0,-0.0031384144643032633
2012-04-04,0,0,-0.011086288828506664
2012-04-05,0,0,-0.0019971267298934448
2012-04-09,-0.00055495103373230941,-0.0013873775843307734,-0.013859164536416245
2012-04-10,-0.0035244694200447404,-0.0088111735501118504,-0.019668608277662768
2012-04-11,0.00037765189381318011,0.00094412973453295024,0.011036193628682448
2012-04-12,0.0026385809312638566,0.006596452328159641,0.015563704387988335
2012-04-13,0.00093007987744830878,0.0023251996936207719,-0.010930528749410322
2012-04-16,-0.00074061972444587902,-0.0018515493111146974,0.00027528710698169042
2012-04-17,0,0,0.014386502457298096
2012-04-18,0.00061525036851652927,0.00076906296064566115,-0.0034090123261465563
2012-04-19,-0.0024251458663586824,-0.0018643390042579061,-0.0040044674533805131
2012-04-20,-0.0017898841882864804,-0.0017898841882864804,0.002473541426438177
2012-04-23,-0.00053845188802731034,-0.00039120711119417726,-0.010595205519965145
2012-04-24,-0.0043109854742677395,-0.0072491845935672514,0.0037266325070518243
2012-04-25,0.00063891351082872401,-0.0047522845331810799,0.013976182736531215
2012-04-26,0.0018633476512712474,0.0016225333212890949,0.008578900128592179
2012-04-27,0.0088869282939099299,0.0088869282939099299,0.0059363585594124375
2012-04-30,-0.0012576188116501185,-0.0012576188116501185,-0.0053270955478707622
2012-05-01,0.011036869291547211,0.011036869291547211,0.0058128215268811118
2012-05-02,0.010500405844252899,0.010500405844252899,-0.00087314932617668433
2012-05-03,0.0045626801969994692,0.0045626801969994692,-0.0097665098415717581
2012-05-04,-0.0031824527247683787,-0.0031824527247683787,-0.015835675818128964
2012-05-07,0.0042019793324283242,0.0042019793324283242,0.0019818861347974809
2012-05-08,-0.014403297576176654,-0.014403297576176654,-0.0029284446542806584
2012-05-09,-0.0027837689453184145,-0.0031284078752347108,-0.0062418337973833447
2012-05-10,-0.0043116043753825897,-0.0065894856875500299,0.0024999594780832275
2012-05-11,-0.0012663821424263825,-0.0012663821424263825,-0.00072181827899414055
2012-05-14,-0.0026868276271646953,-0.0026868276271646953,-0.011936323275889723
2012-05-15,0.00029505451343625477,0.00029505451343625477,-0.0041419376510182541
2012-05-16,-0.00040996623361270562,-0.00040996623361270562,-0.0061437800337940914
2012-05-17,-0.0069736089115984175,-0.008717011139498021,-0.020549454136459023
2012-05-18,0,0,-0.0098669260326245626
2012-05-21,0,0,0.018720295369159791
2012-05-22,0,0,0.0015492653743481514
2012-05-23,0,0,0.0048253455340264975
2012-05-24,0,0,0.002007049755431054
2012-05-25,0,0,-0.00012621665954035854
2012-05-29,0,0,0.01230243628790628
2012-05-30,0,0,-0.017394749062492304
2012-05-31,0,0,-0.0018585715594418516
2012-06-01,0,0,-0.028652442845564202
2012-06-04,0,0,-0.002757084663308886
2012-06-05,0,0,0.010162269043822532
2012-06-06,0,0,0.025063777662816308
2012-06-07,0,0,-0.0031926158124961426
2012-06-08,0,0,0.0095379354859991133
2012-06-11,0,0,-0.015620728047887144
2012-06-12,0,0,0.012089996422934292
2012-06-13,0,0,-0.008839492333848023
2012-06-14,0,0,0.0095419914144349773
2012-06-15,0,0,0.01195666773497811
2012-06-18,0,0,0.0049895805259288261
2012-06-19,0,0,0.011743400882382743
2012-06-20,0,0,-0.0019053494449162408
2012-06-21,0,0,-0.023486499782794785
2012-06-22,0.00071241401899770909,0.0017810350474942727,0.006670246824534572
2012-06-25,-0.0020550711605872075,-0.0025688389507340093,-0.016524621127984414
2012-06-26,0.0015323162664025339,0.001915395333003167,0.0050994352719048505
2012-06-27,0.0007509794421719729,0.0009387243027149661,0.0077234642150660216
2012-06-28,0.0016801196177584688,0.0021001495221980859,-0.0007061449130504134
2012-06-29,0.0062752482324407669,0.0078440602905509582,0.026771077524266738
2012-07-02,-4.9351712807443925e-05,-6.1689641009304852e-05,0.0037670265148541308
2012-07-03,-0.00075573289032599973,-0.0018893322258149992,0.0080989086451120004
2012-07-05,0,0,-0.0025281379002975316
2012-07-06,0,0,-0.011152079620089411
2012-07-09,0,0,-0.0026026959600975253
2012-07-10,0,0,-0.0094726483385944756
2012-07-11,0,0,-0.0013255652775655228
2012-07-12,0,0,-0.0029192191644382311
2012-07-13,0,0,0.016410657783326527
2012-07-16,-0.0054338509378675237,-0.013584627344668809,-0.0042303602449671514
2012-07-17,-0.00056962544053766888,-0.0014240636013441721,0.0059814138063472638
2012-07-18,-0.0003262086220360283,-0.00040776077754503537,0.008246312904924254
2012-07-19,-0.008789041596388247,-0.008197006929469397,0.0021091416480190964
2012-07-20,-0.006659457172785866,-0.006659457172785866,-0.011980585095739318
2012-07-23,0.0020190335890987871,0.0020190335890987871,-0.01000658057345372
2012-07-24,0.0018786515270824517,0.0018786515270824517,-0.0098761656708812491
2012-07-25,-0.00063796431967099549,-0.0010130825031133641,0.00055693114040025065
2012-07-26,-0.00051571850814063924,-0.00051571850814063924,0.015476348816112737
2012-07-27,-0.001220954412466546,-0.001220954412466546,0.021308255864440215
2012-07-30,0.0038039659691038057,0.0038039659691038057,-0.0026441128359309856
2012-07-31,0.0016403273461386932,0.0016403273461386932,-0.0070718319051368958
2012-08-01,-0.0022573857444540975,-0.0022573857444540975,-0.0059881482390804616
2012-08-02,0.010195886459672713,0.010195886459672713,-0.0049020812055015229
2012-08-03,-0.003103482185445536,-0.003103482185445536,0.020131723877413361
2012-08-06,0.0077865390846486521,0.0077865390846486521,0.0034552538807544352
2012-08-07,-0.0035241690540712004,-0.0045902543465291641,0.0089369911336596684
2012-08-08,-0.00025469873616409922,-0.00025469873616409922,0.00045365056730680586
2012-08-09,0.0019987102621325616,0.0019987102621325616,0.0010069177500236593
2012-08-10,0.00065203017668913907,0.00065203017668913907,0.0018855173198500923
2012-08-13,-0.00061397504280980009,-0.00061397504280980009,-0.001974930620232599
2012-08-14,0.00050935647838736822,0.00050935647838736822,-0.00099542172104175606
2012-08-15,0.00086599014855237566,0.00086599014855237566,0.0045389397650836098
2012-08-16,-0.0090069007900451439,-0.011169608555051688,0.008619096003209795
2012-08-17,-0.0022256583657819093,-0.0039463913857206339,0.0030956563583041975
2012-08-20,0.001800986943656646,0.0022512336795708077,-0.0023067683881183277
2012-08-21,-0.0011644089461280594,-0.0014555111826600742,-0.0012573734193470625
2012-08-22,-0.00069874024481411114,-0.0008734253060176389,-0.00018811860860712266
2012-08-23,-2.4566575419382453e-05,-6.1416438548456131e-05,-0.0070026448153282421
2012-08-24,0.0011933802495568636,0.0029834506238921588,0.0044085627844336304
2012-08-27,0.0013258666108407092,0.0033146665271017728,-0.00092500242830960704
2012-08-28,-0.00089426526403355586,-0.0022356631600838894,0.0003607773579784345
2012-08-29,0,0,0.0014321013790282694
2012-08-30,0,0,-0.0074512273441058423
2012-08-31,0,0,0.0053760310207159627
2012-09-04,0,0,0.0010466124114993567
2012-09-05,0,0,-0.0016374207733450457
2012-09-06,0,0,0.021317272087924229
2012-09-07,0,0,0.0041553962206361877
2012-09-10,0,0,-0.005657989547199949
2012-09-11,0,0,0.0031409897151218713
2012-09-12,0,0,0.0032532579466246665
2012-09-13,0,0,0.013584805531785451
2012-09-14,0,0,0.0064486174434887165
2012-09-17,0,0,-0.0063050351930924592
2012-09-18,0,0,-0.0030735174641398815
2012-09-19,0,0,0.0034191891528089565
2012-09-20,0,0,-0.0026196601664944699
2012-09-21,0.0019829666323393446,0.0049574165808483617,0.00089402944270852269
2012-09-24,0.00014439680838393976,0.00036099202095984939,-0.002346113407322509
2012-09-25,-0.0010159986314513425,-0.0025399965786283563,-0.012331853746750112
2012-09-26,0.0010211862506167792,0.0025529656265419476,-0.0050938181787981655
2012-09-27,0.00036296290786839161,0.00090740726967097896,0.009923810095441285
2012-09-28,7.2758049787280402e-05,0.000181895124468201,-0.0030082478619455674
2012-10-01,0.001304715678852908,0.0032617891971322699,0.00089868595139971029
2012-10-02,0,0,0.0018401848188003488
2012-10-03,0,0,0.0038398344891752891
2012-10-04,0,0,0.0078399873265690215
2012-10-05,0,0,0.00053545492181936128
2012-10-08,0,0,-0.0028040376595046567
2012-10-09,0,0,-0.011560474416672564
2012-10-10,0,0,-0.0052465050042841922
2012-10-11,0,0,0.0021718913807180244
2012-10-12,0,0,-0.0042611985803672169
2012-10-15,0,0,0.0084512211151875766
2012-10-16,0,0,0.010668799005695123
2012-10-17,-0.00019886320473625486,-0.00049715801184063713,0.0049184789066046893
2012-10-18,0.0069144266778695231,0.0086430333473369036,-0.0011777270995086248
2012-10-19,6.0725168304539764e-05,6.0725168304539764e-05,-0.01546038817212852
2012-10-22,0.012395750391332953,0.012395750391332953,-0.00074904130464558164
2012-10-23,0.00041491735497663175,0.00041491735497663175,-0.009450288071515326
2012-10-24,0.00089036676071244645,0.00089036676071244645,-0.001144587615343668
2012-10-25,0.015869985607091699,0.015869985607091699,0.0048765771870103751
2012-10-26,0.0023182568183247425,0.0023182568183247425,5.0896768001578947e-05
2012-10-31,-0.0010384272704589228,-0.0010384272704589228,0.0047003300542954179
2012-11-01,-0.00075651442639496319,-0.0054138376976101601,0.015484276166179667
2012-11-02,-0.0031349390695254399,0.0031709846770243497,-0.010354253593141207
2012-11-05,0.0071931276771951998,0.0099366400883003428,0.0044947845502576597
2012-11-06,0.00035241344400447554,-0.00042121194507231761,0.0096860410445747547
2012-11-07,-0.0051305036768116994,-0.0046684943647733136,-0.019491914855430743
2012-11-08,-0.003661354186757284,-0.0033220676193238619,-0.011471835644226235
2012-11-09,0.0025103851303871676,0.0035201477139657888,0.00086190102321758344
2012-11-12,-0.0003965646296373637,0.00015049897855142771,8.297578411319405e-05
2012-11-13,0.0020672595932098269,0.0027728839757218586,-0.002664545288069121
2012-11-14,0.0048869633992777058,0.0073571683981406297,-0.015323926056431056
2012-11-15,-0.0025052533345038433,-0.0031315666681298038,-0.00086590239923508736
2012-11-16,0,0,0.0071113595383117999
2012-11-19,0,0,0.017490874851990558
2012-11-20,0.0037397646490686222,0.0093494116226715551,0.0021280531264966131
2012-11-21,-0.00083935194222135585,-0.0020983798555533895,0.0030982746811903834
2012-11-23,0.0027386903011719088,0.006846725752929772,0.011301428718777614
2012-11-26,0.0011422809707316351,0.0028557024268290876,-0.00098690373314013467
2012-11-27,-0.0025819742489270551,-0.0064549356223176368,-0.0034869138370806217
2012-11-28,0.001264739643118018,0.003161849107795045,0.0070157915453071124
2012-11-29,0,0,0.0061338594557579619
2012-11-30,0,0,0.00055091046498205746
2012-12-03,0,0,-0.0043011915280108705
2012-12-04,0,0,-0.00018049123491446786
2012-12-05,0,0,0.0022691986387024126
2012-12-06,0,0,0.0032565299462517941
2012-12-07,0,0,0.0028382673436581668
2012-12-10,0,0,0.0027096201021806093
2012-12-11,0,0,0.005814920467595899
2012-12-12,0,0,1.340172400779157e-05
2012-12-13,0,0,-0.005032387757997827
2012-12-14,0,0,-0.0026348507512773366
2012-12-17,0,0,0.011718595776678886
2012-12-18,0,0,0.012070304081592821
2012-12-19,0,0,-0.0041181674495815151
2012-12-20,0.0014535140004216186,0.0036337850010540462,0.0055261995015693597
2012-12-21,0.010061739542231531,0.012577174427789412,-0.0082596815623409946
2012-12-24,0.00046500320777380643,0.00058125400971725805,-0.0015976032535765176
2012-12-26,-0.0070310218785199835,-0.0087887773481499787,-0.0066265303274458398
2012-12-27,0.0010855944123148611,0.0013569930153935761,-0.00014204620896889067
2012-12-28,-0.0055378216123251004,-0.0069222770154063751,-0.0091455005909409429
2012-12-31,0.0023920061777210847,0.0059800154443027109,0.016728838812872578
2013-01-02,0,0,0.024380053802746108
2013-01-03,0,0,-0.00034262634999849954
2013-01-04,0,0,0.0069632780723133791
2013-01-07,0,0,-0.002763704504913755
2013-01-08,0,0,-0.0036931072995413415
2013-01-09,0,0,0.0058409646691418033
2013-01-10,0,0,0.0059936479304742362
2013-01-11,0,0,0.00041618119839273486
2013-01-14,0,0,0.001096726972425311
2013-01-15,0,0,0.003495348442934349
2013-01-16,0,0,-0.0018340855876318447
2013-01-17,0,0,0.0086535963427860317
2013-01-18,0,0,0.003680475138852916
2013-01-22,0,0,0.0066204512254927185
2013-01-23,-0.0030661346822721926,-0.0038326683528402405,-0.00036700594588641932
2013-01-24,0.046816679764101032,0.046816679764101032,0.0060468549309048323
2013-01-25,0.014636958414678427,0.014636958414678427,0.0075409308084237398
2013-01-28,-0.0019498563166740141,-0.0019498563166740141,-0.0021226895938917059
2013-01-29,0.001542598546834105,0.00074151933799818538,0.002389210313340434
2013-01-30,0.0057528096608867128,0.0057528096608867128,-0.0038465946727004687
2013-01-31,-0.00087094074843986949,-0.00087094074843986949,-0.00036689657462053753
2013-02-01,0.0022282485263157908,0.0022282485263157908,0.0097240317733972067
2013-02-04,0.00027230310460056779,0.0055656209582178977,-0.010916433574045521
2013-02-05,-0.00020382153661682549,-0.00020382153661682549,0.0088459312032198936
2013-02-06,0.025337286264451246,0.025337286264451246,0.0029404120806444424
2013-02-07,0.002921989003438109,0.002921989003438109,-0.0023985719511906752
2013-02-08,-0.0042377457854915878,-0.0042377457854915878,0.0063323540069894716
2013-02-11,9.7784583988058714e-05,9.7784583988058714e-05,-0.0010929306330603298
2013-02-12,0.0049982193896392167,0.0049982193896392167,0.0033278077261555254
2013-02-13,0.00043309050351462741,-0.00053997197906539515,0.0017131804606824953
2013-02-14,0.00023151929025468565,0.00023151929025468565,0.0018803295128500712
2013-02-15,-0.0011725685381672791,-0.0011725685381672791,0.00033522840887432651
2013-02-19,0.0048032761351978759,0.0048032761351978759,0.0059690334661000079
2013-02-20,-0.0052414382802521533,-0.0052414382802521533,-0.014735494771505745
2013-02-21,0.014760850279038867,0.04360055258883723,-0.0084599360498027049
2013-02-22,0.00040488190678897654,-0.0026065009795190903,0.010901299735101561
2013-02-25,-0.00027449075599436656,0.001958969500111013,-0.018277977987216927
2013-02-26,-0.00052446582571990814,-0.0017193343747419071,0.0061247626724391527
2013-02-27,0.0098523906920405576,0.0098523906920405576,0.014555028883916327
2013-02-28,0.0018962096675426347,0.0026566880682800426,0.00088950657923390604
2013-03-01,-0.00094743670401963151,-0.0065223487828790817,0.002887336598373101
2013-03-04,-0.0044996126632340216,-0.015305804125687494,0.0048082296076047632
2013-03-05,0.0052528404288226527,0.0052528404288226527,0.010815767757967469
2013-03-06,-0.00021167823594202273,-0.00021167823594202273,0.0016797027605209411
2013-03-07,0.0023872537399994009,0.0023872537399994009,0.00038897467193974857
2013-03-08,0.0069663344956752415,0.0069663344956752415,0.0058971682950697719
2013-03-11,-0.00047899722799964466,-0.00059874653499955577,0.0027278551238919353
2013-03-12,-0.00090396225792617197,-0.0022599056448154298,-0.002051769571259133
2013-03-13,0.0032461722012328666,0.0081154305030821661,0.0036743336042212951
2013-03-14,0.0012131588602176892,0.0030328971505442226,0.0051891937634707145
2013-03-15,0.00076175657825428011,0.0019043914456357003,-0.0034689522414518112
2013-03-18,-0.00580706970055298,-0.0072588371256912254,-0.0055336771667497415
2013-03-19,-0.004186276577946191,-0.010465691444865477,-0.0024391448823455684
2013-03-20,0.002589982577426442,0.0064749564435661044,0.009167952667720641
2013-03-21,0.00099079523312883854,0.0012384940414110479,-0.0083436337056402646
2013-03-22,0.0036499944529421848,0.0045624930661777308,0.0056560437969046156
2013-03-25,-0.0026406987047917999,-0.0033008733809897495,-0.0028886303897625813
2013-03-26,0.0030604702163627099,0.0038255877704533869,0.0082822534134483518
2013-03-27,0.00065769728498170647,0.0016442432124542661,0.0009222524891703025
2013-03-28,0.0021319574895139136,0.0053298937237847843,0.0068937335123166266
2013-04-01,0,0,-0.0066810948776028891
2013-04-02,0,0,0.0010724518333505473
2013-04-03,0,0,-0.012753585059029061
2013-04-04,0,0,0.0063999792111974832
2013-04-05,0,0,-0.0040413397017755306
2013-04-08,0,0,0.0081298686194924089
2013-04-09,0,0,0.0037904069455033272
2013-04-10,0,0,0.012380476663550763
2013-04-11,0,0,0.0044470631137452921
2013-04-12,0,0,-0.003205830180347403
2013-04-15,0,0,-0.027315753713760313
2013-04-16,0.0017611610617370044,0.0044029026543425109,0.016348592079997219
2013-04-17,-0.0030389642833525523,-0.0075974107083813802,-0.014644193773529343
2013-04-18,-0.00098335459707084012,-0.0024583864926771004,-0.0077147754617607235
2013-04-19,0.0024615424994242768,0.0024615424994242768,0.011482080058512215
2013-04-22,0.0010356406242460778,0.0010356406242460778,0.0039007301361121049
2013-04-23,0.00036644895274315923,0.00036644895274315923,0.012789151705403547
2013-04-24,0.0065871126790688151,0.0065871126790688151,0.0027853830977376151
2013-04-25,-0.015498037342630177,-0.015498037342630177,0.0072006312862281166
2013-04-26,0.01136748276289402,0.01136748276289402,-0.0042004062162743919
2013-04-29,0.0043467062352594964,0.0043467062352594964,0.0075589674018033143
2013-04-30,0.005164920295700379,0.0057429103182738001,0.0043960241607239386
2013-05-01,0.0060298474095036234,0.0060298474095036234,-0.011086941092155229
2013-05-02,0.00048008628918194793,0.00048008628918194793,0.010606873754674714
2013-05-03,0.00024666026274465709,0.00024666026274465709,0.012319891673497193
2013-05-06,0.0023900397755722497,0.0023900397755722497,0.0026567248416659657
2013-05-07,0.0071055563232161056,0.0071055563232161056,0.0058473678695732841
2013-05-08,0.014040294596588461,0.01680962651781364,0.005482375556643394
2013-05-09,0.0090713139462505789,0.0090713139462505789,-0.0031504948865781622
2013-05-10,0.00080892773102213375,-0.00028383109421991205,0.0063843950306072131
2013-05-13,0.003358898612804413,0.0055496487787703511,-0.00055232130462361782
2013-05-14,0.0076607022369282463,0.0076607022369282463,0.012425772199419543
2013-05-15,-0.00064784995314661397,-0.00064784995314661397,0.0055342792305744393
2013-05-16,-0.0016058232804901042,-0.0040145582012252601,-0.0055381775361703373
2013-05-17,0,0,0.010478356701061706
2013-05-20,0,0,-0.0008835024813321331
2013-05-21,0,0,0.00096562635282948994
2013-05-22,0,0,-0.012752990048809464
2013-05-23,0,0,-0.0015824400153079525
2013-05-24,-0.0040917591913069984,-0.010229397978267496,-0.0015400037339645194
2013-05-28,0.00072021035942846376,0.0018005258985711592,0.0072959928724711824
2013-05-29,-0.0040543469361216337,-0.010135867340304083,-0.0082572028651864832
2013-05-30,-0.00051322387179233433,-0.0012830596794808358,0.0059250917679127347
2013-05-31,-0.0018728622263403329,-0.0046821555658508318,-0.012538938602508395
2013-06-03,-0.0012228977402759967,-0.0030572443506899916,0.001968872225004953
2013-06-04,0,0,-0.0065800757368428007
2013-06-05,0,0,-0.013377795868099352
2013-06-06,0,0,0.010123308695747655
2013-06-07,0,0,0.012411950085050198
2013-06-10,0,0,0.00022422245347849455
2013-06-11,0,0,-0.011081420960673197
2013-06-12,0,0,-0.0083764791734899161
2013-06-13,0,0,0.015868370526828504
2013-06-14,0,0,-0.004745315989425348
2013-06-17,0,0,0.0078704666078230501
2013-06-18,0,0,0.0077107245425992012
2013-06-19,0,0,-0.014634032653285507
2013-06-20,-0.0061553134514507725,-0.015388283628626931,-0.026227319982946667
2013-06-21,0.0053167814699871313,0.013291953674967827,0.0032430974928566348
2013-06-24,-0.0069059592101576644,-0.01726489802539416,-0.01162300165840126
2013-06-25,0.0049183207447743189,0.012295801861935796,0.011225943435770838
2013-06-26,0.0061091689711461512,0.015272922427865376,0.0091410176989895724
2013-06-27,0.0023984319057986261,0.0059960797644965647,0.010705205018145651
2013-06-28,-0.00013865561233605828,-0.00034663903084014569,-0.0031374976953264305
2013-07-01,0,0,0.0071843633158247145
2013-07-02,0,0,-0.0018043969049112434
2013-07-03,0,0,-0.00019817576670296875
2013-07-05,0,0,0.010562974704514191
2013-07-08,0,0,0.0041417375186144616
2013-07-09,0,0,0.0076451402408688274
2013-07-10,0,0,0.0016355959506530601
2013-07-11,0,0,0.015212286014140302
2013-07-12,0,0,0.0035272999939697362
2013-07-15,0,0,0.0019516619601759105
2013-07-16,-0.0019417360725522805,-0.0048543401813807008,-0.0049434367726170509
2013-07-17,-0.0021868702862959167,-0.0027335878578698958,0.0028440326120241018
2013-07-18,0.0059094847689423521,0.0062208791333975555,0.0056151037133016753
2013-07-19,0.022438347467223722,0.022438347467223722,0.0032572585995422156
2013-07-22,0.0011212939345809705,0.0011212939345809705,0.0028202514317819207
2013-07-23,0.0024514581842015786,0.0026848806758106927,-0.0016830285217236825
2013-07-24,0.0033832021231552469,0.0033832021231552469,-0.0068527639745239819
2013-07-25,-0.0031028057710617979,-0.0031028057710617979,0.0050126814619329821
2013-07-26,0.0036186044072049842,0.0036186044072049842,-0.00073889029351802387
2013-07-29,0.0041626705707298994,0.0041626705707298994,-0.0038455807266621067
2013-07-30,-0.0034690201757895944,-0.0034690201757895944,0.0015683680314283323
2013-07-31,-0.0096451948425847547,-0.012322438273422637,0.0014482949150582765
2013-08-01,0.0084026602758652397,0.0081908955699828839,0.015954221360784594
2013-08-02,0.0012475113951578162,0.0012475113951578162,-0.00024985236940552413
2013-08-05,0.0022598445754616978,0.0022598445754616978,-0.00071408665819155048
2013-08-06,-0.0012283100969647798,-0.0012283100969647798,-0.0058265640767809455
2013-08-07,0.01409504833300004,0.018576678200421672,-0.0048964313872174271
2013-08-08,0.017042178278681208,0.017042178278681208,0.0063882075802979945
2013-08-09,-0.0013720484444092831,-0.0013720484444092831,-0.00064202352238665068
2013-08-12,-0.012438208753047728,-0.012974951732874704,-0.0012962496711499821
2013-08-13,-0.0025399461378917687,-0.0025399461378917687,0.0015440590944130678
2013-08-14,-0.013768438600315661,-0.013768438600315661,-0.0049770489879469373
2013-08-15,-0.00033016484251910394,-0.00033016484251910394,-0.015029336611231302
2013-08-16,0.00049552091061677572,0.00049552091061677572,-0.0027556514484182557
2013-08-19,0.00097500334059503764,0.0024375083514875939,-0.0059181374509427358
2013-08-20,-0.0030052473046304987,-0.007513118261576246,0.0082838637443279229
2013-08-21,-0.0022202505654162156,-0.002775313206770269,-0.0045251749822201618
2013-08-22,0.0019415601958932441,0.0024269502448665548,0.010180342620779515
2013-08-23,0.0046225605716337928,0.0046225605716337928,0.0030422832866816383
2013-08-26,-0.0037970644417857583,-0.0047463305522321975,-0.0024626671519350197
2013-08-27,-0.0078490046307492893,-0.0098112557884366125,-0.01756229063434513
2013-08-28,-0.00044920144942457442,-0.00056150181178071801,0.0016856771459829835
2013-08-29,0.00081692163283499932,0.0010211520410437491,0.0042964646665203873
2013-08-30,0.019621063519546268,0.019621063519546268,-0.0059537832371028814
2013-09-03,0.0018318836757986292,0.0022898545947482862,0.0036645620499009147
2013-09-04,-0.0032675442177981795,-0.0040844302722477244,0.008718139415341386
2013-09-05,-0.00069690460625306818,-0.0008711307578163352,0.0018375533589146638
2013-09-06,-0.00053523156575014947,-0.00066903945718768676,0.0010201121963302664
2013-09-09,0.0030124394160553347,0.0037655492700691684,0.012673829024116103
2013-09-10,0,0,0.0093427694169859396
2013-09-11,0,0,0.0031673403440372629
2013-09-12,0,0,-0.0041238274350440278
2013-09-13,0.0021227358249365836,0.0053068395623414588,0.0030120598302640885
2013-09-16,0.0033316467520335905,0.0083291168800839754,0.006957060793973866
2013-09-17,0.0043847223817363281,0.01096180595434082,0.0049240852017527117
2013-09-18,4.9949426205930797e-05,0.00012487356551482698,0.01318060816510238
2013-09-19,0.0021198237225503293,0.0052995593063758228,-0.0014224740973286458
2013-09-20,-0.0011216800494132429,-0.0028042001235331071,-0.0072649677649787468
2013-09-23,-0.0013739813158417881,-0.0034349532896044699,-0.0043701672016696605
2013-09-24,0,0,0.00063580315191974588
2013-09-25,0,0,-0.0012531716204366135
2013-09-26,0,0,0.0039505944973604896
2013-09-27,0,0,-0.004656357003157109
2013-09-30,0,0,-0.0029469495919413956
2013-10-01,0,0,0.0095506948563974601
2013-10-02,0,0,-0.00071102284387832167
2013-10-03,0,0,-0.009414531910219898
2013-10-04,0.0060516028146989868,0.015129007036747466,0.0072899102229697609
2013-10-07,-0.0027737724823556189,-0.0069344312058890467,-0.0082655031982862889
2013-10-08,-0.004155684244954494,-0.010389210612386235,-0.013109921960247789
2013-10-09,-0.00063657975912136957,-0.0015914493978034239,-0.0002864625709232945
2013-10-10,0.004359909332807721,0.010899773332019302,0.022487515115773647
2013-10-11,0.0066935437202214404,0.0167338593005536,0.0072511693259463298
2013-10-14,0.00060101538002093062,0.0015025384500523264,0.0034977016075441155
2013-10-15,0,0,-0.0088423856379817572
2013-10-16,0.0034733904844412413,0.0043417381055515514,0.01342303073485631
2013-10-17,0.0016218945867535696,0.0020273682334419618,0.0099518089376122165
2013-10-18,0.032275395082789878,0.03780791597581553,0.0065876152506958675
2013-10-21,0.0031191982050861001,0.0065283601107736077,0.00021792258120685099
2013-10-22,-0.0010241949100365847,-0.0012548571951730915,0.0053429383789612697
2013-10-23,-0.0021805955203691488,-0.0021805955203691488,-0.0047381687002659564
2013-10-24,-0.0047006442333826738,-0.016592187164305789,0.0036824030110282875
2013-10-25,-0.0033700414528876821,-0.0047926313632989243,0.0046897816386645801
2013-10-28,-0.0002289899492955047,-0.00042863608092334434,-0.00079748017826205056
2013-10-29,0.0024979374597404072,0.0010094090275212689,0.0054346404258073079
2013-10-30,0.0020536674887140262,0.0045189818798775658,-0.0070480388766409963
2013-10-31,-0.0057304390197432716,-0.0057304390197432716,-0.0021174516783202448
2013-11-01,0.0053599287284410903,0.0053599287284410903,0.0027895874036950479
2013-11-04,0.00064945830521623759,0.00064945830521623759,0.005522878602270148
2013-11-05,-0.0016563641703636295,-0.0019251875465451001,-0.0033711653849759987
2013-11-06,0.024713197994672795,0.024713197994672795,0.0017105272294813336
2013-11-07,0.018859410786250547,0.022996664303344124,-0.013346844429393098
2013-11-08,0.0099440818556027714,0.0099440818556027714,0.012159284744998595
2013-11-11,0.0039100788771211925,0.0071217176363855272,0.0016830437335256388
2013-11-12,-0.00037530575463223987,-0.00070826912866110052,-0.0019648817595338975
2013-11-13,0.0033264884568613177,0.0033264884568613177,0.0086856015397961985
2013-11-14,-0.00038970257188017388,-0.00038970257188017388,0.0055019080878428326
2013-11-15,-0.0032659695618782016,-0.008614686800827831,0.0040383222540045774
2013-11-18,0.00021926819240785102,0.00027408524050981375,-0.0055724406085589963
2013-11-19,0,0,-0.0043104045118148252
2013-11-20,0,0,-0.0032894086852035135
2013-11-21,-0.0015854982453482826,-0.0039637456133707061,0.0097897769686913667
2013-11-22,0.0021942621048928411,0.0054856552622321031,0.0043075628016673584
2013-11-25,-0.00021233623160938909,-0.0005308405790234727,-0.0013592519434378182
2013-11-26,-0.0019839111093982397,-0.0049597777734955995,0.0013304238613525527
2013-11-27,0.00026044138533130032,0.00032555173166412543,0.0031749831273920194
2013-11-29,0.0010060698803474599,0.0012575873504343249,-0.0024262970058323628
2013-12-02,0.0034655581947743209,0.008663895486935802,-0.0022366198097342337
2013-12-03,0.00078567342602648977,0.0019641835650662243,-0.0034726422052354846
2013-12-04,-0.00039188097051590098,-0.00097970242628975246,-0.0010740730953511357
2013-12-05,-0.0035291924452678148,-0.0088229811131695368,-0.0029344039598544623
2013-12-06,0,0,0.010857648201789772
2013-12-09,0,0,0.0011690374737083355
2013-12-10,0,0,-0.0024343602992908599
2013-12-11,0,0,-0.013282866329889597
2013-12-12,0,0,-0.0016562680035163407
2013-12-13,0,0,0.0025818536441493591
2013-12-16,0,0,0.0072064355045045655
2013-12-17,0,0,-0.00095123448683674422
2013-12-18,0,0,0.014653169671010402
2013-12-19,0,0,-0.002743793620901951
2013-12-20,0,0,0.0086118960723011607
2013-12-23,0,0,0.0052651583705927135
2013-12-24,0,0,0.0036211316692249095
2013-12-26,0,0,0.0031584577083508957
2013-12-27,0,0,-0.00025381859041931657
2013-12-30,0,0,0.001347221107221972
2013-12-31,0,0,0.0034340360183751145
2014-01-02,0,0,-0.0092546748542884708
2014-01-03,0,0,0.0017148561700865547
2014-01-06,0,0,-0.0034576355814963677
2014-01-07,0,0,0.0075518300303324057
2014-01-08,0,0,0.0019591032300446641
2014-01-09,0,0,0.0020560225492896943
2014-01-10,0,0,0.0054396806639664648
2014-01-13,0,0,-0.013288341761582263
2014-01-14,0,0,0.012506172348587821
2014-01-15,0,0,0.0046563777644772026
2014-01-16,0,0,-0.00080999038530424252
2014-01-17,-0.00089074644912245926,-0.0011134330614030741,-0.0022651282609793964
2014-01-21,0.0015183543789329067,0.0018979429736661335,0.003396437165701417
2014-01-22,0.0032119995774796632,0.0040149994718495785,0.0024635717525650423
2014-01-23,-0.0094155613659268472,-0.0094155613659268472,-0.0078074351668812759
2014-01-24,-0.0028262356441705883,-0.0028262356441705883,-0.023045849091402459
2014-01-27,-0.0050186432770172179,-0.0050186432770172179,-0.0052894764808646836
2014-01-28,0.0052996507078744868,0.0012136601227465127,0.010344534758426451
2014-01-29,-0.0017078962711843866,-0.0017078962711843866,-0.0088126449490613708
2014-01-30,-0.0040722634022248589,-0.014301128418572335,0.013386214947352891
2014-01-31,0.014968107476155963,0.014968107476155963,-0.0046492988516602133
2014-02-03,0.0027853926603405091,0.0027853926603405091,-0.025345394082391975
2014-02-04,0.00059625973255607399,0.00059625973255607399,0.0077245773553745968
2014-02-05,0.019565269737604894,0.019565269737604894,-0.0015653373465868094
2014-02-06,-0.003406327607687346,-0.003406327607687346,0.013164254679994526
2014-02-07,0.0003673891097153879,0.0003673891097153879,0.013614309170050458
2014-02-10,0.0025321078011214383,0.0025321078011214383,0.0019078469547693809
2014-02-11,-0.0001865995731589055,-0.001293045282007396,0.0092997330633865956
2014-02-12,0.0062671736703955958,0.0083627541116447959,0.0019890645333747094
2014-02-13,0.00064532254562912894,0.00064532254562912894,0.0076678545239810296
2014-02-14,0.00061429849371168166,0.00016494758336864363,0.0046733072257268129
2014-02-18,-0.0013762686628927879,-0.0020213986118847731,0.0037514034994443677
2014-02-19,-0.0028256624581920464,0.00098573207140090257,-0.0058943992092516176
2014-02-20,0.0035932397578554262,0.0051222841284750964,0.0077338268296618367
2014-02-21,-2.7392155589891094e-05,-0.00010062150741623381,0.00032576579433819889
2014-02-24,0.0030959508418201827,0.0030959508418201827,0.0058903423341179883
2014-02-25,-0.0016809146935466868,-0.0016809146935466868,-0.00073549898445175082
2014-02-26,0.00091047995428552393,-0.0013327190871809578,0.0022248191516862008
2014-02-27,-0.0023757254539003149,-0.0030969217239037359,0.0041850329450724031
2014-02-28,0.011775926461686468,0.011775926461686468,0.0020348982245441236
2014-03-03,0.0020071540214098337,0.0027126730546012763,-0.0068139028710391038
2014-03-04,0.0055975148201750143,-0.002111392570223275,0.016494102062282447
2014-03-05,0.0030308316725805215,0.0030308316725805215,-0.00048990263385586673
2014-03-06,-0.011119238094559206,-0.011119238094559206,0.0015281929539837959
2014-03-07,-0.004945145005387808,-0.0061814312567347596,2.6763024740169546e-05
2014-03-10,0.0010983864800872658,0.001372983100109082,-0.0026598447444140007
2014-03-11,0,0,-0.0049276078347597679
2014-03-12,0,0,0.001502541752941269
2014-03-13,0,0,-0.01180735560947598
2014-03-14,0,0,-6.9442189181004348e-05
2014-03-17,0,0,0.0082444015223500193
2014-03-18,0,0,0.0075950605254381937
2014-03-19,0,0,-0.0058662055250185202
2014-03-20,0,0,0.0042884261616441422
2014-03-21,0,0,-0.0032117953866110526
2014-03-24,0,0,-0.007052070591562154
2014-03-25,0,0,0.002405249983794992
2014-03-26,-0.00028084436776498745,-0.00070211091941246861,-0.0085133583578901398
2014-03-27,0.0019339854126122046,0.0024174817657652559,-0.0018815876184297101
2014-03-28,0.0017429721596484704,0.002178715199560588,0.0044619797080441689
2014-03-31,0.0013658966499437764,0.0017073708124297204,0.010807380308849935
2014-04-01,-0.00080445065811405323,-0.0010055633226425664,0.0088886060244426149
2014-04-02,0.0005650860661654322,0.00070635758270679028,0.0028857674089317322
2014-04-03,0.00034786469214540542,0.00043483086518175673,-0.0025328023045555104
2014-04-04,-0.0062150433454047698,-0.015537608363511923,-0.013977778620300103
2014-04-07,-0.0091803173224610738,-0.022950793306152684,-0.014223036673663515
2014-04-08,-0.0049228089398345226,-0.012307022349586305,0.0051890914618763946
2014-04-09,0.0031655596329218218,0.0079138990823045541,0.011165463368428257
2014-04-10,-0.0028003595439349605,-0.0070008988598374011,-0.021737380588005013
2014-04-11,0.0032985267347461103,0.0082463168368652751,-0.010938122382383121
2014-04-14,0.0017466154672482581,0.0021832693340603226,0.0071113337302525738
2014-04-15,0.0056018208406441259,0.0056018208406441259,0.0049420022684513558
2014-04-16,0.0006103275632887335,0.0006103275632887335,0.011560588828113786
2014-04-17,-0.0043705967064112394,-0.0043705967064112394,0.0019054549184215654
2014-04-21,5.3981277722053942e-05,-0.0013462271253890934,0.0031899333100126712
2014-04-22,0.0027774844859976529,0.003303788902941876,0.0063413610548466205
2014-04-23,0.0036439634510037158,0.0036439634510037158,-0.0019039106115816187
2014-04-24,0.0114157119124099,0.0114157119124099,0.0016860506866299225
2014-04-25,0.00638373532186794,0.00638373532186794,-0.010515860052657673
2014-04-28,0.0025367515637489775,0.0025367515637489775,-0.0012555828378926215
2014-04-29,0.0040299947164738111,0.0043639589760544051,0.0050335343548103392
2014-04-30,0.010411651658129344,0.010411651658129344,0.0041364926660876836
2014-05-01,-0.0050348252655345845,-0.0050348252655345845,0.0017126371446571547
2014-05-02,-0.00028337086439019941,-0.00028337086439019941,0.00019760470533905204
2014-05-05,-0.0014187512997882008,-0.0014187512997882008,0.0019230056313649412
2014-05-06,0.0022097864539091746,0.0022097864539091746,-0.0088541102827221722
2014-05-07,-0.0017989167764528406,-0.0029882965851617412,0.0055603029588484256
2014-05-08,7.6887275090580561e-05,0.0033189432130024065,-0.002928235360710736
2014-05-09,0.001535483968402349,0.0076353661400691188,0.0025143965235267271
2014-05-12,-0.00015721864664593318,-0.0051439576832215603,0.012787735105613707
2014-05-13,-0.0020834499467543245,-0.0012370977550357886,-0.0020177700251482271
2014-05-14,0.00065546324431903832,0.00065546324431903832,-0.0052816771439952188
2014-05-15,0.0020176725436925657,0.0093227087293739422,-0.0082726191286073315
2014-05-16,-0.0012379535056960583,-0.004210998351739363,0.0036173567751925863
2014-05-19,-0.005556231087126517,-0.0052293211008248011,0.0045138659460085637
2014-05-20,0,0,-0.0079264960074511403
2014-05-21,0,0,0.0066255361245006437
2014-05-22,-0.0042305369202586098,-0.010576342300646524,0.0042603447265126132
2014-05-23,0.017571399482880182,0.021964249353600224,0.0059473739615696084
2014-05-27,0.0038786138629388401,0.00484826732867355,0.0071337379176498565
2014-05-28,-0.0043261033796349714,-0.0054076292245437141,-0.0014816988282131153
2014-05-29,0.0032172060944940743,0.0040215076181175924,0.0048667312578689675
2014-05-30,0.00036796688718043757,0.00045995860897554697,0.00082148010810017321
2014-06-02,0.0021094420660475069,0.0052736051651187665,0.0010061212181704752
2014-06-03,0,0,-1.7990405487754697e-05
2014-06-04,0,0,0.0036789742016011531
2014-06-05,0,0,0.0079427749422692866
2014-06-06,0,0,0.0053147990236565544
2014-06-09,0,0,0.0011872812089227644
2014-06-10,0,0,-0.0014527686053934057
2014-06-11,0,0,-0.0030343744799953623
2014-06-12,0,0,-0.0067251189382939369
2014-06-13,0,0,0.0029904721169421379
2014-06-16,0,0,0.0012263634101229689
2014-06-17,0,0,0.0047969836894612384
2014-06-18,0,0,0.0068841824643547092
2014-06-19,0,0,0.0017541659517711478
2014-06-20,0,0,0.0016662998200617262
2014-06-23,0,0,-0.00042156723896427954
2014-06-24,0,0,-0.0054042633789339991
2014-06-25,-0.0010460492460274029,-0.0026151231150685073,0.0036159213677255104
2014-06-26,-0.00021005900463384465,-0.00052514751158461159,-0.00050144173720400827
2014-06-27,-0.0007051455281769758,-0.00088143191022121981,0.0026923273864820048
2014-06-30,-0.0027824002614260214,-0.0034780003267825266,0.0018431200182561396
2014-07-01,0.00032380627169423812,0.00040475783961779754,0.0075374062332165025
2014-07-02,-0.00025459740051234639,-0.00031824675064043295,-0.0020887067610823409
2014-07-03,0.0028596366592347879,0.0035745458240434846,0.005305875247500493
2014-07-07,-0.0012263528873338815,-0.0030658822183347034,-0.0067360335144623709
2014-07-08,0,0,-0.0077046359971494685
2014-07-09,0,0,0.0033178830165884452
2014-07-10,0,0,-0.0048690384113934775
2014-07-11,0,0,0.0010636697727497953
2014-07-14,0,0,0.003456695685312611
2014-07-15,0,0,-0.0022023382607044934
2014-07-16,-0.00205261620819277,-0.0051315405204819253,0.0015688023981371862
2014-07-17,-0.0040654171831884245,-0.0025861563478741245,-0.010944749604915104
2014-07-18,0.00068389170952426427,0.00068389170952426427,0.011726237086855927
2014-07-21,0.00056550199166158688,0.00056550199166158688,-0.0022788953910017457
2014-07-22,0.0082438911258812288,0.0082438911258812288,0.0062146050080684918
2014-07-23,0.00067817771849367392,0.00067817771849367392,0.00073875085911230954
2014-07-24,-0.01205702924182738,-0.01205702924182738,0.0023392576029743822
2014-07-25,0.0024042446372021121,0.0024042446372021121,-0.0050022330586550548
2014-07-28,0.0033229710949074891,0.0033229710949074891,-0.00024975756925434465
2014-07-29,0.0058715754686590304,0.0058715754686590304,-0.00469807274729259
2014-07-30,0.0088618724419527676,0.0088618724419527676,0.0013382474773525463
2014-07-31,-0.0026063024799121998,-0.0026063024799121998,-0.019682819547124621
2014-08-01,-0.0012628694667005153,-0.0012628694667005153,-0.0019923674362161336
2014-08-04,-0.0014904130351699237,-0.0027489545363984062,0.0066645635057809051
2014-08-05,-0.0036085418223637594,-0.0036085418223637594,-0.0065787575380535108
2014-08-06,-0.00040682812052429424,-0.00082500944052763502,0.00040388504578804516
2014-08-07,-0.0036649217701361925,-0.0043255851183351679,-0.0043417353044975073
2014-08-08,0.014661644935494347,0.016517592039205154,0.011383551841558166
2014-08-11,-0.0032500010931741782,-0.009185019143715686,0.00383439782538146
2014-08-12,0.0076803670363517216,0.019150205608994043,-0.0015141923370146915
2014-08-13,0.0028604662155274161,0.0028604662155274161,0.007665229804878001
2014-08-14,-0.0087305498462897368,-0.024535826725201493,0.0050798686942051174
2014-08-15,0.043966424437866053,0.047182486982286803,0.00026011594897648745
2014-08-18,-0.0094502146498541481,-0.010220877817462184,0.010009893907807578
2014-08-19,0,0,0.0054640996107188575
2014-08-20,0,0,0.0026081960888202065
2014-08-21,0.0024533285998229459,0.0061333214995573648,0.002830960197089229
2014-08-22,0.019132715570379159,0.026963847972105749,-0.0019286081487480079
2014-08-25,0.0017850613285503303,0.0041879021255517013,0.0044708660442099573
2014-08-26,0.0014706300946530954,0.0024132758666681004,0.0012977463178447135
2014-08-27,0.0010161923625278866,0.0010161923625278866,-0.00010599382262835134
2014-08-28,-0.0012561066277947397,-0.0012561066277947397,-0.0013150216275901313
2014-08-29,-0.014687244010827109,-0.018441333902337358,0.0037989878591821835
2014-09-02,0,0,0.0011980869836395909
2014-09-03,0,0,-0.0005912870680753531
2014-09-04,0,0,-0.0010023328633605364
2014-09-05,0,0,0.0050805891575582242
2014-09-08,0,0,-0.001752286704853407
2014-09-09,0,0,-0.0075283856402343875
2014-09-10,0,0,0.002613516527660707
2014-09-11,0,0,0.00238287283636915
2014-09-12,0.035720147722609764,0.089300369306524408,-0.0067359277647950598
2014-09-15,-0.00083558186091043935,-0.0020889546522760982,-0.0035336095201662443
2014-09-16,0.0030416921597762772,0.0076042303994406923,0.0068333511119843737
2014-09-17,0.0040464916056822901,0.010116229014205724,0.0013232312460423551
2014-09-18,-0.0011456307382960774,-0.0014320384228700966,0.0052323112720971442
2014-09-19,0.0025896051619314969,0.0032370064524143705,-0.0024601694399791546
2014-09-22,-0.0030193980176328019,-0.0037742475220410021,-0.010078413453171637
2014-09-23,0.00017740294599115637,0.00044350736497789089,-0.0069434368636235554
2014-09-24,0.0016583116116785314,0.0041457790291963281,0.0076586979182227096
2014-09-25,-0.0026992561105207316,-0.0067481402763018283,-0.01420776642556932
2014-09-26,0.027785434978224059,0.034731793722780069,0.0081875413435407701
2014-09-29,-0.00084910181191797393,-0.0021227545297949346,-0.001133100006003228
2014-09-30,0.00017949304919668841,0.00044873262299172101,-0.0045730823120996309
2014-10-01,-0.0033631267202237415,-0.0084078168005593534,-0.013300721490953408
2014-10-02,0.0036485139746914364,0.0091212849367285909,0.0024401481824104371
2014-10-03,0.0052394771376690578,0.0065493464220863218,0.011160625374819513
2014-10-06,-0.0033626466509111275,-0.0042033083136389093,-0.002541397479808452
2014-10-07,-0.0024051837617278249,-0.0060129594043195622,-0.015971847999799851
2014-10-08,0.0038214679840409271,0.0095536699601023178,0.017562265178869881
2014-10-09,-0.0016116181370418481,-0.0040290453426046202,-0.021010600754023931
2014-10-10,-0.00029500355975831116,-0.00073750889939577791,-0.015380183251999611
2014-10-13,-0.0074551832770976441,-0.0093189790963720542,-0.016831862868208518
2014-10-14,-0.00072826701371089266,-0.0018206675342772316,0.0062677234532926979
2014-10-15,-7.7673603000298185e-05,-7.7673603000298185e-05,-0.0029885551457297615
2014-10-16,0.0099055635063562721,0.012048321198075487,0.0041254147690455087
2014-10-17,0.0049963679902682483,0.0049963679902682483,0.012108176884761273
2014-10-20,-0.0066563188849545016,-0.0066563188849545016,0.010796376541829971
2014-10-21,0.0030079331646828866,0.0019535873243693228,0.0212920919364218
2014-10-22,-0.0022078439632367314,-0.0022078439632367314,-0.0080481234753406149
2014-10-23,0.0024898711465354746,-0.00072824565918565287,0.013217842656538709
2014-10-24,0.0067650943308507142,0.0061951257773915922,0.008080847924231244
2014-10-27,0.0059173106175060093,0.0059173106175060093,-0.00099564294813288094
2014-10-28,-0.0016745606310467134,-0.0034421426836380997,0.013906948313194502
2014-10-29,0.003022146385974935,0.003022146385974935,-0.0024455669819962089
2014-10-30,0.0015718845419099938,0.0013527606445158248,0.0079711828329368448
2014-10-31,0.0096172722777885938,0.0096172722777885938,0.012890877176653586
2014-11-03,-0.0032140893711574579,-0.0042490482428533139,0.0008472483301767387
2014-11-04,0.0066337566028877634,0.0066337566028877634,-0.0026626733024921749
2014-11-05,-0.0044678785896786217,-0.015023553337586771,0.005374646767078075
2014-11-06,0.0063779074655214464,0.0081150612752127014,0.0051961999827775463
2014-11-07,0.0049906056764958094,0.0058911825765065023,0.0010703651346157389
2014-11-10,0.0013546645686347411,0.0011180490907581743,0.004430911517962593
2014-11-11,-0.009225823195888317,-0.022054528037372734,0.0018882058945563036
2014-11-12,-0.0010854018029033648,-0.0010854018029033648,-0.00046916534330204956
2014-11-13,0.0021941370522540376,0.0021941370522540376,-0.00146040603296692
2014-11-14,-0.0025124024184956517,-0.0025124024184956517,-0.00017929325828089653
2014-11-17,0.0043075257662208875,0.010768814415552219,0.00063481569672194397
2014-11-18,0,0,0.0057265563390293999
2014-11-19,0,0,-0.0024444098122822374
2014-11-20,-0.0036136468400841839,-0.0090341171002104592,0.0030272540978092083
2014-11-21,-6.0620509511456408e-05,-0.018242438691329688,0.0060042808203527682
2014-11-24,0.0047237099313863443,0.007968261989497738,0.0046983974930520315
2014-11-25,0.0013353910121189083,0.001539372735356509,-0.00028402847536713072
2014-11-26,-0.0098032549412380467,-0.012559111350089844,0.0033898338726074105
2014-11-28,0.0093768571389426965,0.0089374077486323866,-0.00095995282885267793
2014-12-01,-0.0029854696808415495,-0.0029854696808415495,-0.0094050561935450343
2014-12-02,0,0,0.0068227665234762069
2014-12-03,0,0,0.0065941560944104182
2014-12-04,0,0,-0.00038183544570085596
2014-12-05,0,0,0.0025490245804956446
2014-12-08,0,0,-0.0069030201221633725
2014-12-09,0,0,0.0018492309229666054
2014-12-10,-0.0024562156451692686,-0.0061405391129231712,-0.017396302932526836
2014-12-11,0.0013436502498453962,0.0033591256246134904,0.0054087339793465047
2014-12-12,0.0086073439494274602,0.010759179936784324,-0.014301588474461094
2014-12-15,0.0038420823740051182,0.0048026029675063975,-0.0068353345770717708
2014-12-16,-0.0076975694110889229,-0.0096219617638611532,-0.0061975489138117188
2014-12-17,0.0070995787957190588,0.0070995787957190588,0.02133701630607247
2014-12-18,0.0051888050955027345,0.0051888050955027345,0.021743119073645348
2014-12-19,0.0080357962913168643,0.0080357962913168643,0.0039353050443506855
2014-12-22,0.0043171260577302027,0.0043171260577302027,0.0049047448182430731
2014-12-23,0.00031009884275924604,0.00031009884275924604,0.0026372280884748435
2014-12-24,-0.00022045065561289434,-0.00022045065561289434,0.0011507558941938377
2014-12-26,-0.00019391390630507654,-0.00019391390630507654,0.0027176305729622241
2014-12-29,-0.0015598303217282949,-0.0015598303217282949,0.0014797586028441451
2014-12-30,0,0,-0.0045871737385349467
2014-12-31,0,0,-0.0099509834422387353
2015-01-02,0,0,-7.556482129113884e-05
2015-01-05,0,0,-0.016671282136913889
2015-01-06,0,0,-0.0093004773836781185
2015-01-07,0,0,0.012721690527737394
2015-01-08,0,0,0.018467698069313115
2015-01-09,0,0,-0.0077057905188427905
2015-01-12,0,0,-0.0072993557468626234
2015-01-13,0,0,-0.0018580710237366389
2015-01-14,0,0,-0.0051265165592536879
2015-01-15,0,0,-0.0092558173302736881
2015-01-16,0.001436895441548236,0.00359223860387059,0.013227300675169295
2015-01-20,-0.0019751356028561372,-0.0049378390071403433,-0.00083183847753120837
2015-01-21,0.036838856793233531,0.046048570991541915,0.006550062334771894
2015-01-22,0.0093895573113439209,0.0024790897444092463,0.015548237989162477
2015-01-23,-0.00087383335199205927,0.0023342148087880377,-0.0032013599012332677
2015-01-26,-0.00063865673184714043,-0.0043547628216381896,0.0057214543176254771
2015-01-27,-0.0027626291905762327,0.00087727362826284802,-0.0083666425937119326
2015-01-28,-0.001806043715165045,-0.001806043715165045,-0.012290145881548803
2015-01-29,0.0104674252202588,0.0104674252202588,0.0085326616024806873
2015-01-30,-0.00019161297284036368,-0.00019161297284036368,-0.015155388217917485
2015-02-02,0.0086742607216698624,0.0086742607216698624,0.010852481331029541
2015-02-03,0.0088288642937792428,0.0088288642937792428,0.015335377519303408
2015-02-04,-0.013425214491430058,-0.013425214491430058,-0.0037486773497742358
2015-02-05,0.0058395299239165036,0.0058395299239165036,0.011363586907724229
2015-02-06,0.003951677444301937,0.003951677444301937,-0.0045466116263650248
2015-02-09,0.00099365418947628239,0.00099365418947628239,-0.0041443734763282475
2015-02-10,-0.0032520441838864828,-0.0032520441838864828,0.011770056148990463
2015-02-11,-0.0010585263008454989,-0.0011913536253236787,-6.4604663647362251e-05
2015-02-12,-0.018750513440300882,-0.018750513440300882,0.011202432368168074
2015-02-13,0.0049144736583325559,0.0049144736583325559,0.0033615470657199016
2015-02-17,-0.00022989296587105001,-0.0010283787314971835,0.001268145536801528
2015-02-18,0.0016417214328975204,0.0016417214328975204,0.0025705325488239138
2015-02-19,0.0068123066456395225,0.0068123066456395225,0.00030608679769177896
2015-02-20,0.0011316095694084869,0.0011316095694084869,0.0073142459470401291
2015-02-23,-0.0013715784183240846,-0.0013715784183240846,-0.00080737983449323352
2015-02-24,0.0031505677542692399,0.0028145966778503062,0.001745693891960469
2015-02-25,0.031234946197188414,0.061008168050355263,9.7363569434632771e-05
2015-02-26,-0.011082693012509512,-0.011082693012509512,-0.0018600859772901664
2015-02-27,0.0068532337033654408,0.0068532337033654408,-0.0020480762368887471
2015-03-02,0.0029901900966835841,0.0029901900966835841,0.0069557091489671017
2015-03-03,0.0047312208564903261,0.006198278215279629,-0.0055605430911107381
2015-03-04,-0.0024854825751549942,-0.0024854825751549942,-0.0047026976035185897
2015-03-05,0.0032743242594967131,0.0032743242594967131,0.0035095426328250598
2015-03-06,-0.0068494774518199752,-0.0068494774518199752,-0.014229600617405124
2015-03-09,0.0030398219182847797,0.0030398219182847797,0.0033249911464300879
2015-03-10,0,0,-0.014767221526355867
2015-03-11,0,0,0.0015637264011947988
2015-03-12,0,0,0.014056506300168223
2015-03-13,0,0,-0.0056099501411264272
2015-03-16,0,0,0.013808256663404401
2015-03-17,0,0,-0.0022869605340367369
2015-03-18,0,0,0.012188811051519605
2015-03-19,-0.0044786199196300116,-0.0055982748995375142,-0.002979253678161123
2015-03-20,-0.0054379852117173444,-0.0067974815146466805,0.0094528461770657345
2015-03-23,0.0014703075924281661,0.0018378844905352076,-0.0019745150903456481
2015-03-24,-0.0019808220874123262,-0.0024760276092654077,-0.0054589040396799265
2015-03-25,-0.009243315011547671,-0.011554143764434588,-0.016332007034237005
2015-03-26,-0.0013222945569156598,-0.0016528681961445746,-0.0020672850190927537
2015-03-27,0.0019757383814815958,0.0024696729768519943,0.0048017177542953246
2015-03-30,0,0,0.012450826491348103
2015-03-31,0,0,-0.0060626596461623768
2015-04-01,0,0,-0.0044565019346955587
2015-04-02,0,0,0.003269320315902833
2015-04-06,0,0,0.0064721890039442943
2015-04-07,0,0,-0.0037360090564598687
2015-04-08,0,0,0.0048986664791099361
2015-04-09,0,0,0.0026564335207712249
2015-04-10,0,0,0.0035975913033246417
2015-04-13,0,0,-0.0043143180674907475
2015-04-14,0,0,0.00088834509114676052
2015-04-15,-4.5606635175684087e-05,-4.5606635175684087e-05,0.0045794401580152317
2015-04-16,-0.0020593942893531447,-0.0020593942893531447,-6.277839396004021e-05
2015-04-17,-0.0078517510796967602,-0.0078517510796967602,-0.011283506786308002
2015-04-20,0.0034113478520648955,0.0059433897823376837,0.0083094591042054168
2015-04-21,-0.013639405024337962,-0.013639405024337962,0.00073115728049418546
2015-04-22,0.0036675556291287416,0.0036675556291287416,0.0028209237898098364
2015-04-23,0.00052655130574697472,0.00052655130574697472,0.0026376631975194285
2015-04-24,0.0018751857497629042,0.0018751857497629042,-0.0002536980210506036
2015-04-27,0.0040552109232797782,0.0040552109232797782,-0.005626781568588507
2015-04-28,0.002721549341197475,0.002721549341197475,0.0016801956096058046
2015-04-29,0.0086336407426429035,0.0086336407426429035,-0.0055014831209019245
2015-04-30,-0.0066210079453889121,-0.0066210079453889121,-0.010308896822201931
2015-05-01,0.0052655321976317667,0.0052655321976317667,0.010934688184287529
2015-05-04,0.0069419240807002246,0.0069419240807002246,0.0043181154149482068
2015-05-05,-0.0023785229888267749,-0.0023785229888267749,-0.012761091696870473
2015-05-06,-0.0021700939967900928,-0.0048129732743146048,-0.0023190204971448567
2015-05-07,0.0071716816926485575,0.0083280878452777242,0.0054896568925845079
2015-05-08,0.015167909546432483,0.015167909546432483,0.011416019920215879
2015-05-11,0.0050375518841617901,0.0050375518841617901,-0.0019240393891988186
2015-05-12,-0.00066963806438050577,-0.00066963806438050577,-0.0029426133593811032
2015-05-13,-0.0062057761476083011,-0.0062057761476083011,0.00046067353428747801
2015-05-14,0.006593475413627258,0.0025185339616366478,0.010893968846863047
2015-05-15,-0.010694638075783086,-0.014271347872455903,0.00091467025585391219
2015-05-18,0.00057270333136679721,-0.00011229073201796114,0.0043895667965719786
2015-05-19,-0.0027615456587874788,-0.0069038641469686968,0.00011758761863637628
2015-05-20,-0.0010543859668028508,-0.0013179824585035638,-0.00061322247435326388
2015-05-21,-0.0030359919273374816,-0.0030359919273374816,0.001300294663871725
2015-05-22,-0.0078033121233934445,-0.0080666831973181669,-0.0015873100607124294
2015-05-26,0.0066364762867286379,0.0092475679678038214,-0.0098698699438042794
2015-05-27,0.006676209081181439,0.006676209081181439,0.009131984413997216
2015-05-28,-0.0021228518959033743,-0.0021228518959033743,-0.00086312703723407703
2015-05-29,-0.0051318716501647654,-0.0051318716501647654,-0.0057581669866374604
2015-06-01,-0.00074379744186942043,-0.00074379744186942043,0.0019473390352236985
2015-06-02,0.00086137880777084077,0.0010767235097135508,-0.00095261369499905727
2015-06-03,0.0024748947197926531,0.0061872367994816324,0.0023374061477069966
2015-06-04,-0.00046077051068729171,-0.0011519262767182292,-0.0079889358228893651
2015-06-05,0.00048749198203976721,0.0012187299550994179,0.00063960682506167146
2015-06-08,-0.003314563603788079,-0.008286409009470197,-0.0066575793807721034
2015-06-09,0,0,-0.00043085626550972371
2015-06-10,0,0,0.01155762974745639
2015-06-11,0,0,0.0034076984235287726
2015-06-12,0,0,-0.0055368223237815557
2015-06-15,0,0,-0.0041463587833638228
2015-06-16,0,0,0.0051528963968269096
2015-06-17,0,0,0.0027795464022129538
2015-06-18,0,0,0.010216525034530634
2015-06-19,0,0,-0.0035808099654430561
2015-06-22,0,0,0.0047665905980415705
2015-06-23,0,0,-0.00070165448925113517
2015-06-24,0,0,-0.0078844856485326045
2015-06-25,0,0,-0.0023345465070249631
2015-06-26,0.0075696745971022272,0.009462093246377784,-0.00031011562185395339
2015-06-29,-0.0084058791552698922,-0.010507348944087364,-0.021072877116812938
2015-06-30,0.00085707600531557135,0.0010713450066444641,0.0033063649593655163
2015-07-01,0.0052557452979781873,0.0065696816224727339,0.0071340054221368113
2015-07-02,-0.00068471726929741905,-0.00085589658662177381,-0.0006727229797259481
2015-07-06,-3.4129666181392797e-05,-4.2662082726740991e-05,-0.0040367223717764069
2015-07-07,0,0,0.0061909266527068905
2015-07-08,0,0,-0.016577371309598361
2015-07-09,0,0,0.0032268940140576879
2015-07-10,0,0,0.011327944394897319
2015-07-13,0,0,0.0096857554533227655
2015-07-14,0,0,0.0044574516713732073
2015-07-15,0,0,-0.0032240088532372031
2015-07-16,0.0014149657509054505,0.0035374143772636257,0.0070329492997795919
2015-07-17,0.00019774130161268576,0.00017341327540662532,-0.0029802274458778301
2015-07-20,-0.0049664726482498535,-0.012171063868547938,-2.0605720077532706e-05
2015-07-21,-0.00021233738338841655,-0.00052736552354248868,-0.0042170939282236211
2015-07-22,0.00020433760605860236,0.00020433760605860236,0.0012023088613902877
2015-07-23,0.0033277230013830789,0.0033277230013830789,-0.0048575335222586337
2015-07-24,0.013233716957284708,0.013233716957284708,-0.010361053997959436
2015-07-27,-0.0025431147226422425,-0.0025431147226422425,-0.0071759236829349975
2015-07-28,0.0019851098069221733,0.0019851098069221733,0.012420907586134776
2015-07-29,0.0049825261395964136,0.0049825261395964136,0.0090178049370062841
2015-07-30,-0.007069607176131908,-0.007069607176131908,0.0030744245147877902
2015-07-31,0.0017636955727318355,0.0017636955727318355,0.0013823522094016478
2015-08-03,0.0050802079550629764,0.0050802079550629764,-0.0021942119412066054
2015-08-04,0.0026225595544724289,0.0026225595544724289,-0.00044303898320754189
2015-08-05,0.0023341800661519701,0.0023341800661519701,0.0055917972180495948
2015-08-06,-0.0042937078569337426,-0.0042937078569337426,-0.0073464199341717294
2015-08-07,0.0064911007612310223,0.0064911007612310223,-0.00099621923744568075
2015-08-10,-0.0010299757694638366,-0.0010299757694638366,0.012235587914718507
2015-08-11,0.0080566570379298919,0.0080566570379298919,-0.008821798957349105
2015-08-12,-0.0062986791375144631,-0.019759299662574115,0.0011802603617816034
2015-08-13,0.00036468617039527116,0.0031741882261285084,3.8404486316629125e-05
2015-08-14,0.0010521219669802923,0.00084784604732226609,0.00537439402964627
2015-08-17,-0.0040547881186293825,-0.011086871486152172,0.0064017168296422039
2015-08-18,0.0015086296555632652,0.0018857870694540813,-0.0030062404326410327
2015-08-19,-0.0049755862318403348,-0.012438965579600836,-0.0077723224625095132
2015-08-20,-0.0014422333908248543,-0.0036055834770621353,-0.022480179484408034
2015-08-21,-0.0074802377386804959,-0.018700594346701238,-0.027015443811402869
2015-08-24,-0.0059259978006339425,-0.014814994501584855,-0.040051435054774917
2015-08-25,-0.0016705608644785653,-0.0041764021611964131,-0.012808927614450056
2015-08-26,0.014284683289874468,0.017855854112343084,0.032395510314023344
2015-08-27,-0.00081146332779757934,-0.0010143291597469739,0.024906929881477243
2015-08-28,0.0028309669138092634,0.0070774172845231575,0.0020018390337235088
2015-08-31,-0.0023842499022576737,-0.0059606247556441838,-0.0080739163873724054
2015-09-01,-0.0069157925798749801,-0.017289481449687449,-0.029205313286987052
2015-09-02,0.0047123346671112294,0.011780836667778072,0.016349221258518148
2015-09-03,0.0017038388123011838,0.0042595970307529596,0.0042938823237123952
2015-09-04,0,0,-0.01448998807544824
2015-09-08,0,0,0.026526592231901791
2015-09-09,0,0,-0.012214404616717515
2015-09-10,0,0,0.0030355363838541378
2015-09-11,0,0,0.0053957299276712958
2015-09-14,0,0,-0.004497783158993217
2015-09-15,0,0,0.011958106462415788
2015-09-16,0,0,0.0092918107814963114
2015-09-17,0,0,-0.00087625284278961045
2015-09-18,0,0,-0.015751935787603973
2015-09-21,0,0,0.0035015553643865439
2015-09-22,0,0,-0.014286376821244869
2015-09-23,-0.00064934057181942361,-0.00081167571477427924,-0.0028771646587280905
2015-09-24,-0.0031275625618018225,-0.0039094532022522777,-0.0038620507268406659
2015-09-25,0.0038705636171346928,0.0048382045214183655,-7.0477482868387835e-05
2015-09-28,-0.01136188335858126,-0.014202354198226574,-0.027368361097865761
2015-09-29,0.00012509109243115103,0.00015636386553893877,0.00062191424632076565
2015-09-30,0.00024865765166400423,0.00024865765166400423,0.019540911388244753
2015-10-01,0.0023073724466127392,0.0023073724466127392,0.0012433917880162119
2015-10-02,0.0017992736876857318,0.0044981842192143295,0.015704220639470846
2015-10-05,0.0030298568507157509,0.0075746421267893771,0.019212243515713684
2015-10-06,0.00045929960838666519,0.0011482490209666629,-0.0055726627435440258
2015-10-07,-0.00060617267077749397,-0.0015154316769437348,0.009927473499919872
2015-10-08,0.0050012095798726008,0.012503023949681502,0.0096851935994193457
2015-10-09,0,0,0.00083495388159883748
2015-10-12,0,0,0.00097302659403354576
2015-10-13,0,0,-0.0082019680580068307
2015-10-14,-0.0050692476338163543,-0.012673119084540885,-0.0047610499959796753
2015-10-15,0.0082937502232744986,0.010367187779093123,0.013420692590101457
2015-10-16,0.0049387110037376397,0.006173388754672049,0.0024939922106597015
2015-10-19,-0.0024554320160455004,-0.0030692900200568751,0.0001882113123056299
2015-10-20,0.00051886461964774095,0.00064858077455967611,-1.0028644223591071e-05
2015-10-21,-0.0069315643714558117,-0.0069315643714558117,-0.0066537840091018758
2015-10-22,-0.010982969131791901,-0.010982969131791901,0.015265669212338214
2015-10-23,0.0046764024648285546,0.0046764024648285546,0.0067581420288187798
2015-10-26,0.00054135125824084779,0.00054135125824084779,-0.0024776631614043588
2015-10-27,0.0052041600616298481,0.0052041600616298481,-0.0048683702636913616
2015-10-28,-0.00061028672107068214,-0.00061028672107068214,0.01217308324946891
2015-10-29,-0.0013039159734962416,-0.0013039159734962416,-0.0028397890416042761
2015-10-30,0.00077607569423294987,0.00077607569423294987,-0.00027927116935108588
2015-11-02,-0.0041406078805671905,-0.0041406078805671905,0.012230663803226134
2015-11-03,0.0017454275805363763,0.0017454275805363763,0.00094188802213270636
2015-11-04,0.0047024216054953405,0.0047024216054953405,-0.0021759977450432812
2015-11-05,0.00060940217203311886,0.00060940217203311886,3.1846380781014948e-05
2015-11-06,-0.0026418145820356759,-0.0041155820271521447,-0.0010266290903567015
2015-11-09,-0.00093149321608211415,0.003760609117655099,-0.009701826337967321
2015-11-10,1.3411197087233751e-05,1.3411197087233751e-05,0.0020925465543192587
2015-11-11,-0.0057224869151979926,-0.0057224869151979926,-0.0032031932640837735
2015-11-12,-0.0065737540230297632,-0.0065737540230297632,-0.015347196619909624
2015-11-13,-0.0057678855225404505,-0.0057678855225404505,-0.0088824055421689151
2015-11-16,0.0065059586964810361,0.0065059586964810361,0.01403825513168345
2015-11-17,-0.0012880393095015654,-0.003220098273753913,-0.0018340417364062546
2015-11-18,0.0020294286260271301,0.0050735715650678248,0.015496202520315271
2015-11-19,-5.5995913811668352e-05,-0.00013998978452917088,-0.00041077001097012907
2015-11-20,-0.0010604357550779487,-0.0026510893876948716,0.0037564999288075434
2015-11-23,-0.0018521477761290761,-0.0046303694403226903,0.00026150902323942286
2015-11-24,0.0014090589480983519,0.0017613236851229397,0.0028924770196860966
2015-11-25,0.02398870211606428,0.02398870211606428,0.0014983931612987701
2015-11-27,0.0012035500094823479,0.0012035500094823479,0.0022539317168391707
2015-11-30,0.0025352852926677355,0.0025352852926677355,-0.0032163784452549468
2015-12-01,0.0031806297563513469,0.0031806297563513469,0.0093340892662739493
2015-12-02,-0.0025809651224918406,-0.0025809651224918406,-0.011687122711311455
2015-12-03,-0.0015456224047523115,-0.0015456224047523115,-0.015082055492800036
2015-12-04,0.0032949960933105872,0.0082374902332764677,0.017062112288935786
2015-12-07,0,0,-0.0077774136022623203
2015-12-08,0,0,-0.0064563276265542221
2015-12-09,0,0,-0.0081577940175112697
2015-12-10,0,0,0.0015419228008205761
2015-12-11,0,0,-0.01830042830965406
2015-12-14,0,0,0.00041719146956682696
2015-12-15,0,0,0.011134031900332535
2015-12-16,0,0,0.014517888253895028
2015-12-17,0,0,-0.01447394563482796
2015-12-18,0,0,-0.014562921908337651
2015-12-21,0,0,0.0084446560808159946
2015-12-22,0,0,0.010288929936797444
2015-12-23,0,0,0.013990602304914758
2015-12-24,0,0,-0.00061309760182665552
2015-12-28,0,0,-0.0017434180027405004
2015-12-29,0,0,0.0092390360912397579
2015-12-30,0,0,-0.0073976775088059566
2015-12-31,0,0,-0.0087158808111302884
2016-01-04,0,0,-0.015198611482927244
2016-01-05,0,0,0.0021160425160637272
2016-01-06,0,0,-0.015639804990510195
2016-01-07,0,0,-0.024244350889918959
2016-01-08,0,0,-0.011596315986798453
2016-01-11,0,0,-0.002276540497691288
2016-01-12,0,0,0.0064084449906588138
2016-01-13,0,0,-0.02627481890593019
2016-01-14,0,0,0.014661154235462973
2016-01-15,-0.018203880681225339,-0.045509701703063343,-0.018705112099645035
2016-01-19,-0.002657367133212163,-0.0033217089165152036,-0.0021536675363558275
2016-01-20,-0.0090441182047527359,-0.014930702922152891,-0.010178105953835101
2016-01-21,0.0039628046161754877,0.0019411076571965629,0.0056695109767817961
2016-01-22,0.012748122276984146,0.012748122276984146,0.021864292702987266
2016-01-25,0.0026024233585656338,0.0026024233585656338,-0.017242098699231975
2016-01-26,0.0010866993169600112,-0.00062857608533305783,0.017169315182781825
2016-01-27,-0.010244043468748899,-0.010922141833374789,-0.0094061950405423464
2016-01-28,0.033909014670438019,0.033909014670438019,0.00094163645876135121
2016-01-29,0.0022877019907476428,0.0022877019907476428,0.028214774663236228
2016-02-01,-0.0052956340863610446,-0.0052956340863610446,0.0012834971996024747
2016-02-02,0.0032116201262910476,0.0032116201262910476,-0.02111541596119882
2016-02-03,0.0003856923013947763,0.0003856923013947763,0.0065573430068758577
2016-02-04,0.0068354219907181598,0.0068354219907181598,0.005674872282479395
2016-02-05,-0.0016461922529074427,-0.0016461922529074427,-0.021107755484123254
2016-02-08,0.0033297237369117674,0.0033297237369117674,-0.022408946677389015
2016-02-09,0.0082549300015660951,0.0082549300015660951,-0.00044014789812160004
2016-02-10,-0.0019028818950269227,-0.0063667982227433558,0.0037425991021308854
2016-02-11,0.027912134622126539,0.035913679170570104,-0.01521654944622791
2016-02-12,-0.0048484605161512205,-0.0048484605161512205,0.021953601950017582
2016-02-16,0.0017112837825891158,0.00031553281063038474,0.022564485586317889
2016-02-17,-0.0024905490975791512,-0.0050716778505308178,0.017695698745089677
2016-02-18,0.029900716031311277,0.037719190390510478,-0.0020964043135574999
2016-02-19,-0.0022382700179415537,-0.0022382700179415537,0.00051616070402212976
2016-02-22,0.0079434084904966371,0.0079434084904966371,0.01641451818386579
2016-02-23,0.0024870300364507993,0.0038026247741155149,-0.011014777811153913
2016-02-24,0.010083817259275967,0.010083817259275967,0.0064233769655235229
2016-02-25,0.002888106771662749,0.002888106771662749,0.011653967327877655
2016-02-26,0.00079781017776811938,0.00079781017776811938,0.0017112147492491182
2016-02-29,0.0017115444938798257,0.0017115444938798257,-0.0056869647061127855
2016-03-01,0.0029542210641568495,0.0029542210641568495,0.023084461337576474
2016-03-02,0.0037492786003060336,0.0037492786003060336,0.0066084972349855229
2016-03-03,0.0010753797947570809,0.0010753797947570809,0.006360157098410469
2016-03-04,-0.00060704314265644377,-0.00060704314265644377,0.0037725064658866458
2016-03-07,0.0019980164026076421,0.0019980164026076421,0.0034481578552206021
2016-03-08,-0.0046540048482825117,-0.0058175060603531392,-0.014332699988651013
2016-03-09,0.0029383700411737658,0.0036729625514672071,0.0047927929840214413
2016-03-10,0.0031096626260804783,0.0077741565652011957,0.00043530269711952832
2016-03-11,0.0042771423753768193,0.010692855938442047,0.019983519727090917
2016-03-14,0.0018822670419389453,0.0047056676048473634,-0.0014870788457273659
2016-03-15,-0.0017947773547976054,-0.0044869433869940134,-0.0052421587507741271
2016-03-16,-0.00087022790149762221,-0.0021755697537440555,0.0089537214688546543
2016-03-17,-0.001251888276046076,-0.0031297206901151897,0.0089569349281637036
2016-03-18,-0.00023758058348271051,-0.00059395145870677624,0.0059066066892725956
2016-03-21,0.0013802035956435256,0.0034505089891088137,-0.00039923630705066096
2016-03-22,0,0,0.00057034363846805638
2016-03-23,-0.0090132547864506529,-0.022533136966126632,-0.0091581266263059263
2016-03-24,0.0028788813489615261,0.0071972033724038154,-0.00089675050774943427
2016-03-28,0.0023570357778478937,0.0029462947223098668,0.0018708768235623171
2016-03-29,0.0041609393787193751,0.0052011742233992186,0.012621723477981786
2016-03-30,0.00036904378233368898,0.00046130472791711119,0.0033232560837908095
2016-03-31,0.00022995748501082326,0.00028744685626352906,0.00019311085398767064
2016-04-01,0.0016464321822829754,0.0041160804557074382,0.0055703345392292165
2016-04-04,-0.0014611706485893939,-0.0036529266214734846,-0.0052977482448171229
2016-04-05,0,0,-0.010715427872571013
2016-04-06,0,0,0.010386395132408835
2016-04-07,0,0,-0.011345985702582276
2016-04-08,0,0,0.004145174355847471
2016-04-11,0,0,-0.0023285866881270858
2016-04-12,0,0,0.008474722359998731
2016-04-13,0,0,0.013032061760034939
2016-04-14,0,0,-0.0025582017713425514
2016-04-15,-0.0019806322585172345,-0.0049515806462930856,0.00085572692574489829
2016-04-18,0.0028850034717161858,0.0036062543396452318,0.0062500356680783731
2016-04-19,-0.0013823095636311122,-0.0013823095636311122,0.0033579790101406215
2016-04-20,0.0084910230483777049,0.0084910230483777049,0.00059656386758807608
2016-04-21,0.016083008029570595,0.016083008029570595,-0.0059509123540121521
2016-04-22,0.0081695750721405835,0.0081695750721405835,0.005695387660169941
2016-04-25,0.0030525832745031765,0.0030525832745031765,-0.003104778148148051
2016-04-26,-0.004910359127758457,-0.006873527363372739,0.0063846170515795154
2016-04-27,-0.00095875550787455702,-0.00095875550787455702,0.005181287932242741
2016-04-28,0.0039927210532783508,0.0039927210532783508,-0.011245001584613553
2016-04-29,0.0056267772212277162,0.0056267772212277162,-0.0067543982911298945
2016-05-02,8.976448229285343e-05,8.976448229285343e-05,0.008640987412762903
2016-05-03,0.0036887004436773488,0.0036887004436773488,-0.010581659799567798
2016-05-04,0.0047295068495528938,0.0047295068495528938,-0.0055031701004041433
2016-05-05,0.0016940163735714236,0.002350052769619867,0.00040561066784756191
2016-05-06,-0.0040295601426543455,-0.0050696435971928104,0.0034308974904856378
2016-05-09,0.0018708250124048621,0.002143146681756922,0.00087370611963396693
2016-05-10,0.0049315719718712129,0.0023045746232708227,0.012249477705188768
2016-05-11,-0.0037668974930233218,-0.0037668974930233218,-0.0079486816783220973
2016-05-12,-0.0055457748430533527,-0.0055457748430533527,-0.0008467846520166393
2016-05-13,-0.0042417831477288828,-0.0042417831477288828,-0.0074661118955060331
2016-05-16,0.0010245901639344358,0.0025614754098360892,0.010114719875185639
2016-05-17,0,0,-0.008394267269532435
2016-05-18,-0.0023021137589968933,-0.005755284397492233,-0.0001244453931006953
2016-05-19,0.002891053138673572,0.007227632846683929,-0.0034834936404054919
2016-05-20,-0.00094975091723557012,-0.0011871886465444625,0.0090132166064837965
2016-05-23,-0.001962053591779811,-0.0024525669897247637,-0.00091754544713493463
2016-05-24,0.026211167500774346,0.026211167500774346,0.014946913772015928
2016-05-25,0.0011501578502207677,0.0011501578502207677,0.0057734387835601383
2016-05-26,0.013334403272039719,0.013334403272039719,0.00015020141736836056
2016-05-27,0.00469303057382382,0.00469303057382382,0.006210078737948389
2016-05-31,0.0018083668475113446,0.0018083668475113446,0.00042154423289375548
2016-06-01,0.0012329527068900004,0.0012329527068900004,0.0027665050954505028
2016-06-02,0.0010719191405811714,0.0010719191405811714,0.0043989015253105617
2016-06-03,-0.0004839645726891959,-0.0004839645726891959,-0.0028995916069276071
2016-06-06,-0.0030362337856178591,-0.0037952922320223237,0.0052848436616303495
2016-06-07,0,0,0.0023377547891853361
2016-06-08,0,0,0.0039494361172059756
2016-06-09,-0.0037895789520125734,-0.0094739473800314333,-0.0024130633052469731
2016-06-10,-0.0013755347886179826,-0.0034388369715449563,-0.01232564648065825
2016-06-13,-0.0019139680421676798,-0.0047849201054191992,-0.0080671068362116009
2016-06-14,0.0014185607734722439,0.0035464019336806096,-0.0027839230996091523
2016-06-15,-0.00012227380858698123,-0.00030568452146745306,0.00049776777453447983
2016-06-16,-0.00053118678150478884,-0.001327966953761972,0.0021920585616535941
2016-06-17,-0.0019870827475427125,-0.0049677068688567805,-0.00084974063356089036
2016-06-20,0,0,0.0085946510804647668
2016-06-21,0,0,0.0015808887622684538
2016-06-22,0,0,-0.0020848179183891981
2016-06-23,0,0,0.015435983263939353
2016-06-24,0,0,-0.038916576789241063
2016-06-27,0,0,-0.024843239814893725
2016-06-28,0,0,0.019230883621273655
2016-06-29,0,0,0.019234044897746858
2016-06-30,0,0,0.016196082517922282
2016-07-01,0,0,0.0012306296105465469
2016-07-05,0,0,-0.0095989721381871188
2016-07-06,0,0,0.0053052108410855904
2016-07-07,0,0,0.00057034984391057526
2016-07-08,0,0,0.01831254709946591
2016-07-11,0,0,0.0043391120600337063
2016-07-12,0,0,0.0089292204000749609
2016-07-13,0,0,0.00015244932103279001
2016-07-14,0.0059557226195416039,0.014889306548854009,0.0037082838454457782
2016-07-15,-0.0085284406785194333,-0.010660550848149292,-0.00072493601060389019
2016-07-18,0.00024782693836697953,0.00030978367295872444,0.002160469517550433
2016-07-19,0.0061023617233363732,0.0061023617233363732,-0.0021824254049581681
2016-07-20,0.0093705668688098178,0.010375200769338302,0.0058194074786138313
2016-07-21,0.0011203830777219014,0.0011203830777219014,-0.0037609598976932569
2016-07-22,0.0054539806523173553,0.0054539806523173553,0.0072184105068117572
2016-07-25,0.0011447036548561662,0.0011447036548561662,-0.0013225596969323389
2016-07-26,0.004484551484127023,0.004484551484127023,0.004627630707319549
2016-07-27,0.00099432709956812407,0.0014625784496969138,-0.0039551429087295118
2016-07-28,-0.0020505722464435961,-0.0020505722464435961,0.0023447041649437336
2016-07-29,0.0077173816915566172,0.0077173816915566172,0.0012972945132802014
2016-08-01,0.00091483909080685062,0.00091483909080685062,-0.0020660391794993325
2016-08-02,0.0027290936145039197,0.0027290936145039197,-0.0087829609568414735
2016-08-03,0.0029057881900414226,0.0029057881900414226,0.0052945612640857972
2016-08-04,0.020133990877399827,0.020133990877399827,0.0010547353982401073
2016-08-05,-0.0080273785625802271,-0.0080273785625802271,0.0094809064332016819
2016-08-08,-0.0076299068878343647,-0.0096970347969674922,-0.00074268779749866228
2016-08-09,-0.013012663765104918,-0.016848676498049431,0.00086292249411606069
2016-08-10,-0.001509702777629518,-0.00012426042709473561,-0.0023387096060179932
2016-08-11,-0.010893934512576541,-0.013937351342522861,0.0049194309605525054
2016-08-12,0.00079051871077250035,0.0021979435802823993,-0.0007194058389738651
2016-08-15,0.00044357469015001707,0.0011089367253750426,0.0047192402162839304
2016-08-16,-0.0027225052999590772,-0.0068062632498976927,-0.0063253292664787299
2016-08-17,0.00083224860034594185,0.0010403107504324272,0.00066539744200674704
2016-08-18,-0.00097215077397931897,-0.0024303769349482973,0.0048689504476710369
2016-08-19,0.0039581161059139896,0.0098952902647849728,4.3812829522965725e-05
2016-08-22,0.00083581620976840303,0.0010447702622105037,0.00060384552896619332
2016-08-23,-0.00074115756704218338,-0.00092644695880272909,0.0034013573083408561
2016-08-24,-0.0018004665695169563,-0.0022505832118961955,-0.0064635076442990979
2016-08-25,0.00026255240937400615,0.00032819051171750768,0.00061081311146962789
2016-08-26,-0.0012601603258768801,-0.0031504008146922002,-0.0023872771908318904
2016-08-29,0.00043809817637945341,0.0010952454409486334,0.0062876915635974272
2016-08-30,-0.0027837264832799805,-0.0069593162081999504,-0.0015420643182751082
2016-08-31,0,0,-0.0022503358586383904
2016-09-01,-0.0088391748846005768,-0.022097937211501439,0.00036969629890772787
2016-09-02,-0.0021339036543300163,-0.0053347591358250401,0.0052657077846598307
2016-09-06,0.00085203878784612108,0.0021300969696153027,0.0012143342078347666
2016-09-07,-0.0010873036961884131,-0.0027182592404710326,0.0014698321338939351
2016-09-08,-0.00034651427954579539,-0.00086628569886448847,-0.0035620505446969037
2016-09-09,-0.0018161395275279935,-0.0045403488188199836,-0.02725225852676268
2016-09-12,0,0,0.014894688101530263
2016-09-13,0,0,-0.016157268762576848
2016-09-14,0,0,-0.0009651921648965114
2016-09-15,0,0,0.010986497713027234
2016-09-16,0,0,-0.0034558649215258078
2016-09-19,0,0,0.0036791455808940954
2016-09-20,0,0,-0.00058545693869217633
2016-09-21,0,0,0.013057863591390195
2016-09-22,0,0,0.0077563808978707528
2016-09-23,0,0,-0.0059296404141209501
2016-09-26,0,0,-0.0066818470992629888
2016-09-27,0,0,0.0057726847767564987
2016-09-28,-0.0027280359460150286,-0.0034100449325187854,0.0059899688715187634
2016-09-29,-0.012371630944738966,-0.015464538680923706,-0.0094929500037167925
2016-09-30,0.0041092863465517658,0.0051366079331897074,0.0079474856986210332
2016-10-03,-0.0051931250688118285,-0.0051931250688118285,-0.0047130146769561471
2016-10-04,-0.0038621828431459893,-0.0038621828431459893,-0.0063895339277248494
2016-10-05,-0.0020053224694674037,-0.0020053224694674037,0.0039427976129164065
2016-10-06,0.0033380744967456502,0.0073325185678077918,0.001311922469872642
2016-10-07,0.00069323830254077736,0.0017330957563519434,-0.0060525538187753952
2016-10-10,-0.00050256762747233894,-0.0012564190686808474,0.0047893705130094087
2016-10-11,-0.0024337813241987584,-0.0060844533104968956,-0.014843960044380445
2016-10-12,0,0,0.002055936315271512
2016-10-13,0,0,-0.003500292587287796
2016-10-14,0,0,-0.0003090287568861019
2016-10-17,0,0,-0.0026901547144750769
2016-10-18,0.0032820885629369911,0.0082052214073424778,0.0069226989703265653
2016-10-19,0.006423313057950482,0.006423313057950482,0.0034535634802188293
2016-10-20,0.0103016039845198,0.0103016039845198,-0.0017648480424994912
2016-10-21,0.00067097846719666821,0.00067097846719666821,-0.00081435206831362305
2016-10-24,0.00079104457061327351,0.00079104457061327351,0.005026024600465911
2016-10-25,-0.0026787409891614556,-0.0026787409891614556,-0.005542025028159459
2016-10-26,0.0255029072556258,0.0255029072556258,-0.0022017521930041885
2016-10-27,-0.006819808275939851,-0.006819808275939851,-0.0058356170056906307
2016-10-28,-0.0018166175380360159,-0.0018166175380360159,0.00049594764699348532
2016-10-31,0.00078385732716933676,0.00078385732716933676,0.0030434753519741945
2016-11-01,-0.0053211880443635711,-0.0052370736130048761,-0.0082150644363456447
2016-11-02,-0.0027845036336065524,-0.0027845036336065524,-0.0076487814434546405
2016-11-03,0.0012638907932614966,0.0055299908259518974,-0.0030383960701716095
2016-11-04,0.0045783949489435222,0.0049258724689446214,0.0012016330748216312
2016-11-07,0.0078004126872075769,0.0078004126872075769,0.021886354024503056
2016-11-08,0.0048522733858981336,0.0048522733858981336,0.0043879594946460137
2016-11-09,0.0021735816648338715,0.0021735816648338715,0.01126851081715026
2016-11-10,-0.012368269652636089,-0.012368269652636089,0.0039675843742029799
2016-11-11,0.011174782213283307,0.010845425553121417,0.0013048376901853059
2016-11-14,-0.011789692955397616,-0.013828205106938649,0.0063974706401215024
2016-11-15,0.0031369773837622017,-0.0011104360089419785,0.0065104235235967723
2016-11-16,0.013467505849616881,0.013467505849616881,-0.0020255100510967929
2016-11-17,0.0035189067871090442,0.004398633483886305,0.0066726813970678983
2016-11-18,0.0093970429480551374,0.0093970429480551374,-0.001049425314266275
2016-11-21,-0.00098240657699790357,-0.00098240657699790357,0.0068861285423861491
2016-11-22,0.0071962614630391997,0.0089953268287989996,0.0032494870964117216
2016-11-23,0.0076607876234520509,0.0076607876234520509,0.0025289837192145792
2016-11-25,0.003645844557335483,0.003645844557335483,0.0046900931612698414
2016-11-28,-0.0058719947496973512,-0.0058719947496973512,-0.0064161509944441258
2016-11-29,-0.003300783615506897,-0.0041259795193836213,0.0012366968533181783
2016-11-30,0.00064031380468518859,0.00080039225585648577,-0.0039441949740051802
2016-12-01,0.0037646936642175889,0.004705867080271986,-0.0068467387395899056
2016-12-02,-0.0023369988831264399,-0.0058424972078160997,0.0020263768813058576
2016-12-05,0,0,0.0081524468381911578
2016-12-06,0,0,0.005265712020339838
2016-12-07,0,0,0.01385733714844933
2016-12-08,0.030080213903743314,0.075200534759358284,0.0047442201833772842
2016-12-09,0.001336432306798363,0.0033410807669959075,0.0020056306510933273
2016-12-12,0.001183261183261175,0.0029581529581529376,-0.002455732957260108
2016-12-13,-0.00352890546549991,-0.0088222636637497742,0.004066635147396992
2016-12-14,0.00046728971962615166,0.0011682242990653791,-0.009548501565365821
2016-12-15,-0.0038752913752913678,-0.0096882284382284189,0.0034453775673795313
2016-12-16,-0.0026444807606596401,-0.0066112019016490997,-0.0013101131778697152
2016-12-19,0,0,0.0018418337767249055
2016-12-20,0,0,0.0043233035819693691
2016-12-21,0,0,-0.0025313528494182776
2016-12-22,0,0,-0.0028550655340165722
2016-12-23,0,0,0.0026214051489269158
2016-12-27,0,0,0.0033204973376381444
2016-12-28,0,0,-0.010074667004692469
2016-12-29,0,0,0.0010385602649273002
2016-12-30,0,0,-0.0038613806653896117
2017-01-03,0,0,0.0075321225280303526
2017-01-04,0,0,0.010820107002551425
2017-01-05,0,0,-0.0020451055360694889
2017-01-06,0.0036654616481188286,0.0091636541202970712,0.0032524708945163914
2017-01-09,0.0011106298725405584,0.0027765746813513958,-0.0040566125759006477
2017-01-10,-0.0013706216253634553,-0.0034265540634086378,0.0021830807252556572
2017-01-11,-0.00032062452080572346,-0.00080156130201430864,0.0034038856523999493
2017-01-12,-0.0019733780135902323,-0.0049334450339755809,-0.0025296782806781591
2017-01-13,0.0023722227445081238,0.0059305568612703086,0.0038836977689773039
2017-01-17,-0.0081825182246376468,-0.020456295561594118,-0.0040403552355709662
2017-01-18,0.0041956930637880863,0.010489232659470216,0.0036703259774242777
2017-01-19,-0.0032181800442827148,-0.0040227250553533933,-0.003753293596958523
2017-01-20,0.0050222141794839708,0.0050985467276825807,0.0036539734910949963
2017-01-23,0.0021043575807755325,0.0098047981094098562,-0.0025717587527905967
2017-01-24,0.0045665596126196065,0.0034628887476755113,0.010717337942744893
2017-01-25,0.00079943937603587918,3.3785843239805824e-05,0.0081764403604510233
2017-01-26,0.01039929228485161,0.01039929228485161,-0.0019145529739013117
2017-01-27,-0.0051440718077289307,-0.0051440718077289307,-0.0009039137540374951
2017-01-30,0.0031204109528270101,0.0031204109528270101,-0.0060384008391172585
2017-01-31,-0.0007429213706735085,0.001542594340576344,0.001284943912845671
2017-02-01,-0.001483402863817261,-0.0015105185889746505,-0.00086575685263155647
2017-02-02,-0.0062473368042702954,-0.0082997190293550814,0.0023557596680590775
2017-02-03,0.0029824095732482068,0.0029824095732482068,0.0081551236202539474
2017-02-06,-0.00041787669811933661,-0.00041787669811933661,-0.0018552992165670398
2017-02-07,0.0028144207182423369,0.0028144207182423369,0.00045019783436871816
2017-02-08,-0.00023773030267166618,-0.00023773030267166618,0.0017801812106952545
2017-02-09,-0.0062616722741344819,-0.0062616722741344819,0.0082883239454958364
2017-02-10,0.0019696504691215496,0.0019696504691215496,0.0052282009774243876
2017-02-13,-0.0012756304318083458,-0.0012756304318083458,0.0046504665573113774
2017-02-14,5.7528472657542007e-05,0.00010937563283445193,0.0019426559337808889
2017-02-15,0.011147840822096328,0.011147840822096328,0.0049885163028650778
2017-02-16,0.019710794746430199,0.019710794746430199,-0.0019010396778299176
2017-02-17,0.019667841862658814,0.019667841862658814,0.002626104018584222
2017-02-21,0.0057291091857702651,0.0057291091857702651,0.0069059817397171255
2017-02-22,0.0038487085447484141,0.013061592223628116,-0.0025510973288331551
2017-02-23,0.0055643112953748042,0.013010893082270315,-0.0012500815837195296
2017-02-24,0.014653210084371902,0.017287816799419219,0.0040683555060964278
2017-02-27,0.005138687799523289,0.01363306587401376,0.0020566328003731381
2017-02-28,-0.0010858494007181235,-0.0079443698165686354,-0.0038586797730020233
2017-03-01,-0.0011696760154835896,-0.0014620950193544868,0.013485714580604224
2017-03-02,0.015628494074107924,0.015950469773615111,-0.0071063824264115472
2017-03-03,0.013256904829372976,0.013256904829372976,0.00044319843484750301
2017-03-06,-0.0013463645413361344,0.0048747764491395467,-0.0043640504753479853
2017-03-07,-0.0010866657520193592,-0.0015743745061452077,-0.0034236598703289312
2017-03-08,0.004075950430360316,0.004075950430360316,-0.0025790809899519937
2017-03-09,-0.0019133950066838603,-0.0023917437583548251,-0.0012575256425229444
2017-03-10,0.0078694135909282044,0.0078694135909282044,0.0042501301412055945
2017-03-13,0.00034215487745270501,0.00085538719363176252,0.0026611108349333217
2017-03-14,-0.0010665365445610365,-0.002666341361402591,-0.0042921021801630268
2017-03-15,0.0016819679024458356,0.004204919756114589,0.011102943145638791
2017-03-16,-0.0010146639794287094,-0.0025366599485717733,-0.0021868859320070362
2017-03-17,-0.00063776932922527947,-0.00079721166153159939,0.00080994802257792901
2017-03-20,-0.0041654377169069168,-0.005206797146133646,-0.0026777931547650236
2017-03-21,-0.0044411570299959019,-0.011102892574989753,-0.013759925231094915
2017-03-22,-0.012187129406171903,-0.01523391175771488,0.0032376593120718787
2017-03-23,0.00034157465564841304,0.00042696831956051673,-0.00023348612846974033
2017-03-24,0.005259477624338693,0.0065743470304233664,6.2615454955526505e-06
2017-03-27,-0.0029937192439473126,-0.0037421490549341407,-0.0010526516577117574
2017-03-28,0.0024672705919797536,0.0061681764799493832,0.0069250706995025203
2017-03-29,0.00021172317592723646,0.0005293079398180911,0.0020888115863352263
2017-03-30,-0.002021253194413286,-0.0025265664930166076,0.0020665499861339887
2017-03-31,-0.00077764881077879711,-0.0019441220269469928,-0.00039802388607861701
2017-04-03,-0.0015622597958724338,-0.0039056494896810845,-0.0036196828131011068
2017-04-04,-0.0013001565127960914,-0.0032503912819902281,-0.00057229889167126889
2017-04-05,0.00082678624705039287,0.0020669656176259821,-0.0037381926410992744
2017-04-06,-0.00051500793445351527,-0.0012875198361337881,0.0046210966977106374
2017-04-07,-0.0014917171886895675,-0.0018646464858619594,-0.00089560588721061753
2017-04-10,0.0010568335588633016,0.0026420838971582539,0.0015301162068587168
2017-04-11,-0.0010741615684374262,-0.0026854039210935654,0.00064765660079789216
2017-04-12,-0.00045878077992731473,-0.0011469519498182867,-0.0066474412174303884
2017-04-13,-0.0011882477415153803,-0.0029706193537884507,-0.0067448612854156256
2017-04-17,0.0067208602287461179,0.0084010752859326465,0.009535125572153573
2017-04-18,-0.0012798563807164261,-0.0012798563807164261,-0.0023220134934634718
2017-04-19,-0.0015447792660480352,-0.0015447792660480352,0.0005263039557657106
2017-04-20,0.013208584970993529,0.013208584970993529,0.0082889574219205207
2017-04-21,-0.00078932075657780652,-0.00078932075657780652,-0.0025777388868299996
2017-04-24,0.006094274625446058,0.006094274625446058,0.01061255761376435
2017-04-25,0.002454321890791613,0.002454321890791613,0.005880199916533331
2017-04-26,0.012790229195463286,0.015466865787005924,0.00050854701384498888
2017-04-27,0.017057163176068556,0.017057163176068556,0.0023358326798255946
2017-04-28,0.0013352930093950852,0.0013352930093950852,-0.0039590365515254442
2017-05-01,0.0027227848699380368,0.0027227848699380368,0.0011848627640797635
2017-05-02,-0.0071168051395206827,-0.0087809080000170233,0.0008819758272949229
2017-05-03,0.019671348556842942,0.019671348556842942,-0.0032844501377269717
2017-05-04,-0.0025554015597817155,-0.0025554015597817155,0.0023887497426651368
2017-05-05,0.0058259400655320884,0.0058259400655320884,0.0062381735915006346
2017-05-08,-0.0021073439751954498,-0.0023803521330773318,-0.0030260025960946878
2017-05-09,-0.0015415838436260241,-0.0020960359327958458,-5.5206366985856403e-06
2017-05-10,-0.00062690075200024236,-0.0012663910071683386,0.0035588328414588562
2017-05-11,-0.00025778724898447956,8.3780845002986244e-05,-0.0026180829408025915
2017-05-12,0.00057694229458309999,0.0019046639069405021,-0.0021102370617478339
2017-05-15,0.0027857173788116232,0.0027857173788116232,0.0067523256626574957
2017-05-16,-0.00099899902847684369,-0.00099899902847684369,-0.00082107177819057354
2017-05-17,-0.018472803681886231,-0.018472803681886231,-0.016770102195185942
2017-05-18,0.00028939011056366981,0.00028939011056366981,0.0033333014994212803
2017-05-19,-0.0042690150934368235,-0.005336268866796029,0.0083911144653274344
2017-05-22,-0.0018930526626236956,-0.0047326316565592386,0.006432845721220987
2017-05-23,0.0057031007609658294,0.0071288759512072863,0.0012894557881308021
2017-05-24,0.0006224270965696332,0.00077803387071204155,0.0034746472865123767
2017-05-25,0.0007776985442827563,-0.0075219342752235194,0.0049873799718195833
2017-05-26,0.011645312742508934,0.0075553466609072075,0.00026110288034491002
2017-05-30,0.0037816348868550342,0.0037816348868550342,-0.0011599389750570641
2017-05-31,0.002927988443222129,0.002927988443222129,0.0010199354678467449
2017-06-01,0.016625173551554996,0.037201682459943666,0.0099869036751399094
2017-06-02,0.0015603280788273278,0.0036127077117303619,0.0034444473375586739
2017-06-05,0.0054721718594422687,0.0096109787055021299,-0.0028354960929094196
2017-06-06,0,0,-0.003278099352932344
2017-06-07,0,0,0.0020554285588187614
2017-06-08,0,0,0.0019975601250947182
2017-06-09,0,0,-0.0001597660927957333
2017-06-12,0,0,-0.00017235336982688486
2017-06-13,0,0,0.0063612377971572938
2017-06-14,0,0,-0.0015107521398276657
2017-06-15,0,0,-0.0014082680881122044
2017-06-16,0,0,0.00070393804536719143
2017-06-19,0,0,0.0074762901786182469
2017-06-20,0,0,-0.0078256839366313957
2017-06-21,0.0032064660883815766,0.0080161652209539414,-0.0016105381373297987
2017-06-22,-0.00063117402710737296,-0.0015779350677684323,0.00061091346625416943
2017-06-23,0.0035156030951941641,0.0087890077379854104,0.0033209446714597456
2017-06-26,9.3094426639517284e-06,2.327360665987932e-05,0.0013276392938672635
2017-06-27,-0.00095658096136383994,-0.0023914524034095996,-0.008464314628904842
2017-06-28,0.0026315209462121738,0.006578802365530434,0.009282440350607879
2017-06-29,-0.0017683516625784713,-0.004420879156446178,-0.0090059876064903996
2017-06-30,0.0009753305750634933,0.0024383264376587332,0.0029641277334400765
2017-07-03,-0.0020645957426612019,-0.005161489356653004,0.0020373791093170946
2017-07-05,0.0022851525033570131,0.0057128812583925326,0.00046811100823149942
2017-07-06,-0.00016595346190777517,-0.00041488365476943789,-0.010330587699512783
2017-07-07,-0.00024676418597477937,-0.00061691046493694834,0.0079050043408788462
2017-07-10,0.00031002411298657333,0.00077506028246643321,0.00053121865806879821
2017-07-11,0,0,-1.3495624467657872e-05
2017-07-12,0,0,0.0082378421802042738
2017-07-13,0,0,0.0012479155761204188
2017-07-14,0,0,0.0048295341849739076
2017-07-17,-0.0010181181489518965,-0.0025452953723797411,0.00069172167117730857
2017-07-18,0.00032869390729062253,0.00082173476822655633,-0.00054267962378106588
2017-07-19,0.0005112890293642369,0.0012782225734105923,0.0067642517906892101
2017-07-20,-0.00021836642442365497,-0.00054591606105913737,-0.00059240804730739118
2017-07-21,0.0097110321823136048,0.0090896239193850592,0.00089620446945100807
2017-07-24,0.00057167006428102682,0.00060009685791731493,-0.00034056928048193226
2017-07-25,-0.0036675548796248196,-0.0041545633746025339,0.0032575173766925128
2017-07-26,0.0039628714135808586,0.0047643985116201416,-0.0018217108419981919
2017-07-27,-0.0004909257420751005,-0.00085112436629585409,-0.0025053528850252109
2017-07-28,0.0069951795717171604,0.0069951795717171604,-0.00020694426613514027
2017-07-31,-0.00081062993522597673,-0.00081062993522597673,-0.000967356242477229
2017-08-01,-0.0012543281767714736,-0.0012543281767714736,0.0016547011208020315
2017-08-02,0.0030307683266699911,0.0030307683266699911,-0.0020559125046715264
2017-08-03,0.010596973102680896,0.010596973102680896,-0.0015391208273642925
2017-08-04,0.011121749122313521,0.011121749122313521,0.0028743069018701776
2017-08-07,0.0021007531372636348,0.0021007531372636348,0.0023010870640825742
2017-08-08,-0.0015551275785045163,-0.0019304972781017493,-0.002556027178778301
2017-08-09,0.0017148106392715409,0.0017148106392715409,-0.0015352056100710924
2017-08-10,0.0040267831832474328,0.0059580969698699721,-0.01468911360920133
2017-08-11,-0.0081133330960293966,-0.0090065655005287237,0.0014107161674983071
2017-08-14,0.007420770819535941,0.007420770819535941,0.010319273253591143
2017-08-15,0.0042838803861217443,0.0042838803861217443,-0.0013765679675072815
2017-08-16,0.0012411099253231139,0.0015513874066538924,0.0032948568918941693
2017-08-17,-0.006614682605563727,-0.0082683532569546581,-0.014734022338226283
2017-08-18,-0.0033811475409835979,-0.0084528688524589946,-0.0013090853264713658
2017-08-21,0,0,0.0014182178234485978
2017-08-22,0,0,0.0098214954406741373
2017-08-23,0,0,-0.0030358917641108178
2017-08-24,0,0,-0.001182100904446486
2017-08-25,0,0,0.0025096192740956163
2017-08-28,0,0,-0.00021826132943556585
2017-08-29,0,0,-0.00058297535573682455
2017-08-30,0,0,0.0064639329448735799
2017-08-31,0,0,0.0064967635886686555
2017-09-01,0,0,0.0031767181717872266
2017-09-05,0,0,-0.0072383378694680228
2017-09-06,0,0,0.0026608677543858306
2017-09-07,0,0,0.00085086653852133574
2017-09-08,0,0,0.0016631375610612299
2017-09-11,0,0,0.010301470128807928
2017-09-12,0,0,0.0028264757806130761
2017-09-13,0,0,-0.0014618175161430014
2017-09-14,0,0,-0.0001921773943515776
2017-09-15,0,0,0.0025780737913481434
2017-09-18,0,0,0.00316286451822903
2017-09-19,0,0,-5.6534844447670634e-05
2017-09-20,0.0081130915795943458,0.020282728948985862,0.001123810733870541
2017-09-21,-0.0003544004725339667,-0.00088600118133491668,-0.0023097770769977726
2017-09-22,-0.00035502958579878289,-0.00088757396449695714,0.0021034063740098291
2017-09-25,0.0017190278601066922,0.0042975696502667304,-0.001665914274019504
2017-09-26,0.001234205113135456,0.0030855127828386397,0.00049517965930204481
2017-09-27,0.0021612149532709958,0.0054030373831774892,0.004712269169585173
2017-09-28,-0.0018491765385726612,-0.0046229413464316527,0.00075873567594125215
2017-09-29,0,0,0.0042317525158082851
2017-10-02,0,0,0.0047601564371629939
2017-10-03,0,0,0.0016658360803446764
2017-10-04,0,0,0.0031974841626351133
2017-10-05,0,0,0.0041970309948257773
2017-10-06,0,0,-0.00054900160355780933
2017-10-09,0,0,-0.0025511883315520231
2017-10-10,0,0,0.0022874755803442793
2017-10-11,0,0,0.001532738371623589
2017-10-12,0,0,0.0011445106560116179
2017-10-13,0,0,0.0012881482444054584
2017-10-16,0,0,-1.9004980389866006e-06
2017-10-17,0,0,-0.00023705895950239792
2017-10-18,0.0014056824597960206,0.0017571030747450256,0.0016143675713060216
2017-10-19,-0.0014897932366562559,-0.0018622415458203201,0.001710722635402598
2017-10-20,0.0060096766152042957,0.0060096766152042957,0.0065816182859791553
2017-10-23,0.013002855386556007,0.013002855386556007,-0.0024180595921877782
2017-10-24,-0.0018769079640408085,-0.00071202358850308047,0.0020101761449554476
2017-10-25,0.001254983140646225,0.001254983140646225,-0.0058464196519049496
2017-10-26,0.0065140664754459914,0.0065140664754459914,0.0037475518512011278
2017-10-27,0.0058729421475890962,0.0058729421475890962,0.0044255397786021819
2017-10-30,0.00022639880447062818,0.00022639880447062818,-0.0050662832333232804
2017-10-31,-0.0011029464503247832,-0.0015525432537706672,0.0040119898921236168
2017-11-01,6.9575057325962334e-05,0.0022893358016768915,-0.00053420756034406951
2017-11-02,0.0020821331025287484,-0.00095763835665084798,0.002316782169093542
2017-11-03,0.0097251688527120045,0.0097532640377605024,0.0036433583214603399
2017-11-06,0.0012473725695168504,0.00079245469754772135,0.0018888091150870629
2017-11-07,0.0029181693831826228,0.0031283963566111073,-0.0016827060985960282
2017-11-08,-0.0025102305841500842,-0.0020614056061672528,0.0021592250749431119
2017-11-09,-0.0030584821295971971,-0.0049095109069167272,-0.0051813780283893711
2017-11-10,0.0032713384642918523,0.0024302755917008714,0.00060574164467492014
2017-11-13,0.00051374899756610162,0.00051374899756610162,0.0022736875787846582
2017-11-14,0.003922563257843144,0.003922563257843144,-0.00017024602013792584
2017-11-15,-0.0041044271702853257,-0.0041044271702853257,-0.0059051800689582361
2017-11-16,0.0072483094688650098,0.0072483094688650098,0.0093106131864721456
2017-11-17,-0.0049050309008210613,-0.0061312886260263266,7.7594997166724029e-06
2017-11-20,0.0065743461809776981,0.0082179327262221213,0.0023918158161527021
2017-11-21,0.004095909237335116,0.01023977309333779,0.0052741812015877597
2017-11-22,0.020012726044883512,0.025015907556104389,-0.00065431399368685059
2017-11-24,0.0078686889045556981,0.0098358611306946231,0.0015940618630176503
2017-11-27,-0.0066002389332911809,-0.0082502986666139755,-0.0016472860038482166
2017-11-28,9.5762508977736974e-05,0.00023940627244434243,0.010140862455391305
2017-11-29,0.0016271835367312804,0.0040679588418282009,0.0011390755212199414
2017-11-30,0.0048896273439353877,0.012224068359838469,0.0082363204675034128
2017-12-01,0,0,-0.002555331905433372
2017-12-04,0,0,-0.00048881390696119316
2017-12-05,0,0,-0.0051599037057437677
2017-12-06,0,0,-0.00044521539397572525
2017-12-07,0,0,0.0061126415380867005
2017-12-08,0,0,0.0059753745244286094
2017-12-11,0,0,0.0013005957991432892
2017-12-12,0,0,-0.0011914649195911716
2017-12-13,0,0,0.00025168006129480853
2017-12-14,0,0,-0.0049858189153449556
2017-12-15,0.0066472135508726998,0.016618033877181748,0.0088341740678634113
2017-12-18,-0.00043492380134999567,-0.0010873095033749891,0.006591196187678088
2017-12-19,-0.0041401995711022764,-0.010350498927755691,-0.0032906730482882836
2017-12-20,0.0061639241724084082,0.0077049052155105102,-0.00019739647893351117
2017-12-21,-0.0014739013900044286,-0.0018423767375055355,0.00038142195202211447
2017-12-22,0.00049011341003931308,0.002106719600963499,0.00016412495041222538
2017-12-26,-0.0014736766257908763,-0.0018420957822385953,0.00025052238718252057
2017-12-27,0.00074391058801155381,0.00092988823501444218,0.0014000877858524503
2017-12-28,-0.0010416877747325692,-0.0013021097184157115,0.0027293791097435208
2017-12-29,-0.00062522719011268721,-0.0015630679752817178,-0.0045697981586059911
2018-01-02,0,0,0.0062716358477833663
2018-01-03,0,0,0.0064641666777935205
2018-01-04,0,0,0.0032559105116204625
2018-01-05,0,0,0.0059514527569290102
2018-01-08,0,0,0.0042047411499607154
2018-01-09,0,0,0.0008054374743536719
2018-01-10,0,0,-0.0029055042327613433
2018-01-11,0,0,0.0081649302702644314
2018-01-12,0.0044770908058875403,0.011192727014718851,0.0051518693082318193
2018-01-16,-0.0016045730148294358,-0.0040114325370735893,-0.0050636298700245152
2018-01-17,0.0012467620455587358,0.0031169051138968396,0.0094108290661189566
2018-01-18,-0.0015785894772793797,-0.0019732368465992245,-0.001666944470101293
2018-01-19,-0.00078483301837056459,-0.0028123144371344968,0.0071909084352612283
2018-01-22,-0.0043963048548999496,-0.006096717697970858,0.0056273226613796582
2018-01-23,0.022594561444467868,0.022514828082463783,0.0036127550975459501
2018-01-24,0.020073778023202489,0.024238916351185344,9.4509827279796275e-05
2018-01-25,0.0033514324012898422,0.0033514324012898422,0.00060267876016737896
2018-01-26,-0.011591204292486451,-0.011591204292486451,0.0094662052659253704
2018-01-29,-0.0030361882265727987,-0.0030361882265727987,-0.0073822185831626469
2018-01-30,0.0015208536856283379,0.0015208536856283379,-0.0093917064255812123
2018-01-31,0.00070363152571899647,0.00070363152571899647,0.00032649067988205801
2018-02-01,-0.0077243724813118239,-0.0077243724813118239,-0.0025526566647208842
2018-02-02,0.00057709661710900195,0.00057709661710900195,-0.019176431771687298
2018-02-05,0.0027904436264344283,0.0027904436264344283,-0.036411423054503039
2018-02-06,0.0070376094713354483,0.0070376094713354483,0.011887031307919169
2018-02-07,-0.0018329897656298947,-0.0038875860808608889,-0.0025577865692249153
2018-02-08,0.0012225107495530997,0.0012225107495530997,-0.035009537192894187
2018-02-09,0.0083751361981374249,0.0083751361981374249,0.013551228614196508
2018-02-12,0.00030738245239894223,0.00030738245239894223,0.012241064437952427
2018-02-13,0.0043013921714967962,0.0043367636901451038,0.0037441947720760474
2018-02-14,0.0066165381705862829,0.0066165381705862829,0.013779575122584995
2018-02-15,0.0057320361225348853,0.0057320361225348853,0.011833386438616925
2018-02-16,-0.013163005874002154,-0.025273365399576669,0.0010225241663303583
2018-02-20,0.00086077661263155058,0.0016131148783385535,-0.0052835006363269425
2018-02-21,-0.00075862330055614068,0.0002781417383288104,-0.0056802339257705121
2018-02-22,-0.00030026248703458403,-0.0017644321987682491,0.0016432932980004493
2018-02-23,0.0052480793722256888,0.0051024020847574517,0.015654197106491519
2018-02-26,-0.0050406363325268084,-0.015656434565787563,0.0078092326923441622
2018-02-27,-0.0021603768150662778,0.005614680681780615,-0.012507843712015271
2018-02-28,0.010225721446025623,0.01227207684713217,-0.0090836229008384797
2018-03-01,0.022046744245795717,0.022046744245795717,-0.010221468368706819
2018-03-02,0.006180023580973075,0.006180023580973075,0.0064292216078553656
2018-03-05,-0.0061856415779726146,-0.0085434779136961091,0.011768880670943206
2018-03-06,0.0010453869931961956,0.0010453869931961956,0.0055441670780935343
2018-03-07,0.0019983417347348431,0.0019983417347348431,0.00012086658057482288
2018-03-08,0.00090516589723111925,0.00090516589723111925,0.0036598430011355147
2018-03-09,0.0073300560262023196,0.0073300560262023196,0.01570972139665516
2018-03-12,8.956317808357379e-05,0.00011195397260446716,-0.0010785677232835165
2018-03-13,-0.0018505340776063587,-0.0023131675970079479,-0.003842290543289831
2018-03-14,-0.0077667694532118645,-0.0097084618165148295,-0.0042098379550353053
2018-03-15,0.0062728440325050538,0.0062728440325050538,-0.0016750047863307918
2018-03-16,0.0016244692659594937,0.0016244692659594937,0.0042554674794248321
2018-03-19,-0.0096074651938482976,-0.012009331492310371,-0.011216138174342019
2018-03-20,-0.0023010435893795257,-0.0057526089734488139,0.0023191758895489433
2018-03-21,-0.0034085043791650007,-0.0042606304739562506,-0.00025209088485542586
2018-03-22,-0.018730624247599904,-0.023413280309499879,-0.022575904790778079
2018-03-23,-0.0020495102019421991,-0.0020495102019421991,-0.019261907318094872
2018-03-26,0.012769360181653823,0.015961700227067277,0.023514155810978508
2018-03-27,-0.0087325065208162141,-0.0087325065208162141,-0.013038078217336267
2018-03-28,0.0016981205793120675,0.0016981205793120675,-0.0019406006043774487
2018-03-29,0.007999423227577851,0.007999423227577851,0.013462270379494511
2018-04-02,-0.0077804289942608133,-0.0097255362428260161,-0.021828701762633587
2018-04-03,0.0023206092706295144,0.0058015231765737862,0.011835991599456483
2018-04-04,0.0025895471835756471,0.0064738679589391168,0.010628958959427216
2018-04-05,0.0037568779850000846,0.009392194962500211,0.0064979319272848533
2018-04-06,-0.0065535657413240862,-0.0081919571766551069,-0.021307828883461315
2018-04-09,-0.00094730707806520696,-0.0011841338475815089,0.0021842505808109995
2018-04-10,0.0024817041749717996,0.0031021302187147493,0.015210471524697112
2018-04-11,-0.0063553891161756805,-0.0079442363952196005,-0.0047180484821002407
2018-04-12,-0.0063294403996686068,-0.0079118004995857583,0.0059415100994670853
2018-04-13,8.6870133918115489e-05,8.6870133918115489e-05,-0.0028458430047136355
2018-04-16,0.0019330333731035322,0.0024162917163794151,0.010319254061135652
2018-04-17,0.00075842813685040873,0.0018960703421260217,0.01015411118992423
2018-04-18,0.018898706530741518,0.01980392252532763,0.0029460624703809735
2018-04-19,-0.0040656591268999542,-0.0046138101420215051,-0.006600452580706186
2018-04-20,-0.0035810072556257031,-0.001487630797444719,-0.0071712487095335542
2018-04-23,-0.0015616239184165872,-0.0015616239184165872,5.435671994854826e-05
2018-04-24,-0.0055444451750489348,-0.0055444451750489348,-0.010995635673381627
2018-04-25,0.00018659509789435876,0.00018659509789435876,0.0016314294065685546
2018-04-26,0.0077819229190402538,0.0077819229190402538,0.0076783562654206012
2018-04-27,-0.013073729509686844,-0.017173380623886198,0.0023087236289880343
2018-04-30,-0.0025466494983020461,-0.0025466494983020461,-0.0093407952930972347
2018-05-01,-0.00045823689397394554,-0.00045823689397394554,0.0011458095801307013
2018-05-02,0.011648442821698737,0.011648442821698737,-0.0073484492844787678
2018-05-03,0.014346986040221776,0.014346986040221776,-0.0014759586409742967
2018-05-04,-0.0040546380878980562,-0.0040546380878980562,0.012012848740834822
2018-05-07,0.0041893578191419031,0.0041893578191419031,0.0030252269258588737
2018-05-08,-0.0063070841243214153,-0.010334679909931931,0.00011994219056318655
2018-05-09,0.013142942605422954,0.013142942605422954,0.0086689948946324698
2018-05-10,0.0025490177166927423,0.001908152593095719,0.008705648600325664
2018-05-11,0.00066512795354660155,-0.0021568936328620275,0.0018423113890534309
2018-05-14,0.001124645209256546,0.0026020277185723516,-0.0002133324828537142
2018-05-15,-0.0068707340753254437,-0.0068707340753254437,-0.0057833600777031256
2018-05-16,-4.548161188363143e-05,-4.548161188363143e-05,0.0045408460690372961
2018-05-17,0.010352668579917826,0.010352668579917826,0.0016013692025985593
2018-05-18,-0.00071510084016126476,-0.00089387605020158079,-0.00018109896176869957
2018-05-21,-0.00032506418907036761,-0.00081266047267591901,0.0070530687324772421
2018-05-22,0,0,-0.0044538558829256593
2018-05-23,-0.021023093605298637,-0.052557734013246593,0.0024971515211974831
2018-05-24,0.0023104444862904307,0.0057761112157260763,0.00033225956105621435
2018-05-25,-0.0030448717948718066,-0.0076121794871795156,-0.00097424921747165489
2018-05-29,-0.0018048672239070918,-0.0045121680597677294,-0.0093362726172319527
2018-05-30,0.010546738209842577,0.013183422762303221,0.012947797505510217
2018-05-31,-0.0054124185766510459,-0.0067655232208138072,-0.0082573563100891978
2018-06-01,0.038533661477591082,0.048167076846988843,0.0091666243918574024
2018-06-04,0.0050954719645793563,0.0063693399557241959,0.0048701509077006796
2018-06-05,0.0044922143458475004,0.0056152679323093757,0.0017154560565327914
2018-06-06,0.0009944272091213513,0.0012430340114016891,0.0072231334973322237
2018-06-07,-0.0020590850994451019,-0.0025738563743063769,-0.00068968005406815384
2018-06-08,-0.0061747620033633099,-0.0077184525042041374,0.0052451962279525272
2018-06-11,0.0027890787673818807,0.0034863484592273508,0.0017961990170678119
2018-06-12,0.00045529997628643851,0.0011382499407160962,0.0034372441768154341
2018-06-13,0.0016467136705626386,0.004116784176406596,-0.0050701723833460281
2018-06-14,0.0037077016942788977,0.009269254235697244,0.003270581036163971
2018-06-15,0.0013178508893189279,0.0032946272232973195,0.00039896655742585005
2018-06-18,-0.0042481116960402686,-0.010620279240100672,-0.00099279020838091291
2018-06-19,0,0,-0.004391275354074113
2018-06-20,0,0,0.0014479727126380615
2018-06-21,0,0,-0.0058183228771960544
2018-06-22,0.0033812351323223135,0.0084530878308057833,0.0020971546110723507
2018-06-25,-0.0028841222502321573,-0.0072103056255803932,-0.012171165028830646
2018-06-26,0.0010064228413018128,0.002516057103254532,0.001417778339516768
2018-06-27,-0.0050102323074891816,-0.0062627903843614774,-0.0096889354348149992
2018-06-28,0.0070675097172916874,0.0088343871466146084,0.0051385736616694462
2018-06-29,2.7031326193682802e-05,3.3789157742103448e-05,0.0014527637293849508
2018-07-02,0.0033197155111305502,0.0041496443889131873,0.0018294042406531656
2018-07-03,0.00080498197312355306,0.0020124549328088825,-0.0022492841240205667
2018-07-05,0.0028257292836436857,0.0070643232091092134,0.0088543964995485107
2018-07-06,0,0,0.0078548939782354804
2018-07-09,0,0,0.00792540722265727
2018-07-10,0,0,0.0027461864133517424
2018-07-11,0,0,-0.0070954487145755704
2018-07-12,0.0029729245113860438,0.0074323112784651091,0.006989715652089612
2018-07-13,-0.00028975776957191891,-0.00072439442392979725,0.0010296433949662709
2018-07-16,0.00068828847957251864,0.0017207211989312965,-0.0025600618267541883
2018-07-17,0.0025492252786304625,0.0031865315982880782,0.0044760559270567652
2018-07-18,0.0012641940192608561,-0.00089877439846972572,0.0030592698529228355
2018-07-19,-0.0038901125892835346,-0.0074325209021350192,-0.00062097522491266885
2018-07-20,0.0065416228513483802,0.011544259457819745,-0.0030386873541496974
2018-07-23,0.00019569943494731224,2.4270863518712112e-05,-0.00033248881093199607
2018-07-24,-0.0025468393570538721,-0.0025468393570538721,-0.00086663483902599053
2018-07-25,0.00076076340785924412,0.00076076340785924412,0.0088441971205382719
2018-07-26,-0.0081475433572231158,-0.010514949197285968,0.0039396448744894608
2018-07-27,0.0056490332997272217,0.0070904090696538597,-0.0073058011118738121
2018-07-30,0.0046350620878217452,0.0046350620878217452,-0.0068104837596816552
2018-07-31,-0.004440205942636978,-0.0061466745821138567,0.0082229915922515072
2018-08-01,0.0034089968371065101,0.0034089968371065101,-0.0035366430402437718
2018-08-02,0.0080154771602394762,0.0080154771602394762,0.0076319774755962888
2018-08-03,0.00088123248573623836,0.00088123248573623836,0.0040130895585151847
2018-08-06,0.0011056410550481705,0.0011056410550481705,0.0038600493890459876
2018-08-07,0.0013685898748320435,0.0013685898748320435,0.0043074796764491071
2018-08-08,-0.0023048802816332172,-0.0023048802816332172,-0.0018991383749231818
2018-08-09,0.0013884010787429254,0.0013884010787429254,-0.001533156810032323
2018-08-10,-0.0031269993224804699,-0.0031269993224804699,-0.0060636128245399792
2018-08-13,-0.0009851880438727183,-0.0009851880438727183,-0.0045444776856626229
2018-08-14,-0.00065583830935489473,-0.00065583830935489473,0.0079324256692399411
2018-08-15,0.00053852126146330926,0.00053852126146330926,-0.0067071900568256562
2018-08-16,-0.0011282813105025118,-0.0011282813105025118,0.0077096450631298635
2018-08-17,0.016004836691914156,0.039154793713090996,0.004852616346559686
2018-08-20,0.0044790753465531298,0.0061243111113785439,0.0039699881806012785
2018-08-21,0.00057425066338440134,-0.0010109401981029387,0.0035061605250827563
2018-08-22,0.001851126356685398,0.001851126356685398,-0.0010780882696543015
2018-08-23,0.016029097461224696,0.016029097461224696,-0.0014994180127166662
2018-08-24,-0.0054278689014963131,-0.011330672473190195,0.0065996163061515884
2018-08-27,-0.0013414640862257216,0.0051118565544923302,0.00634138939514888
2018-08-28,0.0018204369336668916,0.0022755461670836141,0.00028732069198222313
2018-08-29,-0.00058344789335003095,-0.00072930986668753861,0.0039741455965336663
2018-08-30,-0.0010909349141636992,-0.0013636686427046241,-0.0058141557434711385
2018-08-31,0.020918747958552503,0.020918747958552503,0.0019920359437165351
2018-09-04,0.0030465371458077597,0.0038081714322596993,-0.00050405547175133363
2018-09-05,-0.0057854917668001661,-0.0072318647085002075,-0.0013085447663489758
2018-09-06,-0.0022783815634411565,-0.0028479769543014455,-0.0013664235945302079
2018-09-07,-0.00023841059602649486,-0.00029801324503311855,-0.0030442509649029172
2018-09-10,0.00436281660257265,0.0054535207532158125,0.0045970362490130486
2018-09-11,0,0,0.0012664689197044398
2018-09-12,0,0,0.0016479428150107157
2018-09-13,0,0,0.0047370118646734155
2018-09-14,0,0,0.0014542004523815718
2018-09-17,0,0,-0.004880865738308782
2018-09-18,0,0,0.0045090573564639976
2018-09-19,0.0006346034323303052,0.0015865085808257628,-0.0013417611021036288
2018-09-20,0.00045176972787097647,0.0011294243196774412,0.0066849618283613835
2018-09-21,-0.0057085196209513576,-0.0071356495261891972,0.00052182149855103564
2018-09-24,-0.0013332319560892983,-0.0016665399451116225,-0.0062737305889473413
2018-09-25,-0.0013985012639867733,-0.0017481265799834667,-0.0019259793368139838
2018-09-26,-0.0013207864910927958,-0.0016509831138659947,-0.0049672470253010271
2018-09-27,-0.0053054756434782087,-0.00663184455434776,0.00060959363901975819
2018-09-28,-0.00016160790990802366,-0.00040401977477005913,0.0015179271324451205
2018-10-01,-0.0035435861091424495,-0.008858965272856123,-0.0003365883703587759
2018-10-02,0,0,-0.0016853311626891707
2018-10-03,0,0,-9.1047581562226366e-05
2018-10-04,0,0,-0.0080104490789980644
2018-10-05,0,0,-0.004272140969008264
2018-10-08,0,0,-0.0009953574983509459
2018-10-09,0,0,-0.0043719228713745908
2018-10-10,0,0,-0.029967858205226149
2018-10-11,0,0,-0.020842512392753625
2018-10-12,0,0,0.0099668859590325842
2018-10-15,0,0,-0.0013781834730045577
2018-10-16,0.0042319987236341117,0.010579996809085279,0.021875971775922192
2018-10-17,0.0020805259136190135,0.0020805259136190135,-0.0023871556118803239
2018-10-18,-0.0056268283679127284,-0.0056268283679127284,-0.013413139441605474
2018-10-19,0.0086896437636608363,0.014213847614034335,-0.003635563429005847
2018-10-22,-0.0014176889234245435,-0.00058385964402713581,-0.0049110385679636661
2018-10-23,-0.0033114682975552388,-0.0028050715970661744,-0.006367992766534789
2018-10-24,-0.019471973327107053,-0.022117026662787691,-0.028134462526006286
2018-10-25,-0.010818486902736841,-0.010818486902736841,0.013388642880600323
2018-10-26,0.0041726575938786717,0.0041726575938786717,-0.014111216579154894
2018-10-29,0.001589187673787702,0.001589187673787702,-0.0029725532008524624
2018-10-30,0.010497150020073346,0.0099591474048942117,0.020151107584325898
2018-10-31,-0.0053298941526027828,-0.01664935539947756,0.0098629229069236383
2018-11-01,0.005375721309319491,0.0064618471367051556,0.015730176943167095
2018-11-02,0.0035569306592755537,0.0051377112490544781,-0.0035573956763998954
2018-11-05,0.0028670671574348963,-0.00041593384219680563,0.00586901283851907
2018-11-06,0.0056020650760802738,0.0082406286982504399,0.0074102299547286338
2018-11-07,0.0052182468427603487,0.0052182468427603487,0.018388470743278932
2018-11-08,0.0024198423756376566,0.0033653021249726404,-0.0025331970670428006
2018-11-09,0.005408735327118849,0.0072876090038065475,-0.0083905884265585567
2018-11-12,0.0060445866031566438,0.0088328767593476073,-0.017575883259702194
2018-11-13,-0.0045003774838524389,-0.0045003774838524389,0.00077708071944987151
2018-11-14,0.0017653428294691909,0.0017653428294691909,-0.0070550365995732884
2018-11-15,0.0031452846176325449,0.0031452846176325449,0.00925966403560082
2018-11-16,0.0030411788678869067,0.0030411788678869067,0.0036359404004753368
2018-11-19,-0.0054437596327059912,-0.0054437596327059912,-0.016399241213288358
2018-11-20,-0.0060420402606123167,-0.0060420402606123167,-0.015122471595370775
2018-11-21,0.0078273603487998833,0.0078273603487998833,0.0067313620645125614
2018-11-23,-0.0017674367634815252,-0.0017674367634815252,-0.0028238808782869293
2018-11-26,0.0065529810264032262,0.0065529810264032262,0.014351722250749932
2018-11-27,0.0042001558705446196,0.0042001558705446196,-0.00061200100212956577
2018-11-28,0.0092504742656075081,0.0092504742656075081,0.020466735856491631
2018-11-29,0.00044460520831470407,0.00044460520831470407,-0.0028837393123398538
2018-11-30,0,0,0.0065718084444606377
2018-12-03,0,0,0.01165234282852075
2018-12-04,0,0,-0.032429285403139413
2018-12-06,-0.0025884304657584293,-0.0064710761643960724,-0.00088680033367268712
2018-12-07,0.00034074688032417202,0.00085186720081042999,-0.022643472202373026
2018-12-10,0.003610830192148562,0.0090270754803714048,-0.00026178993155469825
2018-12-11,-0.0017000237055098345,-0.004250059263774586,-0.0015007750208122302
2018-12-12,0.0025047248218229793,0.0062618120545574474,0.0066768383570936958
2018-12-13,-0.0013178312006656646,-0.0032945780016641613,-0.0029590662056724537
2018-12-14,0,0,-0.015151776847910357
2018-12-17,0,0,-0.022230470567981466
2018-12-18,0,0,8.054693569951773e-05
2018-12-19,0,0,-0.014681188165855528
2018-12-20,0,0,-0.015751398481836397
2018-12-21,-0.017544622451141058,-0.043861556127852641,-0.017987595460829977
2018-12-24,-0.010745644854787774,-0.026864112136969431,-0.02617700993032452
2018-12-26,0.0044852257464614185,0.011213064366153547,0.045613850146440336
2018-12-27,-0.0019603756544585463,-0.004900939136146365,0.0096801295804106093
2018-12-28,-0.0003763115093918579,-0.00094077877347964467,-0.0013490325831062141
2018-12-31,0.0016997891239056706,0.0042494728097641765,0.0092913801319245912
2019-01-02,0,0,-0.0022453758088787062
2019-01-03,0,0,-0.020822200911106575
2019-01-04,0,0,0.033509274861465994
2019-01-07,0,0,0.0096923719108155029
2019-01-08,0,0,0.011426991643139844
2019-01-09,0,0,0.0062297266620780882
2019-01-10,0,0,0.0069285071552963361
2019-01-11,0,0,0.0014410640588215676
2019-01-14,0,0,-0.0064845344776307337
2019-01-15,0,0,0.0074972285837037623
2019-01-16,0,0,0.0025371960643412409
2019-01-17,0.0020388681760054707,0.0050971704400136764,0.0085689928088604692
2019-01-18,0.0034660438247722247,0.0086651095619305618,0.014805770696646195
2019-01-22,-0.0047985418601798058,-0.011996354650449514,-0.013019283245769323
2019-01-23,-0.00078889088406055576,-0.0019722272101513894,0.000687498496799375
2019-01-24,-0.011683629231250558,-0.011683629231250558,0.0064871853426535699
2019-01-25,-0.0051900968801348105,-0.0051900968801348105,0.01011982029896207
2019-01-28,0.002908262420407209,0.002908262420407209,-0.0044243968256185264
2019-01-29,-0.00073422348869239817,-0.00073422348869239817,0.0018474672001972412
2019-01-30,0.0026834773953167404,0.0026834773953167404,0.01238778162360297
2019-01-31,-0.016424792598826163,-0.016424792598826163,0.0088310635001867602
2019-02-01,0.0010528636011345543,0.0010528636011345543,0.0034770219913859558
2019-02-04,-0.0024337499219536374,-0.0032284377909616744,0.0063288636866800189
2019-02-05,0.0067037145083635903,0.0067037145083635903,0.0045244747999737597
2019-02-06,-0.012970852375051967,-0.012970852375051967,-0.00097479228084245166
2019-02-07,0.0019918266581349848,0.0019918266581349848,-0.0054704095326008522
2019-02-08,0.00053689844534770084,0.00053689844534770084,0.001850383788766325
2019-02-11,0.0024126418365799322,0.0024126418365799322,0.0028165633322146909
2019-02-12,-0.0033762699829410158,-0.0033762699829410158,0.012310332009271091
2019-02-13,-0.0015654439799458689,-0.0031051949442427174,0.0040676381644404258
2019-02-14,0.016460762946650179,0.016460762946650179,-0.001416689785521524
2019-02-15,-0.003479408402689899,-0.003479408402689899,0.011749162399528749
2019-02-19,0.0037484080507829585,0.0036031699057404443,0.0025035853022292421
2019-02-20,0.0041166303437269068,0.0043757750595208866,0.0024516771978598476
2019-02-21,0.0049792113292969984,0.0049792113292969984,-0.0023839322084749878
2019-02-22,0.027951381789114455,0.027951381789114455,0.0070197721731580284
2019-02-25,-0.002858910598710488,-0.002858910598710488,0.00041259594520694627
2019-02-26,0.0051221399428719285,0.014849554049386817,-0.0022568031495615319
2019-02-27,-0.0019726699086942273,-0.0019726699086942273,-0.0001302476993531646
2019-02-28,-0.0074179464966529478,-0.0058473661888387525,-0.0016933446423301733
2019-03-01,0.00020177753927070501,-0.0040679767625870595,0.006001968904159433
2019-03-04,0.0023275955337170294,0.0058455005327674543,-0.0052356469812449439
2019-03-05,0.0056942643694941402,0.0056942643694941402,-0.0024172794250080384
2019-03-06,-0.0023709774224034306,-0.0023709774224034306,-0.0081541566247966477
2019-03-07,0.0016385324967429504,0.0016385324967429504,-0.0068434109002322467
2019-03-08,0.0060779894976912135,0.0060779894976912135,-0.0022425341944231061
2019-03-11,0.0015391049872916841,0.001923881234114605,0.014348060941937789
2019-03-12,0.0028477988387896058,0.0071194970969740146,0.0028075001558137041
2019-03-13,0.0029356616602587149,0.0073391541506467872,0.0065874070160961001
2019-03-14,-0.0021484302086833165,-0.0053710755217082906,-0.00084782527474176197
2019-03-15,-0.00020566619809994082,-0.000514165495249852,0.0041436747855262308
2019-03-18,0.0025602523420972913,0.0064006308552432278,0.0039944487101395395
2019-03-19,0,0,-0.0016699551525315834
2019-03-20,0,0,-0.0058332540570974652
2019-03-21,0.0072480548105266166,0.018120137026316541,0.013572258215903734
2019-03-22,0.0027979303823256977,0.0069948259558142434,-0.020104124819954924
2019-03-25,0.0013794114376409095,0.0034485285941022736,0.00012319053764533143
2019-03-26,0.0027790815878315114,0.0069477039695787779,0.007235432049831317
2019-03-27,-0.0019304799463288225,-0.0048261998658220562,-0.0042824761931097794
2019-03-28,0.00074092220316868129,0.0018523055079217032,0.0057120628128713644
2019-03-29,0.0020379578218223671,0.0025474472772779588,0.0073237475253197853
2019-04-01,0.00034089290800340958,0.00085223227000852386,0.012278840674376422
2019-04-02,-0.0010775516006826802,-0.0026938790017067005,-0.00067196520950907584
2019-04-03,-0.0013399941818147631,-0.0016749927272684539,0.0034592515313973892
2019-04-04,-0.0076135442932881107,-0.0095169303666101379,0.0014178781342224897
2019-04-05,0.0048430705189369322,0.0060538381486711645,0.0067695936971389151
2019-04-08,0.0043156743683415493,0.005394592960426936,0.00077842236385192479
2019-04-09,0.00013731832969297031,0.00034329582423242577,-0.0075880943881039007
2019-04-10,-0.001426271203351104,-0.0035656780083777595,0.0053978958559722685
2019-04-11,-0.0002951587279692578,-0.00036894840996157252,0.0021393224730509065
2019-04-12,-0.0011646247058524795,-0.0029115617646311986,0.0072527093610235578
2019-04-15,-0.0043511343249855953,-0.0054389179062319937,-0.00148166985303002
2019-04-16,0.0080842013065977603,0.0080842013065977603,-0.0011513331373615141
2019-04-17,0.0045820323289508576,0.0045820323289508576,-0.0068876932418273093
2019-04-18,-0.015354297044956436,-0.039781782986167066,0.0027949761046334024
2019-04-22,0.012545468845038986,0.012545468845038986,-0.0013158099380362156
2019-04-23,-0.0045360672396101871,-0.0058477442300546743,0.0095310908046409518
2019-04-24,-0.0021644363492323571,-0.0021644363492323571,0.00091387367245086197
2019-04-25,0.0085883979302608365,0.0085883979302608365,-0.0040262809193524962
2019-04-26,0.014207862265111264,0.014207862265111264,0.0058697029235356846
2019-04-29,-0.0047403216795679015,-0.0047403216795679015,0.00037076517555892298
2019-04-30,0.014884031267653211,0.017684087414709778,0.004745731050797999
2019-05-01,0.0028770927917781339,0.0046732770957891787,-0.0089325983424160156
2019-05-02,0.0042421351228520629,0.0042421351228520629,0.001255737513064892
2019-05-03,0.0014919193789404801,0.0014919193789404801,0.0094344396883907222
2019-05-06,0.004134870607197862,0.004134870607197862,-0.0041239637746782326
2019-05-07,-0.0041152426556329905,-0.0036310152381305821,-0.016299522781411484
2019-05-08,-0.0044132088731139822,-0.0044132088731139822,-0.0019330556568613396
2019-05-09,0.0034263058410969474,0.0040136530153418093,-0.0013704972428565374
2019-05-10,0.0069586113436364257,0.0069586113436364257,0.0042070340262926175
2019-05-13,-0.0010824853424335821,-0.0010824853424335821,-0.024324282976182127
2019-05-14,0.0066650445309863748,0.0083313056637329685,0.010027498327338754
2019-05-15,-0.00024349752782824017,-0.00030437190978530038,0.0038710100455236008
2019-05-16,0.0071863614873321161,0.017965903718330289,0.0077589713809763398
2019-05-17,-0.004982684098901991,-0.0062283551236274881,-0.0073731351120367656
2019-05-20,-0.0028193056358580383,-0.0035241320448225477,-0.0063207070026482862
2019-05-21,0,0,0.011254482838779157
2019-05-22,0,0,-0.0039961219580833506
2019-05-23,0,0,-0.012595704648545271
2019-05-24,0.0058265750173078779,0.0072832187716348473,0.0021033609336784404
2019-05-28,-0.0070028650541477337,-0.017507162635369333,-0.0095182776800613548
2019-05-29,0.0018529872183095097,0.0046324680457737744,-0.0068647411270455431
2019-05-30,0.002039494782544349,0.005098736956360872,0.0026072661834149803
2019-05-31,0.022145208615561553,0.022145208615561553,-0.010235604315252106
2019-06-03,0.0056067560754272843,0.0056067560754272843,0.0039689470706851223
2019-06-04,0.0054612163537369092,0.0068265204421711356,0.02265605097704115
2019-06-05,-0.0011340742203131528,-0.0014175927753914408,0.0082023656033238697
2019-06-06,-0.0030587381301470764,-0.0038234226626838452,0.0052555325877097154
2019-06-07,-7.0379666853437241e-05,-8.797458356679666e-05,0.0072004900524964928
2019-06-10,0.00097282092440016416,0.001216026155500205,0.0043712923858684636
2019-06-11,0,0,-0.0015887157770078891
2019-06-12,0,0,-0.0011417094909791576
2019-06-13,0,0,0.0061298956116003457
2019-06-14,0,0,-0.0031959158151725095
2019-06-17,0,0,-0.00060621321300147744
2019-06-18,0,0,0.010489351258204105
2019-06-19,0,0,0.0050951710766527882
2019-06-20,0,0,0.0094422574776722949
2019-06-21,0,0,-0.0036725227062798711
2019-06-24,0,0,-0.003730198354206374
2019-06-25,0,0,-0.0078502726867084611
2019-06-26,0.029544233852682879,0.036930292315853597,-0.0025957595536721151
2019-06-27,0.002852111633668164,0.003565139542085205,0.0075109912586279063
2019-06-28,0.0035373696224910494,0.0044217120281138111,0.0089021422072069097
2019-07-01,0.0080033334604603396,0.010004166825575422,0.0071307743155526139
2019-07-02,0.0017044081189523828,0.0021305101486904787,0.0010798197518031105
2019-07-03,0.0021552084225476831,0.0026940105281846038,0.0089021591017527432
2019-07-05,0,0,-0.0014491339670097787
2019-07-08,0,0,-0.0058139165830749439
2019-07-09,0,0,0.00084596495244898767
2019-07-10,0,0,0.0020107158774440147
2019-07-11,0,0,0.0014185546988320845
2019-07-12,0,0,0.0073634387264968305
2019-07-15,0,0,-0.00046627799389667852
2019-07-16,0,0,-0.0020476947259239968
2019-07-17,0,0,-0.0072069324234441566
2019-07-18,0.0091703303776580654,0.011462912972072581,0.0038139045869916245
2019-07-19,0.0069728291529920373,0.014441169200762974,-0.0052367980124941966
2019-07-22,-0.0045795404803181602,-0.0065337138544684734,0.0012387863238046721
2019-07-23,0.0010607016627643792,-0.0026970183869660935,0.0081486141819595639
2019-07-24,-0.017707713745207986,-0.022420193197960646,0.0074307807389888923
2019-07-25,0.016009940618449302,0.016009940618449302,-0.0059879808955039708
2019-07-26,0.0012007165398575123,0.0012007165398575123,0.005302449284565954
2019-07-29,0.0055057502703904585,0.0055057502703904585,-0.0027258767251111945
2019-07-30,0.0034232115663521412,0.0034232115663521412,0.0011702363749734085
2019-07-31,0.0020518597008052772,0.0020518597008052772,-0.009841373024098491
2019-08-01,5.1107860672288969e-05,5.1107860672288969e-05,-0.0099740800085167964
2019-08-02,0.0033609652943387275,0.0033609652943387275,-0.0085547389879430131
2019-08-05,0.0012679745029125639,0.0012679745029125639,-0.029160300652549116
2019-08-06,0.0053089006230217402,0.0053909680567377997,0.012747978474691555
2019-08-07,0.013385537677713838,0.016116850970812301,0.0025407629657551011
2019-08-08,0.0034741858555758422,0.0013650286534051448,0.020626764702924953
2019-08-09,-0.0039675423560098545,-0.0053381091466851646,-0.0071554200864979503
2019-08-12,-0.010506344747782642,-0.010506344747782642,-0.013242993404215482
2019-08-13,0.0064589215740010197,0.0064589215740010197,0.013174844545933205
2019-08-14,-0.017589708946072286,-0.017589708946072286,-0.029356470648014225
2019-08-15,-0.0027922394074129803,-0.0027922394074129803,0.0018269966665557327
2019-08-16,0.0046384256949677741,0.011596064237419434,0.016584412660521825
2019-08-19,0,0,0.011049957026503961
2019-08-20,0.00054551952219195066,0.0013637988054798766,-0.0070044806712629025
2019-08-21,0.0015034577803562767,0.0037586444508906913,0.008310159830148562
2019-08-22,0.0053078832875135262,0.0066348541093919078,-9.3285961663627052e-05
2019-08-23,-0.01066528323026652,-0.01333160403783315,-0.025748235272859632
2019-08-26,0.0055273229443625121,0.0069091536804531395,0.0093761228727702421
2019-08-27,0.00025596771767375518,0.00031995964709219393,-0.0049488539349479728
2019-08-28,0.0052420004779240251,0.006552500597405031,0.0072853793701299369
2019-08-29,0.0028758600153588002,0.0071896500383969997,0.013216958511163279
2019-08-30,-0.001649187821348308,-0.002061484776685385,0.0019009732228574456
2019-09-03,-0.00058946943546320804,-0.0014736735886580199,-0.0068155814720435356
2019-09-04,0.0027886480560006979,0.0069716201400017441,0.010647741373814535
2019-09-05,0.002560236892614354,0.0064005922315358843,0.013667398227755577
2019-09-06,0.00215241861359603,0.0053810465339900748,0.001605167635365817
2019-09-09,-0.00096568964676695406,-0.002414224116917385,0.0013242811026112453
2019-09-10,0,0,0.002024267294276222
2019-09-11,0,0,0.0072545238274929289
2019-09-12,0,0,0.0017921023989412609
2019-09-13,0,0,0.00024607474550960277
2019-09-16,0,0,0.00057717304239930374
2019-09-17,0,0,0.002887632894303451
2019-09-18,0,0,-0.0012295621331934602
2019-09-19,0,0,-0.0014701078648945614
2019-09-20,0,0,-0.0044439771574214639
2019-09-23,0,0,0.00027274331714310831
2019-09-24,0,0,-0.0079194175723528229
2019-09-25,0.0083275497897216336,0.020818874474304083,0.0061403512710996458
2019-09-26,0.0029952601153283354,0.0074881502883208384,-0.0023635619876498305
2019-09-27,-0.0043410879840976918,-0.0054263599801221141,-0.0067045881587077276
2019-09-30,0.0061303518495271266,0.0076629398119089087,0.0051003139205375754
2019-10-01,-0.011315240856009191,-0.014144051070011487,-0.014783818912836488
2019-10-02,-0.010247334440025235,-0.010247334440025235,-0.017276973328713367
2019-10-03,0.0019685930851600641,0.0019685930851600641,0.0080227872412023237
2019-10-04,0.0089781724479880871,0.011222715559985108,0.012402829755111703
2019-10-07,-0.0024698186902553988,-0.0030872733628192484,-0.0047407443077840672
2019-10-08,-0.0018785556841276918,-0.0046963892103192295,-0.017363459439634379
2019-10-09,-0.00028810047470178012,-0.00072025118675445032,0.009062947969529174
2019-10-10,-0.00085333449137843249,-0.0021333362284460811,0.0054461816047313783
2019-10-11,0,0,0.013507392007277613
2019-10-14,0,0,-0.002207402479313102
2019-10-15,0,0,0.0088216809239230892
2019-10-16,-0.004090093219519142,-0.0051126165243989274,-0.0027432184864816696
2019-10-17,0.0045931126072379664,0.0040199456960693563,0.0047768473909380865
2019-10-18,-0.011870640935413032,-0.011870640935413032,-0.0012808767950023986
2019-10-21,0.00041551434550013422,0.00041551434550013422,0.0060109575277353762
2019-10-22,-0.0050553475772046235,-0.0050553475772046235,-0.0024974445259856423
2019-10-23,0.0055525241157659225,0.006082510168764532,0.0033046139671925124
2019-10-24,0.011503372172522893,0.011503372172522893,0.0035880769884074903
2019-10-25,0.0031519468594065933,0.0031519468594065933,0.0026988448496169551
2019-10-28,-0.0041713196882835228,-0.0041713196882835228,0.0023608148237512054
2019-10-29,0.00065766038464235314,0.0010361888796173754,0.0034068318847165686
2019-10-30,0.00755361221697721,0.00755361221697721,0.0017276554099553728
2019-10-31,0.0073725124451039896,0.0073725124451039896,-0.0063827266699147027
2019-11-01,0.0084564384011434519,0.0084564384011434519,0.010736060931377899
2019-11-04,0.010317874550054867,0.012586642058153963,0.0042378443041106856
2019-11-05,0.0097430651640109354,0.025479123741247566,-0.0012553233405942093
2019-11-06,0.015619933135688914,0.015619933135688914,-0.00026121442435884712
2019-11-07,0.0073331556468576743,0.0073331556468576743,0.0017332179297867999
2019-11-08,-0.0091795431136379863,-0.0091795431136379863,0.0031454202080317168
2019-11-11,0.0051459108200100287,0.0051459108200100287,-0.0010662475525969016
2019-11-12,-0.0026397070063197805,-0.0051670895808877066,0.0015743458049622505
2019-11-13,-0.0027578648420716889,-0.0027578648420716889,0.0010679158995818791
2019-11-14,-0.0034157246868666462,-0.0034157246868666462,0.0024081673171741521
2019-11-15,0.0076205516498158319,0.0095256895622697901,0.0080750303112657202
2019-11-18,-0.0011720897242663453,-0.0029302243106658632,-0.00033832968267671123
2019-11-19,0,0,0.0009814323102116686
2019-11-20,0,0,-0.0020684283408581748
2019-11-21,0.0019300271503722489,0.004825067875930622,-0.0036734482612925824
2019-11-22,-0.00098714265704815687,-0.0024678566426203918,0.0031664824194390278
2019-11-25,-0.0028814064917873864,-0.0072035162294684651,0.0088696622908339528
2019-11-26,0.0043025084484601631,0.0053781355605752035,0.0028008831511162902
2019-11-27,0.00075743519925304276,0.00094679399906630324,0.0040610083960031405
2019-11-29,-0.0029663224828271328,-0.0029663224828271328,-0.0049989212590009508
2019-12-02,-0.0092137095757726332,-0.011517136969715791,-0.0090939000298315264
2019-12-03,-0.0037998364555507317,-0.0047497955694384142,-0.0060448739959535185
2019-12-04,-0.0031152414507014119,-0.0038940518133767643,0.0068905596711052817
2019-12-05,-0.00083494496053904133,-0.0020873624013476033,0.0014359890459550208
2019-12-06,7.3323516461232209e-05,9.1654395576540315e-05,0.0077108342664514735
2019-12-09,0.0012628555073458615,0.0031571387683646535,-0.0025042385478908817
2019-12-10,-0.00078415771097140041,-0.001960394277428501,-0.00078954045574912163
2019-12-11,0.0008818397763343367,0.0022045994408358416,0.0027641970159492462
2019-12-12,-0.0015993191121250084,-0.0039982977803125208,0.0084180498741529119
2019-12-13,0.0018333849053419283,0.0045834622633548205,-0.0015732402420749042
2019-12-16,0.0012216070439269979,0.0030540176098174943,0.0068671724607547013
2019-12-17,0,0,0.00014208893652542116
2019-12-18,0.0039264162912119099,0.0098160407280297735,0.00085707788294030792
2019-12-19,0.0016015824400203993,0.0040039561000509982,0.0041802272992038595
2019-12-20,0.0026048425383763622,0.0065121063459409045,0.0067170171401660502
2019-12-23,0.0037106087303268699,0.0046382609129085872,-0.00038816820333531775
2019-12-24,-0.0027613602400111017,-0.0034517003000138768,0.0003977979354412746
2019-12-26,0.0010266069084391869,0.0012832586355489839,0.0028159066640694652
2019-12-27,0,0,-0.00085159852132001728
2019-12-30,-0.0012082115617648938,-0.0030205289044122341,-0.0041671676457491888
2019-12-31,-0.00074463189725753058,-0.0018615797431438263,0.0035894323310180706
2020-01-02,0,0,0.0043205629799785818
2020-01-03,0,0,-0.0046850687610625226
2020-01-06,0,0,0.0015874705095620428
2020-01-07,0,0,-0.0012053733187783213
2020-01-08,0,0,0.0035735159827627564
2020-01-09,0.0034690993190286349,0.0086727482975715864,0.0052184053855464756
2020-01-10,-0.0053824427656203218,-0.013456106914050803,-0.002424585644583054
2020-01-13,6.3713807017951046e-05,0.0001592845175448776,0.0079310758848088296
2020-01-14,0.0025359455538386923,0.0063398638845967303,0.00049849627856464679
2020-01-15,-0.0025367061926446915,-0.0025367061926446915,0.0022335109982834201
2020-01-16,0.00025386748095749807,0.00015505707424273707,0.0093469102536815896
2020-01-17,-0.0020992066909036435,-0.0024865466897242335,0.0023144546537525869
2020-01-21,-0.007606593534496886,-0.007606593534496886,-0.003453225202464653
2020-01-22,-0.004566581598415085,-0.004566581598415085,0.00010434202471283358
2020-01-23,0.0017233569478524685,-0.0038972766741535089,0.0028500951934021771
2020-01-24,0.0023015914495994826,0.0039765561393579341,-0.0094388190428622044
2020-01-27,-0.0098706114561528668,-0.0084293051000543465,-0.014922200041406928
2020-01-28,0.00066292749868768295,-0.0010485916313496928,0.0096006884895893461
2020-01-29,0.010556514700229225,0.010556514700229225,-0.0023964840846684757
2020-01-30,0.012406549558582764,0.012406549558582764,0.0023197174983140105
2020-01-31,-0.001298019781329195,-0.001298019781329195,-0.018202617267999592
2020-02-03,-0.001591992681897585,-0.001591992681897585,0.0077398678384211364
2020-02-04,0.0052204245352389812,0.0052204245352389812,0.015270300723528345
2020-02-05,0.00467957199243553,0.00467957199243553,0.011440588877290154
2020-02-06,-0.0044583603588122106,-0.0044583603588122106,0.00019583508650182878
2020-02-07,-0.0027167130142622042,-0.0027167130142622042,-0.0066496063615294554
2020-02-10,-0.0014969208320281956,-0.0014969208320281956,0.0061985708825992875
2020-02-11,-0.0028271582280295408,-0.0028271582280295408,0.0065600819381423734
2020-02-12,0.00080076531715952992,-0.0012180438432555065,0.0065400875168152269
2020-02-13,0.0061938620758397065,0.0061938620758397065,-0.00012794132406632072
2020-02-14,0.0012470778510185365,0.0012470778510185365,0.0015574020673874962
2020-02-18,-0.0038900783244069544,-0.01221806018086815,-0.0023106767708236334
2020-02-19,-0.0050026447039794499,-0.0059660821280573999,0.0043162791753266266
2020-02-20,0.0096423208254277221,0.011185002791549372,-0.00052987033929958311
2020-02-21,-0.010127890113642263,-0.010127890113642263,-0.0089808069658883286
2020-02-24,-0.006504061545933127,-0.00679034342254985,-0.029793382300940339
2020-02-25,0.0010830642103926823,0.0036524478621133344,-0.032212824788186593
2020-02-26,-0.00060088911022423562,6.1109986339073731e-05,-0.008799507564720959
2020-02-27,-0.016734672729873831,-0.016734672729873831,-0.039222637339519431
2020-02-28,-0.022973847469801592,-0.022973847469801592,-0.012214721721403608
2020-03-02,0.026449180631703012,0.026449180631703012,0.039199615643159345
2020-03-03,0.0062591611210135473,0.0091357837966403576,-0.0233627406375508
2020-03-04,0.021462821054922809,0.021462821054922809,0.03900142350683912
2020-03-05,-0.010435388687461265,-0.010435388687461265,-0.034243109332968064
2020-03-06,-0.0026055884708861554,-0.0026055884708861554,-0.021079663045231876
2020-03-09,-0.011673563041180569,-0.01459195380147571,-0.087370839694993235
2020-03-10,0.010896898575020943,0.027242246437552353,0.046976618028132563
2020-03-11,-0.0099704746763570329,-0.024926186690892582,-0.055795488408320708
2020-03-12,-0.031839368949444259,-0.079598422373610644,-0.10289908618268231
2020-03-13,0.012366737739872092,0.030916844349680228,0.083150008210298693
2020-03-16,0,0,-0.12825034065121751
2020-03-17,0,0,0.050589447970018117
2020-03-18,0,0,-0.077592741514050836
2020-03-19,0,0,0.02525382979623729
2020-03-20,0,0,-0.036144551593534496
2020-03-23,0,0,-0.033373076719661963
2020-03-24,0,0,0.11276437671550904
2020-03-25,0.018470751083293192,0.046176877708232977,0.031638091613362007
2020-03-26,0.013390778791827262,0.033476946979568156,0.062898884636346214
2020-03-27,-0.0025384956986026722,-0.0063462392465066797,-0.034453585456753026
2020-03-30,0.0051663179916317864,0.012915794979079465,0.025965495985731338
2020-03-31,-0.00618413472078474,-0.015460336801961849,-0.0156435795262902
2020-04-01,-0.0084843159975641191,-0.021210789993910295,-0.053143819434146831
2020-04-02,0.0022971139106977125,0.0057427847767442808,0.013732376062597413
2020-04-03,0,0,-0.016492908229061801
2020-04-06,0,0,0.081686105489033545
2020-04-07,0,0,0.0083590681542193151
2020-04-08,0,0,0.044908477912346895
2020-04-09,0,0,0.025469454432058006
2020-04-13,0,0,-0.021691607808968141
2020-04-14,0,0,0.026009630394379361
2020-04-15,0,0,-0.033411151071481994
2020-04-16,-0.00040372435719511214,-0.0010093108929877803,-0.0026366437674142451
2020-04-17,0.008622969300991868,0.021557423252479668,0.041820697189689539
2020-04-20,-0.0024175326229078703,-0.0030219157786348372,-0.021099464654174043
2020-04-21,0.012233761872533768,0.012233761872533768,-0.030651179530845046
2020-04-22,0.0093423999189991367,0.0093423999189991367,0.020910185371182752
2020-04-23,-0.0049730439807749707,-0.0049730439807749707,0.0026636505039559916
2020-04-24,-0.0039318553800211141,-0.0039318553800211141,0.014591744806972505
2020-04-27,-0.017329195092698889,-0.017329195092698889,0.027857593658462208
2020-04-28,0.0031903031735481552,0.0031903031735481552,0.0088122392606732377
2020-04-29,-0.0006376713862082284,-0.0006376713862082284,0.031663492295043533
2020-04-30,0.0021453663760505406,0.0021453663760505406,-0.022707461980959732
2020-05-01,0.0035241347451706803,0.0035241347451706803,-0.032927331080475686
2020-05-04,0.00046599643823684329,0.00046599643823684329,0.002170506136231762
2020-05-05,-0.0081994157936509816,-0.0081994157936509816,0.0079934765957985782
2020-05-06,0.010042776819385261,0.010042776819385261,-0.012053904693254725
2020-05-07,-0.00678523997146562,-0.00678523997146562,0.01890660736995052
2020-05-08,0.0044565556458918644,0.0044565556458918644,0.02594333325554225
2020-05-11,0.0044304639929566994,0.0044304639929566994,-0.0079284427855073874
2020-05-12,0.0013881386275148783,0.0013881386275148783,-0.025223645230099144
2020-05-13,0.0076713579799606996,0.0076713579799606996,-0.026429905446495927
2020-05-14,-0.0004847204725008103,-0.0096280253113856223,0.014368683970784508
2020-05-15,0.0048684241812071948,0.0046678638977163261,0.0029525831255731608
2020-05-18,0.0024988980800372818,-0.051347255766116574,0.051282846618725474
2020-05-19,0.0010537671987418396,0.0026344179968545989,-0.011719868805319821
2020-05-20,0,0,0.01870668031164106
2020-05-21,-0.012131701918908227,-0.015912686101035994,-0.0048762697535233209
2020-05-22,0.011249156781484849,0.011249156781484849,0.0021712417122860071
2020-05-26,-0.0026416666209577075,-0.0026416666209577075,0.027500425148350927
2020-05-27,0.015940560417178156,0.015940560417178156,0.021444369033477864
2020-05-28,-0.00028365622575133795,0.0030547892532831744,-0.0056398276329744316
2020-05-29,0.018261042563353234,0.020911653623110441,0.0031761614333690974
2020-06-01,0.0054310754317938338,0.005644618228140233,0.0089588251377314045
2020-06-02,0.0039836963706365207,0.001311062634386591,0.012219178691682009
2020-06-03,-0.0070871107995594818,-0.0088588884994493522,0.02431872422243524
2020-06-04,-0.0068494953286422971,-0.0085618691608028707,0.00084512787953742172
2020-06-05,0.00024082553864583156,0.00024082553864583156,0.031754064303807332
2020-06-08,0.0024696597468705597,0.0024696597468705597,0.018349882427389996
2020-06-09,0.0021280498991011142,0.0053201247477527858,-0.020220255803634797
2020-06-10,-0.00058086767108369577,-0.0014521691777092394,-0.016490900698253451
2020-06-11,-0.0099035135627161715,-0.024758783906790427,-0.065499990283165277
2020-06-12,0.0021068760773797824,0.0052671901934494558,0.019108780100053124
2020-06-15,0.0037528430629264701,0.0093821076573161744,0.012231965082772035
2020-06-16,0,0,0.018697969714559257
2020-06-17,0,0,-0.0077144869069166924
2020-06-18,0,0,-0.00034578790162240788
2020-06-19,0,0,-0.0086915139864255381
2020-06-22,0,0,0.0025716926253261997
2020-06-23,0,0,0.00074166585685286847
2020-06-24,0,0,-0.031995295188165296
2020-06-25,0,0,0.010844233144286723
2020-06-26,-0.012382840133174384,-0.012382840133174384,-0.021122955120682178
2020-06-29,0.010429473374216808,0.010429473374216808,0.018886071359656056
2020-06-30,-0.00099096097924080318,-0.00099096097924080318,0.015084916419230782
2020-07-01,0.017341488389262472,0.017341488389262472,-0.00057798614953960331
2020-07-02,-0.00041569411473072458,-0.00041569411473072458,0.0056353595729164959
2020-07-06,0.001989548038289257,0.001989548038289257,0.011470783304142961
2020-07-07,-0.0014168968287454615,-0.0017711210359318275,-0.015295359883096145
2020-07-08,0.0011438522763322469,0.0014298153454153084,0.0048368139822124465
2020-07-09,-0.0047450930814734171,-0.0059313663518417714,-0.013353632053524302
2020-07-10,0.0027854479979215088,0.0069636199948037714,0.014985250003216422
2020-07-13,0,0,-0.0066151518155046583
2020-07-14,0,0,0.017119167884225645
2020-07-15,0.0095977516796697873,0.011997189599587232,0.020773522698633022
2020-07-16,-0.00643486484389933,-0.012468749890744563,-0.0021991182619744564
2020-07-17,-0.00030091640241681128,0.0053281899696851209,0.0050268527449281166
2020-07-20,-0.0034943241982061442,-0.0032613020741289458,-0.0032262442007089049
2020-07-21,0.010267115559797601,0.010267115559797601,0.0087809165903744192
2020-07-22,-0.0026483969072156853,-0.0026483969072156853,0.0074445875093617211
2020-07-23,0.0034077288097873752,0.00853889930099197,-0.0033762425297914674
2020-07-24,0.0014455525762808227,0.0081336873298106741,-0.0074059088617016433
2020-07-27,-0.0026255477299011198,-0.010986328069399484,0.0051529923934086818
2020-07-28,0.022014267311646515,0.028480514140944983,-0.0062083037899382685
2020-07-29,0.012476046747819124,0.012476046747819124,0.017068906136134782
2020-07-30,0.0037100521445822721,0.0037100521445822721,-0.0069577631379717196
2020-07-31,0.0024387767546102169,0.0024387767546102169,-0.00078540965205890713
2020-08-03,0.0073027085481438807,0.0073027085481438807,0.0048612694218295631
2020-08-04,0.0034400370239464364,0.0034400370239464364,0.0053462706113553979
2020-08-05,0.0050105406701366501,0.0050105406701366501,0.0077281591078624994
2020-08-06,-0.0019860841679861397,-0.0019860841679861397,0.00074397308636168569
2020-08-07,-0.00021576967962963619,-0.00021576967962963619,0.0084060976828288243
2020-08-10,-0.0061100148788729349,-0.0061100148788729349,0.0088857631529941673
2020-08-11,0.0071149990803111521,0.0071149990803111521,-0.0027815843230249424
2020-08-12,0.0063519358794452896,0.0093867885826798038,0.0086767103004012705
2020-08-13,-0.00022165536075383747,-0.00022165536075383747,-0.0035755753452736613
2020-08-14,0.001146743161131383,0.001146743161131383,0.0013056876499462878
2020-08-17,0.0025734649610175777,0.0025734649610175777,0.0015771566591659873
2020-08-18,0,0,-0.0034879642791687251
2020-08-19,-0.0015013920323672548,-0.0018767400404590684,-0.0042373888786564409
2020-08-20,0.0066808225201954513,0.0066808225201954513,-0.0045324683126853078
2020-08-21,0.0021416978787681764,0.0021416978787681764,-0.00059455081622646836
2020-08-24,0.0064818993124034496,0.0064818993124034496,0.013334706411362736
2020-08-25,0.0022118990963290171,0.0022118990963290171,0.00032233089718126912
2020-08-26,0.0037673297054528947,0.0037673297054528947,0.00023997171857152068
2020-08-27,-0.0049816258818419076,-0.0049816258818419076,0.004843504268186658
2020-08-28,0.0016854481285374842,0.0016854481285374842,0.0083858303806214687
2020-08-31,-0.0020159724723961543,-0.0020159724723961543,-0.0065807580458396315
2020-09-01,0.00031620601032265438,0.00031620601032265438,0.0047380856220239848
2020-09-02,0.0068078223689260753,0.0068078223689260753,0.017761400398345194
2020-09-03,-0.010205359958304067,-0.010205359958304067,-0.026130376736776574
2020-09-04,-0.00097225831018042197,-0.00097225831018042197,-0.0043148141478886121
2020-09-08,-0.0066310944373207505,-0.0082888680466509379,-0.022161541476725451
2020-09-09,-0.005290863240064299,-0.005290863240064299,0.0147983576653493
2020-09-10,-0.0070100530662039837,-0.0070100530662039837,-0.014559611808304332
2020-09-11,-0.0038054330543927,-0.0038054330543927,0.0039179501013198257
2020-09-14,-0.0086287478336854358,-0.010785934792106794,0.017117375336452353
2020-09-15,0.00033300039071351142,0.00041625048839188938,0.002367557911666309
2020-09-16,0.0031271820454208763,0.0031271820454208763,0.0055238965718080136
2020-09-17,-0.0052897095237424141,-0.0052897095237424141,-0.005604476708913079
2020-09-18,0.0032405905906360386,0.0040507382382950485,-0.010366556952041823
2020-09-21,-0.0018222194135692818,-0.0022777742669616019,-0.022086571117066297
2020-09-22,0.0055939544154925526,0.0069924430193656906,0.0064244468039440714
2020-09-23,0.0078397219955429302,0.0078397219955429302,-0.021879989483522308
2020-09-24,0.0016718854047866661,0.0016718854047866661,0.0021240067102981618
2020-09-25,-0.00017660469027033733,-0.00017660469027033733,0.014131024143811604
2020-09-28,0.0065012168933094028,0.0065012168933094028,0.018567677958383044
2020-09-29,-0.0014680637195832087,-0.0014680637195832087,-0.0062290846850965812
2020-09-30,0.0069397772526133081,0.0069397772526133081,0.0064858007076000262
2020-10-01,0.003688326647532038,0.003688326647532038,0.0042458042946697154
2020-10-02,-0.0060938312091335604,-0.0060938312091335604,0.0032351177596136823
2020-10-05,0.0045937067924148494,0.0045937067924148494,0.01832892887858284
2020-10-06,-0.0032338032968437292,-0.0080845082421093228,-0.0092435341827440693
2020-10-07,0.0046755437115815202,0.0058444296394769002,0.016891399120565372
2020-10-08,0.0091234435279992452,0.0091234435279992452,0.013972324851031953
2020-10-09,-0.0011279426098918703,-0.0011279426098918703,0.0031538927357352251
2020-10-12,0.0043325518104530558,0.0043325518104530558,0.007529532737363862
2020-10-13,-0.0018417802020583851,-0.0023022252525729814,-0.0080743747229986319
2020-10-14,0.001792593449995078,0.001792593449995078,-0.0028471909931028247
2020-10-15,0.00020126563142823029,0.00020126563142823029,0.0031856435174732311
2020-10-16,-7.6239540286034526e-05,-7.6239540286034526e-05,-0.000989995551652212
2020-10-19,-0.0077756419319854452,-0.0077756419319854452,-0.013053162596908028
2020-10-20,0.0051269475583697547,0.0051269475583697547,0.0054348983760667893
2020-10-21,-0.0021131956548497699,-0.0021131956548497699,-0.0042278638884534229
2020-10-22,0.018656581020667924,0.021010528438019458,0.010634131937531772
2020-10-23,0.0060763797138191191,0.008100367719816131,0.00509878035522988
2020-10-26,-0.0062227759742493468,0.003105525912543111,-0.022134789293745672
2020-10-27,0.0067107385080480402,0.025572555273530383,-0.011687535488146335
2020-10-28,-0.0020768268759987188,-0.0020768268759987188,-0.030371000635388987
2020-10-29,-0.0080272418942939662,-0.0080272418942939662,0.010961101354308231
2020-10-30,-0.0048574970156077682,-0.0048574970156077682,-0.0043541687186181973
2020-11-02,-0.00052631646024895676,-0.00052631646024895676,0.020816183595218939
2020-11-03,-0.014606930261031,-0.014606930261031,0.020842997319090981
2020-11-04,-0.016090259919771074,-0.020799908450784763,0.0054899138575212666
2020-11-05,0.0084006129872637517,0.0053822196528823651,0.020497968509112348
2020-11-06,0.0019201291420620984,0.0067319720603703278,-0.0012749170586875598
2020-11-09,0.015138574228043392,0.002751199881082883,0.03620826767413006
2020-11-10,-0.00023215845455851637,-0.010562871292136277,0.0067468076776939258
2020-11-11,0.0009504993435570198,0.0009504993435570198,0.0013045450396110981
2020-11-12,-0.0096068550643920812,-0.0096068550643920812,-0.01415349861578276
2020-11-13,0.01303934928559188,0.01303934928559188,0.020289553754641938
2020-11-16,0.0099700623613849168,0.0099700623613849168,0.018223237111490369
2020-11-17,-0.0032648355322452138,-0.0032648355322452138,-0.0025557033860236474
2020-11-18,0.0011871967835155686,0.0011871967835155686,-0.011009884582909203
2020-11-19,0.00069347067756099501,0.00069347067756099501,0.0051258130297580917
2020-11-20,-0.00065033148132428347,-0.00065033148132428347,-0.005301136527819713
2020-11-23,0.012095035635964136,0.012095035635964136,0.013636332658489026
2020-11-24,0.007790125062995968,0.007790125062995968,0.017760851101496278
2020-11-25,-0.00045944325170926088,-0.00045944325170926088,-0.0046050733257936727
2020-11-27,0.0012195512909718986,0.0012195512909718986,0.00082364624043463426
2020-11-30,-0.00081497060452686578,-0.00081497060452686578,-0.0083937176748271596
2020-12-01,0.0026488056370428019,0.0026488056370428019,0.0091044075444796941
2020-12-02,0.001318099587349445,0.001318099587349445,0.00081697366024579892
2020-12-03,-0.0036804280937317579,-0.0036804280937317579,0.0043366685607095128
2020-12-04,0.00056201981431232013,0.0014050495357808002,0.014839080365575174
2020-12-07,0,0,-0.0040929301722400953
2020-12-08,0,0,0.0033596202752528802
2020-12-09,0,0,-0.0043656680673291037
2020-12-10,0,0,-0.00025719839544943436
2020-12-11,-0.0078595209862722948,-0.0078595209862722948,-0.0040073282184423156
2020-12-14,0.0054427513499220315,0.0054427513499220315,-0.0064513144195890923
2020-12-15,-0.00049348037332891392,-0.00049348037332891392,0.015197520088137351
2020-12-16,0.0035278694347785772,0.0035278694347785772,-0.001101131112590334
2020-12-17,0.0095886439405767909,0.0095886439405767909,0.0079369135561532314
2020-12-18,-0.0017921372364438359,-0.0017921372364438359,-0.002609521563401245
2020-12-21,-0.0044829106181566991,-0.0044829106181566991,-0.0058443976030811843
2020-12-22,0,0,-0.001971543299813262
2020-12-23,0,0,0.0039070014360316138
2020-12-24,0.00065668411497394892,0.0016417102874348721,0.0023524791909013349
2020-12-28,-0.00086583383803453542,-0.0021645845950863385,0.00088736712493360081
2020-12-29,-0.002460243137167817,-0.0061506078429195421,-0.0049532166116839152
2020-12-30,-0.0021471070642920644,-0.0053677676607301605,0.0064989142238531415
2020-12-31,0.0022572844650692761,0.0056432111626731896,0.0072680917002907732
2021-01-04,0,0,-0.016453284780984439
2021-01-05,0,0,0.0097293275289244315
2021-01-06,0,0,0.021291547482750597
2021-01-07,0,0,0.01057430551862874
2021-01-08,0,0,0.0022044977857717872
2021-01-11,0,0,-0.0013282188450998383
2021-01-12,0,0,0.0069013628933028833
2021-01-13,0,0,-0.0024485893488282885
2021-01-14,0,0,0.0026275016117338328
2021-01-15,0,0,-0.0062750860061091193
2021-01-19,-0.0008655895395371483,-0.0021639738488428706,0.0047315452999547383
2021-01-20,-0.0055348991836724482,-0.0069186239795905602,0.0077832264931233441
2021-01-21,-0.002340492035348714,-0.002340492035348714,-0.0051214192369818459
2021-01-22,0.0034624343277474649,0.0054276338443826674,-0.0040727095374824135
2021-01-25,-0.0063193139969090718,-0.0062870260519703076,-0.0011274002491695539
2021-01-26,-0.0039390663115488785,-0.0029811331768743962,-0.0062889535410161693
2021-01-27,-0.0011235374716677743,0.0085832159592753622,-0.024791597165665556
2021-01-28,-0.0036673354942832453,-0.0066755125108213936,0.013397890631125016
2021-01-29,0.0030128599341956593,0.0030128599341956593,-0.017134914324225588
2021-02-01,0.0089261718970858293,0.0089261718970858293,0.014372455461832556
2021-02-02,-0.002172857177906959,-0.002172857177906959,0.014826217088925498
2021-02-03,0.0015327891859321771,0.0015327891859321771,0.0017853225410343456
2021-02-04,0.003707773579001125,0.003707773579001125,0.012760131024476245
2021-02-05,0.0025076698523078321,0.0025076698523078321,0.0053548342983603019
2021-02-08,0.00024762236021054528,0.00024762236021054528,0.011130323676120392
2021-02-09,0.00014205210631156517,0.00014205210631156517,-4.5769007810927511e-05
2021-02-10,0.0256838898905925,0.058412549719362529,0.0030492240753361476
2021-02-11,0.015949533604075694,0.019840007842898071,0.0019764946516477198
2021-02-12,-8.8609683197362634e-05,-0.00084745728029188793,0.0049340632056933528
2021-02-16,-0.0053613071691869796,-0.0053613071691869796,-0.00022742583718994954
2021-02-17,0.0022088862581707914,0.0022088862581707914,-0.00033553609353655474
2021-02-18,0.0017247320945178142,0.015267867138216727,-0.005241152979288434
2021-02-19,0.013211628919874424,0.016400409137626765,0.0063846959747231036
2021-02-22,0.008374134279387371,0.023347835178406266,-0.0022360502089598723
2021-02-23,-0.0037498212740650987,-0.0037498212740650987,0.0022566661849314574
2021-02-24,0.002893336887775314,0.002893336887775314,0.013192175437345849
2021-02-25,-0.0047833919600373115,-0.0047833919600373115,-0.022880098440057492
2021-02-26,0.0042443415938764623,0.0068415283091594059,-0.0060373541958355838
2021-03-01,0.0052732424812262004,0.0085493308938183275,0.022225242685036114
2021-03-02,0.0056899962336763778,0.01265094147900782,-0.004835323700009833
2021-03-03,-0.0014783054951760708,-0.0014783054951760708,-0.0079574064221234336
2021-03-04,-0.0030975118805410501,-0.0030975118805410501,-0.015336372797434149
2021-03-05,0.013883914452116515,0.013883914452116515,0.021982089480957499
2021-03-08,0.0061682603248320398,0.0061682603248320398,0.0031408760855962015
2021-03-09,-0.0016120616527153021,-0.004030154131788255,0.0064810290095071192
2021-03-10,0.0045269574702220703,0.011317393675555176,0.0097998967996886944
2021-03-11,-0.014764567267360508,-0.018455709084200633,0.0089939927716005622
2021-03-12,0.0022356183271293965,0.0027945229089117452,0.0052976116581370603
2021-03-15,0.00400937222318456,0.0050117152789806996,0.01027842615152968
2021-03-16,-0.0025985935088917557,-0.0064964837722293889,-0.0073165719846886483
2021-03-17,-0.0018847372484694259,-0.0047118431211735645,0.0039441476234978691
2021-03-18,0.0015705172260448209,0.003926293065112052,-0.011597620287548214
2021-03-19,-0.0014385857383301338,-0.0035964643458253343,5.5781831429484498e-05
2021-03-22,0,0,0.0019528497790285515
2021-03-23,0,0,-0.013208488518413618
2021-03-24,0,0,-0.0013758030782305599
2021-03-25,0,0,0.011601440113399459
2021-03-26,0,0,0.0198555995088067
2021-03-29,0,0,-0.0053946911514251746
2021-03-30,0,0,0.0011512044770195307
2021-03-31,-0.0016462032233315327,-0.0041155080583288317,0.00016975316286310448
2021-04-01,0.00017934408817463777,0.0004483602204365944,0.011832162223727358
2021-04-05,-0.00035861534217569436,-0.00089653835543923588,0.0094436710534555948
2021-04-06,0.001459445127029202,0.0036486128175730048,0.0011701516128762349
2021-04-07,-0.0012704203385892621,-0.0031760508464731552,-0.0033805496568530624
2021-04-08,0.0010765620161160784,0.0026914050402901957,0.0021633863157165009
2021-04-09,0,0,0.0059151897378492378
2021-04-12,0,0,0.0015970552910156948
2021-04-13,0,0,-0.00015662758476955331
2021-04-14,0,0,0.0017057267016759813
2021-04-15,0.0031776791874707833,0.0039720989843384791,0.0088461729075174477
2021-04-16,0.0061264046227167196,0.0061264046227167196,0.0043865003150958632
2021-04-19,-0.00032878985772314415,-0.00032878985772314415,-0.0049033068587979673
2021-04-20,-0.0076055974003588211,-0.0076055974003588211,-0.0076150858616676692
2021-04-21,0.010531599167796328,0.010531599167796328,0.011995470729125582
2021-04-22,-0.0016116233944527582,-0.0016116233944527582,-0.0055225790599848761
2021-04-23,0.0076775766497693037,0.0076775766497693037,0.010917094853279184
2021-04-26,-0.0012622795540574122,-0.0012622795540574122,0.0024953965425606401
2021-04-27,0.0044291338473385726,0.0044291338473385726,0.0017026880347777366
2021-04-28,0.022074144034955917,0.027298241446785478,-0.00055532713355930608
2021-04-29,-0.0025885677819192767,-0.0025885677819192767,0.0062684236853005433
2021-04-30,0.015576348386847082,0.015576348386847082,-0.0079125786761189941
2021-05-03,-0.0013859154128178335,-0.0013859154128178335,0.0053581614541126175
2021-05-04,-0.00027700629992123606,-3.1163477423003759e-05,-0.0028065300685523836
2021-05-05,0.0021022458801885683,0.0021022458801885683,0.0013816477578035594
2021-05-06,0.0027019521220919022,0.0027019521220919022,0.0039167553742799361
2021-05-07,0.0002141220538634447,-0.0086808802386629108,0.011157044385462908
2021-05-10,0.0053669159928026898,0.018147085207586736,-0.0048999039552737314
2021-05-11,-0.0033163404665890774,-0.0033163404665890774,-0.010303801839342781
2021-05-12,-0.011309404937672947,-0.011309404937672947,-0.023317182059178782
2021-05-13,-0.0035550649023741534,-0.0035550649023741534,0.013341746875945949
2021-05-14,0.0064596911889051069,0.0064596911889051069,0.01602808609838265
2021-05-17,0.0023786734389088793,0.0023786734389088793,-0.0017855154132389831
2021-05-18,-0.0039403599467758175,-0.0098508998669395442,-0.0082037180755840846
2021-05-19,0.00032125288027857828,0.0103493578182135,-0.0046785596469336704
2021-05-20,0.00092240582286522437,0.0011530072785815304,0.0089991361509776224
2021-05-21,-0.00045794788575346168,-0.00045794788575346168,0.001411324274226963
2021-05-24,-0.0059621002401649414,-0.0068775144363623364,0.0069728241746687819
2021-05-25,0.0088131688640105798,0.0088131688640105798,-0.0039467663568250174
2021-05-26,0.00045349885177976368,0.00045349885177976368,0.0040686664164600976
2021-05-27,0.0041641270667069352,0.0041641270667069352,0.004511231657016679
2021-05-28,-0.0039827852554587626,-0.0039827852554587626,0.0015192969218914068
2021-06-01,-0.0020230694312214359,-0.0020230694312214359,0.0033405251766777085
2021-06-02,0.0036295539336187038,0.0036295539336187038,0.00072191177023330432
2021-06-03,-0.0023015828174161954,-0.0023015828174161954,-0.0017831456443321168
2021-06-04,0.0092058800862366563,0.0092058800862366563,0.0061525722305920943
2021-06-07,0.0031126467214256381,0.0031126467214256381,-0.00090932229863457297
2021-06-08,-0.0013552313279302064,-0.001694039159912758,0.0020322084504641423
2021-06-09,-0.0035738837315150151,-0.0044673546643937689,-0.0038579339477363096
2021-06-10,-0.0019849967172918207,-0.0024812458966147755,0.0023362571710478872
2021-06-11,0.004747928448262306,0.0059349105603278829,0.0035460322921474024
2021-06-14,-0.0027453620624774415,-0.0034317025780968013,-0.0028127838563905159
2021-06-15,0,0,-0.00017866365540583306
2021-06-16,0,0,-0.0067750717468099408
2021-06-17,0,0,-0.0078235540540201407
2021-06-18,-0.0021951019739536726,-0.0054877549348841814,-0.016181447373642768
2021-06-21,0.0042841436424644998,0.010710359106161249,0.018750044502317424
2021-06-22,0.0012631543631666632,0.0031578859079166577,0.0021566231009651615
2021-06-23,-0.0032139136232930635,-0.008034784058232658,-0.0012409635231604181
2021-06-24,-0.00020386784168338059,-0.00050966960420845142,0.0068749220420829234
2021-06-25,0.027913182605954323,0.027913182605954323,0.0066849116758953726
2021-06-28,-0.0019408537641214527,-0.0019408537641214527,-0.0029701020841597183
2021-06-29,0.0064341641103136116,0.0080427051378920145,-0.00075476045589124299
2021-06-30,-0.0029789136696513957,-0.0037236420870642439,0.0013219681896142952
2021-07-01,0.0080786963299835698,0.010098370412479463,0.006568329994230836
2021-07-02,0.0054291846298950121,0.0067864807873687649,0.0027111565834043432
2021-07-06,0,0,-0.0073690614473865372
2021-07-07,0,0,0.0032659281771063487
2021-07-08,0,0,-0.010299781907004099
2021-07-09,0,0,0.015650906537184917
2021-07-12,0,0,0.0022669745949323149
2021-07-13,0,0,-0.0088645019405163283
2021-07-14,0,0,-0.0021094651845272238
2021-07-15,0.0032937325337164315,0.0082343313342910784,-0.0020876702416026444
2021-07-16,-0.011502587438134948,-0.014378234297668685,-0.0073322200314419337
2021-07-19,-0.015614881472558496,-0.019518601840698119,-0.0180751165152397
2021-07-20,0.0181358074745154,0.022669759343144247,0.01963645355205712
2021-07-21,0.0045902241243176538,0.0017397500836856205,0.010229761063685663
2021-07-22,-0.00069816767688540772,0.00055440047242816324,-0.0025311651002871017
2021-07-23,-0.00061072405916750118,-0.00061072405916750118,0.0083907867250893903
2021-07-26,0.00069596206498126489,0.00069596206498126489,0.0026651302431639897
2021-07-27,0.0036241137252790078,0.0036241137252790078,-0.0016588925299173545
2021-07-28,0.0017407969036199082,0.0017407969036199082,0.00090235696235502541
2021-07-29,0.012514821896644339,0.012514821896644339,0.007110584475025882
2021-07-30,-0.0023185952266244125,-0.0023185952266244125,-0.0025586944919222363
2021-08-02,-0.00045813073238177996,-0.00045813073238177996,-0.0010829984107026355
2021-08-03,-0.0056830547838460773,-0.0080152544008127227,0.0085013896508838831
2021-08-04,0.00076076352711445996,0.00076076352711445996,-0.0068574777002397549
2021-08-05,0.0019612759448769663,0.0019612759448769663,0.0063392562454176642
2021-08-06,0.0062246735704260935,0.0062246735704260935,0.0044926370621346159
2021-08-09,-0.00551895679323159,-0.00551895679323159,-0.0015629230722864196
2021-08-10,-0.0012141422892530474,-0.0012141422892530474,0.0037930178012333679
2021-08-11,0.00269778660455519,0.00269778660455519,0.00614180878909267
2021-08-12,-0.0039902546125401995,-0.0039902546125401995,-0.00043331624631666845
2021-08-13,0.0015419365876982449,0.0015419365876982449,5.6068664503824279e-05
2021-08-16,0.00021737794470535625,0.00021737794470535625,5.7717635971656986e-05
2021-08-17,0.0020715114194052768,0.0020715114194052768,-0.0074847954389938142
2021-08-18,-0.0083800484200911764,-0.0083800484200911764,-0.0098211108711997851
2021-08-19,-0.0045392979607469242,-0.01134824490186731,-0.0025714938902237868
2021-08-20,0,0,0.007296320653911832
2021-08-23,0,0,0.0077620570307888144
2021-08-24,0,0,0.0051390766177765133
2021-08-25,0.00065861977691064057,0.0016465494422766014,0.0052881424122412698
2021-08-26,-0.0062351471864294577,-0.015587867966073643,-0.0070760572413965514
2021-08-27,-0.0065404773755564751,-0.0081755967194455936,0.011036959097198413
2021-08-30,0.001534693794663955,0.0019183672433299437,-0.0010712464072423651
2021-08-31,-0.0039671730723425782,-0.0049589663404282225,-5.5941194789057881e-05
2021-09-01,-0.00075148817210737308,-0.00093936021513421619,0.00027548944866763778
2021-09-02,0.002072950481741631,-0.0009273828886328106,0.0067895455442192627
2021-09-03,0.00047521330597257718,0.00059401663246572145,-0.0028981991153127209
2021-09-07,0,0,-0.008905814130563721
2021-09-08,0,0,-0.00049163207256690202
2021-09-09,0.020932125508730429,0.026165156885913032,-0.0028877160108471607
2021-09-10,0.0023151339402438967,0.0028939174253048705,-0.0061267819030744299
2021-09-13,-0.00021617557216033756,-0.0005404389304008439,0.0036731735071101309
2021-09-14,-0.0021735039518253618,-0.0054337598795634046,-0.0073360517531364418
2021-09-15,-0.00073721759809750606,-0.0018430439952437649,0.0094195436718930124
2021-09-16,0.0035756056808688543,0.0089390142021721353,-0.0020337514799016088
2021-09-17,5.1589907138183123e-05,0.00012897476784545781,-0.0078164304398216332
2021-09-20,0,0,-0.015209801972735328
2021-09-21,0,0,-0.0019663370231581185
2021-09-22,0,0,0.011272382620276876
2021-09-23,0.0012016534500474574,0.0030041336251186435,0.013500258307148129
2021-09-24,0.00086233110083662196,0.0021558277520915547,0.00039204165218359737
2021-09-27,-0.0029399891312786421,-0.0073499728281966048,0.0016826393584087049
2021-09-28,-0.0010731465175922716,-0.0026828662939806791,-0.015908672940528189
2021-09-29,0.004854418923361515,0.012136047308403786,0.0016204995476916302
2021-09-30,-0.0031264622059636871,-0.0078161555149092177,-0.013846022676056887
2021-10-01,0.002674455376311391,0.0066861384407784774,0.01170518263196044
2021-10-04,0,0,-0.0072825045692039474
2021-10-05,0,0,0.0084437724438609311
2021-10-06,0,0,0.0020385046785823899
2021-10-07,0,0,0.0090051028118176488
2021-10-08,0,0,-0.0022628723583383737
2021-10-11,0,0,-0.005658941467010797
2021-10-12,0,0,0.00073487404369258985
2021-10-13,0,0,0.003313137983359281
2021-10-14,0.00082897076998822428,0.0020724269249705607,0.017387084933091074
2021-10-15,-0.001019678085927156,-0.0025491952148178898,0.0037205261726822366
2021-10-18,9.7561956871583538e-05,0.00024390489217895883,0.00082177105817147014
2021-10-19,-0.0027309055266531157,-0.0068272638166327893,0.0063140197303002974
2021-10-20,-0.00074148250636374424,-0.0018537062659093606,0.0077028221670697207
2021-10-21,0.0033183684125523971,0.0041479605156904964,0.0023970389527359507
2021-10-22,-0.019260005673492286,-0.018207907025856729,0.0030142146841113399
2021-10-25,-0.00042346290559520662,-0.00052932863199400826,0.0027088906628759866
2021-10-26,-0.00212485862877323,-0.002656073285966537,-0.001300158457570606
2021-10-27,0.013683713750035818,0.013683713750035818,-0.012929242815697847
2021-10-28,-0.00044614105855857178,-0.00044614105855857178,0.011175830033996175
2021-10-29,0.0019893438664351894,0.0019893438664351894,-0.001215159783685112
2021-11-01,0.0094607588872775115,0.011325150982382593,0.0065536908536146122
2021-11-02,-0.026581816870136301,-0.026581816870136301,0.0026764953999868155
2021-11-03,0.0039302132784637574,0.0039302132784637574,0.0057284059781543394
2021-11-04,-0.0013842010143258112,-0.0013842010143258112,-0.00068203610886860219
2021-11-05,0.00097286011634208427,0.00097286011634208427,0.0081198330142666589
2021-11-08,0.0030623201782710762,0.0087149112908127477,0.0020822285333334132
2021-11-09,-0.0016661718662251449,-0.0016661718662251449,0.0003554741785158714
2021-11-10,-0.00075511016139885394,-0.00075511016139885394,-0.0074553528721682657
2021-11-11,-3.2909860350122111e-05,-3.2909860350122111e-05,0.0028842788327119919
2021-11-12,0.0024137186214321232,0.0024137186214321232,0.0052179052291743151
2021-11-15,0.00098020271271873636,0.00098020271271873636,0.0017086911590205429
2021-11-16,-0.0025138560992167716,-0.0062846402480419283,0.0021991280172418662
2021-11-17,0.001284483686264304,0.0032112092156607597,-0.0051188221943377372
2021-11-18,0.0055716560778377392,0.013929140194594347,-0.0031291175586809655
2021-11-19,0.0013999184247769582,0.0034997960619423951,-0.0056436548305047124
2021-11-22,4.8931126720752621e-05,0.00012232781680188154,8.987113848589336e-05
2021-11-23,-0.00020546046516682905,-0.00051365116291707258,0.0035774171595760094
2021-11-24,0.0018314579841991919,0.0045786449604979795,0.001448005958762902
2021-11-26,0,0,-0.024526657055695282
2021-11-29,0,0,0.0085868449199425732
2021-11-30,0,0,-0.025787197335911609
2021-12-01,0,0,-0.013552028742211602
2021-12-02,0,0,0.023919520830467812
2021-12-03,0,0,-0.0057028265363912867
2021-12-06,0,0,0.013352083565347181
2021-12-07,0,0,0.017825310118962937
2021-12-08,-0.0034305707240174679,-0.0085764268100436691,0.0036309274306614678
2021-12-09,-0.0023158995605522706,-0.0057897489013806758,-0.0078169285252948102
2021-12-10,0.014632236949300912,0.0087098123698486907,0.0057727408435247988
2021-12-13,0.00065305412921015486,-0.0024962301243686329,-0.006980065373108974
2021-12-14,0.00013800709491876848,0.0007046557727385383,-0.006412394920003426
2021-12-15,0.012644165715827566,0.012644165715827566,0.011696516355574445
2021-12-16,-0.0047694261337253852,-0.0047694261337253852,-0.0029554622287372863
2021-12-17,-0.0059640982913829578,-0.0074551228642286971,-0.007667745755300809
2021-12-20,0.0015925798026640071,0.0019907247533300088,-0.013292520938221112
2021-12-21,0,0,0.020600950711680856
2021-12-22,0,0,0.0080378192374862267
2021-12-23,0.0012443603489245448,0.0031109008723113618,0.0068038362324398562
2021-12-27,0.002085743081907765,0.0052143577047694123,0.013023707357695176
2021-12-28,0.00030961565818432568,0.0007740391454608142,0.00057945316328501697
2021-12-29,0.002252523227057024,0.0056313080676425598,0.0027635610454383179
2021-12-30,-0.0013539773290591308,-0.0033849433226478265,-0.0017921114930223999
2021-12-31,7.3367571533378151e-05,0.00018341892883344535,0.00030210467398313127
2022-01-03,0,0,-5.4609970103787264e-05
2022-01-04,0,0,0.0067001027601151439
2022-01-05,0,0,-0.017932130408209929
2022-01-06,0,0,0.0024470582557213575
2022-01-07,0,0,-0.0032520437188180268
2022-01-10,0,0,-0.0037582997539281982
2022-01-11,0,0,0.0097529191893322032
2022-01-12,0,0,0.0014189437340784532
2022-01-13,0,0,-0.0072784374840761069
2022-01-14,0,0,-0.0018269796203602962
2022-01-18,0,0,-0.017126665425556659
2022-01-19,0,0,-0.010293040328177964
2022-01-20,0,0,-0.011383406394448629
2022-01-21,0,0,-0.015449563201033193
2022-01-24,0,0,0.0077502341641995385
2022-01-25,0,0,-0.011697261479855012
2022-01-26,0.00068413312271906621,0.0017103328067976653,-0.0065883039973333325
2022-01-27,0.010690163974527508,0.010690163974527508,-0.0061688999251597199
2022-01-28,0.0022381433551842771,-0.00018105973079470504,0.019446405531138654
2022-01-31,0.0067352691881335022,0.0067009155433396337,0.018777043106374569
2022-02-01,0.0080348708221608875,0.0078397887968347235,0.0075547487440268081
2022-02-02,-0.013708063313059952,-0.013708063313059952,0.007153095139306012
2022-02-03,0.01380355090973396,0.01380355090973396,-0.016015076131452057
2022-02-04,0.0034892520654269989,0.0034892520654269989,0.00032011231245659375
2022-02-07,-0.0022742855929655525,-0.0005458203954448182,0.00025203034162291852
2022-02-08,-0.0019794891169687473,-0.0047170538782846045,0.0083813618079668396
2022-02-09,-0.0011135559686312466,-0.011707669762973189,0.01775478384870351
2022-02-10,-0.0060362595374334783,0.0054822870571111307,-0.016321726311027556
2022-02-11,0.0094325240403514872,0.013221484534159294,-0.013662677916569017
2022-02-14,0.0052459898238906479,0.0077513467887963174,-0.0076114207185990473
2022-02-15,0.0065131593038917027,-0.0012337694430370472,0.01599717745671652
2022-02-16,0.00025724839085695635,0.00025724839085695635,0.0027526729236019617
2022-02-17,-0.00739248932046977,-0.00739248932046977,-0.019018355243791626
2022-02-18,0.0020628818487494877,0.0020628818487494877,-0.0048677067025873749
2022-02-22,0.0052015528228971514,0.0052015528228971514,-0.010166175527184353
2022-02-23,-0.0027265362489220729,-0.0027265362489220729,-0.016957551016417664
2022-02-24,0.00028554807379378407,0.00028554807379378407,0.012876833176100671
2022-02-25,0.0090575925202717317,0.0037519005590139903,0.027011453258105993
2022-02-28,0.0045292139299871756,0.012040535646689365,-0.0044568067982058285
2022-03-01,-0.011712635931817384,-0.024446871944306559,-0.016861154104905764
2022-03-02,0.009884012523770247,0.009884012523770247,0.022705415931948657
2022-03-03,0.0084101253925212283,0.0084101253925212283,-0.0037121781220824978
2022-03-04,0.010256794726286525,0.010256794726286525,-0.0069786394633897676
2022-03-07,0.0022618802603196668,0.0022618802603196668,-0.030342867969078285
2022-03-08,0,0,-0.0058941863549328132
2022-03-09,0,0,0.024458745502637172
2022-03-10,0,0,-0.0027533682672291606
2022-03-11,0,0,-0.011239380163473405
2022-03-14,0,0,-0.006330833169031708
2022-03-15,0,0,0.017653999436797831
2022-03-16,0,0,0.022515301625252681
2022-03-17,0,0,0.013662901765675686
2022-03-18,0,0,0.0097576038116450308
2022-03-21,0,0,-0.0019714321558693872
2022-03-22,0,0,0.0079965552270986617
2022-03-23,0,0,-0.013362133356145537
2022-03-24,0,0,0.012487035877355616
2022-03-25,-0.0024847529909984402,-0.0062118824774961001,0.0062150364470062438
2022-03-28,0.0082863793645800762,0.020715948411450191,0.0035330185900854594
2022-03-29,0.0027865909206237216,0.006966477301559304,0.016274614691074354
2022-03-30,0.0011663350055409083,0.0029158375138522707,-0.0071316290433921766
2022-03-31,-0.0026143697932956124,-0.0065359244832390306,-0.013860704720439314
2022-04-01,-0.0023172122390675565,-0.0057930305976688912,0.0044285102073060795
2022-04-04,0.0018877410986886556,0.004719352746721639,0.0020958789100397239
2022-04-05,0,0,-0.011154703427618286
2022-04-06,0,0,-0.0055887105330364511
2022-04-07,0,0,0.0033792113364654298
2022-04-08,0.0032792237235875544,0.0081980593089688858,0.0015005796748739147
2022-04-11,-0.0011157813795262595,-0.0027894534488156486,-0.010227897295109388
2022-04-12,0.00090963963523060798,0.0022740990880765199,-0.0022604973720237111
2022-04-13,0.003199529700638859,0.0079988242515971475,0.012174760594934188
2022-04-14,-0.0035741770302401884,-0.0044677212878002359,-0.0075185073871727884
2022-04-18,-0.006886290609421631,-0.0086078632617770379,-0.0027393648486860652
2022-04-19,0.0063439712245553894,0.015859928061388473,0.018496221806446306
2022-04-20,-0.00073264890149631339,-0.0018316222537407834,0.0060671373315732127
2022-04-21,-0.0039554717529548316,-0.0049443396911935389,-0.016124406738058945
2022-04-22,-0.010061899758591241,-0.012577374698239052,-0.028006195388593821
2022-04-25,-0.0027643196084944813,-0.0069107990212362025,0.0033814618856316688
2022-04-26,-0.0039203627635330694,-0.0098009069088326739,-0.024661040544501963
2022-04-27,0.031675393662618442,0.039057202000427726,0.0013998943161175432
2022-04-28,-0.016334527346106041,-0.016334527346106041,0.018837766230924605
2022-04-29,-0.0028961090000767754,-0.0028961090000767754,-0.031818905243298085
2022-05-02,-0.003051030638047948,-0.003051030638047948,0.0036997614299526106
2022-05-03,0.0074494715979327615,0.0074494715979327615,0.0070930055384198568
2022-05-04,0.0024018830793500357,0.0024018830793500357,0.028292246478847968
2022-05-05,0.0068094540252826644,0.0068094540252826644,-0.032466503060673703
2022-05-06,0.0023036351124579614,0.0023036351124579614,-0.0097983155312302127
2022-05-09,0.022651195106077583,0.022651195106077583,-0.032870394939184949
2022-05-10,-0.004374467550308664,-0.0044221486429238954,-0.00098500666005243639
2022-05-11,-0.009795396527216017,-0.009795396527216017,-0.013995910308034256
2022-05-12,-0.0009296098255068691,-0.0009296098255068691,0.005831568860800761
2022-05-13,0.023194905297371435,0.023194905297371435,0.026262223165956236
2022-05-16,-0.00095556687031161068,-0.00095556687031161068,-0.0048797819175417818
2022-05-17,0.0071704333538977205,0.0071704333538977205,0.02131235986094954
2022-05-18,-0.029020944834404868,-0.029020944834404868,-0.038635099364354684
2022-05-19,0.0095463893249823767,0.0095463893249823767,-0.00027891704266577732
2022-05-20,0.0050105757391316176,0.0062632196739145218,0.00074203997372115948
2022-05-23,-0.011338219876858548,-0.014172774846073183,0.013688904883608024
2022-05-24,0.00037142544463275584,0.0009285636115818896,-0.0080512711976641164
2022-05-25,0.00058086533973740202,0.0014521633493435049,0.012973421407637025
2022-05-26,0.0020699825466105716,0.0051749563665264287,0.02191190856500301
2022-05-27,0.0052805129588891836,0.013201282397222958,0.024691880334232089
2022-05-31,0,0,-0.010308421434053507
2022-06-01,0,0,-0.010223622493913391
2022-06-02,0,0,0.019930840859963547
2022-06-03,0,0,-0.01240879333963156
2022-06-06,0,0,0.0034567949636525696
2022-06-07,0,0,0.010146953191396827
2022-06-08,0,0,-0.014418015176203346
2022-06-09,-0.00087498888717321146,-0.0021874722179330286,-0.022861929226420909
2022-06-10,0.00049784912884232035,0.0012446228221058009,-0.027448218326294262
2022-06-13,-0.0068369443771632904,-0.017092360942908225,-0.041855591396479867
2022-06-14,-0.002874159263112408,-0.00718539815778102,-0.0058841782961966778
2022-06-15,0.0059240581965504194,0.014810145491376048,0.01222036454219734
2022-06-16,-0.003130316108676201,-0.0078257902716905026,-0.036640786855365301
2022-06-17,0.0016051078386275287,0.0040127695965688215,0.0035311677510283181
2022-06-21,0,0,0.018540731129279654
2022-06-22,0,0,-0.001711727404502727
2022-06-23,0,0,0.0089689584553022082
2022-06-24,0.0019343880812592751,0.0048359702031481877,0.033084062332766478
2022-06-27,-0.00069831329258955859,-0.0017457832314738964,-0.00026504526246599896
2022-06-28,-0.0077461100639882215,-0.019365275159970552,-0.015393714113552956
2022-06-29,0.0037766113375775402,0.0094415283439438502,-0.0059886014363739583
2022-06-30,0.00076705517042952032,0.0019176379260738008,-0.006824453020705337
2022-07-01,0.0050081793232117366,0.012520448308029342,0.012175171966082242
2022-07-05,0,0,-0.0018195628782596411
2022-07-06,0,0,0.00021709927142474019
2022-07-07,0,0,0.0163947676682367
2022-07-08,0,0,-0.0034004459108587237
2022-07-11,0,0,-0.0095761975859748206
2022-07-12,0,0,-0.005450877952704514
2022-07-13,0,0,-0.0048427756834337286
2022-07-14,0,0,-0.0083885113087857812
2022-07-15,0,0,0.019947857043390315
2022-07-18,0,0,-0.0042154122871767936
2022-07-19,0,0,0.030168827496604829
2022-07-20,0,0,0.0077276661538709388
2022-07-21,0.006332835317364705,0.015832088293411761,0.0078797349262169046
2022-07-22,-0.0072970195272353605,-0.0182425488180884,-0.0066827646780167572
2022-07-25,0.0030991621733720276,0.0038739527167150345,0.0035137210546708091
2022-07-26,0.00051774982520556021,0.00064718728150695015,-0.008813251305723406
2022-07-27,-0.0037371757770776701,-0.014050499349552034,0.020987424120161184
2022-07-28,0.00066193498851149822,0.00066193498851149822,0.016143875769746675
2022-07-29,0.0066720506505873502,0.0066720506505873502,0.011083342510913226
2022-08-01,-0.0039376367667239365,-0.0039376367667239365,-0.0021517848172614546
2022-08-02,0.00016078229656878011,0.00016078229656878011,-0.0052953807721139159
2022-08-03,0.028911800531807905,0.034607321404060885,0.011288736913393301
2022-08-04,-0.0076915012584255118,-0.0076915012584255118,-0.0014813895924265887
2022-08-05,0.0046077693768062254,0.0046077693768062254,0.0030186101243348455
2022-08-08,0.0023872701806312924,0.0023872701806312924,0.003324889632377169
2022-08-09,0.0061665220583091368,0.0061665220583091368,-0.0059342779866918887
2022-08-10,-0.0081415189443140024,-0.0081415189443140024,0.023393918911442317
2022-08-11,0.0037527826870480401,0.0046909783588100495,0.0037310569119451756
2022-08-12,0.008250305815891857,0.01031288226986482,0.016906915115857925
2022-08-15,0.0011137379221323853,0.0013921724026654814,0.0017728079604653326
2022-08-16,-0.0003789727377202068,-0.00094743184430051697,0.0031152655890149174
2022-08-17,-0.00065843904635314314,-0.0016460976158828577,-0.0093186602761048311
2022-08-18,0,0,0.0038075697758787421
2022-08-19,0,0,-0.013753471941573694
2022-08-22,0,0,-0.020668284341085863
2022-08-23,0,0,-0.0013706699766293296
2022-08-24,0,0,0.0054925296504182717
2022-08-25,0,0,0.015478028475281016
2022-08-26,0,0,-0.031959684862959699
2022-08-29,0,0,-0.0056952041056983222
2022-08-30,0,0,-0.011210204537108848
2022-08-31,0,0,-0.0064982197927963663
2022-09-01,0,0,0.00035184610174034711
2022-09-02,0,0,-0.0073246787865916133
2022-09-06,0,0,-0.0031193270288287435
2022-09-07,0,0,0.021797651536391353
2022-09-08,0,0,0.0095367313880816811
2022-09-09,0,0,0.014901444946232524
2022-09-12,0,0,0.0094459133655322922
2022-09-13,0,0,-0.039114627397678993
2022-09-14,0,0,0.00061616001942035024
2022-09-15,0,0,-0.0081957008950512868
2022-09-16,0,0,-0.010801364562384641
2022-09-19,0,0,0.0082112476330726113
2022-09-20,0,0,-0.01605665277206552
2022-09-21,0,0,-0.016101283336166131
2022-09-22,0,0,-0.015117663710709278
2022-09-23,0,0,-0.017319224154401087
2022-09-26,0,0,-0.014391333132338526
2022-09-27,0,0,-0.0019325079914661752
2022-09-28,0,0,0.024568166770658994
2022-09-29,0,0,-0.01939551493081414
2022-09-30,0,0,-0.011129500678883474
2022-10-03,0,0,0.029252800879282906
2022-10-04,0,0,0.035154694855033662
2022-10-05,0,0,-0.0040503867200578072
2022-10-06,0.001412174311282044,0.0035304357782051099,-0.011044240725766668
2022-10-07,-0.0083019331940094709,-0.010377416492511837,-0.025060779992483885
2022-10-10,-0.00097234237499670432,-0.0012154279687458802,-0.0068028489066195887
2022-10-11,-0.003675434847265957,-0.0045942935590824463,-0.0048000075398996192
2022-10-12,0.0054965392681559869,0.0068706740851949832,-0.0051384278413234849
2022-10-13,0.011023058877898154,0.011023058877898154,0.023030789215924077
2022-10-14,-0.0099195726473360613,-0.0099195726473360613,-0.023869562248412877
2022-10-17,0.0095482212947199194,0.0095482212947199194,0.024424162270194723
2022-10-18,0.0040535502550999953,0.0040535502550999953,0.014564637118638729
2022-10-19,0.013114749933070741,0.015500209227628597,-0.012022143519938
2022-10-20,-0.0055100882267225546,-0.005128403836162183,-0.010405587524353785
2022-10-21,0.013361829646869968,0.012156874035871155,0.02386333316804707
2022-10-24,0.0044759721664637923,0.0019357343835500469,0.010083138565972968
2022-10-25,0.029745332494746625,0.067697177869983499,0.020839896537571803
2022-10-26,0.0059095505887795888,0.0012816575747659816,0.0009489184128739311
2022-10-27,0.00093011644537062139,0.0015990197644681625,0.00079107743115437864
2022-10-28,0.014291458568810252,0.013814930136047118,0.02182312747689041
2022-10-31,0.0035858494034696903,0.0035858494034696903,-0.0044317028200285147
2022-11-01,-0.0061820999429932164,-0.0061820999429932164,0.002957799407611642
2022-11-02,-0.0066757657194278976,-0.0066757657194278976,-0.024748336037479293
2022-11-03,-0.0027300488710030497,-0.0027300488710030497,-0.0049278876002775045
2022-11-04,0.0086168181345259373,0.0086168181345259373,0.01499212978255259
2022-11-07,0.0083501955385480182,0.0083501955385480182,0.0072305029236399516
2022-11-08,0.014397929965348772,0.014397929965348772,0.0051705728362683671
2022-11-09,-0.018394997415325343,-0.018394997415325343,-0.018977212211454816
2022-11-10,0.0037957433812910099,0.0037957433812910099,0.057796225556342617
2022-11-11,-0.0097561468640655225,-0.011036924364589633,0.0097311891071717848
2022-11-14,0.010051559772335506,0.022169013574108443,-0.012125588301111094
2022-11-15,0,0,0.010849421504833591
2022-11-16,0,0,-0.010780282968801534
2022-11-17,0,0,-0.006044780014098295
2022-11-18,0.00047878536594994083,0.001196963414874852,0.0071824558799565928
2022-11-21,0.00084045282424254357,0.0021011320606063588,-0.001514525606009925
2022-11-22,0.0036141033587270945,0.0090352583968177358,0.01305222733263477
2022-11-23,0.001667087307749382,0.0041677182693734549,0.0054024920260473648
2022-11-25,-0.0034365383935625717,-0.0085913459839064288,0.0023683379943781331
2022-11-28,-0.004441441923082534,-0.011103604807706335,-0.016787113700546984
2022-11-29,0,0,0.0031980863837742851
2022-11-30,0,0,0.025822267408409306
2022-12-01,0,0,0.0005304568966621961
2022-12-02,0,0,-0.00076917520856782217
2022-12-05,0,0,-0.020392940530473171
2022-12-06,0,0,-0.01199286441433668
2022-12-07,0,0,-0.0024630486132278047
2022-12-08,0,0,0.0077988071778138553
2022-12-09,-0.0042799305957200717,-0.010699826489300179,-0.0075763858941243593
2022-12-12,0.0011032308904649569,0.002758077226162392,0.014368850202497051
2022-12-13,-0.0017241379310344751,-0.0043103448275861878,0.0071252342489369789
2022-12-14,0.00067193675889329904,0.0016798418972332474,-0.0062330323779998011
2022-12-15,-0.0088241087256253799,-0.022060271814063448,-0.02259075843056985
2022-12-16,-0.0004533278384504458,-0.0011333195961261144,-0.011301194415186825
2022-12-19,0.00061957868649318302,0.0015489467162329573,-0.0094737878057303167
2022-12-20,0,0,0.0013684813793859696
2022-12-21,0,0,0.01495532974999156
2022-12-22,0,0,-0.011525721053025561
2022-12-23,0,0,0.0064190317877754763
2022-12-27,0,0,-0.00057560045403163196
2022-12-28,0,0,-0.013255870388118794
2022-12-29,0,0,0.018137484047088735
2022-12-30,0,0,-0.0038950461102220447
2023-01-03,0,0,-0.0020695733649123251
2023-01-04,0,0,0.014502839790712123
2023-01-05,0,0,-0.011929580827466724
2023-01-06,0.0049537650579984495,0.012384412644996123,0.024196245350312704
2023-01-09,-0.0026364275708946842,-0.0065910689272367096,0.001340034080042213
2023-01-10,9.8949835967054875e-05,0.00024737458991763717,0.0076139910939343079
2023-01-11,0.00039560361930215395,0.00098900904825538483,0.01271538948968373
2023-01-12,-0.0019253479668396079,-0.0048133699170990196,0.0049429424505287008
2023-01-13,-0.0010963162468965672,-0.0027407906172414176,0.0025399370523283599
2023-01-17,0,0,-0.0014753270418007489
2023-01-18,0,0,-0.015475357280900838
2023-01-19,0,0,-0.0105195956397092
2023-01-20,0,0,0.01797868816681214
2023-01-23,0,0,0.01236819261611927
2023-01-24,0,0,-0.0014635675589894867
2023-01-25,-0.00037570744982393231,0.0041424387067579933,0.0013142652869749993
2023-01-26,0.0013188315029340702,0.0013188315029340702,0.0089692603580448105
2023-01-27,0.0019215464172659979,0.0019215464172659979,0.002205353248298598
2023-01-30,-0.0029427104055971161,-0.0029427104055971161,-0.0097430810462427464
2023-01-31,-0.0030540918187314152,-0.0030540918187314152,0.016911803774051534
2023-02-01,-0.010539390411054474,-0.015666810457239916,0.011314312706540734
2023-02-02,0.00019865056957520631,0.00019865056957520631,0.010800951541359865
2023-02-03,0.0079465536499772633,0.0079465536499772633,-0.011067648814497285
2023-02-06,-0.0018480252345646532,-0.0018480252345646532,-0.0071378724515167779
2023-02-07,-0.0012671250877036206,-0.0012671250877036206,0.0091374540519742579
2023-02-08,0.0012655690136693285,0.00018018714371968595,-0.0088363684125714499
2023-02-09,-0.0026302259123272562,-0.0021615882878403556,-0.0088170458769643422
2023-02-10,0.0032128456085841446,0.0032128456085841446,0.0034837042247381671
2023-02-13,0.0037268852197333063,0.0037268852197333063,0.010648940260190273
2023-02-14,0.0037502470975626675,0.0089797611209146005,-0.0012161002585445771
2023-02-15,0.002094970650271602,0.002094970650271602,0.0068675492061473697
2023-02-16,-0.006449637337382309,-0.01214726633038048,-0.010942534220695055
2023-02-17,-0.0010229931276723725,-0.0050130842539220788,-0.002306333372721315
2023-02-21,-0.010382960278917011,-0.010382960278917011,-0.02087632918922137
2023-02-22,0.0010505846337261482,0.0010505846337261482,-0.0011261209360003842
2023-02-23,0.0019341503673093174,0.000156838686975791,0.0040391723635358531
2023-02-24,-0.010405176089850579,-0.0082284918007282555,-0.0085921262940716007
2023-02-27,0.0066645012390863035,0.0066645012390863035,0.0014877942733929896
2023-02-28,0.00095543546591593271,0.001350716397945889,-0.0026143900816289222
2023-03-01,0.013870469491248254,0.017747371142166561,-0.0025306641601180809
2023-03-02,0.0090264184873674047,0.0090264184873674047,0.0081067889513584367
2023-03-03,0.016302836015639165,0.016302836015639165,0.013581986192025408
2023-03-06,-0.0061293864310492012,-0.0061293864310492012,-0.0037695357486873388
2023-03-07,-0.0059258216462873686,-0.0059258216462873686,-0.015509802991080649
2023-03-08,0.0018525272191446951,0.0018525272191446951,0.0023190376541894738
2023-03-09,-0.0012995572248474694,0.0043242680121935995,-0.020126931953851766
2023-03-10,0,0,-0.020760182022645277
2023-03-13,0,0,-0.0073502020694205233
2023-03-14,0,0,0.014649182208941512
2023-03-15,-0.0011510822417402089,-0.0028777056043505223,-0.014167843639958311
2023-03-16,0.008004592781345821,0.020011481953364552,0.014630164864981568
2023-03-17,0.014593833688704261,0.018242292110880326,-0.016260395869699105
2023-03-20,-0.005994409896731146,-0.0074930123709139318,0.01284498309522591
2023-03-21,0.0055880966515239102,0.0069851208144048882,0.01376125817369381
2023-03-22,-0.0042211734478225793,-0.0052764668097782241,-0.021650818835022557
2023-03-23,0.0013916782418674999,0.001739597802334375,-0.0032685929422741232
2023-03-24,0.00087722121211015764,0.0010965265151376968,0.0072988524825487204
2023-03-27,0.0034816780406964568,0.0043520975508705706,0.0062200873264893451
2023-03-28,0.00075921887998262614,0.0018980471999565651,0.0018953328731866625
2023-03-29,0.0035927284061461509,0.0089818210153653766,0.015390282093109994
2023-03-30,0.0019433254561079139,0.0048583136402697846,0.0050611942218803836
2023-03-31,0.0022287642794216024,0.0055719106985540057,0.015379413899693942
2023-04-03,2.1052188375003666e-05,5.2630470937509166e-05,0.00080997333366803208
2023-04-04,0,0,-0.0099912752194068026
2023-04-05,0,0,-0.0027354956025433491
2023-04-06,0.00057458154804104213,0.0014364538701026053,0.00064940038707375061
2023-04-10,-0.0042207892002876779,-0.010551973000719195,0.0067945061422579828
2023-04-11,0.001809869503510475,0.0045246737587761876,0.0060301652414458786
2023-04-12,-0.0015297580891093566,-0.0038243952227733913,-0.0042431854603217191
2023-04-13,-0.00042521166509879027,-0.0010630291627469757,0.0081518984682673393
2023-04-14,-0.0030368736291016998,-0.0075921840727542489,-0.003916804983541005
2023-04-17,0,0,0.0065096179089464707
2023-04-18,0,0,0.001176089384193893
2023-04-19,0,0,-0.00090141049385606103
2023-04-20,-0.0069429606356952618,-0.017357401589238153,-0.0053165020844738817
2023-04-21,0.013288124001289328,0.013288124001289328,-0.00047718929676328418
2023-04-24,-0.0049776775070396158,-0.0049776775070396158,0.0016729515880817311
2023-04-25,-0.0038946155439326699,-0.0038946155439326699,-0.017104886883194184
2023-04-26,0.0072851241169407796,0.0072851241169407796,-0.0089380735996132318
2023-04-27,0.0044925990162771176,0.0044925990162771176,0.016993669118420929
2023-04-28,-0.0011483068888067231,-0.0011483068888067231,0.010306823426899422
2023-05-01,-0.0016633433559968575,-0.0016633433559968575,-0.00013100829134595759
2023-05-02,0.0039339006480639139,0.0039339006480639139,-0.013970761451534102
2023-05-03,-0.0027804811327718434,-0.0027804811327718434,-0.0058057284153827547
2023-05-04,0.0036122630643746585,0.0046536218975145524,-0.0072722126349973795
2023-05-05,-0.00070553069753236108,-0.0030748354091670064,0.018090329940635436
2023-05-08,-0.0013237406265558507,-0.0013767045536051718,-0.0006931384061492214
2023-05-09,0.0038445671448638363,0.0038445671448638363,-0.0033356501953964147
2023-05-10,0.00119970583247074,0.0019958717568154226,0.00049794452237939056
2023-05-11,-0.002370351152065811,-0.002370351152065811,-0.004503989388959715
2023-05-12,-0.00061475039413987661,-0.00061475039413987661,-0.00014894953520101586
2023-05-15,0.0044776505603034752,0.0044776505603034752,0.0064063923399535587
2023-05-16,0.0034276275036134508,0.0085690687590336267,-0.014001449285712125
2023-05-17,0.00018270401948843331,0.00045676004872108322,0.013177099961804918
2023-05-18,0,0,0.0080402808504806168
2023-05-19,-0.004571969299038958,-0.011429923247597396,-0.0031918722375702483
2023-05-22,-0.00063019470073837351,-0.0015754867518459337,0.0026089247774128588
2023-05-23,-0.0032556479994810153,-0.0081391199987025376,-0.010914019082764808
2023-05-24,-0.0039302418749886719,-0.0098256046874716785,-0.010832853771469248
2023-05-25,0.01435976950508171,0.035899423762704274,0.00020031090541749175
2023-05-26,0.0085689068806853903,0.021422267201713474,0.0087834696789753242
2023-05-30,0,0,-0.001251263576142514
2023-05-31,0,0,-0.0074868552578068459
2023-06-01,0,0,0.0084723434743949229
2023-06-02,0,0,0.021941910459795263
2023-06-05,0,0,-0.0040431366955212709
2023-06-06,0,0,0.0063133014266557354
2023-06-07,0,0,0.0073452233810086384
2023-06-08,0.0020381849577771672,0.0050954623944429178,0.0023661302419835822
2023-06-09,-0.0033317930804948937,-0.0083294827012372341,-0.0017246682391541055
2023-06-12,-0.0024556589745907023,-0.0061391474364767551,0.0065561665203994549
2023-06-13,0.005192610311363666,0.012981525778409164,0.010045380377818448
2023-06-14,-0.00073609287092433204,-0.0018402321773108299,-0.001567109583783549
2023-06-15,0.00073881204231081028,0.0018470301057770255,0.012555797483485752
2023-06-16,0.0006135188157660121,0.0015337970394150302,-0.0011667096515243804
2023-06-20,0,0,-0.0084534750765862601
2023-06-21,0,0,-0.00065809768807862507
2023-06-22,0,0,-0.0036279474381186757
2023-06-23,-0.0057412898138870187,-0.014353224534717546,-0.0084513025746033015
2023-06-26,-0.00068352868512688847,-0.0017088217128172212,0.0056683868426104754
2023-06-27,0.0022863603596660286,0.0057159008991650717,0.012920303304392025
2023-06-28,0.00060506535125255396,0.0015126633781313847,-0.0012176012823294933
2023-06-29,0.004381525302465228,0.01095381325616307,0.0075536749798242884
2023-06-30,0.0001621897941151307,0.0004054744852878267,0.0092786457119206772
2023-07-03,0.0015490272579048892,0.0038725681447622229,0.0032887247662083995
2023-07-05,0,0,-0.0042048511827191626
2023-07-06,0,0,-0.0088035194016451001
2023-07-07,0,0,0.0023349169172187391
2023-07-10,0,0,0.0091712372341832531
2023-07-11,0,0,0.011258602462180892
2023-07-12,0,0,0.0041888601797878556
2023-07-13,0,0,0.0062966496680321431
2023-07-14,0,0,-0.0052421049473210758
2023-07-17,0.0048208142303100667,0.012052035575775166,0.0022323652572867028
2023-07-18,0.0003650433092293515,0.00091260827307337866,0.0061038204037317054
2023-07-19,0.0034218489907207775,0.0042773112384009715,0.0055745075678730839
2023-07-20,0.0037286489505875542,0.0037286489505875542,-0.0014032289152296248
2023-07-21,0.001790381375490585,0.0031887508489463479,0.0019358683638194241
2023-07-24,0.0051320691871835408,0.0016261350892936566,0.0022561958259350698
2023-07-25,0.0035524964460612795,0.0049479434044072262,0.0015780585725360412
2023-07-26,-0.0016319268172598385,-0.0016319268172598385,0.0014920562864788143
2023-07-27,0.0070200800388986202,0.0070200800388986202,-0.0084903086470861523
2023-07-28,0.0063343701168499357,0.0063343701168499357,0.0062401374598788865
2023-07-31,0.00085778872648440384,0.0047493653764854975,0.0034216559305710946
2023-08-01,0.0051732260056186275,0.004685164068852379,-0.0029735270777344583
2023-08-02,-0.0030640088669147358,-0.0043020553056748127,-0.0088980703537612192
2023-08-03,0.0038939681633405124,0.0038939681633405124,-0.0031486306201070646
2023-08-04,0.0047786719460789183,0.0047786719460789183,-0.0054587454469804866
2023-08-07,0.0066604120180506895,0.0066604120180506895,0.0089049160352581268
2023-08-08,0.035416785195488472,0.035416785195488472,-0.0055872293827681288
2023-08-09,-0.014643036709791703,-0.014643036709791703,-0.0023679656824305345
2023-08-10,-0.0056670728161218788,-0.0056670728161218788,-0.00072279641579849952
2023-08-11,0.0047494210912593831,0.0051332913854085132,0.00032276996927791182
2023-08-14,0,0,0.00052182175653731847
2023-08-15,0,0,-0.013083998017547808
2023-08-16,-0.014069334227258201,-0.035173335568145503,-0.0066898157670228237
2023-08-17,-0.0020834562359518085,-0.0052086405898795207,-0.0082312588779028008
2023-08-18,0.00024542326470546885,0.00061355816176367206,0.0018765307814158259
2023-08-21,0.00012911745875432423,0.00032279364688581058,0.00070835308530267573
2023-08-22,0.0019209374966571602,0.0048023437416429005,-0.0029934781504064745
2023-08-23,-0.00011495973098365476,-0.00028739932745913688,0.0091781461172439505
2023-08-24,0.0019245101619189244,0.0024056377023986553,-0.010136065902066874
2023-08-25,-0.0048556296786678166,-0.012139074196669541,0.0056872406139643833
2023-08-28,0.0035507539480608588,0.0088768848701521463,0.0071334410187416297
2023-08-29,0.0083228990833529078,0.02080724770838227,0.011973465953411908
2023-08-30,0.0019676462503538605,0.0049191156258846513,0.0031006538517648367
2023-08-31,0.00036970679407333229,0.00092426698518333072,-0.0029132675136160605
2023-09-01,-0.0034282794530325015,-0.0085706986325812529,0.0039295063834585047
2023-09-05,0,0,-0.010949099392062888
2023-09-06,0,0,-0.0025497901391106519
2023-09-07,0,0,-0.0032521461471832309
2023-09-08,0,0,0.00067411409875044854
2023-09-11,0,0,0.0027998138246708884
2023-09-12,0,0,-0.0020181960664648552
2023-09-13,0,0,-0.0033157640482628205
2023-09-14,0,0,0.011338614509953457
2023-09-15,0,0,-0.0089192384985275659
2023-09-18,0,0,-0.001066990420534144
2023-09-19,0,0,-0.0023993998836669985
2023-09-20,0,0,-0.0043653892193103771
2023-09-21,0.0090451684426320796,0.022612921106580197,-0.017357717042535022
2023-09-22,-0.00058042562675346692,-0.0014510640668836672,-0.0034009191410303511
2023-09-25,0.0040904835052006485,0.010226208763001621,0.0028501252217036088
2023-09-26,-0.0037833148699394584,-0.0094582871748486452,-0.014108033289145092
2023-09-27,0.0010099829782210356,0.0025249574455525892,0.0012586178046077819
2023-09-28,0.0028396489693018005,0.0070991224232545003,0.0075952046220381288
2023-09-29,-0.0011410103480388844,-0.0028525258700972111,-0.0030628520186204949
2023-10-02,0,0,-0.010650060720017677
2023-10-03,0,0,-0.012588261284038268
2023-10-04,0,0,0.0063581209169217869
2023-10-05,0,0,-0.0030068708190689212
2023-10-06,0,0,0.0096800116673427337
2023-10-09,0,0,0.0078929421809887049
2023-10-10,0,0,0.00770026633900899
2023-10-11,0,0,0.0022256602213595721
2023-10-12,0,0,-0.013294257400744131
2023-10-13,0,0,-0.0029032944305587478
2023-10-16,0.0048964215663148958,0.0048964215663148958,0.012641335810535644
2023-10-17,0.0026903593539586435,0.0026903593539586435,0.0046602099013518866
2023-10-18,-0.0072348686811012225,-0.0072348686811012225,-0.016035114562842217
2023-10-19,0.0061029221257365984,0.016025497289278743,-0.011486481224137314
2023-10-20,-0.010119372352668538,-0.0099976014761216161,-0.011884573688269458
2023-10-23,0.0021821650141432827,0.0035383659571742885,-0.0053361934358303765
2023-10-24,0.0045557521197848849,0.0048525358713594653,0.0076231846891926715
2023-10-25,0.012274968705017313,0.013744699321572972,-0.012399854233820005
2023-10-26,0.017811225617301883,0.017811225617301883,-0.0017873351543384972
2023-10-27,0.0067566279580836891,0.0067566279580836891,-0.010400035995728857
2023-10-30,0.0044803944403384987,0.0044803944403384987,0.0077226057803529858
2023-10-31,0.0099805750044356552,0.0099805750044356552,0.0096612648639499976
2023-11-01,-0.00021675331088785808,-0.0097108002252068674,0.004387077684064101
2023-11-02,-0.0083460099394956043,-0.0083460099394956043,0.022590987968400561
2023-11-03,-0.017225082524262782,-0.017225082524262782,0.016654572422056264
2023-11-06,0.0099547090290980945,0.0099547090290980945,-0.0048641535362377317
2023-11-07,-0.007676055576597977,-0.014294620860349909,-0.00029292213852074385
2023-11-08,0.002476524741259849,0.002476524741259849,-0.0018053225111308488
2023-11-09,-0.0020589764275692054,-0.0020589764275692054,-0.0086756982537755101
2023-11-10,-0.0019611181069200726,-0.0076885106207066293,0.011839540489839061
2023-11-13,0.004833405425810058,0.011979204240111211,-0.0011684818892711006
2023-11-14,0.010843448147822708,0.0023223932441690173,0.028678570887576783
2023-11-15,0.006247489493111472,0.006247489493111472,0.0036737885252641407
2023-11-16,0.0013785390474869306,0.0013785390474869306,-0.0026908652151684635
2023-11-17,0.0013600368900891595,0.0013600368900891595,0.0049688109118583065
2023-11-20,0.00032101579172922891,0.00040126973966153612,0.0045349692355663206
2023-11-21,0.0017739945367870381,0.004434986341967595,-0.001553755281343346
2023-11-22,-0.005376129082173154,-0.0067201613527164417,0.0050501930995923688
2023-11-24,-0.0023879575540641795,-0.0029849469425802244,0.0035153143798115063
2023-11-27,0.0019507720147784902,0.0048769300369462254,-0.0022699988832157914
2023-11-28,-0.0017452484811526282,-0.0043631212028815702,-0.0007889012801563346
2023-11-29,0.0013341647450732632,0.0033354118626831575,0.0039336274936984782
2023-11-30,-0.005691658525431853,-0.014229146313579633,0.0080059459031527752
2023-12-01,0,0,0.014887506094604895
2023-12-04,0,0,-0.00013282777657681882
2023-12-05,0,0,-0.0081308389143839085
2023-12-06,0,0,1.5870162001959762e-05
2023-12-07,0,0,0.0053707197806036437
2023-12-08,0,0,0.0036594099647851708
2023-12-11,0,0,0.0088384912957264992
2023-12-12,0,0,0.002258984138103633
2023-12-13,0,0,0.020354109175828108
2023-12-14,0,0,0.012438310687436019
2023-12-15,0,0,-0.0061190812817411601
2023-12-18,0,0,0.0017165638486233506
2023-12-19,0,0,0.0083668176267372336
2023-12-20,0,0,-0.016640816264835351
2023-12-21,0,0,0.011656482678631107
2023-12-22,0,0,0.0028727615029546217
2023-12-26,0,0,0.0057896112322205753
2023-12-27,0,0,0.0017009461430794325
2023-12-28,0,0,0.0015203112546166243
2023-12-29,0,0,-0.0036115368902584037
2024-01-02,0,0,-0.0014929460430289497
2024-01-03,0,0,-0.013094110143196266
2024-01-04,0,0,-0.00097416749605140683
2024-01-05,0,0,0.002290610145058733
2024-01-08,0,0,0.011338099059044662
2024-01-09,0,0,-0.0048258771563314653
2024-01-10,0,0,0.0020564629760096466
2024-01-11,0,0,-0.0025192907145245159
2024-01-12,0,0,-0.00081203102804666759
2024-01-16,0,0,-0.0065086646198796536
2024-01-17,-0.0019871910245230721,-0.0024839887806538397,-0.0074135951471661979
2024-01-18,-0.0035433118501375653,-0.0044291398126719561,0.0053713377740834071
2024-01-19,-0.006569508117304796,-0.0090550227179255378,0.0086611932688020806
2024-01-22,-0.0012193255739735651,-0.0020352852133141836,0.0049496978143681149
2024-01-23,-0.0056369542904491452,-0.010073897415620855,0.00034608935858747368
2024-01-24,0.0036964025853721402,0.010444976545010832,-0.005437376659481268
2024-01-25,-0.002253739316398527,-0.0043728955920769967,0.009048594566433631
2024-01-26,0.0083480475587418557,0.0083480475587418557,0.00043600375778476893
2024-01-29,-0.00041436826532547288,-0.00041436826532547288,0.0068732220088170513
2024-01-30,-0.00071907614197646067,-0.00071907614197646067,0.00076465313714223963
2024-01-31,0.0028114362524943445,0.010109020134945308,-0.012680403789994283
2024-02-01,0.010748254072813684,0.011952357930082747,0.01181746073348759
2024-02-02,-0.0023220717431597661,-0.0021859202221012025,0.00028653795445606134
2024-02-05,0.0082906790215575392,0.011319275964105672,-0.0092007856958229075
2024-02-06,0.015155629751011687,0.015155629751011687,0.0063842093688404496
2024-02-07,0.0091333302982250543,0.0091333302982250543,0.0046928352120281609
2024-02-08,-0.0090447795476241034,-0.0090447795476241034,0.003041255111378708
2024-02-09,-0.0015950472403628011,-0.0015950472403628011,0.0024653543626870283
2024-02-12,0.0045769156345525815,0.0045769156345525815,0.0056799129605069956
2024-02-13,0.0014573981557941458,0.0096453582243632673,-0.016131324810810574
2024-02-14,-0.013474208575519389,-0.0178880417776839,0.010478840042614779
2024-02-15,0.0094245159911748484,0.0094245159911748484,0.012287723821513163
2024-02-16,0.0023582665807609228,0.0023582665807609228,-0.0037360916489522157
2024-02-20,-0.0032372239174570036,-0.0032372239174570036,-0.0035913910119724467
2024-02-21,-0.00073781085065562774,-0.00073781085065562774,0.0024885650674641596
2024-02-22,0.0090549922714726217,0.0090549922714726217,0.011570977781339692
2024-02-23,0.0011317421470411204,0.0011317421470411204,0.0037435635642012444
2024-02-26,0.0017377304813125756,0.0017377304813125756,-0.0039713191583521101
2024-02-27,-0.004477537869437543,-0.0055969223367969279,0.0053944849868980006
2024-02-28,0.0030431459419766474,0.0043626981029811305,0.00080399449261860058
2024-02-29,-0.0031161853698729878,-0.0042253498015314972,0.005922027671470256
2024-03-01,0.020250384522378657,0.018641910611040875,0.0062987696928829291
2024-03-04,-0.0091680474713510818,-0.0091680474713510818,0.0031566751022630633
2024-03-05,-0.0059594133360607151,-0.0059594133360607151,-0.0060289782118270584
2024-03-06,0.00031602358927385076,0.00031602358927385076,0.0066809119534264197
2024-03-07,0.00062900397771761254,0.00062900397771761254,0.0074530691023560729
2024-03-08,0.0033724905256654171,0.02433071362651722,-0.0011316723442379017
2024-03-11,0.00027966277706654736,0.0038545518187618755,0.0010899023839259217
2024-03-12,0.0063857560715934181,0.0079821950894917726,0.0031628323179004386
2024-03-13,-0.00072714899968993061,-0.00090893624961241315,0.0010855020804500781
2024-03-14,-0.0006130339950208175,-0.00076629249377602182,-0.0084532711968968392
2024-03-15,-0.0017268003502772357,-0.0021585004378465444,-0.0016111521552676566
2024-03-18,0.0016287076086699327,0.0040717690216748315,0.0031256093271081497
2024-03-19,0,0,0.0058932645686454541
2024-03-20,0,0,0.0091124383557789467
2024-03-21,0.026329690503115177,0.032912113128893972,0.0072614533670033741
2024-03-22,-0.024960518140823135,-0.024960518140823135,-0.0061438359572324169
2024-03-25,0.0046542600090747985,0.0046542600090747985,-0.0017668497722947735
2024-03-26,-0.00073512414815973793,-0.00073512414815973793,-0.0014939365272250819
2024-03-27,0.0052835098728883177,0.0052835098728883177,0.014833087595164537
2024-03-28,-0.00049082246642449345,-0.00049082246642449345,0.0039200657498811983
2024-04-01,-0.0027902214258287428,-0.0069755535645718569,-0.0056019067189370959
2024-04-02,0,0,-0.0085846082470218514
2024-04-03,0,0,0.0014055900495168346
2024-04-04,0,0,-0.010610903319090899
2024-04-05,0,0,0.0076206683452269448
2024-04-08,0,0,0.0026307503401278606
2024-04-09,0,0,0.00304099881195868
2024-04-10,0,0,-0.015711660188086441
2024-04-11,0,0,-0.00042678062569648191
2024-04-12,0,0,-0.015265094523248649
2024-04-15,0,0,-0.0097669327315901607
2024-04-16,-0.0020058969414495477,-0.0050147423536238689,-0.0048450026975723395
2024-04-17,0.0056619771367572907,0.0070774714209466127,-0.0028944867495454083
2024-04-18,3.5241103315541977e-06,4.4051379144427472e-06,-0.00086097458542909824
2024-04-19,0.001327765921718971,0.0016597074021487135,0.0022247191392924834
2024-04-22,0.0091297447759867822,0.0091297447759867822,0.0081359848182287978
2024-04-23,0.0056652287995871634,0.0090965669512957925,0.010151672205166232
2024-04-24,-0.0021096917386246245,-0.0034729345365049954,0.0015997464612555446
2024-04-25,0.0043911919947890697,0.0043911919947890697,-0.0025508579203468336
2024-04-26,0.005733482435362397,0.005733482435362397,0.0021490480457264775
2024-04-29,-0.0020784682568917674,-0.0020784682568917674,0.0064221485769113415
2024-04-30,-0.0037917032440521093,-0.0037917032440521093,-0.014964708376376683
2024-05-01,0.026563166843923312,0.026563166843923312,-0.0031945614260783803
2024-05-02,-0.00048412928006323337,-0.00048412928006323337,0.0076687318697234294
2024-05-03,-0.0097403087491913162,-0.0097403087491913162,0.0072675419082734788
2024-05-06,0.0081493367510847691,0.0081493367510847691,0.0084538947587250845
2024-05-07,-0.0025228201898376537,-0.0025228201898376537,0.0025152947864834391
2024-05-08,0.0070088606422333416,0.0081517772090405408,-0.00061545308262695884
2024-05-09,0.0043287255066085514,0.0041438949594588392,0.0091902147792259775
2024-05-10,0.026020106449326369,0.026020106449326369,0.0018456249404745612
2024-05-13,-0.012582462578550876,-0.015194654249135383,-0.0012273079031275976
2024-05-14,0.015574920068003383,0.017174185383508678,0.0045483526430513529
2024-05-15,0.0082227344181157822,0.0082227344181157822,0.0090032222064813979
2024-05-16,0.0044665038923020319,0.012499454392699748,-0.0020022561561583766
2024-05-17,-7.6363292846798325e-05,0.00097863494015040797,0.001960334299545449
2024-05-20,7.6009297712098501e-05,9.5011622140123153e-05,-0.00010719350997812799
2024-05-21,0,0,-0.0005456146723076008
2024-05-22,0,0,-0.0036943124719262697
2024-05-23,0.0033079718248918868,0.0082699295622297164,-0.013793685581217074
2024-05-24,0.030637788234975143,0.038297235293718923,0.0070002487937498234
2024-05-28,0.0065282228968219329,0.008160278621027417,-0.0074412629096996313
2024-05-29,-0.0038734097689271611,-0.0048417622111589509,-0.010905126725969756
2024-05-30,0.0074006952860960597,0.0092508691076200744,0.0037226624878296953
2024-05-31,0.0054870100070805623,0.006858762508850702,0.012194694382092027
2024-06-03,-0.001343791136463346,-0.0033594778411583648,-0.0052585101770224836
2024-06-04,0,0,-0.0025217949172017416
2024-06-05,0,0,0.0068157646665618866
2024-06-06,0.0040890612508717172,0.010222653127179293,-0.0021945008133899598
2024-06-07,0.00085962409900202101,0.0021490602475050524,-0.0031653375901809426
2024-06-10,-0.0044656151898254228,-0.011164037974563557,0.0037379429622181773
2024-06-11,0.0012581880443033545,0.003145470110758386,-0.003614055465224007
2024-06-12,-0.0012503223411972409,-0.0031258058529931021,0.0060281642432703682
2024-06-13,-0.00037299406556257075,-0.00093248516390642688,-0.0029529219387157955
2024-06-14,0.0038758898850742352,0.0096897247126855879,-0.0062228183542731739
2024-06-17,0,0,0.0071269132871063746
2024-06-18,0,0,0.0027102967488976458
2024-06-20,0,0,0.00099013422437601011
2024-06-21,-0.00027851532762688261,-0.00069628831906720645,0.0017518158836556954
2024-06-24,-0.00075655217152370557,-0.0018913804288092639,0.0047171439939526928
2024-06-25,-0.00079965657902103526,-0.0019991414475525882,-0.0058733914776082337
2024-06-26,0.029288996119910538,0.036611245149888172,-0.0039128100886557955
2024-06-27,0.00019983101952047988,0.00019983101952047988,0.0017804591399806547
2024-06-28,0.004632561635717708,0.004632561635717708,0.00038972665543109657
2024-07-01,-0.0022956507885022182,-0.0022956507885022182,-0.0069671663550872611
2024-07-02,0.0024000199058647289,0.0024000199058647289,0.0040396743028725682
2024-07-03,-0.0047359460828912958,-0.0047359460828912958,0.0010199198063489746
2024-07-05,0.0084033150969510979,0.0084033150969510979,-0.00073224800616458643
2024-07-08,-0.006985642771511813,-0.0087320534643897663,0.0016621791203630298
2024-07-09,-0.0013784959551271349,-0.0034462398878178369,-0.0017721857733121534
2024-07-10,0.00078527546571542932,0.0019631886642885732,0.0088283940893743341
2024-07-11,0.0049704103076587906,0.012426025769146976,0.011464409131025583
2024-07-12,0.0003475092495244692,0.00086877312381117289,0.0081849808684125377
2024-07-15,0.0049867631010551694,0.012466907752637924,0.0016281641094465216
2024-07-16,0.0033991909589440985,0.0084979773973602457,0.016927620074442248
2024-07-17,0.013852318983295798,0.017315398729119746,-0.0053170711762680943
2024-07-18,-0.0017607010326340928,0.00291759941713674,-0.0081866186389137098
2024-07-19,-0.0052650541962711572,-0.0057912708321794177,-0.0057952025663107858
2024-07-22,0.0014762670027355469,0.0014762670027355469,0.0092574523342133421
2024-07-23,0.001200988930887516,0.001200988930887516,-0.0031486649267009345
2024-07-24,0.0015520402084092306,0.0031787389405983158,-0.013687664321742985
2024-07-25,0.00039666181365470305,-0.0001755008124043108,0.00043428181240203693
2024-07-26,0.0090615606972797753,0.0090615606972797753,0.01459571599401248
2024-07-29,-0.002047938729117669,-0.002047938729117669,0.0013745316683992385
2024-07-30,0.0027269947696410405,0.0027269947696410405,0.0036978745489458969
2024-07-31,0.013436192450487536,0.013436192450487536,0.0064338824485028721
2024-08-01,-0.0034852131468885526,-0.0034852131468885526,-0.011138116884406982
2024-08-02,-0.0022045074305232096,-0.0022045074305232096,-0.019047370202060036
2024-08-05,-0.0017723171876019468,-0.0017723171876019468,-0.023904043435321442
2024-08-06,-0.0063906925088840156,-0.0063906925088840156,0.011719643946081569
2024-08-07,-0.018950302611994277,-0.018950302611994277,-0.0077137498101075347
2024-08-08,0.0068273075743934229,0.0068273075743934229,0.020527245517560536
2024-08-09,-0.0082907970952522999,-0.0082907970952522999,0.0025737434372649038
2024-08-12,0.013495249134367195,0.016687887273554441,-0.0046055581420409589
2024-08-13,-0.00083430129341386912,-0.0051725218196239375,0.012400607520773307
2024-08-14,0.00076790380601043917,0.00076790380601043917,0.002450292738097513
2024-08-15,-0.0094710900535299181,-0.029871202568023055,0.014051749008726872
2024-08-16,-0.0052093907515108149,-0.010958707685551053,0.002414626916911061
2024-08-19,-6.7305521025851078e-05,-0.0001682638025646277,0.0079166670849397935
2024-08-20,0,0,-0.0042312946025798099
2024-08-21,0.027769358446994331,0.069423396117485825,0.0077432540833316868
2024-08-22,-0.0040174893859704856,-0.010043723464926213,-0.0035986844888998368
2024-08-23,0.00047853078116917304,0.0011963269529229326,0.013292965127509878
2024-08-26,-0.0011483130120637287,-0.0028707825301593215,-0.00061043221938331419
2024-08-27,-2.5953802232048241e-05,-6.4884505580120599e-05,0.00054141674620177655
2024-08-28,-0.0019597663854639793,-0.0048994159636599477,-0.0031592938615010013
2024-08-29,0.00030146143259712765,0.00075365358149281914,0.0036223766538805106
2024-08-30,0,0,0.0085783691832800931
2024-09-03,0,0,-0.015008992372085158
2024-09-04,0,0,-0.0013529476924445129
2024-09-05,0,0,-0.00618618719659275
2024-09-06,0,0,-0.012059503660548254
2024-09-09,0,0,0.01021096933114387
2024-09-10,0,0,0.00071679225010344528
2024-09-11,0,0,0.0029936945662500016
2024-09-12,0,0,0.0063716765232148705
2024-09-13,0,0,0.0099889250771490173
2024-09-16,0,0,0.0073214911508797699
2024-09-17,0,0,0.0023349890938176624
2024-09-18,0,0,-0.0016235195054396482
2024-09-19,0,0,0.012193531759785948
2024-09-20,0,0,-0.0030962021381917035
2024-09-23,0,0,0.0049527076739445015
2024-09-24,0,0,0.0015480830753294246
2024-09-25,0,0,-0.0063136034947084375
2024-09-26,-0.00019346517626825933,-0.0004836629406706483,0.0082242754315524462
2024-09-27,-0.0045019316347987724,-0.011254829086996931,0.0036574565032083286
2024-09-30,0.0034889712687668608,0.0087224281719171515,0.0016279253431870037
2024-10-01,-0.0019619027014269319,-0.0049047567535673298,-0.0052041677847772163
2024-10-02,-0.003463318556126538,-0.0043291481951581723,-0.00082077111601160319
2024-10-03,-0.0035343928390642932,-0.0044179910488303664,-0.0044032808099030074
2024-10-04,-0.00033977391050543648,-0.0004247173881317956,0.0077946417938031601
2024-10-07,-0.002020316433863445,-0.0050507910846586124,-0.0083968269610346421
2024-10-08,0.00062985982888199568,0.0015746495722049891,0.0036963078102024418
2024-10-09,0.00020091201090886024,0.0005022800272721506,0.006951647102280115
2024-10-10,0.00017558921447133891,0.00043897303617834726,-0.0036328228117085506
2024-10-11,0,0,0.010127222058664492
2024-10-14,0,0,0.0068509339979453011
2024-10-15,0,0,-0.0040252444944536498
2024-10-16,0,0,0.006332348079644892
2024-10-17,0.0011984801168094536,0.001498100146011816,-0.00173698258663256
2024-10-18,0.0020531960747001959,0.00031510127967996715,0.0033104055668397572
2024-10-21,-0.0076682638467243944,-0.003172288022616339,-0.0080843954914123547
2024-10-22,-0.011268769278315877,-0.012673771939305717,-0.0038454307770927876
2024-10-23,0.0023443376068229631,0.0023443376068229631,-0.0032684808856198052
2024-10-24,0.011653209019460013,0.011653209019460013,0.00044594323951357642
2024-10-25,-0.0080677809902176788,-0.0080677809902176788,-0.0047296419514792926
2024-10-28,0.0058655141841801629,0.0058655141841801629,0.0052614780341622971
2024-10-29,0.0035331762642068082,0.0035331762642068082,-0.0027011889491569971
2024-10-30,0.00041654608158038162,0.0013865982168364483,-0.001028614783950333
2024-10-31,0.0096080756924006808,0.0096080756924006808,-0.010579775083462644
2024-11-01,-0.0033285030628157053,-0.0033285030628157053,0.00032810349765533372
2024-11-04,0.0016220358827648228,0.0016220358827648228,0.0015541079667622413
2024-11-05,0.0057892845634594896,0.0063620930928265252,0.012308143031640996
2024-11-06,-0.0096390950668599866,-0.0096390950668599866,0.023840083468262205
2024-11-07,0.0064800988582007597,0.0064800988582007597,0.0025715888046615289
2024-11-08,-0.0037129403175422456,-0.0037129403175422456,0.0059047406048535114
2024-11-11,-0.0019423463383512398,-0.0019423463383512398,0.0056907125131048786
2024-11-12,0.0063744438743078185,0.0063744438743078185,-0.0068976836827007023
2024-11-13,0.001002023953311261,0.001002023953311261,0.0001614569772511865
2024-11-14,-0.0051132430299248377,-0.0051132430299248377,-0.0072921428706637474
2024-11-15,-0.0019631137220137655,-0.0019631137220137655,-0.0076157578359031843
2024-11-18,0.0029562200913365033,0.0029562200913365033,0.0053465261243510536
2024-11-19,-0.0026350159882113644,-0.0032937699852642055,-0.0020374338755129663
2024-11-20,-0.017730022286130267,-0.044056190694728145,0.0035775046595746701
2024-11-21,0.0030014700848641686,-0.0059724240413142251,0.012581813714597892
2024-11-22,0.0070145130103755008,0.0087681412629693756,0.0080860024911737806
2024-11-25,0.010007030939017447,0.012508788673771809,0.0088634920492936392
2024-11-26,0.0012823517306105757,0.0016029396632632198,7.4463127111646277e-05
2024-11-27,0.0028909136737644394,0.003613642092205549,-0.00077542983027613127
2024-11-29,-4.2929794718715723e-05,-0.0001073244867967893,0.0030068032568737056
2024-12-02,-0.0012663732282470531,-0.0031659330706176325,-0.0025916670085906969
2024-12-03,0,0,-0.0034528558376099518
2024-12-04,0,0,0.00020229999619318263
2024-12-05,0,0,-0.0050684548239448412
2024-12-06,0.021246718533721554,0.053116796334303884,-0.00036853605184781498
2024-12-09,-0.0070148036605728993,-0.017537009151432248,-0.0046770194383173262
2024-12-10,-0.010297892129244613,-0.025744730323111531,-0.0068121030346097178
2024-12-11,-9.1456372010556569e-05,-0.00022864093002639141,0.0012648425317012936
2024-12-12,-0.00073009913878487878,-0.0018252478469621969,-0.0031796249770085884
2024-12-13,0,0,-0.003433394452256221
2024-12-16,0.00018272016359608401,0.00045680040899021002,-0.0030163205744503782
2024-12-17,0,0,-0.007082414301730555
2024-12-18,0,0,-0.029837994901936695
2024-12-19,0.00031295061320730789,0.0007823765330182697,-0.0040888502289967111
2024-12-20,-0.0012498467512930935,-0.0031246168782327333,0.013898697210080711
2024-12-23,-0.008173968205748762,-0.010217460257185951,0.0017879596065533607
2024-12-24,0.0010642699516548505,0.001330337439568563,0.0080369988420868135
2024-12-26,-0.00094557230151992588,-0.0011819653768999072,0.00094203217030497117
2024-12-27,-0.0039243101178823014,-0.0049053876473528768,-0.0073966081966887554
2024-12-30,-0.00023953918748949033,-0.00059884796872372581,-0.0095995953706985004
2024-12-31,-0.0010379110235936295,-0.0025947775589840738,0.001045746668667338
2025-01-02,0,0,-0.0021989993818368287
2025-01-03,0,0,0.0096095448365285836
2025-01-06,0,0,-0.00012302576303146835
2025-01-07,0,0,-0.0041193884820696688
2025-01-08,0,0,0.001927352605280721
2025-01-10,0,0,-0.015961660615896545
2025-01-13,0,0,0.0079666813396066447
2025-01-14,0,0,0.0078863285436357334
2025-01-15,0,0,0.010765728947799818
2025-01-16,0.0023335302771490432,0.0058338256928726073,0.0082416390478957068
2025-01-17,0.0072589853373445923,0.0090737316716807404,0.0053521362682323239
2025-01-21,0.0019850045463771786,0.0024812556829714727,0.012324222739288843
2025-01-22,-0.0033922786209892725,-0.0014602218091259583,-0.003420078911621429
2025-01-23,0.0066596026602902779,0.0066596026602902779,0.0048446787497434833
2025-01-24,-0.0010700252084833398,-0.0010700252084833398,-0.00068574532464071207
2025-01-27,-0.0043356241092772632,-0.0043356241092772632,-0.00045064300685472623
2025-01-28,0.00068018774442982644,0.00068018774442982644,-0.0034611909574949365
2025-01-29,0.014166549073737928,0.014166549073737928,-0.0029736788037606206
2025-01-30,-0.01255502552343802,-0.01255502552343802,0.010539481940890119
2025-01-31,-0.0097216728231776604,-0.0097216728231776604,-0.007073409265938563
2025-02-03,0.015406532580213447,0.015406532580213447,-0.0060515869832702719
2025-02-04,-0.0092217374462118182,-0.0092217374462118182,0.001003573915676905
2025-02-05,0.0026081697545399934,0.0026081697545399934,0.0057360121160966483
2025-02-06,0.0090451221495461455,0.0090451221495461455,-0.0010950753552702709
2025-02-07,-0.00056990658525424244,-0.00056990658525424244,-0.0050075862782177618
2025-02-10,-0.0019241416184303383,-0.0019241416184303383,0.0035985423538167248
2025-02-11,0.0061758044385332583,0.0061758044385332583,-0.00049436360290736731
2025-02-12,-0.0056782090619493025,-0.0060031783096773711,-0.0054779995231192657
2025-02-13,-0.011651849384961627,-0.011651849384961627,0.0081913138532824104
2025-02-14,0.0049780074955441305,0.0049780074955441305,-0.0012536769694610156
2025-02-18,-0.0026487345758800405,-0.0026487345758800405,0.0070855186795171707
2025-02-19,0.0064727182614269614,0.0064727182614269614,0.0018559340886611883
2025-02-20,0.0041875604450874113,0.0048555524520365973,-0.0033062112968084006
2025-02-21,0.0086399412410693831,0.0086399412410693831,-0.014764826676753129
2025-02-24,-0.0030274934206272453,-0.0030274934206272453,0.00033743656662333147
2025-02-25,-0.008547118748811703,-0.0083658135103733995,0.00079354537383600273
2025-02-26,0.0039951407877320674,0.0058368657010926875,-0.0014942846425275618
2025-02-27,-0.0042035974715178758,-0.0044298410927979901,-0.0089739299118402043
2025-02-28,0.018019424798288403,0.018019424798288403,0.011953850260893904
2025-03-03,-0.0098270755452395126,-0.0091358021326865962,-0.011131835670923471
2025-03-04,-0.0097907585066092408,-0.009469408326291404,-0.016360189306802012
2025-03-05,0.012218133401467038,0.031225720032592771,0.010239310675617204
2025-03-06,0.0016958914221160727,0.016234529775881371,-0.01300380017689627
2025-03-07,0.015937646260117549,0.02821441271685125,0.0092530454206689768
2025-03-10,-0.0075828115266014084,-0.0094785144082517592,-0.016400757962913192
2025-03-11,-0.010168650258424417,-0.025421625646061041,-0.012066913552674981
2025-03-12,-0.010158017393281439,-0.025395043483203594,-0.0026042764638170928
2025-03-13,0.0032162735898487952,0.0080406839746219871,-0.011700530864071138
2025-03-14,0.0425906503619988,0.046080556479689158,0.020765892485975237
2025-03-17,-0.00087470329833669877,-0.0010933791229208734,0.014225690918378071
2025-03-18,-0.0034276985181421532,-0.0042846231476776908,-0.0062399931491855971
2025-03-19,-0.0011882627250731082,-0.0014853284063413852,0.0083800893114542342
2025-03-20,-0.0011868242707345324,-0.0014835303384181653,-0.0035523621382595443
2025-03-21,-0.0014908249973727234,-0.0014908249973727234,-0.0046608452826072174
2025-03-24,0.0028041674060102681,0.0028041674060102681,0.016919982375575068
2025-03-25,-0.0025226612067824616,-0.0063066530169561541,-0.002379938557240043
2025-03-26,-0.0024045268206110307,-0.006011317051527576,-0.0028027524525588718
2025-03-27,0.02254915050543729,0.02818643813179661,-0.0035206521763447079
2025-03-28,-0.018545212349118725,-0.023181515436398403,-0.015611664643175616
2025-03-31,0.006978261162985922,0.0087228264537324018,0.0072070064155772317
2025-04-01,0.00071932862661516772,0.0017983215665379193,0.0016903695644958623
2025-04-02,0.0059198301035306329,0.014799575258826581,0.0094432093886671446
2025-04-03,-0.026685574319969055,-0.06671393579992263,-0.049659633547865935
2025-04-04,0.00098185063969058461,0.0024546265992264615,-0.057799742463550061
2025-04-07,0,0,-0.0063831897315724442
2025-04-08,0,0,-0.019129179706154981
2025-04-09,0,0,0.084214041696719935
2025-04-10,0,0,-0.034123521757557854
2025-04-11,0,0,0.015411227655395543
2025-04-14,0,0,0.012449366437711013
2025-04-15,0,0,-0.0027469578045887103
2025-04-16,0,0,-0.013874798136111463
2025-04-17,0,0,0.0077997030321289339
2025-04-21,0.0030584874053215306,0.0076462185133038263,-0.020965457786677265
2025-04-22,0.010614327216041986,0.026535818040104964,0.025722966893741317
2025-04-23,-0.0012578616042183089,-0.0049007840917613399,0.011289147546159891
2025-04-24,-0.0038276114968212134,-0.0076464040322509622,0.018949227650363186
2025-04-25,-0.0029227906923127139,-0.0029227906923127139,-0.00081188218100127787
2025-04-28,0.010966149192721052,0.010966149192721052,0.0031687654497063625
2025-04-29,0.010146209328517571,0.010146209328517571,0.0055627916453844422
2025-04-30,-0.011568008386103064,-0.011568008386103064,0.0018448877937270063
2025-05-01,0.006197831424041662,0.006197831424041662,-0.0010382797325892976
2025-05-02,0.00048727604483878072,0.00048727604483878072,0.017551974580825386
2025-05-05,0.0034395978332097759,0.0034395978332097759,-0.0037648459804177203
2025-05-06,0.0029449184403365588,0.0029449184403365588,-0.0072467118310151919
2025-05-07,-0.00098728948832697968,-0.00098728948832697968,0.0065833532117192967
2025-05-08,-0.021037115851085208,-0.063413573928251102,0.0095434409652917565
2025-05-09,-0.010534484549042241,-0.010534484549042241,8.86748492943619e-05
2025-05-12,-0.012466840085694712,-0.012466840085694712,0.029599733763289962
2025-05-13,0.0034051403405577895,0.0034051403405577895,0.0025777373361038128
2025-05-14,-0.0038174443999850851,-0.0038174443999850851,-0.0063367382469513072
2025-05-15,0.0014138795665548174,0.0014138795665548174,0.009132562176232626
2025-05-16,0.0039787145882334094,0.0039787145882334094,0.010078924089740357
2025-05-19,0.0019527237038505785,0.0048818092596264462,0.00030184530458316367
2025-05-20,0,0,-0.0028606557121413465
2025-05-21,0,0,-0.021808583045079901
2025-05-22,0,0,-0.0027435767772928058
2025-05-23,-0.041095416238459095,-0.051369270298073866,-0.0038404762063939018
2025-05-27,0.021756215382872802,0.027195269228591001,0.0187373145654583
2025-05-28,-0.0096879716518342811,-0.012109964564792852,-0.0086349416929553547
2025-05-29,0.0057762134469937281,0.0072202668087421595,0.0033030483342117844
2025-05-30,-0.0049035793327958377,-0.0061294741659947971,-0.00021087683651089856
2025-06-02,0.00040730784792730734,0.00050913480990913418,0.00026232167633072502
2025-06-03,5.8317716132449962e-05,0.0001457942903311249,0.0083620068320453666
2025-06-04,0.00011660143261869039,0.00029150358154672595,-0.002042790725081664
2025-06-05,-0.0009334818326105943,-0.0023337045815264856,-0.0024770715076480447
2025-06-06,0.0021098783161219714,0.0052746957903049285,0.0089816829864672668
2025-06-09,-0.001217712956453787,-0.0030442823911344674,1.309492508285674e-05
2025-06-10,-0.00116749589433649,-0.0029187397358412248,0.0052293869546493075
2025-06-11,-0.003932824427480908,-0.0098320610687022691,-0.0031765515443482732
2025-06-12,0,0,0.0028033541801825595
2025-06-13,0,0,-0.012428792327183457
2025-06-16,0,0,0.0094728044569998698
2025-06-17,0,0,-0.0097318198283730343
2025-06-18,0,0,0.00057914680824400547
2025-06-20,0,0,0.0014677837464262622
2025-06-23,-0.0039330156154662402,-0.0098325390386655998,0.0087540844121425654
2025-06-24,-0.0004608618588064273,-0.0011521546470160682,0.0098359589888548371
2025-06-25,-0.0030521220867359756,-0.0076303052168399388,-0.0075209726454049768
2025-06-26,-0.0013703822848295522,-0.0034259557120738804,0.0075258906107006536
2025-06-27,0.00014822188200116495,0.00037055470500291232,0.0042886329658445984
2025-06-30,0.0017026741571332328,0.0042566853928330817,0.0053454235222005833
2025-07-01,0.0014956445849980682,0.0037391114624951705,0.010947352373791696
2025-07-02,0,0,0.0025485939017621676
2025-07-03,0,0,0.0053980845041183348
2025-07-07,0,0,-0.008454874621925226
2025-07-08,0,0,0.002369019811726992
2025-07-09,0,0,0.0033184686936849491
2025-07-10,0,0,0.0052789708605535928
2025-07-11,0,0,-0.0072680022546557635
2025-07-14,0,0,0.0010039652791059381
2025-07-15,0.00026633258676089788,0.00066583146690224471,-0.013605633088433671
2025-07-16,0.0027763936898781427,0.0034704921123476784,0.0043039464144752574
2025-07-17,0.0063176479427871522,0.0078970599284839404,0.0074903780805842327
2025-07-18,0.0017239638101731311,0.0022097806794080981,0.00030623163732247937
2025-07-21,0.00046503940238055985,0.00046503940238055985,-0.0034488611669403839
2025-07-22,0.0076412166429941086,0.0076412166429941086,0.012649822616159332
2025-07-23,0.0092374743737011662,0.0092374743737011662,0.0085119959119462733
2025-07-24,0.010627869436508699,0.010627869436508699,-0.0030032546073569823
2025-07-25,-0.0029059246976017535,-0.0029059246976017535,0.0056814568266384483
2025-07-28,0.010737528070224574,0.01304032228170769,-0.0057337883231909845
2025-07-29,0.02648651460225071,0.02648651460225071,-0.00076227376875099087
2025-07-30,0.0043738407261059795,0.0043738407261059795,-0.0061228286764863195
2025-07-31,0.014541127182682485,0.014541127182682485,-0.008835087350304258
2025-08-01,-0.00022115720200896016,-0.00022115720200896016,-0.010377057665991117
2025-08-04,-0.0068964918870056142,-0.0068964918870056142,0.012468522225582708
2025-08-05,0.0039240933057613121,0.0039240933057613121,-0.0032435104781485063
2025-08-06,0.0013829248340017039,0.0020948525747606812,-0.0013941285467865222
2025-08-07,-0.0010656341707504227,-0.0022178145985489667,-0.00011821829855811761
2025-08-08,0.012521055851750954,0.012521055851750954,0.0019956278524369789
2025-08-11,0.00050729411048032491,0.00050729411048032491,-0.0033504785200491401
2025-08-12,0.0067913300810864613,0.0064886055604003014,0.013582877695640204
2025-08-13,0.0029146228617957419,0.0029146228617957419,0.013852869554562533
2025-08-14,-0.0020701561658977019,-0.0020701561658977019,-0.0061500042909137069
2025-08-15,-0.00011200367700605609,0.00091541073493750513,-0.0021588046062044441
2025-08-18,-0.0042315873154560981,-0.0052894841443201224,-0.00053812280705619285
2025-08-19,0,0,0.0046205760763267881
2025-08-20,0,0,-0.00040898421335859434
2025-08-21,0,0,-0.0029570093472921326
2025-08-22,0,0,0.019092258408370817
2025-08-25,0,0,-0.0079047023726676862
2025-08-26,0,0,0.00091461947832927179
2025-08-27,0,0,0.0033535895654361126
2025-08-28,0,0,-0.00018256200395960317
2025-08-29,0,0,-0.00078929955326298732
2025-09-02,0,0,-0.0071844381417157464
2025-09-03,0,0,-0.0016365314782904154
2025-09-04,0,0,0.0078840442389585402
2025-09-05,-0.0056033620172103232,-0.014008405043025807,0.0010191404870393784
2025-09-08,0.00074119827053737992,0.0018529956763434496,0.00011112944874179607
2025-09-09,-0.0027897435897435985,-0.0069743589743589962,-0.002841646907107212
2025-09-10,0.0018722696068234068,0.004680674017058517,-0.0014993501356039985
2025-09-11,0.0015663643858202737,0.003915910964550684,0.01562284471692406
2025-09-12,-0.0020449897750511206,-0.0051124744376278008,-0.0076273437666073314
2025-09-15,-0.0033057851239669312,-0.0082644628099173278,-0.0021268326693802768
2025-09-16,0,0,-0.0021488841343786217
2025-09-17,0,0,0.0016347653703088028
2025-09-18,0,0,0.0064726463922759152
2025-09-19,0,0,-0.0016912665038200749
2025-09-22,0,0,0.00074094562167355954
2025-09-23,0,0,0.0010280790940010505
2025-09-24,0,0,-0.0023437573619891775
2025-09-25,0,0,-0.0084483234992172671
2025-09-26,0,0,0.01050071041348466
2025-09-29,0,0,0.0034577142717356077
2025-09-30,0,0,0.0029492527968790062
2025-10-01,0,0,0.0018295277726413754
2025-10-02,0,0,0.0021760744036648811
2025-10-03,0,0,0.0036215170688599194
2025-10-06,0,0,-0.00081941999323441783
2025-10-07,0,0,-0.0043210385990841583
2025-10-08,0,0,0.0031925557356523135
2025-10-09,0,0,-0.0081351038226292454
2025-10-10,0,0,-0.022207588599269613
2025-10-13,0,0,0.010496777345686067
2025-10-14,0,0,0.0086380261087969073
2025-10-15,0,0,0.0016219400597847213
2025-10-16,0.024662865289472397,0.030967574347505883,-0.0091337496117099154
2025-10-17,-0.0042067262319836389,-0.0094426221183737669,0.0049646547656602138
2025-10-20,0.01186742823419551,0.020151643523954276,0.010009495884131638
2025-10-21,0.0033154645298647425,0.0033154645298647425,0.0050255959464193993
2025-10-22,0.011056256893810203,0.013970466781417619,-0.0048728331576672933
2025-10-23,0.0280917458744675,0.0280917458744675,0.0053100002040344686
2025-10-24,0.0025167407657809655,0.0025167407657809655,0.0030786660120359251
2025-10-27,0.0029434026146679297,0.0025136703274590737,0.00448489375423406
2025-10-28,0.008417436364961537,0.026808663236444381,-0.0091274436626768325
2025-10-29,0.020358953091943743,0.026555566795883164,-0.010571805116178477
2025-10-30,0.017306618495690151,0.017306618495690151,-0.0038597759461230048
2025-10-31,0.013027136236887452,0.013027136236887452,0.0021925356711718727
2025-11-03,0.00897342257134396,0.00897342257134396,-0.0026914172633178421
2025-11-04,0.00033210873020210648,0.00033210873020210648,-0.0058830216415664263
2025-11-05,0.0029279947650422454,0.0029279947650422454,0.0058156406807118415
2025-11-06,0.0033035247787886399,0.0033035247787886399,-0.0073431557093068039
2025-11-07,0.0021170814646976595,0.0021170814646976595,0.0097860250224268159
2025-11-10,0.0012555815279688951,0.0012555815279688951,0.0051210638521335065
2025-11-11,0.00078003312428853375,-0.00058015780519728166,0.0064385419029465455
2025-11-12,-0.0015712657518942138,-0.0015712657518942138,0.0023950483809418695
2025-11-13,-0.0022050955163388872,-0.0022050955163388872,-0.011638287296150627
2025-11-14,0.0043795919567669664,0.0043795919567669664,-0.002966167463066635
2025-11-17,-0.0044916435645506042,-0.0044916435645506042,-0.013101565308990792
2025-11-18,0,0,-0.00020174438613863418
2025-11-19,0,0,-0.0027565296434918086
2025-11-20,0,0,-0.011723798322247767
2025-11-21,0,0,0.019877343939592361
2025-11-24,0,0,0.0041503680103847094
2025-11-25,0,0,0.014760789852598745
2025-11-26,0,0,0.0064760702358424372
2025-11-28,0,0,0.0053304880776447175
2025-12-01,0,0,-0.0065274171038841103
2025-12-02,0,0,-0.00068395838494571173
2025-12-03,0,0,0.0074644770733391123
2025-12-04,0,0,0.00096801232268016772
2025-12-05,0,0,0.0018676931433587824
2025-12-08,0,0,-0.0056494369982385204
2025-12-09,0,0,-0.0020643116391795354
2025-12-10,0,0,0.013189862797756267
2025-12-11,0,0,0.008819969013062666
2025-12-12,-0.022855860786895277,-0.057139651967238192,-0.0057913875117927968
2025-12-15,-0.011180176092505635,-0.027950440231264084,0.0010226979410143456
2025-12-16,0.00087686968725768648,0.0021921742181442161,-0.0068581736913982914
2025-12-17,-0.0089541109884690561,-0.022385277471172638,-0.0024978596949225842
2025-12-18,0.0023681840951207179,0.0059204602378017945,0.0020665045739143044
2025-12-19,0.0063538344722855024,0.015884586180713756,0.003024666774074486
2025-12-22,0.0010244031674075062,0.0025610079185187651,0.0075935902845829361
2025-12-23,0,0,-0.0021919152756185835
2025-12-24,0,0,0.0037946822212403695
2025-12-26,0,0,0.00015735037503398643
2025-12-29,0,0,-0.0017398051397228809
2025-12-30,0,0,-0.0015669359009402391
2025-12-31,0,0,-0.0085961996966472283
2026-01-02,0,0,0.0072255271684667968
2026-01-05,0,0,0.0089192797579465428
2026-01-06,0,0,0.01206911809990948
2026-01-07,0,0,-0.011435142446301288
2026-01-08,0,0,0.008919148562851812
2026-01-09,0,0,0.0057408215744403114
2026-01-12,0,0,0.00081468971357418678
2026-01-13,0,0,0.00038671352299241203
2026-01-14,0,0,0.0039260919725160656
2026-01-15,0,0,0.0045083425122718051
2026-01-16,0,0,-0.0031738295067911424
2026-01-20,0,0,-0.014880838445750149
2026-01-21,0,0,0.015861129385186041
2026-01-22,0.00215788332248974,0.0053947083062243495,0.0019733696017121666
2026-01-23,0.0013642296483040717,0.0034105741207601792,-0.0041176483030765845
2026-01-26,0.0012371878542486226,0.0030929696356215564,0.0027507478042143999
2026-01-27,0.003274043396242066,0.004092554245302582,-0.0016068137424340692
2026-01-28,0.0059565307808169127,0.024171185063582665,-0.0034782445842804232
2026-01-29,0.011268958514642449,0.014345318155733824,0.0009897052110505308
2026-01-30,0.008352430033788865,0.008352430033788865,-0.0022743604654563926
2026-02-02,0.0058294068465522247,0.0058294068465522247,0.0043691149253942373
2026-02-03,0.0039680290091040323,0.0039680290091040323,-0.0039903228538643778
2026-02-04,-0.013046588435640501,-0.013046588435640501,0.0091493252603666708
2026-02-05,-0.021673522419759547,-0.021673522419759547,-0.0095728783700251181
2026-02-06,-0.015538424902982248,-0.015538424902982248,0.018516075513889677
2026-02-09,-0.015183967404823251,-0.01802910515366166,0.0010861480745068338
2026-02-10,-0.0013165956309278419,-0.00074828961999888781,0.0038390530975457643
2026-02-11,0.016449344782589578,0.024168450118088776,0.00047411939285127051
2026-02-12,-0.0001415556519258716,-0.00051037993694726287,-0.014345182262259561
2026-02-13,-0.0045308932126137888,-0.0045308932126137888,0.011125619457570688
2026-02-17,0.00048432474558589289,0.002739963843330237,-0.0023288232515797673
2026-02-18,0.0041142035822257922,0.0041142035822257922,0.0063577708847889977
2026-02-19,-0.014471663132458188,-0.014471663132458188,-0.0030310992553010748
2026-02-20,0.0029210477981934354,0.0029210477981934354,0.0043835391540234117
2026-02-23,-0.0047946224514846944,-0.0044398003650384012,-0.012644432719834469
2026-02-24,0.0051763427263942915,0.0037514249331900527,0.0085435756215985724
2026-02-25,-0.0011377213154972515,-0.0011377213154972515,0.0011540144962875311
2026-02-26,0.0068864906695188677,0.0068864906695188677,0.0079523899103668208
2026-02-27,-0.0069355914271112765,-0.012733658738007615,0.0010815473207221144
2026-03-02,-0.0030040213051703464,-0.012026577696147789,-0.0017157282387858491
2026-03-03,-0.0028118442803268429,0.002995835821228237,-0.01046698602109284
2026-03-04,-0.00044191995881281987,-0.00044191995881281987,0.0043156951102151456
