Date,gross_log,net_log,bench_log,gross_eq,net_eq,bench_eq
2020-01-30,0.0,0.0,-0.008283297141430168,1.0,1.0,0.9917509148365076
2020-01-31,0.0162446311745931,0.0162446311745931,-0.00699420739402612,1.0163772925672345,1.0163772925672345,0.9848386044995102
2020-02-03,0.0014213473269464464,0.0014213473269464464,0.0008226279746601506,1.0178229448588252,1.0178229448588252,0.9856490936058969
2020-02-04,0.004774145288379193,0.004774145288379193,0.01309853260552174,1.0226937973024925,1.0226937973024925,0.9986445754634584
2020-02-05,0.00756641349183553,0.00756641349183553,0.003729045061430014,1.0304612703471592,1.0304612703471592,1.0023755181890164
2020-02-06,-0.005382622306882251,-0.005382622306882251,0.0024551801674377316,1.0249295873627309,1.0249295873627309,1.0048395542701096
2020-02-07,-0.004015308963070466,-0.004015308963070466,-0.003417502658574989,1.0208224296758202,1.0208224296758202,1.001411373666682
2020-02-10,0.004279424842027352,0.004279424842027352,-0.00027911779333678055,1.0252003232928213,1.0252003232928213,1.001131900938562
2020-02-11,0.003590560351172491,0.003590560351172491,0.007079384863844851,1.0288879833468219,1.0288879833468219,1.008244445479528
2020-02-12,0.002670608984315583,0.002670608984315583,0.00679108032441178,1.0316394132003441,1.0316394132003441,1.015114816712469
2020-02-13,0.0007700973012742191,0.0007700973012742191,-0.00550297050739168,1.0324341819136804,1.0324341819136804,1.009544011860123
2020-02-14,0.004182864088830277,0.004182864088830277,0.005346930590432564,1.0367617582994844,1.0367617582994844,1.0149564306383614
2020-02-17,-0.007165109118654903,-0.007165109118654903,0.0016599801846819418,1.0293597967695316,1.0293597967695316,1.0166426373492004
2020-02-18,0.00023294994654670526,0.00023294994654670526,-0.0067947144791400405,1.0295996140107888,1.0295996140107888,1.0097582560901752
2020-02-19,0.007409408600197519,0.007409408600197519,0.007921142515556312,1.0372566703445492,1.0372566703445492,1.0177884573396523
2020-02-20,-0.005647725431181268,-0.005647725431181268,0.0007227674416672158,1.0314150409556448,1.0314150409556448,1.0185243476058494
2020-02-21,-0.0007821007000850943,-0.0007821007000850943,-0.003963631613800089,1.030608685896566,1.030608685896566,1.0144952824421247
2020-02-24,0.002364719494577881,0.002364719494577881,-0.030880223755824332,1.0330486701495398,1.0330486701495398,0.9836462057210387
2020-02-25,-0.00986647632138374,-0.00986647632138374,-0.019214692011903622,1.022906237221951,1.022906237221951,0.9649261726209877
2020-02-26,-0.020563697564962985,-0.020563697564962985,-0.004499390739734821,1.0020863037939716,1.0020863037939716,0.9605943453351339
2020-02-27,0.001984339880891665,0.001984339880891665,-0.04155870086999869,1.0040767578262089,1.0040767578262089,0.9214914527923971
2020-02-28,0.016515245479174673,0.014146549827000759,-0.023143384856577853,1.0207970215510107,1.0183819255272384,0.9004099115294137
2020-03-02,-0.001277482975927066,-0.001277482975927066,-0.0015117376377205005,1.019493803330881,1.0170817905813296,0.8990497563347145
2020-03-03,-0.00011202608025502169,-0.00011202608025502169,0.019546903185837294,1.019379599833254,1.016967857276902,0.9167962745703098
2020-03-04,-0.0016322149495662673,-0.0016322149495662673,0.0030488698459993913,1.017717110350307,1.0153093010653647,0.9195957325096651
2020-03-05,0.001931096832654077,0.001931096832654077,-0.021487656305582803,1.0196843194629535,1.017271855972713,0.9000465605931794
2020-03-06,-0.02515016047009136,-0.02515016047009136,-0.030294182858504826,0.9943588993012785,0.9920063530328183,0.8731892496157241
2020-03-09,-0.0016387036242904024,-0.0016387036242904024,-0.06611271982432854,0.9927307741407891,0.9903820798414454,0.8173272727537374
2020-03-10,-0.016051943302089963,-0.016051943302089963,-5.676669905696485e-06,0.976922730381137,0.974611436214064,0.817322633069774
2020-03-11,-0.021217034361898937,-0.021217034361898937,-0.011918882701401401,0.956413667351138,0.9541508954225995,0.8076388848455901
2020-03-12,0.010740969597678533,0.010740969597678533,-0.09820138535683576,0.9667418455034453,0.9644546382156123,0.7320974610193759
2020-03-13,0.0026915919088062903,0.0026915919088062903,-0.009936358578151783,0.9693474250380573,0.9670540532291286,0.7248590991662396
2020-03-16,0.021899233774521333,0.021899233774521333,-0.08109605397928021,0.9908095350701349,0.9884653862159113,0.6683962832310539
2020-03-17,-0.03250640137928378,-0.03250640137928378,-0.030057358704176806,0.9591197337459638,0.9568505595552201,0.6486049834936417
2020-03-18,0.0035198679871064576,0.0035198679871064576,-0.06809868965570409,0.9625016570627011,0.9602244816049255,0.6059061994183472
2020-03-19,0.006173235509887047,0.006173235509887047,-0.013817131974750652,0.9684617841767973,0.9661705076989455,0.5975918857567886
2020-03-20,-0.02069847234538394,-0.02069847234538394,0.05776268739032986,0.9486221382156287,0.9463778002074847,0.6331268158449388
2020-03-23,-0.018014462477556507,-0.018014462477556507,-0.038594069132072306,0.9316862239992585,0.9294819545436469,0.6091573897247193
2020-03-24,0.017907879122701954,0.017907879122701954,0.08038616359486461,0.9485210362736362,0.9462769374618192,0.6601471980675624
2020-03-25,-0.002908808046702429,-0.002908808046702429,0.04465330583103899,0.9457659795590092,0.9435283989152279,0.6902929987714839
2020-03-26,0.006304657372290451,0.006304657372290451,0.037142590829434496,0.9517475460649018,0.949495813677748,0.716414373995644
2020-03-27,0.005739111492768123,0.005739111492768123,-0.04052894712799748,0.9572254354179964,0.9549607429334718,0.687959374199426
2020-03-30,-0.0006054650064892348,-0.0006054650064892348,-0.009879526660018456,0.9566460443317432,0.9543827226242476,0.6811961250815121
2020-03-31,0.002859182453993834,0.001250764945576325,0.03206254737600567,0.9593851839002545,0.955577177914054,0.7033909175730114
2020-04-01,0.0016723534542746061,0.0016723534542746061,-0.037369014320256966,0.9609909573626806,0.9571765777164946,0.6775909541810281
2020-04-02,-8.310631495717292e-05,-8.310631495717292e-05,-0.007618059932850585,0.9609110962640338,0.957097033603712,0.6724486377887883
2020-04-03,-0.0012786461016954561,-0.0012786461016954561,-0.023662416690736876,0.9596832162160303,0.9558740272755154,0.6567236571480966
2020-04-06,0.00018665533211889118,0.00018665533211889118,0.04934662215062602,0.959862362924306,0.9560524629120037,0.689943657861334
2020-04-07,0.0015531427065046406,0.0015531427065046406,0.049817063518343474,0.961354324467209,0.9575385025388902,0.7251851506823789
2020-04-08,0.0013365097799596336,0.0013365097799596336,0.018694975371067457,0.9626400429201238,0.9588191176989385,0.7388699895052162
2020-04-09,0.002957253485260397,0.002957253485260397,0.03378621689202532,0.9654910270056751,0.9616587856159201,0.7642601141471416
2020-04-14,0.0016156398701217193,0.0016156398701217193,-0.020025032036862456,0.9670521735888944,0.9632137356728285,0.7491079980145787
2020-04-15,0.0006509417181825313,0.0006509417181825313,-0.04677883336817068,0.9676818731189546,0.9638409357901186,0.714872588819926
2020-04-16,-0.00030853791206915426,-0.00030853791206915426,0.0020178226599139037,0.9673833526290878,0.9635436001922343,0.7163165312485436
2020-04-17,0.00013380719552895804,0.00013380719552895804,0.030779159500154307,0.9675128041430834,0.963672537885349,0.7387069637471468
2020-04-20,0.0009941794443552427,0.0009941794443552427,-0.002310436566888896,0.9684751637849341,0.9646310777149507,0.737002198300456
2020-04-21,0.002197311109733716,0.002197311109733716,-0.027123589000943582,0.9706055447195132,0.9667530027097385,0.7172807212579759
2020-04-22,0.0013274391659384135,0.0013274391659384135,0.01205742519493036,0.9718948200622249,0.9680371606415236,0.725981629762681
2020-04-23,-0.00038676028190002816,-0.00038676028190002816,0.013250654722625654,0.9715190024279923,0.967662834708252,0.7356653779868642
2020-04-24,0.00035109075456156034,0.00035109075456156034,-0.006772253805138462,0.9718601536516415,0.9680026318293743,0.7307000973787785
2020-04-27,0.00023427210146367757,0.00023427210146367757,0.016770238874620702,0.9720878600437524,0.9682294344058762,0.7430574407430476
2020-04-28,0.0009485481164622225,0.0009485481164622225,0.02102150743548492,0.9730103696056178,0.9691482823290246,0.7588429647107455
2020-04-29,6.745419610072706e-05,6.745419610072706e-05,0.032828305297195826,0.9730760054515789,0.9692136576522066,0.7841679063417017
2020-04-30,0.008721802644836128,0.007129883452916935,-0.0228789228448516,0.9816001010337685,0.9761487318287295,0.7664306674740318
2020-05-01,-0.0020574447262724275,-0.0020574447262724275,-0.018784227157411237,0.9795825892537646,0.9741424244094186,0.7521682334849079
2020-05-04,0.011286097199672659,0.011286097199672659,-0.012249350007914828,0.9907008765903226,0.9851989657364403,0.7430108619550275
2020-05-05,0.0006024046317065403,0.0006024046317065403,0.008825165558663528,0.9912978591815019,0.9857926329525396,0.7495970752887876
2020-05-06,0.00843139024825593,0.00843139024825593,-0.006896210767292743,0.9996912123802727,0.994139373210759,0.7444454795286224
2020-05-07,-0.014284220559385287,-0.014284220559385287,0.016469320038323687,0.985512906710432,0.9800398075276265,0.7568075080639524
2020-05-11,-0.0037457100148052588,-0.0037457100148052588,0.0014514175067468216,0.9818283660643924,0.9763757291771707,0.7579067492663836
2020-05-12,-0.0091209794100268,-0.0091209794100268,-0.006071926066173461,0.9729138461312258,0.967510716512178,0.7533187386464205
2020-05-13,0.010305468689861257,0.010305468689861257,-0.01840240843362828,0.9829920202705473,0.97753292096681,0.7395826358645012
2020-05-14,0.004893587303188078,0.004893587303188078,-0.030274635945765738,0.9878141667143139,0.9823282873597208,0.7175275797370625
2020-05-15,-0.010883814925793584,-0.010883814925793584,0.016494621596487846,0.9771212754218007,0.9716947796168256,0.7294610743251899
2020-05-18,0.009518904386815068,0.009518904386815068,0.03570061917176304,0.9864668084685232,0.9809884117407569,0.7559737295635557
2020-05-19,-0.0077134653933170596,-0.0077134653933170596,0.005536071506460516,0.9788870017497743,0.9734506998882201,0.7601704601693133
2020-05-20,0.00476373987807208,0.00476373987807208,0.002900208300149032,0.9835612895020707,0.9780990287308937,0.7623783129162968
2020-05-21,-0.006156155369267174,-0.006156155369267174,0.0011296503865150243,0.9775249328274095,0.9720961952892194,0.7632400204946668
2020-05-22,0.007446681455905027,0.007446681455905027,0.000786971510486012,0.9848314203962273,0.979362105884494,0.7638409050549619
2020-05-26,0.0016970975030782837,0.0016970975030782837,0.03207374275465469,0.9865041943695162,0.9810255900171285,0.7887372672516175
2020-05-27,0.009451419178917862,0.009451419178917862,0.012336877350968223,0.9958722600532885,0.9903416296418921,0.79852809210373
2020-05-28,-0.004719600313837675,-0.004719600313837675,0.011304559084562626,0.9911832149354947,0.9856786253895476,0.8076063160836554
2020-05-29,0.021258039314626317,0.018960261536848537,-0.017189900177195128,1.012479382086224,1.0045456465381284,0.7938422842237643
2020-06-01,0.005806233135540342,0.005806233135540342,0.01366551474031219,1.0183751730285078,1.010395238370573,0.8047650100144388
2020-06-02,-0.02059733935925891,-0.02059733935925891,0.009149207831807615,0.9976139014654897,0.9897966510469948,0.8121617579416821
2020-06-03,0.0049837421955839225,0.0049837421955839225,0.026084381906915866,1.0025981617788897,0.9947418549569469,0.8336252088767524
2020-06-04,1.1429586425991617e-05,1.1429586425991617e-05,-0.003980601013610752,1.002609621126718,0.9947532245099242,0.8303134752433731
2020-06-05,0.005008294498614726,0.005008294498614726,0.02237216685699117,1.0076435806300732,0.9997477381695754,0.8490987368414911
2020-06-08,0.009167064944139446,0.009167064944139446,-0.005081673998848402,1.0169231831494763,1.0089546262083844,0.8447948386336106
2020-06-09,-0.0015143313992746956,-0.0015143313992746956,-0.021264451664587014,1.015384389858145,1.0074278908209007,0.827020391320042
2020-06-10,-0.007626922764647893,-0.007626922764647893,-0.008472753675929923,1.007669589032717,0.9997735427717347,0.8200428524849774
2020-06-11,-0.007552652528845801,-0.007552652528845801,-0.03654631195172797,1.0000876785714086,0.9922510437647369,0.7906143378243048
2020-06-12,-0.007370503348430911,-0.007370503348430911,0.006085100712670766,0.9927436269131301,0.9849645397116139,0.7954399730425261
2020-06-15,0.017538849359342686,0.017538849359342686,0.0006964973281426978,1.0103087939796607,1.002392067046581,0.7959941878406067
2020-06-16,-0.0005673097339515469,-0.0005673097339515469,0.02173501685137147,1.0097357985148592,1.0018235615443096,0.8134845227420924
2020-06-17,-0.007086584657285334,-0.007086584657285334,0.006716767760734044,1.002605514816744,0.9947491503767808,0.8189669006765566
2020-06-18,-0.001556398526029866,-0.001556398526029866,-0.003652330494251288,1.0010462747854925,0.9932021284689626,0.8159812185593173
2020-06-19,0.0011620961415532514,0.0011620961415532514,0.009600818656052112,1.00221026300105,0.9943569957336674,0.8238530337346871
2020-06-22,0.0036978215482309108,0.0036978215482309108,-0.0064604947152915315,1.005923118214679,0.9980407572077946,0.8185476915843776
2020-06-23,0.0015728997258145968,0.0015728997258145968,0.004508037906488127,1.0075065793978812,0.9996118104718822,0.8222460655479992
2020-06-24,-0.007894663562132465,-0.007894663562132465,-0.02884958997420739,0.9995839682402013,0.9917512804813722,0.7988635139619915
2020-06-25,0.0011655622555518978,0.0011655622555518978,-0.0022590725182496385,1.0007497248338024,0.9929079022672027,0.7970608602811027
2020-06-26,-0.002317758371758842,-0.002317758371758842,6.425710880719748e-05,0.99843291472121,0.9906092465576269,0.7971120787530855
2020-06-29,0.004623256751945043,0.004623256751945043,0.004983704246004805,1.003059613402405,0.9951996906696458,0.8010945651287892
2020-06-30,0.001996211501572506,0.00042082688618789044,-0.004633159128788478,1.0050639323961783,0.9956185855915461,0.7973915514812049
2020-07-01,0.0006120651766959829,0.0006120651766959829,0.004092342482492128,1.0056792853283913,0.9962281555863114,0.800661436984722
2020-07-02,-7.080990570731776e-05,-7.080990570731776e-05,0.010330759838883097,1.0056080757942252,0.9961576152620577,0.8089757506462799
2020-07-03,0.0024074050731831883,0.0024074050731831883,-0.003801595577098027,1.0080318981680407,0.9985586591417142,0.8059061903209276
2020-07-06,3.316899032214924e-05,3.316899032214924e-05,0.014231848153691828,1.008065334122831,0.9985917808735195,0.8174577297498713
2020-07-07,-0.0002782290666064736,-0.0002782290666064736,-0.01146144351900702,1.0077849000601025,0.9983139822620224,0.8081419721458838
2020-07-08,-0.0008165493995681469,-0.0008165493995681469,-0.009544003562977466,1.0069623297854007,0.9974991423030403,0.8004657514905207
2020-07-09,0.0008021623104128648,0.0008021623104128648,-0.011712036684937033,1.0077704010731952,0.9982996195330739,0.7911453542025705
2020-07-10,-0.00041232628517569173,-0.00041232628517569173,0.01140945041115593,1.007354956502655,0.9978880792097364,0.800223578182495
2020-07-13,-7.308741983686818e-06,-7.308741983686818e-06,0.011867578503348852,1.007347594032097,0.9978807859298893,0.8097768694105442
2020-07-14,0.0009466896453747635,0.0009466896453747635,-0.01217616984093084,1.0083016911143177,0.9988259166393885,0.799976674216311
2020-07-15,-0.00021891206185901653,-0.00021891206185901653,0.014216066358283541,1.0080809858705413,0.9986072855299053,0.8114304163852532
2020-07-16,0.0004762939752300675,0.0004762939752300675,-0.00571638841906541,1.0085612431333968,0.9990830294516121,0.8068051973193903
2020-07-17,0.00031811475806591834,0.00031811475806591834,0.0015344809626558487,1.0088821323863484,0.9994009030652771,0.8080441748858818
2020-07-20,0.0006094837981001637,0.0006094837981001637,0.002188071233563349,1.0094972171232808,1.000010207385196,0.8098141688306384
2020-07-21,0.000731322766851856,0.000731322766851856,0.006644222067192729,1.0102357554432642,1.0007418051013672,0.8152126685569887
2020-07-22,-0.0008821301185985054,-0.0008821301185985054,-0.00206486453575927,1.0093449890002195,0.9998594098650737,0.8135311015301128
2020-07-23,-0.000473741678739805,-0.000473741678739805,0.0013617879720371207,1.0088669334570615,0.9993858469718373,0.8146397130746645
2020-07-24,0.0008761992245081932,0.0008761992245081932,-0.012930908961287457,1.0097512892611449,1.0002618918147979,0.8041734957962645
2020-07-27,0.0006434985072741745,0.0006434985072741745,-0.00621106018098061,1.0104012718174757,1.0009057659928815,0.7991942051620937
2020-07-28,0.00037799023017738814,0.00037799023017738814,0.006986814352414328,1.0107832658172333,1.0012841701057784,0.8047975787763749
2020-07-29,-0.001235831876768974,-0.001235831876768974,-0.0017667901091211746,1.00953487919371,1.0000475155166317,0.8033769257417661
2020-07-30,-0.00010608509368211253,-0.00010608509368211253,-0.013460058064813651,1.0094277882719511,0.9999414310093535,0.7926358754192087
2020-07-31,0.011213797561259117,0.009631028330489885,-0.004972080390118094,1.0208110124423153,1.009618420138107,0.7887046075154862
2020-08-03,0.006031583281682989,0.006031583281682989,0.013223725049149593,1.0269867250183946,1.015726419658381,0.7992034845300201
2020-08-04,-0.0045492683516287925,-0.0045492683516287925,0.008681101495680466,1.0223252978935158,1.011116102340047,0.8061716530229622
2020-08-05,0.0002021043323554737,0.0002021043323554737,0.018921274296948454,1.0225319351457354,1.011320473936341,0.8215706731217096
2020-08-06,-0.003121795564708497,-0.003121795564708497,-0.00904965130208879,1.0193447769024575,1.008168261008495,0.8141692855105029
2020-08-07,0.009663405708473037,0.009663405708473037,0.008176147785906807,1.0292428666422482,1.017957824016405,0.8208533415913636
2020-08-10,0.0025386349329846645,0.0025386349329846645,0.0057712378624152905,1.0318590579102636,1.0205453302860263,0.8256043779693972
2020-08-11,0.0063910013529148175,0.0063910013529148175,0.015245694139517596,1.0384747885990548,1.027088523379228,0.8382877273627087
2020-08-12,-0.005799375817649502,-0.005799375817649502,0.00512101907387752,1.0324697126993894,1.0211492896045804,0.8425916255705898
2020-08-13,0.007972468067309493,0.007972468067309493,-0.009163116663147619,1.0407339439010257,1.0293229083721616,0.8349061255472996
2020-08-14,0.0014618502087865078,0.0014618502087865078,-0.01060015220656041,1.0422564536036376,1.0308287246514338,0.8261027346115317
2020-08-17,-0.004648014810479177,-0.004648014810479177,0.002044683173807016,1.0374232712239646,1.0260485352736468,0.8277935810063335
2020-08-18,-0.004924378040246594,-0.004924378040246594,-0.00841371312680117,1.0323271647243424,1.0210083045842322,0.8208579812753273
2020-08-19,0.0027613490582044284,0.0027613490582044284,-0.002249569716605393,1.0351817197660076,1.023831561108932,0.8190134794645759
2020-08-20,0.006327140580505077,0.006327140580505077,-0.004960129557938231,1.041752224366907,1.0303300239916933,0.8149611249068421
2020-08-21,0.0008907889210731509,0.0008907889210731509,0.004635840955574011,1.0426806191473783,1.0312482394694842,0.8187479257883453
2020-08-24,-0.000456474339003025,-0.000456474339003025,0.0060914462998624685,1.042204770815501,1.0307776085346687,0.823750505816526
2020-08-25,0.011339515164169386,0.011339515164169386,-0.006080001643692157,1.0540901273527934,1.0425326491285687,0.8187572961304662
2020-08-26,0.01186904544253573,0.01186904544253573,0.009945836836251942,1.0666757126685051,1.0549802409042113,0.826941152795891
2020-08-27,-0.0018322033134887928,-0.0018322033134887928,0.0004730535806256597,1.0647231351990192,1.0530490722981602,0.8273324328100969
2020-08-28,0.005632728554558448,0.003370228554558447,0.0014796378916894781,1.0707373539347558,1.0566040755728041,0.8285574913247007
2020-09-01,0.003093809734371274,0.003093809734371274,-0.010380772385859771,1.0740551412382486,1.0598780694928553,0.8200009133809205
2020-09-02,0.007351379125822724,0.007351379125822724,0.005653008979217944,1.0819800214929918,1.0676983446936945,0.8246495128149891
2020-09-03,-0.006180949942594579,-0.006180949942594579,-0.013917894934003527,1.0753129826835242,1.0611193079652208,0.8132516288019928
2020-09-04,0.006403021203963085,0.006403021203963085,-0.006054964067029545,1.0822203248423867,1.067935476140927,0.8083422973240475
2020-09-07,0.0029817390354175133,0.0029817390354175133,0.016453355752117815,1.0854520390997997,1.0711245331425543,0.8217522576156315
2020-09-08,0.012518864802917015,0.012518864802917015,-0.0009640632465028887,1.0991260795745936,1.084618082090035,0.8209604182192922
2020-09-09,0.009047859227729552,0.009047859227729552,-0.0017205423003012754,1.1091159429041137,1.0944760834660003,0.8195491355268056
2020-09-10,0.01224600830261445,0.01224600830261445,-0.0008869915948643836,1.1227816905980994,1.1079614490938579,0.8188225246285334
2020-09-11,0.011817830619447366,0.011817830619447366,-0.0013320199289843515,1.1361292486863244,1.1211328250836252,0.8177325627940275
2020-09-14,-0.0022097470283301657,-0.0022097470283301657,0.006891276808563163,1.1336214622624958,1.1186581403756097,0.8233872458544867
2020-09-15,-0.00647384961424258,-0.00647384961424258,0.007781898910689478,1.1263062716669678,1.111439507189401,0.8298197582852014
2020-09-16,-0.0017002061809502451,-0.0017002061809502451,-0.0011288523307868559,1.1243929457674013,1.1095514363791767,0.8288835428408403
2020-09-17,-0.0024482289049165868,-0.0024482289049165868,-0.003242147466110623,1.1216435414159787,1.1068383229976033,0.8262005318715359
2020-09-18,0.006942070278611458,0.006942070278611458,-0.009516490895576268,1.1294571596718834,1.1145488048107393,0.8183752954841864
2020-09-21,0.011646754911623453,0.011646754911623453,-0.040591419829024034,1.142688572337649,1.1276055684483,0.7858214533164093
2020-09-22,0.012015300742007264,0.012015300742007264,-0.0029146900503977946,1.156501134056983,1.141235810218719,0.7835343620452745
2020-09-23,-0.008631635735798122,-0.008631635735798122,0.010131821402820762,1.1465615964857538,1.131427470322407,0.7915133448227675
2020-09-24,0.0069558249000808295,0.0069558249000808295,-0.011261953265703895,1.1545646799435896,1.1393249164772683,0.7826493650728948
2020-09-25,0.0037046006468930068,0.0037046006468930068,0.014264538583033115,1.158849813457195,1.1435534880482616,0.7938935026957474
2020-09-28,-0.005555075819576863,-0.005555075819576863,0.018957816367931812,1.1524301622132243,1.1372185734744782,0.8090875579323666
2020-09-29,-0.007034077745653233,-0.007034077745653233,-0.011382797896564156,1.144352322239398,1.1292473575578907,0.7999300954282912
2020-09-30,0.0017814835797036826,0.00018933543155553404,0.008211450500585471,1.1463927840958612,1.1294611843355207,0.8065257245912709
2020-10-01,-8.926014277813851e-05,-8.926014277813851e-05,0.003930931619168021,1.1462904614790066,1.12936037296823,0.8097023615445528
2020-10-02,-0.0007629497894136707,-0.0007629497894136707,0.0007073622233093602,1.1454162329514566,1.1284990563219592,0.8102753170268753
2020-10-05,-0.00037008071900754475,-0.00037008071900754475,0.010709348558172849,1.1449924149166817,1.1280814978497318,0.8189994694384916
2020-10-06,0.0003105864838996156,0.0003105864838996156,0.012114209919953822,1.1453480893158938,1.128431919130941,0.8289813401008421
2020-10-07,4.476684370708327e-06,4.476684370708327e-06,0.0002472185050539366,1.145353216689261,1.1284369707757842,0.829186304962969
2020-10-08,0.0004517329411321344,0.0004517329411321344,0.00807873015870797,1.1458707273459765,1.128946838080733,0.8359122091736912
2020-10-09,0.001111209221165784,0.001111209221165784,0.007118244259556761,1.1471447371791104,1.130202031479496,0.8418836643823651
2020-10-12,0.00046188114403559056,0.00046188114403559056,0.005148655030069449,1.1476747040841315,1.130724171060718,0.8462294107201069
2020-10-13,0.0004085675002337045,0.0004085675002337045,-0.01534745600755727,1.148143702471286,1.1311862425960206,0.8333410964646697
2020-10-14,0.0011738898379600106,0.0011738898379600106,0.003314627462231101,1.149492288086745,1.1325149103332444,0.8361078946678933
2020-10-15,0.00021881553744778454,0.00021881553744778454,-0.00625337767052514,1.149743842380545,1.1327627493065366,0.8308957100936221
2020-10-16,2.2927977731973623e-05,2.2927977731973623e-05,-0.0008748736841024396,1.1497702039839686,1.132788721563373,0.8301690991953502
2020-10-19,0.0012785246302528433,0.0012785246302528433,0.002420871408437719,1.151241153631199,1.1342379460819736,0.8321812664481344
2020-10-20,0.0008133363546627781,0.0008133363546627781,0.0035255844650041723,1.1521778807999232,1.13516083829838,0.8351203697773524
2020-10-21,0.0010012253408656978,0.0010012253408656978,-0.007917752117906574,1.1533320481857656,1.1362979592578104,0.8285342019306902
2020-10-22,5.5451309539753186e-05,5.5451309539753186e-05,0.005974963595820171,1.1533960037313646,1.1363609702146824,0.8334994825387765
2020-10-23,0.0002661133613436006,0.0002661133613436006,0.011954326270082305,1.1537029786621318,1.136663411292187,0.8435232013309881
2020-10-26,-0.00029268531810381694,-0.00029268531810381694,-0.014253753989166285,1.1533653561498112,1.136330775281289,0.8315851125459958
2020-10-27,-6.380643421537545e-05,-6.380643421537545e-05,-0.014988659179095976,1.1532917663668634,1.1362582723795294,0.8192137136685448
2020-10-28,-0.00017494328978955509,-0.00017494328978955509,-0.01945135369394002,1.1530900233584753,1.1360595090059749,0.8034328748719075
2020-10-29,0.00031940389023359464,0.00031940389023359464,-0.004136410461864415,1.1534583836224446,1.1364224287885982,0.8001164105803715
2020-10-30,0.014317040165108198,0.012748299424367457,0.0021342800366053183,1.170091276413335,1.1510026210488393,0.8018259066852205
2020-11-02,-0.00586287438385545,-0.00586287438385545,-0.0019712458078107176,1.1632512489458369,1.1442741805401047,0.8002468675765053
2020-11-03,0.017008869936099635,0.017008869936099635,0.017951418300640398,1.1832060614698654,1.1639034538973925,0.8147421500186307
2020-11-04,-1.3018305781146988e-05,-1.3018305781146988e-05,0.01725287217615623,1.1831906582318172,1.1638883019449564,0.8289207512867384
2020-11-05,-0.008600804510370258,-0.008600804510370258,0.0074123152265919146,1.1730579040638935,1.1539208516777655,0.835087801015417
2020-11-06,-0.002773005838412162,-0.002773005838412162,-0.0005969496898998727,1.1698095136315039,1.1507254548935666,0.8345894443732822
2020-11-09,-0.0016066654576195692,-0.0016066654576195692,0.05073947879545493,1.167931530143539,1.1488781084852078,0.8780288038858353
2020-11-10,-0.009497245014561354,-0.009497245014561354,0.009393231191843654,1.1568919042365016,1.1380185810188137,0.8863151884694208
2020-11-11,-6.39774259515247e-05,-6.39774259515247e-05,0.01625840509593246,1.1568178916379575,1.1379457758482836,0.9008430396734818
2020-11-12,0.006051300738836635,0.006051300738836635,-0.001966752261015614,1.1638393677058223,1.1448527048380603,0.899073045728725
2020-11-13,0.004299149511971253,0.004299149511971253,-0.0016695561508850432,1.168853658024268,1.1497851929401188,0.8975732451441601
2020-11-16,0.007765246712141665,0.007765246712141665,0.017393243824118443,1.177965426829719,1.1587483140135557,0.9133215151788618
2020-11-17,-0.0029692508978431,-0.0029692508978431,-0.004697876378520149,1.174472939529947,1.155312802513684,0.9090409063649904
2020-11-18,0.004651546800990946,0.004651546800990946,0.009368729545835563,1.1799487810679186,1.1606993121729756,0.9175974843087704
2020-11-19,0.0076814990064913245,0.0076814990064913245,-0.009865836057887378,1.1890474574549863,1.1696495544153518,0.9085891285108749
2020-11-20,0.0007737693110137504,0.0007737693110137504,2.5632152974353062e-05,1.1899678619313507,1.170554943581202,0.9086124179048851
2020-11-23,-0.0005795647088946577,-0.0005795647088946577,0.0038578480809015048,1.1892783983675304,1.1698767278000302,0.9121244767164284
2020-11-24,0.0022860049038907248,0.0022860049038907248,0.01052530384920658,1.1920002044640265,1.1725541308490102,0.9217755652044806
2020-11-25,-0.004442079182140001,-0.004442079182140001,-0.011189385716113165,1.186716988090799,1.167357103902708,0.9115189524721679
2020-11-26,0.008804917488160896,0.008804917488160896,-0.008884775218378493,1.1972120696122646,1.1776809705811746,0.9034561824607573
2020-11-27,0.002276540555246776,0.002276540555246776,0.0034174066301453365,1.199940676155247,1.180365063135399,0.9065489412059238
2020-11-30,0.007875877126143488,0.0058380199832863446,-0.006515574353086251,1.209428575198795,1.1872762120451994,0.90066145517956
2020-12-01,-0.0020741452386864884,-0.0020741452386864884,0.025957848661452232,1.206922644408616,1.1848161808559063,0.9243467688876978
2020-12-02,0.0064266297876188145,0.0064266297876188145,0.0016615229765299944,1.2147040668049431,1.1924550756997103,0.9258838688923562
2020-12-03,-0.003535260603019512,-0.003535260603019512,0.01272690656156783,1.2104173531628033,1.1882468791682816,0.9377428101273918
2020-12-04,-0.00030614560756899735,-0.00030614560756899735,0.0024952861191458453,1.2100468459242828,1.187883158284133,0.9400856685802784
2020-12-07,-0.005083567373839701,-0.005083567373839701,-0.012614720877440533,1.2039111002095482,1.1818597972691467,0.9283012352112348
2020-12-08,-0.0073201611264422815,-0.0073201611264422815,-0.002974822416437206,1.1951304540554553,1.1732399808377156,0.9255438073501321
2020-12-09,-0.0037020716777545347,-0.0037020716777545347,0.0006741588855998515,1.1907141751846195,1.1689045922446033,0.9261679813044378
2020-12-10,-0.00491707485764987,-0.00491707485764987,-0.006448094049304132,1.1848737152079922,1.163171108399547,0.9202151758058121
2020-12-11,-0.012333805975297773,-0.012333805975297773,-0.00680074613101489,1.1703494664543646,1.148912891422844,0.9139782578951045
2020-12-14,-0.002419048488933593,-0.002419048488933593,0.007200562467934546,1.1675217559094062,1.1461369743216405,0.9205831664260096
2020-12-15,0.004556885906027756,0.004556885906027756,0.004462825318526598,1.1728541596943467,1.15137170772939,0.9247007494818102
2020-12-16,0.006126758518076397,0.006126758518076397,0.012225700788585314,1.1800620117453409,1.158447537964904,0.9360752531266001
2020-12-17,0.0014722696179104554,0.0014722696179104554,0.00987319520636376,1.181800660758488,1.1601543412079698,0.945363081652614
2020-12-18,0.003145391346118048,0.003145391346118048,-0.008893351760113077,1.185523738528456,1.163809225640604,0.9369929098351099
2020-12-21,-0.0007318208936450124,-0.0007318208936450124,-0.021312950286095145,1.1846564648698872,1.1629578373029479,0.9172341333725363
2020-12-22,-8.231469073159562e-05,-8.231469073159562e-05,0.013046671029812273,1.1845589542526913,1.16286211272806,0.9292793897596534
2020-12-23,-0.0015700836362878352,-0.0015700836362878352,0.017248352999384764,1.1827005569237898,1.1610377545258648,0.945446959860728
2020-12-24,0.0012848782062884747,0.0012848782062884747,0.012187761802548991,1.184221159779483,1.1625305054295183,0.9570403474195343
2020-12-29,-0.010631326935657399,-0.010631326935657399,0.016933995066263918,1.1716980042982035,1.1502367289241777,0.973384862330569
2020-12-30,-0.0059049180525246854,-0.0059049180525246854,-0.008771417068341947,1.164799610868916,1.1434646891461562,0.9648842335169306
2020-12-31,0.003027844857368283,0.0014511252806487065,-0.011008854441213245,1.1683317881243818,1.14512520418039,0.9543202189785258
2021-01-04,-0.0006442721720498375,-0.0006442721720498375,0.0024179491214635362,1.1675793068929596,1.144387669489874,0.956630508669476
2021-01-05,0.0007910348122168739,0.0007910348122168739,0.008701966986430776,1.168503268165322,1.1452932781118628,0.9649914011190553
2021-01-06,0.00014696648928000356,0.00014696648928000356,0.012271449225634612,1.1686750116083129,1.1454616102134287,0.9769062005100367
2021-01-07,0.00035224534862505954,0.00035224534862505954,0.0017483788269849754,1.1690867444564392,1.145865164808597,0.9786156966148865
2021-01-08,-0.0003620764297967424,-0.0003620764297967424,0.0025811061329648055,1.1686635223258866,1.145450349142714,0.9811448702198506
2021-01-11,-0.0018248736943675,-0.0018248736943675,-0.013771611139439699,1.1665328037438758,1.143361953041472,0.9677255395861475
2021-01-12,-0.0011427397255500981,-0.0011427397255500981,-0.0030417463198801897,1.1652005217386474,1.1420561341647022,0.9647864362569273
2021-01-13,-0.0014831338010254244,-0.0014831338010254244,-0.004679459530002816,1.163473654364118,1.1403635675710764,0.9602823038450776
2021-01-14,-0.0009747240227988168,-0.0009747240227988168,0.0077068224824703435,1.1623401411643333,1.1392525693533284,0.9677116205342586
2021-01-15,-0.0004345755218965153,-0.0004345755218965153,-0.007740833617946308,1.1618351263323556,1.1387575856351237,0.9602496441089469
2021-01-18,0.0006984450123945095,0.0006984450123945095,0.001149011354199203,1.1626468877339184,1.1395532230132719,0.9613536159695373
2021-01-19,7.438672790527866e-05,7.438672790527866e-05,-0.0017652016159406259,1.1627333764483725,1.1396379938016774,0.9596581298907728
2021-01-20,-0.0003765809714949657,-0.0003765809714949657,0.013431737968430113,1.1622955956190186,1.1392089086165478,0.9726349620382876
2021-01-21,0.0015185896459171632,0.0015185896459171632,-0.0042135808729941715,1.1640619865480502,1.1409402137079867,0.9685453080604579
2021-01-22,-0.0003797984671299285,-0.0003797984671299285,-0.009509420641796495,1.1636199615354397,1.1405069686418474,0.9593786571626518
2021-01-25,-0.0006928386480923436,-0.0006928386480923436,-0.012040011089768043,1.162814039873472,1.1397170550084987,0.9478969859157376
2021-01-26,-9.710225704179877e-05,-9.710225704179877e-05,0.004804072012056793,1.1627011334875017,1.1396063912830041,0.9524617071416929
2021-01-27,0.00018859096553971435,0.00018859096553971435,-0.008348359511925807,1.1629204290948354,1.1398213310198806,0.9445433131783023
2021-01-28,0.00013212594359887837,0.00013212594359887837,0.00442350963922955,1.163074091205012,1.1399719409382956,0.9487307644161348
2021-01-29,0.002706946950911469,0.0011450421890067067,-0.006882383727241148,1.166226736166116,1.1412780045111992,0.9422236531452316
2021-02-01,0.00012838273379573882,0.00012838273379573882,0.008074645466825459,1.1663764691540903,1.141424534307186,0.949862574380502
2021-02-02,0.0006128914838243085,0.0006128914838243085,0.01448804966788586,1.1670915504702082,1.1421243181075516,0.9637244035003959
2021-02-03,0.0024739124675217617,0.0024739124675217617,0.0030018010051584554,1.169982407196509,1.144953331620624,0.966621658699753
2021-02-04,0.0018560648014228419,0.0018560648014228419,0.002738118246872645,1.1721559868891764,1.1470804125881284,0.9692720099329262
2021-02-05,-0.001549979949130838,-0.001549979949130838,0.012303067205953866,1.170340575901011,1.1453038381316447,0.9812706875320226
2021-02-08,0.0021942256421467465,0.0021942256421467465,0.0009346422092608719,1.1729113866406633,1.1478196523039141,0.9821882532663376
2021-02-09,-0.0012959460436439926,-0.0012959460436439926,0.0012464974540176144,1.1713923412826124,1.1463331034183195,0.9834133117809397
2021-02-10,3.262879906082558e-05,3.262879906082558e-05,-0.005533233517313718,1.171430563031499,1.1463705075010295,0.9779868829766166
2021-02-11,0.0009250533644982334,0.0009250533644982334,0.001023461129992853,1.1725147001801555,1.147431452035454,0.9789883269190451
2021-02-12,0.0068557214560458195,0.0068557214560458195,0.0009320853261147732,1.1805807520776113,1.155324949353201,0.9799012529693971
2021-02-15,0.0025714548973121546,0.0025714548973121546,0.017967168546537238,1.183620468806468,1.1582996383523518,0.9976664209150397
2021-02-16,-0.0013414115909213113,-0.0013414115909213113,-0.00011672615610258674,1.1820338110088568,1.1567469234394245,0.9975499739449895
2021-02-17,-0.0023278164303772676,-0.0023278164303772676,-0.012540737356456333,1.179285453359426,1.1540573605640807,0.9851180772276291
2021-02-18,0.00023750501646640143,0.00023750501646640143,-0.010246391387628506,1.1795655728340182,1.1543314875284807,0.9750757087253704
2021-02-19,-0.005035147549592659,-0.005035147549592659,0.004865382563822962,1.1736412136582144,1.1485338663554348,0.9798313847873666
2021-02-22,-0.0023591092601631513,-0.0023591092601631513,-0.002613241864784399,1.1708757291256338,1.1458275429871112,0.9772741911302344
2021-02-23,0.002112177021072725,0.002112177021072725,0.0036442380031544985,1.1733514395841897,1.1482502913294934,0.980842108097722
2021-02-24,0.00496339769107488,0.00496339769107488,0.012036850641912622,1.1791897262939637,1.1539636813584337,0.992719699042806
2021-02-25,-0.007901398277537296,-0.007901398277537296,-0.005391565914630192,1.1699091915060806,1.1448816822110541,0.9873817881305602
2021-02-26,0.00030059439740830586,-0.0015892657424518345,-0.013664875051219383,1.1702609125145578,1.143063606060097,0.9739811072069028
2021-03-01,-0.0017575813103018305,-0.0017575813103018305,0.01476815717618507,1.1682058902699028,1.141056343310065,0.9884717499650645
2021-03-02,0.005087729963183813,0.005087729963183813,-0.002056615156863728,1.1741645515574621,1.1468765230544373,0.9864409330022345
2021-03-03,-0.0074880136128110935,-0.0074880136128110935,0.012127579567357216,1.1654052273094817,1.1383207688166648,0.9984769100214252
2021-03-04,-0.00197507005426077,-0.00197507005426077,-0.006557166769489697,1.163105741913822,1.1360747243317664,0.9919511490404769
2021-03-05,-0.00312128428326703,-0.00312128428326703,-0.015850698657390083,1.15948101808137,1.132534240452841,0.9763519857119556
2021-03-08,0.004601320670192775,0.004601320670192775,0.011804243511489787,1.1648284552584458,1.1377574011663556,0.9879453732707612
2021-03-09,0.0019973657155592252,0.0019973657155592252,0.008090669259980032,1.1671573687512085,1.1400321898282442,0.9959709348362742
2021-03-10,0.0016062863770228628,0.0016062863770228628,0.0011310901709684629,1.1690336642630075,1.1418648795223252,0.9970981051166785
2021-03-11,-0.0005200655983947371,-0.0005200655983947371,0.005887347363980666,1.1684258481366872,1.1412711892727891,1.002985682117238
2021-03-12,-0.004726988311633737,-0.004726988311633737,-0.0012360529839057222,1.1629157461633444,1.1358891441544279,1.0017467045507467
2021-03-15,0.004165401295541309,0.004165401295541309,0.0007390563646474391,1.1677698595656794,1.1406304461244092,1.0024873254751026
2021-03-16,-0.0024862886983460157,-0.0024862886983460157,0.011185930689363133,1.164870052933595,1.1377980320957932,1.0137640318598897
2021-03-17,0.023501391860416145,0.023501391860416145,-0.00950541132958449,1.192570343273291,1.1648545572057103,1.0041734412117456
2021-03-18,-0.005777971445762101,-0.005777971445762101,0.0004637444749668873,1.1856995745505547,1.1581434677481117,1.0046392290919464
2021-03-19,-0.005308836457957539,-0.005308836457957539,-0.006899428227058024,1.1794215686191845,1.152011365050296,0.9977316494131069
2021-03-22,-0.007727384382930771,-0.007727384382930771,0.001660577037263522,1.1703428473693733,1.1431436367178809,0.9993898360717781
2021-03-23,-0.010146568315614108,-0.010146568315614108,-0.005800730301285029,1.1585279255364247,1.1316032981393074,0.9936094266733422
2021-03-24,-0.001829025098221027,-0.001829025098221027,0.0033087839023480115,1.156410885533462,1.1295354589471391,0.9969025105966738
2021-03-25,-0.0034052728604915183,-0.0034052728604915183,-0.005843425247473277,1.152479688128103,1.1256956240571159,0.9910941721202663
2021-03-26,0.0031352557496304905,0.0031352557496304905,0.00976979032092018,1.1560986769599073,1.1292305062189794,1.000824408158274
2021-03-29,-0.0012392629325137176,-0.0012392629325137176,-0.0023856765946330682,1.1546668541089615,1.127831959472917,0.9984396106013308
2021-03-30,0.0012365171696908236,0.0012365171696908236,0.0064590186101813885,1.1560955025914987,1.1292274056240936,1.0049094224521393
2021-03-31,0.001339820949552002,-0.00028140981967876805,-0.0025851564821728346,1.157645501694319,1.1289096746519052,1.0023149293749125
2021-04-01,0.0008689107462691598,0.0008689107462691598,0.009895714546132695,1.1586518294522976,1.1298910226899619,1.0122827900111784
2021-04-06,-0.0003680800309521276,-0.0003680800309521276,0.011974419315647467,1.1582254313301812,1.129475208898429,1.0244771531044754
2021-04-07,0.0014781341987715826,0.0014781341987715826,0.0075234975947022775,1.1599387098659728,1.131145959323838,1.032213871599747
2021-04-08,0.0008333389779124091,0.0008333389779124091,0.003913723051072182,1.1609057348787486,1.1320889802149097,1.0362615864735198
2021-04-09,0.000224375899432022,0.000224375899432022,0.00017082623317854484,1.1611662433719885,1.1323430221974657,1.0364386222576722
2021-04-12,0.0010152599520717783,0.0010152599520717783,-0.004400475113063962,1.1623457275968174,1.1334932285003105,1.031887820083609
2021-04-13,-0.0007649357663402992,-0.0007649357663402992,0.005173129945468702,1.1614569477500098,1.1326265105229778,1.0372397410219376
2021-04-14,-0.0004282756769411854,-0.0004282756769411854,0.0038992519823501937,1.1609596304915184,1.1321415379958437,1.041292095579673
2021-04-15,-0.0010747362744938824,-0.0010747362744938824,0.005197714005127807,1.1597125753111606,1.1309254380275284,1.0467185243839945
2021-04-16,-8.920233378492551e-05,-8.920233378492551e-05,0.0022313649514860145,1.1596091308567351,1.1308245613384045,1.0490567431529172
2021-04-19,0.0018434569486297887,0.0018434569486297887,-0.0013906544290769318,1.16174879194732,1.1329111103744456,1.0475988816724098
2021-04-20,-0.00032276942899053747,-0.00032276942899053747,-0.017144144893054047,1.1613738754621574,1.132545500309303,1.0297917746227105
2021-04-21,-0.000985046825778991,-0.000985046825778991,-0.00103635053759632,1.16023043107818,1.1314304392430186,1.028725102182216
2021-04-22,-0.0007709873883226205,-0.0007709873883226205,0.012562478175022207,1.1593362527926543,1.1305584568305131,1.041729954381899
2021-04-23,-5.483140277651683e-05,-5.483140277651683e-05,0.0003308383402913506,1.1592726865023544,1.1304964684238754,1.042074655608085
2021-04-26,-0.00041852714094713344,-0.00041852714094713344,0.00912138992120326,1.1587876009371125,1.1300234239669722,1.0516233071521712
2021-04-27,-0.0013337525313933517,-0.0013337525313933517,-0.0064074820033308555,1.1572430952641506,1.128517257014991,1.0449065913351803
2021-04-28,-0.0010412628301685873,-0.0010412628301685873,0.0002986734472916197,1.1560387281837377,1.127342785514933,1.0452187237994313
2021-04-29,-0.0020877869058611616,-0.0020877869058611616,-0.00209224099855021,1.1536276834139996,1.124991589261337,1.0430341604464568
2021-04-30,0.0007331263881980524,-0.000818565919494256,0.004655802565251221,1.1544737484092584,1.1240710862842314,1.047901643794541
2021-05-04,0.010694367778978121,0.010694367778978121,-0.007468698488812819,1.1668863695317322,1.1361568253735774,1.040104336485164
2021-05-05,0.0037857705652310147,0.0037857705652310147,0.0025002479769931085,1.171312306106615,1.140466206457737,1.0427081089303167
2021-05-06,0.012483983410248853,0.012483983410248853,0.004701717461308874,1.1860266049342336,1.1547930093753973,1.04762217106642
2021-05-07,0.005275039917486023,0.005275039917486023,0.012543618409500468,1.1922994728871337,1.1609006835461178,1.0608459071801197
2021-05-10,0.003864339465449074,0.003864339465449074,-0.0034351152586715727,1.1969158366484558,1.165395476983407,1.057208031056406
2021-05-11,-0.005081012459758307,-0.005081012459758307,-0.02363234438823092,1.1908497164359426,1.1594891059236874,1.0325166337218776
2021-05-12,-0.0009490047410945423,-0.0009490047410945423,-0.0026786672836696113,1.1897201304851017,1.1583892672235325,1.0297545661768117
2021-05-13,-0.0013874781904762096,-0.0013874781904762096,-0.001742984867055597,1.1880705643844083,1.1567831418687906,1.027961282838044
2021-05-14,-0.0023065482312736663,-0.0023065482312736663,0.012016648256556905,1.185333380262619,1.154118040532897,1.0403884488972464
2021-05-17,-0.013002848228644668,-0.013002848228644668,-0.005476981342939169,1.1700204418767177,1.1392083630202112,1.0347058367588136
2021-05-18,0.0014048433910930423,0.0014048433910930423,0.005320272055747921,1.1716652924701536,1.140809897048929,1.0402254231391763
2021-05-19,0.005253791558403897,0.005253791558403897,-0.004402340231720814,1.1778371763923103,1.1468192465680136,1.0356560622292592
2021-05-20,0.008431668010332873,0.008431668010332873,0.007058615573265925,1.1878102943588817,1.1565297259632978,1.0429922213423997
2021-05-21,0.0030706277137950927,0.0030706277137950927,0.0003304380138953178,1.1914632230893558,1.1600864560940962,1.0433369225685862
2021-05-24,0.014106715695238177,0.014106715695238177,0.00375637725480793,1.2083899657116421,1.1765674388733962,1.0472634598141504
2021-05-25,-0.000910189620375648,-0.000910189620375648,-0.001994490228318213,1.2072906020980572,1.175497026615823,1.0451767846953746
2021-05-26,-0.0001817663566725759,-0.0001817663566725759,0.008926575779142354,1.2070711772265026,1.175283380221467,1.0545484004553067
2021-05-27,0.00442749462851592,0.00442749462851592,0.000834470966740497,1.2124273267920411,1.1804984774627265,1.0554287577437222
2021-05-28,0.01819800947861573,0.01581050947861573,0.001102706152360966,1.2346930724312548,1.1993110864120442,1.0565932274442207
2021-06-01,0.002306800103211943,0.002306800103211943,0.008384781009803888,1.2375445501682731,1.202080850768079,1.0654897759560287
2021-06-02,0.011476295346798476,0.011476295346798476,0.0025454256863568503,1.2518287852053598,1.2159557495776756,1.0682053556872684
2021-06-03,0.003027586240975463,0.003027586240975463,-0.005724226138557498,1.2556245479115584,1.2196427389976205,1.0621081741406204
2021-06-04,0.0009182209702867381,0.0009182209702867381,0.0013278740634454778,1.2567780181915138,1.2207631548527715,1.0635194568331068
2021-06-07,0.010406269461428537,0.010406269461428537,0.003296857984659951,1.269924674086006,1.2335330735601486,1.0670315156446495
2021-06-08,0.012857503735788442,0.012857503735788442,-0.0005501580574556186,1.2863581557112524,1.2494956290661074,1.066444641110438
2021-06-09,0.0005541433552492692,0.0005541433552492692,-0.005979713138257736,1.2870711800763217,1.2501882206461554,1.0600866365457162
2021-06-10,-0.004074264019272103,-0.004074264019272103,-0.006621425986359952,1.2818379802350992,1.2451049860130905,1.0530905389748002
2021-06-11,0.0031995925090616394,0.0031995925090616394,0.00552673719507446,1.2859459077770474,1.2490951947161608,1.0589268065291804
2021-06-14,0.0015119819716333904,0.0015119819716333904,0.00045737515647559235,1.2878917054409071,1.2509852326229798,1.0594112441194272
2021-06-15,-0.001061513266153666,-0.001061513266153666,-0.004971814103059913,1.2865253166584272,1.2496579997650594,1.0541571204410998
2021-06-16,0.005716992431301542,0.005716992431301542,-0.0006187927764855772,1.2939014366775192,1.2568227459769934,1.0535050174088207
2021-06-17,-0.0005933521344046989,-0.0005933521344046989,-0.003658674707123666,1.293133925223155,1.256077228717101,1.0496576277132135
2021-06-18,-0.004261087386800542,-0.004261087386800542,-0.00940281948196997,1.2876354915376793,1.2507363609142974,1.0398341431249702
2021-06-21,0.00033386560015101854,0.00033386560015101854,0.005935548288421799,1.288065460505767,1.2511540084752621,1.0460244822476588
2021-06-22,0.0014324187077231969,0.0014324187077231969,0.009859019649342216,1.289911831640743,1.2529474690698432,1.0563882625820944
2021-06-23,-0.004796190343520426,-0.004796190343520426,-0.0008910306837996984,1.2837399814850392,1.2469524825580667,1.0554474074537703
2021-06-24,0.004929599046666799,0.004929599046666799,-0.00661071408682723,1.2900839285847352,1.253114634317204,1.0484931580127148
2021-06-25,0.011986243299808293,0.011986243299808293,0.00601915586638313,1.305640233007306,1.2682251494518295,1.0548232334994634
2021-06-28,0.00473570650404116,0.00473570650404116,-0.004984565600155477,1.31183802583148,1.2742453352059135,1.0495784801632586
2021-06-29,0.008314402860705155,0.008314402860705155,0.00039040315882665766,1.3227906448140392,1.284884090427213,1.0499883189133168
2021-06-30,0.0013943158604886453,-0.0002236841395113552,-0.00740011755086023,1.3246363192177395,1.2845967143770045,1.042246960734081
2021-07-01,0.0008327308223743408,0.0008327308223743408,0.01095603034349324,1.325739844115017,1.285666883174817,1.0537286319809955
2021-07-02,0.0006021907524236806,0.0006021907524236806,0.005488282326572502,1.3265384328164953,1.286441333042433,1.0595276910894766
2021-07-05,-0.0014981015591439624,-0.0014981015591439624,0.012034403424463491,1.3245526313595537,1.2845155561405144,1.0723555075050073
2021-07-06,0.0001225998423263991,0.0001225998423263991,-0.005531637912907783,1.324715031258209,1.2846730471991552,1.0664400014264748
2021-07-07,0.0007334891249690069,0.0007334891249690069,0.0032616555795037527,1.3256870517669768,1.2856156865740194,1.0699240401858476
2021-07-08,0.000716786556151928,0.000716786556151928,-0.01391867402627689,1.326637627062445,1.2865375289571783,1.0551352749895198
2021-07-09,-0.0008843258608410489,-0.0008843258608410489,0.011263960122892769,1.3254649656846818,1.2854003134580283,1.0670874647747906
2021-07-12,-0.001719853173524482,-0.001719853173524482,-0.0005851034670492083,1.3231873197267876,1.2831915135998508,1.0664632908204854
2021-07-13,-0.0006489177641008992,-0.0006489177641008992,0.0013486937486728579,1.3223289585028277,1.2823590979457953,1.0679025935651398
2021-07-14,-0.0009143632307300522,-0.0009143632307300522,-0.0077414206420645115,1.3211204221290556,1.281187091839342,1.0596674274535363
2021-07-15,-0.0016879288939145244,-0.0016879288939145244,-0.010992025357662527,1.3188923457424606,1.2790263632196623,1.0480833192626569
2021-07-16,0.0003200510243680114,0.0003200510243680114,-0.0015255541039564946,1.3193145261447778,1.2794357824314289,1.046485630443895
2021-07-19,0.0005965691738727916,0.0005965691738727916,-0.023695073159812452,1.3201018233369866,1.2801992820967156,1.021980548261446
2021-07-20,0.0007175719098487069,0.0007175719098487069,0.008107079644833703,1.32104943127131,1.281118246812758,1.0302995016069683
2021-07-21,-0.0002817592817751642,-0.0002817592817751642,0.01892066339952514,1.3206772657653705,1.2807573307037865,1.0499790395453894
2021-07-22,0.0008124943590575005,0.0008124943590575005,0.005984222784636728,1.321750744632648,1.2817983616689288,1.0562811859541654
2021-07-23,-0.0006034817824849206,-0.0006034817824849206,0.009047315335815043,1.3209533327732421,1.2810250530711373,1.0658810559702345
2021-07-26,0.0001571657433040475,0.0001571657433040475,0.0021738342941279853,1.321160957700993,1.2812264021479687,1.0682006250291103
2021-07-27,-0.0006017002815191622,-0.0006017002815191622,-0.0024535692008189613,1.3203662538915415,1.2804557197442676,1.0655829335320695
2021-07-28,-0.00036150107249263393,-0.00036150107249263393,0.0056447456648403005,1.31988902633901,1.2799929172851334,1.071614886580651
2021-07-29,-6.0303195889177975e-05,-6.0303195889177975e-05,0.0019106764828720202,1.3198094352123264,1.2799157319487904,1.073664353253527
2021-07-30,0.011704226393113776,0.010184226393113775,-0.004421779580374263,1.335347536989709,1.2930172848784132,1.0689273269015778
2021-08-02,-0.009737930714459182,-0.009737930714459182,0.011261493114405496,1.3224071238764716,1.2804870802946666,1.0810330811286024
2021-08-03,0.013069748383752513,0.013069748383752513,0.0034839944881905893,1.3398040915991076,1.297332567590468,1.084805962958218
2021-08-04,-0.0016867795192853372,-0.0016867795192853372,0.002487275527570887,1.337546042448462,1.2951460981501068,1.0875075326633734
2021-08-05,-0.0022946903022390813,-0.0022946903022390813,0.006761500585396263,1.3344803073176397,1.292177546214969,1.0948856308805714
2021-08-06,-0.010816384830323777,-0.010816384830323777,-0.002125126352416018,1.3201238372858857,1.278276173436206,1.092561331163538
2021-08-09,-0.001885704034016304,-0.001885704034016304,-0.00011932858739527319,1.317636820066677,1.2758679941696487,1.0924309651415989
2021-08-10,0.0017756124418716354,0.0017756124418716354,0.005048302339831778,1.3199785107505724,1.2781354537232426,1.0979598308898868
2021-08-11,-0.00867045684059472,-0.00867045684059472,0.007805045458331605,1.3085831668500556,1.2671013399645743,1.1065629876216854
2021-08-12,0.0006667918313905841,0.0006667918313905841,-0.00042102071500949023,1.309456010386537,1.2679465145340416,1.1060971997414875
2021-08-13,-0.004223764183083036,-0.004223764183083036,0.0017544531647377681,1.3039368410307135,1.2626023017522976,1.1080394988122404
2021-08-16,-0.0021934844933209478,-0.0021934844933209478,-0.003191533975487104,1.3010798103613979,1.2598358383886248,1.1045087902906516
2021-08-17,0.000693872265040198,0.000693872265040198,-0.0008099877280223211,1.3019829068369764,1.2607103068850194,1.103614513950347
2021-08-18,-0.0035196557756530583,-0.0035196557756530583,0.006013091549711191,1.297408430193071,1.2562808402435666,1.1102706409532348
2021-08-19,-0.005347481498487496,-0.005347481498487496,-0.009674781743463257,1.2904890796546744,1.2495808317450685,1.0995808091026587
2021-08-20,0.012582513446748957,0.012582513446748957,0.006081382218882325,1.3068292605447978,1.265403032141378,1.106288154577529
2021-08-23,0.009744668893350563,0.009744668893350563,-0.00043799048693848874,1.319626128344542,1.2777942417696029,1.1058037169872836
2021-08-24,0.008818630167113936,0.008818630167113936,0.00611006278692372,1.3313148867971452,1.289112468897243,1.1125809306441832
2021-08-25,-0.0008630829237381262,-0.0008630829237381262,0.004194506104077789,1.330166347365914,1.2880003379382166,1.1172574591562237
2021-08-26,-0.008677295375624958,-0.008677295375624958,-0.0014184754372976727,1.3186740342785295,1.2768723288966743,1.1156737803635466
2021-08-27,-0.0011418059692139284,-0.0011418059692139284,0.004469665256539912,1.3171692236591046,1.2754152204754678,1.1206716297335686
2021-08-31,0.006218511563380184,0.003992304666828459,0.0017648810537131965,1.3253855759711877,1.2805172442524364,1.1226512282244159
2021-09-01,0.004321633197104829,0.004321633197104829,0.006146548522229622,1.3311258009146596,1.2860631451278233,1.1295729089035345
2021-09-02,-0.004257503147510429,-0.004257503147510429,-0.0010107865898039137,1.325470575739397,1.2805993665200412,1.128431728597045
2021-09-03,-0.001156636100048206,-0.001156636100048206,-0.0013094005335965164,1.323938374892167,1.2791190353303055,1.1269551264322972
2021-09-06,0.0033587476020467896,0.0033587476020467896,0.0022212003125261504,1.3283926258991028,1.2834224963970449,1.1294611016174467
2021-09-07,0.006820357214185494,0.006820357214185494,-0.006242551258637263,1.337483705091211,1.2922058149161322,1.1224323443104
2021-09-08,-0.00021604181920358272,-0.00021604181920358272,-0.010369989619398723,1.3371947838890628,1.2919266745751714,1.110852875803483
2021-09-09,0.0026816845791382557,0.0026816845791382557,-0.002056715655774255,1.3407855309940073,1.2953958639725751,1.1085705151905056
2021-09-10,0.0034186546263137766,0.0034186546263137766,-0.0027896462177920966,1.3453770576024358,1.2998319534442961,1.1054823051551075
2021-09-13,-0.0018929785677010685,-0.0018929785677010685,0.0017722686477288363,1.3428326966370872,1.2973737268340177,1.1074432539359071
2021-09-14,0.001752005213793496,0.001752005213793496,-0.003724945313708261,1.3451874086543933,1.2996487246897923,1.1033257618543013
2021-09-15,0.0019290778179899984,0.0019290778179899984,-0.010802288889223632,1.3477848844063882,1.3021582679896881,1.0914714603032274
2021-09-16,-0.0003040271910068513,-0.0003040271910068513,0.008498827049615798,1.3473751834371739,1.30176243664402,1.1007872179072147
2021-09-17,0.0034750325453154667,0.0034750325453154667,0.0011037713331525367,1.3520655008332043,1.3062939725347988,1.102002906079695
2021-09-20,-0.0037584751383705184,-0.0037584751383705184,-0.010930746097461252,1.3469933340401106,1.3013935140100996,1.09002278721645
2021-09-21,0.0036955447279377043,0.0036955447279377043,0.008921026878310201,1.3519804174734984,1.3062117695055235,1.0997904136487495
2021-09-22,0.0029747057228141863,0.0029747057228141863,0.007304445219549649,1.3560081490464957,1.31010315011804,1.1078531836601602
2021-09-23,0.0027365563002966792,0.0027365563002966792,0.001919543062623319,1.359724023721214,1.3136932311365173,1.1099817978829933
2021-09-24,0.005800073067571942,0.005800073067571942,-0.009334094097614098,1.3676334378271275,1.3213348875255526,1.099669326994735
2021-09-27,0.0006411011599462757,0.0006411011599462757,-8.52109067039919e-06,1.3685105103265576,1.3221822684540474,1.099659956652615
2021-09-28,0.0001370701524778424,0.0001370701524778424,-0.020519487793743352,1.3686981051274059,1.3223635126004853,1.0773254277970554
2021-09-29,0.002413938327230878,0.002413938327230878,0.00094642805199463,1.3720060489216264,1.325559472439126,1.07834552144953
2021-09-30,0.00128295495396166,-0.0002940450460383404,-0.005183781871727078,1.3737674005047305,1.3251697555429953,1.0727700769132238
2021-10-01,-0.00010451557642045175,-0.00010451557642045175,-0.002412672176127728,1.3736238279159159,1.3250312618996374,1.0701849541781174
2021-10-04,-0.0008932127074000663,-0.0008932127074000663,-0.014065340780589963,1.3723974374529442,1.323848255555609,1.0552378029076805
2021-10-05,0.0004634469582566565,0.0004634469582566565,0.003340218009750373,1.3730336182774983,1.32446193119491,1.0587684204550731
2021-10-06,0.0009975826453921784,0.0009975826453921784,-0.015253851200212054,1.3744040162155837,1.3257838506842952,1.042740677692253
2021-10-07,-0.00018122728769036085,-0.00018122728769036085,0.007680382252422291,1.3741549592721731,1.325543604243235,1.0507801583096559
2021-10-08,0.000989158082793471,0.000989158082793471,-0.0010200598194618493,1.375514888238629,1.326855425105611,1.0497088461851962
2021-10-11,-0.0012213153043950512,-0.0012213153043950512,-0.0021632712809775967,1.373835976303311,1.3252359054415936,1.0474404955983034
2021-10-12,-0.00025222797633703807,-0.00025222797633703807,-0.000827451053670103,1.3734895001325176,1.3249016860225105,1.046574148335972
2021-10-13,-0.0008499460269317512,-0.0008499460269317512,0.007378520902253882,1.3723226041583938,1.3237760695227994,1.0543248768573286
2021-10-14,0.00035918935510801005,0.00035918935510801005,0.009895503988527565,1.3728156163666498,1.3242516412005478,1.0648097438457778
2021-10-15,0.001085587024425867,0.001085587024425867,0.0054008162401579796,1.374306736410552,1.3256900121964945,1.070576143218127
2021-10-18,-0.0013003990328158627,-0.0013003990328158627,-0.0006746038276084221,1.3725207507584194,1.3239672065969657,1.0698541720038184
2021-10-19,0.000956993938519151,0.000956993938519151,0.0037112253413180696,1.373834873500843,1.3252348416512632,1.0738320186955603
2021-10-20,-0.0014849169863637862,-0.0014849169863637862,-0.0037983041550120333,1.3717963566494462,1.3232684382581974,1.0697610144277792
2021-10-21,0.0004913842553879854,0.0004913842553879854,-0.002161966967044293,1.3724706014237686,1.323918831317777,1.06745072473683
2021-10-22,-0.001566788660699958,-0.001566788660699958,0.0006368589904894861,1.370321913757604,1.321846154452491,1.0681307568470801
2021-10-25,-0.0010474410478963682,-0.0010474410478963682,0.00044040950279722324,1.3688873337864367,1.3204623233985588,1.0686012753854384
2021-10-26,-0.0010341403177430287,-0.0010341403177430287,0.00952220788226299,1.3674724439275403,1.3190974859102436,1.0788253193558146
2021-10-27,-0.002253035136369952,-0.002253035136369952,0.0004618371132547594,1.3643949486177098,1.3161288583930129,1.0793236759979503
2021-10-28,-0.0012325833356354916,-0.0012325833356354916,0.0012033319211255389,1.3627142541515984,1.3145076192560377,1.080623242378545
2021-10-29,-0.0031613654288958036,-0.004746365428895804,-0.004029711055938634,1.358413018889584,1.3082832689417234,1.0762774050666069
2021-11-01,0.00503828008905565,0.00503828008905565,0.0045166130446148145,1.3652743543060182,1.3148913993137776,1.0811495280986532
2021-11-02,0.007892640651793887,0.007892640651793887,-0.003072165378648961,1.3760926103201547,1.3253104273601906,1.0778331547813125
2021-11-03,0.0034838556577373196,0.0034838556577373196,-0.0009944441660909575,1.3808950790427081,1.329935669751101,1.0767618426568537
2021-11-04,0.005318368306496738,0.005318368306496738,0.01520158286496276,1.3882587516704403,1.3370275994976968,1.0932553732998733
2021-11-05,-0.0020772595296283756,-0.0020772595296283756,0.005341282261532854,1.3853779710493241,1.3342531288207455,1.0991103815384964
2021-11-08,-0.0016328680523261308,-0.0016328680523261308,-0.002414272397022188,1.3831176775027723,1.3320762472768186,1.096460030305324
2021-11-09,-0.008920022688018114,-0.008920022688018114,-0.007367836909507375,1.3708350983220852,1.3202469342342504,1.0884111793458007
2021-11-10,-0.006724908739436728,-0.006724908739436728,0.0028290875922927228,1.3616472856161155,1.3113981809653692,1.0914947496972378
2021-11-11,0.003924811389799435,0.003924811389799435,0.005990514175072903,1.367001995631294,1.316555285193227,1.098052988465927
2021-11-12,0.017219023892984495,0.017219023892984495,-0.0007043940879967181,1.3907442583316607,1.3394213830778745,1.0972797987796359
2021-11-15,-0.0006160965577390904,-0.0006160965577390904,0.0027172900435381564,1.389887689473064,1.3385964243276158,1.1002654808968744
2021-11-16,-0.0019940194121296903,-0.0019940194121296903,-0.0034732068450864517,1.3871189877794257,1.3359298965101494,1.0964506599632013
2021-11-17,0.006267678408574572,0.006267678408574572,-0.004496114425535325,1.3958403061682145,1.3443293705821022,1.091531958143136
2021-11-18,-0.0074680417562990355,-0.0074680417562990355,0.005977634807953436,1.3854549399184,1.3343272572943694,1.0980762778599373
2021-11-19,-0.018708605487586176,-0.018708605487586176,-0.003488623404562574,1.3597759678962382,1.3095959208060908,1.0942521775583385
2021-11-22,0.007437804029328228,0.007437804029328228,-0.002676806279092503,1.3699274205279452,1.3193727526303123,1.09132699328101
2021-11-23,-0.004818196286368268,-0.004818196286368268,-0.008921551806366779,1.3633427172528576,1.3130310457959766,1.0816339656888998
2021-11-24,0.006172420300423855,0.006172420300423855,-0.002349711287147116,1.3717838658760582,1.321160689255527,1.0790954217418136
2021-11-25,0.007678114664213602,0.007678114664213602,0.004861470960761949,1.3823571190738957,1.331343755866831,1.0843541851041036
2021-11-26,-0.0017987453219629498,-0.0017987453219629498,-0.03239626896193393,1.3798728456301161,1.328951159994458,1.0497880847093484
2021-11-29,0.004713611877429729,0.004713611877429729,0.009643710567612374,1.3863923838800911,1.3352301065998433,1.0599609102077407
2021-11-30,0.009559244130363619,0.007247101273220761,-0.01045161747001444,1.3997087931382401,1.3449418027228897,1.0489402961828669
2021-12-01,0.0014782033357665179,0.0014782033357665179,0.01730086089180638,1.4017793773405627,1.346931370312529,1.0672457598747023
2021-12-02,0.007558179796075329,0.007558179796075329,-0.009996176772787635,1.4124144180557294,1.3571502893488367,1.0566305268643148
2021-12-03,0.009085329388281755,0.009085329388281755,-0.001707496694061561,1.425305137824104,1.36953662854215,1.0548278731834262
2021-12-06,-0.002623119812367805,-0.002623119812367805,0.010332382799065343,1.4215712909831946,1.3659488774857003,1.065783258710232
2021-12-07,-0.0026508232235302027,-0.0026508232235302027,0.015477425474145434,1.4178079469747091,1.3623327834096668,1.0824071553751913
2021-12-08,-0.005864762224936377,-0.005864762224936377,-0.0003571838867095778,1.4095171759491503,1.3543664088439422,1.0820206060191426
2021-12-09,-0.00051046403038931,-0.00051046403038931,-0.003531875098767401,1.4087978517407995,1.3536752299342545,1.0782057850854718
2021-12-10,-0.0028804153478631227,-0.0028804153478631227,-0.009562631224124374,1.404745767431135,1.3497816932193738,1.0679444416950017
2021-12-13,0.0037527611430836242,0.0037527611430836242,-0.012309563005635127,1.4100273468175424,1.3548566180437382,1.0548790916554094
2021-12-14,-0.0018868006560914699,-0.0018868006560914699,-0.004270116530497248,1.4073694145771312,1.352302683827951,1.050384238611486
2021-12-15,0.00034445930558592254,0.00034445930558592254,-0.005192847845810533,1.4078542795717146,1.35276857730743,1.0449438907552746
2021-12-16,-0.016536112659199954,-0.016536112659199954,0.009498322704072137,1.3847652699540758,1.3305829810102106,1.0549163910755026
2021-12-17,0.005671327334067569,0.005671327334067569,0.005828986465203911,1.3926410390033321,1.3381505915552487,1.0610834408041827
2021-12-20,0.0011348746540181965,0.0011348746540181965,-0.010169885603055207,1.3942224091793822,1.3396700868000995,1.0503470301655862
2021-12-21,-0.011171717418794982,-0.011171717418794982,0.011919876273479346,1.378733231857616,1.324786960987105,1.0629419526410164
2021-12-22,-0.0017902776465821006,-0.0017902776465821006,0.011350611987499093,1.376267124738921,1.3224173462713977,1.0750757269202105
2021-12-23,0.0023874026072012618,0.0023874026072012618,0.008026348387984328,1.3795567537326574,1.3255782605778696,1.083739381491917
2021-12-24,0.002361813715576042,0.002361813715576042,0.00015469814649549107,1.3828188605229377,1.3287127295536327,1.08390704693395
2021-12-29,0.00024076472276891153,0.00024076472276891153,0.010554170275522523,1.383151834605129,1.3290326752198725,1.0954073678909113
2021-12-30,0.0025245952629855363,0.0025245952629855363,0.0009477389972136763,1.3866481447017156,1.332392183731381,1.0964460202792392
2021-12-31,0.001145860975981774,-0.00047336979324899575,-0.002500993538347984,1.3882379613786393,1.3317616187758174,1.0937072421281837
2022-01-04,-0.0010259963301757304,-0.0010259963301757304,0.017557242195991307,1.3868143647521924,1.3303959369543539,1.1130792872863184
2022-01-05,-0.0010155288747185388,-0.0010155288747185388,-0.005265610362034323,1.3854067295889632,1.329045567251334,1.107233649389816
2022-01-06,-0.00038517821429138793,-0.00038517821429138793,-0.015016730445308824,1.3848732038566336,1.328533746430471,1.0907308393788715
2022-01-07,-0.00022503887879511507,-0.00022503887879511507,-0.0027196653845003027,1.3845615886076525,1.3282348083233426,1.0877684466556423
2022-01-10,0.0003063665601465511,0.0003063665601465511,-0.015165827504516116,1.3849858369633017,1.3286417973933728,1.071396002666634
2022-01-11,0.00035654522063500657,0.00035654522063500657,0.001147010227862566,1.3854797350873935,1.3291156027376656,1.0726256098910056
2022-01-12,-5.713974067119549e-05,-5.713974067119549e-05,0.0008247351828210014,1.3854005713963435,1.3290396595865097,1.073510606863384
2022-01-13,0.00021109598214635416,0.00021109598214635416,-0.003856014805158736,1.385693054760574,1.3293202441328549,1.0693791047556938
2022-01-14,-0.0017015766457926394,-0.0017015766457926394,-0.009413227714603067,1.3833371967252852,1.3270602271919794,1.0593600256474438
2022-01-17,-0.0009857383519161396,-0.0009857383519161396,0.005620938563506428,1.3819742600566751,1.325752737557944,1.0653313898819226
2022-01-18,-0.000255730269883794,-0.000255730269883794,-0.00961693352114601,1.3816208925914828,1.3254137457996436,1.0551352749895198
2022-01-19,-0.0003600844812855792,-0.0003600844812855792,0.00010156248459480821,1.381123481909349,1.3249365707953114,1.0552424425916431
2022-01-20,-0.0012513473187507449,-0.0012513473187507449,0.002644921092265662,1.37939629762249,1.3232796518766647,1.05803716987284
2022-01-21,-0.0006550226871169988,-0.0006550226871169988,-0.020090443171904226,1.378493057606668,1.3224131575010036,1.0369928370557548
2022-01-24,-0.0005500431837143323,-0.0005500431837143323,-0.03709386734032449,1.3777350353881228,1.3216859731673931,0.99923144999767
2022-01-25,0.0007119917051517926,0.0007119917051517926,0.008965595611599042,1.378716320597227,1.3226273376992055,1.0082304354534446
2022-01-26,0.0006479109656042834,0.0006479109656042834,0.010450769159088935,1.3796098954670186,1.3234845601266265,1.018822470044016
2022-01-27,-0.000554807293539298,-0.000554807293539298,-0.0008461456438038084,1.378844690125155,1.322750484893758,1.0179607624656482
2022-01-28,-0.00018677286749505662,-0.00018677286749505662,-0.009715433998431777,1.3785871833969336,1.3225034540627603,1.0081187191415524
2022-01-31,0.0038576591974384218,0.0022127874025666266,0.013004520007644516,1.383915573873817,1.3254331132067796,1.0213144352030818
2022-02-01,0.0127662199864701,0.0127662199864701,0.01094482032961075,1.4016961987323229,1.3424623521328243,1.0325539331419717
2022-02-02,0.015083009718024551,0.015083009718024551,0.0036697453483238718,1.4229982417356386,1.362864198682261,1.0363501043655958
2022-02-03,0.002768920527293843,0.002768920527293843,-0.012737279117075673,1.4269438708232685,1.3666430906493034,1.0232335358540217
2022-02-04,0.007134031358788536,0.007134031358788536,-0.011712677303581387,1.4371601313773634,1.37642762540502,1.0113186454888434
2022-02-07,0.006347432010305083,0.006347432010305083,0.003921041662673375,1.4463114204665015,1.3851921929958875,1.0152918524966223
2022-02-08,-0.004815380801863219,-0.004815380801863219,-0.00044973390904701205,1.4393636217924421,1.3785379991994298,1.014835343984349
2022-02-09,-0.0009469283483906051,-0.0009469283483906051,0.018034897467337885,1.4380012926911445,1.3772332403427239,1.0333038334342537
2022-02-10,-0.000434503991564702,-0.000434503991564702,0.0010723053857564224,1.4373766111127426,1.3766349569901446,1.034412444978806
2022-02-11,-0.0023260738424268996,-0.0023260738424268996,-0.007190005893434659,1.4340370525116273,1.3734365237641764,1.0270016870254777
2022-02-14,-0.007529210504151537,-0.007529210504151537,-0.019731914527786998,1.4232804309217846,1.3631344629227737,1.0069355997310077
2022-02-15,-0.0046234724256052255,-0.0046234724256052255,0.010793638194494193,1.4167151220530456,1.3568465954131261,1.017862965205645
2022-02-16,0.008824064701692471,0.008824064701692471,-0.0010805336578094682,1.429271626181348,1.3688724781128803,1.016763724003213
2022-02-17,0.00893172621887406,0.00893172621887406,-0.012506393344359878,1.4420946697488282,1.3811536366440011,1.0041268624237267
2022-02-18,0.0008478168868046004,0.0008478168868046004,-0.009086693224986675,1.4433178203928316,1.3823250985428397,0.9950439987598395
2022-02-21,-0.003606876469170263,-0.003606876469170263,-0.01250141802172422,1.4381213284947678,1.3773482035904079,0.982681970224509
2022-02-22,-0.003110428747120164,-0.003110428747120164,-0.004936916811516312,1.4336551041099361,1.3730707160019868,0.9778425069285945
2022-02-23,0.003000145316451562,0.003000145316451562,-0.007257185149791567,1.437962736286151,1.3771963132809368,0.9707718105174888
2022-02-24,-0.00966367784905841,-0.00966367784905841,-0.028574118075958665,1.4241336551570396,1.36395163101868,0.9434254222658244
2022-02-25,-0.0034429414114931518,-0.0034429414114931518,0.031702429086591266,1.4192388774717553,1.3592637002313264,0.9738134417648696
2022-02-28,0.005178447050417249,0.003010531008438238,0.008302383672326386,1.4266073931183327,1.3633619716407763,0.9819320699322275
2022-03-01,-0.010866594559940799,-0.010866594559940799,-0.027922750990860834,1.411188953667076,1.348627073930804,0.954893083486654
2022-03-02,-0.006707434753475521,-0.006707434753475521,0.013334750471436507,1.4017551694501376,1.339611515261978,0.9677116205342586
2022-03-03,-0.02140154441396638,-0.02140154441396638,-0.03407956986042926,1.3720741862538148,1.311246371518875,0.9352880534142244
2022-03-04,0.010232220584599654,0.010232220584599654,-0.03507051148693385,1.3861856245405269,1.3247322110133735,0.9030555321044287
2022-03-07,-0.016760648517862374,-0.016760648517862374,-0.011302639289333172,1.3631458744405274,1.3027138762746295,0.8929060869742416
2022-03-08,0.016778858513276446,0.016778858513276446,0.002490340702513194,1.3862108672042266,1.3247563346005053,0.8951324984570775
2022-03-09,-0.004150656449005422,-0.004150656449005422,0.04335975710602469,1.380469106410046,1.3192691218222705,0.9347989761400147
2022-03-10,0.01416153813674577,0.01416153813674577,-0.005676476471508707,1.4001577540300882,1.3380849176520726,0.9295076440157893
2022-03-11,-0.0015777146788305803,-0.0015777146788305803,0.012499478257190333,1.3979504462976478,1.335975465930012,0.9411989198087942
2022-03-14,-0.007466339946775344,-0.007466339946775344,0.013014679008541918,1.3875517414767822,1.3260377642361376,0.9535283795821874
2022-03-15,0.011994752091754001,0.011994752091754001,-0.010489013766909139,1.404295297284311,1.34203903225714,0.9435790776817732
2022-03-16,0.005532886763448355,0.005532886763448355,0.031477352620528976,1.4120866385749322,1.3494849620027363,0.9737528529507663
2022-03-17,-0.0011276815250222212,-0.0011276815250222212,0.0033523053685549087,1.4104951520744957,1.3479640304671636,0.9770226474800875
2022-03-18,0.0026434988821644133,0.0026434988821644133,0.00858730747270009,1.4142287271088059,1.3515320858723159,0.9854487684277319
2022-03-21,0.009904647655535644,0.009904647655535644,-0.007115239621839464,1.4283057633150016,1.364985048424954,0.9784619502247426
2022-03-22,-0.0010203659458710625,-0.0010203659458710625,0.005033344686253827,1.4268491120388844,1.363592974498112,0.9833993017548545
2022-03-23,-0.005733486195606811,-0.005733486195606811,-0.0052713934537145235,1.4186916999031778,1.355797202832781,0.9782290562846419
2022-03-24,0.008998906914072177,0.008998906914072177,-0.005174896911626092,1.4315159902048884,1.3680529571454068,0.9731798974684421
2022-03-25,0.007073135683163024,0.007073135683163024,0.0030107982404974365,1.4416771904471681,1.3777636834905649,0.9761143611136981
2022-03-28,-0.0034236032259498603,-0.0034236032259498603,0.005415719789732876,1.4367498991251626,1.3730548325172538,0.9814150635800442
2022-03-29,-0.00992424441823949,-0.00992424441823949,0.01983054505047832,1.422561761679975,1.3594956941484981,1.0010713121244579
2022-03-30,0.011831556276187993,0.011831556276187993,-0.010265614125000155,1.4394928442390085,1.375676175345389,0.9908472681540815
2022-03-31,0.002320751869479781,0.0007341618311656037,-0.005297844325173884,1.4428374294234083,1.376686515116439,0.9856117941858027
2022-04-01,-0.00036936730283370354,-0.00036936730283370354,0.002732563620678974,1.442304590866303,1.3761781060321292,0.9883087242069957
2022-04-04,-0.001382111641382734,-0.001382111641382734,0.005259984516147398,1.4403125418350315,1.374277388055955,0.9935209087812656
2022-04-05,0.00012475140212915976,0.00012475140212915976,0.00126969223661888,1.4404922340523245,1.3744488417813532,0.9947831757417669
2022-04-06,0.00048729585059136427,0.00048729585059136427,-0.012073376527503399,1.4411943509962304,1.3751187682117316,0.9828449959825794
2022-04-07,-0.00018832840526992808,-0.00018832840526992808,-0.0029853214620043644,1.440922958718663,1.3748598186716,0.979915262995481
2022-04-08,0.001480894456600932,0.001480894456600932,0.006467362236259433,1.4430583943277369,1.3768973492671892,0.9862732675602025
2022-04-11,-0.0016604073363579133,-0.0016604073363579133,-0.0027998131920092817,1.4406643177042266,1.3746130357773048,0.9835157487249059
2022-04-12,-0.0003641976807455781,-0.0003641976807455781,-0.005008948314676687,1.4401397266342097,1.3741124960509885,0.9786016865888014
2022-04-13,-0.00013920102896004046,-0.00013920102896004046,-0.0011953875709824757,1.4399392716545094,1.373921231490052,0.9774325772043411
2022-04-14,-0.0011094271974956605,-0.0011094271974956605,0.006512125091328258,1.4383426496954705,1.372397811126868,0.9838185108470353
2022-04-19,8.396498579721877e-05,8.396498579721877e-05,-0.007575416542929148,1.438463425186009,1.3725130493275066,0.9763938338418183
2022-04-20,-0.0004056030397172583,-0.0004056030397172583,0.005793680485631114,1.4378800983557962,1.3719564667460717,0.9820671666123234
2022-04-21,-0.0012638175775136918,-0.0012638175775136918,0.0035839332812717117,1.4360640280456514,1.3702236592547392,0.9855931444757559
2022-04-22,-0.000544523434233907,-0.000544523434233907,-0.013220388665880378,1.4352822703913177,1.3694777434648777,0.9726489720643718
2022-04-25,-7.99391511314535e-05,-7.99391511314535e-05,-0.013625801444598906,1.4351675397307855,1.36936827295212,0.9594857337905813
2022-04-26,3.794288669658173e-05,3.794288669658173e-05,-0.005212775207775522,1.4352219951632277,1.369420231723073,0.9544971637884846
2022-04-27,0.0005360927698628024,0.0005360927698628024,-0.0026532612814182954,1.4359916135729833,1.37015456482595,0.9519679901835195
2022-04-28,0.00016907843895439683,0.00016907843895439683,0.008855895139650016,1.4362344293202332,1.3703862480066606,0.9604359592610267
2022-04-29,0.0026877568547493385,0.0010740914652218791,0.004311803289454019,1.4400998706088184,1.3718589589512447,0.9645861110787634
2022-05-03,0.006538768071785059,0.006538768071785059,-0.009114820135138757,1.44954720296009,1.3808586177865745,0.9558340295891745
2022-05-04,-0.003065105985893727,-0.003065105985893727,-0.014791558674026817,1.445110989357035,1.3766326196461818,0.94179980436909
2022-05-05,0.009554712424054094,0.009554712424054094,-0.006425306467653158,1.4589847837915528,1.3898489871899098,0.9357678513205085
2022-05-06,0.005161337060544693,0.005161337060544693,-0.013545825683442203,1.466534562743735,1.3970410105384528,0.9231775685290416
2022-05-09,0.00035907901754494466,0.00035907901754494466,-0.026224207681432077,1.4670612590908647,1.397542748728424,0.8992826502748138
2022-05-10,0.010131345578531648,0.010131345578531648,0.0040474256609233095,1.4820001112465115,1.4117737049172527,0.9029298057664535
2022-05-11,-0.0024759380360833915,-0.0024759380360833915,0.013435223636580673,1.4783353095846958,1.4082825644101602,0.915142727595602
2022-05-12,-0.0011709166572093249,-0.0011709166572093249,-0.008500276328604173,1.4766053151830518,1.4066345479307008,0.9073967297324042
2022-05-13,-0.0011393528643846343,-0.0011393528643846343,0.022385130310977885,1.4749238987328475,1.4050328074764324,0.9279379752491965
2022-05-16,-0.006332665666794532,-0.006332665666794532,0.00011038592341527931,1.4656132106508377,1.396163317852837,0.9280404121931608
2022-05-17,0.0017129236010814672,0.0017129236010814672,0.007076851954987973,1.4681258454707986,1.3985568883674147,0.9346313106979818
2022-05-18,0.0032229480293045182,0.0032229480293045182,-0.0058077993438256925,1.4728651719702937,1.4030716360251438,0.9292188919197445
2022-05-19,0.005584084486519245,0.005584084486519245,-0.013138983116729008,1.4811127817713954,1.4109284226456387,0.917089757324514
2022-05-20,-0.004366775126596143,-0.004366775126596143,0.00743836446719115,1.474659196249773,1.4047806482475667,0.9239368391634437
2022-05-23,-0.000779040052763697,-0.000779040052763697,0.015517177594336573,1.47351082504338,1.4036866940296373,0.9383855428175499
2022-05-24,-0.015608050633000092,-0.015608050633000092,-0.01482167534745571,1.4506907452255748,1.3819479718889267,0.924579662827797
2022-05-25,-0.003222255079347405,-0.003222255079347405,0.004232845671497287,1.4460237727291942,1.3775021496504787,0.9285015603893985
2022-05-26,-0.0017665815114663512,-0.0017665815114663512,0.01566373883294503,1.443471508921938,1.3750708280171318,0.9431598685895939
2022-05-27,-0.006398371630116792,-0.006398371630116792,0.006095396834027156,1.4342651261081192,1.3663007010277217,0.9489263589361392
2022-05-30,-0.015660839445325238,-0.015660839445325238,0.008524144780636789,1.411978300948609,1.34506996461447,0.9570497177616553
2022-05-31,0.006345272160410528,0.0045607894017898375,-0.006293232246049385,1.4209661726425968,1.3512185560110235,0.9510456937910478
2022-06-01,-0.00402581561716394,-0.00402581561716394,-0.0071318266736675184,1.4152571243318692,1.3457897342958152,0.944287129844193
2022-06-06,-0.006890738720835224,-0.006890738720835224,0.011471538482688004,1.4055384800398185,1.3365481261847172,0.9551819265568956
2022-06-07,0.0038079231702898703,0.0038079231702898703,-0.005251068754066779,1.410900865881671,1.341647301234414,0.9501793465287156
2022-06-08,0.0034974804556756637,0.0034974804556756637,-0.004342896592429923,1.4158441034844818,1.3463479017865492,0.9460617634729135
2022-06-09,-0.0034900829734888987,-0.0034900829734888987,-0.01176703621379005,1.410911303034298,1.3416572260831352,0.9349946616342169
2022-06-10,0.007959547803780536,0.007959547803780536,-0.020133148780029586,1.422186331535037,1.3523788238403982,0.9163585067422794
2022-06-13,0.004779705658392938,0.004779705658392938,-0.026427256088560114,1.4290002348449709,1.3588582691421291,0.8924588578298938
2022-06-14,-0.00865138651490575,-0.00865138651490575,-0.006030570196401186,1.4166907254222159,1.3471529675891114,0.8870930178396752
2022-06-15,-0.00016954445446640612,-0.00016954445446640612,0.014129168080728505,1.4164505537264913,1.3469245846352174,0.8997158693930781
2022-06-16,0.004334731191709372,0.004334731191709372,-0.030940736171395145,1.4226038128504501,1.3527758132346812,0.8723042526433454
2022-06-17,0.005288250800679143,0.005288250800679143,0.01053834313522728,1.4301468256959358,1.3599485799910462,0.8815455023813394
2022-06-20,-0.002588496866072943,-0.002588496866072943,0.004475904848952439,1.4264496822061017,1.3564329094677932,0.8855000596790722
2022-06-21,0.0037740683354766545,0.0037740683354766545,-0.003250863441621732,1.4318433724595396,1.361561852363223,0.8826260938737247
2022-06-22,0.0027552066473392665,0.0027552066473392665,-0.0030602525669856107,1.4357938365106444,1.3653184092985509,0.8799291638525308
2022-06-23,-0.0034995503124559033,-0.0034995503124559033,-0.010547041585278194,1.4307779854720273,1.3605487595151486,0.8706972844566581
2022-06-24,0.004012143872754243,0.004012143872754243,0.02277924046341795,1.4365300038463544,1.3660184421237453,0.8907587320671666
2022-06-27,-0.0008849584490449214,-0.0008849584490449214,0.010160704916804875,1.4352592968265305,1.36481010730375,0.8998556057571383
2022-06-28,-0.000907873373470613,-0.000907873373470613,0.0016705734431621266,1.4339568544427557,1.3635715948387988,0.9013601369998603
2022-06-29,-0.00032990314951760933,-0.00032990314951760933,-0.01628059785199376,1.4334838655847495,1.3631218224698087,0.8868042657436295
2022-06-30,0.0012961187987967332,-0.0002735781709002371,-0.01973245645053545,1.4353430355630132,1.3627489531016885,0.8694769566002133
2022-07-01,0.0011965616624060333,0.0011965616624060333,-0.0015977346525222202,1.4370615399549649,1.3643805422082707,0.8680888723275418
2022-07-04,0.0003720839753472805,0.0003720839753472805,-0.0023636863006029074,1.4375963470159685,1.364888300802862,0.8660394056546642
2022-07-05,-0.0006665156869377502,-0.0006665156869377502,-0.015048347029326337,1.4366384857494383,1.3639788844432608,0.8531045126112058
2022-07-06,-0.00033610882312136745,-0.00033610882312136745,0.015129019298278479,1.4361557000175593,1.3635205161407786,0.8661092738366948
2022-07-07,0.0012369946238215872,0.0012369946238215872,0.014998946783579825,1.4379333161215646,1.3652082273183368,0.8791979132702957
2022-07-08,0.0010202673936676198,0.0010202673936676198,0.001984731455859645,1.4394011412580077,1.3666018155536674,0.8809446178210435
2022-07-11,-0.00037286728328447973,-0.00037286728328447973,-0.004026495506234795,1.4388645357124532,1.3660923494348967,0.8774046299315288
2022-07-12,-0.0003578771813980599,-0.0003578771813980599,0.0009551099102385052,1.4383496910590705,1.3656035436267908,0.8782430481158878
2022-07-13,-0.0027029821547077367,-0.0027029821547077367,-0.007645146051261875,1.4344671071532968,1.3619173257528543,0.8715543523510634
2022-07-14,0.0020426140823580838,0.0020426140823580838,-0.012406082648857009,1.4374001643992724,1.3647020403418464,0.860808571370348
2022-07-15,-0.0011302812634785124,-0.0011302812634785124,0.018926267409428377,1.4357764157445378,1.3631604145948892,0.8772556141995421
2022-07-18,-0.0011965390647070372,-0.0011965390647070372,0.009585448831820997,1.434059480569764,1.361530315340568,0.885704933567003
2022-07-19,0.001353462721779671,0.001353462721779671,0.013964496352743438,1.4360017407093815,1.363374343497138,0.8981601196783724
2022-07-20,-0.0004188605136149038,-0.0004188605136149038,0.006059682404629285,1.435400382234168,1.3628033994006874,0.9036192082188267
2022-07-21,-0.0005096091590483551,-0.0005096091590483551,0.015822695159478428,1.434669075408635,1.3621090792373542,0.9180306124528378
2022-07-22,0.001335268363328717,0.001335268363328717,0.0058482264370489645,1.4365860231719083,1.3639290752193787,0.9234151931272986
2022-07-25,-0.00010935840153153035,-0.00010935840153153035,-0.0011002772306074604,1.4364289290106913,1.363779926271404,0.922399739158787
2022-07-26,0.00020698484362432324,0.00020698484362432324,-0.011896940267966727,1.4367262788003283,1.3640622372622215,0.911491023394195
2022-07-27,4.4375351811965446e-05,4.4375351811965446e-05,0.003585956032132742,1.4367900354490089,1.3641227693469498,0.9147654576074794
2022-07-28,-0.0011083386235254014,-0.0011083386235254014,0.010943441075660587,1.435198467719743,1.3626116969390938,0.9248311155037495
2022-07-29,0.0030776112495170546,0.0014363991283049325,0.015477590382468875,1.4396222545255786,1.3645703575652373,0.939256620738041
2022-08-01,0.00316764930911698,0.00316764930911698,-0.004259074113043937,1.4441897031841613,1.3688996912009257,0.9352647640202145
2022-08-02,0.013622157368778445,0.013622157368778445,-0.010267057642753485,1.463997287309769,1.3876746455806712,0.9257114727921644
2022-08-03,0.0075651728162600615,0.0075651728162600615,0.007254514215230046,1.4751146792641552,1.3982124539999976,0.9324514780031665
2022-08-04,0.018291191625780925,0.018291191625780925,0.006820255869513403,1.502344558822794,1.424022756924243,0.9388327719618978
2022-08-05,0.0028370930012219953,0.0028370930012219953,-0.005188163004175905,1.506612902036358,1.4280685783936142,0.9339745679817413
2022-08-08,-0.004591886071954114,-0.004591886071954114,0.0033308747011009388,1.4997105667325579,1.4215260828716583,0.9370907070951136
2022-08-09,-0.0016374941333678057,-0.0016374941333678057,-0.010292165753304161,1.4972568090329919,1.4192002470414957,0.9274954767630067
2022-08-10,-0.010650086520316616,-0.010650086520316616,0.01917968615702037,1.481395506516919,1.4041658425803472,0.945456239228655
2022-08-11,0.00082957013862263,0.00082957013862263,-0.0025947324782524817,1.4826249378718785,1.4053311799307286,0.9430062131736451
2022-08-12,0.007239250028033071,0.007239250028033071,0.004612598654983202,1.4933969741831121,1.4155416371494314,0.9473659695374712
2022-08-15,0.004018852818877582,0.004018852818877582,0.002151221080664456,1.4994107930547875,1.4212419373096,0.9494061568424237
2022-08-16,0.005301959153737105,0.005301959153737105,-0.002279043270664971,1.5073817199261819,1.4287973154630236,0.9472448828834584
2022-08-17,0.002170946523848829,0.002170946523848829,-0.015331039890069675,1.5106577197547375,1.4319025274333046,0.9328333876752528
2022-08-18,0.008106497000291167,0.008106497000291167,0.00546261891563482,1.522953633084937,1.4435574173162837,0.9379430443313603
2022-08-19,-0.0020037948126112124,-0.0020037948126112124,-0.012437464353622474,1.5199050019308304,1.4406677205982965,0.9263496567725545
2022-08-22,0.002799946586691623,0.002799946586691623,-0.019727910130283632,1.524166618117781,1.4447071657414599,0.9082537976268107
2022-08-23,0.0022638342014584386,0.0022638342014584386,-0.00991604235093213,1.5276209872207696,1.4479814480521211,0.8992920206169358
2022-08-24,0.0020168181887684333,0.0020168181887684333,-8.811599956004557e-05,1.530705029944695,1.4509047102268364,0.899212782092785
2022-08-25,-0.0007679590245704775,-0.0007679590245704775,-0.0024530627632408653,1.5295299624625829,1.4497909025948774,0.8970096600039593
2022-08-26,-0.001521771077826791,-0.001521771077826791,-0.004590519712873942,1.5272041381379753,1.4475863305828187,0.8929013563160827
2022-08-30,-0.0029447603010495605,-0.0029447603010495605,-0.0010438578177929259,1.5227135031872396,1.4433298061222133,0.8919697805556845
2022-08-31,0.011803971763945376,0.009541151251124862,-0.004495719166154544,1.540794071707958,1.4571667392750909,0.8879687354441276
2022-09-01,0.015274629528228532,0.015274629528228532,-0.030361198441935855,1.5645097936663992,1.4795952791236568,0.8614140956146071
2022-09-02,0.006826699431113247,0.006826699431113247,0.01925252801829913,1.5752267709551941,1.4897305873634452,0.8781591699077729
2022-09-05,0.012647596278914416,0.012647596278914416,-0.011925579832292144,1.5952761240034876,1.5086917522214927,0.8677488107853175
2022-09-06,0.012388802993849181,0.012388802993849181,0.010205643245431162,1.6151626161898989,1.52749889556854,0.8766500899552835
2022-09-07,0.0006660078332044674,0.0006660078332044674,-0.0004942977838862106,1.6162386854396793,1.5285165606470401,0.8762168708370207
2022-09-08,-0.006786195753079601,-0.006786195753079601,0.0035447707238294157,1.605307705172358,1.5181788645423577,0.8793283702664294
2022-09-09,0.0007929139728132962,0.0007929139728132962,0.016271927965910038,1.6065810808544239,1.5193831271525138,0.8937537845265257
2022-09-12,-0.005169742442806894,-0.005169742442806894,0.016841968524611062,1.598296902437704,1.5115485764667862,0.9089338297370618
2022-09-13,0.0036516720241992155,0.0036516720241992155,-0.017926608089151586,1.6041440279174934,1.517078346424995,0.8927849093460328
2022-09-14,0.00041250340704598876,0.00041250340704598876,-0.016730012847558484,1.6048058792929907,1.5177042755017138,0.8779728547556934
2022-09-15,0.007782183337197295,0.007782183337197295,0.0019664016353395652,1.6173434946011451,1.5295614057648237,0.8797010005705902
2022-09-16,-0.0012445667461014297,-0.0012445667461014297,-0.0047342510260097725,1.6153318547404392,1.5276589486161074,0.8755461180946941
2022-09-20,0.00909470391843842,0.00909470391843842,-0.01441410430725476,1.6300898276627438,1.5416159255258555,0.8630164241173318
2022-09-21,2.0416978715518015e-05,2.0416978715518015e-05,0.010020792030337233,1.6301231095118158,1.5416474009867103,0.8717080077670128
2022-09-22,0.00970889027447491,0.00970889027447491,-0.020677510491124096,1.6460268749454638,1.5566879819732766,0.8538683319553776
2022-09-23,0.003999667708207742,0.003999667708207742,-0.019777862611345398,1.6526236190820813,1.5629266846785197,0.8371465470562205
2022-09-26,0.020288033876954645,0.020288033876954645,-0.014001906137899311,1.6864945283528303,1.5949592342090548,0.8255065807093941
2022-09-27,7.505816251358963e-05,7.505816251358963e-05,-0.023908545249199165,1.6866211182839623,1.595078953411354,0.80600398758093
2022-09-28,-0.0005276132465443194,-0.0005276132465443194,0.0009761931175802374,1.685731469355972,1.5942375906028494,0.8067911872933057
2022-09-29,0.01355781755029389,0.01355781755029389,-0.0311123204131043,1.7087419424841865,1.6159991593375018,0.7820765005647679
2022-09-30,0.002109060898822286,0.0004811388209002073,0.02225738783693032,1.7123495863342733,1.6167768663451147,0.7996786427523402
2022-10-03,0.0008133225951461659,0.0008133225951461659,0.00676860498105647,1.713742845451386,1.6180923623906356,0.8051097112406248
2022-10-04,-0.0002572050043550387,-0.0002572050043550387,0.03061151678381968,1.7133021188963258,1.6176762344549078,0.8301364394592191
2022-10-05,-0.0007574921016569081,-0.0007574921016569081,-0.014684552007150131,1.7120047974909018,1.616451321473795,0.8180353249161572
2022-10-06,-0.0010565016900552682,-0.0010565016900552682,0.003989163906378934,1.7101970166588751,1.6147444397412514,0.8213051194454788
2022-10-07,-0.0007688868564993328,-0.0007688868564993328,-0.015966704219898986,1.7088825740443236,1.6135033611505794,0.8082957185360288
2022-10-10,0.00026435165269023353,0.00026435165269023353,-0.01322578719351597,1.7093343796921796,1.6139299498129456,0.7976757548674823
2022-10-11,0.0013436697165216975,0.0013436697165216975,-0.013000774915116864,1.7116327042823645,1.6160999961974096,0.7873724723729559
2022-10-12,0.00019331936406406214,0.00019331936406406214,-0.017479053328290917,1.7119636280142196,1.6164124498216332,0.7737295271670775
2022-10-13,-0.0015826928286558392,-0.0015826928286558392,0.0189687750970009,1.7092562584895519,1.6138561888507057,0.788546312415576
2022-10-14,-0.00032308165096753993,-0.00032308165096753993,0.006095048047878748,1.7087041183536087,1.6133348657482864,0.7933672169756392
2022-10-17,-0.0015129970042546128,-0.0015129970042546128,0.027219970002416716,1.706120808903912,1.6108957405893747,0.8152592473450079
2022-10-18,0.0009919691897676377,0.0009919691897676377,0.0015128983916259386,1.7078140678718818,1.6124944923571172,0.8164935852275372
2022-10-19,-0.000732865908364946,-0.000732865908364946,-0.016200830443201752,1.7065629276787075,1.611313183039778,0.8033722860578044
2022-10-20,-0.0002278447909577643,-0.0002278447909577643,0.0081591133704908,1.7061741404984434,1.6109460955454955,0.8099539051946981
2022-10-21,-0.0011796941233410282,-0.0011796941233410282,-0.010539085639916124,1.7041625636474846,1.609046792422196,0.8014625557489858
2022-10-24,0.0019159763817642717,0.0019159763817642717,0.007584522492525281,1.707430828829762,1.6121326433383627,0.8075643769795972
2022-10-25,8.068880676177629e-05,8.068880676177629e-05,0.02809461140389935,1.707568604944389,1.6122627296458794,0.8305742982614458
2022-10-26,-0.00011071826126167852,-0.00011071826126167852,0.015265731239445302,1.7073795563832217,1.6120842326013793,0.8433508962049926
2022-10-27,0.0012299362031603304,0.0012299362031603304,-0.0013264140401254565,1.7094808162550588,1.6140682131962754,0.8422330052925138
2022-10-28,0.0012317648982347546,0.0012317648982347546,-0.00917826434281288,1.7115877921017721,1.6160575907358272,0.834538134927104
2022-10-31,0.015153350030809342,0.013507246134705445,-0.0014968655734506342,1.737721588227087,1.638034165759159,0.8332898779926871
2022-11-01,-0.0022038982415729276,-0.0022038982415729276,0.01695998582203373,1.7338960437782345,1.6344280803238942,0.847542987126787
2022-11-02,0.003960315413621103,0.003960315413621103,0.0012028655457037019,1.7407764342715628,1.6409137652449957,0.8485630807792621
2022-11-03,0.005888121007059974,0.005888121007059974,-0.005957018156037108,1.751056572209879,1.6506041651834915,0.8435232013309881
2022-11-04,0.006416260519314302,0.006416260519314302,0.01272951989237292,1.7623279286723545,1.6612289206708317,0.8543294801516136
2022-11-07,-0.0025380079389022902,-0.0025380079389022902,0.011815471625515883,1.7578607976034062,1.6570180543482655,0.86448365593996
2022-11-08,-0.004601127946996063,-0.004601127946996063,0.0074240846260096305,1.7497912339443649,1.6494114152492116,0.870925538712794
2022-11-09,-0.002388162950035596,-0.002388162950035596,-0.0026187136313158277,1.7456174331910326,1.6454770518383244,0.8686478177837813
2022-11-10,-0.00471122950855757,-0.00471122950855757,0.038304551513064666,1.7374127710280434,1.6377430643960673,0.9025664548302204
2022-11-11,0.006767440500705199,0.006767440500705199,0.012258638771237784,1.7492104837142826,1.6488639807665582,0.9136987851669844
2022-11-14,-0.001109249753989699,-0.001109249753989699,0.00031099876647644464,1.7472712481626673,1.6470359928365461,0.913982988553263
2022-11-15,0.0011566295274478646,0.0011566295274478646,-0.008516328354716052,1.7492933628741139,1.6489421054191797,0.9062322600319056
2022-11-16,0.011474146335931119,0.011474146335931119,-0.01781302654347172,1.769480605109433,1.6679712713787542,0.8902324463470586
2022-11-17,-0.0006101795032380734,-0.0006101795032380734,0.0005178746292138214,1.7684012336514772,1.666953819942543,0.8906935945432938
2022-11-18,0.009915805328994136,0.009915805328994136,0.008373810250585478,1.78602358152316,1.683565231166455,0.8981834090723831
2022-11-21,0.0068645515570255975,0.0068645515570255975,0.006734525020068105,1.798326009496523,1.6951619089534415,0.9042526615410579
2022-11-22,0.003541326694272484,0.003541326694272484,0.0004634898717199576,1.8047057591204148,1.7011756731396743,0.9046718706332375
2022-11-23,-0.006061098770721687,-0.006061098770721687,0.0040130469931281,1.7938003420532167,1.690895864297483,0.9083096557827558
2022-11-24,0.008707958672692813,0.008707958672692813,0.002038933333436077,1.8094888897749566,1.705684411181781,0.9101635279356267
2022-11-25,0.0065807731153976375,0.0065807731153976375,0.0002762338194930436,1.8214359930858903,1.7169461481238477,0.9104149806115792
2022-11-28,0.005452209733502143,0.005452209733502143,-0.013044017197158198,1.8313939659465863,1.726332864544954,0.8986166281906461
2022-11-29,0.015893276945630922,0.015893276945630922,-0.005520026332641592,1.8607333493344747,1.7539891431555572,0.8936699063184113
2022-11-30,0.035391426539234355,0.03280930093536962,-0.0011941975890845669,1.9277665607229768,1.8124907514821276,0.8926033248521112
2022-12-01,0.015449024598192408,0.015449024598192408,0.012760472626951014,1.9577799153217517,1.8407093795772387,0.9040663463889793
2022-12-02,0.0009946602656105957,0.0009946602656105957,-0.00237794271250813,1.9597282099973539,1.842541170911645,0.9019190824560989
2022-12-05,0.0040145779660627,0.0040145779660627,-0.00174198264058667,1.9676115051523835,1.8499530639545125,0.900349322715309
2022-12-06,-0.005634824148831044,-0.005634824148831044,-0.011944029385007937,1.9565555387941194,1.8395582178246284,0.8896594908647352
2022-12-07,-0.006715598740773407,-0.006715598740773407,-0.008913910384080737,1.9434601178937139,1.8272458716348237,0.8817643862953553
2022-12-08,0.005091118567670593,0.005091118567670593,-0.005646988380368256,1.9533797333286755,1.8365723178967528,0.8767991056872687
2022-12-09,-0.008746100128764669,-0.008746100128764669,0.0048754733565683495,1.936369772432313,1.8205795117988157,0.8810843541851031
2022-12-12,-0.003038342500244403,-0.003038342500244403,-0.005119851353780902,1.9304953466344847,1.8150563625515135,0.8765848614572173
2022-12-13,-0.001725560734759593,-0.001725560734759593,0.014082567703752602,1.927167032095991,1.8119270732267827,0.8890167581745765
2022-12-14,0.0012814943260450354,0.0012814943260450354,-0.0025390914505898365,1.929638268812684,1.814250535924491,0.886762326639573
2022-12-15,0.012547693794953978,0.012547693794953978,-0.007597882411568335,1.9540033218793227,1.8371586173501238,0.8800503414807392
2022-12-16,0.00016073111059543158,0.00016073111059543158,-0.016290757333813133,1.9543174162450476,1.8374539296273298,0.8658298011085739
2022-12-19,0.0024420574543983116,0.0024420574543983116,0.003249415413680623,1.9590958038334474,1.8419465811171054,0.8686478177837813
2022-12-20,-0.005719651365358486,-0.005719651365358486,-0.005603056916251958,1.9479224431687843,1.8314413605783275,0.8637943444617814
2022-12-21,-0.001683307575125274,-0.001683307575125274,0.01704993051208703,1.9446462487594731,1.828361074724263,0.8786482471819833
2022-12-22,0.0037656055750403252,0.0037656055750403252,-0.00540054215330521,1.951982824170665,1.8352589405505844,0.8739158605139956
2022-12-23,-0.0091495645155159,-0.0091495645155159,0.0036177757928630427,1.9342044874324724,1.8185437056402827,0.8770832180993519
2022-12-28,0.007978164621500524,0.007978164621500524,0.002937799268417862,1.949697610408201,1.8331103770813268,0.8796637011504956
2022-12-29,0.004916220096000189,0.004916220096000189,0.005860319818161486,1.9593063529752897,1.8421445399260694,0.8848339466207088
2022-12-30,0.0012017794727726024,-0.0004265033555102271,-0.007582699246835745,1.9616624225856478,1.8413590266223936,0.8781498905398479
2023-01-03,0.0011536127381036577,0.0011536127381036577,0.01481052443464037,1.9639267271583853,1.843484467583095,0.8912525399995339
2023-01-04,-0.0009935177422654839,-0.0009935177422654839,0.013331600915158504,1.9619765000634728,1.8416538425867477,0.9032139181785361
2023-01-05,0.000802205380134365,0.000802205380134365,0.0037216211609933936,1.9635510396351397,1.8431318199490512,0.9065816009420548
2023-01-06,-0.0007759083712613486,-0.0007759083712613486,0.002119623179025254,1.9620280948552948,1.8417022732109745,0.9085052503027613
2023-01-09,0.0001865797270638496,0.0001865797270638496,-0.0012979051423496202,1.9623942036749042,1.8420459295771017,0.9073268615503745
2023-01-10,0.0003114249095073735,0.0003114249095073735,-0.004548476071432717,1.9630054372839472,1.8426196778991513,0.9032092784945736
2023-01-11,0.0015899349579544704,0.0015899349579544704,0.00671758643670195,1.966128970700829,1.8455516535469036,0.9092970896991001
2023-01-12,-0.0025431401123206833,-0.0025431401123206833,0.016228896843324847,1.9611351818932279,1.8408641201609084,0.924174372787507
2023-01-13,4.360522127258718e-06,4.360522127258718e-06,0.005613999339198372,1.9611437334852277,1.840872147307139,0.9293772779938505
2023-01-16,0.0004726160409672319,0.0004726160409672319,0.006469345479491295,1.9620708205331638,1.8417423786397715,0.935409231042432
2023-01-17,0.0006477756489527887,0.0006477756489527887,-0.006709981315321301,1.9633422139766248,1.8429358009975385,0.9291536634216778
2023-01-18,0.0016406278635996766,0.0016406278635996766,-0.002866527334539626,1.9665659716889154,1.845961854458534,0.926494032820578
2023-01-19,0.0032186091508055277,0.0032186091508055277,-0.016055116497158295,1.9729057761242708,1.8519128560119384,0.9117378363861836
2023-01-20,0.0011881902215068242,0.0011881902215068242,0.0065433430525772,1.9752513566974097,1.8541145885380306,0.9177232106467452
2023-01-23,-3.779843330647473e-05,-3.779843330647473e-05,0.005017166242270221,1.9751766967017643,1.8540445072359033,0.9223391503446821
2023-01-24,0.0008851666043523997,0.0008851666043523997,0.002703260213412051,1.9769258311748843,1.8556863720714494,0.9248358461619074
2023-01-25,-0.0004050219825828484,-0.0004050219825828484,-0.002587075861262278,1.976125294883664,1.8549349304834344,0.9224463179468059
2023-01-26,0.0007979854296937455,0.0007979854296937455,0.0056143855227528405,1.9777028434228923,1.8564157322815409,0.9276398528110288
2023-01-27,0.0006418832997595928,0.0006418832997595928,0.0060024054247627134,1.9789727053579569,1.8576077170541365,0.933224667689458
2023-01-30,0.0008517762512355231,0.0008517762512355231,-0.004913434222322266,1.9806590654089877,1.859190657251364,0.9286505761213842
2023-01-31,0.003001580045551876,0.0013840716280434581,-0.004206980216004297,1.986613103427381,1.8617656918963126,0.9247519679537934
2023-02-01,-0.001341771365886694,-0.001341771365886694,0.0022640379966798463,1.9839493103503913,1.8592693031669247,0.9268480134146907
2023-02-02,-0.008430040685259972,-0.008430040685259972,0.03536002363990676,1.9672948345309091,1.843661467074565,0.9602077050048898
2023-02-03,0.0020905842829216257,0.0020905842829216257,-0.0010288836213199204,1.9714119322622607,1.847519828470244,0.9592202710885451
2023-02-06,-0.002477129681090989,-0.002477129681090989,-0.008979893848762188,1.9665345327208286,1.84294894593844,0.9506451344089145
2023-02-07,-0.004284978352999786,-0.004284978352999786,-0.010857696546782591,1.958126002867669,1.8350688446882821,0.9403791513344819
2023-02-08,0.010231080204702845,0.010231080204702845,0.005670197497641638,1.9782625808768635,1.8539399525174982,0.945726432588849
2023-02-09,-0.018141378387747382,-0.018141378387747382,-0.0013060268325126856,1.9426977438188258,1.820610164569204,0.9444920947063205
2023-02-10,0.00515130689638019,0.00515130689638019,-0.01226594961861771,1.9527309960981476,1.8300128836188043,0.9329777637232753
2023-02-13,0.0013792417810273945,0.0013792417810273945,0.004701855600897531,1.9554261424770696,1.832538655272207,0.9373748195071965
2023-02-14,-0.002469778286760187,-0.002469778286760187,-0.005296157547471481,1.9506026324011143,1.8280182755573868,0.9324234579509989
2023-02-15,0.002722415598700064,0.002722415598700064,0.007683407879847337,1.9559202184897917,1.833001681398476,0.939615241016115
2023-02-16,-0.01039903925322339,-0.01039903925322339,0.00044111457598994264,1.9356859183467365,1.8140389927194975,0.9400298104243315
2023-02-17,0.011449028821271162,0.011449028821271162,-0.00459890001999419,1.9579749928721943,1.8349273248179947,0.9357166328485259
2023-02-20,0.0067720876634590485,0.0067720876634590485,0.0004727861783333509,1.9712795702018668,1.8473957846176565,0.936159131334715
2023-02-21,0.009911345854138064,0.009911345854138064,-0.012390863508503713,1.9909147485813974,1.865797002951617,0.9246308812997803
2023-02-22,0.0018190886120987484,0.0018190886120987484,-0.00863119072628038,1.994539694977952,1.8691941419438172,0.9166845582584191
2023-02-23,0.0013573922782291487,0.0013573922782291487,0.0055838494733926325,1.9972489060736673,1.871733094426012,0.9218175043085365
2023-02-24,0.004923023648997974,0.004923023648997974,-0.00476106959577649,2.007105652261028,1.8809703997944796,0.9174390982346636
2023-02-27,0.009612346703149638,0.009612346703149638,0.009580020580468585,2.0264916709592673,1.89913811672566,0.9262704182484037
2023-02-28,0.00980232994225602,0.007367265007191084,0.0008646108148244736,2.046453688244718,1.913181236692328,0.9270716279868636
2023-03-01,-0.0009693943749641428,-0.0009693943749641428,-0.001644353655146702,2.0444708287923876,1.9113275082053418,0.9255484470340948
2023-03-02,0.00966413820382473,0.00966413820382473,-0.0009516262960058697,2.0643246579887435,1.9298883843752503,0.9246680897456795
2023-03-03,0.004172816773573649,0.004172816773573649,0.0037258072136712173,2.0729567039955015,1.9379582803857283,0.9281196507173127
2023-03-06,-0.0012972754849149867,-0.0012972754849149867,0.006916715377428773,2.0702692516420433,1.9354458446308052,0.9345614425159519
2023-03-07,-0.010997816929158105,-0.010997816929158105,-0.005372232901665441,2.0476255532759144,1.9142767856424456,0.929554222803809
2023-03-08,0.010967616033132278,0.010967616033132278,-0.005255138393414072,2.07020672859976,1.9353873933147332,0.9246820997717627
2023-03-09,-0.010593030774152832,-0.010593030774152832,-0.008046573198676299,2.048392707297405,1.914993979824752,0.917271432792631
2023-03-10,0.003347339898687433,0.003347339898687433,-0.01717824324777517,2.0552608625468123,1.9214148560113642,0.9016488890959058
2023-03-13,0.0006744398342667006,0.0006744398342667006,-0.02788887627212233,2.056647479884746,1.922711171822783,0.8768503241592526
2023-03-14,-0.009253949787084683,-0.009253949787084683,0.01605099530834231,2.037703157472489,1.9050005720720173,0.8910382047952855
2023-03-15,0.005024045862070267,0.005024045862070267,-0.02668895409702543,2.0479664315808597,1.9145954647216559,0.8675718659753585
2023-03-16,0.004617718422368872,0.004617718422368872,0.00709918688596467,2.0574452322733654,1.9234569716960954,0.8737528347559266
2023-03-17,-0.01740813027525561,-0.01740813027525561,-0.015461144052945741,2.0219389036900326,1.8902629434023352,0.8603475141483056
2023-03-20,0.005213687344525159,0.005213687344525159,0.0013146619651056568,2.032508189497778,1.9001439191648313,0.8614793241126731
2023-03-21,-0.002491228594723007,-0.002491228594723007,0.015238717491962817,2.027451048839277,1.8954161177614894,0.8747076999103357
2023-03-22,-0.0064790395217961,-0.0064790395217961,-0.0011348209462749281,2.014357575733274,1.883175338889515,0.873715626310028
2023-03-23,-0.02016951419565714,-0.02016951419565714,-0.001483191105752013,1.9741359508662755,1.8455730914275545,0.8724206996133955
2023-03-24,0.004888586392896947,0.004888586392896947,-0.012690933433296081,1.9838103127235696,1.8546174239177866,0.8614188262727652
2023-03-27,0.003955668734221597,0.003955668734221597,0.0019338493441392046,1.9916731502899094,1.8619682051182074,0.8630862922993608
2023-03-28,-0.006215570176981742,-0.006215570176981742,-0.007198174129587898,1.9793321589346724,1.850430903669049,0.8568959531766731
2023-03-29,0.0017511417582725041,0.0017511417582725041,0.012752252234555783,1.982801286712427,1.8536741093229139,0.8678932778075352
2023-03-30,0.00690702638704776,0.00690702638704776,0.014645694714186419,1.996543953365534,1.8665218039147193,0.8806977138548605
2023-03-31,-0.0004369569515428621,-0.0020679093324952437,0.0010889927336901195,1.9956717401797353,1.862665994163616,0.8816573096674271
2023-04-03,0.001107105044707023,0.001107105044707023,-0.00258679667779127,1.9978823819113787,1.8647293030214347,0.8793795887384123
2023-04-04,-0.00028816767203029847,-0.00028816767203029847,-0.0034169771964922546,1.9973067397411084,1.8641920257359066,0.8763798965950906
2023-04-05,-0.0024271260620114896,-0.0024271260620114896,-0.011417556341832835,1.9924649027505401,1.8596728831685005,0.8664306856688714
2023-04-06,-5.75949687489012e-05,-5.75949687489012e-05,0.010460414930889783,1.992350150101352,1.8595657784512873,0.875541478410731
2023-04-11,-0.0009975941580884907,-0.0009975941580884907,0.008428476224697334,1.9903635842887204,1.8577116115009533,0.882952145389864
2023-04-12,0.0003049473053578593,0.0003049473053578593,0.002455274361865989,1.9909706328546397,1.8582782020367503,0.8851226987167531
2023-04-13,-0.0012255167814371577,-0.0012255167814371577,0.00354060973240955,1.988532159432971,1.8560022458117027,0.888262127224136
2023-04-14,0.0008832534110197354,0.0008832534110197354,0.009010084478944691,1.9902893131374793,1.8576422903070018,0.8963016078415377
2023-04-17,0.0004316383485810573,0.0004316383485810573,0.0022944017956980645,1.9911485837635363,1.8584442930325584,0.8983604448565374
2023-04-18,-0.0018690246416577024,-0.0018690246416577024,0.00048727894656153126,1.9874305536225914,1.8549740588405415,0.8987983036587639
2023-04-19,-0.0003387575744021839,-0.0003387575744021839,-0.004956234895399092,1.986757410491558,1.8543457787511175,0.8943546690868228
2023-04-20,0.0004369509022610538,0.0004369509022610538,-0.0033910008639761458,1.9876257156241863,1.8551562138595283,0.8913270478655259
2023-04-21,0.0008592332821183221,0.0008592332821183221,0.006983310011014154,1.9893342837156123,1.8567509108322506,0.8975732451441601
2023-04-24,0.00021270715879207651,0.00021270715879207651,-0.0022391219524120487,1.989757474365234,1.8571458970497872,0.895565717575341
2023-04-25,0.0002994970625436565,0.0002994970625436565,-0.0005982992749835603,1.990353490132011,1.8577021900905761,0.895030061513111
2023-04-26,-0.00034550155475328255,-0.00034550155475328255,-0.00038520227992577816,1.9896659386885476,1.857060461961048,0.8946853602869255
2023-04-27,-0.0003656298150607782,-0.0003656298150607782,0.0020803003133700315,1.988938590477551,1.8563815894033713,0.8965485118077221
2023-04-28,0.009634985000877545,0.007992127858020401,0.009158864903993091,2.0081946006834577,1.871277474038077,0.9047975969712133
2023-05-02,0.0005256952770461383,0.0005256952770461383,-0.005725487911950822,2.0092505766368935,1.872261454382471,0.8996319911849632
2023-05-03,-0.0031102595791227556,-0.0031102595791227556,0.002657739824828198,2.0030109941746064,1.8664472817394873,0.9020261590840282
2023-05-04,-0.0015897374095618067,-0.0015897374095618067,-0.006252165184244873,1.9998292623945122,1.8634824779269012,0.8964041357596989
2023-05-05,-0.004522230339881075,-0.004522230339881075,0.010729485643999226,1.9908059918609937,1.8550744068735392,0.9060738739577987
2023-05-09,-0.0007783026798716698,-0.0007783026798716698,-0.00906292109349316,1.989257145036426,1.8536311592059265,0.8978992966603005
2023-05-10,-0.006389321475233582,-0.006389321475233582,-0.0001919164668695572,1.9765876594490126,1.8418254691700562,0.8977269915343052
2023-05-11,-0.008367369720557303,-0.008367369720557303,-0.000363262711246648,1.9601178204251082,1.8264785308026408,0.8974009400181655
2023-05-12,0.003623988660121545,0.003623988660121545,-0.0040515460951429105,1.9672341521431504,1.8331096766274642,0.8937724342365726
2023-05-15,-0.005485057147051267,-0.005485057147051267,0.003662189556647988,1.9564732993224556,1.8230824902791132,0.897051599108015
2023-05-16,9.856366165326481e-05,9.856366165326481e-05,0.0007214065428424732,1.956666145998445,1.8232621888205789,0.8976989714821362
2023-05-17,-0.007337037134604828,-0.007337037134604828,-0.002972301225931062,1.9423625509950846,1.809933801662062,0.8950347011970743
2023-05-18,-0.00030268783268934873,-0.00030268783268934873,0.00429980459684387,1.9417747104548044,1.8093860396269597,0.8988914612348033
2023-05-19,0.006203880400402368,0.006203880400402368,-0.00047690033307468127,1.95385869355849,1.8206461462774244,0.8984628818005027
2023-05-22,0.0031499954737571586,0.0031499954737571586,-0.0008193903309390294,1.9600230433393833,1.8263902155439942,0.8977269915343052
2023-05-23,-0.007247351866034382,-0.007247351866034382,-0.0033782409867839647,1.9458694167851744,1.8132015721038492,0.8946993703130094
2023-05-24,0.0026928919376242493,0.0026928919376242493,-0.014531204575421341,1.9511164945852186,1.8180909082709749,0.8817923153733288
2023-05-25,-0.004732444696892302,-0.004732444696892302,-0.004786540828812136,1.9419047578868336,1.8095072205274707,0.8775816657156831
2023-05-26,0.005034802364011209,0.005034802364011209,-0.0024818025482193917,1.951706518811478,1.8186407051100661,0.8754063817306346
2023-05-30,-0.01349444659460135,-0.01349444659460135,0.0007074601707248718,1.9255462257453178,1.7942640002268442,0.876025916000978
2023-05-31,-0.0015125960827701238,-0.003889657552035492,-0.0045030357352420225,1.922635853730615,1.7872984832279422,0.8720900084132925
2023-06-01,0.006487873161729124,0.006487873161729124,0.005587148054974733,1.9351502232100275,1.7989319464995792,0.8769761414714227
2023-06-02,0.011436715822086382,0.011436715822086382,0.016931659731783455,1.9574090275783793,1.8196239185174883,0.8919512218198323
2023-06-05,0.0014827620040021947,0.0014827620040021947,-0.0018660991127585902,1.9603135521379385,1.822323989011714,0.8902883045030036
2023-06-06,-0.005826968705322567,-0.005826968705322567,0.005405567575351711,1.9489240816870295,1.8117362413515525,0.89511384874703
2023-06-07,-0.001944241940970242,-0.001944241940970242,-0.003382817049400799,1.945138582902855,1.8082172097980276,0.8920909581838927
2023-06-08,0.011202526216072647,0.011202526216072647,-0.002336712419975129,1.9670515600557124,1.8285876979236475,0.8900088317748833
2023-06-09,0.008803766508938198,0.008803766508938198,-0.0008324965133432727,1.9844454763456287,1.8447572290088186,0.8892682108505287
2023-06-12,0.005300139161070605,0.005300139161070605,0.005177393528184027,1.9949912358370996,1.8545606558548433,0.8938842415226607
2023-06-13,-0.006832561551104106,-0.006832561551104106,-0.00011989698644576663,1.9814067965310171,1.8419324466595595,0.8937770739205353
2023-06-14,0.0016747117912818453,0.0016747117912818453,-0.0006777187205493362,1.984727861994034,1.8450197370859984,0.8931715496762762
2023-06-15,-0.0012428140734603785,-0.0012428140734603785,-0.0071228857543417234,1.982262746432614,1.8427281448974107,0.886832194821603
2023-06-16,0.005938010778625231,0.005938010778625231,-0.000446542316021592,1.9940684605266927,1.8537028361541181,0.8864362751234333
2023-06-19,-0.004775809205988916,-0.004775809205988916,-0.00932294843588366,1.9845678745662032,1.8448710114255762,0.8782104793539521
2023-06-20,0.0023868325325686964,0.0023868325325686964,-0.005750022491429974,1.989310363243955,1.8492796688445172,0.87317523958964
2023-06-21,0.002108874719325722,0.002108874719325722,-0.009362875988255581,1.9935099962714167,1.8531836830786905,0.8650379617122363
2023-06-22,0.00024204001204547107,0.00024204001204547107,-0.013198202395525271,1.9939925638529026,1.8536322819669153,0.8536960268293813
2023-06-23,-0.007052709766909641,-0.007052709766909641,-0.014603008751132407,1.9799789879515455,1.8406051437782167,0.8413200792421627
2023-06-26,0.007661574326782352,0.007661574326782352,-0.004861766243108079,1.9952070049352324,1.854761236625805,0.8372397046322597
2023-06-27,0.008244332767063427,0.008244332767063427,0.004446450518239331,2.0117241482817474,1.8701157121980791,0.8409707383320136
2023-06-28,-0.0037290486747141084,-0.0037290486747141084,0.01963449668956585,2.0042363009633095,1.863154946263688,0.85764594444315
2023-06-29,-0.012616617413511597,-0.012616617413511597,-0.007747476292287558,1.979108465806911,1.8397958990605012,0.8510270258861611
2023-06-30,0.0011620508339577297,-0.00045872838682149177,0.00796469287058521,1.9814096272244166,1.8389521260017678,0.8578322595952302
2023-07-03,0.0016938282779763339,0.0016938282779763339,0.004928973117355184,1.984768638872623,1.842069634631413,0.8620709293050443
2023-07-04,0.00011724358266705657,0.00011724358266705657,0.0014038272198373392,1.985001353900515,1.842285618135992,0.863281977793562
2023-07-05,0.0009001667825098811,0.0009001667825098811,-0.007609623936971843,1.9867889906474325,1.843944729079582,0.8567376580767613
2023-07-06,0.0017569249179104282,0.0017569249179104282,-0.02626443437246273,1.9902826979237225,1.847187249119399,0.8345288555591781
2023-07-07,0.000151037685908386,0.000151037685908386,0.004871879459871664,1.9905833283194085,1.8474662650773774,0.8386044995109222
2023-07-10,0.0009786135870314123,0.0009786135870314123,0.0013321493977151988,1.9925322936970786,1.849275105599562,0.8397223904234004
2023-07-11,0.0011859161776898999,0.0011859161776898999,0.006198830988772386,1.9948966716786882,1.8514694917861496,0.8449438543655967
2023-07-12,0.0004322907969249129,0.0004322907969249129,0.02393388654980022,1.9957592335760235,1.852270038030156,0.865410592016395
2023-07-13,0.0007694276202387731,0.0007694276202387731,0.0028055668231683484,1.997295416768785,1.853695774187608,0.8678419683613571
2023-07-14,0.00043690376475335026,0.00043690376475335026,-0.003489307544459308,1.9981682333102284,1.8545058377970924,0.8648190777982204
2023-07-17,0.0008405277689988845,0.0008405277689988845,-0.00878529395854244,1.999848455235129,1.8560652567271796,0.8572546644289429
2023-07-18,-0.00038461753904801577,-0.00038461753904801577,0.01154976728023449,1.9990794263442873,1.8553515187426968,0.8672131547230882
2023-07-19,0.0003325533278734262,0.0003325533278734262,0.03713066503151374,1.999744337413268,1.855968624669257,0.9000186315152073
2023-07-20,-0.00035640898511665286,-0.00035640898511665286,-0.0005591306018910558,1.9990317375595164,1.8553072586407287,0.8995155442149141
2023-07-21,-0.0005259175964066052,-0.0005259175964066052,-0.0057747690356730885,1.9979806879999131,1.8543317764407796,0.8943360193767756
2023-07-24,0.0008467084922672885,0.0008467084922672885,-0.002894735432066753,1.9996731116094397,1.8559025197903989,0.891750896641669
2023-07-25,0.0005390043246032817,0.0005390043246032817,0.00025592914992600413,2.0007512345947642,1.8569031289167062,0.8919791508978052
2023-07-26,-0.0006168126738870033,-0.0006168126738870033,0.001909392646236796,1.9995175263985112,1.855758120696703,0.8936839163444964
2023-07-27,9.002428791480771e-05,9.002428791480771e-05,0.004519020466981161,1.9996975396426588,1.855925191520164,0.897731631218268
2023-07-28,0.0008644310801599591,0.0008644310801599591,-0.0077766278364315156,2.001426887690259,1.857530204549795,0.8907773817772127
2023-07-31,0.01387629283700685,0.012300318811032824,0.001029644867601931,2.029392856522867,1.8805195163470136,0.891695038485723
2023-08-01,-0.0033551568517930196,-0.0033551568517930196,-0.004088076068610391,2.022595334927587,1.8742206511560635,0.8880571623620102
2023-08-02,0.009317363879463336,0.009317363879463336,-0.013348042649759861,2.041528659007178,1.8917650538214001,0.8762820993350879
2023-08-03,-0.001897790031233333,-0.001897790031233333,0.0011049513346197415,2.037657940337024,1.8881782855039115,0.8772508835413854
2023-08-04,0.005265755562125594,0.005265755562125594,0.005343138759602795,2.0484160488965015,1.8981471946976398,0.8819507014474348
2023-08-07,-0.009014776220038118,-0.009014776220038118,-0.003857546018300795,2.03003302054663,1.8811127188590262,0.8785550896059429
2023-08-08,0.0021671329912312308,0.0021671329912312308,-0.0010714857678433276,2.034437142514102,1.8851937607753722,0.8776142344776184
2023-08-09,0.0032734280811873135,0.0032734280811873135,0.005066316491889822,2.0411076379229316,1.8913749182381518,0.8820717881014479
2023-08-10,-0.0020510391942200517,-0.0020510391942200517,0.002984450951055706,2.0369255364510384,1.8874996097132593,0.8847082202827321
2023-08-11,0.011260616385586612,0.011260616385586612,-0.010271780550967335,2.059992202220178,1.9088741380686234,0.8756672047487071
2023-08-14,-0.004271479444259035,-0.004271479444259035,-0.002039282225279493,2.0512117539754837,1.9007378108743345,0.8738832917520613
2023-08-15,-4.3485615900092436e-05,-4.3485615900092436e-05,-0.005430069363754342,2.0511225577084122,1.9006551579170843,0.8691509050840736
2023-08-16,0.005306337965788201,0.005306337965788201,-0.004242687560779501,2.0620354353108854,1.9107674825194876,0.8654711808304987
2023-08-17,0.006969756895767485,0.006969756895767485,-0.01216690850810842,2.07645752184161,1.9241315855320216,0.8550048725779031
2023-08-18,-0.0015280422139392583,-0.0015280422139392583,-0.01423786931010973,2.073287030032348,1.921193676440358,0.8429176770867293
2023-08-21,0.006479209258988733,0.006479209258988733,-0.01097920837286459,2.0867639031476775,1.9336819055337298,0.8337137267688287
2023-08-22,0.003554368025747616,0.003554368025747616,0.006976045445359347,2.094194227272954,1.9405671517715173,0.8395500852974047
2023-08-23,0.005953871997900098,0.005953871997900098,0.011155688224917526,2.106699983534288,1.9521555037461131,0.8489682798453583
2023-08-24,0.014781911040857642,0.014781911040857642,-0.0017517537430062902,2.1380723356910702,1.981226425285486,0.8474823983126836
2023-08-25,0.00037156061815175976,0.00037156061815175976,-0.0035016448479616713,2.1388669067762933,1.9819627077790825,0.8445200055894538
2023-08-29,0.0016425474754638986,0.0016425474754638986,0.018448791151541855,2.1423829840858057,1.9852208507159075,0.8602449862301447
2023-08-30,-0.0034529533427316377,-0.0034529533427316377,0.005179183271469157,2.134998192607041,1.9783777969151934,0.8647119101960957
2023-08-31,0.0005406224765806432,-0.0017223085579021165,0.002216788528849989,2.1361527326744585,1.9749733524982436,0.8666309198728389
2023-09-01,-0.0072995501752726516,-0.0072995501752726516,-0.0037045822064722955,2.120616551173484,1.9606094243040335,0.8634263538415843
2023-09-04,0.008414624053815361,0.008414624053815361,-0.000690795270447353,2.1385360293162092,1.9771768219817496,0.8628301089652518
2023-09-05,0.0021061383524682976,0.0021061383524682976,-0.0017667856576828456,2.1430448284764205,1.9813454181953896,0.8613070189866776
2023-09-06,0.0054973226447304156,0.0054973226447304156,-0.0021438112175040658,2.1548582787638266,1.9922675068465505,0.8594625171759281
2023-09-07,0.0011555117738386669,0.0011555117738386669,-0.0036866662162289288,2.157349682021579,1.9945709259650084,0.8562997992745344
2023-09-08,-0.0017288127570218611,-0.0017288127570218611,0.004304216689599016,2.153623250449291,1.991125665266836,0.8599934425799981
2023-09-11,0.006187691364304885,0.006187691364304885,0.003201312027384162,2.1669905200574773,2.0034843327291454,0.8627509614152953
2023-09-12,-0.004617648891714572,-0.004617648891714572,0.0010738191275283526,2.1570071861887463,1.9942542725100187,0.8636778974917311
2023-09-13,-0.011361555903703899,-0.011361555903703899,0.0010348923861869253,2.132638921290924,1.9717246691330343,0.8645721738320367
2023-09-14,0.0004812717258239514,0.0004812717258239514,0.018056464529214722,2.1336655471283112,1.9726738328519073,0.8803250835507005
2023-09-15,0.02105239424103276,0.02105239424103276,-0.005831796599528261,2.1790604747755458,2.014643571752378,0.8752061475266655
2023-09-18,0.009923269400785039,0.009923269400785039,-0.018287739254425617,2.2007915221024694,2.0347349438420594,0.8593460702058769
2023-09-19,0.005766318146410043,0.005766318146410043,-0.0012258143687020606,2.2135186452482394,2.0465017658873115,0.8582933168172703
2023-09-20,0.00014982444556228678,0.00014982444556228678,0.015385769220831236,2.2138503092970763,2.046808404850161,0.8716009311390831
2023-09-21,-0.007487182302184545,-0.007487182302184545,-0.003951748402522881,2.1973367057647653,2.0315408041626375,0.8681633801935345
2023-09-22,-0.001959247999173968,-0.001959247999173968,-0.0017075308906715492,2.1930357928737814,2.027564408551414,0.8666822293190181
2023-09-25,-0.0005769973806225728,-0.0005769973806225728,-0.01034526403673297,2.191770781954771,2.0263948466481616,0.8577623914132005
2023-09-26,0.006756832388423243,0.006756832388423243,-0.004277409792267761,2.2066303550504953,2.0401332186496863,0.8541012258954759
2023-09-27,0.0014396600627960363,0.0014396600627960363,-0.006373647621350287,2.209809440498106,2.043072432193881,0.8486747970911548
2023-09-28,5.3015412908719375e-05,5.3015412908719375e-05,-0.006690756519875052,2.209926597563581,2.0431807493936915,0.8430154743467314
2023-09-29,0.0012678558753600796,-0.00032664961914541575,0.009934694778031883,2.212730242917972,2.0425134541718553,0.851432315926451
2023-10-02,0.00012829545089652178,0.00012829545089652178,-0.016664869727069487,2.2130141443534415,2.042775516166742,0.837360882260468
2023-10-03,-0.0006475998004962752,-0.0006475998004962752,-0.01680023510122375,2.211581460787929,2.0414530434127784,0.8234105352484979
2023-10-04,-0.00042434531038499794,-0.00042434531038499794,-0.010514552621669893,2.2106431856569144,2.0405869461625845,0.8147980991487721
2023-10-05,-0.0008969692506088102,-0.0008969692506088102,0.006103795394171385,2.2086611957202114,2.038757423054331,0.8197866691508674
2023-10-06,-0.0011472850742313512,-0.0011472850742313512,0.007488977318907075,2.2061286847301447,2.036419728350422,0.8259490791955832
2023-10-09,0.0008516931660699763,0.0008516931660699763,-0.009075484623672025,2.208008429823798,2.03815487191638,0.8184871027702731
2023-10-10,3.6149394332387025e-05,3.6149394332387025e-05,0.02226326328749373,2.2080882494339233,2.03822855131228,0.8369136531161202
2023-10-11,0.00026450181715206974,0.00026450181715206974,-0.005105482536301054,2.2086723700354054,2.038767737772629,0.8326516940122959
2023-10-12,0.0007958079892890083,0.0007958079892890083,-0.00226815258413815,2.210430748726307,2.0403908511843025,0.8307652530974882
2023-10-13,-0.0009755719028452324,-0.0009755719028452324,-0.02162176029951013,2.208275366130961,2.038401273844737,0.8129954454678829
2023-10-16,-0.0001933359782346243,-0.0001933359782346243,0.003728598036301989,2.2078484683215214,2.0380072156344653,0.8160324370313006
2023-10-17,-0.0004001038082471917,-0.0004001038082471917,0.009662382572811268,2.2069652764373133,2.0371919642897143,0.8239554706786528
2023-10-18,-0.000136819749528685,-0.000136819749528685,-0.016299907798060786,2.2066633406568323,2.0369132552623026,0.8106339373049505
2023-10-19,-0.0006774318309601313,-0.0006774318309601313,-0.011000636276376596,2.205168982889566,2.0355338526646496,0.8017653178711154
2023-10-20,0.00027403305291482755,0.00027403305291482755,-0.010535719155020828,2.20577335488331,2.036091732655894,0.7933624863174804
2023-10-23,4.571904423893122e-05,4.571904423893122e-05,0.0015429437118434919,2.205874203038226,2.0361848229518773,0.7945875448320835
2023-10-24,0.0005222106610132374,0.0005222106610132374,-0.0038117216904662854,2.2070264348916004,2.037248418060398,0.7915645632947506
2023-10-25,5.0912072485819176e-05,5.0912072485819176e-05,-0.00728785884304628,2.20713880204183,2.0373521412398885,0.7858167226582512
2023-10-26,0.0012260756933341298,0.0012260756933341298,-0.005205938721186243,2.2098465809105465,2.0398516211416875,0.781736439022543
2023-10-27,-0.0003086452472817272,-0.0003086452472817272,0.004939168494217938,2.209164627512378,2.039222127783726,0.7856071181121613
2023-10-30,2.971949908940204e-05,2.971949908940204e-05,0.008936506734428917,2.209230283754144,2.0392827333444745,0.7926591648132181
2023-10-31,0.0063427379832832875,0.004751529192074496,0.0038415681820467285,2.223287385719232,2.048995501760405,0.7957100754285246
2023-11-01,0.0016641370510607667,0.0016641370510607667,0.005999655059481412,2.2269903208741972,2.0524081498618463,0.8004984112266514
2023-11-02,-0.001476833121927164,-0.001476833121927164,0.033270430205257995,2.2237038551841364,2.0493793226131163,0.827579336776282
2023-11-03,0.004452841370389649,0.004452841370389649,0.012111662975756943,2.233627734037771,2.0585252311725415,0.837663644382597
2023-11-06,0.006827112382153364,0.006827112382153364,-0.013226735163470948,2.248929134355268,2.0726270970053497,0.8266570403838082
2023-11-07,0.012858414708498276,0.012858414708498276,0.0007997487873137032,2.2780335149064017,2.099449875389217,0.8273184227840141
2023-11-08,-0.001681123320954349,-0.001681123320954349,0.004751837884272803,2.274207076896846,2.0959234062877843,0.8312590610298557
2023-11-09,0.018344359371182076,0.018344359371182076,0.0106788739290824,2.316310952400832,2.1347266001836736,0.8401835386196372
2023-11-10,0.0010998842868958207,0.0010998842868958207,-0.010297980797387751,2.3188600280080682,2.137075844139458,0.8315757422038743
2023-11-13,-0.0026285762096219354,-0.0026285762096219354,0.0033885988876427575,2.3127727316711386,2.131465753922437,0.8343983985630437
2023-11-14,0.00912430953565099,0.00912430953565099,0.0341544213266598,2.3339717520992957,2.1510029031807947,0.8633890544214906
2023-11-15,0.0005143582613266182,0.0005143582613266182,0.0075458881294530045,2.3351725585475753,2.152109573882393,0.8699287344543291
2023-11-16,0.006015238370887377,0.006015238370887377,-0.017554734049499032,2.3492615098428185,2.165094039144915,0.8547906283478498
2023-11-17,0.0042464260750633715,0.0042464260750633715,0.011722989356691471,2.359258686288194,2.1743074992214013,0.8648702962702024
2023-11-20,-0.0018040534898386036,-0.0018040534898386036,0.0016788670636955771,2.355006294346348,2.170388468323043,0.8663235180667473
2023-11-21,0.0030993666362782793,0.0030993666362782793,-0.013614416983518396,2.3623166451599964,2.1771257331632383,0.8546089528797327
2023-11-22,-0.0027909263507654362,-0.0027909263507654362,0.007201091925011838,2.3557327851939234,2.1710580068128995,0.8607852819763375
2023-11-23,0.0012614066018434098,0.0012614066018434098,3.255120262224409e-05,2.358706197027743,2.173798321677956,0.8608133020285061
2023-11-24,-0.002764951579206034,-0.002764951579206034,-0.00122912022247057,2.3521934964034354,2.167796176220183,0.8597559089559357
2023-11-27,0.0022480154009267457,0.0022480154009267457,-0.0010570052188096923,2.3574872115565584,2.172674897075625,0.8588476225895475
2023-11-28,0.003632567826999629,0.003632567826999629,-0.002802378980458542,2.3660665167738255,2.180581638197499,0.856444175322558
2023-11-29,-0.014587752829232643,-0.014587752829232643,0.004373931000580811,2.331801456006999,2.1490027447850926,0.860198407442126
2023-11-30,0.0008503044493111221,-0.0016737340122273403,-0.012757262686411863,2.3337850403657407,2.145408894212725,0.8492943313614976
2023-12-01,0.0009627425705392477,0.0009627425705392477,0.009562775029817061,2.3360329564832316,2.147475365266611,0.8574548986329114
2023-12-04,0.006837778420299113,0.006837778420299113,-0.0025781051810334077,2.352060967767645,2.16220964343335,0.855247136860123
2023-12-05,-0.005029388490565189,-0.005029388490565189,0.00684959670225993,2.340261236994908,2.1513623516257128,0.8611253435185605
2023-12-06,0.013944199131269784,0.013944199131269784,0.009646317890208422,2.373122887936567,2.181571508420076,0.8694722259420552
2023-12-07,-0.006409317042246805,-0.006409317042246805,-0.0025747358767009842,2.357961430164272,2.167633838158545,0.8672364441170981
2023-12-08,-0.013929004192748957,-0.013929004192748957,0.004464059962829836,2.3253450596409797,2.1376501634810166,0.871116493548837
2023-12-11,-0.007250970941587866,-0.007250970941587866,0.0025846363418349227,2.3085450320475744,2.1222061838520005,0.8733709250838414
2023-12-12,-0.006666375499928409,-0.006666375499928409,-0.004720398006599069,2.293206586727548,2.1081058119480724,0.8692579817120023
2023-12-13,0.00250305417861947,0.00250305417861947,0.0018042331429111158,2.298953796845388,2.1133891244599186,0.8708277414527915
2023-12-14,-0.009659517996356955,-0.009659517996356955,0.029575689506348368,2.2768539201879654,2.093073083727046,0.896967720899901
2023-12-15,-0.0007550258911065292,-0.0007550258911065292,-0.0024957117929744754,2.275135485340992,2.091493355799643,0.8947319390749454
2023-12-18,-0.008005413105408577,-0.008005413105408577,0.0006036810086573752,2.256994794652772,2.07481692738978,0.8952722348211363
2023-12-19,-0.005210359260815596,-0.005210359260815596,0.004951167797862865,2.2452656240542943,2.06403450035024,0.8997158693930781
2023-12-20,-0.005990999822336147,-0.005990999822336147,0.01607937113416824,2.2318544513789265,2.0517058374091808,0.9142996697272804
2023-12-21,0.008868341833349263,0.008868341833349263,-0.002964260422631426,2.2517353244670613,2.0699819859019803,0.9115934603381619
2023-12-22,-0.010215524319386717,-0.010215524319386717,0.0030610707030636064,2.228849760538517,2.048943676223862,0.9143881876193576
2023-12-27,-0.011593525869807223,-0.011593525869807223,0.004564006492586259,2.203158745662387,2.025326363205195,0.9185709991732257
2023-12-28,0.009751841904565399,0.009751841904565399,-8.121513696046634e-05,2.224748701260321,2.0451736421808997,0.9184964003330385
2023-12-29,-0.0009640933202487806,-0.0025712237550313895,-0.0015021830566421812,2.222604869491201,2.0399217978558153,0.9171176864024864
2024-01-02,-0.0010302724923062995,-0.0010302724923062995,-0.00907110692642199,2.2203161600325454,2.037821204818449,0.9088360324770592
2024-01-03,-0.00027263615939639,-0.00027263615939639,-0.00954739371759139,2.2197109040731076,2.0372656968008576,0.9002003069833242
2024-01-04,-0.0009086434079475323,-0.0009086434079475323,0.002361809372096957,2.2176948944482073,2.0354153895172864,0.9023289212061563
2024-01-05,0.0004171335802041975,0.0004171335802041975,-0.008382047066957554,2.2186201624260846,2.036264606732113,0.8947971675730123
2024-01-08,-0.00043449230231071615,-0.00043449230231071615,0.009501648258892104,2.2176563984329394,2.0353800576138275,0.9033397354907061
2024-01-09,-0.00012714081638592293,-0.00012714081638592293,-0.005159300896536934,2.2173744617111915,2.0351212941816925,0.8986911360566385
2024-01-10,-0.0005797543838150595,-0.0005797543838150595,-0.0007207111179479142,2.216089301721021,2.0339417656412544,0.8980436727083237
2024-01-11,0.0006614721883976204,0.0006614721883976204,-0.00897157308336638,2.2175556680879325,2.0352876066211634,0.8900228418009689
2024-01-12,-0.0014764897195238776,-0.0014764897195238776,0.004683368325942183,2.214283885912282,2.032284742788028,0.8942009226966783
2024-01-15,-0.001133054626906002,-0.001133054626906002,0.0001667346477898235,2.2117764021363744,2.0299833572010275,0.8943500294028591
2024-01-16,0.00016339593671612165,0.00016339593671612165,-0.00039068501619610174,2.212137826940276,2.030315075333155,0.8940006884927099
2024-01-17,0.0025488039199446093,0.0025488039199446093,-0.017284731816868515,2.2177833240813767,2.0354965508333414,0.8786809069181132
2024-01-18,4.144449260181705e-05,4.144449260181705e-05,0.004421816373790577,2.2178752408906535,2.0355809127032387,0.882574875401741
2024-01-19,-0.0011770288480186931,-0.0011770288480186931,-0.004050815894915516,2.215266273466984,2.033186384737205,0.8790069584342526
2024-01-22,0.0008097498737739246,0.0008097498737739246,0.010762441815257873,2.2170608115177237,2.0348334239104897,0.8885183105582465
2024-01-23,7.156283929766425e-05,7.156283929766425e-05,-0.004360601931413299,2.217219476361477,2.034979047578362,0.8846522711525908
2024-01-24,-0.0003648593417796605,-0.0003648593417796605,0.009385783554616722,2.2164106506855252,2.034236701896641,0.8929945138921231
2024-01-25,-0.000572935034707045,-0.000572935034707045,0.0026774679331875717,2.2151411550764317,2.033071550231215,0.8953886817911874
2024-01-26,-0.0014221482095386306,-0.0014221482095386306,0.0059594115231185185,2.211993135054957,2.0301822761411406,0.9007406027295172
2024-01-29,-8.144617100994123e-05,-8.144617100994123e-05,-0.0013868740407314561,2.211812984020212,2.0300169323016997,0.8994922548209043
2024-01-30,0.0011590616372433265,0.0011590616372433265,0.001981381328031162,2.2143780978741088,2.032371211164475,0.901276258791746
2024-01-31,0.0020228351180735407,0.0004383133789431057,0.0004391913782413326,2.218861953176223,2.0332622219140086,0.9016721784899159
2024-02-01,-0.0003682289613029803,-0.0003682289613029803,-0.011785301380154323,2.218045054356063,2.032513653708681,0.8911080729773159
2024-02-02,0.0031783657058960437,0.0031783657058960437,0.002161686726289247,2.225106027924914,2.0389840025228234,0.8930364529961796
2024-02-05,0.0065756303707777825,0.0065756303707777825,-0.008064728933758758,2.2397857139003685,2.0524357861638594,0.8858633196411099
2024-02-06,0.0026880149423569684,0.0026880149423569684,0.007996982663177832,2.2458143903231855,2.057960185733247,0.892975955156271
2024-02-07,-0.001783727991898103,-0.001783727991898103,-0.003490500405440855,2.2418120389448375,2.0542926164891253,0.889864455726862
2024-02-08,0.000832072668699882,0.000832072668699882,-9.426397580369894e-05,2.24367816573969,2.0560026485656335,0.8897805775187476
2024-02-09,-0.002456815955103521,-0.002456815955103521,-0.002117041927858665,2.2381726272406564,2.0509576283356217,0.8878988672620987
2024-02-12,-0.004462656854162158,-0.004462656854162158,0.007400800254217188,2.228206684655457,2.04182530059651,0.8944944054508814
2024-02-13,0.005182495998824207,0.005182495998824207,-0.01469297334067221,2.239784331524578,2.052434519418775,0.8814477051213363
2024-02-14,-0.00424530389963866,-0.00424530389963866,0.0042238114088331,2.2302959212107454,2.043739780113557,0.8851786478468948
2024-02-15,0.008462024564672675,0.008462024564672675,0.005023130157185918,2.249248816922331,2.061107335040117,0.8896362014707244
2024-02-16,-0.0008339691341984067,-0.0008339691341984067,0.004820963400167244,2.247373794797848,2.059389151695945,0.8939354599946422
2024-02-19,-0.0051402590787519116,-0.0051402590787519116,0.0013017851649621548,2.235851350790242,2.0488305182166298,0.8950999296951405
2024-02-20,0.004867187573154635,0.004867187573154635,-0.005599314395725585,2.2467601848355736,2.0588268679750055,0.890101989350924
2024-02-21,0.0039917174795087215,0.0039917174795087215,0.0004917988579506982,2.2557465403015056,2.0670615474941236,0.8905398481531507
2024-02-22,-0.004513259395912482,-0.004513259395912482,0.007529508639800397,2.2455887107360524,2.0577533834226664,0.8972704830220305
2024-02-23,-0.012000852360821806,-0.012000852360821806,-0.004364919826288727,2.2188007925807125,2.0332061771798404,0.893362504512319
2024-02-26,-4.640813083324892e-05,-4.640813083324892e-05,-0.0027514522076703685,2.218697824572532,2.033111822070998,0.8909078387733469
2024-02-27,0.003689367232332846,0.003689367232332846,0.0019220821731469329,2.226898534037402,2.0406265720192516,0.8926218835879638
2024-02-28,-0.006303422245595231,-0.006303422245595231,-0.007863331738739987,2.2129056002960734,2.0278040962860215,0.8856304257010108
2024-02-29,0.007151385590126682,0.004911385590126681,0.0021698148051001453,2.2287876632092054,2.037787921242231,0.887554166035911
2024-03-01,-0.0035941192931077475,-0.0035941192931077475,0.015595497144573756,2.220791512635798,2.030477014364964,0.9015045130478819
2024-03-04,0.011888112334920585,0.011888112334920585,-0.005455517889272343,2.2473500844664605,2.0547596043017915,0.8965997302797056
2024-03-05,0.009148189779419587,0.009148189779419587,0.0011370891148665407,2.26800359662461,2.073643178678054,0.8976198239321804
2024-03-06,0.003248552450855351,0.003248552450855351,0.010437745962804001,2.275383305462695,2.0803904708408614,0.9070380184801335
2024-03-07,0.0013242266287324482,0.0013242266287324482,0.005673785151328659,2.2783984245362414,2.0831472041675045,0.9121989845824209
2024-03-08,0.0055959428786411915,0.0055959428786411915,0.0009085322805475471,2.2911839521514046,2.0948370542913937,0.9130281233988535
2024-03-11,0.0044714737515471874,0.0044714737515471874,-0.00366459340846248,2.301451860286163,2.1042250366096855,0.9096883697133062
2024-03-12,0.012689720703690732,0.012689720703690732,0.0017955928133392973,2.3308427281609942,2.1310972041736065,0.911323266977968
2024-03-13,0.010819800973054664,0.010819800973054664,-6.63868138257584e-05,2.3561989096314933,2.1542804446331347,0.9112627691380597
2024-03-14,0.001239534321036722,0.001239534321036722,-0.0039897921983644835,2.3591213098807,2.1569524048324715,0.9076342633564674
2024-03-15,0.005622364558883874,0.005622364558883874,0.0013795463267847197,2.3724225069744045,2.1691137332636354,0.9088872509490418
2024-03-18,0.008480179107764085,0.008480179107764085,-0.0013538872081753084,2.3926266209265563,2.1875864213759764,0.9076575527504762
2024-03-19,0.001473941567710778,0.001473941567710778,-0.0027595178612358495,2.3961558130316916,2.190813173373173,0.9051563082234846
2024-03-20,0.0040044272097678624,0.0040044272097678624,0.0026517651864974567,2.405770281941012,2.1996037140496063,0.9075597554904736
2024-03-21,0.015878295087149198,0.015878295087149198,0.01309876209397487,2.4442746956358175,2.2348084266550274,0.9195258643276348
2024-03-22,0.00529547158651491,0.00529547158651491,-0.0008615097897113344,2.4572526146095424,2.246674180833439,0.9187340249312949
2024-03-25,-0.0031667290921069246,-0.0031667290921069246,-0.0056333131015957605,2.449483469150203,2.2395708254816693,0.9135730588290089
2024-03-26,0.005840679867003601,0.005840679867003601,0.008331859750851933,2.463831979671436,2.2526897160384682,0.9212166197482403
2024-03-27,-0.006292733792538783,-0.006292733792538783,0.0016721919389137696,2.448376420774075,2.238558647495249,0.9227583594368619
2024-03-28,0.00179281468064676,0.00017109054271572505,0.0037283961685865563,2.4527698430842233,2.2389416764745333,0.9262051897503378
2024-04-02,-0.0003427457472729821,-0.0003427457472729821,-0.008626562000243254,2.4519293107041444,2.238174420230948,0.9182495873410493
2024-04-03,-0.0009614312890269146,-0.0009614312890269146,0.0020117429347656923,2.4495730820038477,2.236023603410008,0.920098728835763
2024-04-04,-0.00014818101277828022,-0.00014818101277828022,0.006036317647007294,2.4492101286757424,2.2356922917155164,0.9256695336881074
2024-04-05,0.000795291379542355,0.000795291379542355,-0.0074395382194598625,2.4511587391316088,2.2374710257345907,0.9188085327972878
2024-04-08,-0.0007344471413602038,-0.0007344471413602038,0.006503185776960407,2.4493591535337758,2.23582832484819,0.9248031864257767
2024-04-09,0.0002315725342825708,0.0002315725342825708,-0.004603936586397239,2.449926423519867,2.236346141233308,0.9205552373480359
2024-04-10,-0.00024561488332500245,-0.00024561488332500245,0.0019411200522263528,2.4493247590191016,2.235796928786891,0.9223438810028404
2024-04-11,0.0002421615649558001,0.0002421615649558001,-0.0007527597969883004,2.4499179631585535,2.236338418431433,0.9216498388665052
2024-04-12,-0.0003957637130346344,-0.0003957637130346344,-0.003325962680579053,2.448948566367513,2.2354535319498825,0.9185895579090773
2024-04-15,0.0009851786953899825,0.0009851786953899825,-0.0011313431840296317,2.45136240715823,2.2376569383403955,0.9175509055207502
2024-04-16,-0.00011793608318772696,-0.00011793608318772696,-0.01815467510481028,2.4510733201246873,2.2373930534066533,0.9010433648516454
2024-04-17,-0.000534413180659426,-0.000534413180659426,-0.00022750090156797853,2.4497637841834505,2.236197680508563,0.9008383999895193
2024-04-18,0.0005911156516548528,0.0005911156516548528,0.005702378523489315,2.451212305978913,2.237519922718237,0.9059899957496853
2024-04-19,-8.192069637680125e-05,-8.192069637680125e-05,-0.0030584668040862795,2.4510115091846583,2.237336631035805,0.9032232885206575
2024-04-22,-0.00044685115126898265,-0.00044685115126898265,0.010674421289138536,2.4499165165375887,2.236337097924343,0.9129163161127674
2024-04-23,0.0008366853851395634,0.0008366853851395634,0.010167773159416527,2.451967183643757,2.238208991474209,0.9222459927686426
2024-04-24,-0.00022300962014308416,-0.00022300962014308416,-0.0040638040555887045,2.4514204323411954,2.2377099049898317,0.9185057706751596
2024-04-25,-0.0004055068150225907,-0.0004055068150225907,-0.005971340710306805,2.4504265661727667,2.2368026823282325,0.9130374027667792
2024-04-26,-0.0014850341749031055,-0.0014850341749031055,0.011271772361277854,2.4467902996372097,2.233483419122113,0.9233871730751313
2024-04-29,-0.0003374450104663946,-0.0003374450104663946,0.013059974771115535,2.445964781750219,2.2327298684344816,0.9355256780124833
2024-04-30,-0.005295587571517129,-0.006890415157724025,-0.00596255403844026,2.4330461969899715,2.21739831375332,0.9299641525280637
2024-05-01,0.0017421889432689807,0.0017421889432689807,-0.0019452919625848608,2.4372887177361147,2.2212648076818775,0.9281568591632112
2024-05-02,-0.001145567464252267,-0.001145567464252267,0.006288396372738703,2.4344982377268094,2.2187216559427734,0.9340118674018344
2024-05-03,-0.005376505776231445,-0.005376505776231445,0.005579733229184924,2.4214442677077597,2.206824696837008,0.939237971027993
2024-05-07,0.0032942651670591298,0.0032942651670591298,0.012253199902147571,2.4294343006306414,2.2141065501581454,0.9508174395349108
2024-05-08,-0.0019425773783987126,-0.0019425773783987126,0.0038577335945291225,2.424719517414185,2.209809651740509,0.9544925241045228
2024-05-09,-0.0033677906058189235,-0.0033677906058189235,0.0019160229686434604,2.4165673049791265,2.202379993343878,0.9563231068633837
2024-05-10,-0.002835651704425815,-0.002835651704425815,0.005541964176805081,2.4097244683178487,2.196143656979703,0.9616377283816188
2024-05-13,0.009318275046155145,0.009318275046155145,-0.004130483304219723,2.432283887900929,2.2167035703116658,0.9576738917159624
2024-05-14,-0.0018420177976829029,-0.0018420177976829029,0.0028266611167335753,2.4278077015635007,2.212624121245331,0.9603847407890446
2024-05-15,0.004227955390832211,0.004227955390832211,0.007590471353870143,2.438094094104674,2.2219988012261798,0.9677022501921367
2024-05-16,0.00308639051264452,0.00308639051264452,0.0022693753456479726,2.4456306289478422,2.228867351306922,0.9699008235711958
2024-05-17,-0.0006211422236331232,-0.0006211422236331232,-0.0035071315210597476,2.4441120161868715,2.227483337563333,0.966505211729702
2024-05-20,0.0007566833920203573,0.0007566833920203573,0.0059294215098084635,2.445962135046588,2.2291694750665396,0.9722530523662025
2024-05-21,-0.005865312842176252,-0.005865312842176252,-0.0043162577768711685,2.431657792654006,2.2161329676874764,0.9680656011283698
2024-05-22,-0.0038622904130636445,-0.0038622904130636445,-0.003533124826825329,2.422284137615039,2.207590126658471,0.9646513395768307
2024-05-23,0.005671091241841442,0.005671091241841442,-0.0038121071278123253,2.43606015758504,2.220145138351017,0.9609809856653765
2024-05-24,0.00295316667130605,0.00295316667130605,0.0067436094923643,2.443264882392156,2.2267112876736723,0.9674833662781206
2024-05-28,-0.0035078047769500427,-0.0035078047769500427,-0.0031632436057904556,2.4347094004193273,2.218914102678432,0.9644278159788532
2024-05-29,0.006781257740863089,0.006781257740863089,-0.013076974312394185,2.451275899753811,2.2340122655224115,0.9518981220014892
2024-05-30,-0.002269881908540233,-0.002269881908540233,0.011414163441557434,2.44571810309348,2.2289470723674074,0.9628254874761278
2024-05-31,0.01977336739100517,0.017445070687708467,0.0028597985119418468,2.4945594735138434,2.26817236078606,0.9655829153372291
2024-06-03,-0.0018300640873596804,-0.0018300640873596804,0.00818635061022377,2.4899984445681786,2.264025255895941,0.9735199590106651
2024-06-04,-0.003951167700108988,-0.003951167700108988,-0.008770194493669337,2.480179454153845,2.255097361850888,0.9650193301970276
2024-06-05,0.009340476849712717,0.009340476849712717,-0.002155018975658507,2.5034540415863042,2.276259725981113,0.9629419344461778
2024-06-06,0.0005870843424923308,0.0005870843424923308,0.002053671559314907,2.50492421177099,2.2775964747794326,0.964921532937024
2024-06-07,1.4193045919964247e-05,1.4193045919964247e-05,-0.007777841070140568,2.504959764527654,2.2776288010401897,0.9574456374598255
2024-06-10,0.00587690587467345,0.00587690587467345,-0.005336434814603663,2.5197245203282472,2.29105362068319,0.9523498998556053
2024-06-11,-0.001645800060162596,-0.001645800060162596,-0.008798231665153367,2.5155809682255366,2.2872861056350895,0.9440076571160745
2024-06-12,0.006535934440602121,0.006535934440602121,0.011309035220183006,2.5320764886119242,2.3022846189254884,0.954744067754668
2024-06-13,0.0060717250690373245,0.0060717250690373245,-0.014813502893183284,2.547497329081217,2.316305982017414,0.9407052028506208
2024-06-14,0.002352881090056555,0.002352881090056555,-0.0037503198326689358,2.5534983444430717,2.321762391185017,0.9371838646711523
2024-06-17,0.001085730231426293,0.001085730231426293,0.0019512782230073356,2.5562722603812342,2.324284567757228,0.9390143564558197
2024-06-18,-0.003678486140582152,-0.003678486140582152,0.012334573002700466,2.546886321905795,2.3157504251737118,0.9506684238029252
2024-06-19,0.004773814831088831,0.004773814831088831,-0.0014121147329504424,2.559073752726157,2.326831818112722,0.949326918318273
2024-06-20,0.005954416730135364,0.005954416730135364,0.0057534497304931875,2.574357000550606,2.3407280754144684,0.9548045655945784
2024-06-21,0.004123201212582372,0.004123201212582372,-0.0027502370062499892,2.584993505613105,2.3503992927393207,0.9521822344135716
2024-06-24,0.0005395391316183268,0.0005395391316183268,0.005862678357781093,2.586388587081042,2.3516677672977413,0.9577809683438906
2024-06-25,-0.0033058842202469143,-0.0033058842202469143,-0.009734681709632653,2.5778524034551946,2.3439062623216866,0.9485025101599974
2024-06-26,0.011674345532158457,0.011674345532158457,-0.0032119246653170563,2.608123496942509,2.3714301832013853,0.9454608789126177
2024-06-27,0.009223261648594331,0.009223261648594331,0.0016589348868674136,2.6322901788634403,2.393403682156595,0.9470306386534064
2024-06-28,0.001659189459621254,5.9639234733696676e-05,-0.002255208296896072,2.636661272216115,2.393546427177167,0.9448972937724146
2024-07-01,-0.00037470268005609974,-0.00037470268005609974,-0.003154946504274392,2.635673493244287,2.392649726924551,0.9419208910231018
2024-07-02,4.6046957178305366e-05,4.6046957178305366e-05,-0.001365756344267055,2.6357948607830477,2.392759903700702,0.9406353346685908
2024-07-03,0.0015925549996580102,0.0015925549996580102,0.01644773400247246,2.6399958533346157,2.3965735413561573,0.9562345889713071
2024-07-04,-0.0013841826935350409,-0.0013841826935350409,0.003932964635255942,2.636344144662443,2.393258540549086,0.9600028311169586
2024-07-05,7.36005012076361e-05,7.36005012076361e-05,0.008522332785107167,2.636538188053604,2.39343469205953,0.9682192565443188
2024-07-08,0.0005904414892766497,0.0005904414892766497,0.0005579686329681977,2.6380953692548483,2.3948482924866994,0.9687596432647063
2024-07-09,0.0017430272043470751,0.0017430272043470751,-0.0073981308230113285,2.6426976510370963,2.399026218272177,0.9616190786715728
2024-07-10,0.0005349032067027685,0.0005349032067027685,0.013605296646872489,2.64411161661863,2.400309808356916,0.9747915963132877
2024-07-11,0.0003861870345802592,0.0003861870345802592,0.012399022104299107,2.6451329354403015,2.4012369558985363,0.9869532996704548
2024-07-12,-0.0004641831673701413,-0.0004641831673701413,0.0006605051095238679,2.6439053941802495,2.400122600775195,0.9876054027027333
2024-07-15,4.7322152485037054e-05,4.7322152485037054e-05,-0.0006322072327993311,2.6440305124348784,2.4002361824303344,0.9869812287484266
2024-07-16,0.0002165692414056643,0.0002165692414056643,0.0011461741639280376,2.644603190127158,2.400756056051844,0.9881131296869897
2024-07-17,-0.0005854995312763159,-0.0005854995312763159,-0.005696458580141339,2.643055229408286,2.3993508259272502,0.982500385730587
2024-07-18,-0.0007992747798245463,-0.0007992747798245463,0.006657561061775397,2.6409435460417843,2.3974338515208373,0.9890632641832402
2024-07-19,0.0006938560194537411,0.0006938560194537411,-0.007872027779676216,2.6427766164881823,2.399097902669149,0.9813078959779203
2024-07-22,0.0007007414736199006,0.0007007414736199006,0.0033644219644983764,2.6446291686731365,2.4007796392312857,0.984614989927337
2024-07-23,-0.00043547436190568775,-0.00043547436190568775,-0.002235331079491587,2.6434777511980223,2.3997343888562033,0.9824165075224733
2024-07-24,0.0008210992816730367,0.0008210992816730367,-0.006693246630506522,2.6456492002462766,2.401705618215854,0.9758629084377465
2024-07-25,-0.00023735774116153934,-0.00023735774116153934,-0.0031743815984182078,2.645021309448519,2.4011356224445097,0.9727700587183832
2024-07-26,-0.00021120177416533565,-0.00021120177416533565,0.022344327207518333,2.644462735243266,2.400628551890023,0.994750606979831
2024-07-29,0.0002802140936814556,0.0002802140936814556,-0.004891119058859417,2.6452038548031203,2.4013013361013638,0.9898970426836357
2024-07-30,0.0003727235407391891,0.0003727235407391891,0.008452765934196194,2.6461899683123025,2.40219652445626,0.9982998742372711
2024-07-31,-0.0013763267589552083,-0.002944692576046663,0.00781722383383432,2.64255045140641,2.3951331989495466,1.0061343899925463
2024-08-01,0.0004353998450673277,0.0004353998450673277,-0.0065722639611873745,2.643701267978033,2.3961762666325606,0.9995434914877257
2024-08-02,-0.0006119916758167412,-0.0006119916758167412,-0.02993199000314206,2.642083839785461,2.394710275336582,0.9700684890132275
2024-08-05,-0.0059856309818257245,-0.0059856309818257245,-0.02872368239791001,2.626316536602269,2.380419236430639,0.9426009231333549
2024-08-06,0.0002119305817410229,0.0002119305817410229,0.006452525320263192,2.6268731923778152,2.3809237735257347,0.9487027443639667
2024-08-07,0.0063249960792417645,0.0063249960792417645,0.01017507369257764,2.6435408107643075,2.3960308327395574,0.9584051422981968
2024-08-08,0.01156590103670959,0.01156590103670959,-0.0032810567332504093,2.6742932391275525,2.423903966469861,0.9552657137908146
2024-08-09,0.0033584804484038753,0.0033584804484038753,0.005669299943045658,2.6832898997825136,2.43205828594668,0.9606967822790987
2024-08-12,0.005992481245041314,0.005992481245041314,0.0025180149067498547,2.699417738806102,2.446676104369845,0.9631188792561359
2024-08-13,0.00010708604864380356,0.00010708604864380356,0.003230243893371565,2.6997068242636235,2.4469381232752077,0.9662350183695089
2024-08-14,0.002293404718214198,0.002293404718214198,0.00998661276700652,2.705905449893906,2.4525563827211334,0.9759327766197773
2024-08-15,-0.003476429694854147,-0.003476429694854147,0.00674962131020429,2.696514892100922,2.444045045987842,0.9825422338604491
2024-08-16,-0.0019951000491931787,-0.0019951000491931787,-0.00214976335345618,2.6911404381764026,2.439173792531171,0.9804322693476633
2024-08-19,0.0022352481336078717,0.0022352481336078717,0.005146131773242857,2.6971625327485733,2.444632049204887,0.9854907075317886
2024-08-20,0.0017329545575342515,0.0017329545575342515,-0.008129410935694636,2.7018406451594736,2.448872158353154,0.9775117247542964
2024-08-21,-0.001546727483444245,-0.001546727483444245,0.009532147248282996,2.6976648642078,2.4450873482718283,0.986874061146304
2024-08-22,0.0008076615299496106,0.0008076615299496106,-0.003901461400179329,2.699844544442767,2.4470629489613382,0.9830313111346594
2024-08-23,-0.006490081224752943,-0.006490081224752943,0.004010048491418061,2.682379071529492,2.4312327369070426,0.9869812287484266
2024-08-27,0.002362881819097912,0.002362881819097912,-0.0012939485025711406,2.6887247103143763,2.436984244929956,0.9857049517618425
2024-08-28,-0.00037054212954556586,-0.00037054212954556586,-0.004508720548527023,2.6877286090945853,2.436081406878268,0.9812706875320226
2024-08-29,0.005300296806185606,0.005300296806185606,-0.001700830912653828,2.702012188623534,2.449027640510785,0.9796031305312309
2024-08-30,0.015079962742912938,0.01270290127364757,0.002630749287245493,2.743067207831187,2.4803358282543213,0.9821836135823737
2024-09-02,0.0018556665553946953,0.0018556665553946953,-0.005039590384113168,2.7481621517043964,2.4849427776559216,0.9772462620522601
2024-09-03,0.0009159551432605245,0.0009159551432605245,-0.00822709088355289,2.7506804981318767,2.4872199164931335,0.969239350196794
2024-09-04,-0.002970058322068697,-0.002970058322068697,0.0,2.742522936840103,2.479843687618609,0.969239350196794
2024-09-05,-0.0030123022226683865,-0.0030123022226683865,-0.002217869082365098,2.7342740591954735,2.472384888684901,0.9670920862639141
2024-09-06,0.000719806253319821,0.000719806253319821,-0.013016314561886233,2.736242915274022,2.474165167439413,0.9545856816805622
2024-09-09,-0.002300737089543614,-0.002300737089543614,0.007626760530529353,2.7299547761640857,2.468479307215903,0.9618939117157284
2024-09-10,0.004624430407131942,0.004624430407131942,0.0002517354819993045,2.7426084976178466,2.4799210533725087,0.9621360850237547
2024-09-11,-0.0035555666350957104,-0.0035555666350957104,-0.005767873317173766,2.732874285924778,2.471119185903421,0.956602579591503
2024-09-12,4.9056264739239224e-05,4.9056264739239224e-05,0.007688035810225813,2.7330083538176555,2.471240412753851,0.9639853174926627
2024-09-13,0.00667303512027116,0.00667303512027116,0.009598238863572917,2.7513067997312746,2.487786230833463,0.9732824253866038
2024-09-16,-0.0014638177772757853,-0.0014638177772757853,0.00163534854138625,2.747282334187814,2.4841472291901487,0.9748753835472063
2024-09-17,0.0019749877709899243,0.0019749877709899243,0.0007164316415106953,2.752713544723082,2.489058237583584,0.9755740653675065
2024-09-18,-0.00664030337294519,-0.00664030337294519,-0.005232136814271371,2.734495246144581,2.472584890315575,0.9704830584214437
2024-09-19,-0.00759117105287518,-0.00759117105287518,0.01559146006218981,2.7138158148437337,2.453886137978417,0.985732880839814
2024-09-20,0.007700542092569805,0.007700542092569805,-0.01575945830910186,2.7347943370883376,2.4728553342848616,0.9703200326633752
2024-09-23,-0.0067090912200166025,-0.0067090912200166025,0.000638187026947179,2.716507764148543,2.4563202519839,0.9709394759595217
2024-09-24,-0.006326874209297988,-0.006326874209297988,-0.0036044561894978955,2.6993750167560058,2.440828481650011,0.9674460668580278
2024-09-25,-0.00497011792447046,-0.00497011792447046,-0.0007079611016820309,2.6859920895124714,2.4287273731411516,0.966761395063813
2024-09-26,0.005428285377543131,0.005428285377543131,0.01221109921656982,2.7006120658985084,2.441947046044169,0.9786389860088955
2024-09-27,0.0033791639884910903,0.0033791639884910903,0.0108968543511061,2.709753313126733,2.4502127432718437,0.9893613866214069
2024-09-30,0.0006045437667570399,-0.0010084191962059237,-0.008861895703162759,2.7113919728724936,2.4477431471101077,0.9806325035516316
2024-10-01,-0.0008197170738428186,-0.0008197170738428186,-0.00660030680390733,2.709170309270644,2.445737512398853,0.9741813414108712
2024-10-02,1.8734108783726317e-05,1.8734108783726317e-05,-0.006278348980210069,2.709221063637349,2.4457833315406554,0.968084250838417
2024-10-03,-0.00016607684176925172,-0.00016607684176925172,-0.002104869128315201,2.708771162119591,2.445377177296642,0.966048703217429
2024-10-04,0.00099130556610265,0.00099130556610265,0.007684919401970802,2.7114577134265274,2.4478024952206847,0.9735013093006192
2024-10-07,0.000850201644396418,0.000850201644396418,-0.0022465487358740432,2.713763979489871,2.449884505866302,0.971316745947645
2024-10-08,-0.0006775542332868615,-0.0006775542332868615,-0.01070292098134118,2.7119258799937933,2.4482251384674734,0.9609762550072198
2024-10-09,-0.0010629367491056011,-0.0010629367491056011,0.009224893837375348,2.709044805786185,2.445624212552465,0.9698821738611474
2024-10-10,0.001384945540074535,0.001384945540074535,-0.0054899151558576165,2.7127992845820383,2.449013615425774,0.9645721920268753
2024-10-11,0.0007960604860430766,0.0007960604860430766,0.0027246461645891173,2.7149596966943284,2.4509639545857693,0.967203893550002
2024-10-14,0.0007582301875013957,0.0007582301875013957,0.0025154504555082724,2.717019041724334,2.4528230541682583,0.9696399095789275
2024-10-15,0.0005914208743838937,0.0005914208743838937,-0.001095792068575463,2.718626418773025,2.454274133980813,0.9685779677965893
2024-10-16,-0.00056076701405713,-0.00056076701405713,0.008862031988959629,2.7171023301230925,2.4528982438159876,0.9771996832642408
2024-10-17,-3.2678089063192166e-05,-3.2678089063192166e-05,0.0057699416500476275,2.717013541861878,2.452818089098372,0.9828543663247009
2024-10-18,-0.0013172831168498692,-0.0013172831168498692,0.002305262201231173,2.7134368220884206,2.4495891604144315,0.9851227169115924
2024-10-21,-0.0005902705330233885,-0.0005902705330233885,-0.011556094405117179,2.711835632903009,2.4481436667731464,0.9738040714227492
2024-10-22,0.0004955060663668488,0.0004955060663668488,0.002059409255686262,2.7131796968785284,2.4493570374027978,0.9758115989915688
2024-10-23,-0.0004383188566981197,-0.0004383188566981197,-0.005734815918520653,2.7119907196503816,2.44828367328157,0.9702315147712967
2024-10-24,-0.0014409268190819745,-0.0014409268190819745,-0.0018885305525238039,2.708085753550174,2.444758416104772,0.9684009320124358
2024-10-25,0.00044060259763670993,0.00044060259763670993,0.0014083361696179963,2.7092792060676434,2.4458358203496267,0.9697657268910974
2024-10-28,-0.0006336616153104846,-0.0006336616153104846,0.0007297668671011337,2.7075629836391633,2.4442864790038312,0.9704736880793227
2024-10-29,-0.0016470715857681312,-0.0016470715857681312,-0.010241747982906446,2.7031071041657113,2.4402638778621983,0.9605850659672076
2024-10-30,-0.0015519424894975514,-0.0015519424894975514,0.003451318865863584,2.6989152909649414,2.436479665863784,0.9639060789685115
2024-10-31,0.0025227229855987986,0.0009560563189321312,-0.014853076878639015,2.7057325019576086,2.4388101915236575,0.9496949089384684
2024-11-01,-0.0030087651004980795,-0.0030087651004980795,0.004438573744147689,2.6976038232090858,2.431483412338658,0.953919568622198
2024-11-04,-0.002431260622011898,-0.002431260622011898,-0.0008987781802360928,2.691053211608683,2.4255790229283165,0.9530625917019875
2024-11-05,0.0010934431366147,0.0010934431366147,-0.004472105060033371,2.693997334595381,2.4282327062247484,0.9488099119660907
2024-11-06,-0.0053599745274805115,-0.0053599745274805115,0.003758231826431313,2.679596206821742,2.4152522592816843,0.9523824686175403
2024-11-07,0.0005583043830994045,0.0005583043830994045,0.00918660442219732,2.681092654826817,2.416601081696029,0.9611719405014192
2024-11-08,0.0007269658997456499,0.0007269658997456499,-0.005710371564818573,2.6830424263837838,2.4183585069924445,0.9556989329090776
2024-11-11,-0.007572445722856543,-0.007572445722856543,0.00997062712248109,2.6628019648548795,2.4001147804518057,0.9652755135311365
2024-11-12,-0.008733916999414964,-0.008733916999414964,-0.014371565546735354,2.639646539483253,2.379243653189768,0.9515022023033204
2024-11-13,0.0024137982332225324,0.0024137982332225324,-0.003363896692089696,2.646025809674789,2.3849936041351567,0.9483068246657961
2024-11-14,-0.012737179275983019,-0.012737179275983019,0.008003641496760139,2.612536636132193,2.354808159830409,0.9559271871652149
2024-11-15,0.0031613668205181084,0.0031613668205181084,-0.0022537496154075853,2.6208088916986143,2.3622643518847526,0.9537751925741756
2024-11-18,0.0023390631730930925,0.0023390631730930925,-0.003973347307574926,2.62694630436061,2.3677963047067085,0.9499930313766357
2024-11-19,0.0019898439786256625,0.0019898439786256625,0.0015775041240164711,2.6321787217671795,2.372512540656942,0.9514928319611995
2024-11-20,0.001400963442231856,0.001400963442231856,-0.008988899460957711,2.6358688922231903,2.3758386733437717,0.9429782840956719
2024-11-21,0.006813545643199808,0.006813545643199808,0.005178008024024905,2.65388982874907,2.392081832498758,0.9478736965217287
2024-11-22,0.008223295030193686,0.008223295030193686,0.011326276439181271,2.6758035256978534,2.4118337286725247,0.9586706050002326
2024-11-25,0.007504554827921683,0.007504554827921683,0.008110255313560799,2.695959777215383,2.4300015525754053,0.96647728265173
2024-11-26,-0.0006757888431391753,-0.0006757888431391753,-0.008742083967771208,2.6941384931474293,2.4283599393917767,0.9580650807559726
2024-11-27,0.008729531995672968,0.008729531995672968,0.0015982588693770339,2.717760013728208,2.4496511812606645,0.9595975410766673
2024-11-28,0.013954992491190988,0.013954992491190988,0.007794237868058218,2.755952200352122,2.484075683279096,0.9671060962899993
2024-11-29,0.0014665414527296862,-0.0008859489687262538,0.00042368870978570783,2.759996883618594,2.4818758935838483,0.9675159350400571
2024-12-02,0.010441342434316957,0.010441342434316957,-0.00012036388650393803,2.788965930882085,2.5079257708464215,0.9673994880700066
2024-12-03,0.0012325354974181122,0.0012325354974181122,0.005933491854671402,2.7924055496836826,2.511018784116643,0.9731566080744327
2024-12-04,0.0005263046132489664,0.0005263046132489664,0.005370210657931196,2.793875592417746,2.512340692719463,0.9783967217266742
2024-12-05,0.0016886950857800107,0.0016886950857800107,-0.00019519022158043242,2.7985975822793416,2.5165868543281227,0.9782057668906314
2024-12-06,0.005956834581707593,0.005956834581707593,0.0027532234938885125,2.8153181164233327,2.5316224838486203,0.9809026969118254
2024-12-09,-0.00927821510845615,-0.00927821510845615,-0.00046067966370344493,2.7893177941520264,2.5082421773513306,0.9804509190577112
2024-12-10,-0.002421350805840136,-0.002421350805840136,-0.0035885163165154665,2.782572047468821,2.502176190039301,0.9769388602461674
2024-12-11,-0.0006356088641871131,-0.0006356088641871131,-1.90901281733602e-05,2.7808039819687873,2.5005862900039584,0.976920210536121
2024-12-12,-0.0024679108942712124,-0.0024679108942712124,-0.0011688235572400174,2.773949666925137,2.494422674611914,0.9757790302296335
2024-12-13,0.006072840581949307,0.006072840581949307,-0.002858670931876972,2.7908466755252417,2.509616995506689,0.9729935823163617
2024-12-16,-0.003794476826704492,-0.003794476826704492,-0.0036544501240172167,2.7802769384811827,2.500112355944641,0.9694443150589217
2024-12-17,0.004534515150798742,0.004534515150798742,-0.013062390000696311,2.792912773423322,2.51147489563602,0.9568634026095758
2024-12-18,0.0013615129167207413,0.0013615129167207413,0.002872756986082692,2.796717950050366,2.5148966299856284,0.9596161907867145
2024-12-19,0.0016250579227659598,0.0016250579227659598,-0.009882650659722714,2.8012664735189037,2.5189868051647983,0.9501793465287156
2024-12-20,0.015737590163449444,0.015737590163449444,0.002511565728429588,2.845700381452461,2.5589431709174413,0.9525687837696212
2024-12-23,0.002589813391730855,0.002589813391730855,-0.0015463553321950485,2.8530797658989884,2.5655789452098063,0.9510969122630294
2024-12-24,-0.006062138076279818,-0.006062138076279818,0.007435904538867888,2.8358363212938467,2.5500730981772035,0.9581955377521063
2024-12-27,0.007889969423747308,0.007889969423747308,-0.004033146212815808,2.8582994834603737,2.570272679200525,0.9543387777143775
2024-12-30,0.011185381785550634,0.011185381785550634,-0.004113130040876101,2.890450127852438,2.5991835485400703,0.9504215198367412
2024-12-31,0.0013992991574467012,-0.00022552842876019641,0.010627196388821147,2.8944975634071453,2.59859742485457,0.9605756956250869
2025-01-02,-0.0001875456277481047,-0.0001875456277481047,0.0008530497659915426,2.8939547639460246,2.598110114967109,0.961395464099398
2025-01-03,-2.0987426010418545e-05,-2.0987426010418545e-05,-0.002367060767575424,2.8938940279218874,2.598055587895497,0.9591224738285434
2025-01-06,0.0003574440483578496,0.0003574440483578496,0.0010338209170388524,2.894928618011766,2.598984413394377,0.9601145474288496
2025-01-07,-0.0009301373755381619,-0.0009301373755381619,-0.012806765877428461,2.8922371885982257,2.5965681247674244,0.9478969859157376
2025-01-08,-0.0003070802424473454,-0.0003070802424473454,-0.019761213120942145,2.8913491760536676,2.5957708924115575,0.9293492579416822
2025-01-09,-0.00055773699490241,-0.00055773699490241,0.002647847731651609,2.889737013276205,2.594323538613467,0.9318132940227762
2025-01-10,0.00014920441046575205,0.00014920441046575205,-0.013649232700364777,2.890168206950871,2.5947106520063974,0.919181163101448
2025-01-13,0.0010944905272393982,0.0010944905272393982,-0.0007857590300464068,2.8933332003872265,2.597552092917377,0.9184591918871394
2025-01-14,0.0004791537472126116,0.0004791537472126116,0.002426277150478384,2.8947198840229267,2.5987970179677116,0.9206903340281325
2025-01-15,-0.0005924905294900915,-0.0005924905294900915,0.028296164021675452,2.893005297894296,2.5972577114038096,0.9471144258873253
2025-01-16,-0.0005921158166044935,-0.0005921158166044935,0.009500484560168942,2.891292810745289,2.595720289243997,0.9561553504471553
2025-01-17,-0.00017577691303440036,-0.00017577691303440036,0.0033897176798109996,2.890784632884614,2.595264061642767,0.9594019465566621
2025-01-20,-0.0012492955270387283,-0.0012492955270387283,-0.005389016229541355,2.887175443514604,2.5920238342812767,0.954245620138338
2025-01-21,-9.800390096805997e-05,-9.800390096805997e-05,0.005306421237074588,2.8868925029232275,2.591769818281598,0.9593227080325114
2025-01-22,0.0002138794232406852,0.0002138794232406852,-0.0007479326898103267,2.8875100158610123,2.5923242037992185,0.9586054674763613
2025-01-23,-3.349522185064512e-05,-3.349522185064512e-05,-0.002914813194289323,2.887413299692209,2.59223737477909,0.9558153798791275
2025-01-24,0.0013417806008361622,0.0013417806008361622,-0.0001121279409534992,2.891290175220868,2.595717923145279,0.9557082122770035
2025-01-27,0.0007391805620422496,0.0007391805620422496,-0.00726872034832482,2.8934281507952613,2.5976373366878076,0.9487866225720795
2025-01-28,-0.0004873908505173712,-0.0004873908505173712,0.010693983450824618,2.8920182639988066,2.5963715805009926,0.9589873771484462
2025-01-29,0.0006475311162569778,0.0006475311162569778,-0.001399856445724268,2.8938915422510534,2.598053356331059,0.9576458716637942
2025-01-30,0.00042096999019643156,0.00042096999019643156,0.01186531914307487,2.8951100402027654,2.599147289067275,0.9690763244387252
2025-01-31,0.01491874458903983,0.013310123899384657,0.006964382247000245,2.93862523640741,2.6339735180811084,0.9758488984116632
2025-02-03,0.006077579837817416,0.006077579837817416,-0.011458888547071666,2.9565393479756814,2.650030446636062,0.9647305781009817
2025-02-04,0.010130516008210112,0.010130516008210112,-0.0028284731230687754,2.9866428416786297,2.677013065662442,0.9620057190018152
2025-02-05,-0.004132022012450003,-0.004132022012450003,0.005292608308490543,2.9743274290139685,2.665974410436499,0.9671107359739612
2025-02-06,0.0009275320472768587,0.0009275320472768587,0.010072886526485192,2.977087492849426,2.668448334283861,0.9769015608260736
2025-02-07,0.004378399334377016,0.004378399334377016,-0.007912691638273017,2.9901509483897435,2.680157481650298,0.9692021417508963
2025-02-10,-0.012961133817400114,-0.012961133817400114,0.008541927146296757,2.951645279426464,2.645643753567955,0.9775164554124546
2025-02-11,-0.004622279392353892,-0.004622279392353892,-0.003178619700110019,2.938033433390822,2.633443068177425,0.974414235350971
2025-02-12,0.007079640352431801,0.007079640352431801,-0.0018755523166671395,2.9589074565449307,2.652153049811882,0.9725883832502665
2025-02-13,0.00032936035310118144,0.00032936035310118144,0.0017034695796471766,2.959882163855773,2.653026707743091,0.9742465699089384
2025-02-14,-0.00078621748052127,-0.00078621748052127,-0.0001482034951560962,2.9575559673262792,2.6509416715225385,0.9741021938609159
2025-02-17,-0.0025201831371626593,-0.0025201831371626593,0.0012281088921017869,2.950111768961845,2.6442692244502353,0.9752992323233494
2025-02-18,0.006686972509241539,0.006686972509241539,-0.002730714340009044,2.9699051905368767,2.6620106321040353,0.9726396017222494
2025-02-19,0.0269448006330085,0.0269448006330085,-0.008357891107269921,3.051016551187183,2.7347130554418353,0.9645442629489017
2025-02-20,0.004526453826436254,0.004526453826436254,-0.004598198660865194,3.0648581397524852,2.7471196656068497,0.9601192780870088
2025-02-21,3.1539882516566685e-05,3.1539882516566685e-05,5.334452401051237e-05,3.064954806542565,2.7472063108047444,0.960170496558992
2025-02-24,-0.00286613451054922,-0.00286613451054922,-0.006301984565258323,3.0561828106632793,2.739343720992169,0.9541385435104089
2025-02-25,-0.003968084644231724,-0.003968084644231724,-0.001763852259969667,3.044079647651025,2.728495311176472,0.9524570674577288
2025-02-26,0.00933020702422167,0.00933020702422167,0.007192258171437871,3.072614451774266,2.7540718690420594,0.9593320783746326
2025-02-27,0.007250009122620783,0.007250009122620783,-0.008836854509127079,3.0949718824376955,2.7741114710880153,0.950891947400903
2025-02-28,0.01858791391712679,0.016168628202841075,-0.004334638349289932,3.153038954342194,2.819329620691557,0.9467790950032593
2025-03-03,-0.0026809624671563026,-0.0026809624671563026,0.002746362529462587,3.1445970964565557,2.8117812267975104,0.9493828674484133
2025-03-04,0.00781548453292717,0.00781548453292717,-0.021412709819145448,3.1692699359355427,2.8338427579669494,0.9292701103917264
2025-03-05,-0.0037049833270901217,-0.0037049833270901217,0.008842731303342788,3.1575495689530064,2.8233628437388885,0.9375238352391813
2025-03-06,-0.002642924046299373,-0.002642924046299373,0.001558842990604603,3.149215423377911,2.8159107621682935,0.9389864273778465
2025-03-07,0.010001126204284226,0.010001126204284226,-0.0014892701151492105,3.180869146873342,2.8442143389867622,0.9375890637372476
2025-03-10,0.003166116967130596,0.003166116967130596,-0.0126938257821827,3.1909561104765607,2.853233724944626,0.925762691264148
2025-03-11,0.005088598343531716,0.005088598343531716,-0.005296970122369515,3.207234987661491,2.8677896886684073,0.9208719185220551
2025-03-12,-0.004891668114644966,-0.004891668114644966,0.005865395606004853,3.1915845680728827,2.8537956682451426,0.9262890679584519
2025-03-13,-0.009386498591145511,-0.009386498591145511,-0.010001341357977367,3.1617669245821243,2.827133845562316,0.9170711076144661
2025-03-14,-0.005714823222255819,-0.005714823222255819,0.01547246161416993,3.143749517721881,2.811023353562469,0.9313707955365876
2025-03-17,-0.007680260562716887,-0.007680260562716887,0.001614091134594986,3.119697184604536,2.789516655996591,0.9328753267793092
2025-03-18,0.004585716643262414,0.004585716643262414,0.0034840742612480824,3.134036083842883,2.8023379639271857,0.9361312022567415
2025-03-19,0.012457776980500247,0.012457776980500247,0.0012232466136765652,3.173323414724967,2.837467227243528,0.9372770222471933
2025-03-20,-0.0020582221700595244,-0.0020582221700595244,-0.0012133341976472423,3.166798727051788,2.8316330953190167,0.9361404816246667
2025-03-21,0.008755696858811269,0.008755696858811269,-0.009322853362887074,3.194647998693467,2.856534873441974,0.9274535376589501
2025-03-24,0.007623894600891141,0.007623894600891141,0.0005472921702462941,3.2190967372042647,2.878396021899119,0.9279612646432064
2025-03-25,0.008374553541912935,0.008374553541912935,0.0029470459435554375,3.246168433653852,2.9026025213391535,0.9307000427942613
2025-03-26,0.007052016615083354,0.007052016615083354,0.0028985238963841198,3.2691413749598164,2.9231440670784217,0.9334016124994173
2025-03-27,-0.004980173128777184,-0.004980173128777184,-0.006232203005831494,3.2529009585391857,2.908622493533003,0.9276025533909343
2025-03-28,-0.0012271768725920403,-0.0012271768725920403,-0.0024987240016702827,3.248911522086771,2.9050552885212566,0.9252876240160233
2025-03-31,0.0011672541646523525,-0.00038944182752751084,-0.019802123898370994,3.25270604174512,2.9039241587495455,0.9071451860822577
2025-04-01,0.000623342025821297,0.000623342025821297,0.005907927279112712,3.2547342221779605,2.905734861002267,0.9125203964145966
2025-04-02,-0.000638881144031716,-0.000638881144031716,0.0029917693471386286,3.2526554979541378,2.9038790346793637,0.9152545348816897
2025-04-03,-0.0012224795810601005,-0.0012224795810601005,-0.022599957442343666,3.248681622509359,2.900331270829864,0.8948018072569752
2025-04-04,-0.0015181121090457584,-0.0015181121090457584,-0.044988523687196746,3.243753501266532,2.895931583261843,0.8554380916961664
2025-04-07,0.00031910651423341723,0.00031910651423341723,-0.03322703733995702,3.2447887693109574,2.896855841355382,0.827481448542084
2025-04-08,-0.001665847784521339,-0.001665847784521339,0.0323444907182342,3.2393879448530525,2.8920341376971996,0.854683460745726
2025-04-09,0.002364605767125238,0.002364605767125238,-0.02531052082949259,3.247056883704609,2.898880749877088,0.8333224467546226
2025-04-10,0.001769339513788014,0.001769339513788014,0.034435438275044916,3.252807115308339,2.904014394374369,0.8625180674751957
2025-04-11,-0.0007739823522837768,-0.0007739823522837768,-0.00013501726606435227,3.2502904740493004,2.9017676080809762,0.8624016205051468
2025-04-14,8.162848222009061e-05,8.162848222009061e-05,0.024730925077552257,3.2505558011564486,2.9020044846343844,0.8839955284363498
2025-04-15,-0.00011955316981502342,-0.00011955316981502342,0.01513375957538976,3.2501672101358663,2.90165756153772,0.897475447884158
2025-04-16,0.00022177031664761182,0.00022177031664761182,-0.00010897522497010925,3.2508880806781058,2.9023011344139875,0.8973776506241558
2025-04-17,5.138476378997713e-05,5.138476378997713e-05,-0.000820483116847015,3.251055131086125,2.9024502723039016,0.8966416693837619
2025-04-22,0.0006220273521124006,0.0006220273521124006,-0.0006132155756475299,3.253078005377232,2.904256237383029,0.8960920032954489
2025-04-23,-0.0009013089538986857,-0.0009013089538986857,0.012649557922776111,3.2501472979780632,2.901639784525178,0.9074991666763692
2025-04-24,-0.0001999505132461956,-0.0001999505132461956,0.0010926980888452675,3.249497494324159,2.901059658161222,0.9084913312508729
2025-04-25,-0.00016553365517166309,-0.00016553365517166309,0.005384200764304126,3.2489596376443717,2.9005794748964777,0.9133960230448545
2025-04-28,0.0004685740206677087,0.0004685740206677087,0.0062833016876009395,3.2504823724538947,2.9019389295609916,0.9191532340234749
2025-04-29,0.001126086433263087,0.001126086433263087,0.003864073669632262,3.2541447582495415,2.9052086042423637,0.9227117806488411
2025-04-30,0.019808387154831707,0.018170948249650865,0.003773865856352643,3.3192467717517093,2.9584815435442966,0.9262005500663736
2025-05-01,0.0075339037574843545,0.0075339037574843545,0.012514051155759987,3.3443480942227413,2.9808546312824857,0.9378638967814046
2025-05-02,0.0004997563878470276,0.0004997563878470276,0.005225953368032776,3.346019871251843,2.982344704731562,0.9427779589175087
2025-05-06,0.001063729792225842,0.001063729792225842,0.005518206794546288,3.3495810259916756,2.9855188015360423,0.9479947831757413
2025-05-07,-0.0016923904949370733,-0.0016923904949370733,-0.0007618673490572547,3.343917021107177,2.9804704110228872,0.9472728119614325
2025-05-08,0.0071130846062210104,0.0071130846062210104,0.0058929734569925785,3.367787381094325,3.001746328216132,0.9528715458917505
2025-05-09,0.00048744872680765586,0.00048744872680765586,0.002304655736947936,3.3694294049341003,3.0032098823168325,0.9550701192708078
2025-05-12,0.0066707838142802175,0.0066707838142802175,0.005980791713696476,3.391981275770791,3.0233106154742937,0.9607993101972605
2025-05-13,0.001669287588615692,0.001669287588615692,0.006393261668634409,3.3976481965596053,3.028361604965378,0.9669616292677806
2025-05-14,0.006879290869456341,0.006879290869456341,0.002881262250816974,3.4211021876934455,3.0492664079714227,0.9697517168650144
2025-05-15,-0.009501119443534725,-0.009501119443534725,0.0012097221950657655,3.388751812925741,3.0204321593426333,0.9709255569076332
2025-05-16,-0.002971772647289368,-0.002971772647289368,0.006098002507732403,3.3786961619344025,3.0114694458380575,0.9768643523801745
2025-05-19,0.003790665807243367,0.003790665807243367,-0.0005342362907398979,3.3915279751411145,3.022906583584291,0.9763426153698345
2025-05-20,0.017990420138062208,0.017990420138062208,0.006434107971799108,3.4530951373458016,3.077782079621857,0.9826447617786107
2025-05-21,0.006768430186654945,0.006768430186654945,-0.006978139163040353,3.4765464454531396,3.0986844912165563,0.9758115989915688
2025-05-22,0.0029515639802314662,0.0029515639802314662,-0.007185763199146322,3.4868228529938734,3.1078439674874803,0.9688247807885789
2025-05-23,0.00033740096445666456,0.00033740096445666456,-0.004384661862035344,3.4879995088786155,3.1088927339569508,0.9645861110787634
2025-05-27,-0.0005321875247533748,-0.0005321875247533748,0.011040462759282832,3.486143732907854,3.1072386602058892,0.9752945926393863
2025-05-28,0.011116240575879968,0.011116240575879968,0.00036288150694296917,3.525112738460195,3.141972168023999,0.975648573233498
2025-05-29,0.013240499660085097,0.013240499660085097,0.0024509185048220417,3.5720973559742935,3.183850079883078,0.9780427411325622
2025-05-30,0.004796284317997923,0.002579938164151768,0.0014467560824904524,3.589271303148935,3.192074821313214,0.9794587544832069
2025-06-02,0.004988857204724997,0.004988857204724997,4.755450936677619e-05,3.6072224056613003,3.2080394162142074,0.9795053332712281
2025-06-03,0.0005058355455289923,0.0005058355455289923,-0.000532702550813724,3.60904752854181,3.2096625670714767,0.9789836872350817
2025-06-04,-0.0035006980829355746,-0.0035006980829355746,0.004803374316484366,3.5964354312298443,3.198446151572833,0.9836974241930226
2025-06-05,-0.0021359454490651538,-0.0021359454490651538,-0.0023513397885661647,3.588761839441793,3.1916217359556054,0.9813871345020714
2025-06-06,0.0027275884876102104,0.0027275884876102104,0.004163267086882527,3.5985638667912627,3.200339049877408,0.9854814281638633
2025-06-09,0.00023086867488444776,0.00023086867488444776,0.006059863505095464,3.599394758372404,3.2010779932091857,0.9914714421083889
2025-06-10,-0.007002734875323733,-0.007002734875323733,0.004855247376385208,3.574277199613683,3.1787399975229222,0.9962969863524141
2025-06-11,0.0016639845832635907,0.0016639845832635907,0.0018216642900181768,3.580229692825158,3.184033775033616,0.9981135590851917
2025-06-12,0.0035350552468013216,0.0035350552468013216,-0.0019526147393396087,3.592908399346131,3.1953094286229424,0.9961665293562812
2025-06-13,-0.0024932308812345982,-0.0024932308812345982,-0.0100282061026018,3.5839616070154845,3.1873527075734303,0.986226688772183
2025-06-16,-0.0007238567980614582,-0.0007238567980614582,0.005214625874010892,3.5813682707575305,3.185046355483258,0.9913829242163111
2025-06-17,0.004713839164737848,0.004713839164737848,-0.002205982915558735,3.5982901168720534,3.200095593713011,0.9891983608633367
2025-06-18,-0.005261061607583946,-0.005261061607583946,0.002501972805251995,3.579409001790543,3.183303903433948,0.9916764069705151
2025-06-19,-0.007293113300044283,-0.007293113300044283,-0.010211553446479726,3.5533989288860695,3.1601721611368276,0.9816013787321252
2025-06-20,-0.005334882912894901,-0.005334882912894901,0.0035289278140524516,3.5344924384554357,3.1433579035993495,0.9850714984396103
2025-06-23,0.00601555292918413,0.00601555292918413,-0.0013011747893845182,3.555818444345274,3.1623239278116757,0.983790581769061
2025-06-24,-0.003078496921593798,-0.003078496921593798,0.009668520940428138,3.5448887004339973,3.1526036928681704,0.9933485126810735
2025-06-25,-0.0038672216398800687,-0.0038672216398800687,-0.0013231555492403402,3.531206303623371,3.140435419515276,0.9920350272485904
2025-06-26,0.001011665650307933,0.001011665650307933,0.008262290067282407,3.53478051139167,3.1436140977649027,1.0002654627020346
2025-06-27,0.0016240462617664445,0.0016240462617664445,0.011173854382729331,3.5405258225301153,3.1487236204163533,1.0115049606409225
2025-06-30,-0.0008402115061961882,-0.0024668108327955155,-0.0041391133001997815,3.5375522813727196,3.1409658872440627,1.0073268797452133
2025-07-01,-0.00048802018134916266,-0.00048802018134916266,0.00539082629953036,3.535826305656579,3.1394334064733456,1.0127718672853878
2025-07-02,0.0015304956757227616,0.0015304956757227616,-0.013459840343395868,3.5412420158308398,3.144241974533845,0.99923144999767
2025-07-03,-0.001931895313172316,-0.001931895313172316,0.011590862339158292,3.534407311070412,3.138173491923728,1.010880786686617
2025-07-04,-0.0008392812414244167,-0.0008392812414244167,-0.0067175085099933085,3.531442193772391,3.1355407867242033,1.0041129433718383
2025-07-07,-0.00043234190829531563,-0.00043234190829531563,-0.000872511107900209,3.5299157333154922,3.1341854540416043,1.003237225767384
2025-07-08,-0.00039749185982224664,-0.00039749185982224664,0.002003665752258854,3.5285128993716484,3.1329398884039503,1.005249393020168
2025-07-09,-0.0006160681838246658,-0.0006160681838246658,-0.000639580840624987,3.5263397643065493,3.13101037823281,1.0046066603300094
2025-07-10,-4.2977588648046274e-05,-4.2977588648046274e-05,0.005861838740583991,3.5261882139833824,3.1308758178482825,1.0105127960664206
2025-07-11,0.00016466964004618548,0.00016466964004618548,-0.0037590529855862087,3.526768917938157,3.1313914204931224,1.0067213555009544
2025-07-14,-0.0024291940512266453,-0.0024291940512266453,0.005145598999360956,3.5182121091449585,3.12379389475064,1.0119148903651771
2025-07-15,-0.0009526907828271186,-0.0009526907828271186,-0.001580124415568207,3.514861936989002,3.1208193022580675,1.0103172015464144
2025-07-16,0.0005509712342527482,0.0005509712342527482,-0.004093084803360014,3.516799058408739,3.1225392577003888,1.0061903391226878
2025-07-17,-0.00017648144038734875,-0.00017648144038734875,0.007586222469454285,3.5161784634087185,3.1219882360984967,1.0138525497519666
2025-07-18,0.001023155351446766,0.001023155351446766,0.006041529578020288,3.5197779012982617,3.1251841497486894,1.019996310086635
2025-07-21,-4.3936372235222633e-05,-4.3936372235222633e-05,0.005201429907382149,3.519623258423453,3.1250468435109733,1.0253155712888342
2025-07-22,0.0003448149061888672,0.0003448149061888672,-0.0035588165642881364,3.5208370862480636,3.126124592046356,1.021673146455353
2025-07-23,0.0013787846871005395,0.0013787846871005395,0.003604244266108836,3.5256949106857522,3.1304378175851966,1.0253621500768546
2025-07-24,-0.0014816210590145875,-0.0014816210590145875,0.006425375210678652,3.5204750347523635,3.125803129264475,1.031971698291723
2025-07-25,0.0006080129452265871,0.0006080129452265871,-0.001689520081654905,3.5226161800028937,3.1277042359214597,1.0302296334249381
2025-07-28,-0.0006415501005586329,-0.0006415501005586329,-0.007542580349033656,3.5203569700140696,3.1256983004772314,1.0224882752457023
2025-07-29,-0.0021013157766753866,-0.0021013157766753866,-0.0072557882958630415,3.5129673550497915,3.119137117298432,1.0150961670024221
2025-07-30,1.0942934184158691e-05,1.0942934184158691e-05,-0.0007574071469242938,3.5130057974306848,3.1191712499973736,1.0143276170000923
2025-07-31,0.009601619014560707,0.00807569308863478,0.008514167777212478,3.5468987941287162,3.1444627052662986,1.0230006419139217
2025-08-01,-0.005880428481075474,-0.005880428481075474,-0.012070110673500167,3.5261027142966626,3.126026177684548,1.0107271312706687
2025-08-04,0.00431915131098858,0.00431915131098858,0.00735557169466361,3.5413654227040796,3.139557157888415,1.018189016721784
2025-08-05,0.003046718726063033,0.003046718726063033,0.0019286140500511806,3.5521714201117085,3.149137091744363,1.0201546051865473
2025-08-06,0.000743007644714971,0.000743007644714971,0.0011043805524586503,3.554811691381593,3.1514777941499914,1.0212818664411474
2025-08-07,0.004235041777424991,0.004235041777424991,0.0005562292114049683,3.569898391258553,3.164852735996986,1.0218500912653128
2025-08-08,0.010708658401958147,0.010708658401958147,0.0009340110694040504,3.6083326359713066,3.198926177648151,1.0228049564197212
2025-08-11,-0.0004993807198214483,-0.0004993807198214483,-0.0031517747492699755,3.606531154072302,3.1973290944003825,1.019586380362382
2025-08-12,0.0038265387445188806,0.0038265387445188806,-0.0021403359516511955,3.6203581231113855,3.2095872362290248,1.0174064566933714
2025-08-13,-0.000818569311519733,-0.000818569311519733,0.0004073936869026795,3.61739582164504,3.2069610416225993,1.0178210261015883
2025-08-14,0.002670372850231234,0.002670372850231234,-0.002286214957377908,3.6270685263518034,3.215536267749665,1.0154967263845536
2025-08-15,0.004567675837352929,0.004567675837352929,-0.0019972504996808027,3.6436736942617878,3.230257390126786,1.013470549105686
2025-08-18,-0.0011319367765370717,-0.0011319367765370717,-0.0003953134710830142,3.639551619409741,3.2266030116421125,1.0130699897235547
2025-08-19,-0.001311041039642375,-0.001311041039642375,0.003841014435987944,3.6347831443870393,3.2223755744525597,1.0169686888653398
2025-08-20,-0.01746775871831598,-0.01746775871831598,0.002406248666240174,3.571842941927624,3.1665766552324364,1.0194187149203495
2025-08-21,-0.00035921330156550666,-0.00035921330156550666,-0.0031164255046984835,3.5705601188491314,3.1654393830513263,1.0162467176510315
2025-08-22,0.0016023232648246957,0.0016023232648246957,0.011819180187822909,3.5762858964442947,3.1705155059270185,1.0283291824840468
2025-08-26,-0.00014929887653172737,-0.00014929887653172737,-0.009832026096342261,3.575752000833799,3.170042186857839,1.0182681642717395
2025-08-27,-0.004763533324541203,-0.004763533324541203,-0.002574038995163619,3.558759291817507,3.1549774943293625,1.015650472774697
2025-08-28,-0.007766813073874383,-0.007766813073874383,-0.0027830302114253413,3.5312261344738896,3.130568287455869,1.0128278164155284
2025-08-29,-0.011756562191238436,-0.013791044949859126,-0.006399138476284705,3.4899541385782222,3.0876908215948595,1.0063672839326459
2025-09-01,0.011629931352447226,0.011629931352447226,0.0012951153311835384,3.530779000657583,3.123810079020595,1.0076714899972052
2025-09-02,-3.672705699253424e-05,-3.672705699253424e-05,-0.022002580841032682,3.5306493279172613,3.1236953527765805,0.9857422511819367
2025-09-03,0.007195037279253204,0.007195037279253204,0.007072221715031191,3.556144089345549,3.1462515061628666,0.992738348752853
2025-09-04,0.002115376466601586,0.002115376466601586,0.007553572848273404,3.5636746350253996,3.152914056974135,1.0002654627020346
2025-09-05,0.0022479946037068676,0.0022479946037068676,0.0046829500115137535,3.571694767604218,3.1600097633267925,1.0049606409241232
2025-09-08,0.0018084557277366475,0.0018084557277366475,0.00503930793655627,3.578159863622367,3.1657296716245273,1.010037728818295
2025-09-09,-0.003438348640711469,-0.003438348640711469,-0.004057230542425572,3.5658780292332195,3.154863480892529,1.0059480748404666
2025-09-10,0.008511339251572991,0.008511339251572991,-0.0029027820041331864,3.5963579553612863,3.1818301928926074,1.0030322609052584
2025-09-11,-0.004320228270912461,-0.004320228270912461,0.007388834387203502,3.58085438165263,3.168113610857051,1.0104709479365586
2025-09-12,0.001181533774132465,0.001181533774132465,-0.003157973629239308,3.585087782505353,3.1718590563380085,1.0072849406411566
2025-09-15,0.005471865990982133,0.005471865990982133,0.000979812370401234,3.60475867157057,3.1892626155847856,1.0082723745575013
2025-09-16,0.006076911588497231,0.006076911588497231,-0.007172242053249178,3.626731166150832,3.208702489906646,1.0010666724404949
2025-09-17,0.008881705553300265,0.008881705553300265,0.005933459473226321,3.6590861957196914,3.237328174905732,1.0070241176230836
2025-09-18,-0.004568786283539368,-0.004568786283539368,0.004900102401231621,3.642406744336377,3.2225712506309394,1.0119707485211236
2025-09-19,0.0013321605489725287,0.0013321605489725287,-0.006284069176588858,3.6472622483418644,3.2268670936582833,1.0056313936664492
2025-09-22,0.004317402495413512,0.004317402495413512,0.0003241731239480572,3.6630429888658464,3.2408288953723083,1.0059574451825881
2025-09-23,0.0054197889184633,0.0054197889184633,0.004550470554374186,3.682949805307602,3.258441188248862,1.010545455802551
2025-09-24,0.00305259110773586,0.00305259110773586,-0.00022589784246562772,3.694209522045655,3.2684030738912933,1.0103172015464144
2025-09-25,-0.0030326679433592563,-0.0030326679433592563,-0.00474600017407667,3.6830231820529105,3.2585061073549624,1.0055335964064458
2025-09-26,-0.006489847862129968,-0.006489847862129968,0.004330985873183479,3.659198315430049,3.2374273713383626,1.0098979924542353
2025-09-29,0.0029633767469874036,0.0029633767469874036,0.00849642293173325,3.6700579813242014,3.247035317281349,1.0185150682379247
2025-09-30,0.0004104312458189821,-0.0012124258970381612,0.006795489936463284,3.67156459695362,3.2431009131427704,1.0254599473368577
2025-10-01,0.0009727218057317275,0.0009727218057317275,0.0015476856886706969,3.6751377454562224,3.246257082907889,1.027048265813498
2025-10-02,-0.0009085251059101367,-0.0009085251059101367,-0.0001087800758501345,3.671800306849744,3.2433091162014858,1.0269365495016056
2025-10-03,-0.00020452311719501554,-0.00020452311719501554,0.0067939764774482825,3.671049415595197,3.2426458523397215,1.0339372867564858
2025-10-06,0.0014574280766675631,0.0014574280766675631,-0.0044201589086227955,3.676403606810887,3.247375220967786,1.0293772052144938
2025-10-07,-0.0006117853020426194,-0.0006117853020426194,-0.004394244925830293,3.6741551249840607,3.245389132129307,1.0248637934347198
2025-10-08,-0.0001935999430521994,-0.0001935999430521994,0.0017709325914694318,3.673443877612046,3.2447608857943337,1.0266803661674975
2025-10-09,-0.00034822901569996263,-0.00034822901569996263,0.0004989272989615046,3.672164900567699,3.243631162617503,1.0271927328357164
2025-10-10,0.000569078712437516,0.000569078712437516,-0.011447042356413917,3.674255246170351,3.2454775693887115,1.015501457042713
2025-10-13,-0.0003116491201532546,-0.0003116491201532546,0.011968382147703238,3.673110346168469,3.2444662767521497,1.0277283888979445
2025-10-14,-0.00036166537452855915,-0.00036166537452855915,-0.00163753792900323,3.6717821495352805,3.2432930778065283,1.0260468218710685
2025-10-15,2.1499958345816785e-05,2.1499958345816785e-05,-0.00032687172260814634,3.6718610935471943,3.2433628092222135,1.0257114909870044
2025-10-16,0.0014215596285909334,0.0014215596285909334,-0.001345057918900494,3.677084574905036,3.2479767215514306,1.024332777056452
2025-10-17,-0.0003191386705245231,-0.0003191386705245231,-0.009521636538936562,3.675911262257072,3.2469403319634136,1.0146257394382583
2025-10-20,0.0004527473839949304,0.0004527473839949304,0.0039173961646312705,3.6775758982662214,3.2484107085341547,1.0186082258139644
2025-10-21,0.0007338768280382503,0.0007338768280382503,0.001818350884766673,3.6802757765691996,3.2507955168518476,1.0204620979668348
2025-10-22,-0.0008044425301658188,-0.0008044425301658188,0.014568170113179235,3.6773163966968956,3.248181490239278,1.0354371783152438
2025-10-23,-0.0007808539529619214,-0.0007808539529619214,0.0059025093735805,3.6744460704508852,3.2456461248865405,1.041566928623828
2025-10-24,0.0022115847481520125,0.0022115847481520125,0.007467092592628788,3.6825814120209683,3.252832089610287,1.0493735153011305
2025-10-27,-0.0005604652299136257,-0.0005604652299136257,-0.0007770784463136948,3.6805180314637465,3.251009501121761,1.0485583865107826
2025-10-28,0.0003200784578208599,0.0003200784578208599,-0.0012179143849539997,3.6816962745542954,3.252050245780328,1.0472821095241975
2025-10-29,-0.0007323755965901431,-0.0007323755965901431,-0.001593453071214057,3.6790008771908593,3.2496693954861793,1.0456146434976001
2025-10-30,0.0012021932364119745,0.0012021932364119745,-0.007691554176011195,3.683426406800047,3.253578475317869,1.0376030919581714
2025-10-31,-0.005397928224172287,-0.007029356795600859,-0.004738239506439257,3.663597102166912,3.2307881060138386,1.0326983091899942
2025-11-03,-0.011108760696090288,-0.011108760696090288,-0.0028048685539090457,3.623124296239814,3.1950966649629287,1.0298057846487956
2025-11-04,-0.0017778327087091075,-0.0017778327087091075,-0.005142373074667361,3.616688709751394,3.1894213639671634,1.0245237318924962
2025-11-05,0.0011875510970765723,0.0011875510970765723,0.004486313447271684,3.620986263673819,3.1932112146822735,1.0291303922225055
2025-11-06,-0.002777343046889616,-0.002777343046889616,-0.008609279162905992,3.6109434952136183,3.184354875956196,1.0203083515766918
2025-11-07,0.0008735274973847348,0.0008735274973847348,-0.006025862046570296,3.614099131715159,3.187137712767059,1.014178601268106
2025-11-10,-0.004005899067706821,-0.004005899067706821,0.008911481502922314,3.599650374825567,3.1743958990239567,1.0232568252480305
2025-11-11,0.0004508859519949241,0.0004508859519949241,0.0082324587215723,3.6012737725677844,3.1758275122637927,1.0317155149576123
2025-11-12,0.002869285248010043,0.002869285248010043,-0.0006593448609280017,3.6116216927454556,3.1849529527802254,1.03103548284736
2025-11-13,0.004378056101187051,0.004378056101187051,-0.006335767601362008,3.6274682383540187,3.1989274236747653,1.0245237318924962
2025-11-14,0.004603076609328446,0.004603076609328446,-0.008029256452767086,3.6442042415548705,3.213686273672638,1.0163305048849491
2025-11-17,-0.007083003676093927,-0.007083003676093927,-0.006054111176506893,3.618483527005016,3.1910041456087477,1.0101961148924021
2025-11-18,-0.01085353234315109,-0.01085353234315109,-0.012205353336346647,3.5794225572060885,3.156557749589628,0.9979412539591968
2025-11-19,-0.014257871534845088,-0.014257871534845088,-0.000588349457876447,3.528749712098668,3.11187127869628,0.9973542884507884
2025-11-20,0.005440337876571591,0.005440337876571591,-0.0012991140552465197,3.5479996183326326,3.1288470449632064,0.9960594527283523
2025-11-21,0.014982297408376808,0.014982297408376808,-0.0009825067631794582,3.601557008363779,3.176077287229592,0.9950812981799334
2025-11-24,-0.009509827824618905,-0.009509827824618905,0.002253617260057794,3.567469162983253,3.1460165020657698,0.9973263593728167
2025-11-25,0.008954717795557586,0.008954717795557586,0.009565751030242708,3.5995583027502907,3.1743147041334154,1.0069123103369964
2025-11-26,-0.0016423493984587109,-0.0016423493984587109,0.012325753050655308,3.593651422245598,3.1691056490037126,1.019400065210303
2025-11-27,0.006485935129315446,0.006485935129315446,0.009368602075094046,3.6170353636361297,3.1897270649535097,1.0289952955424087
2025-11-28,0.005980341919588312,0.0034078781514723685,0.003330536988819688,3.638731281688107,3.200615809346226,1.0324281158297997
2025-12-01,0.000985904124773812,0.000985904124773812,-0.006540571550690544,3.642320490885014,3.203772865696192,1.025697480960919
2025-12-02,-0.0028422722159493112,-0.0028422722159493112,-0.0017589479470441205,3.631982722887047,3.1946797996997667,1.023894918254226
2025-12-03,0.004832610934068945,0.004832610934068945,0.0008866962055140704,3.649577161602593,3.2101558088771807,1.0248032046206144
2025-12-04,-2.6553207069750792e-05,-2.6553207069750792e-05,0.003153896766015407,3.649480254911101,3.210070570076948,1.0280404303880013
2025-12-05,-0.0026755144400677777,-0.0026755144400677777,-0.00031720856729222646,3.639729068327489,3.2014934591216937,1.0277143788718606
2025-12-08,-0.0019525690512059884,-0.0019525690512059884,-0.006488518521500453,3.632629179760948,3.195248420993974,1.0210676222110937
2025-12-09,0.0005174042872937398,0.0005174042872937398,-0.000556744728836378,3.6345092039970637,3.196902083995237,1.0204993064127346
2025-12-10,-0.00716073818420109,-0.00716073818420109,-0.0035710797675498895,3.608576394998151,3.174091672333244,1.0168615212632157
2025-12-11,0.004619358839578062,0.004619358839578062,0.0009660308542454032,3.6252842643787058,3.1887878581024465,1.017844315495597
2025-12-12,0.0010890488219280053,0.0010890488219280053,0.0011205456828715654,3.6292345265597423,3.192262495444125,1.0189854958020863
2025-12-15,-0.005695612112814406,-0.005695612112814406,0.007858730053238006,3.60862256900853,3.1741322868376307,1.027024976419488
2025-12-16,-0.005107622139793247,-0.005107622139793247,-0.00037192931716312216,3.5902380789626616,3.157961351164613,1.0266430667474031
2025-12-17,-0.007416684036283677,-0.007416684036283677,0.005601124862554485,3.5637089183248576,3.134626390604775,1.0324095570939478
2025-12-18,0.00556328670665441,0.00556328670665441,0.0072285044357691675,3.583590103867052,3.1521138146075094,1.0398993716230363
2025-12-19,-0.008039196471155073,-0.008039196471155073,-0.0005779965331473846,3.554896410604913,3.12687493842407,1.0392984870627409
2025-12-22,0.0035997364081436075,0.0035997364081436075,0.001343622744975903,3.567716160658553,3.1381511474972807,1.0406958507033384
2025-12-23,-0.000331614778086289,-0.000331614778086289,0.00030879551335516453,3.5665332494019286,3.1371106627304997,1.0410172625355147
2025-12-24,-0.002276603688704689,-0.002276603688704689,-0.001571714952611103,3.5584229021765994,3.129976828561621,1.0393823652708554
2025-12-29,0.00022096293122086962,0.00022096293122086962,0.004159032872232515,3.559209268607304,3.1306685138319015,1.0437141925567086
2025-12-30,-0.010060894259943854,-0.010060894259943854,0.006711795195746717,3.523579972335346,3.0993291045444407,1.050742949863757
2025-12-31,0.0019502396917765454,0.0003359539774908302,-0.003908614509224861,3.5304585030661992,3.1003705114072595,1.0466440165180013
2026-01-02,0.0012063281065646117,0.0012063281065646117,-0.0027273509721315037,3.534719964230914,3.1041128322755305,1.0437933401066655
2026-01-05,0.000698612332159909,0.000698612332159909,0.008208421666337173,3.5371902259658445,3.106282161452402,1.0523964968384631
2026-01-06,0.00046124338506210163,0.00046124338506210163,0.008725251190250916,3.538822107877715,3.10771524402603,1.0616190968664105
2026-01-07,-0.0007448485043516186,-0.0007448485043516186,0.00389293825928938,3.5361872029478145,3.1054013288396796,1.0657599693162227
2026-01-08,0.0003231153496167264,0.0003231153496167264,0.0005024785233853635,3.5373299839273007,3.1064048938006383,1.0662956253784512
2026-01-09,-0.001015800902569635,-0.001015800902569635,0.00629232760294407,3.533738585318731,3.103251007037475,1.0730262602473328
2026-01-12,-0.0008917846948738302,-0.0008917846948738302,4.323914618353797e-06,3.5305886560707616,3.1004848088949557,1.0730308999312963
2026-01-13,9.229788916192104e-05,9.229788916192104e-05,-0.004563980074458129,3.5309145369900454,3.1007709903049623,1.0681447668731658
2026-01-14,0.0016585002760726249,0.0016585002760726249,0.001102687702053018,3.5367754185178257,3.1059178867332307,1.0693232465997486
2026-01-15,0.00014283972456611316,0.00014283972456611316,0.013958620115047893,3.537280646626922,3.106361566875517,1.0843541851041036
2026-01-16,-0.00011505941141392949,-0.00011505941141392949,0.0013479051977771661,3.53687367261126,3.1060041713032502,1.0858167772427676
2026-01-19,-1.065015504359511e-05,-1.065015504359511e-05,-0.00859918464477083,3.5368360045588623,3.1059710920534096,1.0765196693488277
2026-01-20,0.002065116158633133,0.002065116158633133,-0.00668122254770509,3.544147528717197,3.1123919107301488,1.0693511756777214
2026-01-21,0.0016854331332513874,0.0016854331332513874,0.004927333830330838,3.550125989123612,3.1176420623270498,1.074633228434021
2026-01-22,-2.4421703531018628e-05,-2.4421703531018628e-05,0.01290222073595615,3.550039290057881,3.1175659251265917,1.0885882151299533
2026-01-23,0.0018352701161796392,0.0018352701161796392,-0.0022875238159443256,3.556560553387624,3.123292754235926,1.0861008896548507
2026-01-26,-8.490293230577317e-05,-8.490293230577317e-05,0.001465601529236693,3.556258603786103,3.1230275887794634,1.0876938478154543
2026-01-27,0.00014118756009984327,0.00014118756009984327,0.00223719477787121,3.5567607387082236,3.123468552553415,1.0901299548185748
2026-01-28,0.00040993275356691357,0.00040993275356691357,-0.000572732370963891,3.5582190703201455,3.1247492270951294,1.0895057808642692
2026-01-29,-0.0029577593857910336,-0.0029577593857910336,-0.005237981874564923,3.547710263390588,3.1155206254599093,1.0838138893579103
2026-01-30,-0.00520905894001241,-0.006804297035250506,-0.0006448589808609739,3.5292780803690476,3.094393656303739,1.0831152075376111
2026-02-02,0.003475537245275,0.003475537245275,0.007399394025400241,3.5415655582110124,3.105167047524352,1.0911593278389766
2026-02-03,-0.004130390487331249,-0.004130390487331249,-0.005809493451190306,3.5269676777458883,3.0923679459296043,1.0848386226943492
2026-02-04,-0.006463840552588947,-0.006463840552588947,0.0018359303230646162,3.5042434430780838,3.07244383510605,1.0868321402370862
2026-02-05,0.0011476487776983148,0.0011476487776983148,-0.009897395845074541,3.5082673923808776,3.0759719456465917,1.076128389334621
2026-02-06,-0.007077216664743469,-0.007077216664743469,0.004512945030558768,3.4835262763138717,3.0542794774238526,1.0809958726827047
2026-02-09,-0.007258886471127865,-0.007258886471127865,0.005675872076050581,3.458331308888824,3.0321890822791615,1.0871489123852982
2026-02-10,-0.009296395279424654,-0.009296395279424654,0.005524590539002006,3.4263302716483315,3.004131274314717,1.0931715860659548
2026-02-11,0.0006169945036279044,0.0006169945036279044,-0.002252315314716924,3.4284449508992045,3.005985378726442,1.0907121896688245
2026-02-12,-0.002933345143351303,-0.002933345143351303,-0.00477297225799056,3.4184028741923034,2.9971807060000866,1.0855186548046007
2026-02-13,0.024702812616860446,0.024702812616860446,0.00523411252676631,3.503898685724247,3.07214155941556,1.0912152769691166
2026-02-16,-0.006045981424573453,-0.006045981424573453,-0.0022135770311582093,3.4827780910549153,3.053623484989611,1.0888024593600072
2026-02-17,0.0004734742463350937,0.0004734742463350937,0.007683642486055575,3.4844274872292216,3.055069639399176,1.0972006512296786
2026-02-18,-0.004851882062539955,-0.004851882062539955,0.0055289524548083335,3.4675624027907763,3.040282703059522,1.1032838227502435
2026-02-19,0.003040649532728196,0.003040649532728196,-0.004777860489143748,3.4781220908099066,3.0495412060379916,1.0980250593879544
2026-02-20,0.016629800127312345,0.016629800127312345,0.007526680414260412,3.5364461808562146,3.1006784896804613,1.1063207233394659
2026-02-23,0.007503212781820423,0.007503212781820423,-0.008664230109907578,3.56308068626724,3.1240310401754474,1.0967767114793419
2026-02-24,0.015084398431261125,0.015084398431261125,-0.0019426766401444695,3.6172350309893435,3.1715123825217666,1.0946480972565076
2026-02-25,-0.0028253944997095708,-0.0028253944997095708,0.005766093357209456,3.6070293393703237,3.162564255827033,1.1009781727432566
2026-02-26,0.0011580742572025317,0.0011580742572025317,0.003467347931358944,3.6112089668856173,3.1662288616117054,1.1048022730448541
2026-02-27,-0.010418044914448503,-0.012579374963709587,0.0016091948227412445,3.573782523365965,3.126649147498312,1.1065815463575386
2026-03-02,0.006114040226726591,0.006114040226726591,-0.01414156509374287,3.5956997064702745,3.1458241648421517,1.0910428808689272
2026-03-03,-0.004472770731920385,-0.004472770731920385,-0.031634693646850565,3.579652879703247,3.1317850348998166,1.057068294692346
2026-03-04,0.00029162294448103804,-0.001306530901672809,0.008883410445010398,3.5806969408449385,3.1276959328251164,1.0665004992663827
